timestamp,symbol,timeframe,index,f_body_size_pct,f_upper_wick_pct,f_lower_wick_pct,f_range_pct,f_close_position_in_range,f_bullish_candle,f_bearish_candle,f_ema20_distance_pct,f_ema20_slope,f_ema50_distance_pct,f_ema50_slope,f_ema100_distance_pct,f_ema100_slope,f_ema200_distance_pct,f_ema200_slope,f_ema20_vs_50,f_ema50_vs_100,f_ema100_vs_200,f_ema_alignment,f_rsi,f_rsi_distance_from_50,f_macd,f_macd_signal,f_macd_histogram,f_macd_histogram_slope,f_adx,f_atr,f_atr_pct,f_bb_position,f_bb_width,f_atr_percentile,f_structure_bias,f_last_bos_direction,f_last_bos_age,f_last_choch_direction,f_last_choch_age,f_bullish_fvg_present,f_bearish_fvg_present,f_nearest_bullish_fvg_distance_pct,f_nearest_bearish_fvg_distance_pct,f_bullish_ob_present,f_bearish_ob_present,f_nearest_bullish_ob_distance_pct,f_nearest_bearish_ob_distance_pct,f_demand_present,f_supply_present,f_buy_side_liquidity_distance_pct,f_sell_side_liquidity_distance_pct,f_liquidity_sweep_direction,f_liquidity_sweep_age,f_premium_discount_state,f_distance_from_equilibrium_pct,f_htf_1d_bias,f_htf_4h_bias,f_htf_1h_bias,f_htf_30m_bias,f_entry_15m_bias,f_mtf_alignment_score,f_higher_timeframe_bias,f_setup_bias,f_entry_bias,f_market_state_code,f_strategy_score,f_strategy_direction,f_strategy_state_code,f_cond_htf_alignment,f_cond_structure_confirmation,f_cond_liquidity_confirmation,f_cond_ob_confirmation,f_cond_fvg_confirmation,f_cond_entry_confirmation,f_rr_candidate,f_volatility_filter_state,f_hour_utc,f_day_of_week,f_day_of_month,f_month,y_return_5,y_return_10,y_return_20,y_return_40,y_direction,y_mfe_5,y_mae_5,y_mfe_10,y_mae_10,y_mfe_20,y_mae_20,y_mfe_40,y_mae_40,y_strategy_outcome,y_future_R,y_multiclass_outcome
2026-07-31T16:00:00+00:00,PAXGUSD,15m,80,0.007405396065270714,0.019747722840703197,0.10367554491372265,0.13082866381969657,0.7924528301886857,0,1,0.006981069080202295,-0.27658407420949516,-0.22587068435174756,-1.3132318158350245,,,,,-0.002328517534319499,,,,48.30992390856364,-1.6900760914363602,-3.2789267749385544,-4.729500862395856,1.4505740874573014,0.2095823419687486,18.104200924748273,8.188373332782836,0.20212715886506966,0.5510043847504614,0.007935498606592602,0.8823529411764706,1,-1,14,1,5,1,1,0.1876033669867421,-0.5924316852213092,0,1,,-0.2406753721211523,0,1,,,,,1,0.019007183234182858,-1,1,1,1,-1,80,-1,-1,0,3,55,0,0,1,1,0,0,1,1,1.5148,0,16,4,31,7,0.0012095480239935057,0.0009133321813829016,-0.00022216188195800916,9.87386142035721e-05,NEUTRAL,0.00209819555182543,0.0009873861420354965,0.00209819555182543,0.0009873861420354965,0.0024190960479870114,0.0009873861420354965,0.0024190960479870114,0.0009873861420354965,NO_SETUP,,NO_SETUP
2026-07-31T16:45:00+00:00,PAXGUSD,15m,83,0.0321035215093639,0.046920531436758305,0.014817009927394405,0.09384106287351661,0.5,1,0,-0.03164542134224025,-0.13574021865906616,-0.24037140751326916,-1.116647517931142,,,,,-0.0020872598617102892,,,,47.02319860554493,-2.976801394455073,-2.454112882602203,-3.6758932345054154,1.2217803519032122,-0.22879373555408922,15.036455781752865,7.75559628721721,0.19152457863429667,0.5461586792069903,0.006844846068440768,0.8169014084507042,1,-1,17,1,8,1,1,0.14570059761940263,-0.6346619252234966,0,1,,-0.2827579394478149,0,1,,,,,-1,-0.022966365387460767,-1,1,1,1,-1,80,-1,-1,0,3,55,0,0,1,1,0,0,1,1,2.546,0,16,4,31,7,0.0006420704301871657,0.0011853607941916648,0.00027164518200224947,0.0008890205956437766,NEUTRAL,0.0025188916876573856,0.0005679853805502499,0.0025188916876573856,0.0005679853805502499,0.002839926902751025,0.0005679853805502499,0.002839926902751025,0.0005679853805502499,NO_SETUP,,NO_SETUP
2026-07-31T17:30:00+00:00,PAXGUSD,15m,86,0.0,0.03944092488969764,0.09367219661300386,0.1331131215027015,0.7037037037036413,0,0,0.12212972403226106,1.064113793350316,-0.047557840983104976,-0.5043208406809754,,,,,-0.0016968756501536603,,,,54.20540590269103,4.205405902691027,-0.926289692865339,-2.5845419988472855,1.6582523059819465,0.4364719540787343,14.705193835574486,7.5446957153849095,0.18598111064128256,0.8304502541498722,0.00645069127918792,0.7837837837837838,1,1,1,1,11,1,1,0.09860231222422167,-0.45357063623143307,1,1,0.12941553479429094,-0.10229989893263222,1,1,,,,,1,0.1878374047871396,-1,1,1,1,-1,60,-1,-1,0,3,55,0,0,1,1,0,0,1,1,1.1172,0,17,4,31,7,-0.00039440924889686424,-0.0011339265905785268,-0.0006409150294574184,-0.0014543841053071798,NEUTRAL,0.0006902161855695965,0.0014543841053071798,0.0010353242783543947,0.001577636995587457,0.0010353242783543947,0.0023418049153252646,0.0010353242783543947,0.0023418049153252646,NO_SETUP,,NO_SETUP
2026-07-31T18:15:00+00:00,PAXGUSD,15m,89,0.07644694335527877,0.019728243446528616,0.005178663904713481,0.10135385070652086,0.8053527980534898,1,0,0.06131679100397119,0.8679793228147901,-0.07734505082122264,-0.39285977931012894,,,,,-0.0013866184182519383,,,,51.938653132253535,1.9386531322535347,-0.13193292337064122,-1.446854543603779,1.3149216202331377,-0.34333068574880876,14.093111796255997,7.176150323141643,0.17696605072973895,0.7045963633036937,0.00680744405167124,0.7532467532467533,1,1,4,1,14,1,1,0.28605952997459766,-0.4932060861631145,1,1,0.0900101107247686,-0.1417967497718922,1,1,,,,,1,0.10160045374959657,-1,1,1,1,-1,45,-1,-1,1,3,57,0,0,1,1,0,0,1,1,1.5285,0,18,4,31,7,0.0009370915637099411,-0.0018002022144952595,-0.0004932060861631033,-0.001233015215407758,DOWN,0.0010603930852507168,0.0010110724766343392,0.0014302976498730443,0.0019481640403442803,0.0014302976498730443,0.0019481640403442803,0.0014302976498730443,0.0019481640403442803,NO_SETUP,,NO_SETUP
2026-07-31T19:00:00+00:00,PAXGUSD,15m,92,0.08391539353851694,0.05183009600908037,0.017276698669689713,0.15302218821728703,0.11290322580642559,0,1,-0.02989486926197993,0.297707609889585,-0.14901192880186714,-0.4989028365862396,,,,,-0.0011911705953988722,,,,47.94682612436937,-2.053173875630627,0.0006492693828477059,-0.7122086397690812,0.7128579091519289,-0.6020637110812088,12.241208986259045,6.614395867325876,0.1632498918312283,0.461028905831753,0.0032928180106117657,0.7125,1,1,7,1,17,1,1,0.20238418441641334,-0.5775353555297912,1,1,0.006170249524890787,-0.22583113261100501,1,1,0.1949798849865511,,,,-1,-0.08514944344349959,-1,1,1,1,-1,45,-1,-1,1,3,50,0,0,1,1,0,0,1,0,1.5013,0,19,4,31,7,0.00017276698669700937,0.00044425796579218157,0.00032085297529436583,0.00012340499049781574,NEUTRAL,0.002270651825159877,0.00034553397339379425,0.002270651825159877,0.0011106449144803415,0.002270651825159877,0.0011106449144803415,0.002270651825159877,0.0011106449144803415,NO_SETUP,,NO_SETUP
2026-07-31T19:45:00+00:00,PAXGUSD,15m,95,0.11345138854634018,0.041927687071481104,0.0,0.1553790756178213,0.0,0,1,0.02247832735813381,0.7773433210495568,-0.07226896162294627,-0.2072990013011804,,,,,-0.0009474728898108008,,,,50.82711357006087,0.8271135700608667,0.4938837035592769,-0.1756882602632397,0.6695719638225166,-0.04328594532941232,12.249490031003486,6.391591734881554,0.1576380342051387,0.6222990526267766,0.0033187231717871613,0.6626506024096386,1,1,10,1,20,1,1,0.2737631332313893,-0.5055985793913199,1,1,0.07768953780891065,-0.15414590835100872,1,1,0.12331672668080698,,-1,0,-1,-0.013564839934893255,-1,1,1,1,-1,60,-1,-1,0,3,55,0,0,1,1,0,0,1,1,1.4964,0,19,4,31,7,-0.0010851871947911238,-0.0002712967986977529,-0.0006412469787401739,-0.000715237014748703,NEUTRAL,0.0005425935973956181,0.001825087554875966,0.0005425935973956181,0.001825087554875966,0.0005425935973956181,0.001825087554875966,0.0005425935973956181,0.001825087554875966,NO_SETUP,,NO_SETUP
2026-07-31T20:30:00+00:00,PAXGUSD,15m,98,0.06411362907800566,0.03698863216038271,0.012329544053460902,0.11343180529184928,0.6739130434782866,1,0,0.041743476143838526,-0.08141692699791747,-0.04322459939953436,-0.47733013851438955,,,,,-0.0008496807554337288,,,,51.93032403393614,1.930324033936138,0.24859027086858987,0.0170243176418388,0.23156595322675105,-0.43800601059576555,11.19370171258166,5.974280991812967,0.14732032135262413,0.6529718472364267,0.0027173519755979087,0.5348837209302325,1,1,13,1,23,1,1,0.29097723966168176,-0.4882499445170562,1,1,0.09493748921165791,-0.13685793899340928,1,1,0.10603407885975703,,-1,3,-1,-0.0073977264320810275,-1,1,1,1,-1,60,-1,-1,0,3,55,0,0,1,1,0,0,1,1,1.5018,0,20,4,31,7,-0.0011836362291322915,-0.0001972727048554193,-0.0010849998767045819,-0.0009370453480630734,NEUTRAL,0.00019727270485530717,0.001997386136660756,0.00019727270485530717,0.001997386136660756,0.00019727270485530717,0.001997386136660756,0.00019727270485530717,0.001997386136660756,NO_SETUP,,NO_SETUP
2026-07-31T21:15:00+00:00,PAXGUSD,15m,101,0.03629988146978108,0.013087712366647209,0.0,0.049387593836428295,0.0,0,1,-0.0710987921917336,-1.1279601233427456,-0.16217548391590197,-0.8854287827912231,-0.42841911265892885,,,,-0.000910766917241684,-0.0026624362874302686,,,45.91709047283115,-4.082909527168852,-0.6723414571574722,-0.23430071531622274,-0.4380407418412494,-0.6696066950680004,9.511529239899602,5.633525998182594,0.1391131469326006,0.21538689873921393,0.003107691111794684,0.38202247191011235,-1,-1,1,-1,2,1,1,0.15063216120110404,-0.039510075069140387,1,1,-0.04568352429869392,-0.12099960489925156,1,1,0.24693796918214148,,-1,6,-1,-0.0592651126037162,-1,1,1,-1,-1,80,-1,-1,-1,4,55,0,0,1,1,0,0,1,1,1.3564,0,21,4,31,7,0.0011112208613196365,0.0008395890952193034,0.0007408139075464244,0.000592651126037162,NEUTRAL,0.0012840774397472028,-9.877518767287904e-05,0.0012840774397472028,-9.877518767287904e-05,0.0012840774397472028,-9.877518767287904e-05,0.0012840774397472028,0.0,NO_SETUP,,NO_SETUP
2026-07-31T22:00:00+00:00,PAXGUSD,15m,104,0.061684226109699224,0.007402107133157175,0.0,0.0690863332428564,0.8928571428572298,1,0,0.01163788449881337,-0.05088850944866863,-0.06980736370729358,-0.4382357529652836,-0.325591559813337,-0.8533600585610657,,,-0.0008144524820610695,-0.0025578419610604343,,,50.175788218718765,0.1757882187187647,-0.508944118603722,-0.3870052095144926,-0.12193890908922944,0.31610183275202,9.801689905039941,5.263395268953015,0.12986738554992758,0.4383441588974988,0.0027808029934152452,0.21739130434782608,-1,-1,4,-1,5,1,1,0.2319326901724713,-0.5477559278541358,1,1,0.035776851143632285,-0.039477904710205264,1,1,0.16531372597398944,,-1,9,1,0.04811369636557213,-1,1,1,-1,-1,60,-1,-1,-1,4,60,0,0,1,1,0,0,1,1,1.0123,0,22,4,31,7,4.93473808877145e-05,-0.00046880011843373657,2.467369044385725e-05,-0.00017271583310722515,NEUTRAL,0.00046880011843373657,4.9347380887826704e-05,0.00046880011843373657,0.0006168422610969923,0.00046880011843373657,0.0006415159515408495,0.00046880011843373657,0.0008142317846480747,NO_SETUP,,NO_SETUP
2026-07-31T22:45:00+00:00,PAXGUSD,15m,107,0.0,0.004933277422862604,0.004933277422851387,0.009866554845713993,0.49999999999943157,0,0,0.03169314329179713,0.38680009865947795,-0.035106375781379956,-0.20597506314015845,-0.27838177588631796,-0.7100247514676994,,,-0.0006679951907317709,-0.0024327540010493803,,,51.678699677691895,1.6786996776918954,-0.07247208842090913,-0.29203391959674324,0.2195618311758341,0.34150074026506355,10.869392887270546,4.3971863724088225,0.10846270127546985,0.6020160532616928,0.0023701077800780384,0.07368421052631578,-1,-1,7,-1,8,1,1,0.007399916134277082,-0.5179941293998781,1,1,0.06536592585284258,-0.009866554845713993,1,1,0.13566512912853657,,-1,12,1,0.07769911940998227,-1,1,1,-1,-1,60,-1,-1,-1,4,57,0,0,1,1,0,0,1,1,1.0038,0,22,4,31,7,-0.00027133025825705064,-0.0006413260649712413,-0.0007646580005426381,-0.00022199748402853677,NEUTRAL,9.866554845713992e-05,0.00039466219382844754,9.866554845713992e-05,0.0009373227103425489,9.866554845713992e-05,0.0009373227103425489,9.866554845713992e-05,0.0011099874201425718,NO_SETUP,,NO_SETUP
2026-07-31T23:30:00+00:00,PAXGUSD,15m,110,0.004934494584398926,0.004934494584387706,0.002467247292193853,0.012336236460980485,0.1999999999998181,0,1,0.002512631062048585,0.18303227261685606,-0.05427632586214388,-0.2233738170343713,-0.2861270250140211,-0.6888611253639283,,,-0.0005678895692419247,-0.002318506991518772,,,50.0040459877987,0.004045987798697581,0.050002499640868336,-0.12258565507359692,0.17258815471446526,-0.04697367646136885,11.381793253881455,3.6799994388419095,0.09079468650765858,0.504279840087566,0.0023059475037966247,0.01020408163265306,-1,-1,10,-1,11,1,1,0.23685574005082305,-0.016037107399276874,1,1,0.040709580321237844,-0.0345414620907476,1,1,0.1603710739927463,,-1,15,1,0.051812193136115785,-1,1,1,-1,-1,60,-1,-1,-1,4,57,0,0,1,1,0,0,1,1,1.4818,0,23,4,31,7,-0.00027139720214154823,-0.00039475956675135305,-0.0005921393501270857,0.00014803483753174338,NEUTRAL,4.934494584398926e-05,0.0006661567688929013,4.934494584398926e-05,0.0006908292418148398,7.401741876592778e-05,0.0008635365522686339,0.00019737978337573263,0.0008635365522686339,NO_SETUP,,NO_SETUP
2026-08-01T00:15:00+00:00,PAXGUSD,15m,113,0.027147757841997803,0.0024679779856341235,0.0,0.02961573582763193,0.0,0,1,-0.024528634433730295,-0.10428481180360905,-0.07642427363403898,-0.3032386201407462,-0.29847797693531786,-0.7029853034009648,,,-0.0005189563920030868,-0.0022205370330127885,,,47.663076794957625,-2.3369232050423747,-0.0702634675481022,-0.06790910026520071,-0.00235436728290149,-0.17494252199736676,10.438821842196957,3.121194885982411,0.07703040267485405,0.38915114546306523,0.0022370125887154015,0.01,-1,-1,13,-1,14,1,1,0.20731015079345716,-0.045657592734270565,1,1,0.011105900935370389,-0.06416742762654332,1,1,0.19003430489399586,,-1,18,1,0.022211801870729558,-1,1,1,-1,-1,80,-1,-1,-1,4,55,0,0,1,1,0,0,1,1,1.4742,0,0,5,1,8,-0.0002467977985636368,0.00027147757841997804,7.40393395690237e-05,0.0,NEUTRAL,0.00014807867913815964,0.0003948764777017964,0.0003701966978454552,0.0003948764777017964,0.0003701966978454552,0.0005676349366964096,0.0004935955971272736,0.0005676349366964096,NO_SETUP,,NO_SETUP
2026-08-01T01:00:00+00:00,PAXGUSD,15m,116,0.022215091452117496,0.007405030484046649,0.024683434946807196,0.054303556882971345,0.4545454545454921,0,1,-0.03004975307648805,-0.3764700922324664,-0.08130928789650968,-0.4025519628262373,-0.2952790901484173,-0.7313873682592202,,,-0.0005125953482002164,-0.0021396980225190762,,,46.70444404587854,-3.295555954121461,-0.3279052334005428,-0.16800412164458062,-0.15990111175596217,-0.15754674447306066,9.104086685820732,2.86791733400268,0.07079005094667588,0.3545737561806576,0.0017647560355234398,0.01,-1,-1,16,-1,17,1,1,0.19253079258510064,-0.023449263199462347,1,1,-0.0037025152420120996,-0.07898699182977853,1,1,0.204872510058493,,-1,21,1,0.007405030484046649,-1,1,1,-1,-1,80,-1,-1,-1,4,55,0,0,1,1,0,0,1,1,1.3629,0,1,5,1,8,0.0003208846543084262,-0.00012341717473403598,0.00017278404462760548,7.405030484035424e-05,NEUTRAL,0.0005183521338829286,0.00024683434946807197,0.0005183521338829286,0.00024683434946807197,0.0005183521338829286,0.0004196183940957897,0.0006417693086169647,0.0004196183940957897,NO_SETUP,,NO_SETUP
2026-08-01T01:45:00+00:00,PAXGUSD,15m,119,0.012342022116903635,0.0074052132701466706,0.0,0.019747235387050303,0.6249999999998579,1,0,-0.02402379157136683,-0.34415380224891123,-0.07429379671798682,-0.3842928879125793,-0.28041148748962796,-0.7026115980033865,,,-0.0005027000514661998,-0.002061176907716412,,,46.660605103994136,-3.3393948960058637,-0.4770095621975088,-0.3001300891484799,-0.1768794730490289,-0.016978361293066735,8.7837268781692,2.4575854164737265,0.06066314712859713,0.31158045589057226,0.0013686570749067142,0.01,-1,-1,19,-1,20,1,1,0.19006714060031146,-0.02591824644550212,1,1,-0.006171011058451818,-0.08145734597156848,1,1,0.20734597156398332,,-1,24,1,0.03332345971563757,-1,1,1,-1,-1,80,-1,-1,-1,4,55,0,0,1,1,0,0,1,1,1.3431,0,1,5,1,8,0.0004443127962085757,-0.0002715244865718575,2.468404423389707e-05,0.0002468404423380727,NEUTRAL,0.0005430489731438272,0.000172788309636606,0.0005430489731438272,0.0003949447077408938,0.0005430489731438272,0.0003949447077408938,0.0006664691943128636,0.0003949447077408938,NO_SETUP,,NO_SETUP
2026-08-01T02:30:00+00:00,PAXGUSD,15m,122,0.0039477320279463525,0.005921598041919529,0.0,0.00986933006986588,0.4,1,0,0.017950718197387826,0.059212727608155546,-0.02571035556109804,-0.20775986588978412,-0.22221253283855497,-0.5938451102460931,,,-0.0004366107375848587,-0.001965021772774569,,,51.8032716702837,1.8032716702836993,-0.2654881829334954,-0.32709681227389503,0.06160862934039962,0.23848810238942852,8.368818266053088,2.2379428425629593,0.05521749147691956,0.615150467456892,0.0011293513272862853,0.01,1,-1,22,1,1,1,1,0.01998539339149524,-0.019491926888001946,1,1,0.03725672101378297,-0.037996920769017305,1,1,0.16383087915991948,,-1,27,1,0.07673404129328015,-1,1,1,-1,-1,80,-1,-1,-1,4,55,0,0,1,1,0,0,1,1,1.3406,0,2,5,1,8,-0.000483597173423877,-0.00018751727132767615,-0.00023686392167700555,-0.00021219059650234083,NEUTRAL,3.454265524453058e-05,0.0006069637992973127,3.454265524453058e-05,0.0008290237258695194,3.454265524453058e-05,0.0008290237258695194,0.0002319292566420726,0.0008290237258695194,NO_SETUP,,NO_SETUP
2026-08-01T03:15:00+00:00,PAXGUSD,15m,125,0.024680388962930053,0.004936077792581522,0.009872155585174267,0.03948862234068584,0.25000000000007105,0,1,-0.012765990480528872,0.08478783054306405,-0.05038867212911033,-0.16038220942164116,-0.2374316559567039,-0.5459292348796225,,,-0.00037622681648581457,-0.001870429838275936,,,47.73031430448546,-2.2696856955145392,-0.13665851835457943,-0.23303524244066368,0.09637672408608425,0.034768094745684625,7.477637672598939,1.9823835368479494,0.04892599676311638,0.33872465877821967,0.0010373876145017603,0.01,1,-1,25,1,4,1,1,0.20484722839232394,-0.04812675847770912,1,1,0.008638136137034498,-0.06663705019990665,1,1,0.1925070339108477,,-1,30,1,0.03702058344439508,-1,1,1,-1,-1,80,-1,-1,-1,4,55,0,0,1,1,0,0,1,1,1.4079,0,3,5,1,8,-0.0002714842785923204,-2.468038896301984e-05,0.0001974431117033731,0.00034552544548093096,NEUTRAL,0.0,0.0005429685571845286,0.00024680388962930054,0.0005429685571845286,0.00024680388962930054,0.0005429685571845286,0.0005182881682215087,0.0005429685571845286,NO_SETUP,,NO_SETUP
2026-08-01T04:00:00+00:00,PAXGUSD,15m,128,0.002468465355086496,0.0,0.007405396065270714,0.00987386142035721,1.0,1,0,-0.02146409184089175,-0.347720577723976,-0.05966174770220149,-0.3246911561636807,-0.2397270579758785,-0.6086729903931882,,,-0.0003819765586130974,-0.0018006531027367702,,,45.71969707161606,-4.280302928383939,-0.3482568299232298,-0.2695531798682931,-0.07870365005493674,-0.17508037414102098,8.975168787177012,1.7157422122649513,0.042352502092393454,0.2422671641795071,0.0008503056463310947,0.01,1,-1,28,1,7,1,1,0.1876033669867421,-0.002468465355086496,1,1,-0.00863962874280835,-0.08392782207301945,1,1,0.20981955518254303,,-1,33,-1,-0.020981955518252056,-1,1,1,-1,-1,80,-1,-1,0,3,55,0,0,1,1,0,0,1,1,1.0864,0,4,5,1,8,0.0002715311890597391,9.87386142035721e-05,0.0006171163387721853,0.00022216188195800916,NEUTRAL,0.0004196391103651534,0.00037026980326331123,0.0004196391103651534,0.00037026980326331123,0.0006171163387721853,0.00037026980326331123,0.0006911702994248925,0.00037026980326331123,NO_SETUP,,NO_SETUP
2026-08-01T04:45:00+00:00,PAXGUSD,15m,131,0.03948569877347324,0.004935712346691169,0.0,0.04442141112016441,0.8888888888887485,1,0,0.009209708846507247,-0.24271843673568583,-0.027925239033046192,-0.28539845030582,-0.20085927107640922,-0.572564322373637,,,-0.00037134947879553435,-0.0017293403204336302,,,50.75799710227068,0.7579971022706786,-0.39235711514220384,-0.3524208785516332,-0.03993623659057066,0.038767413464366074,10.642696530007342,1.6666857289891384,0.041131406653072196,0.6249713014799712,0.0008433021256290839,0.02,-1,-1,31,-1,2,1,1,0.21223563090742845,-0.0012339280866755977,1,1,0.016041065126726657,-0.059228548160215465,1,1,0.18508921300066633,,-1,36,1,0.014807137040051061,-1,1,1,-1,-1,80,-1,-1,-1,4,60,0,0,1,1,0,0,1,1,1.163,0,4,5,1,8,-2.467856173339973e-05,-2.467856173339973e-05,0.00022210705560082205,2.467856173339973e-05,NEUTRAL,0.00017274993213402257,0.00017274993213391035,0.00017274993213402257,0.00032082130253442096,0.0004442141112016441,0.00032082130253442096,0.0004442141112016441,0.00032082130253442096,NO_SETUP,,NO_SETUP
2026-08-01T05:30:00+00:00,PAXGUSD,15m,134,0.012340499049781574,0.0,0.0,0.012340499049781574,0.0,0,1,-0.0025155723603037528,0.07511005749165633,-0.0344370987126679,-0.13627068231699013,-0.19895220271345396,-0.47807212594625526,,,-0.0003192152635236415,-0.0016451510400078604,,,48.87173298175941,-1.1282670182405923,-0.2183303465994868,-0.3012007887122598,0.082870442112773,0.12280667870334366,8.810713681463447,1.529339849340064,0.03774563391514831,0.5052956017217467,0.0007923154916129159,0.01,-1,-1,34,-1,5,1,1,0.013574548954752998,-0.050596046104108935,1,1,0.006170249524890787,-0.06910679467878131,1,1,0.1949798849865511,,-1,39,1,0.012340499049781574,-1,1,1,-1,-1,80,-1,-1,-1,4,60,0,0,1,1,0,0,1,1,1.1812,0,5,5,1,8,-9.87239923981628e-05,0.00012340499049781574,2.4680998099652936e-05,-2.46809980995407e-05,NEUTRAL,7.404299429873434e-05,0.00022212898289597854,0.00012340499049781574,0.00022212898289597854,0.0005429819581904566,0.00022212898289597854,0.0005429819581904566,0.00022212898289597854,NO_SETUP,,NO_SETUP
2026-08-01T06:15:00+00:00,PAXGUSD,15m,137,0.009873373978713898,0.004936686989368174,0.0024683434946896994,0.017278404462771773,0.1428571428576069,0,1,-0.011434427091667254,-0.03868050055734784,-0.040310681621724645,-0.16218128399987108,-0.19720584520204584,-0.47154599067016534,,,-0.00028876254530057387,-0.001568951635803212,,,46.86473906197666,-3.135260938023343,-0.18570257351711916,-0.2431689525722005,0.05746637905508134,-0.02540406305769166,7.95300463033102,1.3327841286443836,0.032897690337530754,0.37741054398474366,0.0007912302840884801,0.01,-1,-1,37,-1,8,1,1,0.0037025152420233245,-0.060474415619673136,1,1,-0.0037025152420120996,-0.07898699182977853,1,1,0.204872510058493,,-1,42,1,0.0024683434946896994,-1,1,1,-1,-1,80,-1,-1,-1,4,55,0,0,1,1,0,0,1,1,1.1793,0,6,5,1,8,0.00017278404462760548,0.00046898526398924696,0.00012341717473403598,-0.00012341717473403598,NEUTRAL,0.00017278404462760548,0.00012341717473403598,0.0004936686989361439,0.00012341717473403598,0.0006417693086169647,0.00012341717473403598,0.0006417693086169647,0.00039493495914900495,NO_SETUP,,NO_SETUP
2026-08-01T07:00:00+00:00,PAXGUSD,15m,140,0.012340194481465026,0.004936077792581522,0.0049360777925927446,0.022212350066639294,0.7777777777780024,1,0,0.002312448356626812,-0.05693872727852067,-0.024069805324343323,-0.1578462724091878,-0.1736962582102807,-0.45157541650632993,,,-0.00026382253680970133,-0.0014962645288593738,,,49.9277418493425,-0.07225815065749686,-0.16854283328484598,-0.21396343883572766,0.045420605550881676,-0.012045773504199664,8.449994545370823,1.2204543478978374,0.030121288017617785,0.518327599091538,0.0007675866077743534,0.01,-1,-1,40,-1,11,1,1,0.20484722839232394,-0.04812675847770912,1,1,0.008638136137034498,-0.06663705019990665,1,1,0.1925070339108477,-0.024680388962930053,-1,45,0,0.0,-1,1,1,-1,-1,80,-1,-1,-1,4,55,0,0,1,1,0,0,1,1,1.1502,0,7,5,1,8,0.0001974431117033731,0.00046892739029558123,0.00017276272274046548,-0.0009131743916284793,NEUTRAL,0.00024680388962930054,7.404116688883506e-05,0.0005182881682215087,7.404116688883506e-05,0.0005182881682215087,0.00017276272274057772,0.0005182881682215087,0.0010859371143689448,NO_SETUP,,NO_SETUP
2026-08-01T07:45:00+00:00,PAXGUSD,15m,143,0.0,0.0,0.007403751233963029,0.007403751233963029,1.0,0,0,0.005368230955307518,0.07617506420456266,-0.01696898479171246,-0.08767710837173581,-0.15892419009353004,-0.3982168075744994,,,-0.00022337215747019978,-0.0014195520530181755,,,51.12085867241916,1.1208586724191605,-0.06340860606724164,-0.15303565390862484,0.0896270478413832,0.044206442290501524,8.114687410122647,1.0241757297126532,0.025275807742168144,0.6506344633026581,0.0006308240099278462,0.01,-1,-1,43,-1,14,1,1,0.007403751233963029,-0.04318854886475815,1,1,0.013573543928928478,-0.06169792694965449,1,1,0.1875616979269474,-0.029615004935829664,-1,48,1,0.004935834155967871,-1,1,1,-1,-1,80,-1,-1,-1,4,60,0,0,1,1,0,0,1,1,1.1483,0,7,5,1,8,0.0003948667324777663,-2.4679170779839352e-05,0.00024679170779861795,-0.0011599210266534596,NEUTRAL,0.0003948667324777663,0.00012339585389930897,0.0004689042448173966,0.00012339585389930897,0.0004689042448173966,0.00022211253701877863,0.0004689042448173966,0.0013326752221125594,NO_SETUP,,NO_SETUP
2026-08-01T08:30:00+00:00,PAXGUSD,15m,146,0.0,0.00740302043232966,0.0,0.00740302043232966,0.0,0,0,0.01124555283694205,0.16180593514491193,-0.00630132524451229,-0.032228359551481844,-0.14036013911259013,-0.35165390519114226,,,-0.00017546878081454341,-0.0013405881386807786,,,53.622998524517,3.6229985245170013,0.07049776255053075,-0.06135072265068482,0.13184848520121556,0.04222143735983236,7.565165352456128,0.9508797661000784,0.023464607790447102,0.7907469893636657,0.0005984627793019096,0.01,-1,-1,46,-1,17,1,1,0.00246767347744322,-0.03331359194551153,1,1,0.023442898035738645,-0.05182114302635251,1,1,0.17767249037606894,-0.03948277563912519,-1,51,1,0.006169183693613661,-1,1,1,-1,-1,80,-1,-1,-1,4,60,0,0,1,1,0,0,1,1,1.1085,0,8,5,1,8,0.0001480604086467054,-0.00019741387819568204,-4.935346954897662e-05,-0.0018754318428585305,NEUTRAL,0.00037015102161681965,0.0,0.00037015102161681965,0.00032079755206795526,0.00037015102161681965,0.00032079755206795526,0.00037015102161681965,0.0023689665383476236,NO_SETUP,,NO_SETUP
2026-08-01T09:15:00+00:00,PAXGUSD,15m,149,0.004934129372867669,0.007401194059312722,0.009868258745746556,0.022203582177926947,0.4444444444445006,0,1,0.026558167654450356,0.3792060154587489,0.01628595430419725,0.0845102240250526,-0.10892132811563095,-0.27293716355961806,,,-0.00010272213350253106,-0.001252072824198282,,,59.548218311797704,9.548218311797704,0.3175989129344998,0.09383731342173737,0.22376159951276245,0.09191311431154689,10.118247229135056,0.9341045357586938,0.023044963136100403,0.9716511468515089,0.000682825919463119,0.01,1,1,1,1,2,1,1,0.01603592046183675,-0.00863472640252403,1,1,0.04810776138551026,-0.02713771155079462,1,1,0.15295801055903235,-0.06414368184733579,-1,54,1,0.030838308580450977,-1,1,1,-1,-1,40,-1,-1,0,3,60,0,0,1,1,0,0,1,1,1.1083,0,9,5,1,8,-0.0003947303498297501,-0.00029604776237239673,-0.0003453890561010734,-0.00029604776237239673,NEUTRAL,9.868258745746557e-05,0.0005674248778803429,9.868258745746557e-05,0.0005674248778803429,9.868258745746557e-05,0.0005674248778803429,9.868258745746557e-05,0.0027384418019440245,NO_SETUP,,NO_SETUP
2026-08-01T10:00:00+00:00,PAXGUSD,15m,152,0.027145747988755832,0.0,0.017274566901925328,0.044420314890681156,0.3888888888887485,0,1,-0.006844131770457694,0.15384667530770457,-0.013899915789721873,0.023387259397168236,-0.13158480697282232,-0.28293756568655226,,,-7.05578401926418e-05,-0.0011768489118310045,,,48.566788594099634,-1.4332114059003658,0.3016922346014326,0.2177349059170921,0.08395732868434047,-0.13980427082842198,11.916317812575157,0.9721675164219693,0.02399110400330609,0.4685828946329542,0.0007069290409045898,0.07,1,1,4,1,5,1,1,0.2146981886382661,-0.03825082671142051,1,1,0.018508464537781946,-0.056759291249202454,1,1,0.18261685010611745,-0.034549133803850655,-1,57,-1,-0.012338976358521297,-1,1,1,-1,-1,40,-1,0,0,0,51,0,0,1,1,0,0,1,1,1.1471,0,10,5,1,8,-9.87118108680806e-05,-2.467795271702015e-05,0.0,0.0003701692907556389,NEUTRAL,0.0,0.0002714574798874461,0.00014806771630234534,0.0002714574798874461,0.0003208133853215986,0.0002714574798874461,0.0007896944869454303,0.0024431173189871274,NO_SETUP,,NO_SETUP
2026-08-01T10:45:00+00:00,PAXGUSD,15m,155,0.0049363214532597705,0.0024681607266242734,0.004936321453248547,0.012340803633132589,0.3999999999996362,0,1,-0.017040358375572565,-0.1869307476576978,-0.025917944617153778,-0.11316094352241635,-0.13812322489206447,-0.3358789684257317,,,-8.877586241581216e-05,-0.0011220528027491067,,,44.16409743741139,-5.835902562588608,0.06015246606693836,0.1733135443602194,-0.11316107829328104,-0.1971184069776215,12.889655930773884,0.891782811071078,0.02201063310966231,0.2661824934912987,0.0007124064417375412,0.01,1,1,7,1,8,1,1,0.1999210188567457,-0.024681607266265178,1,1,0.0037022410899420215,-0.07157666107217127,1,1,0.19745285813012142,-0.019745285813005407,-1,60,-1,-0.027149767992889453,-1,1,1,-1,-1,40,-1,-1,0,3,55,0,0,1,1,0,0,1,0,1.1204,0,10,5,1,8,0.00022213446539640907,0.00039490571626022043,-0.00022213446539640907,0.0006664033961892272,NEUTRAL,0.0002961792871952495,2.4681607266242733e-05,0.0004689505380590609,2.4681607266242733e-05,0.0004689505380590609,0.0002468160726626518,0.0009379010761181218,0.0022953894757625944,NO_SETUP,,NO_SETUP
2026-08-01T11:30:00+00:00,PAXGUSD,15m,158,0.0,0.0049363214532597705,0.0024681607266242734,0.007404482179884043,0.33333333333282805,0,0,-0.013045999634780139,-0.16183543874194584,-0.02317277669138238,-0.11122322368055393,-0.13017510761028053,-0.32202591978875716,,,-0.00010126777056602243,-0.0010700233091889815,,,44.45641773054327,-5.543582269456728,-0.07562764723252258,0.06784948278673257,-0.14347713001925516,-0.030316051725974125,14.520601081447145,0.7799733367067211,0.019250995574753703,0.25690871959036865,0.000695378419131777,0.01,1,1,10,1,11,1,1,0.1999210188567457,-0.024681607266265178,1,1,0.0037022410899420215,-0.07157666107217127,1,1,0.19745285813012142,-0.019745285813005407,-1,63,-1,-0.022213446539640906,-1,1,1,-1,-1,40,-1,-1,0,3,55,0,0,1,1,0,0,1,0,1.1419,0,11,5,1,8,0.00034554250172773494,9.872642906508316e-05,-0.00022213446539640907,0.0007404482179879554,NEUTRAL,0.00034554250172773494,0.0,0.0004689505380590609,0.0,0.0004689505380590609,0.0004689505380590609,0.0010613091124494476,0.0022953894757625944,NO_SETUP,,NO_SETUP
2026-08-01T12:15:00+00:00,PAXGUSD,15m,161,0.004935468746139675,0.0,0.004935468746150898,0.009870937492290574,0.5000000000005684,0,1,0.002900278204530073,0.0539003051153486,-0.005324612038702445,-0.02309896678343648,-0.10635358365860671,-0.264408389340133,,,-8.224890243232519e-05,-0.0010102897161990427,,,51.24172360512704,1.2417236051270422,-0.007881102743340307,0.02214199946896698,-0.030023102212307286,0.11345402780694788,12.45225410799021,0.7487614507087335,0.018477443691452593,0.4693430330257755,0.0006439477612779815,0.01,1,1,13,1,14,1,1,0.008637070305761265,-0.007403203119209514,1,1,0.020975742171121678,-0.054290156207581326,1,1,0.1801446092342553,-0.03701601559608124,-1,66,-1,-0.004935468746139675,-1,-1,1,-1,-1,40,-1,-1,0,3,55,0,0,1,1,0,0,1,0,1.8466,0,12,5,1,8,-2.46773437308106e-05,-2.46773437308106e-05,-0.001209189842805343,0.0006909656244601158,NEUTRAL,0.000296128124768605,7.403203119220736e-05,0.000296128124768605,0.0001974187498458115,0.000296128124768605,0.0013078992177282486,0.0008883843743059273,0.0024677343730720824,NO_SETUP,,NO_SETUP
2026-08-01T13:00:00+00:00,PAXGUSD,15m,164,0.009868258745746556,0.0024670646864338344,0.0004934129372867669,0.012828736369467159,0.8076923076924759,1,0,0.025597226309314616,0.17997000246032258,0.02088027894266255,0.037869519693686016,-0.07377364394049182,-0.21942538711391535,,,-4.716947366652065e-05,-0.0009465392288315437,,,60.463264261188506,10.463264261188506,0.13941340619612674,0.04634015450767918,0.09307325168844757,0.12309635390075485,12.685064786417897,0.7209726338218353,0.017786861247886598,0.8295029091449203,0.0006777458051545109,0.01,1,1,1,1,17,1,1,0.01751615927369705,-0.00863472640252403,1,1,0.02960477623723967,-0.02713771155079462,1,1,0.15295801055903235,-0.06414368184733579,-1,69,1,0.024670646864360782,-1,-1,1,-1,-1,40,-1,-1,0,3,55,0,0,1,1,0,0,1,0,1.0785,0,13,5,1,8,-0.0003453890561010734,-0.00044407164355853896,-0.0018256278679627204,0.0001726945280504806,NEUTRAL,0.0,0.00044407164355853896,0.0,0.0005674248778803429,0.0,0.0020229930428776514,0.0006167661716090196,0.0027384418019440245,NO_SETUP,,NO_SETUP
2026-08-01T13:45:00+00:00,PAXGUSD,15m,167,0.00493559054340403,0.0,0.009871181086819282,0.014806771630223313,1.0,1,0,-0.004892928077370046,0.03582920277267476,-0.008633450731411283,-0.003794082800141041,-0.09785627665658793,-0.22500884080591277,,,-3.7405226540412363e-05,-0.0008922282592517664,,,48.50093888274388,-1.4990611172561188,0.10832943242485271,0.09255077156539337,0.015778660859459337,-0.07729459082898824,12.868276601430649,0.725283118260429,0.01789850249890008,0.4042040734305828,0.0006826208650982163,0.04,1,1,4,1,20,1,1,0.2146981886382661,-0.012338976358521297,1,1,0.018508464537781946,-0.056759291249202454,1,1,0.06416267706431972,-0.034549133803850655,-1,1,-1,-0.013572873994377916,-1,-1,1,-1,-1,40,-1,-1,0,3,55,0,0,1,1,0,0,1,1,1.0785,0,13,5,1,8,0.0,-0.00034549133803850655,-0.0018261685010610622,0.0002714574798875583,NEUTRAL,4.9355905434152524e-05,0.00017274566901925327,4.9355905434152524e-05,0.0006169488179260649,4.9355905434152524e-05,0.0024431173189871274,0.0009130842505306433,0.0024431173189871274,NO_SETUP,,NO_SETUP
2026-08-01T14:30:00+00:00,PAXGUSD,15m,170,0.0,0.007403751233963029,0.012339585389930897,0.019743336623893926,0.6249999999998579,0,0,-0.0072796821783563115,-0.10329850968400933,-0.012035061415418331,-0.06218400198531526,-0.09681031940791827,-0.2425779002692252,,,-4.75537923706202e-05,-0.0008477525799249994,,,46.693755854068954,-3.3062441459310463,-0.0019911617760044464,0.05932297416804858,-0.06131413594405303,-0.07709279680351236,12.702630944497164,0.6828524091903228,0.016852231223848043,0.3895659280411889,0.0005139615884367954,0.02,1,1,7,1,23,1,1,0.20977295162882525,-0.017275419545898767,1,1,0.013573543928928478,-0.06169792694965449,1,1,0.06910167818361751,-0.012339585389930897,-1,4,-1,-0.013573543928928478,-1,-1,1,-1,-1,40,-1,-1,0,3,55,0,0,1,1,0,0,1,1,1.1004,0,14,5,1,8,-0.00032082922013824825,-0.0009624876604146325,0.00012339585389930897,0.0009131293188548416,NEUTRAL,4.9358341559678704e-05,0.00034550839091808757,4.9358341559678704e-05,0.0011352418558736202,0.00041954590325760566,0.0023938795656465494,0.0013326752221125594,0.0023938795656465494,NO_SETUP,,NO_SETUP
2026-08-01T15:15:00+00:00,PAXGUSD,15m,173,0.014809695413928741,0.004936565137972506,0.002468282568986253,0.0222145431208875,0.11111111111105497,0,1,-0.01960185202717347,-0.10082328883800074,-0.02526917883786419,-0.06390517711542998,-0.1058920181193256,-0.23264492032240014,,,-5.66732681069072e-05,-0.000806228392814614,,,40.67359650385655,-9.326403496143449,-0.08110164488653027,0.010901859352387556,-0.09200350423891782,-0.030689368294864787,14.55923353798128,0.6365986672707741,0.0157130539386576,0.12937368880788436,0.0005093755170624483,0.02,-1,1,10,-1,0,1,1,0.19499432295009356,-0.032087673396843736,1,1,-0.0012341412844875143,-0.07651675963864119,1,1,0.08392160734561117,0.002468282568986253,-1,7,-1,-0.013575554129430003,-1,-1,1,-1,-1,60,-1,-1,-1,4,55,0,0,1,1,0,0,1,1,1.0815,0,15,5,1,8,-0.0001727797798292622,-0.0010119958532852616,0.000468973688107837,0.001801846275361536,NEUTRAL,7.404847706958759e-05,0.00041960803672811195,7.404847706958759e-05,0.0011847756331145238,0.0009873130275953991,0.0022461371377795105,0.0019252604038109608,0.0022461371377795105,NO_SETUP,,NO_SETUP
2026-08-01T16:00:00+00:00,PAXGUSD,15m,176,0.012345069379289912,0.004938027751722702,0.012345069379289912,0.029628166510302523,0.4166666666665719,0,1,-0.040224240316858534,-0.3649872517157746,-0.05041187867671832,-0.18197360127305728,-0.12855465042900757,-0.28338877041096566,,,-0.00010187638359859789,-0.0007814277175228926,,,32.279893961471416,-17.720106038528584,-0.3306713242391197,-0.11009482211682166,-0.22057650212229807,-0.12857299788338025,20.037963391035998,0.6991644577237344,0.017262467476266218,-0.13281450786349752,0.0007175756150634284,0.1,-1,-1,0,-1,3,1,1,0.16542392968248032,-0.01975211100686835,1,1,-0.03086267344822478,-0.046911263641303914,1,1,0.11357463828947617,0.03209718038615826,1,2,-1,-0.04320774282751469,-1,-1,1,-1,-1,80,-1,-1,-1,4,65,0,0,1,1,0,1,1,1,,0,16,5,1,8,-0.0006913238852401677,-0.0013332674929632208,0.0011851266604118765,0.0028615870821194376,NEUTRAL,0.0002715915263444679,0.0007900844402745095,0.0002715915263444679,0.0018270702681348172,0.0014073379092391174,0.0019505209619277164,0.0028615870821194376,0.0019505209619277164,NO_SETUP,,NO_SETUP
2026-08-01T16:45:00+00:00,PAXGUSD,15m,179,0.06422766236011732,0.00494058941232363,0.0024702947061561982,0.07163854647859715,0.03448275862065721,0,1,-0.07896226848934093,-0.5326905905963031,-0.09557756088459775,-0.272706667994953,-0.17250144332917752,-0.32368952426713804,,,-0.00016615292395256816,-0.0007692388244457979,,,25.283346522661574,-24.716653477338426,-0.6320103192456372,-0.2944349524330395,-0.3375753668125977,-0.11699886469029963,26.047866652284313,0.8754243125434077,0.021625560449183758,-0.2782042612105062,0.001154426294538692,0.24,-1,-1,0,-1,6,1,1,0.11363355648328621,-0.09140090412786919,1,1,-0.08275487265630566,-0.05805192559472121,1,1,0.16550974531262255,0.08399002000938936,1,5,-1,-0.07287369383168085,-1,-1,-1,-1,-1,80,-1,-1,-1,4,55,0,0,1,1,0,0,1,1,0.4102,0,16,5,1,8,-0.000518761888293251,0.0010128208295249398,0.001605691559002989,0.003606630270991307,NEUTRAL,0.0002223265235542825,0.0007163854647859715,0.0013833650354487066,0.0014327709295718306,0.0019268298708036318,0.0014327709295718306,0.0036560361651145432,0.0014327709295718306,NO_SETUP,,NO_SETUP
2026-08-01T17:30:00+00:00,PAXGUSD,15m,182,0.004941565982255283,0.007412348973394161,0.007412348973394161,0.019766263929043605,0.3750000000001421,0,1,-0.07488705169652977,-0.9655679474030876,-0.10312455131488846,-0.495315276801648,-0.1815266776229477,-0.43610170397460024,,,-0.0002823749961835868,-0.0007840212630805924,,,22.448092873759762,-27.551907126240238,-1.1253589124635255,-0.6365844483420677,-0.48877446412145775,-0.15119909730886005,33.84963528058467,0.9295580228345008,0.022967361520878134,-0.005707736763997701,0.0018231609611576082,0.3,-1,-1,0,-1,9,1,1,0.09388975366294028,-0.06053418328267778,0,1,,-0.07782966422058252,0,1,0.18530872433474166,0.10377288562745085,1,8,-1,-0.07906505571615195,-1,-1,-1,-1,-1,80,-1,-1,-1,4,55,0,0,1,1,0,0,1,1,1.1512,0,17,5,1,8,-0.0006176957477824723,0.0015813011143230391,0.0018530872433474167,0.004397993724211135,UP,7.412348973382925e-05,0.0012353914955649445,0.0020013342228151878,0.0012353914955649445,0.002124873372371682,0.0012353914955649445,0.004496825043856353,0.0012353914955649445,NO_SETUP,,NO_SETUP
2026-08-01T18:15:00+00:00,PAXGUSD,15m,185,0.017304031839414088,0.002472004548486121,0.007416013645469603,0.027192050033369813,0.2727272727274606,0,1,-0.09745364256620377,-1.0886114405830085,-0.13779747448056232,-0.5994387302052928,-0.21887688808503933,-0.4927024697294655,,,-0.0004034383191435855,-0.0008107941360447703,,,16.55280544718711,-33.44719455281289,-1.556132778013307,-1.0153894708798423,-0.5407433071334646,-0.05196884301200688,41.53694421609917,1.0237022507898856,0.025305966202503784,-0.013169647942782201,0.0022542143958003114,0.42,-1,-1,1,-1,12,1,1,0.04449608187279514,-0.02595604775912113,0,1,,-0.12730823424714202,0,1,0.23484043210639508,0.1532642820062744,1,11,-1,-0.1285442365213907,-1,-1,-1,-1,-1,80,-1,-1,-1,4,55,0,0,1,1,0,0,1,1,22.3845,0,18,5,1,8,0.0017798432749115808,0.0022248040936395323,0.002150643957184836,0.005314809779249994,UP,0.00207648382073014,0.0007416013645465108,0.0024967245939732305,0.0007416013645465108,0.002620324821397649,0.0007416013645465108,0.005611450325068553,0.0007416013645465108,NO_SETUP,,NO_SETUP
2026-08-01T19:00:00+00:00,PAXGUSD,15m,188,0.20975224558286448,0.012338367387227323,0.007403020432340882,0.2294936334024327,0.946236559139786,1,0,0.08849282737961363,-0.42837553946219487,0.04724625803725362,-0.3889285958639448,-0.033559284010719635,-0.3942703284537856,,,-0.0004124656934236,-0.0008080554204797326,,,61.84276551357041,11.842765513570413,-1.2657618058165099,-1.2821051509119952,0.016343345095485295,0.5570866522289499,44.37714683585513,1.8160254537118747,0.04481357846490659,0.7967116738761381,0.0026093162077812826,0.61,1,-1,4,1,0,1,1,0.21962293949264858,-0.00740302043232966,0,1,,-0.05182114302635251,0,1,0.059224163458693385,-0.022209061297011425,1,14,1,0.04688579607146607,-1,-1,-1,-1,-1,80,-1,-1,-1,4,55,0,0,1,1,0,0,1,1,9.1755,0,19,5,1,8,0.00022209061297011424,0.0005428881650379573,0.0005182114302635251,0.003331359194551377,NEUTRAL,0.0007403020432336393,0.0001480604086467054,0.0008636857171059125,0.00022209061297011424,0.0008636857171059125,0.00022209061297011424,0.003849570624814902,0.00022209061297011424,NO_SETUP,,NO_SETUP
2026-08-01T19:45:00+00:00,PAXGUSD,15m,191,0.029602585292444385,0.027135703184753775,0.0,0.05673828847719817,0.5217391304346622,1,0,0.09470697801525954,1.0469465689266144,0.07278706114662496,0.264038263000657,-0.00011433075146716585,-0.05532179957845074,,,-0.00021919916868634563,-0.0007290139189809213,,,65.43507495268005,15.435074952680054,-0.08098693865213136,-0.8552601107181653,0.774273172066034,0.7579298269705487,39.18046907064888,1.781744869462438,0.043953545389704175,0.8890527613419933,0.002745298750465368,0.62,1,1,0,1,3,1,1,0.13321163381601098,-0.5279127710486851,1,1,0.20105089177787297,-0.01973505686163707,1,1,0.027135703184753775,-0.05427140636948512,1,17,1,0.17021486543157208,-1,-1,-1,-1,-1,60,-1,0,0,0,51,0,0,1,1,0,0,1,1,1.162,0,19,5,1,8,0.00032069467400157434,0.00034536349507859266,0.0004687076004637963,0.002935589708167869,NEUTRAL,0.0005427140636949634,0.0005427140636948512,0.0005427140636949634,0.0005427140636948512,0.0009127463798505743,0.0005427140636948512,0.003527641414016869,0.0005427140636948512,NO_SETUP,,NO_SETUP
2026-08-01T20:30:00+00:00,PAXGUSD,15m,194,0.0074019245003745845,0.007401924500363364,0.004934616333575576,0.019738465334313525,0.2499999999998579,0,1,0.05537933015546017,0.8946125166039565,0.04834444261390582,0.2911688385593152,-0.016845284641121047,-0.021895239167406544,,,-7.034887541554353e-05,-0.0006518972725502687,,,61.39284266393471,11.392842663934708,0.5624999152141754,-0.22770651021514038,0.7902064254293157,0.015933253363281774,36.795412092486025,1.6826871276271456,0.04151707692146917,0.7793455830972492,0.00299228618633895,0.59,1,1,3,1,6,1,1,0.11596348383912701,-0.545275104860606,1,1,0.1838144584258529,-0.03700962250185048,1,1,0.012336540833950159,-0.03700962250185048,1,20,1,0.10239328892177736,-1,-1,-1,-1,-1,45,-1,0,1,-1,51,0,0,1,1,0,0,1,1,1.161,0,20,5,1,8,0.00039476930668638267,0.00027140389834688107,0.0013816925734023956,0.003158154453491286,NEUTRAL,0.0007155193683691317,0.0003700962250185048,0.0007155193683691317,0.0003700962250185048,0.0016284233900813988,0.0003700962250185048,0.003700962250185048,0.0003700962250185048,NO_SETUP,,NO_SETUP
2026-08-01T21:15:00+00:00,PAXGUSD,15m,197,0.05674108794869081,0.0,0.0,0.05674108794869081,0.0,0,1,0.04541911431148964,0.903460452584568,0.05170298544327794,0.3636197441983313,-0.005339393808176501,0.0336929415097984,,,6.2838711317883e-05,-0.0005704237925145445,,,59.41182992520214,9.411829925202142,0.9971469105998949,0.3353668437090648,0.6617800668908301,-0.1284263585384856,33.30070028102157,1.8498045260192806,0.04563474839075565,0.7400711063386058,0.003424767449855169,0.7,1,1,6,1,9,1,1,0.1282841988405037,-0.5328728259528892,1,1,0.19612680399654173,-0.024670038238559268,1,1,0.0,-0.049340076477118536,1,9,0,0.001233501911932451,-1,-1,-1,-1,0,80,-1,1,1,2,50,0,0,1,1,0,0,1,1,2.2951,0,21,5,1,8,0.0003207104971013154,-4.934007647707366e-05,0.0020476131738004642,0.0029357345503885756,NEUTRAL,0.0005180708030097222,-7.401011471572268e-05,0.0005180708030097222,4.934007647707366e-05,0.0021462933267546117,4.934007647707366e-05,0.0035771555445910943,4.934007647707366e-05,NO_SETUP,,NO_SETUP
2026-08-01T22:00:00+00:00,PAXGUSD,15m,200,0.0002466334533557819,0.0,0.004686035613872011,0.004932669067227793,1.0,1,0,0.05372288762310649,0.7628155970496664,0.0699047424898137,0.3614228259511947,0.020522641744525803,0.05145663981193138,-0.12443137491646616,,0.00016181854866707208,-0.0004938210074528789,-0.0014495401666099197,0,63.066025168520035,13.066025168520035,1.2000975156229288,0.7380263317891098,0.46207118383381895,-0.19970888305701118,31.092947982387578,1.6009914517727009,0.0394858050553125,0.7411551608153044,0.0036696846755003764,0.55,1,1,9,1,12,1,1,0.1553790756178101,-0.5055985793913199,1,1,0.22320327529225392,0.0024663345336138967,1,1,-0.027129679869775294,-0.07645637054209808,1,12,1,0.0221970108025475,-1,-1,-1,-1,-1,80,-1,1,1,2,50,0,0,1,1,0,0,1,1,2.447,0,22,5,1,8,-0.00014798007201694596,0.0002712967986977529,0.002047057662901441,0.00251566122428853,NEUTRAL,0.000246633453361614,0.0002712967986977529,0.000690573669412564,0.00032062348937003085,0.0024663345336161397,0.00032062348937003085,0.0033048882750456496,0.00032062348937003085,NO_SETUP,,NO_SETUP
2026-08-01T22:45:00+00:00,PAXGUSD,15m,203,0.004932669067239009,0.004932669067227793,0.004932669067227793,0.014798007201694595,0.3333333333330807,0,1,0.03840249958156451,0.6211804535323608,0.06136669061698371,0.34618385123576445,0.01899709871039154,0.06185466786200777,-0.12092270824954837,-0.14226239867684853,0.000229641910354192,-0.0004236959190659217,-0.0013991980695993993,0,61.54015688773276,11.540156887732763,1.2358142325906556,0.9876909753573867,0.2481232572332689,-0.21394792660055006,30.458123759753885,1.4346130537698885,0.03538235716889184,0.6725296949056405,0.0035187370276408753,0.53,1,1,12,1,15,1,1,0.1553790756178101,-0.5055985793913199,1,1,0.22320327529225392,0.0024663345336138967,1,1,-0.027129679869775294,-0.07645637054209808,1,15,1,0.0221970108025475,-1,-1,-1,-1,-1,80,-1,1,1,2,50,0,0,1,1,0,0,1,1,2.4045,0,22,5,1,8,-2.4663345336138965e-05,0.0010111971587825948,0.0023430178069353325,0.002195037734918387,NEUTRAL,2.4663345336138965e-05,0.00032062348937003085,0.0011345138854634018,0.00032062348937003085,0.0026883046416416147,0.00032062348937003085,0.0033048882750456496,0.00032062348937003085,NO_SETUP,,NO_SETUP
2026-08-01T23:30:00+00:00,PAXGUSD,15m,206,0.004933399111983673,0.0,0.004933399111983673,0.009866798223967346,0.5,0,1,0.017292540562482188,0.2560281536311777,0.04121887366853822,0.2171606992337729,0.003908202615110216,0.01181783029505823,-0.1317530807230096,-0.16166223617528885,0.00023926333106056034,-0.00037310671053428007,-0.0013566128333811981,0,57.51232292482814,7.5123229248281405,1.0075814845263267,1.0290312986768686,-0.021449814150541924,-0.2695730713838108,28.06289947253966,1.2672175215497052,0.03125844897754576,0.5650185959874034,0.002124842239367904,0.5,1,1,15,1,18,1,1,0.14060187469165805,-0.008633448445988253,1,1,0.20843611248149524,-0.012333497779970401,1,1,-0.02960039467192447,-0.061667488899852,1,18,1,0.011100148001968874,-1,-1,-1,-1,-1,80,-1,1,1,2,50,0,0,1,1,0,0,1,1,2.3632,0,23,5,1,8,0.00039467192895903034,0.0019215589541193793,0.0028120374938332736,0.0025407005426739473,UP,0.0008386778490380096,0.00017266896891954072,0.0019215589541193793,0.00017266896891954072,0.003453379378391712,0.00017266896891954072,0.003453379378391712,0.00017266896891954072,NO_SETUP,,NO_SETUP
2026-08-02T00:15:00+00:00,PAXGUSD,15m,209,0.061621888094651224,0.009859502095146437,0.0,0.07148139018979766,0.8620689655172143,1,0,0.07998490620527748,0.45605194965492046,0.10773690400816101,0.30012694291144726,0.07624891490809994,0.06502005619495321,-0.05450725482896631,-0.12991056409964585,0.0002775199780288353,-0.00031487989100061065,-0.0013075616973706626,0,68.69534585821314,18.695345858213145,1.0485009687376987,0.988485385438758,0.060015583298940745,0.08146539744948267,26.4749196641626,1.356770005409849,0.03344269177741802,1.2474120005643878,0.0009207418769548993,0.56,1,1,0,1,21,1,1,0.06531920138033254,-0.4461424698052838,1,1,0.08010845452304659,-0.09489770766576064,1,1,-0.10352477199900957,-0.13556815380823267,1,21,1,0.06285432585654872,-1,-1,-1,-1,-1,80,-1,1,1,2,60,0,0,1,1,0,1,1,1,1.0008,0,0,6,2,8,0.0003943800838057454,0.0014049790485580029,0.002218387971407444,0.0019226029085531629,NEUTRAL,0.0006408676361843503,0.0004436775942815336,0.0014542765590337913,0.0004436775942815336,0.0027113630761646536,0.0004436775942815336,0.0027113630761646536,0.0004436775942815336,NO_SETUP,,NO_SETUP
2026-08-02T01:00:00+00:00,PAXGUSD,15m,212,0.09115321130299373,0.0,0.0,0.09115321130299373,1.0,1,0,0.11148601477558764,0.8196588189921385,0.1476687587344021,0.47686360982288534,0.12376114881715009,0.16982968618458472,-0.0009959805541396606,-0.07093148173817099,0.0003618274395881447,-0.0002390760991725202,-0.0012475712937128976,0,70.67566391168623,20.67566391168623,1.3392762275925634,1.0830128946321462,0.25626333296041715,0.1962477496614764,28.799770109641372,1.4965100954392982,0.036868027282877934,1.307497468843072,0.001333154866979112,0.63,1,1,0,1,24,1,1,0.09854401221945752,-0.39417604887784125,1,1,0.08499421053928884,-0.043113005346012666,1,1,-0.15520681924563887,-0.18723362321696704,-1,46,1,0.09238501145573022,-1,-1,-1,-1,-1,80,-1,1,1,2,55,0,0,1,1,1,0,1,0,5.8709,0,1,6,2,8,0.0006651720824814055,0.0014781601832918627,0.0016013401985661847,0.0014781601832918627,NEUTRAL,0.0007637160947007734,0.00022172402749380182,0.0015767041955113427,0.00022172402749380182,0.0021926042718829523,0.00022172402749380182,0.0021926042718829523,0.00022172402749380182,NO_SETUP,,NO_SETUP
2026-08-02T01:45:00+00:00,PAXGUSD,15m,215,0.004927564797483809,0.004927564797472605,0.009855129594956415,0.01971025918991283,0.7500000000002842,1,0,0.07771870131425844,1.0708821768130292,0.12469744175911447,0.6328028196694504,0.10974386569483313,0.26930477081532445,-0.008066941720344386,-0.01300681612747212,0.00046978740444856036,-0.0001495357606428133,-0.0011781080741517752,0,68.4418720401301,18.441872040130093,1.6796379128008994,1.3389261711608045,0.3407117416400949,0.08444840867967773,32.759051750886464,1.3846693439067395,0.03411523957590272,0.9512764073799035,0.0017976609812232426,0.61,1,1,0,1,27,1,1,0.03695673598107815,-0.4015965309943871,1,1,-0.0012318911993625492,-0.05050753917413341,1,1,-0.1478269439243126,-0.17985611510791816,-1,49,1,0.08500049275647527,-1,-1,-1,-1,-1,80,-1,1,1,2,55,0,0,1,1,1,0,1,0,5.9031,0,1,6,2,8,0.0010101507834827804,0.0019710259189908348,0.0017985611510790693,0.0013058046713313608,UP,0.0014289937912682878,0.00014782694392440223,0.002266679806839415,0.00014782694392440223,0.002266679806839415,0.00014782694392440223,0.002266679806839415,0.00014782694392440223,NO_SETUP,,NO_SETUP
2026-08-02T02:30:00+00:00,PAXGUSD,15m,218,0.0024620232907380914,0.00738606987222547,0.007386069872214274,0.017234163035177837,0.5714285714282002,1,0,0.1100152211448932,1.5859584117006307,0.17366693023851393,0.9073900606208554,0.17042954245723682,0.4319472948359362,0.061419706837539195,0.07789473683396864,0.0006365170909362071,-3.23738778127709e-05,-0.0010900983561969763,0,74.84975538507385,24.84975538507385,2.2796575938637034,1.737446723192558,0.5422108706711453,0.20149912903105038,38.424485389684854,1.5057684214879843,0.0370723692416472,0.9577086539569585,0.0027362328842370424,0.68,1,1,0,1,30,1,1,0.050471477460170056,-0.3299111209592177,1,1,0.07016766378609718,0.02092719797129057,1,1,-0.21912007287588045,-0.2511263756555092,-1,52,1,0.15633847896199754,-1,-1,-1,-1,-1,80,-1,1,1,2,55,0,0,1,1,1,0,1,0,5.8682,0,2,6,2,8,0.0005908855897777017,0.001034049782111006,0.0007139867543147182,0.0007632272201295921,NEUTRAL,0.0009355688504813703,-4.9240465814873784e-05,0.001551074673166453,-4.9240465814873784e-05,0.001551074673166453,-4.9240465814873784e-05,0.001551074673166453,-4.9240465814873784e-05,NO_SETUP,,NO_SETUP
2026-08-02T03:15:00+00:00,PAXGUSD,15m,221,0.05657778215093297,0.007379710715344433,0.0,0.0639574928662774,0.8846153846153106,1,0,0.15484632351871977,1.6736754935591307,0.23461126302501056,1.0164126410049903,0.24371676438951678,0.5147628200229519,0.14426237298765912,0.1301302459260114,0.0007976493950629078,9.105501364506219e-05,-0.0009945439140185766,0,81.48230418879879,31.482304188798793,2.7721317747614194,2.1605307911042715,0.6116009836571479,0.06939011298600262,44.53349431105994,1.6244071508779692,0.03995884952469667,1.0045627504901102,0.003543611138077475,0.77,1,1,0,1,33,1,1,0.07625701072517733,-0.24353045360623204,1,1,0.1562038768080269,-0.33208698219029814,1,1,-0.30502804290070934,-0.33700678933385364,-1,55,1,0.24230050182031523,-1,-1,-1,-1,1,80,-1,1,1,2,65,0,0,1,1,1,1,1,0,,0,3,6,2,8,4.919807143566684e-05,9.839614287122182e-05,-0.0003197874643313311,0.0,NEUTRAL,0.000688773000098441,0.0004034241857718864,0.000688773000098441,0.0004034241857718864,0.000688773000098441,0.0004034241857718864,0.000688773000098441,0.0005165797500737748,NO_SETUP,,NO_SETUP
2026-08-02T04:00:00+00:00,PAXGUSD,15m,224,0.0196806809515654,0.007380255356828634,0.0,0.02706093630839403,0.7272727272729528,1,0,0.1105389231220186,1.5015160576963353,0.20211136960104184,1.021792001580252,0.22287822699254312,0.5477968569430232,0.13299283037163176,0.15852842491813135,0.0009157244647902325,0.0002076685739150128,-0.0008988539662091136,0,75.81640286544649,25.81640286544649,2.9518770060981296,2.537341577788713,0.4145354283094167,-0.19706555534773118,47.660432653825694,1.5438420227692986,0.037979827862168775,0.8427161826394816,0.0038997371738631447,0.73,1,1,2,1,36,1,1,0.06888238333046771,-0.2509286821324085,1,1,0.14883514969618397,-0.3394917464144192,1,1,-0.29767029939235673,-0.3296514059386477,-1,58,1,0.2349381288592518,-1,-1,-1,-1,1,80,-1,1,1,2,65,0,0,1,1,1,1,1,0,,0,4,6,2,8,0.0002706093630839403,0.00022140766070508276,-0.00029521021427348097,-9.840340475782699e-05,NEUTRAL,0.0007626263868729634,0.00024600851189451157,0.0007626263868729634,0.00024600851189451157,0.0007626263868729634,0.0004428153214101655,0.0007626263868729634,0.0004428153214101655,NO_SETUP,,NO_SETUP
2026-08-02T04:45:00+00:00,PAXGUSD,15m,227,0.02459117176933481,0.0,0.022132054592403562,0.04672322636173837,1.0,1,0,0.112733095435941,1.509005360084302,0.21483154225195034,1.0795003972370978,0.2472549631631649,0.6051539719896937,0.16738903023042814,0.1991506474560083,0.0010209844681600935,0.0003242342091121455,-0.0007986593293273676,0,73.44360900278521,23.44360900278521,3.085123637036304,2.801818435468364,0.28330520156794003,-0.13123022674147666,50.679196008886905,1.7569682667726503,0.043205908441476704,0.8423934874071334,0.003707451394385183,0.92,1,1,1,1,39,1,1,0.1082011557850754,-0.21148407721628829,1,1,0.0509037255625159,-0.30001229558588016,1,1,,-0.3688675765400221,,,1,0.14385835485060638,-1,-1,1,-1,1,80,-1,1,1,2,65,0,0,1,1,1,1,1,0,,0,4,6,2,8,-0.00022132054592403563,-0.00027050288946266053,-0.00046231402926352126,-0.00012295585884667404,NEUTRAL,0.00017213820238529893,0.0003934587483093346,0.00017213820238529893,0.0005410057789253211,0.00017213820238529893,0.0008360998401574059,0.00027050288946266053,0.0014262879626214637,NO_SETUP,,NO_SETUP
2026-08-02T05:30:00+00:00,PAXGUSD,15m,230,0.00983767830792157,0.01967535661583195,0.01967535661584314,0.04918839153959665,0.40000000000009095,0,1,0.07458819714523804,1.051535229977162,0.17974152501471743,0.9278342585771497,0.2213499680041368,0.5545333779818975,0.15055219830322183,0.18542253131136022,0.0010515332786947941,0.0004160844298941938,-0.0007079776970091498,0,70.36017335273092,20.360173352730925,2.853098197198051,2.863351875646143,-0.010253678448091996,-0.29355888001603203,51.062344290050085,1.7244020707359613,0.042410282113525856,0.7449920373210462,0.003135005274095011,0.87,1,1,4,1,42,1,1,0.09591736350221572,-0.22380718150517373,1,1,0.038612887358576216,-0.3123462862764343,1,1,,-0.35661583866207575,,,1,0.13157894736841882,-1,-1,1,-1,1,80,-1,1,1,2,65,0,0,1,1,1,1,1,0,,0,5,6,2,8,2.459419576977596e-05,-0.0002951303492375352,-0.000319724545007423,-0.0002951303492375352,NEUTRAL,4.918839153955192e-05,0.00034431874077719895,9.837678307921568e-05,0.0004918839153959665,9.837678307921568e-05,0.0007132316773241739,0.0003935071323167509,0.001303492375799356,NO_SETUP,,NO_SETUP
2026-08-02T06:15:00+00:00,PAXGUSD,15m,233,0.01869664690397706,0.0034441191665312166,0.007380255356839821,0.029521021427348096,0.25000000000009476,0,1,0.032388793897508365,0.6161840127856522,0.1341842817489021,0.7538335382873811,0.1823686843679167,0.48698504817684807,0.11954344993778357,0.16213068648812623,0.0010179548785139373,0.0004818440261901461,-0.0006282523443013312,0,63.20203342831582,13.202033428315822,2.38350558579441,2.7027180253554386,-0.31921243956102874,-0.30895876111293674,50.07445625196447,1.5488015121745315,0.03810183552300257,0.593896623256407,0.002320509455670325,0.74,1,1,7,1,45,1,1,0.06888238333046771,-0.2509286821324085,1,1,0.011562400059037121,-0.3394917464144192,1,1,,-0.3296514059386477,,,1,0.11439395803095011,-1,-1,1,1,1,80,-1,1,1,2,65,0,0,1,1,1,1,1,0,,0,6,6,2,8,-7.380255356839822e-05,-0.00034441191665233854,0.0,0.0002706093630839403,NEUTRAL,0.0003690127678417673,0.00022140766070508276,0.0003690127678417673,0.0004428153214101655,0.0003690127678417673,0.0004428153214101655,0.0006642229821151364,0.0010332357499570155,NO_SETUP,,NO_SETUP
2026-08-02T07:00:00+00:00,PAXGUSD,15m,236,0.019681165124968685,0.01968116512497987,0.012300728203109623,0.051663058453058186,0.2380952380952484,0,1,0.01749295554723465,0.5055184260559145,0.11473429953021072,0.6907370615072068,0.16834654809417046,0.47015416393969645,0.11307079058560851,0.16322020079724098,0.0009724134398297607,0.0005361224856395973,-0.0005527575750856194,0,59.10331726993264,9.103317269932639,1.9943519358535013,2.424493360057114,-0.43014142420361257,-0.11092898464258383,47.023205362774796,1.5184464002359428,0.03735599292058509,0.4845720230093503,0.0014351084754834448,0.7,1,1,10,1,48,1,1,0.06642393229679869,-0.2533950009840627,1,1,0.009102538870298436,-0.3419602440464386,1,1,,-0.32719937020272044,,,-1,-0.027061602046827747,-1,-1,1,1,1,80,-1,1,1,2,65,0,0,1,1,1,1,1,0,,0,7,6,2,8,-0.0002214131076559956,-0.00012300728203109624,-0.00019681165124979871,0.0005658334973429756,NEUTRAL,0.00022141310765588372,0.00027061602046850124,0.00022141310765588372,0.0004182247589057943,0.00022141310765588372,0.0004182247589057943,0.00115626845109226,0.0010086597126550787,NO_SETUP,,NO_SETUP
2026-08-02T07:45:00+00:00,PAXGUSD,15m,239,0.012302241468395541,0.00246044829367687,0.004920896587364929,0.01968358634943734,0.2500000000002842,0,1,0.0010999541137182798,0.166348222040142,0.08960227996917709,0.5220143425167407,0.14631800904499823,0.39614764531597757,0.09746717748231225,0.13474300131019845,0.0008850232585545881,0.0005671572907582113,-0.0004885083156268598,0,55.06735400028766,5.067354000287658,1.4916173840947522,2.0473322464355235,-0.5557148623407713,-0.1255734381371587,41.70104709657931,1.447240066078123,0.03560859351125958,0.21679418859847044,0.0008642290371378971,0.61,-1,1,13,-1,0,1,1,0.0541298624609471,-0.2657284157173481,1,1,-0.003198582781785526,-0.35430455428978264,1,1,,-0.3149373815909303,,,-1,-0.029525379524144826,-1,1,1,1,1,80,0,1,0,0,60,0,0,1,1,0,0,1,1,6.2125,0,7,6,2,8,-0.00014762689762083602,0.00012302241468395542,0.00021405900155005555,0.0021159855325640106,NEUTRAL,0.0001722313805574928,0.00029525379524156014,0.0001722313805574928,0.00029525379524156014,0.0003198582781782169,0.00029525379524156014,0.0025342617424894145,0.0008857613857245685,NO_SETUP,,NO_SETUP
2026-08-02T08:30:00+00:00,PAXGUSD,15m,242,0.004921623151322018,0.007382434726966241,0.007382434726966241,0.019686492605254503,0.37499999999978684,0,1,-0.012654979071283068,-0.04103418043678175,0.06522016196163992,0.39135374315173976,0.12330165075190357,0.3361936600103945,0.07995953768426317,0.11204276153785031,0.0007787514103292298,0.0005808148879026364,-0.0004334211306764039,0,51.101614452792084,1.1016144527920844,1.0070451248097925,1.6136377577319,-0.6065926329221076,-0.05087777058133636,35.50016607211914,1.3452210004277199,0.033103354096703,0.04104826543698634,0.0008334423893635027,0.51,-1,-1,1,-1,3,1,1,0.03937298521052019,-0.28053251962498577,1,1,0.11934936141939388,-0.01845608681743239,1,1,,-0.30021901223022907,,,-1,-0.03691217363486478,-1,1,1,1,1,45,0,1,-1,0,60,0,0,1,1,0,0,1,1,6.7198,0,8,6,2,8,0.00022639466496052188,0.0003445136205920937,0.0003691217363486478,0.0023377709968747692,NEUTRAL,0.00029529738907898537,0.00014764869453943674,0.00044294608361842213,0.00014764869453943674,0.0005167704308881965,0.00014764869453943674,0.002682284617466863,0.0007382434726972956,NO_SETUP,,NO_SETUP
2026-08-02T09:15:00+00:00,PAXGUSD,15m,245,0.009842277503016436,0.007381708127265124,0.0,0.01722398563028156,0.5714285714284786,1,0,-8.319327582931966e-05,-0.11087932659665967,0.06747292792282443,0.30818445792374405,0.12585046849830098,0.2959202913657464,0.0873810608996516,0.0980620368527525,0.0006755612119865376,0.0005837754057547652,-0.0003846940759864936,0,53.47283004187948,3.472830041879483,0.6485232060231283,1.1790755830048618,-0.5305523769817335,0.07604025594037411,28.805601816639957,1.2611335779663773,0.03103106660678569,0.2426339433856462,0.0008889307409642398,0.45,-1,-1,4,-1,6,1,1,0.04921138751507099,-0.27066263133290164,1,1,0.12917989222706133,-0.008611992815135186,1,1,,-0.310031741344945,,,1,0.0012302846878700611,-1,1,1,1,1,45,0,1,-1,0,60,0,0,1,1,0,0,1,1,1.6175,0,9,6,2,8,0.00014763416254519058,0.0,-0.0004921138751507099,0.001464038778573429,NEUTRAL,0.0001968455500603287,7.381708127253935e-05,0.0003444797126055193,0.00012302846878767747,0.0004182967938781705,0.0008365935877562292,0.002583597844541227,0.0008365935877562292,NO_SETUP,,NO_SETUP
2026-08-02T10:00:00+00:00,PAXGUSD,15m,248,0.006150742394607028,0.0024602969578405736,0.001230148478925881,0.009841187831373483,0.12500000000042633,0,1,0.008469306811076494,0.1023797320876838,0.06981254235976045,0.35460157322813757,0.12901831302560038,0.3206750481576819,0.09557630057436949,0.11650717102747876,0.0006134323554868395,0.0005920577066583993,-0.000334420124512309,0,55.97545969605144,5.975459696051438,0.5547466246539443,0.8845912243652978,-0.3298445997113535,0.20070777727038003,25.107250569388018,1.1212137284227777,0.027585187251301563,0.4191009702554464,0.0008013028405874181,0.38,-1,-1,7,-1,9,1,1,0.0602772754671556,-0.25956132905242113,1,1,0.14023692659704698,-0.34813201953474887,1,1,,-0.32106875299849136,,,1,0.012301484789214057,-1,1,1,1,1,45,0,1,-1,0,60,0,0,1,1,0,0,1,1,1.6526,0,10,6,2,8,8.611039352447603e-05,6.150742394607029e-05,0.00015991930225969325,0.0017099063857007092,NEUTRAL,0.00023372821099502234,0.00013531633268139937,0.00023372821099502234,0.00023372821099513423,0.0007503905721419903,0.0009472143287695719,0.0024725984426319583,0.0009472143287695719,NO_SETUP,,NO_SETUP
2026-08-02T10:45:00+00:00,PAXGUSD,15m,251,0.0004920533385814548,0.0024602666929072737,0.011809280125966104,0.014761600157454832,0.8333333333334596,1,0,0.006588038820694125,0.12646178408340347,0.0627366088791941,0.33757348597964665,0.12252025825335651,0.31405542511583917,0.09387197924192038,0.11922605672816644,0.0005614857005849999,0.0005978364937416239,-0.00028648279011436127,0,55.764960472838645,5.764960472838645,0.49736985275376355,0.7067664259140746,-0.20939657316031102,0.12044802655104248,21.539233710396427,0.9922035573414195,0.02441085364713427,0.4858648756044908,0.0006700993061155791,0.33,-1,-1,10,-1,12,1,1,0.06150666732273779,-0.2583280027555099,1,1,0.14146533484229692,-0.34689760370023887,1,1,,-0.3222949367711438,,,1,0.0135314668109956,-1,1,1,1,1,45,0,1,-1,0,60,0,0,1,1,0,0,1,0,1.6863,0,10,6,2,8,-0.00014761600157454832,0.00014761600157454832,0.000344437337007354,0.0020912266889730846,NEUTRAL,0.0002214240023618784,0.00024602666929095116,0.0002952320031492085,0.00024602666929095116,0.0007380800078728534,0.0009595040102347318,0.0028785120307041954,0.0009595040102347318,NO_SETUP,,NO_SETUP
2026-08-02T11:30:00+00:00,PAXGUSD,15m,254,0.007380436921859061,0.0024601456406196875,0.009840582562489935,0.019681165124968685,0.5000000000002842,0,1,0.007735832106765459,0.15333132243040382,0.05964272277795173,0.3256348090258143,0.11982490471268356,0.3093156902050396,0.09577179293555116,0.12258862902308465,0.0005190689067118627,0.0006018218193473183,-0.000240531117771324,0,56.317245361527476,6.317245361527476,0.47113799644694154,0.600367813181379,-0.12922981673443745,0.08016675642587356,20.25438365745585,1.0112139998101466,0.02487733713368792,0.5990502263242767,0.0005874376258769736,0.31,1,-1,13,1,2,1,1,0.06642393229679869,-0.2533950009840627,1,1,0.14637866561701124,-0.3419602440464386,1,1,,-0.32719937020272044,,,1,0.012300728203109623,-1,1,1,1,1,60,0,1,0,0,65,1,1,1,1,0,0,1,1,2.2066,0,11,6,2,8,9.102538870298437e-05,-7.380436921870249e-05,0.0006150364101554812,0.002927573312340001,NEUTRAL,0.00019681165124968685,0.0002952174768746981,0.0002460145640621925,0.0002952174768746981,0.0006888407793740718,0.0010086597126550787,0.003099783507183603,0.0010086597126550787,WIN,1.6497351740907091,BUY_WIN
2026-08-02T12:15:00+00:00,PAXGUSD,15m,257,0.012301636117603642,0.004920654447036981,0.0,0.017222290564640624,0.7142857142858999,1,0,0.0020904833322044217,-0.07052159156182825,0.047174925471819125,0.20693254967591201,0.10632982508115679,0.2488669863373616,0.08600247735991556,0.09736114695033393,0.00045084442139614703,0.0005915489960933767,-0.0002032734772124124,0,53.292320024969584,3.292320024969584,0.29351171928010444,0.46672924188478687,-0.17321752260468243,-0.043987705870244975,16.631302128990693,1.0197657279821193,0.02508957382167842,0.5691264968877628,0.0004324516752376944,0.31,1,-1,16,1,5,1,1,0.05904785336449972,-0.2607946856932062,1,1,0.13900848812892339,-0.34936646573993896,1,1,,-0.31984253905769466,,,-1,-0.0012301636117648396,-1,1,1,1,1,80,0,1,0,0,65,1,1,1,1,0,0,1,1,4.6358,0,12,6,2,8,0.00017222290564640624,0.0003690490835281092,0.0006642883503505519,0.0015254028785828067,NEUTRAL,0.00031984253905773945,0.0,0.0007627014392914033,0.0009349243449379215,0.0012301636117603642,0.0009349243449379215,0.0054865297084512685,0.0009349243449379215,LOSS,-1.0,BUY_LOSS
2026-08-02T13:00:00+00:00,PAXGUSD,15m,260,0.008117082769645241,0.007379166154229047,0.01156069364162476,0.02705694256549905,0.7272727272726521,1,0,0.021807180766265963,0.198396760984906,0.06457400482247264,0.2921686797444636,0.1237627040647399,0.2902030066716179,0.10755832176432062,0.12278712096531308,0.00042766824056206666,0.0005918869924226726,-0.0001620438230041927,0,61.16289953863085,11.162899538630853,0.36974551827643154,0.4028340327688248,-0.03308851449239325,0.14012900811228918,16.36360530820744,0.9793823995542346,0.024090084849446185,0.9909474016400555,0.0005176804375301323,0.26,1,-1,19,1,8,1,1,0.08363054974788073,-0.2361333169351953,1,1,0.16357151641864692,-0.3246833107858767,1,1,,-0.34436108719714675,,,1,0.02336735948837334,-1,1,1,1,1,80,0,1,0,0,65,1,1,1,1,0,0,1,1,4.699,0,13,6,2,8,-0.0008363054974788073,-0.00017218054359852863,0.001598819333415324,0.0008609027179928669,NEUTRAL,4.919444102811908e-05,0.0011806665846759764,0.0005165416307956977,0.0011806665846759764,0.0022383470667814314,0.0011806665846759764,0.005239207969499491,0.0011806665846759764,LOSS,-1.0,BUY_LOSS
2026-08-02T13:45:00+00:00,PAXGUSD,15m,263,0.0002459909622862285,0.007379728868765836,0.0071337379064684205,0.014759457737520486,0.48333333333334594,0,1,0.01046411192062602,0.15118490266650042,0.05049398346470478,0.26257979964884726,0.10937290743959432,0.2753562378084098,0.09698226012250495,0.12027043105445046,0.00040029871544078755,0.0005887892397488956,-0.00012390647317089387,0,57.66521111563201,7.665211115632012,0.3738275108785274,0.38972073045574984,-0.01589321957722245,0.0171952949151708,17.648525087929972,0.9094399168442381,0.022371400029131187,0.7694490674680331,0.00045515664595338265,0.17,1,-1,22,1,11,1,1,0.07601120734824561,-0.24377704363142458,1,1,0.15595827009316035,-0.3323337900565475,1,1,,-0.33676162737781146,,,1,0.012053557152316041,-1,1,1,1,1,80,0,1,0,0,65,1,1,1,1,0,0,1,1,5.4995,0,13,6,2,8,2.4599096228622845e-06,0.00019925267945654335,0.0014784056833751346,0.0030527478420442474,NEUTRAL,0.0005928382191237936,0.001104499420691342,0.0005928382191237936,0.001104499420691342,0.002314774955168111,0.001104499420691342,0.005315864695131132,0.001104499420691342,LOSS,-1.0,BUY_LOSS
2026-08-02T14:30:00+00:00,PAXGUSD,15m,266,0.02707225831856441,0.012305571962984839,0.0,0.03937783028154925,0.6874999999999822,1,0,-0.028681077212224126,-0.3992444393270489,0.0012299007491288593,0.012703039169991825,0.05684658996626137,0.14642585243427675,0.04658801838931264,0.05954877707927153,0.00029910977961352986,0.0005561668921713251,-0.00010258571576948731,0,42.53858166626367,-7.461418333736333,-0.03694125082620303,0.24275188347051888,-0.27969313429672193,-0.2637999147194995,20.776874645389103,1.1930173095141368,0.029361520710625536,0.04627715405361656,0.0007463976550815237,0.4,-1,-1,25,-1,1,1,1,0.08736956093718565,-0.013536129159287801,1,1,0.10705847607796587,-0.38147273085253003,1,1,,-0.28795038393384076,,,-1,-0.03691671588895452,-1,1,1,1,1,60,0,1,0,0,65,1,1,1,1,0,0,1,1,9.319,0,14,6,2,8,0.0006891120299271958,0.0009598346131128399,0.002116558377633482,-0.0003199448710375387,NEUTRAL,0.0010828903327426884,4.9222287851894594e-05,0.0015505020673361345,4.9222287851894594e-05,0.0028056704075605657,4.9222287851894594e-05,0.005808229966528934,0.000615278598149242,LOSS,-1.0,BUY_LOSS
2026-08-02T15:15:00+00:00,PAXGUSD,15m,269,0.0,0.0,0.007379710715333247,0.007379710715333247,1.0,0,0,0.013671789711671854,0.27884487535402513,0.04401195359259868,0.26079938979228245,0.0994681553348319,0.26621119283754524,0.09274098098076755,0.12285800436438876,0.00030340163880926825,0.0005545620174223323,-6.727174354064359e-05,0,54.04497918459187,4.044979184591867,0.18614834204527142,0.19923454993038503,-0.01308620788511361,0.2666069264116083,18.61415311402622,1.3660564974498808,0.0336036725733022,0.6502109886057126,0.0008221929128597022,0.51,1,-1,28,1,2,1,1,0.028288891075460895,-0.24353045360623204,1,1,0.1562038768080269,-0.33208698219029814,1,1,,,,,1,0.025828987503694334,-1,1,1,1,1,80,0,1,0,0,60,0,0,1,1,0,0,1,1,3.1979,0,15,6,2,8,0.0005165797500738867,0.0018941257502706566,0.0019433238217062116,-0.0020909180360129884,UP,0.0005903768572272191,0.00019679228574233178,0.0023123093574732097,0.00019679228574233178,0.0023123093574732097,0.00019679228574233178,0.00531339171504486,0.0034192659647740917,NO_SETUP,,NO_SETUP
2026-08-02T16:00:00+00:00,PAXGUSD,15m,272,0.02704762841476085,0.0,0.0,0.02704762841476085,1.0,1,0,0.04701316863157293,0.3438070402817175,0.0787946769447649,0.2846732207799505,0.13441469045704124,0.27706840447444847,0.13124952258270914,0.13231952491423726,0.0003178150831319197,0.0005562001351227635,-3.165167874332123e-05,0,61.57809288149179,11.578092881491791,0.40536397170035343,0.24881631231630524,0.1565476593840482,0.1696338672691618,17.792173324166892,1.327706313738086,0.03264664274356601,1.011820418852393,0.0009791010316477224,0.45,1,-1,31,1,5,1,1,0.036883129656495116,-0.20162777545551336,1,1,0.1979394624898616,-0.29014728663108824,1,1,,,,,1,0.06761907103691889,-1,1,1,1,1,80,-1,1,0,2,70,0,0,1,1,1,1,1,1,,0,16,6,2,8,7.376625931292314e-05,0.0015490914455727279,0.0015982689517814552,-0.002040866507659441,UP,0.0006393075807125597,0.00022129877793899307,0.0018933339890333713,0.00022129877793899307,0.0023113427918070497,0.00022129877793899307,0.004893161867761708,0.00383584548427547,NO_SETUP,,NO_SETUP
2026-08-02T16:45:00+00:00,PAXGUSD,15m,275,0.027038985300622122,0.03195516444619689,0.0,0.05899414974681901,0.4583333333332781,1,0,0.06459767271146476,0.5840160338293572,0.10099356966262309,0.3958803156515387,0.15809872590134105,0.3347386790787823,0.15908588993115072,0.16585465973685132,0.0003639589695115832,0.0005710515623871795,9.871640298096915e-06,1,64.66684941496632,14.666849414966322,0.7226473009177425,0.41753457971280905,0.3051127212049335,0.1485650618208853,20.632816880623775,1.4083348291846067,0.03461813158607263,1.0609700738939036,0.0012944629207175477,0.55,1,1,0,1,8,1,1,0.0688265080379462,-0.16960818052211166,1,1,0.040558477950927596,-0.2580994051423234,1,1,,,,,1,0.09955262769775779,-1,1,1,1,1,80,-1,1,1,2,70,0,0,1,1,1,1,1,1,,0,16,6,2,8,0.000934074037657977,0.00045474657096513543,0.002531832259967598,-0.0007865886632908456,NEUTRAL,0.001573177326581803,0.0004178752273732408,0.001573177326581803,0.0004178752273732408,0.0030480310702522225,0.0004178752273732408,0.0045720466053783895,0.004154171378004925,NO_SETUP,,NO_SETUP
2026-08-02T17:30:00+00:00,PAXGUSD,15m,278,0.05651799975427403,0.00245730433713992,0.012286521685710776,0.07126182577712473,0.9655172413793428,1,0,0.08095517612144797,0.6334916289856665,0.12213979080683345,0.43814161413092734,0.18114752020403666,0.35997403241526627,0.18646763878855144,0.18363161367915382,0.0004118461468538547,0.0005900772939720321,5.320118584514813e-05,1,66.61084055381394,16.610840553813944,0.9706508276926797,0.6287744312039985,0.3418763964886813,0.0367636752837478,23.975988339642328,1.6009881996058917,0.039341152466049675,1.0772675116611234,0.0015879585024517115,0.79,1,1,2,1,11,1,1,0.10074947782282612,-0.1376090428799696,1,1,0.07249047794568911,-0.22607199901707378,1,1,,,,,1,0.10812139083425706,-1,1,1,1,1,80,-1,1,1,2,70,0,0,1,1,1,1,1,1,,0,17,6,2,8,0.00041774173731412166,0.000491460867428431,0.00031944956382852485,-0.001769259122742307,NEUTRAL,0.0012532252119424768,-2.45730433713992e-05,0.0012532252119424768,4.91460867427984e-05,0.004251136503255973,0.0002457304337142155,0.004251136503255973,0.004472293893598677,NO_SETUP,,NO_SETUP
2026-08-02T18:15:00+00:00,PAXGUSD,15m,281,0.014736945522422485,0.017193103109491036,0.0,0.03193004863191352,0.0,0,1,0.09035104936654668,1.5159182683528343,0.14777627976775004,0.8539153324200015,0.21348060102791916,0.5801491444526619,0.22565545081810082,0.3009645358920352,0.0005742523040120338,0.0006570432126016909,0.00012174849790181681,1,66.77243260832768,16.772432608327676,1.7348032819859327,1.1045443195311662,0.6302589624547665,0.28838256596608525,31.786123609626205,1.8612503915940446,0.04571524270752185,0.9180583121072848,0.0027088670858455327,0.99,1,1,1,1,14,1,1,0.03315812742545338,-0.09087783072162581,1,1,0.0859655155474887,-0.17929950385616072,1,1,,,,,1,0.020877339490099452,-1,1,1,1,1,80,-1,1,1,2,70,0,0,1,1,1,1,1,1,,0,18,6,2,8,9.824630348285379e-05,0.00041754678980198903,0.0010807093383111684,-0.0002947389104485614,NEUTRAL,0.0006631625485090676,0.0005157930932848428,0.0012035172176647077,0.0005157930932848428,0.0037824826840890335,0.0011543940659233367,0.0037824826840890335,0.004936876750012259,NO_SETUP,,NO_SETUP
2026-08-02T19:00:00+00:00,PAXGUSD,15m,284,0.031937108463338214,0.004913401302046877,0.004913401302046877,0.041763911067431964,0.117647058823435,0,1,0.043903058946172954,0.9914786095055206,0.1084337774128937,0.7027665448722473,0.17867407969008572,0.5187207764656705,0.19676149512930022,0.27815936536990193,0.0006453071846672074,0.0007024030227719202,0.00018087415439214482,1,58.96299554709562,8.962995547095623,1.8506453136651544,1.49550511494275,0.3551401987224043,-0.2751187637323622,37.94251430902032,1.955600258867382,0.04804324429105471,0.7163130769127064,0.0030741527020862387,0.99,1,1,4,1,17,1,1,0.011055152929611059,-0.11300822994718988,1,1,0.06387421692667643,-0.2014494533841007,1,1,,,,,1,0.004913401302046877,-1,1,1,1,1,80,-1,1,1,2,70,0,0,1,1,1,1,1,1,,0,19,6,2,8,0.0006387421692666525,0.0015231544036358722,0.0009335462473898002,-0.0028252057486795232,UP,0.0007370101953077017,0.000294804078123036,0.0016951234492077363,0.000294804078123036,0.004004422061171891,0.0009335462473898002,0.004004422061171891,0.0047168652499692465,NO_SETUP,,NO_SETUP
2026-08-02T19:45:00+00:00,PAXGUSD,15m,287,0.01621207357333395,0.04421474610910681,0.010808049048893023,0.07123486873133379,0.15172413793104855,0,1,0.04262305096301372,0.5918725604792598,0.1080990733595335,0.5530403934958485,0.18083850624991868,0.45092048894821346,0.2038466085751468,0.25049968550047197,0.0006547602239651978,0.0007273943289038517,0.00023008102325228124,1,58.895958072822225,8.895958072822225,1.682655409070776,1.6024414236860458,0.08021398538473012,-0.2749262133376742,39.82083069786547,2.050056038167496,0.05035705957611559,0.699655839348065,0.0026656423329255697,1.0,1,1,7,1,20,1,1,0.05379460776607586,-0.099728816223874,1,1,0.07713016821255324,-0.18815830844206527,1,1,,,,,-1,-0.01621207357333395,-1,1,1,1,1,80,0,1,1,0,60,0,0,1,1,0,0,1,1,3.6173,0,19,6,2,8,0.0005797044489860398,-8.351674265056239e-05,-0.0026872740135199004,-0.0003291542210344643,NEUTRAL,0.0012920531362993776,5.895299481208284e-05,0.0038712466593303478,0.0006239191950951019,0.0038712466593303478,0.00295747523974217,0.0038712466593303478,0.00484888382329817,NO_SETUP,,NO_SETUP
2026-08-02T20:30:00+00:00,PAXGUSD,15m,290,0.04171779141103848,0.0,0.0,0.04171779141103848,1.0,1,0,0.11422420367613263,1.040565154122305,0.18683425498000952,0.7472606256606014,0.2641990724328778,0.5558957231969543,0.29323261269287926,0.30944800650286197,0.0007261005130387688,0.000773648174528683,0.0002903354026000146,1,68.74495793064442,18.744957930644418,1.9308710082009384,1.6952462284174952,0.2356247797834432,0.15541079439871308,43.63882877000727,1.972767170500702,0.04841146430676569,0.9703876126507966,0.002562258313050519,0.96,1,1,0,1,23,1,1,0.06380368098159286,-0.002453987730070277,1,1,0.09447852760735974,-0.09079754601226547,1,1,,,,,1,0.08834355828220636,-1,1,1,1,1,80,0,1,1,0,60,0,0,1,1,0,0,1,1,1.6421,0,20,6,2,8,0.0008588957055214724,-0.00147239263803681,-0.005055214723926358,-0.002233128834355806,NEUTRAL,0.0013742331288343335,0.0010306748466257223,0.0028957055214724374,0.002036809815950965,0.0028957055214724374,0.005815950920245354,0.0028957055214724374,0.005815950920245354,NO_SETUP,,NO_SETUP
2026-08-02T21:15:00+00:00,PAXGUSD,15m,293,0.0049093006701262385,0.02945580402071278,0.007363951005172615,0.04172905569601164,0.294117647058855,1,0,0.0672115926277034,0.8165032277424871,0.1429750185071622,0.6888366114721975,0.22406315272897595,0.5380034226141106,0.2587523345533535,0.3079176098658536,0.0007576342587945881,0.0008108813422181375,0.00034689181824377536,1,62.88075938647659,12.88075938647659,1.9071927452096133,1.7979504090981537,0.10924233611145961,-0.1263824436719836,42.96058432323766,2.2130719655940188,0.05432317841856743,0.8000158270774702,0.0022355213940499236,0.99,1,1,3,1,26,1,1,0.12395984192052288,-0.47497483983406336,1,1,0.06750288421414369,-0.1178232160828623,1,1,,,,,1,0.027001153685655244,-1,1,1,1,1,80,0,1,1,0,60,0,0,1,1,0,0,1,1,3.8952,0,21,6,2,8,-0.0007609416038685066,0.0009082206239720705,-0.0032401384422789644,-0.003348143057021496,NEUTRAL,0.0031664989322271265,0.0013255111809322986,0.0031664989322271265,0.0017673482412431018,0.0031664989322271265,0.005547509757235059,0.0031664989322271265,0.005547509757235059,NO_SETUP,,NO_SETUP
2026-08-02T22:00:00+00:00,PAXGUSD,15m,296,0.058810556494893064,0.14457595138327553,0.10781935357396875,0.31120586145213736,0.5354330708661446,1,0,0.18982628212785885,1.9915123247042175,0.2846611826824822,1.207921074873866,0.3752932261149206,0.8127675145019566,0.4187186528096502,0.45382185486005255,0.0009483490055462334,0.0009063204343243842,0.00043425426694729605,1,75.86594535199289,25.86594535199289,2.7832051609748305,2.1315839496553988,0.6516212113194317,0.5423788752079721,46.68695010432045,3.15328684708824,0.07726939761053296,1.1602327788937932,0.0029956949731567346,1.0,1,1,0,1,29,1,1,0.17520644955769785,-0.3026293219632902,1,1,0.23891788576049403,-0.4067730157563261,1,1,,,,,1,0.18010732926560094,-1,1,1,1,1,80,0,1,1,0,52,0,0,1,1,0,0,1,1,1.3143,1,22,6,2,8,-0.001249724325516408,-0.004655835722512191,-0.0035041289911539567,-0.004214756548800576,DOWN,0.0,0.003479624592614441,7.351319561854668e-05,0.004949888504986712,7.351319561854668e-05,0.00725330196770318,7.351319561854668e-05,0.00725330196770318,NO_SETUP,,NO_SETUP
2026-08-02T22:45:00+00:00,PAXGUSD,15m,299,0.09342347879533329,0.0,0.009834050399510533,0.10325752919484382,0.0952380952381107,0,1,-0.11606411616594192,-0.9324713275946124,-0.044788288336081866,0.03850183215945435,0.04127505089370727,0.23647856942216094,0.0864114917259563,0.17270207655565173,0.0007127582782986004,0.0008606333922978913,0.0004513644083224904,1,42.004084287094855,-7.995915712905145,1.1654971703128467,1.8986093994054856,-0.7331122290926388,-1.3847334404120706,43.75164249370679,3.8205434413458206,0.09392854188926418,0.05756217681388034,0.0029492767982706104,1.0,-1,-1,0,-1,2,1,1,0.05162876459741633,-0.14136447449293177,1,1,-0.009834050399499354,-0.2003687768899838,1,1,,,,,-1,-0.27781192378611386,-1,1,1,1,1,60,0,1,0,0,64,0,0,1,1,0,1,1,1,6.7452,1,22,6,2,8,0.0016717885679164552,-0.002655193607867285,-0.00022126613398895905,-0.0015980331899200983,DOWN,0.003368162261831547,0.00019668100799021066,0.003368162261831547,0.003982790411800816,0.003368162261831547,0.003982790411800816,0.003368162261831547,0.003982790411800816,NO_SETUP,,NO_SETUP
2026-08-02T23:30:00+00:00,PAXGUSD,15m,302,0.05892173229893182,0.004910144358250832,0.036826082686831,0.10065795934401366,0.3658536585365529,0,1,0.02034147666030213,0.15054304762270476,0.08577312179396367,0.38452557501796036,0.17132914609210487,0.40028391647774697,0.2199203907711901,0.25699006906097566,0.0006543164513366154,0.0008555602429814118,0.00048591244679085265,1,52.427723088277155,2.4277230882771548,0.9680617270914809,1.426348874788025,-0.4582871476965442,0.27482508139609463,42.25048242010429,3.9638972086868995,0.09731653757946823,0.5248767964377924,0.0031138867730906863,1.0,-1,-1,3,-1,5,1,1,0.06874202101542232,-0.4922419719139788,1,1,0.13011882549347398,-0.060149268388497316,1,1,,,,,-1,-0.08715506235883783,-1,1,1,1,1,60,0,1,0,0,64,0,0,1,1,0,1,1,1,4.9837,1,23,6,2,8,-0.0032161445546498844,-0.0035844053815181944,-0.0004173622704507066,-0.003952666208386505,DOWN,0.001964057743297653,0.0034862024943532895,0.001964057743297653,0.005376608072277236,0.001964057743297653,0.005376608072277236,0.001964057743297653,0.005720318177354348,NO_SETUP,,NO_SETUP
2026-08-03T00:15:00+00:00,PAXGUSD,15m,305,0.1401214385800983,0.03195752107967703,0.0688315838639146,0.2409105435236899,0.28571428571429897,0,1,-0.11355741371090705,0.14795105967368727,-0.053941583268286124,0.3880004626826121,0.031270489809065896,0.4065265236808955,0.08338548271798932,0.2657593054073004,0.0005961583044262092,0.0008521207307735202,0.0005211499290892343,1,44.282484889205676,-5.717515110794324,0.6896430315423459,1.230466103722465,-0.540823072180119,-0.08253592448357483,41.37238560797882,4.8046582243021705,0.11811151267981441,0.10316193572210487,0.003332641835767905,1.0,-1,-1,6,-1,8,1,1,0.06145677130706261,-0.6231716610536125,1,1,0.22247351213157113,-0.7276481722756191,1,1,,,,,-1,-0.2175569704269994,-1,1,1,1,1,60,0,1,0,0,52,0,0,1,1,0,0,1,1,9.4751,1,0,0,3,8,-0.003318665650581381,-0.0007128985471619487,-0.0014995452198923055,-0.0029253423142162026,NEUTRAL,0.0010816391750043243,0.004080729614788935,0.0010816391750043243,0.004080729614788935,0.0013028835517096603,0.004080729614788935,0.0013028835517096603,0.004424887534108508,NO_SETUP,,NO_SETUP
2026-08-03T01:00:00+00:00,PAXGUSD,15m,308,0.1084892866829423,0.14793993638582736,0.007150430258647426,0.2635796533274171,0.027128157156217227,0,1,-0.3284143012680379,-3.499903215818449,-0.32439799134389313,-1.2376803308366107,-0.25876900581287815,-0.43305317630438367,-0.21331608884363668,-0.15650133328381344,4.0163099241447405e-05,0.0006562898553101502,0.0004545291696924146,1,32.504482532957525,-17.495517467042475,-2.1042028221536384,0.005219273691954129,-2.1094220958455927,-1.5685990236654737,34.29490497504853,5.616717973320683,0.13848948327836585,-0.1365962627660228,0.006078615647822666,1.0,-1,-1,0,-1,11,1,1,0.014793993638580494,-0.4203959858963972,1,1,0.001232832803219713,-0.4672436324185782,1,1,,,,,-1,-0.4499839731735582,-1,1,1,1,1,45,0,1,-1,0,65,0,0,1,1,0,0,1,1,,2,1,0,3,8,0.001232832803215228,0.0016273393002441906,0.00278620213526646,-0.0007150430258647426,UP,0.0018985625169515184,0.0010848928668293109,0.003550558473259879,0.0010848928668293109,0.004314914811253298,0.0010848928668293109,0.004314914811253298,0.0015040560199225557,NO_SETUP,,NO_SETUP
2026-08-03T01:45:00+00:00,PAXGUSD,15m,311,0.12266614118922159,0.02216857973298281,0.02266121483817116,0.16749593576037555,0.8676470588235776,1,0,-0.1507777865244545,-3.0982222392076437,-0.19007543128518917,-1.3399269756178,-0.1443095848694953,-0.5362140422207631,-0.10674200302862033,-0.21794877627507958,-0.0003929764476073465,0.0004576584641569385,0.00037567581840874974,0,40.865859778183776,-9.134140221816224,-3.5586478586692465,-1.6246089732417799,-1.9340388854274666,0.1753832104181261,30.799215746807853,5.996621496860583,0.147707313090807,0.21275104350423565,0.007819994546603011,1.0,-1,-1,2,-1,14,1,1,0.2832651854771171,-0.31898123060248823,1,1,0.3510025124390364,-0.36578156559436203,1,1,,,,,-1,-0.15887482141976988,-1,1,1,1,1,80,0,-1,-1,0,60,0,0,1,1,1,0,1,1,,2,1,0,3,8,0.0016749593576037556,0.002561702546923404,0.001234050938469817,0.0012562195182028446,UP,0.0022661214838168918,0.001133060741908558,0.0030297058968421415,0.001133060741908558,0.0033006552046897964,0.001133060741908558,0.0033006552046897964,0.0025124390364058015,NO_SETUP,,NO_SETUP
2026-08-03T02:30:00+00:00,PAXGUSD,15m,314,0.027079589374951602,0.009847123409076362,0.13539794687476922,0.17232465965879717,0.9428571428571298,1,0,-0.05998530317053859,-1.3846135772296293,-0.11384849128914265,-0.7920427946601194,-0.08019667950575246,-0.3010112083288732,-0.047401196027412135,-0.10802785512669288,-0.0005386318811860406,0.0003365181178339019,0.0003279548347834032,0,44.943634062908735,-5.056365937091265,-3.300545818707633,-2.529406928678995,-0.771138890028638,1.1628999953988286,26.2207185013475,6.256332882143846,0.15401720494679713,0.3534816369673153,0.007904510240837648,1.0,-1,-1,5,-1,17,1,1,0.33972575761305057,-0.26217966076660076,1,1,0.4074247310504352,-0.30895349695970514,1,1,,,,,1,0.11693459048274404,-1,1,1,1,1,80,0,-1,-1,0,60,0,0,1,1,1,0,1,1,,2,2,0,3,8,0.001107801383520839,-0.0007631520642032223,-0.00036926712784027965,-0.0031756972994264276,NEUTRAL,0.001969424681814825,0.0004923561704537063,0.0027325767460180473,0.0009108589153393117,0.0027325767460180473,0.0018955712562467241,0.0027325767460180473,0.003963467172152312,NO_SETUP,,NO_SETUP
2026-08-03T03:15:00+00:00,PAXGUSD,15m,317,0.046738167863821976,0.07379710715339959,0.029518842861355362,0.15005411787857695,0.19672131147538294,0,1,0.009501290508764927,0.27709053814714935,-0.03438259469425125,-0.1269183251456525,-0.004227486465608047,0.014186461596636946,0.0277467884234673,0.046553573179608065,-0.00043883885203016174,0.000301551082286432,0.0003197427488907535,0,49.29454167827498,-0.7054583217250183,-1.9905934146208892,-2.4267540837910566,0.4361606691701674,1.2072995591988054,23.651847669355984,6.23843416256195,0.1534594647880043,0.5020590506975658,0.00657082057749108,0.97,1,-1,8,1,2,1,1,0.04796811964970526,-0.18572271966939344,1,1,0.48337105185475837,-0.23246088753321542,1,1,,,,,1,0.1931024303847155,-1,1,1,1,1,80,0,0,0,0,61,0,0,1,1,1,1,1,1,,2,3,0,3,8,0.001549739250221436,0.0011069566073009939,-0.001967922857423989,-0.006690937715241518,NEUTRAL,0.0018941257502706566,0.0010331595001475495,0.001967922857423989,0.0022532716717504316,0.001967922857423989,0.002656695857522318,0.001967922857423989,0.007109121322444071,NO_SETUP,,NO_SETUP
2026-08-03T04:00:00+00:00,PAXGUSD,15m,320,0.038590773118201055,0.04350679517148269,0.013764861749179645,0.0958624300388634,0.5461538461538614,1,0,0.0792321301409537,0.2928219415989588,0.044731843417442956,-0.08756024481544955,0.07212228640080283,0.023971605870428903,0.10343246884662011,0.04998828316320214,-0.0003450028672351076,0.0002739044298335988,0.00031310182445817267,0,53.80207555164523,3.802075551645231,-1.0749001137164669,-1.9535820178964445,0.8786819041799776,0.4425212350098102,21.940110888792997,6.05369528248856,0.1488004975626009,0.6410524230956064,0.006433495323932547,0.92,1,-1,11,1,5,1,1,0.4923396086354781,-0.10864408737737777,1,1,0.5599349118680084,-0.15534629688349183,1,1,,,,,1,0.1875462413324413,-1,1,1,1,1,80,0,0,0,0,61,0,0,1,1,1,1,1,1,,2,4,0,3,8,-0.0016050812003942025,-0.0005972966794728639,-0.0012609596566650466,-0.0070372855692630906,NEUTRAL,0.001197051369972419,0.003020895551737436,0.001197051369972419,0.003020895551737436,0.001197051369972419,0.0034240093601059494,0.001197051369972419,0.0105522413373546,NO_SETUP,,NO_SETUP
2026-08-03T04:45:00+00:00,PAXGUSD,15m,323,0.1598937321656991,0.03689855357669979,0.004919807143555498,0.20171209288595443,0.024390243902417383,0,1,-0.021240544103034893,0.9568951190399275,-0.03887536852720831,0.27020048667282026,-0.009884694166625296,0.2060052015913243,0.02300713450514515,0.14268812792442986,-0.0001763482442417342,0.0002899067436058302,0.00032891828671770447,0,48.41895957474608,-1.5810404252539172,-0.11222762564830191,-1.095863612142461,0.9836359864941591,0.10495408231418146,21.382795517536042,5.865185326394811,0.1442779033355016,0.5737224017153552,0.00515216981230043,0.88,1,1,2,1,8,1,1,0.4157237036308087,-0.6900029518842906,1,1,0.023369083931905395,-0.23246088753321542,1,1,,,,,-1,-0.008609662501238902,-1,1,1,1,1,25,0,0,1,0,61,0,0,1,1,1,1,1,1,,2,4,0,3,8,0.00044278264292044227,-0.001215192364459215,-0.001746531535963768,-0.0052395946078913035,NEUTRAL,0.0016727344288104355,0.0022532716717504316,0.0017711305716816572,0.002656695857522318,0.0017711305716816572,0.003763652464823312,0.0017711305716816572,0.00979041621568428,NO_SETUP,,NO_SETUP
2026-08-03T05:30:00+00:00,PAXGUSD,15m,326,0.06988188976378311,0.036909448818897635,0.12204724409448908,0.22883858267716983,0.838709677419358,1,0,-0.023348869331622463,-1.1145725492392557,-0.05418374717191283,-0.5783339963013532,-0.03372826933649656,-0.23111572142624937,-0.0045878838063379045,-0.07826237020708504,-0.00030834877840290367,0.00020455477835416266,0.0002914038553015866,0,48.145693478252404,-1.8543065217475956,-0.8685529592285093,-0.9636174954170176,0.0950645361885083,-0.8885714503056508,19.8641839821531,6.374319301053009,0.15684840799835162,0.5713696215703084,0.004512804164932438,0.99,-1,1,5,-1,2,1,1,0.38631889763779076,-0.10334645669290891,1,1,0.4539862204724365,-0.2620570866141755,1,1,,,,,-1,-0.07627952755905289,-1,1,1,1,1,60,0,0,0,0,61,0,0,1,1,1,1,1,1,,2,5,0,3,8,0.00019931102362203383,-7.381889763784004e-05,-0.0026820866141732506,-0.0047736220472441165,NEUTRAL,0.0020669291338582902,0.0007627952755905288,0.0020669291338582902,0.0023622047244094262,0.0020669291338582902,0.0034694881889763556,0.0020669291338582902,0.009498031496062969,NO_SETUP,,NO_SETUP
2026-08-03T06:15:00+00:00,PAXGUSD,15m,329,0.06757254834508686,0.06634395655700108,0.013514509669010669,0.1474310145710986,0.5499999999999545,1,0,0.09218062306086926,0.9996271336544851,0.0787307114549697,0.293868750850379,0.10147096305847074,0.19971935057401424,0.13212756308050005,0.13635296742313585,-0.0001344991160589956,0.0002274025160350104,0.00030656600022029295,0,54.50682409599662,4.50682409599662,0.12440246450614723,-0.5538807028480291,0.6782831673541764,0.5832186311656681,16.860295703655243,6.470728682366415,0.15899768244259813,0.8015837474584461,0.004334886704240293,0.98,-1,1,8,-1,5,1,1,0.08538712927242571,-0.5786667321915666,1,1,0.593409833648663,-0.12163058702116306,1,1,,,,,1,0.12482492567019504,-1,1,1,1,1,60,0,-1,0,0,72,0,0,1,1,1,1,1,1,,2,6,0,3,8,-0.002236037054328307,-0.0021377497112808853,-0.004275499422561771,-0.006069243433176848,DOWN,-2.457183576182742e-05,0.0037594908715629476,-2.457183576182742e-05,0.0037594908715629476,-2.457183576182742e-05,0.004938938988131782,-2.457183576182742e-05,0.01088532324249938,NO_SETUP,,NO_SETUP
2026-08-03T07:00:00+00:00,PAXGUSD,15m,332,0.03199842469294267,0.0516897629655133,0.046766928397362253,0.13045511605581822,0.35849056603768564,0,1,-0.06983667347392006,-0.4112706500668537,-0.08767433174667696,-0.23395116004485317,-0.06904536519722905,-0.06533016454159224,-0.04004330786134868,0.004034903170122561,-0.0001783765827275691,0.00018628966549447929,0.0002900205733588036,0,45.98051631045913,-4.01948368954087,-0.2781726828511637,-0.3308455041784924,0.0526728213273287,-0.6256103460268476,15.114608545151317,6.263881528848013,0.154180262604869,0.29418897582620357,0.0032472513475350715,0.93,-1,1,11,-1,8,1,1,0.35444408890638335,-0.7519629802840521,1,1,0.422133064218368,-0.2941393654466309,1,1,,,,,-1,-0.03741354271790771,-1,1,1,1,1,60,0,-1,0,0,75,0,0,1,1,1,1,1,1,,2,7,0,3,8,-0.0013537795062396928,-0.001378393679080392,-0.0008861102222659584,-0.005316661333595862,NEUTRAL,0.0005661259753366436,0.002042976345779833,0.0005661259753366436,0.003150614123612309,0.0010584094321510775,0.003224456642134519,0.0010584094321510775,0.009181086469589123,NO_SETUP,,NO_SETUP
2026-08-03T07:45:00+00:00,PAXGUSD,15m,335,0.05414584922841718,0.04676232433363912,0.019689399719430532,0.12059757328148682,0.6122448979591724,1,0,-0.03367578544187156,-1.0689736949361759,-0.06417133623715812,-0.5545995132201824,-0.05322246440922785,-0.24262410045639626,-0.028014406233775314,-0.08858612879839711,-0.0003049555079528657,0.0001094887182793027,0.0002520805817545254,0,47.45025489408607,-2.549745105913928,-0.9474813440842809,-0.5957786188820036,-0.3517027252022773,-0.404375546529606,17.08509073264738,6.1407608304952825,0.1511348682162704,0.3462726194082436,0.0034003460694534324,0.84,-1,1,14,-1,11,1,1,0.3642538948093753,-0.7420442519258716,1,1,0.4319362063449023,-0.2842657084492181,1,1,,,,,0,-0.007383524894789248,-1,1,1,1,1,80,0,-1,0,0,75,0,0,1,1,1,1,1,1,,2,7,0,3,8,2.4611749649260184e-05,-0.0017474342250990399,-0.0026088454628239296,-0.006226772661268422,DOWN,0.0002215057468435655,0.0018704929733454527,0.0002215057468435655,0.0032487509537052544,0.0009598582363220425,0.004208609190027297,0.0009598582363220425,0.009278629617779484,NO_SETUP,,NO_SETUP
2026-08-03T08:30:00+00:00,PAXGUSD,15m,338,0.056655828160403175,0.05911912503695169,0.036949453148093406,0.1527244063454483,0.6129032258064255,1,0,-0.09159639041020624,-1.149833773195951,-0.1348565669420934,-0.6327083710707484,-0.132134568003756,-0.29834702873085917,-0.11127983866484276,-0.12073700924656805,-0.00043260176531887155,2.7219989383374112e-05,0.00020854729338913222,0,44.047655835350284,-5.952344164649716,-1.5134357610845655,-0.9388708195601955,-0.57456494152437,-0.2228622163220927,19.162471719657365,6.120354061442446,0.1507624904286739,0.18973390240865992,0.003921209412563878,0.82,-1,1,17,-1,14,1,1,0.2783525470489636,-0.8288993989555644,1,1,0.34609321115380154,-0.37072617991920837,1,1,,,,,0,-0.0024632968765373204,-1,1,1,1,1,80,0,-1,0,0,75,0,0,1,1,1,1,1,1,,2,8,0,3,8,-0.0003694945314809341,-0.001675041876046834,-0.00539462015962166,-0.002857424376785868,DOWN,0.0010592176569120559,0.002389397970243329,0.0010592176569120559,0.002463296876539561,0.0018228396886392972,0.008424475317765252,0.0018228396886392972,0.008424475317765252,NO_SETUP,,NO_SETUP
2026-08-03T09:15:00+00:00,PAXGUSD,15m,341,0.17752354652595834,0.0,0.024656048128605945,0.20217959465456428,0.12195121951219783,0,1,-0.16301220269504976,-0.9069981481866307,-0.21432986806562976,-0.5818464025751382,-0.2187732533261466,-0.29112931427835065,-0.20206396961445347,-0.12220585081468016,-0.0005131766537058,-4.44338526051684e-05,0.00016709283711693144,0,40.613835284963315,-9.386164715036685,-1.731208213172522,-1.229575683763612,-0.5016325294089099,0.07293241211546009,20.977727963926913,6.030389166541175,0.1486855655244631,0.03648702248906869,0.003976081492729382,0.78,-1,1,20,-1,17,1,1,0.1849203609645446,-0.9233690024162883,1,1,0.25272449331821095,-0.46476650722421986,1,1,,,,,-1,-0.10971941417229197,-1,1,1,1,-1,80,0,-1,0,0,60,0,0,1,1,1,0,1,1,,2,9,0,3,8,-0.0006657132994724278,0.0022437003797031187,-0.003969623748705647,0.000591745155086453,UP,0.0013314265989446314,0.0014547068395877733,0.0026628531978893748,0.001528674983973636,0.0027614773904038213,0.00749543863109623,0.0027614773904038213,0.00749543863109623,NO_SETUP,,NO_SETUP
2026-08-03T10:00:00+00:00,PAXGUSD,15m,344,0.0024641466660073196,0.019713173328080973,0.05667537331821318,0.07885269331230148,0.749999999999929,1,0,-0.07453459123924752,-1.1866861352350497,-0.13645279613742858,-0.7552634161570495,-0.14965171430205418,-0.3998397385962562,-0.1382957493325524,-0.18299238020972552,-0.0006191820489818106,-0.00013198918164625582,0.00011355964969501749,0,44.184392532405454,-5.815607467594546,-2.0133575604340876,-1.5997765828392583,-0.41358097759482937,0.08805155181408053,23.613999294556802,5.860810859654117,0.14441897539929321,0.24480212174619737,0.0038329900280923493,0.68,-1,1,23,-1,20,1,1,0.24395051993493758,-0.8636834064363555,1,1,0.31171455325020053,-0.4053521265585795,1,1,,,,,1,0.03203390665811757,-1,1,1,1,-1,80,0,-1,0,0,52,0,0,1,1,1,0,1,1,1.5212,1,10,0,3,8,-0.0014538465329455514,-0.002217731999408605,-0.0043122566655167316,-9.856586664029279e-05,DOWN,0.0002217731999408829,0.0021191661327682,0.0021684490660884583,0.0030062589325316196,0.0021684490660884583,0.008082401064511293,0.0021684490660884583,0.008082401064511293,NO_SETUP,,NO_SETUP
2026-08-03T10:45:00+00:00,PAXGUSD,15m,347,0.0027139117583959136,0.029606310091553026,0.08857221102391316,0.12089243287386209,0.7326530612245059,0,1,-0.15203148176716424,-1.8726379658323822,-0.2332236974959582,-1.0945277883124618,-0.25879434345445096,-0.5937394203442636,-0.2549818417606569,-0.28741958735463413,-0.0008119221572879396,-0.00025570645958492775,3.812501693794035e-05,0,38.24591555265401,-11.754084447345988,-2.7417755729470628,-2.048599963383129,-0.6931756095639336,-0.2795946319691043,26.626639340467445,5.599162339161838,0.1381421137218299,0.08483961985420643,0.004344024119521022,0.61,-1,1,26,-1,23,1,1,0.12064571362309373,-0.03602101061139587,1,1,0.18849350758291303,-0.5294595121373544,1,1,,,,,-1,-0.0915328420330662,-1,1,1,1,-1,80,0,-1,0,0,52,0,0,1,1,1,0,1,1,1.095,1,10,0,3,8,0.0014581107720091717,-0.0037476654190896686,-0.002390709539893283,0.0016801580976958754,DOWN,0.0034071928530367305,0.000861050185162856,0.0034071928530367305,0.004167088145386689,0.0034071928530367305,0.006856327978703185,0.0034071928530367305,0.006856327978703185,NO_SETUP,,NO_SETUP
2026-08-03T11:30:00+00:00,PAXGUSD,15m,350,0.14292402848623068,0.01724945171386296,0.007392622163085727,0.16756610236317937,0.8970588235293744,1,0,-0.00035475462839447945,-1.2377285182637934,-0.08917527925709924,-0.9241775770042295,-0.12422274086583442,-0.5383434023851805,-0.12704807556548434,-0.2691605575359972,-0.0008882052462870476,-0.00035047461608735185,-2.825334699649907e-05,-1,48.09263024675862,-1.9073697532413831,-2.6826380554434763,-2.44967139414852,-0.23296666129495636,0.4602089482689773,27.60997173888261,5.491749146916415,0.1353280881919227,0.4708432880724069,0.0037436481858231802,0.59,-1,1,29,-1,26,1,1,0.2414923239939806,-0.8661688967743547,1,1,0.30925802715555867,-0.40782632266331986,1,1,,,,,1,0.033266799733863366,-1,1,1,1,-1,80,0,-1,-1,0,52,0,0,1,1,1,0,1,1,1.5181,1,11,0,3,8,-0.0013799561371084766,-0.0045341415933565195,-0.003030975086863243,9.856829550777234e-05,DOWN,0.0021931445750474586,0.002981690939109413,0.0021931445750474586,0.008057958157758512,0.0021931445750474586,0.008057958157758512,0.0021931445750474586,0.008057958157758512,NO_SETUP,,NO_SETUP
2026-08-03T12:15:00+00:00,PAXGUSD,15m,353,0.11099052880820835,0.01233228097868982,0.04686266771902355,0.17018547750592172,0.27536231884058926,0,1,-0.09803143133169942,0.2601900543377269,-0.17384316642081418,-0.2705246681666722,-0.2102165479229941,-0.21806332808637308,-0.2156353302434844,-0.11301912513090429,-0.0007581173508911476,-0.00036373381502179895,-5.418782320490372e-05,-1,43.84912624101805,-6.150873758981952,-1.7346896196731905,-2.0835415157806985,0.348851896107508,0.5818185574024644,23.25503271915401,6.111688365807348,0.15074211636265164,0.2555997269394186,0.003704900502161519,0.79,1,1,32,1,2,1,1,0.15045382794001352,-0.9582182320441966,1,1,0.21828137332280756,-0.49945737963693765,1,1,,,,,-1,-0.05796172059983991,-1,1,1,1,-1,60,0,-1,0,0,62,0,0,1,1,1,1,1,0,1.0973,1,12,0,3,8,-0.004118981846882467,-0.0025897790055248618,-0.0030830702446724544,0.00044396211523276615,DOWN,0.0007646014206787463,0.007152722967640094,0.0007646014206787463,0.007152722967640094,0.0007646014206787463,0.007152722967640094,0.0021211523283346263,0.007152722967640094,NO_SETUP,,NO_SETUP
2026-08-03T13:00:00+00:00,PAXGUSD,15m,356,0.23247761784636914,0.11623880892317896,0.009892664589209352,0.35860909135875746,0.027586206896557997,0,1,-0.3048664987471137,-2.647614341571625,-0.40955574976112896,-1.4883201535240005,-0.46181501890758925,-0.8499912444804067,-0.4774556928406166,-0.4372753450743403,-0.0010468925101401528,-0.0005225926914646029,-0.00015640673933027356,-1,35.50167598283055,-14.498324017169452,-3.179440362785499,-2.3735139460580488,-0.8059264167274502,-1.1547783128349582,23.54603270562129,6.987456027579735,0.17281139703169943,-0.15830875511920792,0.004703802834609173,1.0,-1,-1,0,-1,2,1,1,-0.002473166147299526,-1.2328733244299328,0,1,,-0.1842508779739778,0,1,,,,,-1,-0.36850175594796686,-1,1,1,1,-1,80,0,-1,-1,0,60,0,0,1,1,1,0,1,1,,2,13,0,3,8,-0.0009150714745017245,0.0002967799376761681,-9.892664589209352e-05,0.0028688727308700374,NEUTRAL,0.0003462432606222711,0.004451699065143196,0.0008903398130286167,0.004451699065143196,0.0011698075876737444,0.004451699065143196,0.004847405648711458,0.004451699065143196,NO_SETUP,,NO_SETUP
2026-08-03T13:45:00+00:00,PAXGUSD,15m,359,0.037136066547831255,0.04951475539710835,0.081699346405222,0.1683501683501616,0.7058823529411646,1,0,-0.29752454939253953,-4.509360411277612,-0.4533619611375811,-2.4477808515725883,-0.5320117475251709,-1.3840099684730376,-0.5640786842913553,-0.7211772684213429,-0.0015583741174504152,-0.0007864978638758977,-0.00032066936766184464,-1,33.83488436569118,-16.16511563430882,-5.400131162748494,-3.627770989715181,-1.772360173033313,-0.9664337563058627,28.357074842566448,7.578768546863189,0.18763043540461452,0.051882575118031266,0.007496406669644916,0.99,-1,-1,0,-1,5,0,1,,-0.0581798375916113,0,1,,-0.28842345018815835,0,1,,,,,-1,-0.3552683699742613,-1,1,1,-1,-1,80,0,-1,-1,0,60,0,0,1,1,1,0,1,1,,2,13,0,3,8,0.00037136066547831253,0.0014359279065161868,0.0028718558130323736,0.004283026341849916,NEUTRAL,0.0019310754604872703,0.0012626262626262402,0.0022108338284809593,0.0012626262626262402,0.003045157456922208,0.0012626262626262402,0.005892255892255937,0.0012626262626262402,NO_SETUP,,NO_SETUP
2026-08-03T14:30:00+00:00,PAXGUSD,15m,362,0.10633036597428738,0.05192878338278707,0.017309594460925275,0.17556874381799972,0.7042253521126851,1,0,-0.11473403285694414,-2.577767310328454,-0.28848604292751473,-1.845820758280297,-0.38456533637045776,-1.1371963032152053,-0.42948682692328566,-0.6158189351185683,-0.001737520100705706,-0.0009607929344294307,-0.00044921490552827885,-1,41.215784141416236,-8.784215858583764,-5.44080452106391,-4.5877582551607095,-0.8530462659032008,0.9193139071301122,30.6020990014966,7.5610256914935885,0.18696898346917873,0.3084902102777008,0.007966876519852194,0.96,-1,-1,3,-1,8,0,1,,-0.055637982195845696,0,1,,-0.1693867457962391,0,1,,,,,1,0.06305637982196295,-1,1,1,-1,-1,80,0,-1,-1,0,60,0,0,1,1,1,0,1,1,,2,14,0,3,8,-0.00012363996043521266,-0.0007171117705242559,0.00368447082096936,0.00368447082096936,NEUTRAL,0.0010212660731948836,0.0015825914935707446,0.0010212660731948836,0.0015825914935707446,0.004327398615232443,0.00187932739861521,0.007146389713155315,0.00187932739861521,NO_SETUP,,NO_SETUP
2026-08-03T15:15:00+00:00,PAXGUSD,15m,365,0.014851117546593129,0.1212841266305312,0.05197891141308158,0.18811415559020592,0.2763157894736756,0,1,-0.16516527410493254,-1.867002049621533,-0.34568657539418834,-1.6002922434881839,-0.45550710308505116,-1.048879731082252,-0.5119387511719719,-0.5856097946789305,-0.001805213012892558,-0.0010982052769086285,-0.0005643164808692066,-1,37.20796161877203,-12.792038381227968,-5.060994462409781,-4.835350621795644,-0.22564384061413634,0.6274024252890644,31.2832037066907,7.379764374712627,0.18266291365839032,0.25730858760996794,0.007837708763363016,0.94,-1,-1,6,-1,11,0,1,,-0.15222395485260493,0,1,,-0.2660825227098339,0,1,,,,,1,0.09653226405287223,-1,1,1,-1,-1,80,0,-1,-1,0,70,0,0,1,1,1,1,1,1,,2,15,0,3,8,0.0014108561669266288,-0.0005692928392860888,0.004554342714289273,0.002722704883542487,NEUTRAL,0.0019875745649860646,0.0004455335263977939,0.0019875745649860646,0.0006237469369570016,0.005296898591619042,0.0009158189153733368,0.008118610925472187,0.0009158189153733368,NO_SETUP,,NO_SETUP
2026-08-03T16:00:00+00:00,PAXGUSD,15m,368,0.00989290925728084,0.024732273143224594,0.04699131897212898,0.0816165013726344,0.575757575757651,0,1,-0.06654673268250602,-0.7821581965613404,-0.2375065518631045,-1.1629809210194253,-0.3548136057673454,-0.8567639497478012,-0.4199734559272735,-0.5020507425911092,-0.0017095981918059848,-0.0011730705390424092,-0.0006515985015992811,-1,42.83556253617087,-7.164437463829131,-4.015620053605744,-4.556642149355963,0.5410220957502192,0.7666659363643555,30.490453539930307,7.018076651327839,0.17357298868072712,0.3988979692446024,0.007614260836579754,0.89,-1,-1,9,-1,14,0,1,,-1.2353770435040639,0,1,,-0.18672866223133894,0,1,,,,,1,0.024732273143224594,-1,1,1,-1,-1,80,-1,-1,-1,4,87,0,0,1,1,1,1,1,1,,1,16,0,3,8,-0.0003462518240051668,0.0011624168377315108,0.003610911878910768,0.004253950980634585,NEUTRAL,0.000667771374867019,0.0007419681942967377,0.0011624168377315108,0.0017065268468825193,0.0048722578092152,0.0017065268468825193,0.007320752850394457,0.0017065268468825193,NO_SETUP,,NO_SETUP
2026-08-03T16:45:00+00:00,PAXGUSD,15m,371,0.034614053305644335,0.0,0.0420313504425609,0.07664540374820523,0.548387096774151,0,1,-0.028793256688468154,-0.22611198253025577,-0.18354761518780385,-0.8793355675952625,-0.3045370541927375,-0.7288728281118892,-0.37662731618797607,-0.44771831296884557,-0.001547543584993357,-0.0012098943900493368,-0.0007209026199523852,-1,45.20392780957691,-4.796072190423089,-2.92558138083632,-3.891927984090284,0.9663466032539638,0.4253245075037446,28.770730778100134,6.210974636649884,0.1535621479664215,0.5082171258131181,0.005416220282908345,0.69,-1,-1,12,-1,17,0,1,,-1.202838352371065,0,1,,-0.1545270236859022,0,1,,,,,1,0.04289670177520959,-1,1,1,-1,-1,80,-1,-1,-1,4,72,0,0,1,1,0,1,1,1,,1,16,0,3,8,-0.0003955891806358871,0.0033625080354052093,0.0033625080354052093,0.003955891806359096,UP,0.0002719675616871654,0.002027394550758992,0.0038322701874103746,0.002027394550758992,0.004549275577312983,0.002027394550758992,0.006996983632497697,0.002027394550758992,NO_SETUP,,NO_SETUP
2026-08-03T17:30:00+00:00,PAXGUSD,15m,374,0.029680195889288375,0.022260146916971903,0.024733496574410724,0.076673839380671,0.7096774193548009,1,0,-0.042396807269851726,-0.9504267452944077,-0.19284535710563405,-1.1268362107480243,-0.3203304290040207,-0.8660261188178993,-0.4008607141477981,-0.5258688968292518,-0.0015044854983578232,-0.001274850718983867,-0.0008053028514377742,-1,44.2141143234033,-5.785885676596699,-2.7065414960788985,-3.3753506436387384,0.6688091475598399,-0.29753745569412393,28.75775595871638,5.710681952157349,0.14124513250123294,0.5389780694737278,0.0032366083736194077,0.41,-1,-1,15,-1,20,0,1,,-1.2403848532067,0,1,,-0.19168459845168312,0,1,,,,,-1,-0.027577848680473808,-1,1,1,-1,-1,80,-1,-1,-1,4,72,0,0,1,1,0,1,1,1,,1,17,0,3,8,0.0019044792362296933,0.003635823996438444,0.0034626895204175013,0.0028690856026316216,UP,0.0020776137122505236,0.0016571442704854736,0.004550963369691596,0.0016571442704854736,0.004921965818307757,0.0016571442704854736,0.007370581979174441,0.0016571442704854736,NO_SETUP,,NO_SETUP
2026-08-03T18:15:00+00:00,PAXGUSD,15m,377,0.061803169266519985,0.029665521247936342,0.007416380311975653,0.098885070826432,0.6999999999999318,1,0,0.023776508160857725,-0.6759288463422308,-0.11861137407904908,-0.9989819402662761,-0.2505218450513377,-0.8174204208899027,-0.33856823760518906,-0.5117757543421249,-0.001423878822399068,-0.001319104709722886,-0.0008804639255385138,-1,49.376588325699,-0.6234116743010034,-2.30299796164536,-2.9990317988380815,0.6960338371927213,0.027224689632881383,28.729178375301807,5.8332901781667905,0.14420632810478828,0.7966572021741463,0.0024267294976418174,0.43,-1,-1,2,-1,23,0,1,,-1.1903290400731772,0,1,,-0.14214728931299597,0,1,,,,,1,0.02187832192034223,-1,1,1,-1,-1,80,-1,-1,-1,4,62,0,0,1,1,0,0,1,1,1.2161,1,18,0,3,8,0.003411534943511948,0.003683468888284614,0.002521569306074083,0.004425106919482853,UP,0.004054287903883734,0.00022249140935949444,0.004425106919482853,0.00022249140935949444,0.004425106919482853,0.00022249140935949444,0.006872512422437068,0.00022249140935949444,NO_SETUP,,NO_SETUP
2026-08-03T19:00:00+00:00,PAXGUSD,15m,380,0.03701418877236274,0.09376927822332343,0.0,0.13078346699568616,0.2830188679245186,1,0,0.16509123083828767,1.671461401893339,0.06254729135864119,0.0673223248195427,-0.06060542603885504,-0.27782426394696813,-0.14925916756024113,-0.2466960139886396,-0.0010254393947964648,-0.0012315271739749623,-0.0008865374152138608,-1,59.09909491101705,9.099094911017048,-0.3579123796721433,-1.996270000549608,1.6383576208774646,0.9423237836847433,25.070363220468717,5.542761851833978,0.13677388900268916,1.1201957734129673,0.0034190246668717042,0.31,1,1,0,1,1,1,1,0.07402837754472548,-1.0055521283158544,1,1,0.29636027143738974,-0.5465761875385587,1,1,,,,,1,0.252560148056747,-1,1,-1,-1,-1,45,-1,-1,1,3,85,0,0,1,1,0,1,1,1,,0,19,0,3,8,0.0014805675508945096,0.0014805675508945096,0.0036273904996915038,0.001677976557680489,NEUTRAL,0.002220851326341764,4.935225169643877e-05,0.002590993214065392,4.935225169643877e-05,0.005033929673041355,4.935225169643877e-05,0.005033929673041355,0.001110425663170882,NO_SETUP,,NO_SETUP
2026-08-03T19:45:00+00:00,PAXGUSD,15m,383,0.05175983436853899,0.04436557231587616,0.017253278122838858,0.11337868480725401,0.15217391304344172,0,1,0.20239571931486125,3.178723005678876,0.1556806111664388,0.9184552260639975,0.050804994948755684,0.1827048547143022,-0.0329135077858661,-0.013360927490793983,-0.0004671510814842245,-0.001048756162176831,-0.0008371850273462178,-1,62.66881828788555,12.66881828788555,1.9669778084348764,-0.31179709912748554,2.278774907562362,0.6404172866848974,25.102337741612086,5.538647153235861,0.13651402822724693,0.9570065532933152,0.005916176316266275,0.28,1,1,2,1,4,1,1,0.012323770087745243,-0.8885438233264366,1,1,0.4118603963324469,-0.43009957606231575,1,1,,,,,1,0.3681110125209379,-1,1,-1,-1,-1,45,-1,-1,1,3,85,0,0,1,1,0,1,1,1,,0,19,0,3,8,0.00017253278122850065,-0.00024647540175490486,-0.0014788524105294291,0.0014295573301784932,NEUTRAL,0.0014295573301784932,0.0005175983436852778,0.0014295573301784932,0.0009119589864931032,0.0038696638075520736,0.0014788524105294291,0.0038696638075520736,0.00226757369614508,NO_SETUP,,NO_SETUP
2026-08-03T20:30:00+00:00,PAXGUSD,15m,386,0.07385160750332333,0.019693762000890697,0.0,0.09354536950421402,0.7894736842104886,1,0,0.2571708411466701,2.764805214982516,0.2544227974902636,0.9811108765952667,0.16753384604109373,0.25570036117960626,0.08950051084683787,0.028943410491592658,-2.7480436564065295e-05,-0.0008688895144916988,-0.0007803333519425586,-1,68.11183228231319,18.111832282313188,3.27813465910549,1.238805404884204,2.0393292542212857,-0.23944565334107626,25.25316947318402,5.173362899292738,0.12735372210360738,0.9604006718383611,0.007126674941994695,0.2,1,1,0,1,7,1,1,0.08862192900398576,-0.7643641376594009,1,1,0.5344394662990507,-0.3064841711387985,1,1,,,,,1,0.09600708975431137,-1,1,-1,-1,-1,45,-1,-1,1,3,85,0,0,1,1,0,1,1,1,,0,20,0,3,8,-0.000984688100044311,-0.001772438580079715,0.00011077741125505216,-0.00017232041750770964,DOWN,-0.00016739697700749256,0.0014031805425630984,-0.00016739697700749256,0.0021416966175963315,0.002634040667618599,0.0034956427551572594,0.002634040667618599,0.0034956427551572594,NO_SETUP,,NO_SETUP
2026-08-03T21:15:00+00:00,PAXGUSD,15m,389,0.004928779141402191,0.009857558282815588,0.03203706441914786,0.04682340184336564,0.6842105263158524,0,1,0.10592739743405351,1.7484719759813743,0.1276683096060383,0.7546382124560296,0.05475058791237152,0.1838905375734612,-0.01883196528397136,-0.0001467610863983282,0.00021740912171984786,-0.0007291772169366678,-0.0007358255319634288,0,59.347966942146186,9.347966942146186,3.3679161787135854,2.3061635185536478,1.0617526601599376,-0.9775765940613481,24.941262869521164,4.665334653697577,0.1149720206441317,0.7204862824635914,0.007489804933353897,0.16,1,1,3,1,10,1,1,0.14539898467149912,-0.017250726994918874,1,1,0.42658583468875744,-0.41524964266351,1,1,,,,,-1,-0.03080486963379171,-1,1,-1,-1,-1,45,-1,-1,1,3,85,0,0,1,1,0,1,1,1,,0,21,0,3,8,-0.0001725072699493008,-0.0003203706441914786,0.0003696584356055005,0.0016264971166641798,NEUTRAL,0.0001971511656561997,0.0010596875154024795,0.00029572674848435556,0.0010596875154024795,0.003721228251762016,0.0024151017792893147,0.003721228251762016,0.0024151017792893147,NO_SETUP,,NO_SETUP
2026-08-03T22:00:00+00:00,PAXGUSD,15m,392,0.05670891069578694,0.0,0.05670891069579816,0.11341782139158511,0.5000000000000494,0,1,0.03168090564492179,1.0134077619322852,0.06491098514413814,0.5478649317178679,0.002732072102303885,0.11086197598297076,-0.06737132279847784,-0.031717377232325816,0.0003323007949921633,-0.0006217891304183424,-0.0007010339490078172,0,54.519673345105645,4.519673345105645,2.9212341775910318,2.706408844578176,0.21482533301285578,-0.8469273271470819,22.428716653362397,4.206064225281897,0.10370492197055814,0.5922897316546751,0.007057596021862727,0.13,-1,1,6,-1,0,1,1,0.09615858770156542,-0.9233690024162883,1,1,0.3774840968489669,-0.46476650722421986,1,1,,,,,-1,-0.097391390107989,-1,1,-1,-1,-1,45,-1,-1,1,3,85,0,0,1,1,0,1,1,1,,0,22,0,3,8,-0.00012328024064302973,0.0007643374919867619,0.0012081463583016017,0.0032792544011045234,NEUTRAL,0.0007889935401153454,0.00044380886631495187,0.004216184229991594,0.00044380886631495187,0.004216184229991594,0.0019231717540313085,0.00431480842250604,0.0019231717540313085,NO_SETUP,,NO_SETUP
2026-08-03T22:45:00+00:00,PAXGUSD,15m,395,0.017255404639245516,0.004930115611206599,0.027115635861658716,0.04930115611211083,0.5499999999999545,0,1,0.040001295798702034,0.5621816044804291,0.07730832878028372,0.3964927618458205,0.02350899613988636,0.057117933918107155,-0.04381276864001581,-0.05509352464150652,0.00037307032981581694,-0.0005379933264039737,-0.0006732176477990217,0,55.855367032975,5.855367032975003,2.359037084119791,2.6062667124191607,-0.24722962829936979,-0.46205496131222556,18.42503367204853,3.7160798480117982,0.09160351635594938,0.5599158018114937,0.0048561722652069,0.02,-1,1,9,-1,3,1,1,0.11832277466905926,-0.9009786279488299,1,1,0.39958587028865916,-0.44247787610620143,1,1,,,,,-1,-0.03820839598689038,-1,1,-1,-1,-1,60,-1,-1,0,3,85,0,0,1,1,0,1,1,1,,0,22,0,3,8,0.0025883106958858185,-0.0013804323711390809,-0.0005176621391771413,0.0002686913008110399,NEUTRAL,0.003993393645081045,0.0006655656075134513,0.003993393645081045,0.002144600290876776,0.003993393645081045,0.002144600290876776,0.004091995957305289,0.002144600290876776,NO_SETUP,,NO_SETUP
2026-08-03T23:30:00+00:00,PAXGUSD,15m,398,0.012328024064302973,0.017259233690019676,0.014793628877172537,0.044380886631495184,0.6111111111112515,1,0,0.015797928674600045,0.08200017548188043,0.05007814883822717,0.20509741304931595,0.0018612370599045726,-0.02179860626847585,-0.06374811412873214,-0.09185657258603896,0.0003428022016362713,-0.000482169117783226,-0.0006560935118863672,0,53.631221433852964,3.6312214338529643,1.659406370344641,2.2216966815468537,-0.5622903112022128,-0.31506068290284306,15.845801546458688,3.597531860817052,0.08870091870449855,0.3746203548103476,0.002398422255903128,0.01,-1,1,12,-1,6,1,1,0.09615858770156542,-0.9233690024162883,1,1,0.3774840968489669,-0.46476650722421986,1,1,,,,,-1,-0.017259233690019676,-1,1,-1,-1,-1,60,-1,-1,0,3,85,0,0,1,1,0,1,1,1,,0,23,0,3,8,-0.0011341782139159633,0.0011588342620444346,0.002046451994674226,-0.0013807386952020227,NEUTRAL,0.004216184229991594,0.0011341782139159633,0.004216184229991594,0.0019231717540313085,0.004216184229991594,0.0019231717540313085,0.00431480842250604,0.002293012475960398,NO_SETUP,,NO_SETUP
2026-08-04T00:15:00+00:00,PAXGUSD,15m,401,0.11569230769230322,0.022153846153848394,0.017476923076923973,0.15532307692307556,0.11251980982568027,0,1,0.13537393960414473,1.8411660947658675,0.19160014501584766,0.9473136693118249,0.1576326961543908,0.3716597714033014,0.09858755689257613,0.1093844884057944,0.0005622620541170293,-0.0003396744886145685,-0.0005904513926181467,0,60.948090866530606,10.948090866530606,2.527404957449562,2.2165111354147964,0.3108938220347657,0.8731841332369785,19.2532060581112,4.578985968737264,0.11271350076891727,0.8737288128622821,0.002798863901491199,0.15,1,1,15,1,1,1,1,0.07396923076923345,-0.7569230769230769,1,1,0.5417846153846207,-0.2990769230769253,1,1,,,,,1,0.14030769230768783,-1,1,-1,-1,-1,45,-1,-1,1,3,85,0,0,1,1,0,1,1,1,,0,0,1,4,8,3.692307692309931e-05,-0.0004676923076923301,0.0007384615384615384,-0.002412307692307737,NEUTRAL,0.0002953846153845706,0.0035692307692307694,0.001033846153846109,0.0035692307692307694,0.0012061538461538685,0.0035692307692307694,0.002658461538461583,0.003938461538461538,NO_SETUP,,NO_SETUP
2026-08-04T01:00:00+00:00,PAXGUSD,15m,404,0.002468282568986253,0.0468973688107837,0.08145332477662491,0.13081897615639487,0.6415094339622593,1,0,-0.11638794469382135,-0.8850925122560511,-0.07911250308846342,-0.11108015860509113,-0.11259042456096623,-0.13468325806479697,-0.17170292408635915,-0.1385082348042488,0.0003727544160535794,-0.00033477921472502807,-0.0005911249952539293,0,43.96863704360711,-6.03136295639289,0.9934968389279675,1.8919371574474022,-0.8984403185194347,-1.2093341405542004,17.98727913311145,4.98849568998389,0.12313016957061484,0.05825712442405373,0.0034785153639388844,0.18,-1,-1,0,-1,1,1,1,0.1073702917509974,-0.1110727156044824,1,1,0.26928962827665276,-0.33704398479538433,1,1,,,,,-1,-0.30483289727007723,-1,1,-1,-1,-1,80,-1,-1,-1,4,75,0,0,1,1,0,0,1,1,,0,1,1,4,8,0.0019499432295009356,0.0008145332477661369,0.003480278422273759,0.0013822382386335364,NEUTRAL,0.0033568642938243344,0.00041960803672811195,0.003776472330552334,0.00041960803672811195,0.004344177321419734,0.00041960803672811195,0.005405538826084832,0.0012094584588043863,NO_SETUP,,NO_SETUP
2026-08-04T01:45:00+00:00,PAXGUSD,15m,407,0.022158755170378446,0.061552097695489465,0.05416584597202625,0.13787669883789416,0.39285714285711676,0,1,0.11793962750317112,0.6944228980055414,0.16112627357888273,0.45053132219391046,0.1351567620887229,0.14898449034126315,0.07976729012590517,0.003799477811298857,0.00043186646075711604,-0.00025969511490159827,-0.0005538947196281773,0,57.178596532672884,7.178596532672884,1.3127460603518557,1.4537061303371381,-0.14096006998528243,0.7574802485341523,17.57987180452149,5.536306498139452,0.13630851137826108,0.7714071861203754,0.003843538876757581,0.27,-1,-1,2,-1,4,1,1,0.10833169194406368,-0.7792495568248988,1,1,0.5197459129407161,-0.08506499901517584,1,1,,,,,1,0.02831396493992739,-1,1,-1,-1,-1,80,-1,-1,0,3,75,0,0,1,1,0,0,1,1,,0,1,1,4,8,-0.00022158755170378447,0.0003446917470947634,0.0009109710458933113,0.0025113255859760372,NEUTRAL,0.0012556627929879627,0.0010833169194406369,0.0012556627929879627,0.0018711837699428573,0.0018219420917865105,0.0018711837699428573,0.0055150679535158785,0.0037177467008075414,NO_SETUP,,NO_SETUP
2026-08-04T02:30:00+00:00,PAXGUSD,15m,410,0.15179845495251865,0.0516656005510975,0.030261280322787437,0.23372533582640356,0.7789473684210622,1,0,0.1610499134350045,1.2442011291896051,0.21682371982157145,0.7312878118123081,0.20115131479076465,0.3135307080101484,0.1512476436517375,0.09221653188524215,0.0005577380638656694,-0.00015672405030806765,-0.0004990367113902718,0,59.88364472439483,9.883644724394827,1.8552247339839596,1.5334650111184092,0.32175972286555043,0.46271979285083287,18.86332643786175,5.651809539508855,0.13904958764721878,0.8945453196715661,0.004198894691775493,0.35,-1,-1,5,-1,7,1,1,0.18205973527530608,-0.7048664075185773,1,1,0.5931702996604863,-0.011194213452747674,1,1,,,,,1,0.1992816021256682,-1,1,-1,-1,-1,80,-1,-1,-1,4,75,0,0,1,1,0,0,1,1,,0,2,1,4,8,-0.0024602666929095115,-0.001303941347241974,-0.0001968213354326938,0.0023864586921222932,NEUTRAL,0.00017221866850373292,0.002558677360625914,0.000688874674014708,0.00260788269448406,0.0010825173448802074,0.00260788269448406,0.004797520051173548,0.004453082714166194,NO_SETUP,,NO_SETUP
2026-08-04T03:15:00+00:00,PAXGUSD,15m,413,0.01231527093596059,0.06403940886699283,0.02709359605911106,0.10344827586206448,0.2619047619047516,0,1,0.032862139088942276,0.6118319344682277,0.09084867928648577,0.5245605368363613,0.08233343798483564,0.23325875880118474,0.03667794850504023,0.058487014563979756,0.000579865401975435,-8.515241301650129e-05,-0.0004565548947979542,0,53.179911096748846,3.179911096748846,1.699857115335817,1.6476902568343035,0.05216685850151359,-0.26959286436403684,20.555213146093962,5.406554503753999,0.13316636708753693,0.5911853478575619,0.004235689956186671,0.25,-1,-1,8,-1,10,1,1,0.06896551724138379,-0.8189655172413793,1,1,0.48054187192118764,-0.12450738916256876,1,1,,,,,-1,-0.04802955665024183,-1,1,-1,-1,-1,80,-1,-1,-1,4,75,0,0,1,1,0,0,1,1,,0,3,1,4,8,0.001009852216748746,0.0007389162561576355,0.001009852216748746,0.0045566502463054185,NEUTRAL,0.0014285714285714735,0.001477832512315271,0.0022167487684729066,0.001477832512315271,0.003275862068965562,0.001477832512315271,0.00724137931034485,0.0033251231527093596,NO_SETUP,,NO_SETUP
2026-08-04T04:00:00+00:00,PAXGUSD,15m,416,0.09855615236781157,0.00739171142759035,0.014783422855169493,0.12073128665057141,0.9387755102040456,1,0,0.014783149693737804,-0.6657860664590771,0.05720047571419454,-0.03308212830506818,0.048820692410367274,-0.03869903998293012,0.004039155713561584,-0.07480846448606826,0.0004241732602045674,-8.379783303827264e-05,-0.0004478153669680569,0,51.57839900708269,1.5783990070826874,0.7228850434812557,1.2589101389662074,-0.5360250954849517,-0.5881919539864653,18.690812094775914,5.22930038073895,0.12884493127529073,0.5121648532087875,0.00430426052379037,0.22,-1,-1,2,-1,13,1,1,0.28458088996204917,-0.8537426698861699,1,1,0.44621297984527003,-0.08254077760803993,1,1,,,,,-1,-0.08254077760803993,-1,1,-1,-1,-1,80,-1,0,-1,0,61,0,0,1,1,0,0,1,1,1.4472,0,4,1,4,8,0.0017000936283447718,0.0007145321046666562,-0.001453703247425243,0.00633223278963196,NEUTRAL,0.002168235352091899,0.00014783422855169494,0.002562459961563123,0.00022175134282759843,0.003621938599517142,0.0029813236091262773,0.00773665796087323,0.0029813236091262773,NO_SETUP,,NO_SETUP
2026-08-04T04:45:00+00:00,PAXGUSD,15m,419,0.024599035717799863,0.054117878579166404,0.002459903571777749,0.08117681786874402,0.3333333333332874,1,0,0.13772624235300776,1.6011417093354794,0.1976201504239133,0.8878841523032861,0.20035627913387385,0.43655316281683554,0.16226312466643172,0.167612629850737,0.000598939080709055,2.736128709960574e-05,-0.0003809315446744213,0,59.47905196350261,9.479051963502613,1.7028840792354458,1.3386874145445802,0.36419666469086565,0.9002217601758173,20.93151080170432,4.956039699884668,0.12191379759629707,0.8002120730703579,0.004576418943220573,0.16,-1,-1,5,-1,16,1,1,0.040588408934360824,-0.6900029518842906,1,1,0.6078421725868356,0.003566860179069346,1,1,,-0.275509200039354,,,1,0.1193053232313271,-1,1,-1,-1,1,80,-1,0,0,0,76,0,0,1,1,0,1,1,1,,0,4,1,4,8,7.379710715344433e-05,-0.00019679228574233178,-0.0032618321361802035,0.004403227393486198,NEUTRAL,0.0009347633572764396,0.0016235363573747685,0.0009347633572764396,0.0018449276788349899,0.0019925218931418783,0.00460001967922853,0.006100560858014411,0.00460001967922853,NO_SETUP,,NO_SETUP
2026-08-04T05:30:00+00:00,PAXGUSD,15m,422,0.02706426532821349,0.08611357149886821,0.08119279598465165,0.19437063281173336,0.41772151898736,0,1,0.09489719822795718,0.941845479357653,0.1613706551186845,0.6749054483893815,0.1720503925169518,0.3520673058915236,0.13935432113210405,0.13240351584681775,0.0006647345689072733,0.00010679737398267275,-0.00032696071384847735,0,56.190728057208034,6.190728057208034,1.8909580451008878,1.5345741730643132,0.3563838720365746,-0.007812792654291023,20.08155020894255,5.405983680993688,0.13300816063856136,0.7581727148985646,0.004529661738660639,0.32,-1,-1,8,-1,19,1,1,0.16607617360496013,-0.7098218679263829,1,1,0.5882787127251331,-0.016115539809078833,1,1,,-0.2558803267394964,,,1,0.03444542859954953,-1,1,-1,-1,1,80,-1,0,0,0,76,0,0,1,1,0,1,1,1,,0,5,1,4,8,0.00022143489813996922,0.0011563822458418999,-0.0020667257159728597,0.004576321228225546,NEUTRAL,0.000639700816848713,0.001648459797264116,0.002189745103828386,0.001648459797264116,0.002189745103828386,0.004404094085227854,0.00629859265820291,0.004404094085227854,NO_SETUP,,NO_SETUP
2026-08-04T06:15:00+00:00,PAXGUSD,15m,425,0.09849063107871864,0.02462265776967966,0.0,0.12311328884839828,0.0,0,1,0.0016305427344778687,0.6907804927018333,0.07012037367132025,0.6109501707305753,0.08746569012934126,0.34057208023614294,0.059837626387226256,0.13373150762890873,0.0006848983093684239,0.00017345316458021017,-0.00027628063742115016,0,51.203824663297354,1.203824663297354,1.7646567302513176,1.6968603708433476,0.06779635940797002,-0.2885875126286046,19.873337745293156,5.289521190649829,0.1302420700428392,0.48732297774317723,0.0030590134905639464,0.29,-1,-1,11,-1,22,1,1,0.089872700859333,-0.7866939157412606,1,1,0.5123975081870435,-0.0924580799251498,1,1,,-0.179745401718666,,,-1,-0.06155664442419914,-1,1,-1,-1,1,80,-1,0,0,0,76,0,0,1,1,0,1,1,1,,0,6,1,4,8,0.0006155664442419914,-0.0008642552877158097,0.00017235860438771282,0.0062787777312683125,NEUTRAL,0.0016497180705684923,0.0008864156797085572,0.002954718932361559,0.0018220766749563171,0.002954718932361559,0.0036441533499126343,0.007066702779898017,0.0036441533499126343,NO_SETUP,,NO_SETUP
2026-08-04T07:00:00+00:00,PAXGUSD,15m,428,0.07138637258763517,0.043324143363523124,0.00984639621898609,0.12455691217014438,0.0790513833992283,0,1,0.016837835730652853,0.4822009933532172,0.0843009527881205,0.5231568298486309,0.10688617725234759,0.3101000085234773,0.08384357059307919,0.12412430869107993,0.0006746311705746765,0.00022585224464227084,-0.00023042606659268408,0,52.025889804490475,2.0258898044904754,1.5611984446659335,1.6553401812373456,-0.09414173657141212,-0.16193809597938214,18.237059704399066,5.1474992914933395,0.12671079390245518,0.5561880298048486,0.0031548810381442902,0.23,-1,-1,14,-1,25,1,1,0.012307995273729815,-0.7594033083891273,1,1,0.539336352894848,-0.06535545490351025,1,1,,-0.20677432059866313,,,-1,-0.02338519102008217,-1,1,1,-1,1,80,-1,0,0,0,76,0,0,1,1,0,1,1,1,,0,7,1,4,8,0.0004184718393067689,-0.003003150846790142,-0.0003446238676644572,0.007310949192595465,DOWN,0.002683142969673122,9.84639621898609e-05,0.002683142969673122,0.003913942497046103,0.005317053958251257,0.003913942497046103,0.009797164237888865,0.003913942497046103,NO_SETUP,,NO_SETUP
2026-08-04T07:45:00+00:00,PAXGUSD,15m,431,0.05902316659287877,0.017215090256265626,0.002459298608045935,0.07869755545719033,0.7812499999999334,1,0,0.09021064947463985,0.8158748097839634,0.16140788021554223,0.661474680739957,0.19056605069618912,0.39334731129065403,0.17299412086185798,0.17177426928810746,0.0007119723074090239,0.00029158170480646895,-0.00017571929834331152,0,56.72359514576062,6.723595145760619,1.6840130067535029,1.6348942175090362,0.049118789244466665,0.14326052581587878,18.526850443228046,4.971048084333444,0.12225291634286174,0.8052625593413936,0.003245889377285642,0.18,-1,-1,17,-1,28,1,1,0.10574984014558378,-0.6652402734740097,1,1,0.6322856721263105,0.02815896906201188,1,1,,-0.30003443018050807,,,1,0.07009001032905192,-1,1,1,-1,1,80,-1,0,0,0,76,0,0,1,1,0,1,1,1,,0,7,1,4,8,-0.0033200531208499337,-0.0033200531208499337,0.0014755791648221929,0.0034233436623875052,DOWN,0.001746102011706351,0.004844818257832822,0.001746102011706351,0.004844818257832822,0.004402144508386231,0.004844818257832822,0.008853474988933156,0.004844818257832822,NO_SETUP,,NO_SETUP
2026-08-04T08:30:00+00:00,PAXGUSD,15m,434,0.06647953907519126,0.04924410301866351,0.0344708721130667,0.15019451420692148,0.2295081967213298,0,1,-0.04114945537121273,0.539389409384512,0.02913507542378704,0.5798752720629636,0.06347967709709176,0.37063314778743006,0.05088282621925473,0.16773183841633,0.0007028453079499978,0.00034344601673304715,-0.0001259685087783703,0,48.74212973116519,-1.2578702688348073,1.4656749853270412,1.680502605878319,-0.2148276205512778,-0.26394640979574446,19.320480285539855,5.376600816793236,0.13238294225619826,0.35866367188091364,0.003021234411451156,0.41,1,-1,20,1,2,1,1,0.0923326931599941,-0.7842123405722143,1,1,0.5148470970601347,-0.3262421824986458,1,1,,-0.18220318116905723,,,-1,-0.10095041118825797,-1,1,1,1,1,60,-1,0,0,0,76,0,0,1,1,0,1,1,1,,0,8,1,4,8,-0.0023292460727827933,-0.0010833702664106196,0.004579701580735685,0.003594819520362414,NEUTRAL,0.0,0.0036686856748904544,0.0006155512877332939,0.0036686856748904544,0.006894174422612892,0.0036686856748904544,0.01004579701580729,0.0036686856748904544,NO_SETUP,,NO_SETUP
2026-08-04T09:15:00+00:00,PAXGUSD,15m,437,0.024670646864360782,0.02713771155079462,0.11841910494893625,0.17022746336409164,0.8405797101449428,1,0,-0.1836673648928135,-2.226471011881131,-0.1524232883141986,-0.6383824782105876,-0.12769571440167815,-0.24581830682109285,-0.1429418369957397,-0.1394404751458751,0.0003124407657861493,0.00024727573912520427,-0.0001524612259406155,0,39.969647067852954,-10.030352932147046,-0.6447054543291415,0.8414226962325896,-1.486128150561731,-1.2713005300104532,18.929291167352066,6.009071426565157,0.14824767914750966,-0.07033736498247514,0.003935897177419776,0.75,-1,-1,0,-1,1,1,1,0.15665860758868874,-0.1356885577539843,1,1,0.3184980510189053,-0.29358069768589556,1,1,,0.014802388118614226,1,2,-1,-0.2985148270587632,-1,1,1,-1,1,80,-1,0,0,0,61,0,0,1,1,0,0,1,1,1.1206,0,9,1,4,8,0.0006414368184733579,0.004539399023042407,0.0065648591306064355,0.006142991069225857,UP,0.0009374845808456425,0.0017022746336409164,0.007549217940494377,0.0017022746336409164,0.009029456752356025,0.0017022746336409164,0.012039275669807994,0.0017022746336409164,NO_SETUP,,NO_SETUP
2026-08-04T10:00:00+00:00,PAXGUSD,15m,440,0.08858292002861527,0.0,0.0007402472425839586,0.08932316727119922,1.0,1,0,-0.14242097380133184,-2.372878163319001,-0.14758788236705853,-0.8970314598382174,-0.13500873738758076,-0.4045189874514108,-0.15471675718780561,-0.2237984022353885,-5.1669085657267015e-05,0.00012579144979477788,-0.0001970801980022487,0,40.84980376339891,-9.15019623660109,-2.0739815220281343,-0.4529461444066919,-1.6210353776214426,-0.1349072270597116,20.051571538437276,5.936752887814727,0.1464888318359298,0.12967252131969398,0.005407166698574025,0.71,-1,-1,2,-1,4,1,1,0.13941323068570674,-0.1529844301330045,1,1,0.3012806277296626,-0.310903841883198,1,1,,0.03207738051176209,1,5,-1,-0.31583882350038694,-1,1,1,-1,-1,80,-1,0,-1,0,71,0,0,1,1,0,1,1,1,,0,10,1,4,8,0.0022947664519950115,0.005329780146569044,0.006612875367039303,0.00587756310607747,UP,0.002763589705628414,0.001159720680040422,0.00774792113899378,0.001159720680040422,0.009203740716065879,0.001159720680040422,0.012214079502553854,0.001159720680040422,NO_SETUP,,NO_SETUP
2026-08-04T10:45:00+00:00,PAXGUSD,15m,443,0.04932912391475928,0.1849842146803473,0.05179558011049499,0.28610891870560157,0.18103448275861428,0,1,-0.07451442604203906,-1.0507819157978702,-0.09362299093851895,-0.4854435640781958,-0.08757323899683096,-0.220929698218697,-0.10937047215569301,-0.13588959546950719,-0.00019108564896479883,6.0497519416879815e-05,-0.00021797233158862053,0,44.250900853600314,-5.749099146399686,-2.0845747728976676,-1.2726895185988636,-0.811885254298804,0.8091501233226386,19.092419510181156,6.367363737073214,0.15704823739821464,0.28327842552427385,0.005616956542291781,0.83,-1,-1,5,-1,7,1,1,0.18128453038673809,-0.9582182320441966,1,1,0.34308405682715837,-0.26884372533544026,1,1,,-0.009865824782954098,1,8,-1,-0.27377663772691174,-1,1,1,-1,-1,80,-1,0,0,0,71,0,0,1,1,0,1,1,1,,0,10,1,4,8,0.0016278610891870336,0.00594415943172847,0.006807419100236758,0.004831787687450594,UP,0.00730071033938435,0.0006412786108918481,0.008632596685082873,0.0006412786108918481,0.008780584056827127,0.0006412786108918481,0.011789660615627398,0.0006412786108918481,NO_SETUP,,NO_SETUP
2026-08-04T11:30:00+00:00,PAXGUSD,15m,446,0.14503798028467,0.10078910494358045,0.07374812556847514,0.3195752107967256,0.6846153846153916,1,0,0.22417403961786836,1.3597113529363014,0.2267399057286587,0.4805968302525798,0.23825311212353323,0.2575322500392758,0.22031471636881614,0.10350122975250997,2.565866110790363e-05,0.00011513206394874542,-0.00017938395754717106,0,62.0393557372269,12.039355737226899,-0.2695967448239571,-1.1384549752608604,0.8688582304369032,1.6807434847357072,18.699801019192396,7.205166957124567,0.1771225191652835,0.8674815097936371,0.005784312020018849,0.9,1,-1,8,1,0,1,1,0.5125494727008999,-0.6231716610536125,1,1,0.673812040610642,-0.16593328252906905,1,1,,-0.34169964846727036,1,11,1,0.17453723051205558,-1,1,1,-1,1,60,-1,0,0,0,71,0,0,1,1,0,1,1,1,,0,11,1,4,8,0.00105705646648141,0.00403156419774333,0.00395781607217481,0.0038078615501855456,UP,0.003982398780697612,0.001942033973303201,0.005432778583544313,0.001942033973303201,0.005432778583544313,0.001942033973303201,0.008431869023328924,0.001942033973303201,NO_SETUP,,NO_SETUP
2026-08-04T12:15:00+00:00,PAXGUSD,15m,449,0.062463112335234196,0.08853039543576403,0.07033248081841745,0.2213259885894157,0.6000000000000101,1,0,0.139861451087531,1.931849710591905,0.16865153134719718,0.8655067544336816,0.18977226555001636,0.47499894174734436,0.17809780246221402,0.22001330784360107,0.00028790080259666155,0.00021120734202819172,-0.00011674463087802329,0,56.34802333381935,6.348023333819349,1.1607408518025295,-0.12609759040496124,1.2868384422074908,0.41798021177058753,22.140150506079788,8.461206925948487,0.20807610972723997,0.7636648966007908,0.006328120539688541,1.0,1,-1,11,1,3,1,1,0.4758508754672415,-0.6602891992917546,1,1,0.6371729293724254,-0.7648042494589786,1,1,,-0.3049380287231972,1,14,-1,-0.10943340546920662,-1,1,1,1,1,60,-1,0,0,0,73,0,0,1,1,1,0,1,1,,1,12,1,4,8,0.003344481605351148,0.0041068266771591136,0.005311823726145954,0.0024099940979735706,UP,0.005656108597285068,0.00157141451898482,0.005803659256344656,0.00157141451898482,0.00880385599055669,0.00157141451898482,0.00880385599055669,0.00157141451898482,NO_SETUP,,NO_SETUP
2026-08-04T13:00:00+00:00,PAXGUSD,15m,452,0.21087442760018277,0.0,0.09891659264326252,0.3097910202434453,0.3193010325655346,0,1,0.02343157959999699,2.3650596226057132,0.08122163283354715,1.1871743458573292,0.11519451419353804,0.6653597911463294,0.11189689299043984,0.32464573912420747,0.0005779005323355016,0.0003397288135999091,-3.297621203098205e-05,0,51.61535552997248,1.6153555299724829,2.360175667936801,1.094330078765313,1.265845589171488,-0.020992853036002845,25.45248812656077,9.307803067167892,0.22902889661660697,0.6315390310058013,0.007175028809391927,1.0,1,-1,14,1,6,1,1,0.4178118763887082,-0.718990755481623,1,1,0.5792280076672764,-0.8235667551666646,1,1,0.49384477968911916,-0.24679935925670332,1,17,-1,-0.1690440277261594,-1,1,1,1,1,25,-1,0,1,-1,73,0,0,1,1,1,0,1,1,,1,13,1,4,8,0.003932057588157572,0.004667780503588753,0.005305078948728219,0.001321348513667441,UP,0.006390208733695322,7.38183527193453e-06,0.006390208733695322,7.38183527193453e-06,0.009392155077595297,7.38183527193453e-06,0.009392155077595297,7.38183527193453e-06,NO_SETUP,,NO_SETUP
2026-08-04T13:45:00+00:00,PAXGUSD,15m,455,0.07107843137255125,0.17401960784313503,0.049019607843137254,0.29411764705882354,0.16666666666666666,0,1,0.3100521303894106,4.272139504529605,0.4202391333284947,2.1251148850424215,0.4773869346945057,1.174152679643612,0.4883765611961566,0.5917596033959853,0.0011018700293908411,0.0005714780136601099,0.00010989626501650847,1,62.79297724264789,12.792977242647893,4.67001208642705,2.568198710154831,2.101813376272219,0.8359677871007312,28.589489710733478,10.98813532746644,0.26931704233986375,0.9254879059807356,0.009857759359658784,1.0,1,-1,17,1,9,1,1,0.8075980392156817,-0.3247549019607843,1,1,0.9683823529411818,-0.428921568627451,1,1,0.10049019607842914,-0.6372549019607843,1,20,1,0.19473039215685561,-1,1,1,1,1,80,-1,0,1,-1,73,0,0,1,1,1,0,1,1,,1,13,1,4,8,-0.00012254901960784314,0.0016666666666667112,-0.0011985294117646747,-0.002916666666666689,UP,0.0020833333333333333,0.002352941176470566,0.0021568627450980838,0.002352941176470566,0.005441176470588191,0.002352941176470566,0.005441176470588191,0.004485294117647104,NO_SETUP,,NO_SETUP
2026-08-04T14:30:00+00:00,PAXGUSD,15m,458,0.11034820990681705,0.017165277096611527,0.18636586562039995,0.3138793526238285,0.5937500000000056,0,1,0.17713288780324896,3.4266477552714605,0.32194880084193944,2.016684541468294,0.3997223077839938,1.1767112241045652,0.4245886878665262,0.6110370056062493,0.001448159130386905,0.0007777350694205436,0.0002486638008253238,1,58.666232612882666,8.666232612882666,5.516445227667646,4.0073540262970795,1.5090912013705662,-0.5927221749016529,28.956641909375822,11.00489552275645,0.2698601158106045,0.7532599461208265,0.010427408259541958,1.0,1,1,2,1,12,1,1,0.7589504659146596,-0.37395782246199116,1,1,0.28678273663559856,-0.47817557626287394,1,1,0.14958312898479423,-0.588523786169691,1,23,1,0.07344286414909001,-1,1,1,1,1,80,-1,0,1,-1,73,0,0,1,1,1,0,1,1,,1,14,1,4,8,0.000980872976949485,0.0034575772437469123,0.0003163315350662,-0.0011034820990681706,UP,0.0017165277096615988,0.0014713094654242277,0.00593428151054434,0.0014713094654242277,0.00593428151054434,0.0014713094654242277,0.00593428151054434,0.003997057381069196,NO_SETUP,,NO_SETUP
2026-08-04T15:15:00+00:00,PAXGUSD,15m,461,0.1495061876904153,0.04075209713728435,0.03461473311058436,0.22487301793828401,0.15393013100435338,0,1,0.016453870929013004,1.963245540806838,0.17167724292410075,1.5459541173395337,0.2633202589258567,0.9845619523193818,0.29935970953531305,0.5305783470143979,0.0015522337199508774,0.0009164301600175599,0.00036039450609456317,1,52.481156733985095,2.4811567339850953,5.006647177888681,4.700928143299983,0.305719034588698,-1.2033721667818682,26.868838207540445,10.646033332177797,0.2613543279998281,0.5597984318439985,0.009108611847096337,0.93,1,1,5,1,15,1,1,0.6471236629752387,-0.48706120915891465,1,1,0.17442388563880296,-0.5913963976128145,1,1,0.26243368578169285,-0.4765049430329836,1,26,-1,-0.1666908069651708,-1,1,1,1,1,80,-1,1,1,2,67,0,0,1,1,1,0,1,1,,1,15,1,4,8,0.002599787401710151,0.001647268504766286,-5.1553857824288836e-05,0.0012495673158361535,UP,0.0037781612948365934,0.0002970484188922884,0.007067788413147698,0.0002970484188922884,0.007067788413147698,0.00034614733110584363,0.007067788413147698,0.0028747413101062836,NO_SETUP,,NO_SETUP
2026-08-04T16:00:00+00:00,PAXGUSD,15m,464,0.041663603166429385,0.06372080484277894,0.004901600372528315,0.11028600838173662,0.04444444444450508,0,1,0.1284801562464541,2.317857808485769,0.29780239271354614,1.7318869511041157,0.40452496969975915,1.110281420452793,0.45283535746285,0.6071072536260544,0.0016932223646709203,0.0010672257698621306,0.00048310387763090775,1,56.802512998212705,6.8025129982127055,5.029833596248409,4.912894553770086,0.11693904247832254,-0.18877999211037544,25.36660375613938,10.044801468948476,0.24617801311051823,0.6806721893383406,0.007079748373828892,0.89,1,1,8,1,18,1,1,0.8148910619317208,-0.31737862412077095,1,1,0.34298948606719826,-0.4215376320368555,1,1,0.09313040707790425,-0.6445604489865985,1,29,-1,-0.01715560130382124,-1,1,1,1,1,80,-1,1,1,2,67,0,0,1,1,1,0,1,1,,1,16,1,4,8,0.0018871161434207823,-0.0010538440800921946,0.0003431120260764248,0.0038477562924294335,NEUTRAL,0.005367252407911093,0.0004411440335269911,0.005367252407911093,0.0020341641545965202,0.005367252407911093,0.0020341641545965202,0.005367252407911093,0.0045584883464452036,NO_SETUP,,NO_SETUP
2026-08-04T16:45:00+00:00,PAXGUSD,15m,467,0.022021581149528763,0.07585211284836695,0.0538305316988382,0.1517042256967339,0.5,1,0,0.2209139996826359,2.8138415622943285,0.409686303829168,2.007761478696466,0.5338618767863994,1.2874312962758268,0.5961839134445123,0.711600731992803,0.0018877230414653205,0.001241755729572314,0.0006232203665811291,1,60.56775984212946,10.567759842129462,5.4525453523906435,5.139871958534157,0.3126733938564863,0.19573435137816375,25.809982173298483,9.696694179037845,0.23726281971758165,0.8176810944800118,0.006956946555748432,0.86,1,1,11,1,21,1,1,0.9750666764540339,-0.15537448922165722,1,1,0.5039271819716606,-0.2593652890944214,1,1,-0.06851158579853145,,-1,14,1,0.06484132227360813,-1,1,1,1,1,80,-1,1,1,2,67,0,0,1,1,1,0,1,1,,1,16,1,4,8,-0.0003205363478430951,-0.0021042844209547356,-0.0020553475739558324,0.008172453448824314,DOWN,0.003743668795419444,0.001981942303457366,0.003743668795419444,0.0036457951014216374,0.003743668795419444,0.0036457951014216374,0.010545890528273242,0.006166042721867496,NO_SETUP,,NO_SETUP
2026-08-04T17:30:00+00:00,PAXGUSD,15m,470,0.04646044748747013,0.02200758038880281,0.11003790194400292,0.17850592982027588,0.6164383561643682,0,1,0.20880365909927964,3.089508614164515,0.4185900467592463,2.2252295889747984,0.5618287454390944,1.442414497651498,0.6396357282421674,0.8075372521002464,0.0020978638765996663,0.0014323869867984816,0.0007780698280307295,1,60.662607778661126,10.662607778661126,5.914514879474154,5.513633320810353,0.4008815586638015,0.08820816480731519,29.388201727675874,9.744802154280675,0.23828835198143233,0.8279948135237747,0.00613869532901455,0.84,1,1,1,1,24,1,0,1.0380242083384232,,1,0,0.3159310429147836,,1,0,-0.13204548233280575,,-1,17,-1,-0.020784937033864997,-1,1,1,1,1,80,-1,1,1,2,67,0,0,1,1,1,0,1,1,,1,17,1,4,8,-0.003518767575498196,-0.0031739821494070224,-0.0029563516322289145,0.007213595794106859,DOWN,0.001027020418143983,0.004279251742266781,0.001027020418143983,0.004279251742266781,0.001027020418143983,0.004279251742266781,0.009903411174960264,0.006797897053429559,NO_SETUP,,NO_SETUP
2026-08-04T18:15:00+00:00,PAXGUSD,15m,473,0.13676437067556027,0.014950943747678866,0.0002450974384920203,0.15196041186173118,0.001612903225841705,0,1,-0.029257644982649295,0.24274047992184933,0.16057091528504816,1.0769305614981022,0.3085825424659704,0.8957879538661473,0.3950785733080487,0.5486578076379374,0.0018982856026769745,0.0014801162718092223,0.0008649603084207828,1,50.8278371971603,0.8278371971602994,4.186032966244966,5.096109312034691,-0.910076345789725,-1.3109579044535264,28.032514519498697,9.572285106761854,0.23461425601314342,0.3360269383925761,0.004215246668354786,0.8,1,1,4,1,27,1,0,0.8078411572520663,,1,0,0.08406842140093507,,1,0,0.1002448523410406,,-1,20,-1,-0.25343075139520954,-1,1,1,1,1,80,-1,1,1,2,67,0,0,1,1,1,0,1,1,,1,18,1,4,8,-0.00017647015571046508,-0.0014754865796898625,-0.003188717674711635,0.011958304023764637,NEUTRAL,0.0008063705726211365,0.001963230482278283,0.0008063705726211365,0.001963230482278283,0.0009264683174795516,0.004487734098691032,0.01342888865468466,0.004487734098691032,NO_SETUP,,NO_SETUP
2026-08-04T19:00:00+00:00,PAXGUSD,15m,476,0.07158582208471821,0.08776617913126013,0.05123779731405315,0.2105897985300315,0.5832363213038352,1,0,-0.025618197400779284,-1.1387434454395589,0.12721205230703928,0.37230434470666296,0.27109411963569624,0.5422152321016256,0.3616083748185193,0.3791673683031149,0.0015283024970781857,0.0014388206732865697,0.0009051425518282306,1,50.39899852621664,0.3989985262166371,2.096614573475108,3.8408666399083815,-1.7442520664332735,-0.8341757206435485,23.168529447695136,9.411388622287108,0.23072670941272924,0.3387156855848795,0.004713825241219959,0.77,-1,1,7,-1,2,1,0,0.7837666890576609,,1,0,0.3117170300709408,,1,0,0.12453971787340899,-0.17210016131325617,-1,23,-1,-0.1980867953577067,-1,1,1,1,1,80,-1,1,1,2,67,0,0,1,1,1,0,1,1,,1,19,1,4,8,-0.0014268133031954155,0.001071335762021243,-0.003069364700344686,0.012890351113748004,NEUTRAL,0.0007305676363440283,0.0014268133031954155,0.001071335762021243,0.0014268133031954155,0.0011693985320003289,0.004246117940093494,0.013674853273580468,0.004246117940093494,NO_SETUP,,NO_SETUP
2026-08-04T19:45:00+00:00,PAXGUSD,15m,479,0.10527607361963101,0.0,0.024539877300613498,0.1298159509202445,0.1890359168241979,0,1,-0.10744088456582411,-0.6867553495599168,0.01854476587648862,0.41330584654770064,0.15906889262625967,0.5559259842439133,0.25370567241981823,0.3915717794147895,0.0012598565044231274,0.0014052412674977106,0.0009463677979355859,1,46.618838976263,-3.3811610237370004,0.9732093402544706,2.6245248801898624,-1.6513155399353918,0.09293652649788164,19.946793490841532,8.72028819357317,0.2139948022962741,0.1684819215605192,0.004949538313378896,0.71,-1,1,10,-1,5,1,0,0.6858895705521428,,1,0,0.2133742331288272,,1,0,0.2233128834355806,-0.0736196319018405,-1,26,-1,-0.2969325153374211,-1,1,1,1,1,80,0,1,1,0,62,0,0,1,1,0,0,1,1,1.1394,0,19,1,4,8,0.0016441717791410597,0.0002944785276073173,0.0003435582822086113,0.01838036809815942,NEUTRAL,0.0016441717791410597,0.0004417177914110876,0.0021570552147239176,0.0006380368098159286,0.0021570552147239176,0.0032638036809816396,0.022184049079754513,0.0032638036809816396,NO_SETUP,,NO_SETUP
2026-08-04T20:30:00+00:00,PAXGUSD,15m,482,0.01988213087352265,0.0783012314648123,0.0,0.09818336233833495,0.20250000000010004,1,0,-0.10068123851657083,-1.2664523207681668,-0.0065818798237840545,0.03384565167607434,0.12617009947039812,0.35187490508633346,0.2222800802492321,0.29279345374607146,0.0009409935869278676,0.0013275197929418217,0.0009610998077883399,1,45.98260578575566,-4.017394214244341,-0.1917489704774198,1.4141585872193294,-1.6059075576967492,0.04540798223864262,16.86398497593854,7.801498965481122,0.19149434992749456,0.17298149512678926,0.005303870296396221,0.65,-1,1,13,-1,8,1,0,0.6617558621603785,,1,0,0.18912570170421591,,1,0,0.24766753149844234,-0.04933713957501867,-1,29,-1,-0.32130505325219355,-1,1,1,1,1,80,0,1,1,0,62,0,0,1,1,0,0,1,1,1.1324,0,20,1,4,8,0.0011021082422477562,-0.0011315632509493415,0.0029430462860915367,0.02179425185505189,NEUTRAL,0.0024005832091722273,0.00017918463626746575,0.0024005832091722273,0.0022115802366710485,0.003794786954376543,0.0030215929759623565,0.023561552377141876,0.0030215929759623565,NO_SETUP,,NO_SETUP
2026-08-04T21:15:00+00:00,PAXGUSD,15m,485,0.042900989419390266,0.08678257288265143,0.0,0.12968356230204167,0.3308128544423463,1,0,0.023547790670222345,0.08768421680724714,0.10838506115137736,0.46065349732816685,0.23877392253985655,0.5502121307567904,0.33858120252316737,0.394443716517344,0.0008483727048115502,0.001303888613884792,0.0009980727998331082,1,51.57542128390278,1.5754212839027772,0.07424140650437039,0.672884922606825,-0.5986435161024546,1.0072640415942946,16.523580094817724,7.358503362668371,0.18039261423107628,0.4443076718635589,0.005351037778994373,0.62,-1,1,16,-1,11,1,0,0.04915227644907553,,1,0,0.3151384108492818,,1,0,0.12110336441816585,-0.1755263338530446,-1,32,-1,-0.19464791770854917,-1,1,1,1,1,80,0,1,1,0,65,0,0,1,1,0,0,1,1,,0,21,1,4,8,-0.0004290098941939027,-0.0027113425313054517,0.004275390031281075,0.017832102687808223,DOWN,0.0011350376057816093,0.0016572039341432462,0.0011350376057816093,0.004280293001500318,0.006530756332186118,0.004280293001500318,0.022269290736328103,0.004280293001500318,NO_SETUP,,NO_SETUP
2026-08-04T22:00:00+00:00,PAXGUSD,15m,488,0.006132561448265711,0.06255212677231473,0.1030270323308595,0.17171172055143993,0.599999999999974,0,1,-0.04605994915233382,0.278231945047537,0.03270672549641236,0.527877688875833,0.16179576008028387,0.584204383244014,0.2657557593083849,0.41746969687847013,0.0007876667464874618,0.0012908903458387154,0.00103959999228101,1,48.375648535292086,-1.6243514647079138,0.24478463760442537,0.5296668416187307,-0.2848822040143053,0.3137613120881493,16.331058454901903,7.093411766684524,0.17400313414817553,0.3573503908377456,0.004383136673515994,0.58,-1,1,19,-1,14,1,0,0.7248687631850005,,1,0,0.2525388804395727,,1,0,0.18397684344797136,-0.11283913064808687,-1,35,-1,-0.2575675808271599,-1,1,1,1,1,80,0,1,1,0,65,0,0,1,1,0,0,1,1,,0,22,1,4,8,-0.002354903596134011,-0.000760437619584926,0.012093411175979916,0.019231712701761293,NEUTRAL,0.0016925869597213589,0.0036550066231663867,0.0016925869597213589,0.0036550066231663867,0.013099151253495582,0.0036550066231663867,0.022911249570720722,0.0036550066231663867,NO_SETUP,,NO_SETUP
2026-08-04T22:45:00+00:00,PAXGUSD,15m,491,0.09968645418228737,0.12202996977487691,0.0,0.22171642395716432,0.0,0,1,-0.12017670321341999,-0.8131591716787625,-0.06171011169060508,0.016633287488275528,0.06014029331263832,0.3163901314837858,0.16494034116641568,0.28615855104226284,0.0005846659152281491,0.0012185040500324342,0.0010480004785377735,1,44.30886024948696,-5.691139750513038,-0.4172665229989434,0.19374229514506253,-0.6110088181440059,-0.32612661412970056,15.542239534482992,7.1887119720867085,0.17650670114164826,0.13418655304330526,0.003230344215589472,0.59,-1,1,22,-1,17,1,0,0.6315112319134103,,1,0,0.15873717396267628,,1,0,0.2781890457845625,-0.018906051655261207,-1,38,-1,-0.1307463961873681,-1,1,1,1,1,80,0,1,0,0,65,0,0,1,1,0,0,1,1,,0,22,1,4,8,-0.00153949277764273,0.0014069048829175273,0.011724207357646137,0.019662293721472213,NEUTRAL,0.0004984322709114927,0.002718051841866878,0.0031256368515776775,0.002718051841866878,0.014051861509488632,0.002718051841866878,0.023873187044689492,0.002718051841866878,NO_SETUP,,NO_SETUP
2026-08-04T23:30:00+00:00,PAXGUSD,15m,494,0.09093813748862827,0.022120087497237227,0.05407132499323662,0.1671295499791021,0.8676470588235107,1,0,-0.1609237694698544,-2.4170153070454035,-0.1425533325069406,-0.7832434761917284,-0.03702815172497888,-0.1140597668168084,0.063393967072167,0.06833039465800539,0.00018370436962913798,0.0010552518078196173,0.0010042211879714587,1,41.21214396771977,-8.787856032280231,-1.9936405948706124,-0.6915761228104539,-1.3020644720601586,-0.6910556539161528,15.253976923285787,7.66808316423999,0.1884651894767368,0.06918808720115045,0.004022752096868165,0.63,-1,-1,0,-1,20,1,0,0.5321109936834773,,1,1,0.05886401061763037,-0.29235382308846647,1,1,0.37849927495268987,0.0811069874898661,-1,41,-1,-0.22734534372158186,-1,1,1,1,1,45,0,1,-1,0,60,0,0,1,1,0,0,1,0,7.8149,0,23,1,4,8,0.0018924963747635052,0.006709759874161325,0.014697569248162849,0.0196131442475484,UP,0.003096812249612988,0.001007692874874016,0.007668296999041419,0.001007692874874016,0.016245975372969342,0.001007692874874016,0.02489738737188787,0.001007692874874016,NO_SETUP,,NO_SETUP
2026-08-05T00:15:00+00:00,PAXGUSD,15m,497,0.1692171865803436,0.004904845987842674,0.10300176574455117,0.2771237983127374,0.9823008849557283,1,0,0.08434936999144585,-1.0869353191910704,0.08611623799270492,-0.41154316010033654,0.1804751149363849,0.034382304119844775,0.2781549690987425,0.1372633182950267,1.7668680012590668e-05,0.0009435887694368,0.0009767985416235757,1,53.226171246278405,3.2261712462784047,-1.9724941567696987,-1.4619681117899312,-0.5105260449797675,0.7915384270803911,13.861257961830594,7.805094282738815,0.1914139268868652,0.6507721323364156,0.00463572565632621,0.65,-1,-1,3,-1,23,1,0,0.7492152246419396,,1,1,0.27700117716302775,-0.07345006866785231,1,1,0.1594074946046694,-0.13733568765940526,1,0,1,0.12262114969589955,-1,1,1,1,1,45,-1,0,-1,0,76,0,0,1,1,1,0,1,1,,0,0,2,5,8,0.002060035314891135,0.010471846184029888,0.01370413969001365,0.017583872866392063,UP,0.0029110260937806284,0.0012507357268981532,0.012850696488130295,0.0012507357268981532,0.01456739258387289,0.0012507357268981532,0.02266038846380226,0.0012507357268981532,NO_SETUP,,NO_SETUP
2026-08-05T01:00:00+00:00,PAXGUSD,15m,500,0.13865752082312235,0.06369426751592135,0.09407153356198299,0.29642332190102666,0.7851239669421547,1,0,0.17029274179604725,0.8880801906566376,0.18460154684103453,0.37604057833959814,0.2779188934027509,0.4144040579458306,0.3776301987514268,0.32718230693717487,0.0001430880504498724,0.0009331734656171638,0.0009971130534867584,1,57.2355146534626,7.235514653462602,-0.5651545045420789,-1.303752064465503,0.738597559923424,1.2491236049031915,14.90312735914905,8.188918418067491,0.2006104463024863,0.8674785602659116,0.004803980672672154,0.67,-1,-1,6,-1,26,1,0,0.8561979421851988,,1,0,0.3844928956393853,,1,0,0.05144536991670527,-0.2449779519843214,1,3,1,0.23027927486526434,-1,1,1,1,1,60,-1,1,0,2,70,0,0,1,1,1,0,1,1,,0,1,2,5,8,0.0035766780989711817,0.009064184223419891,0.020553650171484476,0.019598236158745713,UP,0.005830475257226894,0.0016413522782949088,0.011758941695247428,0.0016413522782949088,0.0207741303282705,0.0016413522782949088,0.021558059774620286,0.0016413522782949088,NO_SETUP,,NO_SETUP
2026-08-05T01:45:00+00:00,PAXGUSD,15m,503,0.16873000756966056,0.11232388347616669,0.05347593582887834,0.33452982687470556,0.6642335766423711,1,0,0.41779415840413386,3.141425550990334,0.4746330053570772,1.3977896736628281,0.5789453865367313,0.935098813861714,0.686681704978241,0.5931888490595156,0.0005683884695294326,0.0010431238117965416,0.001077363184415097,1,66.07169976890047,16.071699768900473,2.0639014907469573,-0.1794661028597459,2.243367593606703,1.504770033683279,19.34729188507251,9.000398602220908,0.21977385300761626,1.17001662299891,0.0067961294577096616,0.72,1,1,0,1,1,1,0,0.23075232583694166,,1,0,0.4444118867970667,,1,0,-0.2734842380289667,-0.5591775938270722,1,6,1,0.42243547481259447,-1,1,1,1,1,80,-1,1,1,2,75,0,0,1,1,1,0,1,1,,0,1,2,5,8,0.0074719800747196675,0.0081801089053305,0.016897418992503556,0.020447830439772368,UP,0.008473127731790056,0.0014650941322980001,0.0096452030376285,0.0014650941322980001,0.018240421947110057,0.0014650941322980001,0.02121944668278261,0.0014650941322980001,NO_SETUP,,NO_SETUP
2026-08-05T02:30:00+00:00,PAXGUSD,15m,506,0.5667475728155428,0.1092233009708738,0.003640776699020296,0.6796116504854369,0.8392857142857143,1,0,0.8459514161485749,6.956725823803026,0.9926315611361591,3.2412251495784403,1.128667704873832,1.9084409740366937,1.2554646335939934,1.0965329599011966,0.0014668014498758425,0.001360361437376729,0.0012679692872016126,1,77.65619441032953,27.656194410329533,6.640906272198663,2.30443525734827,4.336471014850392,2.0931034212436894,27.459406920297663,10.799480950830628,0.26212332404928707,1.2768521856996473,0.012570998754953483,0.93,1,1,0,1,4,1,0,0.8288834951456332,,1,0,1.0412621359223324,,1,0,-0.871359223300973,-1.1553398058252407,1,9,1,1.0194174757281553,-1,1,1,1,1,80,-1,1,1,2,67,0,0,1,1,1,0,1,1,,1,2,2,5,8,0.00012621359223311568,0.0028155339805826128,0.009053398058252471,0.015339805825242674,UP,0.0024271844660194173,0.001019417475728111,0.003592233009708782,0.001019417475728111,0.012135922330097087,0.001019417475728111,0.02087378640776699,0.001019417475728111,NO_SETUP,,NO_SETUP
2026-08-05T03:15:00+00:00,PAXGUSD,15m,509,0.12376237623761052,0.0242671325956125,0.01456027955737633,0.16258978839059934,0.08955223880602688,0,1,0.6310777426654062,9.647746725565412,0.8931944948438918,4.889661575282844,1.0788424730934487,2.844168809567236,1.23586228076366,1.5977300383638067,0.002621167521784857,0.0018564797824955667,0.0015701980767021144,1,73.63460787771221,23.634607877712213,11.364639527756935,6.219026829827427,5.145612697929509,0.8091416830791163,36.64584863573333,10.603374507643908,0.2573134951379321,0.9316167264027992,0.01919567364175715,0.88,1,1,1,1,7,1,0,0.242671325956125,,1,0,1.060473694428273,,1,0,-0.8906037662589855,-1.1745292176276474,1,12,1,0.4744224422442288,-1,1,1,1,1,80,-1,1,1,2,67,0,0,1,1,1,0,1,1,,1,3,2,5,8,0.0018685692098621184,0.0070617355853231055,0.008396427878081793,0.016161910308677793,UP,0.00339739856338575,0.0009949524364202009,0.010823141137643042,0.0009949524364202009,0.011939429237041306,0.0009949524364202009,0.020675596971461808,0.0009949524364202009,NO_SETUP,,NO_SETUP
2026-08-05T04:00:00+00:00,PAXGUSD,15m,512,0.25248429537998235,0.0907781503044094,0.06826516902893084,0.4115276147133226,0.7794117647058824,1,0,0.6925351352738965,7.547171449158668,1.0281367514634558,4.4849436089471055,1.255318432663375,2.75036383712677,1.4401429964499934,1.5858257538575344,0.0033560161618955936,0.0022718168119991934,0.001848245637866183,1,76.5469196751914,26.546919675191404,13.130690756316653,9.270240900294915,3.860449856021738,-1.2851628419077707,42.34725230842594,10.442060420296526,0.2527762480857073,0.9067268539920866,0.0218973777071968,0.85,1,1,0,1,10,1,0,0.48778126096901775,,1,0,0.17913554993404776,,1,0,-1.1341216911364191,-1.4173495200861723,1,15,1,0.7189629504109181,-1,1,1,1,1,80,0,1,1,0,52,0,0,1,1,0,0,1,1,4.7522,1,4,2,5,8,0.0006124499207203537,0.0077100908991879265,0.00502305765017732,0.02114525714424052,UP,0.0014645541582445157,0.0016824217189750103,0.009453031385032543,0.0016824217189750103,0.009453031385032543,0.0016824217189750103,0.022476670015371857,0.0016824217189750103,NO_SETUP,,NO_SETUP
2026-08-05T04:45:00+00:00,PAXGUSD,15m,515,0.08473550417624985,0.0,0.07020941774602678,0.15494492192227663,1.0,1,0,0.5122821613212678,6.9984654972222415,0.9056120624121456,4.6155088966461335,1.173803584879869,2.9226197206448887,1.3880380858698824,1.7086739749956905,0.0039332990109087786,0.0026819152246772334,0.002142345009900135,1,74.56002462189332,24.56002462189332,13.855466733404683,11.449860006463602,2.4056067269410804,-1.4548431290806576,46.12631469425581,9.691824614938573,0.23464047003845961,0.8017671195663023,0.021654906805204897,0.7,1,1,1,1,13,1,0,0.12347173465683,,1,0,0.16826050114999946,,1,0,-1.1233506839365717,-1.4066093693257453,1,18,1,0.11499818423919622,-1,1,1,1,1,80,0,1,1,0,52,0,0,1,1,0,0,1,1,2.0791,1,4,2,5,8,0.008570390993826326,0.0051809708267763314,0.0049872896743736505,0.024331194770608886,UP,0.008788282290279672,0.0009175644595085253,0.009563006899891055,0.0009175644595085253,0.009563006899891055,0.0009175644595085253,0.025711172981479197,0.0009175644595085253,NO_SETUP,,NO_SETUP
2026-08-05T05:30:00+00:00,PAXGUSD,15m,518,0.43373493975903615,0.0,0.016867469879513687,0.45060240963854986,1.0,1,0,0.7945053393871724,7.687843088807313,1.247206758160794,5.147225774260733,1.5589270321067368,3.2884852410334133,1.80492386694984,1.9285726584371332,0.004527014187736215,0.0031172027394594294,0.002459968348431033,1,81.95630400764601,31.95630400764601,15.075272620550095,12.879395531731396,2.1958770888186994,-0.209729638122381,49.83883638195696,10.071336982150159,0.24268281884699178,0.935330771270738,0.020350319117055017,0.81,1,1,0,1,16,1,0,0.5927710843373581,,1,0,0.637349397590379,,1,0,-1.5879518072289176,-1.8698795180722867,1,21,1,0.5843373493975903,-1,1,1,1,1,80,0,1,1,0,52,0,0,1,1,0,0,1,1,2.0884,1,5,2,5,8,0.003493975903614458,0.0012048192771084338,-0.0002891566265059803,0.022144578313252925,NEUTRAL,0.004819277108433735,0.0007469879518073166,0.004819277108433735,0.0007469879518073166,0.004819277108433735,0.0027710843373493976,0.024096385542168676,0.0027710843373493976,NO_SETUP,,NO_SETUP
2026-08-05T06:15:00+00:00,PAXGUSD,15m,521,0.17084145431796638,0.07218652999350321,0.14196684232054757,0.3849948266320172,0.36874999999997726,0,1,0.6832682619132178,10.476025887715878,1.2266566033344963,6.680458685694248,1.5978303871039723,4.191238774775229,1.8859019371311982,2.4281418731825397,0.005433883414212787,0.0037117378376947596,0.002880715500272258,1,74.7822710072287,24.7822710072287,17.80379424932471,14.977366882105647,2.826427367219063,0.6305502784003636,55.45318162116002,11.506642620183639,0.2768748675421362,0.8766694329326136,0.019694331997273596,1.0,1,1,0,1,19,1,0,0.3356673644697856,,1,0,0.7784114150966185,,1,0,-1.7276642845111705,-2.0091917514858286,1,24,1,0.7254746264346985,-1,1,1,1,1,80,0,1,1,0,52,0,0,1,1,0,0,1,1,1.001,1,6,2,5,8,0.0003368704733031463,-0.0007338963882671076,0.0026709016097597065,0.01785413508505997,NEUTRAL,0.003392766909694739,0.0012031088332250537,0.003392766909694739,0.001785413508505997,0.004090570032965183,0.004186818739623099,0.022642508241295597,0.004186818739623099,NO_SETUP,,NO_SETUP
2026-08-05T07:00:00+00:00,PAXGUSD,15m,524,0.2955475330926533,0.0,0.045728038507813144,0.34127557160046645,0.13399153737656694,0,1,0.455781121470428,8.558240099755494,1.0535437073152218,6.303880739031229,1.4766942829606338,4.147585600640014,1.8054572850839974,2.45944840999573,0.005977625858447939,0.004231505756454119,0.0032876300212336365,1,68.22282598923609,18.222825989236085,18.124816706318597,16.654735350802564,1.470081355516033,-1.35634601170303,58.77382308529491,11.631368016233038,0.27993665502365916,0.766243715044073,0.01766700963885821,0.99,1,1,1,1,22,1,0,0.31407942238267583,,1,0,0.7569193742479117,,1,0,-1.706377858002409,-1.987966305655834,1,27,1,0.28038507821900444,-1,1,1,1,1,80,0,1,1,0,52,0,0,1,1,0,0,1,1,3.8315,1,7,2,5,8,9.626955475322171e-05,-0.0015643802647412755,0.00808423586040918,0.018339350180505372,DOWN,0.0022382671480144843,0.001155234657039755,0.0022382671480144843,0.002791817087846056,0.008387484957882158,0.003971119133574007,0.02286401925391095,0.003971119133574007,NO_SETUP,,NO_SETUP
2026-08-05T07:45:00+00:00,PAXGUSD,15m,527,0.22096793563107525,0.016812777711056038,0.0216164284856622,0.2593971418277935,0.9351851851852031,1,0,0.5226337359846323,5.677849999376122,1.129249899822967,5.258421459818237,1.5883131610922225,3.727228994939651,1.9508262754314547,2.294098217651481,0.006066161638383348,0.0045906326126925545,0.003625131143392321,1,70.46999601724286,20.469996017242863,16.512479050376896,16.6843266847918,-0.17184763441490247,-1.6419289899309355,57.92817213737521,11.173329275387786,0.26836385914225497,0.8255715236432034,0.015691883626348848,0.94,1,1,4,1,25,1,0,0.5175933709619355,,1,0,0.9595292422241077,,1,0,-1.9070493575117111,-2.1880629278251447,1,30,1,0.4839678155398015,-1,1,1,1,1,80,0,1,1,0,52,0,0,1,1,0,0,1,1,3.868,1,7,2,5,8,-0.0028341539570073695,-0.0034105920499579246,0.0021856611024379403,0.01837396421280173,DOWN,0.00019214603098359118,0.003607541731716209,0.00019214603098359118,0.006004563468235859,0.01020775789600096,0.006004563468235859,0.020775789600096073,0.006004563468235859,NO_SETUP,,NO_SETUP
2026-08-05T08:30:00+00:00,PAXGUSD,15m,530,0.036110643010183206,0.06499915741834729,0.09388767182646758,0.19499747225499808,0.48148148148141495,0,1,0.2116319181233099,3.3688773507956284,0.7965629988409675,4.32788917027392,1.2804172483469494,3.342166382990399,1.672653649172022,2.142292044631631,0.005849310807176576,0.004838542495059817,0.0039223640082507285,1,61.885053689094185,11.885053689094185,13.68509564431406,15.618387027475789,-1.9332913831617287,-1.7614437487468262,55.897574725563814,10.601422892867031,0.2552161316562034,0.6175222885442428,0.013608020982733298,0.76,1,1,7,1,28,1,0,0.2876814559811218,,1,0,0.730638676906049,,1,0,-1.680348588073852,-1.9620116035532764,1,33,-1,-0.0890729194251361,-1,1,1,1,1,80,0,1,1,0,52,0,0,1,1,0,0,1,1,3.2915,1,8,2,5,8,-0.0006740653361899114,0.0019499747225499807,0.008161005320301536,0.022701557572401884,UP,0.0012759093863598503,0.002816630154794246,0.0024795974866992903,0.003707359349045388,0.012542430005537054,0.003707359349045388,0.024795974866992466,0.003707359349045388,NO_SETUP,,NO_SETUP
2026-08-05T09:15:00+00:00,PAXGUSD,15m,533,0.0891996142719339,0.08775313404050934,0.10607521697202595,0.28302796528446916,0.3747870528108789,0,1,0.034817257102320656,1.446758422320272,0.5737369696942239,3.3898209059389046,1.0696547160994436,2.9179744552793636,1.4854751250673164,1.9628517451646985,0.005389197125919032,0.004959177464052197,0.0041582040896787275,1,56.283526445844785,6.283526445844785,10.411531635454594,13.564397122287469,-3.1528654868328747,-1.219574103671146,51.24635361678914,10.495716507153341,0.2530307740393766,0.43489603618204503,0.010662790037078505,0.74,-1,1,10,-1,0,1,0,0.14585342333655213,,1,0,0.5894406943105286,,1,0,-1.5405014464802338,-1.8225650916104126,1,36,-1,-0.2314368370299027,-1,1,1,1,1,80,0,1,1,0,52,0,0,1,1,0,0,1,1,1.2467,1,9,2,5,8,0.0001928640308582888,0.007483124397299895,0.01865959498553511,0.02249276759884286,UP,0.0010607521697202594,0.002290260366441659,0.008244937319189927,0.002290260366441659,0.019551591128254667,0.002290260366441659,0.026253616200578506,0.002290260366441659,NO_SETUP,,NO_SETUP
2026-08-05T10:00:00+00:00,PAXGUSD,15m,536,0.2606091346037718,0.0,0.007245851749877591,0.26785498635364935,0.027051397655561582,0,1,-0.14982322545368743,-0.05264917193653673,0.32785534290413854,2.524414740656539,0.8252571164666869,2.5011572307348615,1.259271601520953,1.7798860700204386,0.0047767856835782595,0.004974017735625483,0.004340144850542662,1,48.70895609228221,-1.2910439077177926,7.124997250410161,10.952504309391099,-3.827507058980938,-0.6746415721480634,44.02248390144043,10.37408497311081,0.250563605852494,0.07112304100727325,0.007324249657345479,0.68,-1,1,13,-1,3,1,0,-0.039852184624293796,,1,0,0.4045600560346088,,1,0,,-1.6399777793879693,1,39,-1,-0.3562543777020769,-1,1,1,1,1,80,0,1,1,0,52,0,0,1,1,0,0,1,1,3.5287,1,10,2,5,8,0.0064488080573871015,0.010361568002318584,0.025046494215394975,0.023766393739584,UP,0.00787382556819541,0.0004347511049924358,0.015868415332222257,0.0004347511049924358,0.025891843586213513,0.0004347511049924358,0.02816221046784036,0.0004347511049924358,NO_SETUP,,NO_SETUP
2026-08-05T10:45:00+00:00,PAXGUSD,15m,539,0.22381055519457516,0.002406565109605908,0.009626260438467408,0.23584338074264846,0.9897959183674019,1,0,0.1815298085812476,1.2537608605643982,0.621007846580776,2.7694557132890623,1.1201361274560915,2.6231038888872718,1.5709080357899623,1.8616805065917106,0.004394780379995284,0.0049912828087531535,0.004507719083338711,1,59.47635506718681,9.476355067186809,6.036465283497819,8.618630110766425,-2.582164827268606,1.245342231712332,37.37621611952003,10.251116868048205,0.24669980189272026,0.5386341264078633,0.005934594730270352,0.64,-1,1,16,-1,6,1,0,0.3212764421341507,,1,0,0.7640844223040673,,1,0,,-1.995042475874187,1,42,1,0.15522344957042375,-1,1,1,1,1,80,0,1,0,0,52,0,0,1,1,0,0,1,1,3.0692,1,10,2,5,8,0.008011455249921778,0.007725074001876989,0.01571487016581238,0.0199263591076457,UP,0.008314682453733829,0.0010348229971362314,0.012201285105768492,0.0010348229971362314,0.02279017158809227,0.0010348229971362314,0.02445070151372932,0.0010348229971362314,NO_SETUP,,NO_SETUP
2026-08-05T11:30:00+00:00,PAXGUSD,15m,542,0.15813686026452853,0.1533448341958893,0.09584052137243626,0.4073222158328541,0.6235294117647273,1,0,0.49389763267978565,5.229796538453229,0.95326252965936,4.319374111108118,1.4715692821570088,3.427600944078222,1.9475760615529407,2.2919071062069634,0.004593648969795743,0.005183067524976489,0.0047600677939593165,1,69.36802289944725,19.368022899447254,8.210772028804058,8.04381767759736,0.166954351206698,2.749119178475304,38.76828550298336,11.236408075474406,0.2692258020767301,1.1115903617728446,0.0072216710664486415,0.95,1,1,0,1,2,1,0,0.4073222158328541,,1,0,0.6722014567759318,,1,0,,-2.4247651907226437,1,45,1,0.5930132259919494,-1,1,1,1,1,80,0,1,1,0,52,0,0,1,1,0,0,1,1,1.5361,1,11,2,5,8,-0.00023960130343109065,0.010710178263369709,0.014256277554149894,0.01574180563542261,UP,0.0077630822311672495,0.00043128234617600676,0.012027985432240706,0.00043128234617600676,0.01830553958213524,0.00043128234617600676,0.019958788575809676,0.00043128234617600676,NO_SETUP,,NO_SETUP
2026-08-05T12:15:00+00:00,PAXGUSD,15m,545,0.1788226317922796,0.2837319091104083,0.002384301757239069,0.46493884265992697,0.3897435897436084,1,0,0.7653310100883852,9.014563703406566,1.2927743046518512,6.065117826459755,1.8487931819587147,4.377180715574468,2.3599103692178574,2.807033709607367,0.00527443294563466,0.005560188773068635,0.005111171872591427,1,77.16699044555108,27.16699044555108,12.37731322216132,9.525871644586442,2.851441577574878,2.68448722636818,43.34604609690306,11.766103695997538,0.2805394171812197,1.122089560850534,0.013268691434345017,1.0,1,1,0,1,5,1,0,0.23246942132996348,,1,0,1.1576977182232253,,1,0,,-2.9016952385493973,1,48,1,1.0788965451467536,-1,1,1,1,1,80,0,1,1,0,52,0,0,1,1,0,0,1,1,1.5,1,12,2,5,8,-0.001502110107055192,0.008798073484180071,0.009561050046493753,0.010419398679096782,UP,0.0009298776853197673,0.005316992918623824,0.010157125485801352,0.005316992918623824,0.013328246822917821,0.005316992918623824,0.014973415035406706,0.005316992918623824,NO_SETUP,,NO_SETUP
2026-08-05T13:00:00+00:00,PAXGUSD,15m,548,0.11251017379230667,0.2178388471298024,0.0,0.33034902092210905,0.34057971014490984,1,0,0.2720890223732099,4.0325010734977695,0.7958977696809392,4.272413680751015,1.3711849518857533,3.5603546644542803,1.9111419845367497,2.4409555333272692,0.005238087473077293,0.00575287182204814,0.005399570326509963,1,60.796882809386304,10.796882809386304,11.288335415749316,10.614631395686963,0.6737040200623525,-2.1777375575125255,43.512902081617014,12.221330109368242,0.292558292463452,0.7427349321823743,0.014613772978591049,1.0,1,1,2,1,8,1,0,0.4979173648680824,,1,0,0.7625556566285145,,1,0,,-2.5135251591899164,1,51,1,0.12328242447454485,-1,1,1,1,1,80,0,1,1,0,52,0,0,1,1,0,0,1,1,0.6076,1,13,2,5,8,0.011490400727725381,0.01544022597788098,0.015535979317278821,0.01634988270215928,UP,0.012376119117154387,0.00031119835304238824,0.017379231100684726,0.00031119835304238824,0.017379231100684726,0.00031119835304238824,0.01903097620529516,0.00031119835304238824,NO_SETUP,,NO_SETUP
2026-08-05T13:45:00+00:00,PAXGUSD,15m,551,0.2001811162480253,0.011915542633811544,0.20733044182831653,0.4194271007101533,0.9715909090909082,1,0,0.566035461073343,6.414266803059036,1.1152138670001284,5.251229143592354,1.7153533405427035,4.100223304222709,2.2851500022653353,2.7465808669803664,0.005491784059267853,0.006001394735425753,0.005697966617226315,1,68.85193278094796,18.851932780947962,12.466525011946942,11.304677891761738,1.1618471201852039,0.48814310012285134,43.70015485236509,12.577683035816966,0.29973983689569056,0.899756848422694,0.01686656841853012,1.0,1,1,5,1,11,1,0,0.9437109765978613,,1,0,1.2071636242314416,,1,0,,-2.950288356131732,1,54,1,0.1739669224536529,-1,1,1,1,1,80,0,1,1,0,52,0,0,1,1,0,0,1,1,1.1009,1,13,2,5,8,0.01139125875792388,0.008078737905724357,0.012868786044516467,0.016967732710547596,UP,0.012225346742290687,0.0005481149611553744,0.012821123873981264,0.0005481149611553744,0.014465468757447171,0.0005481149611553744,0.01777798960964691,0.0005481149611553744,NO_SETUP,,NO_SETUP
2026-08-05T14:30:00+00:00,PAXGUSD,15m,554,0.1488868932268108,0.002363284019482058,0.18669943753841628,0.33794961478470914,0.9930069930069677,1,0,1.0682059868780802,13.75191188880035,1.7352079798040143,8.573013829632146,2.3940892141137806,5.876165869842225,3.010871768917447,3.6874363650849773,0.00667001992925934,0.006588812343097667,0.006167825548036657,1,78.76659051129202,28.766590511292023,18.607203452040267,14.049878291712668,4.557325160327599,3.395478040142395,48.0266394666843,13.842007882540136,0.32712596026232776,1.0225537786785923,0.02379070772210874,1.0,1,1,0,1,14,1,0,0.5990924989365308,,1,0,1.2619936663988192,,1,0,,-3.757621590962792,1,57,1,1.0043957082762207,-1,1,1,1,1,80,0,1,1,0,52,0,0,1,1,0,0,1,1,1.3891,1,14,2,5,8,-0.0025523467410311653,-4.7265680389426226e-05,0.0023396511792788547,0.010587512407241146,NEUTRAL,0.004395708276220722,0.002694143782199659,0.004395708276220722,0.004348442595831082,0.0060263742496573245,0.004348442595831082,0.011556458855225351,0.004348442595831082,NO_SETUP,,NO_SETUP
2026-08-05T15:15:00+00:00,PAXGUSD,15m,557,0.014139605033707968,0.14139605033699393,0.17203186124332548,0.3275675166140274,0.5251798561150693,0,1,1.0199195071446696,13.920803762582182,1.7954704274901991,9.234598337307943,2.5198959872002042,6.37422468515706,3.190768506837421,4.004957210833709,0.007755509203455298,0.00724425559710005,0.006708725196372169,1,80.7303605605257,30.730360560525696,22.775108788050602,17.757319833793364,5.017788954257238,0.4604637939296392,52.75044575539179,14.211257768928746,0.3349026198079075,0.9401842833806726,0.02712781016076816,0.99,1,1,1,1,17,1,0,0.8801904133477959,,1,0,1.5412169486732252,,1,0,,-4.029787434604317,1,60,1,1.284347457227695,-1,1,1,1,1,80,0,1,1,0,52,0,0,1,1,0,0,1,1,1.3916,1,15,2,5,8,-0.0024272988641182245,-0.0008012442852428799,-0.0018381486543807496,0.005561577979921847,NEUTRAL,0.0005420181929585196,0.007164066550407607,0.0005420181929585196,0.007164066550407607,0.0031814111325823634,0.007164066550407607,0.011641608144412629,0.007164066550407607,NO_SETUP,,NO_SETUP
2026-08-05T16:00:00+00:00,PAXGUSD,15m,560,0.03789583382677728,0.05921224035432604,0.17763672106297812,0.27474479524408146,0.7844827586206964,1,0,0.35205656799115387,7.115084009023121,1.1373757477534434,6.8678506742217,1.9017752894479452,5.334411825072493,2.6182854080058244,3.550442607725927,0.007853191797622896,0.007643995416945016,0.007165101185578793,1,63.442907989122105,13.442907989122105,20.325459462971594,19.605443222831088,0.7200162401405059,-4.297772714116732,51.29189994239922,14.135580655370479,0.33479975972550335,0.6729718608170463,0.02454356122211047,0.97,1,1,4,1,20,1,1,0.38014258307479903,-0.2226380237322573,1,0,1.0445039198503199,,1,0,,-3.54562895241705,1,63,1,0.2652708367873979,-1,1,1,1,1,80,0,1,1,0,52,0,0,1,1,0,0,1,1,2.9186,1,16,2,5,8,0.002865872433149251,0.006181757892991509,0.004547500059212197,0.014945169465431764,UP,0.003481679732834328,0.0003079036498425385,0.008242343857322013,0.0003079036498425385,0.008242343857322013,0.0003079036498425385,0.016982070533620667,0.0003079036498425385,NO_SETUP,,NO_SETUP
2026-08-05T16:45:00+00:00,PAXGUSD,15m,563,0.04963600264724057,0.09218114777348363,0.09690838612083681,0.238725536541561,0.40594059405942734,0,1,0.4091139018348628,6.255389398324951,1.1876008235395874,6.4761258035850915,1.9802568113571375,5.214149320883735,2.734860976783716,3.5401300056482796,0.0077848692170472454,0.0079265598781755,0.007546041654265784,1,65.76967628746496,15.76967628746496,18.363393952552542,19.29312570041174,-0.9297317478591971,-1.649747987999703,48.15688352784529,13.325805648633025,0.31497129735825435,0.6897991941436683,0.022298766638956677,0.89,1,1,7,1,23,1,1,0.11699914909709316,-0.01654533421574686,1,0,1.2479909237023774,,1,0,,-3.7439727711071216,,,0,-0.01654533421574686,-1,1,1,1,1,80,0,1,1,0,52,0,0,1,1,0,0,1,1,3.0288,1,16,2,5,8,0.0027181620497305475,0.0024818001323626735,0.0018908953389429894,0.008745390942611326,UP,0.003805426869622637,0.001039992436418773,0.006169046043301374,0.001039992436418773,0.006169046043301374,0.001039992436418773,0.014890800794176042,0.001039992436418773,NO_SETUP,,NO_SETUP
2026-08-05T17:30:00+00:00,PAXGUSD,15m,566,0.11558784676353172,0.04717871296471032,0.09671636157766475,0.2594829213059068,0.8181818181818182,1,0,0.474035256163161,5.613488379560295,1.2382199848033693,6.154394046528068,2.053727084184563,5.119106622145409,2.8440707849735194,3.540649489167663,0.0076418472864020846,0.00815507099381194,0.007903437007889562,1,69.26015176649791,19.260151766497913,16.717786829189208,18.185350753555763,-1.467563924366555,-0.5378321765073579,46.42395970796064,12.436732875381518,0.29337452527320057,0.718986564263395,0.02087971848671457,0.85,1,1,0,1,26,1,0,0.31491790903942857,,1,0,0.18989431968296336,,1,0,,-3.9347046612568346,,,1,0.3373277976976831,-1,1,1,1,1,80,0,1,1,0,52,0,0,1,1,0,0,1,1,2.049,1,17,2,5,8,0.0025948292130590677,-0.00011794678241177582,-0.00028307227778821907,0.003396867333459272,NEUTRAL,0.004175316097376821,0.0004481977731646623,0.004175316097376821,0.0010615210417059824,0.004175316097376821,0.0016040762408001939,0.012879788639366004,0.0016040762408001939,NO_SETUP,,NO_SETUP
2026-08-05T18:15:00+00:00,PAXGUSD,15m,569,0.24218768369816532,0.0940534693973524,0.01645935714455378,0.35270051024007154,0.7333333333333333,1,0,0.6336614609432317,6.846314306813838,1.400720535170056,6.619377955536947,2.241874571579757,5.416914898036339,3.0691504691672025,3.737948413385311,0.007670590742268242,0.008411540364097012,0.008272758975874452,1,74.6014223641094,24.601422364109396,16.589581238098617,17.30781861398162,-0.7182373758830032,0.7493265484835518,46.89593757496674,11.888375410791992,0.27953573822079036,0.8791856935869011,0.014405711400633313,0.78,1,1,0,1,29,1,0,0.38209221942674415,,1,0,0.5114157398481036,,1,0,,-4.244162806555517,,,1,0.5008347245408844,-1,1,1,1,1,80,0,1,1,0,52,0,0,1,1,0,0,1,1,1.1215,1,18,2,5,8,-0.0027275506125230913,-0.003479978367701868,-0.0002586470408425908,-0.0013872886736108624,DOWN,4.7026734698847286e-05,0.0037386254085446727,4.7026734698847286e-05,0.00482024030661431,4.7026734698847286e-05,0.00482024030661431,0.009616967245879411,0.00482024030661431,NO_SETUP,,NO_SETUP
2026-08-05T19:00:00+00:00,PAXGUSD,15m,572,0.05180493088750837,0.05415970047331297,0.044740622130116,0.15070525349093736,0.29687499999996003,0,1,0.35201100046024114,5.80013711590982,1.1102530535720918,6.222127214201464,1.974631142504668,5.288022925969926,2.8399537572191544,3.723584095386286,0.007582420531118506,0.008643780889325763,0.008653226147144864,1,67.35798549329485,17.357985493294848,15.58626708040083,16.667636508754654,-1.081369428353824,-0.3631320524708208,47.99441562740839,10.905160633203318,0.25679140587287347,0.769753398547972,0.008543848154563499,0.6,1,1,3,1,32,1,0,0.2366543433725053,,1,0,0.36616667059128694,,1,0,,-4.104363388042474,,,1,0.1189158640827038,-1,1,1,1,1,80,0,1,1,0,52,0,0,1,1,0,0,1,1,4.2237,1,19,2,5,8,-0.0026137942402334646,-0.0017425294934889765,0.003461511291120121,0.0010360986177503817,DOWN,-2.3547695857831802e-05,0.0028492711988130676,-2.3547695857831802e-05,0.0033673205076883658,0.0056749947017685175,0.0033673205076883658,0.011090964749099387,0.0033673205076883658,NO_SETUP,,NO_SETUP
2026-08-05T19:45:00+00:00,PAXGUSD,15m,575,0.1605704975324136,0.0,0.0047226616921253895,0.16529315922453897,0.028571428571402584,0,1,0.030265550694593857,1.8671353501795238,0.7291443098420497,4.470584048544879,1.5965969771879251,4.442375341814113,2.4903343113447503,3.341148456686824,0.006988787591474558,0.008674526673458756,0.008937373341568251,1,56.425759447750146,6.425759447750146,12.021636245324771,14.951267945338342,-2.929631700013571,-1.8482622716597472,44.54217427199711,10.034259442838087,0.23694206339790994,0.3961919079043971,0.008000321945686688,0.36,1,1,6,1,35,1,1,0.21370044156885107,-0.20425511818462175,1,0,0.08854990672743158,,1,0,,-3.837162624855358,,,-1,-0.15938983210937685,-1,1,1,1,1,80,0,1,1,0,52,0,0,1,1,0,0,1,1,2.5958,1,19,2,5,8,0.001511251741481628,0.0006847859453589331,0.011759427613402958,0.005832487189780332,NEUTRAL,0.0015136130723277443,0.0005903327115162106,0.0017237715176273778,0.0005903327115162106,0.012916479727974859,0.0005903327115162106,0.01390823868332205,0.0005903327115162106,NO_SETUP,,NO_SETUP
2026-08-05T20:30:00+00:00,PAXGUSD,15m,578,0.014166981488486111,0.0708349074423876,0.0,0.08500188893087372,0.0,0,1,0.020403728825881578,0.7175770831318005,0.6495717554172801,3.6678693920684964,1.5084242574627604,4.029501234868803,2.422537101796035,3.1638764158733466,0.006291680265913985,0.008588525020454802,0.009141128443332746,1,55.73466767818733,5.7346676781873285,8.865833526964707,12.426314185366836,-3.5604806584021294,-0.6308489583885581,40.718576109796,8.815586004342313,0.20815040622266515,0.43259121436933917,0.00780702954091246,0.25,1,1,9,1,38,1,1,0.22076879486209516,-0.19715715904798742,1,0,0.09562712504722758,,1,0,,-3.8439743105402284,,,-1,-0.15229505100112908,-1,1,1,1,1,80,0,1,1,0,60,0,0,1,1,0,0,1,1,2.5666,0,20,2,5,8,0.0008500188893087372,0.0024792217604835665,0.010294673214960418,0.0032584057423498732,UP,0.0014426709482434318,0.0006611258027956606,0.0028806195693237197,0.0006611258027956606,0.013600302228938507,0.0006611258027956606,0.0138364185870798,0.0006611258027956606,NO_SETUP,,NO_SETUP
2026-08-05T21:15:00+00:00,PAXGUSD,15m,581,0.06842366042988075,0.0023594365665564917,0.0023594365665564917,0.07314253356299374,0.0322580645162426,0,1,0.06354103945052013,1.2710788482027056,0.638062305574445,3.5676682882713067,1.4871373745430474,3.9554408068052,2.419549735771455,3.1515148840644542,0.005745212661239249,0.008490750689686025,0.009324123612284073,1,57.041756254396326,7.041756254396326,7.189803566284354,10.097315269291164,-2.9075117030068096,0.6529689553953197,36.926360510610024,7.843645208287268,0.18506583319461264,0.4423629774918454,0.0056268921943781365,0.18,1,1,12,1,41,1,1,0.0035391548498347374,-0.1238704197437652,1,0,0.16869971450818833,,1,0,,-3.914305263902982,,,-1,-0.1498242219757793,-1,1,1,1,1,80,0,1,1,0,60,0,0,1,1,0,0,1,1,1.7294,0,21,2,5,8,-7.078309699648016e-05,0.006865960408654284,0.010239954698817836,0.0038930703348040484,UP,0.0009201802609535984,0.000613453507302542,0.007668168841280702,0.000613453507302542,0.01309487294434089,0.000613453507302542,0.01309487294434089,0.000613453507302542,NO_SETUP,,NO_SETUP
2026-08-05T22:00:00+00:00,PAXGUSD,15m,584,0.009439305267123754,0.09911270530488525,0.044836700018891486,0.15338871059090048,0.29230769230777626,0,1,0.029266325138434066,0.7528700809652946,0.5488251046727016,3.0859820615514764,1.3838921172416891,3.685530985024343,2.3317277017000806,3.0384833639591307,0.005195587795342676,0.008350670125689874,0.009478355844583914,1,55.84748483126928,5.847484831269277,5.645503834847659,8.149157192562065,-2.5036533577144056,0.40385834529240405,33.9947958961544,6.914901065090048,0.16317965511350876,0.3449930927234062,0.004723593224542688,0.02,1,1,15,1,44,1,1,0.2772795922220124,-0.14040966584858924,1,0,0.15220879743252613,,1,0,,,,,1,0.017580706060052867,-1,1,1,1,1,80,0,1,1,0,60,0,0,1,1,0,0,1,1,1.4641,0,22,2,5,8,0.003350953369831937,0.009108929582782577,0.006489522371153482,0.005781574476118557,UP,0.0035397394751746267,9.439305267145216e-05,0.010076458372663728,9.439305267145216e-05,0.013262223900320893,9.439305267145216e-05,0.013262223900320893,9.439305267145216e-05,NO_SETUP,,NO_SETUP
2026-08-05T22:45:00+00:00,PAXGUSD,15m,587,0.016514497369472202,0.0,0.0023592139099337956,0.018873711279405996,1.0,1,0,0.04396876159663972,0.47648589626896865,0.5110373760976947,2.6956713749568735,1.3281242104100166,3.448611453583908,2.287781082950645,2.9371163242130933,0.004670686145010551,0.008170868343123217,0.009596568725406283,1,57.01928997392236,7.019289973922362,4.408351203054735,6.472630854944827,-2.064279651890091,0.43937370582431434,32.21231594212545,5.78168281341216,0.1364022651617751,0.3944583490591059,0.004602561943352918,0.01,1,1,18,1,47,1,1,0.303158987425377,-0.11442187463138141,1,0,0.17812065019935786,,1,0,,,,,-1,-0.005898034774813033,-1,1,1,1,1,80,0,1,1,0,65,0,0,1,1,0,0,1,1,,0,22,2,5,8,0.005355415575530191,0.006676575365088396,0.0044353221506594435,0.007714629485455404,UP,0.007573076650860019,2.3592139099123388e-05,0.012763347252695489,2.3592139099123388e-05,0.012999268643688009,2.3592139099123388e-05,0.012999268643688009,2.3592139099123388e-05,NO_SETUP,,NO_SETUP
2026-08-05T23:30:00+00:00,PAXGUSD,15m,590,0.41454903154787964,0.02576293416400131,0.06323629294797804,0.503548258659859,0.9488372093023086,1,0,0.650008469503555,5.110292275403481,1.130030478454799,4.412429922068441,1.9442913659738805,4.279792453662594,2.918247436252488,3.3717659773565174,0.004800220089512439,0.008142608875190816,0.009739560702786072,1,77.69833106522341,27.698331065223414,7.148721042920442,6.186074588877013,0.9626464540434299,3.026926105933521,36.72593337310753,7.177754060155414,0.1681090957246508,1.3858665110818893,0.007384637105956938,0.08,1,1,0,1,50,1,0,0.5000351312738472,,1,0,0.7201911141297984,,1,0,,,,,1,0.7201911141297984,-1,1,1,1,1,80,0,1,1,0,65,0,0,1,1,0,0,1,1,,0,23,2,5,8,0.0035131273859990166,0.0036302316321989835,-0.00465840691383456,-0.0012413050097196952,UP,0.004660748998758823,0.0034428648382789934,0.005644424666838505,0.0034428648382789934,0.005644424666838505,0.005878633159238226,0.005644424666838505,0.007213621565918023,NO_SETUP,,NO_SETUP
2026-08-06T00:15:00+00:00,PAXGUSD,15m,593,0.023452707615094163,0.2603250545275537,0.021107436853576217,0.3048851989962241,0.14615384615381816,1,0,0.37998008076780526,5.751440958534658,0.8821899695262468,4.8332132279547295,1.7050241107287503,4.514885395623423,2.7036232332998336,3.5206197410007007,0.005022098887584417,0.008228341412025032,0.009985991225710832,1,68.74203952038388,18.742039520383884,9.085721030739478,7.444575802255725,1.6411452284837527,0.6784987744403228,40.72415951504364,8.082771745685616,0.189562882471109,0.9303286125812303,0.010524989753955983,0.19,1,1,3,1,53,1,0,0.1653415886863968,,1,0,0.5851450549965952,,1,0,,,,,1,0.2497713361007443,-1,1,1,1,1,80,1,1,1,4,70,0,0,1,1,0,0,1,1,,0,0,3,6,8,0.0034944534346491585,0.0009146555969888004,-0.004315298201177241,-0.0004456014446867038,NEUTRAL,0.0067778325007623414,-2.3452707615179486e-05,0.007012359576913283,-2.3452707615179486e-05,0.007012359576913283,0.004526372569713003,0.007012359576913283,0.005863176903773542,NO_SETUP,,NO_SETUP
2026-08-06T01:00:00+00:00,PAXGUSD,15m,596,0.3017473275478851,0.11227807536666233,0.10058244251596879,0.5146078454305162,0.19545454545455374,0,1,0.45336550791301644,8.020141835069808,1.0033313859299067,5.922278030740927,1.843398194059465,5.093406863127711,2.8686210184584278,3.8433738845560583,0.005499658780168901,0.008400668081295583,0.01025222824398963,1,67.6611887482823,17.6611887482823,12.010240300101941,9.406975784356234,2.603264515745707,0.9621192872619542,44.188025090580034,9.941781896964828,0.23255086189714458,0.8800233692255097,0.015086264060173707,0.34,1,1,2,1,56,1,0,0.42689059905031457,,1,0,0.8455942551051565,,1,0,,,,,1,0.5110991555753166,-1,1,1,1,1,80,1,1,1,4,62,0,0,1,1,0,0,1,1,4.132,1,1,3,6,8,0.001543823536291421,-0.0050291221257982265,-0.005286426048513569,-0.0028771256812706557,DOWN,0.004374166686159345,0.0025496479614513217,0.004374166686159345,0.0056372950340343765,0.004374166686159345,0.008467638183902301,0.004374166686159345,0.008467638183902301,NO_SETUP,,NO_SETUP
2026-08-06T01:45:00+00:00,PAXGUSD,15m,599,0.030390873386928936,0.2033850757434245,0.07948382270433293,0.3132597718346864,0.25373134328361246,0,1,0.39576837900180883,4.95244064860799,0.9490886704617911,4.795203112215859,1.794239380912272,4.5567324363328225,2.841069978240246,3.606807770911473,0.005533202914599822,0.008451507104504812,0.010468305973279739,1,65.15795374335195,15.157953743351953,11.843169444397063,10.53518616461524,1.3079832797818227,-1.2952812359638841,43.607977819035675,11.106812983830904,0.2596505747108403,0.8150724618276797,0.01576700469087462,0.62,1,1,5,1,59,1,0,0.4850850944454834,,1,0,0.9035440433888289,,1,0,,,,,-1,-0.021039835421723305,-1,1,1,1,1,80,1,1,1,4,62,0,0,1,1,0,0,1,1,3.2902,1,1,3,6,8,-0.002922199364129418,-0.0071535440433889005,-0.006849635309519399,-0.004769029362259338,DOWN,0.003787170375911683,0.0031092201234337435,0.003787170375911683,0.007714606321301664,0.003787170375911683,0.009047129231344849,0.003787170375911683,0.009047129231344849,NO_SETUP,,NO_SETUP
2026-08-06T02:30:00+00:00,PAXGUSD,15m,602,0.16166427640613656,0.0,0.09334883688284562,0.2550131132889822,0.3660550458715518,0,1,0.2011539557486018,5.0214847650140655,0.7579507943900341,4.891201958139391,1.6099051550508823,4.628368706078618,2.679889710579738,3.6733514788656976,0.005567968386414323,0.00851954360660848,0.01069984555528856,1,59.4012275438275,9.401227543827503,11.58824510544855,11.26665787081492,0.3215872346336308,-0.9863960451481919,43.05200161434227,11.427721620071596,0.2673595291866391,0.6719101769218669,0.015994588778101376,0.67,1,1,8,1,62,1,0,0.4080209812623758,,1,0,0.8268039838195385,,1,0,,,,,-1,-0.11019373977900508,-1,1,1,1,1,80,1,1,1,4,62,0,0,1,1,0,0,1,1,3.3767,1,2,3,6,8,-0.003928137772589124,-0.005425462474469351,-0.005963563539207631,-0.0031326840247152925,DOWN,0.00035327504684993724,0.0054488581729363154,0.00035327504684993724,0.0069461828748165425,0.00035327504684993724,0.008279737687428866,0.0007042105238531355,0.008279737687428866,NO_SETUP,,NO_SETUP
2026-08-06T03:15:00+00:00,PAXGUSD,15m,605,0.19737769632030724,0.004699468960003245,0.11278725504018473,0.3148644203204952,0.3582089552239039,0,1,-0.2129636606404242,-0.8287891152976954,0.2713805084990194,2.357603328832738,1.1039657980694035,3.339438617586893,2.1854572109024235,3.0475699287535463,0.004843441691394437,0.008325852895703839,0.010814914128330204,1,46.832892229883704,-3.1671077701162957,7.188125649208814,9.979761836184043,-2.7916361869752286,-3.1132234216088595,36.86748060406052,11.246466617819726,0.2642621039010227,0.3099219040995181,0.012941328095909642,0.64,-1,1,11,-1,0,1,1,0.1750552187602758,-0.20912636872032603,1,0,0.395930259880642,,1,0,,,,,-1,-0.5451383993608679,-1,1,1,1,1,80,1,1,1,4,62,0,0,1,1,0,0,1,1,2.4505,1,3,3,6,8,-0.0014074909535222006,0.0008928991024014714,0.0011983645848017892,-0.003595093754405795,NEUTRAL,0.0006344283096009723,0.002631702617604168,0.001080877860801601,0.0039710512712064815,0.001903284928802917,0.0039710512712064815,0.0050519291320080826,0.007566145025612063,NO_SETUP,,NO_SETUP
2026-08-06T04:00:00+00:00,PAXGUSD,15m,608,0.051700232651042656,0.023500105750475876,0.03525015862571381,0.11045049702723235,0.3191489361702251,0,1,-0.16778919684365814,-2.42337377624699,0.22979440780239763,1.2709702454858416,1.028486734819132,2.7173804074791406,2.1095934097149724,2.7391596179841144,0.003975836046460558,0.007986923270167345,0.010811066748958407,1,46.84199047513209,-3.158009524867907,3.287829618005162,7.1670304503207465,-3.8792008323155844,-1.0875646453403558,30.34183065199419,10.066540509967117,0.23656476652567662,0.17707013811700656,0.009572161215885961,0.28,-1,1,14,-1,3,1,1,0.16332573496580305,-0.12455056047752643,1,0,0.3842267290202891,,1,0,,,,,-1,-0.40185180833312467,-1,1,1,1,1,80,1,1,0,3,62,0,0,1,1,0,0,1,1,21.2821,1,4,3,6,8,-0.0023030103635466787,-0.0014805066622800228,0.0038775174488285195,0.000987004441519944,NEUTRAL,0.0005405024322609879,0.002514511315300876,0.0013395060277770821,0.0038540173430781717,0.0048645218903484635,0.0038540173430781717,0.005170023265104693,0.00744953352290081,NO_SETUP,,NO_SETUP
2026-08-06T04:45:00+00:00,PAXGUSD,15m,611,0.0963776121858998,0.014104040807678577,0.002350673467957119,0.11283232646153549,0.8750000000001185,1,0,-0.1234959854496477,-3.0862909762745403,0.18868698202237738,0.5515085330016518,0.9474309776437394,2.260534806816395,2.023069307275129,2.50613696281016,0.003121829674720251,0.007587439956213619,0.010756383296313895,1,47.27400859434668,-2.7259914056533177,0.2712056028603911,4.062792933509159,-3.7915873306487677,0.0876135016668167,27.295013776252652,9.477452441835855,0.22278395998767903,0.23368315311766633,0.010996543590916862,0.22,-1,-1,2,-1,6,1,1,0.282080816153828,-0.15279377541665687,1,1,0.3561270303942207,-0.014104040807678577,1,1,,,,,1,0.05994217343269273,-1,1,1,1,1,45,1,1,-1,3,85,0,0,1,1,0,1,1,1,,0,4,3,6,8,-0.00037610775487185625,0.00016454714275635694,0.0030088620389739948,0.002186126325191996,NEUTRAL,0.0016219646928844257,0.003573023671281993,0.0016219646928844257,0.003573023671281993,0.005453562445640633,0.003573023671281993,0.005453562445640633,0.007169554077243129,NO_SETUP,,NO_SETUP
2026-08-06T05:30:00+00:00,PAXGUSD,15m,614,0.2460172000563996,0.04464495512006288,0.1510879270642486,0.44175008224071105,0.8989361702127863,1,0,-0.032379283782744954,-2.175645157787585,0.21582546684430887,0.5418326842536771,0.9363166155548717,2.1568986951579063,2.0047200953057804,2.446513584767672,0.0024820475062705383,0.007204911487105628,0.010684034797509087,1,49.56101454631651,-0.4389854536834932,-1.1228660146234688,1.6145405069264094,-2.737406521549878,1.0541808090988898,23.096262891549237,9.908878649676991,0.2328323382131912,0.33783470062126786,0.012060815321680617,0.28,-1,-1,5,-1,9,1,1,0.3219136237605108,-0.11278725504018473,1,1,0.395930259880642,0.025847079280049902,1,1,,,,,1,0.09986371540015979,-1,1,1,1,1,45,1,1,-1,3,77,0,0,1,1,0,1,1,1,,1,5,3,6,8,-0.0017623008600028197,0.0014803327224024111,0.0007049203440011279,-0.002866676065604544,NEUTRAL,0.0012218619296019122,0.0030781521688050106,0.0015743221016024762,0.0030781521688050106,0.0050519291320080826,0.0030781521688050106,0.0050519291320080826,0.007566145025612063,NO_SETUP,,NO_SETUP
2026-08-06T06:15:00+00:00,PAXGUSD,15m,617,0.039993412849644014,0.021172983273356052,0.07763427200226274,0.13880066812526282,0.5593220338982842,0,1,-0.1328434190651548,-0.8312223450238889,0.07606037942908847,0.8520016695674713,0.7650476425496142,2.227882382927419,1.8289118367906163,2.47532236956431,0.0020890379849424325,0.0068898726312052565,0.010638641942410024,1,46.12325864131619,-3.876741358683809,-1.268345565573327,0.3297497594278718,-1.5980953250011987,1.1393111965486793,19.566896551118116,9.551751601071597,0.22471008542290913,0.2869290779978381,0.011278993664410191,0.23,1,-1,8,1,2,1,1,0.20231961794526676,-0.06940033406262071,1,0,0.27642505940198087,,1,0,,,,,1,0.0470510739407627,-1,1,1,1,1,60,1,1,0,3,75,0,0,1,1,0,0,1,1,,0,6,3,6,8,-0.0004469852024371601,0.0048697861528688964,0.0016232620509564414,-0.006046063001387964,UP,0.0016703131248971615,0.001882042957630508,0.004916837226809831,0.001882042957630508,0.006257792834121524,0.001882042957630508,0.006257792834121524,0.007834003811137032,NO_SETUP,,NO_SETUP
2026-08-06T07:00:00+00:00,PAXGUSD,15m,620,0.18092530369604123,0.011748396343899058,0.056392302450706935,0.24906600249064723,0.9528301886792429,1,0,0.02025217207952749,-1.308687405735327,0.18833856315469114,0.4175976390915821,0.8412313549009935,1.91791490862488,1.8946029876352917,2.3091468956881727,0.0016808639107516363,0.006528927917463025,0.010533716327342981,1,50.702747451490296,0.7027474514902963,-1.5945551623754,-0.6745273182037915,-0.9200278441716084,0.6780674808295902,17.72930251438829,9.375072254939562,0.2202841292074429,0.48287800846461826,0.008507123412542606,0.22,1,-1,11,1,5,1,1,0.32425573909159694,-0.11043492563266824,1,0,0.3982706360581738,,1,0,,,,,1,0.09516201038556528,-1,1,1,1,1,80,1,1,0,3,85,0,0,1,1,0,1,1,1,,0,7,3,6,8,0.0011748396343899058,0.00199722737846284,-0.0015272915247068776,-0.0044173970253058754,UP,0.0018797434150238494,0.0022556920980284913,0.005028313635188925,0.0022556920980284913,0.005028313635188925,0.0022556920980284913,0.005028313635188925,0.009046265184802275,NO_SETUP,,NO_SETUP
2026-08-06T07:45:00+00:00,PAXGUSD,15m,623,0.1597856991799277,0.0,0.06109453203936966,0.22088023121929734,1.0,1,0,0.027139057876539172,-0.49304469451908517,0.16975288924349827,0.5913272017651252,0.7914009945439324,1.922313108425442,1.8359377676680961,2.300404972119395,0.0014261383136695911,0.00621648105300434,0.010445367731241639,1,50.84365664627551,0.8436566462755124,-1.31895429438282,-1.0507347459826806,-0.2682195484001395,0.6518082957714689,15.452547512383122,8.98587235572232,0.21114910251479943,0.6316062667585831,0.0042955883417036935,0.19,1,-1,14,1,8,1,1,0.31957139835983395,-0.11513969499731057,1,0,0.39358977371525244,,1,0,,,,,1,0.12806353831331668,-1,1,1,1,1,80,1,1,0,3,85,0,0,1,1,0,1,1,1,,0,7,3,6,8,0.0037831614070541544,0.0014803675071081567,-0.0028197476325868835,-0.0031487181897219343,NEUTRAL,0.004770073078459521,0.0006579411142703155,0.005075545738656476,0.0006579411142703155,0.005075545738656476,0.0030077308080927187,0.005075545738656476,0.008999694527339846,NO_SETUP,,NO_SETUP
