timestamp,symbol,timeframe,index,f_body_size_pct,f_upper_wick_pct,f_lower_wick_pct,f_range_pct,f_close_position_in_range,f_bullish_candle,f_bearish_candle,f_ema20_distance_pct,f_ema20_slope,f_ema50_distance_pct,f_ema50_slope,f_ema100_distance_pct,f_ema100_slope,f_ema200_distance_pct,f_ema200_slope,f_ema20_vs_50,f_ema50_vs_100,f_ema100_vs_200,f_ema_alignment,f_rsi,f_rsi_distance_from_50,f_macd,f_macd_signal,f_macd_histogram,f_macd_histogram_slope,f_adx,f_atr,f_atr_pct,f_bb_position,f_bb_width,f_atr_percentile,f_structure_bias,f_last_bos_direction,f_last_bos_age,f_last_choch_direction,f_last_choch_age,f_bullish_fvg_present,f_bearish_fvg_present,f_nearest_bullish_fvg_distance_pct,f_nearest_bearish_fvg_distance_pct,f_bullish_ob_present,f_bearish_ob_present,f_nearest_bullish_ob_distance_pct,f_nearest_bearish_ob_distance_pct,f_demand_present,f_supply_present,f_buy_side_liquidity_distance_pct,f_sell_side_liquidity_distance_pct,f_liquidity_sweep_direction,f_liquidity_sweep_age,f_premium_discount_state,f_distance_from_equilibrium_pct,f_htf_1d_bias,f_htf_4h_bias,f_htf_1h_bias,f_htf_30m_bias,f_entry_15m_bias,f_mtf_alignment_score,f_higher_timeframe_bias,f_setup_bias,f_entry_bias,f_market_state_code,f_hour_utc,f_day_of_week,f_day_of_month,f_month,y_tb_horizon,y_tb_atr_mult,y_return_8,y_mfe_8,y_mae_8,y_direction,y_tb_atr
2026-02-20T09:45:00+00:00,PAXGUSD,15m,80,0.09338366779256542,0.04371150407311381,0.00794754619510503,0.14504271806078428,0.05479452054790083,0,1,0.15252658742859238,3.8340494058838885,0.34688755781903746,2.658416811677853,,,,,0.0019436097039044508,,,,59.05806520824794,9.058065208247939,7.312528755436688,6.289788685273933,1.0227400701627545,-0.5914957544089239,24.96098058614596,8.384727272815459,0.16659501833529622,0.7077300790522357,0.007995041213042946,0.5882352941176471,1,1,3,1,19,1,0,0.020266242797544933,,1,0,0.3027021657063497,,1,0,-0.39260878203854993,,,,1,0.06954102920723226,0,0,0,0,1,25,0,0,1,0,9,4,20,2,8,1.0,-0.0015895092390224518,0.0023047883965826273,0.001967017683290212,UP,8.384727272815459
2026-02-20T10:00:00+00:00,PAXGUSD,15m,81,0.0457201924223606,0.011927006718887682,0.10535522601678093,0.1630024251580292,0.6463414634146707,0,1,0.09490167769474335,2.6879494624663494,0.2876060035978254,2.232596544552507,,,,,0.0019270432590308207,,,,56.77573485042073,6.775734850420733,6.823687069710104,6.396568362161168,0.427118707548936,-1.2824439824302312,24.07084270224828,8.371532467614342,0.1664122066476035,0.628748791756325,0.007503184451640867,0.5652173913043478,1,1,4,1,20,1,1,0.09044646761819844,-0.0765316264461387,1,0,0.2551385520614031,,1,0,-0.345088061066286,,,,1,0.02186617898462139,0,0,0,0,1,25,0,0,1,0,10,4,20,2,8,1.0,-0.00023854013437775364,0.0027829682344054384,0.0017691726633007087,UP,8.371532467614342
2026-02-20T10:15:00+00:00,PAXGUSD,15m,82,0.019874788830368677,0.07353671867236049,0.03577461989466723,0.1291861273973964,0.43076923076925877,1,0,0.10203182063866659,1.8510018946126365,0.2934637560750049,1.90582805260874,,,,,0.0019143193543633835,,,,57.43996294443304,7.4399629444330415,6.4347235031746095,6.404199390363856,0.0305241128107534,-1.5211130355051123,23.429491715146835,8.23785157707046,0.16372556051019496,0.633439612988538,0.006902375203206795,0.5,1,1,5,1,21,1,1,0.10831759912552374,-0.05863062704958398,1,0,0.27298022458512533,,1,0,-0.3629136440425364,,,,1,0.039749577660737355,0,0,0,0,1,25,0,0,1,0,10,4,20,2,8,1.0,-0.0022458511378316967,0.002603597336778369,0.0023054755043228387,UP,8.23785157707046
2026-02-20T10:30:00+00:00,PAXGUSD,15m,83,0.14091215813917285,0.0793871313460088,0.0,0.22029928948518168,0.6396396396396514,1,0,0.21967637462906348,2.2080493332214246,0.4169442552353837,2.050697540742476,,,,,0.0019726788060632017,,,,62.35470620020929,12.354706200209293,6.623031552149769,6.447965822721039,0.1750657294287299,-0.8476743407340246,23.5736726496802,8.442290750136882,0.16755231116057798,0.8239051834063551,0.006262568021431765,0.676056338028169,1,1,6,1,22,1,0,0.24907712459812428,,1,0,0.41350772039854217,,1,0,-0.5033144127337074,,,,1,0.03870122653119373,0,0,0,0,1,25,0,0,1,0,10,4,20,2,8,1.0,-0.0012701941015362491,0.001190806970190132,0.0045250664867225385,DOWN,8.442290750136882
2026-02-20T10:45:00+00:00,PAXGUSD,15m,84,0.07139882191944553,0.04958251522183217,0.13684774201224958,0.25782907915352726,0.8076923076923077,1,0,0.26142136773051844,3.0929970157712887,0.46700877006592195,2.421258421498351,,,,,0.002055874023354036,,,,64.52922843331172,14.529228433311715,6.974292484513171,6.553231155079466,0.4210613294337051,-0.0060573781152308825,23.89011720699031,8.76784141084139,0.17389265208626145,0.8893380549948506,0.006375686427087772,0.75,1,1,7,1,23,1,0,0.31831974772418414,,1,0,0.4826362031693331,,1,0,-0.5723805557208421,,,,1,0.10808988318360856,0,0,0,0,1,25,0,0,1,0,10,4,20,2,8,1.0,-0.0018841355784296224,-5.9499018266234676e-05,0.00521608060133678,DOWN,8.76784141084139
2026-02-20T11:00:00+00:00,PAXGUSD,15m,85,0.05557099194219172,0.00793871313461171,0.01786210455286281,0.08137180962966624,0.21951219512206485,0,1,0.17384024744635296,3.4746163476029324,0.38226670907619686,2.604738483400979,,,,,0.0020842646162984395,,,,60.75015578482487,10.75015578482487,6.890815522866433,6.62074802863686,0.2700674942295729,0.23954338141881948,24.183958581635416,8.455852738638473,0.1678214730012002,0.7534062528524565,0.006420924180724194,0.6712328767123288,1,1,8,1,24,1,0,0.24907712459812428,,1,0,0.41350772039854217,,1,0,-0.5033144127337074,,,,1,0.03870122653119373,0,0,0,0,1,25,0,0,1,0,11,4,20,2,8,1.0,-0.0006747906164411831,0.0001786210455284476,0.0045250664867225385,DOWN,8.455852738638473
2026-02-20T11:15:00+00:00,PAXGUSD,15m,86,0.06355511420059222,0.011916583912618944,0.04568023833168186,0.12115193644489303,0.3770491803278762,0,1,0.09270646375260018,2.800843362116211,0.29884285677595407,2.3614154056203915,,,,,0.002061363930233539,,,,57.04933147800386,7.049331478003857,6.4597060455325845,6.588539632016005,-0.12883358648342025,-0.30389931591215014,23.630148431345336,8.287577543021465,0.16459935537281956,0.630606265474182,0.006453097782461288,0.5,1,1,9,1,25,1,0,0.17775571002980592,,1,0,0.34230387288978315,,1,0,-0.43217477656405595,,,,0,0.0009930486593698591,0,0,0,0,1,25,0,0,1,0,11,4,20,2,8,1.0,0.0008738828202581204,0.0013108242303873612,0.0038133068520357135,DOWN,8.287577543021465
2026-02-20T11:30:00+00:00,PAXGUSD,15m,87,0.02383884937819973,0.08939568516826255,0.06754340657158699,0.18077794111804923,0.37362637362641865,0,1,0.062328789335435515,1.7436201847731354,0.2642879834650442,1.9433206838302794,,,,,0.0020195919412960865,,,,55.828459447298656,5.8284594472986555,5.952600830577467,6.461351871728297,-0.5087510411508305,-0.9298123705845356,22.759374287737646,8.345607718519958,0.16579140447614044,0.590449853360677,0.006471957129114758,0.5466666666666666,1,1,10,1,26,1,0,0.15395923556758132,,1,0,0.31854662481625734,,1,0,-0.40843895267989194,,,,-1,-0.02284556398745571,0,0,0,0,1,25,0,0,1,0,11,4,20,2,8,1.0,0.0015296595017680117,0.0017084508721044646,0.003575827406730502,DOWN,8.345607718519958
2026-02-20T11:45:00+00:00,PAXGUSD,15m,88,0.17512437810945636,0.02189054726367073,0.0378109452736246,0.2348258706467517,0.16101694915252146,0,1,-0.10195439435794731,0.2823230243184298,0.08611167576685631,1.3337786962283644,,,,,0.0018806607012480363,,,,47.75714844546513,-2.242851554534873,4.78546596608976,6.126174690600591,-1.3407087245108311,-1.610776218740404,21.333917192825474,8.59235002433991,0.17099204028537132,0.3234883350044858,0.0065090723843135,0.7105263157894737,-1,1,11,-1,0,1,0,0.05472636815920398,,1,0,0.14398009950249915,,1,0,-0.234029850746273,,,,-1,-0.19800995024877072,0,0,0,0,1,25,0,0,1,0,11,4,20,2,8,1.0,0.006029850746268693,0.006786069651741366,0.0018308457711442424,DOWN,8.59235002433991
2026-02-20T12:00:00+00:00,PAXGUSD,15m,89,0.08549727601700546,0.023859704934996773,0.06760249731579406,0.1769594782677963,0.8651685393257692,1,0,-0.013010127131770672,-0.2778982160916712,0.1667171438439695,1.0618658061803217,,,,,0.0017972727097574019,,,,51.5303742185698,1.530374218569797,4.167505990026257,5.734440950485724,-1.5669349604594673,-1.438101373976047,20.18882083058986,8.614325022601383,0.17127937771108648,0.4559454266363113,0.0064972710825449125,0.7142857142857143,-1,1,12,-1,1,1,0,0.14216407523759567,,1,0,0.23133972243210363,,1,0,-0.32131069312442545,,,,-1,-0.11035113532431487,0,0,0,0,1,25,0,0,1,0,12,4,20,2,8,1.0,0.00507018729868374,0.0059052769714082656,0.0027040998926312195,DOWN,8.614325022601383
2026-02-20T12:15:00+00:00,PAXGUSD,15m,90,0.1832596310903912,0.011951715071119952,0.005975857535559976,0.20118720369707113,0.029702970297046643,0,1,-0.17759897191094165,-1.5466698145601185,-0.015600218414880379,0.4868906765268548,,,,,0.0016199875349606127,,,,44.32217449051332,-5.677825509486681,2.9019532339643774,5.167943407181455,-2.2659901732170775,-1.757239132066247,19.358090629967787,8.720444663844168,0.17370711652611784,0.176504889343546,0.006522497634633395,0.7435897435897436,-1,1,13,-1,2,1,0,0.32568423568781035,,1,0,0.048504043663607034,,1,0,-0.1386398948249081,,,,-1,-0.29381299549820544,0,0,0,0,1,25,0,0,1,0,12,4,20,2,8,1.0,0.0064140870881637824,0.007748695271104846,0.0008764591052148593,UP,8.720444663844168
2026-02-20T12:30:00+00:00,PAXGUSD,15m,91,0.23250268272325858,0.007948809665763399,0.09339851357258888,0.3338500059616109,0.976190476190444,1,0,0.05545179693290566,-0.7136536417447132,0.21416004613491924,0.7501498656829426,,,,,0.0015870824920201356,,,,53.46571974237233,3.465719742372329,2.834617562019048,4.701278238148974,-1.8666606761299258,-0.5259519516190947,19.09473442946277,9.297555759283883,0.18476125271817262,0.5281913719038221,0.006345211240392645,0.810126582278481,-1,1,14,-1,3,1,0,0.5633718850602014,,1,0,0.28685266881285326,,1,0,-0.3767735781566718,,,,-1,-0.054648066452066886,0,0,0,0,1,25,0,0,1,0,12,4,20,2,8,1.0,0.006537895950081584,0.006851873931878795,0.0005564166766027149,UP,9.297555759283883
2026-02-20T12:45:00+00:00,PAXGUSD,15m,92,0.007948177880231803,0.027818622580766127,0.055637245161550324,0.09140404562254827,0.6956521739131466,1,0,0.05735789431942685,-0.34092472348402225,0.2133817432841875,0.8462224199693082,,,,,0.0015602384896476066,,,,53.73843916145894,3.738439161458942,2.7814671915539293,4.317316028829965,-1.5358488372760357,0.031086123183431624,18.62043820113475,8.962016062192204,0.17807924456925253,0.5125769124699966,0.0054510782532181095,0.775,-1,1,15,-1,4,1,0,0.5712752851408814,,1,0,0.2947780471327136,,1,0,-0.384691809402706,,,,-1,-0.04669554504630536,0,0,0,0,1,25,0,0,1,0,12,4,20,2,8,1.0,0.006596987640583359,0.00786869610141864,0.0005404760958550759,UP,8.962016062192204
2026-02-20T13:00:00+00:00,PAXGUSD,15m,93,0.05163647918651602,0.041706387035278916,0.033762313314282005,0.12710517953607695,0.6718749999999711,1,0,0.09858716010793421,1.1201157263722052,0.25451948907668576,1.4012725211468933,,,,,0.0015593232896875158,,,,55.56149730299336,5.561497302993359,2.9155349390066476,4.0369598108653015,-1.121424871858654,1.1445653013584236,17.650407769743456,8.7790149148928,0.17435285420425803,0.5860409356182683,0.004733788640270254,0.7530864197530864,-1,1,16,-1,5,1,0,0.622616777883688,,1,0,0.34626231331427554,,1,0,-0.4361296472831276,,,,1,0.09930092151253357,0,0,0,0,1,40,0,0,0,0,13,4,20,2,8,1.0,-0.00035748331744522204,0.008023514458214281,0.006375119161105707,UP,8.7790149148928
2026-02-20T13:15:00+00:00,PAXGUSD,15m,94,0.0865182362979655,0.04365599079256911,0.004762471722819815,0.13493669881335443,0.6764705882351958,1,0,0.16452936860334974,1.6991523238602895,0.3244094186381632,1.6286735987496286,,,,,0.0015988005003481343,,,,58.41253716559096,8.412537165590962,3.322391038133901,3.8940460563190213,-0.5716550181851203,1.2950056579448055,16.66505959497132,8.637656706686185,0.17140248257106372,0.7405368365967273,0.004505102677865423,0.6829268292682927,-1,1,17,-1,6,1,0,0.09921816089216971,,1,0,0.42931698218042263,,1,0,-0.519109417787829,,,,1,0.1825614160415706,0,0,0,0,1,40,0,0,0,0,13,4,20,2,8,1.0,-0.0004564035401038363,0.007183394848593231,0.0072032384807713765,DOWN,8.637656706686185
2026-02-20T13:30:00+00:00,PAXGUSD,15m,95,0.04760487950014155,0.01785182981254857,0.1828820787464099,0.2483387880591,0.9281150159744672,1,0,0.18648509469173413,2.3849473406353354,0.35157841830442815,1.913823653701911,,,,,0.0016509332361269403,,,,59.80124585590969,9.801245855909691,3.7708123005486414,3.8693993051649453,-0.09858700461630399,1.4372618326597317,15.900263203567217,8.914966941922852,0.17683163625751963,0.8009290521868551,0.004524540589526878,0.7590361445783133,-1,1,18,-1,7,1,0,0.7468015471585766,,1,0,0.4707924228900245,,1,0,-0.560547456114256,,,,1,0.22413964097985267,0,0,0,0,1,40,0,0,0,0,13,4,20,2,8,1.0,0.002975304968759298,0.006763859962312876,0.00761678072002373,UP,8.914966941922852
2026-02-20T13:45:00+00:00,PAXGUSD,15m,96,0.2729808319981046,0.07516863489803141,0.0019781219710079284,0.3501275888671439,0.7853107344632754,1,0,0.4152466811623459,4.072095212954991,0.5991446259204849,2.627007039831369,,,,,0.00183897944758139,,,,67.48505009498072,17.48505009498072,5.1800219813521835,4.1315238404023935,1.04849814094979,2.169923012808444,16.28199887358897,9.54246930321413,0.18876168186287914,1.1749715475855453,0.005754665509456553,0.8214285714285714,1,1,19,1,0,1,0,1.017743754079873,,1,0,0.7424880818151398,,1,0,-0.8319981010029157,,,,1,0.49650861472117286,0,0,0,0,1,25,0,0,1,0,13,4,20,2,8,1.0,-0.0003560619547801677,0.0040155876011315214,0.010325796688623785,UP,9.54246930321413
2026-02-20T14:00:00+00:00,PAXGUSD,15m,97,0.00791311400820087,0.06923974757166314,0.10287048210646736,0.18002334368633138,0.5714285714285285,0,1,0.36856962361197104,5.160467097435685,0.5680915141680583,3.131830293170424,,,,,0.0019952189055608715,,,,67.08477986970175,17.084779869701748,6.193163218660629,4.543851716054041,1.6493115026065883,2.2209665207917086,16.636467710037742,9.510864352984575,0.18815138485399466,1.0699388683095694,0.006492209823779896,0.8117647058823529,1,1,0,1,1,1,0,0.17507764743121257,,1,0,0.5924944113632281,,1,0,-0.8241508239529932,,,,1,0.34936398346158887,0,0,0,0,1,25,0,0,1,0,14,4,20,2,8,1.0,0.001721102296781485,0.004095036499238507,0.010247482640606001,UP,9.510864352984575
2026-02-20T14:15:00+00:00,PAXGUSD,15m,98,0.04948143456575094,0.019792573826300373,0.04354366241785722,0.11281767080990852,0.38596491228068214,0,1,0.2888638423373263,5.707089278632338,0.49854250572990927,3.4364643993194477,,,,,0.0020967866339258296,,,,64.50944494823345,14.509444948233451,6.716927285285237,4.978466829900281,1.7384604553849563,1.8370474600012603,16.96561734388303,9.238659756342807,0.18285685528348525,0.9345697809181907,0.0070606108805184075,0.7906976744186046,1,1,1,1,2,1,0,0.12568284379701458,,1,0,0.5433061515319417,,1,0,-0.7750771910379197,,,,1,0.15655925896603307,0,0,0,1,1,25,0,0,1,0,14,4,20,2,8,1.0,0.002216768268545786,0.00459187712770183,0.00975773889636594,UP,9.238659756342807
2026-02-20T14:30:00+00:00,PAXGUSD,15m,99,0.2783755503346501,0.03119385599494437,0.037511598981256764,0.34708100531085123,0.9101251422070572,1,0,0.4875535561605016,6.096890299714687,0.718693480071979,3.6860148150326495,1.018007541805696,,,,0.002311399239114773,0.002993140617337169,,,70.66941778848857,20.669417788488573,8.063842980956906,5.595542060111606,2.4683009208452997,1.4198027798955097,18.23593628053474,9.834469773746887,0.19416141386639724,1.119555342493395,0.008579159041235919,0.8390804597701149,1,1,0,1,3,1,0,0.3761031371542732,,1,0,0.7926793153146147,,1,0,-1.0238692227201946,,,,1,0.40690213421256405,0,0,0,1,1,25,0,0,1,0,14,4,20,2,8,1.0,0.0014412351187536815,0.0027837555033463214,0.012240627035991391,FLAT,9.834469773746887
2026-02-20T14:45:00+00:00,PAXGUSD,15m,100,0.017766196849453908,0.1085712029689289,0.1046231592246078,0.23096055904299062,0.4529914529914756,0,1,0.4535610680479441,6.554329318789314,0.7036902711288524,3.9689161948363108,1.0112556186330532,,,,0.0025012920308090827,0.003075653475042009,,,70.9685162919707,20.9685162919707,9.083063620232679,6.293046372135821,2.7900172480968575,1.1407057454902692,19.818184810413733,9.967721932764954,0.19676501110910327,1.0267104446539166,0.00973404812776421,0.8522727272727273,1,1,1,1,4,1,0,0.1500256622843453,,1,0,0.8063879347783245,,1,0,-1.0375458960085355,,,,1,0.42066406095780334,0,0,0,1,1,25,0,0,1,0,14,4,20,2,8,1.0,0.0019740218721623435,0.0026451893086974682,0.012377117138457858,DOWN,9.967721932764954
2026-02-20T15:00:00+00:00,PAXGUSD,15m,101,0.6595939126634229,0.1788055787340565,0.6019787817379758,1.4403782731354553,0.4179310344827486,0,1,-0.16938901933344555,4.120583669380721,0.06198965264481534,3.0681743832737993,0.3666577609573139,,,,0.002313786719782609,0.003046681083124985,,,47.05180363848603,-2.948196361513972,7.193472227982056,6.473131543305069,0.7203406846769873,-1.018119770707969,20.44880190487251,14.434313223281745,0.2867706366130597,0.362398105758984,0.009660758748485812,1.0,1,1,2,1,5,1,0,0.6268128898954837,,0,0,,,0,0,-0.4005244963642837,,,,-1,-0.2203282075734125,0,0,0,1,1,25,0,0,1,0,15,4,20,2,8,1.0,0.008562800492708779,0.010092581555211226,0.001807923073866463,UP,14.434313223281745
2026-02-20T15:15:00+00:00,PAXGUSD,15m,102,0.06352861765699962,0.36330428222586947,0.19058585297094466,0.6174187528538138,0.4115755627009777,1,0,-0.08668490380751569,1.0614804627739431,0.13008931439891408,1.849814603538107,0.4311336265626965,1.8464680964107174,,,0.002167742182064298,0.003010443121637824,,,49.1589358651368,-0.8410641348632026,5.9262029351584715,6.36374582167575,-0.4375428865172788,-2.9058438073625785,21.034374921155663,15.624719421618723,0.31019275816677694,0.43186759753978543,0.00955117628646099,1.0,1,1,3,1,6,1,1,0.6998074288777272,-0.4139286494212831,0,0,,,0,0,-0.4736852554049072,,,,-1,-0.14671140140158856,0,0,0,1,1,25,0,0,1,0,15,4,20,2,8,1.0,0.00728593833753545,0.009350618411387396,0.0014293938972823107,UP,15.624719421618723
2026-02-20T15:30:00+00:00,PAXGUSD,15m,103,0.3816869376050664,0.0,0.1443686344309341,0.5260555720360004,1.0,1,0,0.2689968117377559,0.07467279965294438,0.49312715876236835,1.4125669720260703,0.7970422460758375,1.6257459558883056,,,0.002241303470246124,0.003039150873134693,,,58.487313998203255,8.487313998203255,6.413371404482859,6.373670938237172,0.03970046624568724,-2.7503167818511702,21.47877839205159,16.408668034360268,0.3245064379385003,0.8038842251245406,0.009938223435132896,1.0,1,1,4,1,7,1,1,1.0807871057055203,-0.02867596163353739,0,0,,,0,0,-0.8555324829427512,,,,1,0.3391674082863569,0,0,0,1,1,25,0,0,1,0,15,4,20,2,8,1.0,0.004192623356076302,0.005478097498269518,0.00170078117274802,UP,16.408668034360268
2026-02-20T15:45:00+00:00,PAXGUSD,15m,104,0.05936479667557139,0.12862372613040468,0.11081428712774045,0.2988028099337165,0.37086092715233304,0,1,0.18981154214181523,1.981846818734084,0.41703333715833535,2.1454074829280216,0.7235337681088732,1.9915727686438913,,,0.0022722179501652013,0.0030650043095053784,,,56.75316734334585,6.753167343345851,6.482653009743444,6.395467352538427,0.08718565720501736,-0.6331550274719699,21.306344089754116,16.315191746191704,0.322849346911877,0.7275274009029941,0.010159891777552976,0.9891304347826086,1,1,5,1,8,1,0,1.0220639160977467,,0,0,,,0,0,-0.7966755713861724,,,,1,0.2800039576531045,0,0,0,1,1,25,0,0,1,0,15,4,20,2,8,1.0,0.005857326605323116,0.006609280696546876,0.0006925892945483328,UP,16.315191746191704
2026-02-20T16:00:00+00:00,PAXGUSD,15m,105,0.18958843510546575,0.04739710877635745,0.07899518129394106,0.31598072517576425,0.8500000000000227,1,0,0.35185807891298543,4.316909026473695,0.591520643675792,3.1004895424202914,0.9033048373533841,2.476888159363625,,,0.0023966256476280665,0.0031178419367759204,,,60.950945388634125,10.950945388634125,7.2687550878272305,6.5701248995961885,0.698630188231042,1.1361730747483207,20.882565325555927,16.292678050035153,0.3217607640815853,0.8763076110570613,0.010804871891567149,0.978494623655914,1,1,6,1,9,1,0,1.2194881112252152,,0,0,,,0,0,-0.9945493324907295,,,,1,0.4789082865945177,0,0,0,1,1,25,0,0,1,0,16,4,20,2,8,1.0,0.0031400584564340852,0.004601469310371923,0.001500908444584952,UP,16.292678050035153
2026-02-20T16:15:00+00:00,PAXGUSD,15m,106,0.023698554388178725,0.0296231929852279,0.1500908444584952,0.20341259183190183,0.7378640776699252,0,1,0.3183477856831722,4.581965309666884,0.5683237556884988,3.2573330897766937,0.8854176128513379,2.5684349284847485,,,0.0024997597000532656,0.0031709385716283908,,,60.950945388634125,10.950945388634125,7.801812213529956,6.816462362382943,0.9853498511470136,0.9456493849013263,20.461634027911572,15.864629617889799,0.3133073232066079,0.8361327676166227,0.01124950509103392,0.9680851063829787,1,1,7,1,10,1,0,1.2194881112252152,,0,0,,,0,0,-0.9945493324907295,,,,1,0.4789082865945177,0,0,0,1,1,25,0,0,1,0,16,4,20,2,8,1.0,0.001323169286673477,0.004601469310371923,0.00015799036258791805,UP,15.864629617889799
2026-02-20T16:30:00+00:00,PAXGUSD,15m,107,0.18196514470466768,0.13405882816812914,0.00729437741502821,0.3233183502878251,0.5853658536585163,1,0,0.44449449217352455,5.94558766112641,0.7117736906685564,3.87077100782426,1.0364314075141783,2.8918322566323695,,,0.0026727919849503187,0.003246577168456218,,,64.43890140943043,14.438901409430429,8.832534323826621,7.21967675467168,1.6128575691549418,1.5256719119499245,19.02606604362133,15.902870359469073,0.3135176713088296,0.9270890039046096,0.01203784868960873,0.968421052631579,1,1,8,1,11,1,0,1.3908603422442882,,0,0,,,0,0,-1.1663118050626895,,,,1,0.6515653339641841,0,0,0,1,1,25,0,0,1,0,16,4,20,2,8,1.0,0.0012223010803565824,0.002858607365349736,0.0016560208185473616,FLAT,15.902870359469073
2026-02-20T16:45:00+00:00,PAXGUSD,15m,108,0.05476969147720054,0.043342921312892906,0.05358761180504067,0.15170022459513413,0.7142857142857312,1,0,0.4624973345034007,6.541245979114137,0.7477605869868249,4.197407438889968,1.0808856009744372,3.076152409965289,,,0.0028526325248342424,0.0033312501398761237,,,65.7131919543128,15.713191954312805,9.81064954615249,7.737871312967842,2.072778233184648,1.374148044953606,17.69303862963753,15.316951048078412,0.30176427455925003,0.9287949574679359,0.012381156164899867,0.9375,1,1,0,1,12,1,0,0.14775995902123804,,0,0,,,0,0,-1.232515071515828,,,,1,0.7181134008432132,0,0,0,1,1,25,0,0,1,0,16,4,20,2,8,1.0,0.001300287639386787,0.002186847393514215,0.0023247566886008477,FLAT,15.316951048078412
2026-02-20T17:00:00+00:00,PAXGUSD,15m,109,0.009849305623953511,0.1516793066088805,0.023638333497484842,0.18516694573031883,0.1808510638297749,1,0,0.4308680562533631,7.146841600150765,0.731585858652645,4.538685578540935,1.072851811266204,3.2706840454111443,,,0.003007178023992819,0.0034126595261355875,,,65.98345539030777,15.983455390307768,10.521017318103986,8.294500513995072,2.2265168041089147,1.2411669529619012,16.948203959926264,14.894311687501357,0.2933972557372473,0.891959909427004,0.012702490524664519,0.9278350515463918,1,1,1,1,13,1,0,0.161528612232834,,0,0,,,0,0,-1.2461341475426027,,,,1,0.7318034078597387,0,0,0,1,1,25,0,0,1,0,17,4,20,2,8,1.0,0.0012804097311139564,0.0020486555697822586,0.002462326405988378,FLAT,14.894311687501357
2026-02-20T17:15:00+00:00,PAXGUSD,15m,110,0.04966691631517851,0.017344002522766154,0.19314911900351178,0.2601600378414564,0.7424242424242664,0,1,0.3418939506581303,6.59952335251819,0.652142552246712,4.4155998695787275,1.0000060293618562,3.2336407969878564,,,0.0031024860158858168,0.003478634771151443,,,63.89149388792245,13.89149388792245,10.742291016151285,8.784058614426314,1.9582324017249704,0.34537483257002854,16.099770198357028,14.77328942410839,0.29116814663779395,0.8281745903844654,0.011919660942328303,0.9183673469387755,1,1,2,1,14,1,0,1.4180692971737123,,0,0,,,0,0,-1.1935827190665853,,,,1,0.6789782805786554,0,0,0,1,1,25,0,0,1,0,17,4,20,2,8,1.0,0.0012416729078797316,0.0025818912846386245,0.0012416729078797316,FLAT,14.77328942410839
2026-02-20T17:30:00+00:00,PAXGUSD,15m,111,0.07877582369970657,0.03347972507237171,0.0413573074423352,0.15361285621441348,0.782051282051285,1,0,0.3785865648783128,6.151949699897159,0.6998815010728404,4.316948894301277,1.0547365788826553,3.207232068335543,,,0.003212949361945277,0.0035485507780981477,,,65.58859070456262,15.58859070456262,11.104345440362522,9.248115979613555,1.8562294607489669,-0.21654877243568116,15.127262534913976,14.275197322386308,0.28113510688670673,0.8559262868834767,0.011888278317827426,0.898989898989899,1,1,3,1,15,1,0,1.493786556905675,,0,0,,,0,0,-1.269472398920772,,,,1,0.6705791992437556,0,0,0,1,1,25,0,0,1,0,17,4,20,2,8,1.0,0.0009453098843965145,0.001811843945093215,0.0020087835043424815,FLAT,14.275197322386308
2026-02-20T17:45:00+00:00,PAXGUSD,15m,112,0.11016899136354515,0.07475752985381504,0.013771123920438671,0.19869764513779886,0.6237623762376755,1,0,0.43828364027172523,6.194621157050278,0.7737891405695516,4.406480310211009,1.13688313444933,3.2744155917353055,,,0.0033550550029782644,0.0036309399387977836,,,67.84229038497584,17.84229038497584,11.692230297618153,9.736938843214475,1.9552914544036781,-0.2712253497052366,14.475797263873364,13.97696894221582,0.2749693876220381,0.9024853704972534,0.011919817103424345,0.89,1,1,4,1,16,1,0,1.598434026479904,,0,0,,,0,0,,,,,1,0.1770573075485432,0,0,0,1,1,25,0,0,1,0,17,4,20,2,8,1.0,0.000924632606086801,0.0011016899136352726,0.003068993330841487,DOWN,13.97696894221582
2026-02-20T18:00:00+00:00,PAXGUSD,15m,113,0.07284181513928178,0.007874790825879432,0.047248744955204966,0.12796535092036618,0.36923076923071324,0,1,0.3327000863924386,6.147514380188113,0.6758775911672081,4.457206572555151,1.0456906969505921,3.322446966156349,,,0.0034317750477476957,0.0036981310578338405,,,64.7955718458096,14.795571845809604,11.732399569853442,10.136030988542268,1.5963685813111734,-0.36186382041379694,13.87086522647851,13.442899732057546,0.26465005870769853,0.8140746549562285,0.011610233639108073,0.88,1,1,5,1,17,1,0,1.528693769071752,,0,0,,,0,0,,,,,1,0.10630967614922013,0,0,0,1,1,25,0,0,1,0,18,4,20,2,8,1.0,0.0018702628211438135,0.0023033763165665553,0.0023624372477606065,FLAT,13.442899732057546
2026-02-20T18:15:00+00:00,PAXGUSD,15m,114,0.18342109934323772,0.019722698854111195,0.05522355679151494,0.2583673549888638,0.21374045801527514,0,1,0.13739256236156155,4.857274915408198,0.4762176774640983,3.9922180795138047,0.8489879885266647,3.110121283657463,,,0.003388251151025368,0.003727703110625664,,,57.668071136001025,7.668071136001025,10.896265528786898,10.288077896591194,0.6081876321957047,-1.2480418285532622,13.280364173285685,13.418406894053462,0.264647198273346,0.6382916949439184,0.011012489861843056,0.87,1,1,6,1,18,1,0,1.3500187365639078,,0,0,,,0,0,,,,,-1,-0.10157189909866549,0,0,0,1,1,25,0,0,1,0,18,4,20,2,8,1.0,0.004634834230716131,0.0048715066169654295,0.00017750428968710838,UP,13.418406894053462
2026-02-20T18:30:00+00:00,PAXGUSD,15m,115,0.16343086677431146,0.13192612137202808,0.017721419288791115,0.31307840743513066,0.5786163522012837,1,0,0.2719704218250567,3.9661058758447325,0.6138165219697971,3.659189919532764,0.9910109241621773,2.959425812693553,,,0.0034184610014474036,0.0037719440219238028,,,61.75537816009067,11.755378160090672,10.779109051839441,10.386284127640844,0.3928249241985977,-1.5624665302050804,12.343306715142017,13.595663544478255,0.26770494908987225,0.7627419842094029,0.010637719618419524,0.88,1,1,7,1,19,1,0,1.5112432560154372,,0,0,,,0,0,,,,,1,0.06202496751074204,0,0,0,1,1,25,0,0,1,0,18,4,20,2,8,1.0,0.0027960461544519785,0.00352459339187958,-9.845232938211318e-05,UP,13.595663544478255
2026-02-20T18:45:00+00:00,PAXGUSD,15m,116,0.06296237997795959,0.0668975287265966,0.001967574374300612,0.1318274830788568,0.4925373134327406,1,0,0.31353157770730744,3.864571982907364,0.6611401006908628,3.629417765825565,1.04394793577204,2.9582490639268144,,,0.003476085229835554,0.003828078350811771,,,63.49330659930136,13.493306599301363,10.867614842813964,10.482550270675468,0.38506457213849643,-1.211304009172677,11.51750901184416,13.138830434158367,0.25851626070672057,0.7998888410253365,0.010926969795159369,0.85,1,1,8,1,20,1,0,1.5848811585077776,,0,0,,,0,0,,,,,1,0.10231386746418658,0,0,0,1,1,60,0,1,1,0,18,4,20,2,8,1.0,0.004820557217062806,0.004938611679521558,0.0006099480560364109,UP,13.138830434158367
2026-02-20T19:00:00+00:00,PAXGUSD,15m,117,0.0019673421208019634,0.05508557938225815,0.07082431634860228,0.1278772378516624,0.5692307692307412,1,0,0.2943177999517865,4.706041317868767,0.6464792057331261,3.985126873047193,1.0347252205234965,3.1511550230579815,,,0.003521614057813397,0.0038824601479037018,,,63.77323272750866,13.773232727508663,10.86097277200679,10.558234770941732,0.3027380010650571,-0.3054496311306476,10.750696858781865,12.664628260289913,0.24915656620676593,0.7803562072116653,0.011118366343061776,0.84,1,1,9,1,21,1,0,1.596498131024978,,0,0,,,0,0,,,,,1,0.11410584300610234,0,0,0,1,1,60,0,1,1,0,19,4,20,2,8,1.0,0.0038559905567578916,0.004879008459571155,0.0006885697422781822,UP,12.664628260289913
2026-02-20T19:15:00+00:00,PAXGUSD,15m,118,0.057085490443094355,0.0748016771323435,0.011810791126166094,0.14369795870160393,0.0821917808219656,0,1,0.21479076776651215,4.400704049500746,0.5666348096989482,3.8876709172418487,0.9588595088780418,3.118458883986932,,,0.00351844041932436,0.0039222469917909375,,,61.32561125040113,11.325611250401131,10.500658069556266,10.54671943066464,-0.04606136110837333,-0.43888628530697105,10.13938349099524,12.281440527412075,0.24175588132934536,0.7066900216804841,0.010986735023829797,0.83,1,1,10,1,22,1,0,1.5403240093698942,,0,0,,,0,0,,,,,1,0.05708549044311225,0,0,0,1,1,60,0,1,1,0,19,4,20,2,8,1.0,0.0052361173992636866,0.005452648569910005,-3.93693037538273e-05,UP,12.281440527412075
2026-02-20T19:30:00+00:00,PAXGUSD,15m,119,0.03541564190851317,0.011805213969510354,0.007870142646328307,0.05509099852435183,0.7857142857141697,1,0,0.2369663692622372,3.99111318764335,0.5895258175046202,3.7391348028404536,0.9857141656023805,3.058687420937531,,,0.00352559448242383,0.003961883480977603,,,62.60475722147627,12.60475722147627,10.290147598182557,10.495405064168223,-0.20525746598566563,-0.5903220381241621,9.571735363764802,11.618480489739783,0.22859774696979404,0.7293016363049614,0.011217826968320027,0.81,1,1,11,1,23,1,0,1.5868175110673808,,0,0,,,0,0,,,,,1,0.10427939006394848,0,0,0,1,1,60,0,1,1,0,19,4,20,2,8,1.0,0.005430398425971542,0.005548450565666467,0.0002754549926216697,UP,11.618480489739783
2026-02-20T19:45:00+00:00,PAXGUSD,15m,120,0.10613624749401598,0.01768937458232706,0.025551318841135116,0.14937694091747816,0.8815789473684604,1,0,0.3084245399707898,4.068150026915646,0.66590276087546,3.7807373595933313,1.0672965545238162,3.0931688581467824,,,0.003574782209046702,0.004013937936483561,,,65.3317144439608,15.331714443960806,10.43074312519093,10.482472676372765,-0.051729551181836086,-0.3544675522468932,9.635023708449522,11.331446169044044,0.22271799538197343,0.7925391326948917,0.011622441420054745,0.8,1,1,0,1,24,1,0,1.6893352726129136,,1,0,0.27025433389677267,,1,0,,,,,1,0.2083415228586101,0,0,0,1,1,60,0,1,1,0,19,4,20,2,8,1.0,0.0057392193089350636,0.005896458194111403,0.0002751680490586394,UP,11.331446169044044
2026-02-20T20:00:00+00:00,PAXGUSD,15m,121,0.017685203379831718,0.043230497150713657,0.03340538416193216,0.09432108469247755,0.5416666666667219,1,0,0.30031950439138444,4.528326214828667,0.6622936178081922,3.9814927572570014,1.0690286165667389,3.2081556134316997,,,0.003619741134168078,0.004067349987585468,,,65.93737616523651,15.937376165236515,10.517753944070137,10.48952892991224,0.02822501415789702,0.07428637526627035,9.943500898518307,10.864914299826625,0.21349802121883718,0.8121594711948636,0.009888291780897491,0.78,1,1,0,1,25,1,0,0.08351346040479465,,1,0,0.29377087836509763,,1,0,,,,,1,0.23187266653566874,0,0,0,1,1,60,0,1,1,0,20,4,20,2,8,1.0,0.005207309884063667,0.005659265081548474,0.00011790135586566394,UP,10.864914299826625
2026-02-20T20:15:00+00:00,PAXGUSD,15m,122,0.09226903294200435,0.023558050963913345,0.013742196395632485,0.12956928030155018,0.8181818181818558,1,0,0.35671930955379477,5.173247527702188,0.7262585227803506,4.268493041287002,1.1392385313714823,3.368390155740599,,,0.0036953921322655583,0.0041298000859113174,,,68.32138888705583,18.321388887055832,10.848970352661127,10.561417214462017,0.2875531381991099,0.4928106041847755,10.599145075589272,10.560277564124748,0.2073162975406327,0.9309924808838099,0.008056062859880959,0.77,1,1,1,1,26,1,0,0.17766696768621032,,1,0,0.38772625544779926,,1,0,,,,,1,0.3258863716675245,0,0,0,1,1,60,0,1,1,0,20,4,20,2,8,1.0,0.004691978483646715,0.004947190702422517,0.0003533707644587895,UP,10.560277564124748
2026-02-20T20:30:00+00:00,PAXGUSD,15m,123,0.007854225573369181,0.07265158655356224,0.007854225573351322,0.08836003770028275,0.1777777777778182,1,0,0.3050439047572067,5.156747763158819,0.6790492671837632,4.297179588686959,1.0976518779354179,3.400699261567752,,,0.0037400536242655656,0.0041860261075165476,,,67.26514550212472,17.265145502124724,10.905063318335124,10.630146435236638,0.27491688309848605,0.32664643428032214,11.351804213933184,10.127400595258694,0.19885722186731647,0.8784966298092792,0.007705506664489411,0.76,1,1,2,1,27,1,0,0.023562676720071826,,1,0,0.3681668237511781,,1,0,,,,,1,0.3063147973609873,0,0,0,1,1,60,0,1,1,0,20,4,20,2,8,1.0,0.0042020106817467085,0.00514451775054976,1.96355639334676e-05,UP,10.127400595258694
2026-02-20T20:45:00+00:00,PAXGUSD,15m,124,0.27022263995769,0.01174881043295079,0.007832540288639795,0.28980399067928064,0.9594594594594353,1,0,0.5250321867501524,6.3703908333336585,0.9158882822039613,4.830623526384443,1.3435754013081385,3.687814127675665,,,0.0039085609545380885,0.004276871191041772,,,73.48874223300554,23.48874223300554,11.949522897500174,10.894021727689346,1.055501169810828,1.027276155652931,12.976399729326536,10.46115769559737,0.20484359779117217,1.1548145490842912,0.007887245840469348,0.78,1,1,3,1,28,1,0,0.29959466604004925,,1,0,0.6432473712036549,,1,0,,,,,1,0.5815661164307079,0,0,0,1,1,60,0,1,1,0,20,4,20,2,8,1.0,0.000900742133192419,0.002369343437310377,0.0011944623940158324,UP,10.46115769559737
2026-02-20T21:00:00+00:00,PAXGUSD,15m,125,0.0881903343393564,0.013718496452785209,0.02743699290558824,0.12934582369772984,0.2121212121212831,0,1,0.39918445513094336,6.601782182539864,0.7997466249462469,4.986285348878482,1.2354777325268218,3.7890455310871403,,,0.004005621698153036,0.004357311075805748,,,69.16976087310618,19.169760873106185,12.288634842458123,11.172944350643103,1.1156904918150197,0.8281373536159098,14.507564004529524,10.18536071734044,0.19961119267315566,0.9852264205856776,0.008105532796131694,0.77,1,1,4,1,29,1,0,0.073491945282797,,1,0,0.5595186767530314,,1,0,,,,,1,0.4977854427154891,0,0,0,1,1,60,0,1,1,0,21,4,20,2,8,1.0,0.0016070238701837922,0.0032140477403675843,0.00035276133735746124,UP,10.18536071734044
2026-02-20T21:15:00+00:00,PAXGUSD,15m,126,0.11553449390016325,0.0,0.0,0.11553449390016325,1.0,1,0,0.4335172505799641,7.296850546107635,0.8449052870338498,5.335842786176727,1.288737391823142,3.9892624512622206,,,0.004113880364538857,0.004438321047892921,,,70.92440562312731,20.924405623127313,12.741344943579861,11.486624469230456,1.254720474349405,0.9798035912509189,15.863594639639315,9.879263523244669,0.1934569002143198,1.0172905377912878,0.00833935032130221,0.74,1,1,5,1,30,1,0,0.1537196232400465,,1,0,0.6393561399729696,,1,0,,,,,1,0.5776724695008518,0,0,0,1,1,60,0,1,1,0,21,4,20,2,8,1.0,0.0005287171754753203,0.002408600466054435,-5.874635283063072e-05,UP,9.879263523244669
2026-02-20T21:30:00+00:00,PAXGUSD,15m,127,0.05870726600262225,0.011741453200513773,0.0019569088667611943,0.07240562806989723,0.8378378378379774,1,0,0.4521671677956059,6.906674303621003,0.8751573244815646,5.252084245542392,1.3275947374332095,3.973633491831606,,,0.0042299015668595865,0.004524374129516449,,,72.3307430913085,22.330743091308506,13.22205690379269,11.833710956142905,1.3883459476497855,0.3328447778389574,17.449129215685616,9.459316128727194,0.1851101960573608,1.007819442995127,0.00907824013418651,0.7,1,1,6,1,31,1,0,0.22015224750983345,,1,0,0.7054656464648477,,1,0,,,,,1,0.6438230171621014,0,0,0,1,1,60,0,1,1,0,21,4,20,2,8,1.0,-5.870726600265785e-05,0.0017416488914110556,0.0004696581280210848,FLAT,9.459316128727194
2026-02-20T21:45:00+00:00,PAXGUSD,15m,128,0.12898182528826194,0.01563416064100414,0.011725620480739775,0.15634160641000586,0.8999999999999773,1,0,0.5305542629972306,7.620324369942864,0.9692602158427162,5.610826039835047,1.4317254364852152,4.18009619496479,,,0.004387059528454857,0.004624652206424989,,,74.97602576470307,24.976025764703067,13.998431722718124,12.26665510945795,1.7317766132601733,0.6160861214451536,19.4349671730663,9.355079262389536,0.18282351499686408,1.0437153846823717,0.010224771801168965,0.69,1,1,7,1,32,1,0,0.1709986320109439,,1,0,0.8393589994137154,,1,0,,,,,1,0.7777994918897827,0,0,0,1,1,60,0,1,1,0,21,4,20,2,8,1.0,-0.0006644518272424538,0.00039085401602501464,0.0018174711745163536,FLAT,9.355079262389536
2026-02-20T22:00:00+00:00,PAXGUSD,15m,129,0.03518717622911117,0.00977421561919656,0.031277489981436105,0.07623888182974382,0.41025641025644616,0,1,0.45363602786470897,7.73267442994802,0.9033503393143402,5.735891685332717,1.3750439438882431,4.271579438629487,,,0.004497143114496312,0.00471693604573903,,,73.33464020334245,23.334640203342445,14.327518185149529,12.678827724596268,1.6486904605532615,0.3939699862038566,21.278959562062653,8.965430743647465,0.17526010641476816,0.946048182884801,0.010939455981837631,0.66,1,1,8,1,33,1,0,0.06255497996287221,,1,0,0.8102824748313913,,1,0,,,,,1,0.74870491643046,0,0,0,1,1,60,0,1,1,0,22,4,20,2,8,1.0,-3.909686247675068e-05,0.0006841950933437591,0.0015247776365946988,FLAT,8.965430743647465
2026-02-20T22:15:00+00:00,PAXGUSD,15m,130,0.04103405826835208,0.02540203607089478,0.0,0.06643609433924685,0.617647058823435,1,0,0.44915011961563944,7.720038769953135,0.9088539864812083,5.808993972183089,1.389372763563668,4.337488756676066,,,0.004597038668655689,0.004805187770824595,,,74.22586725185997,24.225867251859967,14.597571474118922,13.0625764745008,1.5349949996181227,0.14664905196833722,23.07823890288657,8.575042833386933,0.16755657489471704,0.9272393357408789,0.011418431699843105,0.54,1,1,9,1,34,1,0,0.10551614983294344,,1,0,0.8529222111495328,,1,0,,,,,1,0.7913711237469957,0,0,0,1,1,60,0,1,1,0,22,4,20,2,8,1.0,-0.0003126404439493238,0.00017586024972166125,0.00195400277468394,DOWN,8.575042833386933
2026-02-20T22:30:00+00:00,PAXGUSD,15m,131,0.08016894137891291,0.005866020100899103,0.00391068006726014,0.08994564154707214,0.04347826086952224,0,1,0.34473292639896636,6.71813031567217,0.8080571522279166,5.471386365431499,1.295710731674479,4.196152345652081,,,0.004633242258289502,0.004876535794465623,,,70.2057069161691,20.205706916169106,14.36359531619928,13.322780242840496,1.0408150733587842,-0.6909615399013891,24.425137921451856,8.29111120243075,0.1621194165740634,0.8295172307501196,0.011627457834337407,0.38,1,1,10,1,35,1,0,0.037151460639015796,,1,0,0.7850690235031802,,1,0,,,,,1,0.723475812443784,0,0,0,1,1,60,0,1,1,0,22,4,20,2,8,1.0,0.00019553400336318487,0.0005083884087443518,0.0012709710218607017,FLAT,8.29111120243075
2026-02-20T22:45:00+00:00,PAXGUSD,15m,132,0.05477844077081447,0.0,0.06651667807883471,0.12129511884964919,0.548387096774151,0,1,0.26427457704245366,5.697355999894171,0.7260281161789386,5.099959449138623,1.218947875386868,4.033852299203318,,,0.00461753539136485,0.004929197592079294,,,67.18278785835042,17.182787858350423,13.801208351262176,13.418465864524833,0.38274248673734235,-1.2659479738159192,24.56597665872138,8.141746116542826,0.15928291336286463,0.7568110921806381,0.01176708800426123,0.33,1,1,11,1,36,1,1,0.0635821187518341,-0.06749486452119197,1,0,0.7326616453095924,,1,0,,,,,1,0.35703805145260686,0,0,0,1,1,60,0,1,1,0,22,4,20,2,8,1.0,0.0011542600019563017,0.001271642375036682,0.0007434216961753266,FLAT,8.141746116542826
2026-02-20T23:00:00+00:00,PAXGUSD,15m,133,0.01760976755106121,0.02347969006808754,0.00195664083901471,0.043046098458163456,0.04545454545471458,0,1,0.22674626011861448,4.497607809427791,0.6844925972856593,4.629372804073682,1.1815486723881252,3.817340372485887,,,0.004577463371670448,0.004970560751024658,,,66.38471751475888,16.384717514758876,13.147472599801404,13.364267211580147,-0.21679461177874337,-1.751789611396866,24.696755486185936,7.717335679646898,0.1510005415912753,0.7217311628280567,0.011620693608639638,0.19,1,1,12,1,37,1,1,0.04989434139469715,-0.05185098223369406,1,0,0.71906550833529,,1,0,,,,,1,0.34339046724583594,0,0,0,1,1,60,0,1,1,0,23,4,20,2,8,1.0,0.0021327385145182036,0.0022697033732486994,0.0006065586600924246,UP,7.717335679646898
2026-02-20T23:15:00+00:00,PAXGUSD,15m,134,0.019571769679414416,0.0019571769679485617,0.0,0.021528946647362976,0.0,0,1,0.1804166823992783,3.6121213513870316,0.6315040004857095,4.259593478423085,1.1316111142252687,3.6466999690701414,,,0.0045108731808643126,0.005001071137395591,,,64.72858924044826,14.728589240448258,12.373776810482013,13.16616913136052,-0.7923923208785073,-1.8332073942372915,24.57250085658399,7.266097416815016,0.14221038511009154,0.6797864105068739,0.010667046233194108,0.06,1,1,13,1,38,1,1,0.022507535131319454,-0.07926566720163195,1,0,0.6918620581672889,,1,0,,,,,-1,-0.08122284416958049,0,0,0,1,1,60,0,1,1,0,23,4,20,2,8,1.0,0.001370023877559009,0.002544330058323874,0.00033272008455000946,UP,7.266097416815016
2026-02-20T23:30:00+00:00,PAXGUSD,15m,135,0.009785118791342126,0.001957023758257746,0.03131238013230192,0.0430545226819018,0.9545454545456988,1,0,0.1703039252674885,3.106205032207072,0.614212752519396,4.025883930250529,1.1167892271369024,3.5408247221585043,,,0.004439088272519076,0.005025764746175063,,,64.99727481943597,14.997274819435972,11.658502026139104,12.864635710316238,-1.206133684177134,-1.5888761709144763,24.132956600054005,6.90423331561393,0.13511748631284845,0.6674615128222905,0.01009070726424361,0.01,1,1,14,1,39,1,1,0.03033386825316415,-0.009785118791324328,1,0,0.6996359935809621,,1,0,,,,,-1,-0.07338839093506595,0,0,0,1,1,60,0,1,1,0,23,4,20,2,8,1.0,0.0016243297193628285,0.0024658499354181093,-0.0001761321382440871,UP,6.90423331561393
2026-02-20T23:45:00+00:00,PAXGUSD,15m,136,0.056711514393001906,0.0,0.0,0.056711514393001906,1.0,1,0,0.22120434163709832,3.077042648187671,0.6610849032275099,3.977810050633707,1.1667012402755843,3.5261549256802027,,,0.004398805615904116,0.005056163370480743,,,67.52796684836252,17.527966848362524,11.268375035258032,12.545383575304598,-1.277008540046566,-1.0602139282678227,24.188794114769134,6.682502364498662,0.130680975526022,0.7193182103727347,0.009704020192802542,0.01,1,1,15,1,40,1,1,0.058667083854818516,0.0029333541927515972,1,0,0.7734277221526944,,1,0,,,,,0,0.0009777847309171991,0,0,0,1,1,60,0,1,1,0,23,4,20,2,8,1.0,0.0004106695869836229,0.0017209011264078676,0.0,UP,6.682502364498662
2026-02-21T00:00:00+00:00,PAXGUSD,15m,137,0.03127871288097206,0.011729517330351187,0.001954919555049641,0.04496314976637289,0.7391304347827634,1,0,0.23013927318430802,3.3458957293123603,0.6668792710528978,4.053190048648503,1.1757937268858165,3.5731617588362496,,,0.004367399978685898,0.005089144558329185,,,68.62098349112338,18.620983491123383,10.969917990719296,12.230290458387538,-1.2603724676682422,-0.4679801467897349,24.51205419413575,6.369466481320134,0.12451794579633911,0.7320502441524871,0.009240444542905296,0.01,1,1,16,1,41,1,0,0.06939964420464453,,1,0,0.8064043164623774,,1,0,,,,,1,0.038120931323672474,0,0,0,1,1,60,0,1,1,0,0,5,21,2,8,1.0,0.0005473774754169221,0.0013879928840927129,0.0002932379332590464,UP,6.369466481320134
2026-02-21T00:15:00+00:00,PAXGUSD,15m,138,0.01563691092824968,0.00781845546411595,0.029319207990461484,0.052774574382827115,0.8518518518519766,1,0,0.22233636911184224,3.6272389931873477,0.6556506515786719,4.141300242819852,1.1676577348478534,3.6271585556905848,,,0.004333142824668295,0.005120070832691817,,,69.14728716185968,19.14728716185968,10.674888477297827,11.919210062169597,-1.24432158487177,-0.03818790069463596,24.883600094737144,6.107361732654397,0.11937533927511965,0.7335928782728052,0.008337794665804338,0.01,1,1,17,1,42,1,0,0.04691073278473126,,1,0,0.8219151306659404,,1,0,,,,,1,0.05375188131584606,0,0,0,1,1,60,0,1,1,0,0,5,21,2,8,1.0,7.81845546411595e-05,0.00123140673559924,0.0003127382185649936,UP,6.107361732654397
2026-02-21T00:30:00+00:00,PAXGUSD,15m,139,0.015639662183300398,0.015639662183300398,0.003909915545820654,0.03518923991242145,0.11111111111099883,0,1,0.1852779285476523,3.434168612884605,0.6131450618093783,4.04164140976809,1.1274909645882811,3.5870168021119753,,,0.00427867133261726,0.005143459027789029,,,67.77016390352577,17.77016390352577,10.250293975587738,11.585426844853227,-1.3351328692654896,-0.05812432921892352,25.26621751040801,5.79969303746481,0.11338154984096048,0.6989247480425632,0.0072928344965507465,0.01,1,1,18,1,43,1,0,0.029324366593663796,,1,0,0.8044651235533242,,1,0,,,,,1,0.036166718798863275,0,0,0,1,1,60,0,1,1,0,0,5,21,2,8,1.0,0.00019549577729121052,0.0014075695964966802,0.00017594619956201834,UP,5.79969303746481
2026-02-21T00:45:00+00:00,PAXGUSD,15m,140,0.04494469847968251,0.01172470395123234,0.01172470395123234,0.06839410638214719,0.8285714285713246,1,0,0.2064565854873509,3.3071049354666684,0.6301515758546072,3.9654986093846674,1.1468285767488993,3.557570924841457,,,0.004236949903672564,0.0051667700089429195,,,69.37573027365366,19.37573027365366,9.976320574241072,11.263605590730798,-1.2872850164897258,-0.02691254882148364,25.77727891874624,5.635429249074467,0.1101228993057894,0.744381436437251,0.006511236631388495,0.01,1,1,19,1,44,1,0,0.07230234103253427,,1,0,0.8471098604760123,,1,0,,,,,1,0.0791417516707561,0,0,0,1,1,60,0,1,1,0,0,5,21,2,8,1.0,-0.00031265877203256624,0.0009770586626021028,0.000605776370813197,FLAT,5.635429249074467
2026-02-21T01:00:00+00:00,PAXGUSD,15m,141,0.08200402210203288,0.013667337017002523,0.0019524767167222563,0.09762383583575766,0.8600000000000364,1,0,0.26259786957722575,3.5254758939936437,0.6855955304348652,4.029596703133393,1.2054693228343447,3.5980150649438656,,,0.004229976608576394,0.005198737923994794,,,72.28216109556388,22.28216109556388,9.99099872903571,11.00908421839178,-1.0180854893560713,0.22623609551569857,26.782237793107754,5.590041445569148,0.10914425767946478,0.8683481775861677,0.005734113864748046,0.01,1,1,0,1,45,1,0,0.0898139289688864,,1,0,0.22941601421403052,,1,0,,,,,1,0.16303180584570465,0,0,0,1,1,60,0,1,1,0,1,5,21,2,8,1.0,-0.0011714860300290919,0.00013667337017002522,0.0014448327703691425,DOWN,5.590041445569148
2026-02-21T01:15:00+00:00,PAXGUSD,15m,142,0.10358846063638852,0.01368149480102842,0.005863497771856626,0.12313345320927357,0.04761904761893763,0,1,0.14411177002858455,3.304001999326829,0.5598656100995512,3.9186321265397055,1.0812854390295124,3.5505296181136146,,,0.004157538400709666,0.005214198289299613,,,64.19514130702194,14.195141307021942,9.465849149696623,10.700437204652749,-1.2345880549561254,0.10054481430936413,27.37797360940567,5.640752770885586,0.11024847101253979,0.6741086760531428,0.004904220815839393,0.03,1,1,1,1,46,1,0,0.05277147994681629,,1,0,0.12606520209521965,,1,0,,,,,1,0.05961222734733939,0,0,0,1,1,60,0,1,1,0,1,5,21,2,8,1.0,-0.000879524665780627,0.0007427097177703429,0.0010945195840824514,FLAT,5.640752770885586
2026-02-21T01:30:00+00:00,PAXGUSD,15m,143,0.03321545104630092,0.041030851292461146,0.007815400246177998,0.08206170258494007,0.5000000000001082,1,0,0.1603956057289814,3.0560018089154255,0.5696443110519891,3.7924112588325443,1.0920795236413257,3.4940834870621984,,,0.004092487053230077,0.005224352125893366,,,65.52740174174923,15.52740174174923,9.082146782412565,10.376779120204713,-1.294632337792148,-0.007347321302422216,27.904222909512562,5.537841858679459,0.1082011265641441,0.7617181856411012,0.003586790928709837,0.01,1,1,2,1,47,1,0,0.08596940270802908,,1,0,0.1592387800160322,,1,0,,,,,1,0.09280787792344815,0,0,0,1,1,60,0,1,1,0,1,5,21,2,8,1.0,-0.001055079033235096,9.378480295413598e-05,0.0014263105449288176,DOWN,5.537841858679459
2026-02-21T01:45:00+00:00,PAXGUSD,15m,144,0.044959634067677584,0.009773833492972615,0.0,0.054733467560650194,0.0,0,1,0.10274155325713724,2.193525446161402,0.5024874631281478,3.4083951310358316,1.0249709809753107,3.3060818338526587,,,0.003997459098710106,0.005224835178471628,,,62.018926510982055,12.018926510982055,8.486572029896706,9.998737702143112,-1.5121656722464056,-0.4940801828903343,28.30688375928449,5.342281725916654,0.10442914412331947,0.612208967379288,0.0034157797724188267,0.01,1,1,3,1,48,1,0,0.039095333971872676,,1,0,0.11239908516918505,,1,0,,,,,1,0.04593701741696062,0,0,0,1,1,60,0,1,1,0,1,5,21,2,8,1.0,-7.81906679437098e-05,0.0005629728091952439,0.000957835682311245,FLAT,5.342281725916654
2026-02-21T02:00:00+00:00,PAXGUSD,15m,145,0.04689240147712131,0.007815400246177998,0.017584650553909384,0.0722924522772087,0.8918918918919849,1,0,0.13533951229998484,2.1465230227177017,0.5276091680817052,3.3413992435444015,1.0501672489658915,3.274278233183395,,,0.003922696557817204,0.005225580808841863,,,64.08954937516535,14.089549375165348,8.114693553940015,9.621928872502494,-1.5072353185624792,-0.2726472636063537,28.413148158520805,5.224975888351166,0.10208819461032738,0.7465514144411203,0.00284300226026659,0.01,1,1,4,1,49,1,0,0.08596940270802908,,1,0,0.1592387800160322,,1,0,,,,,1,0.09280787792344815,0,0,0,1,1,60,0,1,1,0,2,5,21,2,8,1.0,-0.0003712315116938992,9.378480295413598e-05,0.0014263105449288176,DOWN,5.224975888351166
2026-02-21T02:15:00+00:00,PAXGUSD,15m,146,0.03127137691782202,0.00938141307533594,0.01368122740154047,0.05433401739469843,0.25179856115103677,0,1,0.09419517620534522,1.7897113062681456,0.4770320844893863,3.14761888105204,0.9990416149195139,3.177757872129405,,,0.003828369082840411,0.005220095304301275,,,61.67553356811913,11.675533568119128,7.603225305780143,9.218188159158025,-1.6149628533778824,-0.32033051558573433,28.52525498159908,5.050334753468921,0.09870682602304155,0.6175019655236909,0.0024874250217816174,0.01,1,1,5,1,50,1,0,0.05472490960616188,,1,0,0.12801719925730834,,1,0,,,,,1,0.061565523306941004,0,0,0,1,1,60,0,1,1,0,2,5,21,2,8,1.0,0.0002931691586045148,0.0002931691586045148,0.0011140428026971208,DOWN,5.050334753468921
2026-02-21T02:30:00+00:00,PAXGUSD,15m,147,0.0019545756616309723,0.025409483601113756,0.03713693757084626,0.06450099683359098,0.5757575757574338,0,1,0.07992392756192307,1.6668816580522616,0.45271804193755016,3.043790689637717,0.9735684201161807,3.1247329637699295,,,0.003727941143756271,0.005208503781786306,,,61.20998912268026,11.209989122680263,7.091924253166326,8.792935377959685,-1.701011124793359,-0.1888454525469534,28.15293631869124,4.925310842506868,0.09626892698696041,0.5746119363295605,0.0023318990074213492,0.01,1,1,6,1,51,1,0,0.04886439154057876,,1,0,0.12216097885149135,,1,0,,,,,1,0.055705406356269395,0,0,0,1,1,60,0,1,1,0,2,5,21,2,8,1.0,0.0003322778624760209,0.0005668269418710265,0.0010554708572768142,DOWN,4.925310842506868
2026-02-21T02:45:00+00:00,PAXGUSD,15m,148,0.007818913952844838,0.015637827905707453,0.007818913952862615,0.03127565581141491,0.2500000000002842,0,1,0.06524352347864375,1.2890834049048863,0.42748611284947935,2.83423027043591,0.9467003686672996,3.0173125090414032,,,0.003622425893708356,0.005192142558178202,,,60.55367438712292,10.553674387122918,6.578603778861179,8.350069058139985,-1.7714652792788055,-0.2642299607163263,27.8072118459911,4.687788639470689,0.09163354000294556,0.5464609227540099,0.0023142378613159116,0.01,1,1,7,1,52,1,0,0.04104929825246206,,1,0,0.11435161656046687,,1,0,,,,,1,0.051995777786480395,0,0,0,1,1,60,0,1,1,0,2,5,21,2,8,1.0,-3.9094569764224186e-05,0.0006450604011103213,0.0009773642441064936,DOWN,4.687788639470689
2026-02-21T03:00:00+00:00,PAXGUSD,15m,149,0.001954766698601634,0.001954766698583856,0.025411967081732354,0.029321500478917843,0.8666666666667879,0,1,0.05726241003027431,1.0901230806275635,0.4088518710361807,2.691711436301375,0.9260559075987221,2.941722162328915,,,0.003515894610059064,0.005172040365625415,,,60.37937207941072,10.379372079410722,6.0934825664689924,7.898751759805787,-1.8052691933367946,-0.19030633995891222,27.150064096530112,4.460089450937068,0.0871843433144451,0.5371541059681954,0.0023151447412705782,0.01,1,1,8,1,53,1,0,0.039095333971872676,,1,0,0.11239908516918505,,1,0,,,,,-1,-0.01446527356961298,0,0,0,1,1,60,0,1,1,0,3,5,21,2,8,1.0,0.0005277870086204856,0.0007232636784799378,0.000957835682311245,DOWN,4.460089450937068
2026-02-21T03:15:00+00:00,PAXGUSD,15m,150,0.07238013263171673,0.0019562198008461493,0.021518417809414395,0.09585477024197728,0.22448979591827264,0,1,-0.01540933984246679,0.5767780253299861,0.3216892698901712,2.4175266740930965,0.8355285859761036,2.7983217234714175,,,0.0033709860973263803,0.005138393160859324,,,54.016445417300176,4.016445417300176,5.340826544605989,7.387166716765828,-2.046340172159839,-0.34532904736648007,25.448011361833753,4.491511633012966,0.08786383992278733,0.24342580813148254,0.0023392805772051513,0.02,-1,1,9,-1,0,1,0,0.0029343297012781196,,1,0,0.038146286116704516,,1,0,,,,,-1,-0.08881237895891692,0,0,0,1,1,60,0,1,0,0,3,5,21,2,8,1.0,0.0010954830884798929,0.0014671648506426184,-1.9562198008639413e-05,UP,4.491511633012966
2026-02-21T03:30:00+00:00,PAXGUSD,15m,151,0.008019246190855213,0.00782365482036,0.00567214974475255,0.021515050755967765,0.6363636363632605,1,0,0.00021748752198878964,0.22660868958337232,0.3240593322925809,2.2011530790305187,0.8341927785080236,2.6815232735016252,,,0.003238418447705921,0.0051013344621544275,,,55.08946495148944,5.08946495148944,4.754092321841199,6.8605518377809025,-2.1064595159397035,-0.334994236660898,23.867533822472847,4.256403659226377,0.0832515825146474,0.3187914782093037,0.0023682044025062987,0.01,-1,1,10,-1,1,1,1,0.01858118019832609,-0.02053709390342054,1,0,0.053787626889901616,,1,0,,,,,-1,-0.07315117257027973,0,0,0,1,1,60,0,1,0,0,3,5,21,2,8,1.0,0.0005867741115261995,0.0013104621824084766,-1.9559137050944473e-05,UP,4.256403659226377
2026-02-21T03:45:00+00:00,PAXGUSD,15m,152,0.04887298887650773,0.005864758665184483,0.0,0.054737747541692215,0.8928571428570848,1,0,0.04618382965594013,0.1669316715288005,0.36002752703979163,2.0991470759317963,0.8670799181742597,2.6205030106602862,,,0.003138436973838515,0.005070523911344681,,,58.48044924878654,8.480449248786542,4.447629984098057,6.377967467044334,-1.9303374829462765,-0.1250682896094819,23.049326402026256,4.1595176835673895,0.08131522459225049,0.5183646418229105,0.002288775218109916,0.01,-1,1,11,-1,2,1,0,0.06939964420464453,,1,0,0.10458819619573365,,1,0,,,,,1,0.011925009285861486,0,0,0,1,1,60,0,1,0,0,3,5,21,2,8,1.0,-9.774597775301545e-05,0.0008015170175746201,0.00027368873770854997,FLAT,4.1595176835673895
2026-02-21T04:00:00+00:00,PAXGUSD,15m,153,0.01759118095460764,0.01563660529299445,0.0019545756616309723,0.035182361909233066,0.5555555555554994,1,0,0.05769384953621456,0.560557226621313,0.36274928176725896,2.185455033739345,0.8670033503328057,2.6537603767856126,,,0.0030505543223104436,0.005042540685655468,,,59.61710472113603,9.61710472113603,4.2286337937403005,5.948100732383527,-1.7194669386432269,0.32687323351661224,22.62531960717461,3.990980706169732,0.0780067375428977,0.576440200370948,0.002161021628412496,0.01,-1,1,12,-1,3,1,0,0.04006880106329272,,1,0,0.12216097885149135,,1,0,,,,,1,0.0295140924905068,0,0,0,1,1,60,0,1,0,0,4,5,21,2,8,1.0,-0.00029318634924357923,0.0006254642117196001,0.0004495524021735237,FLAT,3.990980706169732
2026-02-21T04:15:00+00:00,PAXGUSD,15m,154,0.03516998827667413,0.0,0.013677217663146115,0.04884720593982024,1.0,1,0,0.08400130433154404,1.0119327288484783,0.3821920170007635,2.3075940520238873,0.884009633164837,2.706161161403543,,,0.0029819071266921947,0.005018176161640736,,,61.86567733726479,11.865677337264792,4.152455766608,5.588971739228422,-1.4365159726204224,0.6699435433192811,22.466322787726025,3.8844820843004655,0.0758984385365468,0.7255179903741975,0.001919907271874911,0.01,-1,1,13,-1,4,1,0,0.07522469714733028,,1,0,0.15728800312622473,,1,0,,,,,1,0.06467370066431205,0,0,0,1,1,60,0,1,0,0,4,5,21,2,8,1.0,-0.0006057053536538421,0.0002735443532629223,0.0008401719421649437,DOWN,3.8844820843004655
2026-02-21T04:30:00+00:00,PAXGUSD,15m,155,0.0027354969811900862,0.020711620000398605,0.02930889622696809,0.05275601320855679,0.5555555555554058,0,1,0.07423482693149346,1.163177230862857,0.3653339678133932,2.319060951944266,0.8646061879712539,2.7040589601865577,,,0.0029109914088189977,0.004992722201578608,,,61.66026476166775,11.660264761667747,4.037473485901501,5.278672088563038,-1.2411986026615374,0.6891388802847391,22.57373767326562,3.7998762211361985,0.07424678522706968,0.7062091660281563,0.0016208449791990155,0.01,-1,1,14,-1,5,1,0,0.07327224056742024,,1,0,0.15533715000292733,,1,0,,,,,1,0.06272103792569467,0,0,0,1,1,60,0,1,0,0,4,5,21,2,8,1.0,-0.0005666386603879787,0.0002930889622696809,0.0008206490943550711,DOWN,3.7998762211361985
2026-02-21T04:45:00+00:00,PAXGUSD,15m,156,0.044960512940794284,0.017593244194240083,0.009774024552349676,0.07232778168738405,0.13513513513514178,0,1,0.02651648174494305,0.995255589828048,0.3079676045887296,2.2045879734359914,0.8037961013301148,2.6386320500841975,,,0.002814511228437866,0.004958284967413852,,,56.97460152942576,6.974601529425762,3.7179007761069442,4.9665178260718195,-1.2486170499648752,0.47084988867835165,22.195228615211157,3.792742205340743,0.07414071087146655,0.41342364132891724,0.0015577387443467352,0.01,-1,1,15,-1,6,1,0,0.028344671201828278,,1,0,0.11044647744156198,,1,0,,,,,1,0.017788724685273562,0,0,0,1,1,60,0,1,0,0,4,5,21,2,8,1.0,0.00023457658925635664,0.0007428258659784331,0.0003714129329893943,UP,3.792742205340743
2026-02-21T05:00:00+00:00,PAXGUSD,15m,157,0.06447327289776635,0.019537355423569866,0.0019537355423640945,0.08596436386370031,0.7727272727272539,1,0,0.07347261203532965,0.9385645812717485,0.3482878948984704,2.1338198176154037,0.8410696765164545,2.5943027025577976,,,0.0027481528286314076,0.00492781781617984,,,60.8727623602533,10.872762360253297,3.6485158806717664,4.702917436991809,-1.0544015563200428,0.38211441630037957,21.998233633383254,3.8361177621020923,0.07494759616485801,0.7408051854035927,0.0015867650170619822,0.03,-1,1,16,-1,7,1,0,0.08303376055017193,,1,0,0.16509065332916184,,1,0,,,,,1,0.07248358862142715,0,0,0,1,1,60,0,1,0,0,5,5,21,2,8,1.0,-0.0003321350422006522,0.0,0.0009182557049077483,DOWN,3.8361177621020923
2026-02-21T05:15:00+00:00,PAXGUSD,15m,158,0.015632633121644982,0.001954079140194515,0.007816316560813604,0.0254030288226531,0.3076923076922001,0,1,0.05057512393413868,0.8110822401977202,0.3177913591431401,2.0344543345718193,0.8073213583672953,2.535009579734833,,,0.0026721623520900143,0.004895299992241552,,,59.021721993408526,9.021721993408526,3.4807810950105704,4.458490168595562,-0.9777090735849914,0.263489529076546,21.815309721685914,3.6549664933804626,0.0714209378286363,0.6206720076695814,0.0015953480303925246,0.01,-1,1,17,-1,8,1,0,0.06546165119688058,,1,0,0.1475329750854945,,1,0,,,,,1,0.05490962383975556,0,0,0,1,1,60,0,1,0,0,5,5,21,2,8,1.0,0.0002735710796286539,0.0003790913531997264,0.0007425500732780033,DOWN,3.6549664933804626
2026-02-21T05:30:00+00:00,PAXGUSD,15m,159,0.033231033876103336,0.001954766698601634,0.0,0.03518580057470497,0.0,0,1,0.01393977399104863,0.7433601220836863,0.27163042008063454,1.958593380275488,0.7571241822504745,2.486791568255285,,,0.002576906460895859,0.0048549376216983995,,,55.393715506652704,5.393715506652704,3.1661081877819015,4.20001377243283,-1.0339055846509284,0.2147114653139468,21.08177945917583,3.5224688867104423,0.06885604876576895,0.3964196793122978,0.0015849868415733594,0.01,-1,1,18,-1,9,1,0,0.03029888382821866,,1,0,0.11239908516918505,,1,0,,,,,-1,-0.029321500478917843,0,0,0,1,1,60,0,1,1,0,5,5,21,2,8,1.0,0.0008014543464238254,0.0008796450143675352,0.0003909533397189046,UP,3.5224688867104423
2026-02-21T05:45:00+00:00,PAXGUSD,15m,160,0.017595995933362717,0.001955110659270427,0.017595995933380498,0.03714710252601364,0.473684210526467,0,1,-0.0033057910907112425,0.32970677712455654,0.24411821158866093,1.7406093261470232,0.7250146492661919,2.3662610421515637,,,0.002474240026793722,0.004808964376775309,,,53.61899670682445,3.618996706824447,2.811693708468738,3.922349759640012,-1.110656051171274,-0.05625449485123113,19.732835332094712,3.40657825194545,0.06660237451993137,0.30378455957475275,0.001603715613368933,0.01,-1,-1,0,-1,10,1,1,0.01270821928522221,-0.03225932587785535,1,1,0.09482286697427786,-0.04692265582231243,1,1,,,,,-1,-0.04692265582231243,0,0,0,1,1,40,0,1,0,0,5,5,21,2,8,1.0,0.0009580042230389528,0.0011535152889652843,0.0002150621725190357,UP,3.40657825194545
2026-02-21T06:00:00+00:00,PAXGUSD,15m,161,0.001955148884594674,0.005865446653766241,0.015641191076704048,0.023461786615064963,0.666666666666414,0,1,-0.004759956550505863,0.03163946501808823,0.23267105771271998,1.562546215317525,0.7087553848935141,2.263958843297587,,,0.0023743101426322586,0.0047608432718079415,,,53.41422584132364,3.414225841323642,2.4939992450927093,3.6366796567305517,-1.1426804116378424,-0.16497133805285102,18.48024435694796,3.248965519663684,0.063522113118339,0.2979766240537378,0.0013158356695684497,0.01,-1,-1,1,-1,11,1,1,0.010753318865235145,-0.013686042192109373,1,1,0.09286957201790917,-0.048878722114689035,1,1,,,,,-1,-0.048878722114689035,0,0,0,1,1,40,0,1,0,0,6,5,21,2,8,1.0,0.0010948833753691054,0.001173089330752537,0.00019551488845875615,UP,3.248965519663684
2026-02-21T06:15:00+00:00,PAXGUSD,15m,162,0.009775362177168664,0.003910144870881691,0.013685507048032574,0.027371014096082932,0.8571428571423931,1,0,-0.0007687088385855097,-0.0475642935552969,0.22729476736469248,1.469897344128185,0.6985261764733021,2.2032863909544176,,,0.00228063476203278,0.004712314091086096,,,53.79429251150206,3.794292511502057,2.232626098630135,3.3558689451104686,-1.1232428464803337,-0.08933726182940527,17.239123874415863,3.11689655397346,0.060937585367719024,0.34039353594350275,0.0013287705662376977,0.01,-1,-1,2,-1,12,1,1,0.014663043265752997,-0.009775362177168664,1,1,0.09677608555396622,-0.044966666014979416,1,1,,,,,-1,-0.044966666014979416,0,0,0,1,1,40,0,1,0,0,6,5,21,2,8,1.0,0.0009775362177168664,0.0011339420125516006,0.0001955072435433733,UP,3.11689655397346
2026-02-21T06:30:00+00:00,PAXGUSD,15m,163,0.0019550342131058416,0.0019550342131058416,0.019550342130987292,0.023460410557198975,0.916666666666414,1,0,0.0010733556027506478,-0.023986741788576182,0.2202553438525229,1.420097448280103,0.6865969096218587,2.1636173535089256,,,0.0021918198824977227,0.004663415657693359,,,53.99638636454084,3.9963863645408395,2.0103807434388727,3.08677130477615,-1.076390561337277,0.03426548983399691,16.08665485492178,2.9799753715468364,0.05825953805565663,0.373463847595035,0.0012821751730533475,0.01,-1,-1,3,-1,13,1,1,0.01661779081134631,-0.007820136852387805,1,1,0.09872922776148939,-0.04301075268816849,1,1,,,,,-1,-0.04301075268816849,0,0,0,1,1,40,0,1,0,0,6,5,21,2,8,1.0,0.001231671554252235,0.0012512218963831156,0.0001759530791788145,UP,2.9799753715468364
2026-02-21T06:45:00+00:00,PAXGUSD,15m,164,0.03517823639775215,0.003908692933079622,0.017589118198867187,0.05667604752969895,0.9310344827586747,1,0,0.0327987178021727,0.17829770981006732,0.2453421336653241,1.44676029344555,0.7072458190121614,2.1623576039346517,,,0.0021254341586315136,0.004619036853468374,,,57.59191941042965,7.591919410429647,1.9569363113832878,2.860804306097578,-0.90386799471429,0.23881241692355237,15.760539313121056,2.974262845007751,0.0581274008170683,0.6383881483773325,0.0012924133104148055,0.01,-1,-1,4,-1,14,1,1,0.051790181363362754,0.0068402126328848956,1,1,0.13387273295810592,-0.007817385866159245,1,1,,,,,1,0.004885866166371746,0,0,0,1,1,40,0,1,0,0,6,5,21,2,8,1.0,0.0009771732332707942,0.0014071294559099082,0.00019543464665415885,UP,2.974262845007751
2026-02-21T07:00:00+00:00,PAXGUSD,15m,165,0.001954384661996283,0.015635077295916937,0.017589461957895444,0.035178923915808666,0.49999999999974737,0,1,0.027907357567254962,0.33274554697163694,0.2338477382879388,1.4606128309578708,0.6913388159281538,2.1551822058372636,,,0.0020594038072068387,0.00457491077640215,,,57.323867443343985,7.323867443343985,1.8847854166242541,2.6656005282029134,-0.7808151115786592,0.34242773490167444,15.676269680868291,2.8903869275072105,0.05648927878334103,0.639505246954763,0.0012400462903848744,0.01,-1,-1,5,-1,15,1,0,0.024429808274846882,,1,1,0.13192096468426917,-0.009771923309945864,1,1,,,,,1,0.002931576992994424,0,0,0,1,1,40,0,1,0,0,7,5,21,2,8,1.0,0.001113999257333793,0.0014267008032521316,-5.8631539859710736e-05,UP,2.8903869275072105
2026-02-21T07:15:00+00:00,PAXGUSD,15m,166,0.037117349430534616,0.010549141417100621,0.0,0.04766649084763523,0.7786885245901426,1,0,0.06412350451802142,0.6724840663073337,0.2658732494320212,1.556275072880453,0.7194846329076792,2.1897330532465276,,,0.0020174974491399974,0.0045361138347565794,,,61.562448782681415,11.562448782681415,1.9822764772343362,2.528935718009198,-0.5466592407748618,0.5297313205624152,16.223415996096644,2.8796450041138226,0.05625515255452974,0.9313330753481459,0.0013436523557334014,0.01,-1,-1,6,-1,16,1,0,0.06739729238701496,,1,0,0.17484225126491665,,1,0,,,,,1,0.045908300611466606,0,0,0,1,1,40,0,1,0,0,7,5,21,2,8,1.0,0.0004883861767176542,0.0009963078005040856,5.860634120597637e-05,UP,2.8796450041138226
2026-02-21T07:30:00+00:00,PAXGUSD,15m,167,0.01562561037540884,0.007812805187695539,0.0,0.02343841556310438,0.6666666666669193,1,0,0.07391094460786066,0.8941522504683235,0.2722913894819846,1.6128917366886526,0.7223441564891898,2.2057779432807365,,,0.00198380444874124,0.0045005276700720515,,,63.17382372548865,13.173823725488653,2.107863188799456,2.44472121216725,-0.3368580233677938,0.5670099713464962,16.9702653591361,2.7668132181057055,0.05404143165955126,0.9812641049758829,0.0014966275074365521,0.01,1,-1,7,1,0,1,0,0.029298019453884914,,1,0,0.19239032774718473,,1,0,,,,,1,0.06347904215010175,0,0,0,1,1,60,0,1,0,0,7,5,21,2,8,1.0,0.00017578811672323843,0.0008203445447087422,0.0002343841556310438,UP,2.7668132181057055
2026-02-21T07:45:00+00:00,PAXGUSD,15m,168,0.0019532394476309903,0.01757915502860785,0.02148563392385207,0.04101802840009091,0.5238095238094,0,1,0.06510589654957996,1.09470917899489,0.2597417638886562,1.6672881391714327,0.7061395800901313,2.2215051127213883,,,0.0019463586733907627,0.004463978162014752,,,62.85850691198797,12.858506911987973,2.174258895138337,2.3906287487614675,-0.21636985362313066,0.5644452579555286,17.820721661908898,2.7191837025266876,0.05311216873111096,0.9104272630317046,0.0016143832613789658,0.01,1,1,0,1,1,1,0,0.027345352266727276,,1,0,0.06055042287632976,,1,0,,,,,1,0.061527042600163014,0,0,0,1,1,60,0,1,1,0,7,5,21,2,8,1.0,0.00011719436685750412,0.0008398929624783058,1.9532394476132256e-05,UP,2.7191837025266876
2026-02-21T08:00:00+00:00,PAXGUSD,15m,169,0.009765052828935805,0.005859031697365035,0.0019530105657942659,0.017577095092095103,0.6666666666666666,1,0,0.06950048976607621,1.1237844952811429,0.26078510075219646,1.6568062513615587,0.7035615332922849,2.205237684746862,,,0.0019128461098612025,0.004427764325400885,,,64.01893934894522,14.018939348945224,2.249363691898907,2.3623757373889553,-0.11301204549004851,0.4336471952848133,18.61043108591221,2.589242009489106,0.05056817001912205,0.9208692716148632,0.0017460804625560266,0.01,1,1,1,1,2,1,0,0.03906021131574322,,1,0,0.0722613909341214,,1,0,,,,,1,0.07323789621703629,0,0,0,1,1,60,0,1,1,0,8,5,21,2,8,1.0,-0.00015624084526300839,0.000722613909341214,0.0001953010565787161,UP,2.589242009489106
2026-02-21T08:15:00+00:00,PAXGUSD,15m,170,0.009765815738588644,0.003906326295449669,0.003906326295431905,0.01757846832947022,0.22222222222188537,0,1,0.055817717768244575,1.02628121001635,0.24307153524248515,1.5957550258181072,0.6820255535094604,2.1635498098021344,,,0.0018725381747424059,0.0043895401826697525,,,62.61441822434821,12.614418224348213,2.2506638752083745,2.340033364952839,-0.08936948974446457,0.24748853362332923,19.34373269391529,2.468581865954209,0.04821543127706028,0.8561811057255732,0.0016240915572055782,0.01,1,1,2,1,3,1,0,0.03125061036347301,,1,0,0.06445438387467085,,1,0,,,,,1,0.052735404988375124,0,0,0,1,1,60,0,1,1,0,8,5,21,2,8,1.0,-0.00011718978886295715,0.0008007968905643399,0.00042969589249786485,UP,2.468581865954209
2026-02-21T08:30:00+00:00,PAXGUSD,15m,171,0.02733680901334711,0.001952629215227663,0.0039052584304730847,0.03319469665904786,0.94117647058855,1,0,0.07522124247499488,1.0809210947772954,0.25974025326409755,1.595921495393668,0.6951328310047699,2.1523904076275358,,,0.0018451901078910266,0.004353925777406724,,,65.46984517553014,15.46984517553014,2.337714857854735,2.3395696635332186,-0.0018548056784837286,0.21451504794464693,20.311713739909315,2.4136831612431813,0.04713028256972216,0.9803783605362377,0.0015986827759552089,0.01,1,1,0,1,4,1,0,0.05857887645714955,,1,0,0.022455235975251318,,1,0,,,,,1,0.08005779782477815,0,0,0,1,1,60,0,1,1,0,8,5,21,2,8,1.0,-0.00015621033721910097,0.0005272098881143104,0.0007029465174858657,UP,2.4136831612431813
2026-02-21T08:45:00+00:00,PAXGUSD,15m,172,0.009762192979030809,0.04295364910773201,0.015619508766452848,0.06833535085321567,0.3714285714286234,1,0,0.07688313104819834,1.1208333714657783,0.25890936088274064,1.5921598681225078,0.6908701902352722,2.1394717856946954,,,0.0018202622983454226,0.004319608293525316,,,66.45525757898416,16.45525757898416,2.419162609412524,2.3554882527090797,0.06367435670344435,0.17668640219349285,22.001970021208926,2.491277221154383,0.0486406579943454,0.9662617727929376,0.0017203188626728483,0.03,1,1,1,1,5,1,0,0.06833535085321567,,1,0,0.03221523683081232,,1,0,,,,,1,0.08981217540709054,0,0,0,1,1,60,0,1,1,0,8,5,21,2,8,1.0,1.9524385957955074e-05,0.0002342926314967039,0.0008004998242805974,DOWN,2.491277221154383
2026-02-21T09:00:00+00:00,PAXGUSD,15m,173,0.009761049508043107,0.01171325940965883,0.005856629704811659,0.027330938622513592,0.5714285714282002,1,0,0.08015049113372606,1.2521825741823704,0.25998083107446907,1.6277614419213933,0.6885915851139239,2.1466109582552235,,,0.00179830339940743,0.0042861075403945485,,,67.6483706047804,17.648370604780396,2.503269393573646,2.385044480881993,0.11822491269165303,0.2075944024361176,23.571493710987134,2.413328848214758,0.0471132447332258,0.9584706309799458,0.0018730382787056105,0.01,1,1,2,1,6,1,0,0.01756988911447049,,1,0,0.04392472278619398,,1,0,,,,,1,0.10151491488364474,0,0,0,1,1,60,0,1,1,0,9,5,21,2,8,1.0,-0.00013665469311256796,9.761049508043106e-05,0.0009175386537560164,DOWN,2.413328848214758
2026-02-21T09:15:00+00:00,PAXGUSD,15m,174,0.01952591088374273,0.0039051821767627525,0.0351466395907227,0.05857773265122818,0.5999999999997575,0,1,0.05486497032884192,1.1424509004500578,0.23107408837234536,1.5678492285123866,0.6559486403260865,2.1060840085865493,,,0.0017620911804350347,0.0042487455195374104,,,63.588878296798505,13.588878296798505,2.4608656558802977,2.400208715881654,0.06065693999864363,0.06251174567712736,23.708556368069406,2.4552339304851323,0.04794067892539408,0.8214505696595128,0.0019602000145790928,0.03,1,1,3,1,7,1,0,0.0605303237395918,,1,0,0.09372437224195089,,1,0,,,,,1,0.049791072753529744,0,0,0,1,1,60,0,1,1,0,9,5,21,2,8,1.0,0.00044909595032611825,0.0006248291482799093,0.0007224587026984454,DOWN,2.4552339304851323
2026-02-21T09:30:00+00:00,PAXGUSD,15m,175,0.013670006053856274,0.023434296092345337,0.007811432030769938,0.04491573417697155,0.17391304347808895,0,1,0.0372784200988266,0.9288841480256451,0.20890878113446454,1.4632276901393197,0.6296481380853147,2.042597196535098,,,0.0017163036103563793,0.004207393569508502,,,60.836783737289934,10.836783737289934,2.3437588453707576,2.388918741779475,-0.045159896408717426,-0.10883425311216177,23.835828835360083,2.4441457925933503,0.0477306968303816,0.7323316956097657,0.002005639669345849,0.03,1,1,4,1,8,1,0,0.04686859218465515,,1,0,0.08006717831545403,,1,0,,,,,1,0.036127873142333164,0,0,0,1,1,60,0,1,1,0,9,5,21,2,8,1.0,0.0008006717831547179,0.000917843263616267,0.0005858574023082782,DOWN,2.4441457925933503
2026-02-21T09:45:00+00:00,PAXGUSD,15m,176,0.007812042263141538,0.0078120422631593,0.005859031697365035,0.021483116223665874,0.27272727272734787,0,1,0.026662690990034682,0.6404189910717832,0.19322627228953018,1.323493270918334,0.6095707241176499,1.9605655688801562,,,0.0016656358129949552,0.004163444518281196,,,59.258519841244656,9.258519841244656,2.1933901608363158,2.3498130255908434,-0.1564228647545276,-0.27464777744618063,23.758180289167235,2.3481353788367088,0.045859332047667296,0.6734868539617626,0.0019707181988549627,0.01,1,1,5,1,9,1,0,0.03906021131574322,,1,0,0.0722613909341214,,1,0,,,,,-1,-0.029295158486807412,0,0,0,1,1,60,0,1,1,0,9,5,21,2,8,1.0,0.0008593246489462797,0.0009960353885513455,0.0005077827471047329,DOWN,2.3481353788367088
2026-02-21T10:00:00+00:00,PAXGUSD,15m,177,0.01367321027443731,0.017579841781434624,0.00390663150697955,0.035159683562851485,0.11111111111099883,0,1,0.009988871279730954,0.39847432525584736,0.17066406078334095,1.1970817700985208,0.582276295336035,1.8841187259322396,,,0.0016067518950360997,0.004116122345526941,,,56.12259395294273,6.122593952942729,1.9867663748236737,2.2772036954374095,-0.29043732061373584,-0.35109426061237947,23.229792154885356,2.308982851776957,0.04510172578917779,0.5884416713536191,0.001977035545044816,0.01,-1,1,6,-1,0,1,0,0.02343978904189507,,1,0,0.0566461568512479,,1,0,,,,,-1,-0.04492626233030925,0,0,0,1,1,60,0,1,1,0,10,5,21,2,8,1.0,0.0011329231370251357,0.0011524562945599446,0.00035159683562851487,UP,2.308982851776957
2026-02-21T10:15:00+00:00,PAXGUSD,15m,178,0.0039067841306393075,0.01172035239193569,0.03125427304515,0.04688140956772499,0.6666666666666666,0,1,0.0055031938315198235,0.22719105618398316,0.16022418161427066,1.0952354261735309,0.5669389474143295,1.8190866719533005,,,0.0015472098778275083,0.004067147658000589,,,55.33421783755438,5.334217837554377,1.786286013989411,2.17902015914781,-0.392734145158399,-0.34757424874968157,21.795335357479537,2.3154840766500704,0.04523048222706367,0.5599958728389188,0.001970038647230818,0.02,-1,1,7,-1,1,1,0,0.019533920653214305,,1,0,0.052741585763675075,,1,0,,,,,-1,-0.04883480163303576,0,0,0,1,1,60,0,1,1,0,10,5,21,2,8,1.0,0.001191569159845966,0.0012052429043033369,1.953392065328537e-05,UP,2.3154840766500704
2026-02-21T10:30:00+00:00,PAXGUSD,15m,179,0.023435211405132664,0.033199882823939424,0.0019529342837684561,0.05858802851284055,0.43333333333339397,1,0,0.026181199784716787,0.2246014317861409,0.17642098751063248,1.0601281545586971,0.5785533490334814,1.787025549736427,,,0.001502397877259157,0.00402132361522849,,,59.0510615827679,9.0510615827679,1.704584466167944,2.0841330205518367,-0.3795485543838928,-0.2231256896293652,21.42015130394857,2.3643780711750653,0.04617474994971322,0.6595640063577326,0.0019160189269470634,0.04,-1,1,8,-1,2,1,0,0.04296455424274618,,1,0,0.0761644370666856,,1,0,,,,,-1,-0.025388145688901124,0,0,0,1,1,60,0,1,1,0,10,5,21,2,8,1.0,0.0010545845132310587,0.0013475246557952615,0.00015623474270094363,UP,2.3643780711750653
2026-02-21T10:45:00+00:00,PAXGUSD,15m,180,0.034557488432017947,0.0117144028583214,0.008395322048464262,0.05466721333880361,0.7857142857141697,1,0,0.04841168350337612,0.4317822478060407,0.19571788678626553,1.1126721484970403,0.5937341861822036,1.7991636576616656,,,0.0014730620328288944,0.00398016299395938,,,62.92709450718068,12.927094507180684,1.7328287296568305,2.0138721623728357,-0.2810434327160052,0.009393887897730657,21.195966176207666,2.3954939232340022,0.046769634769011546,0.7789659052187274,0.0018275936787310767,0.05,-1,1,9,-1,3,1,0,0.07028641714987514,,1,0,0.10347722524842876,,1,0,,,,,1,0.020500205002035816,0,0,0,1,1,60,0,1,1,0,10,5,21,2,8,1.0,0.0009371522286651794,0.0011519162810676791,0.00013666803334696462,UP,2.3954939232340022
2026-02-21T11:00:00+00:00,PAXGUSD,15m,181,0.0058574301501490116,0.017572290450429275,0.009762383583575765,0.03319210418415405,0.294117647058855,0,1,0.04026970428331445,0.6192315575381144,0.18429820051399418,1.1631555936537552,0.5781721718954007,1.8110614070146767,,,0.0014402849623067972,0.003938739713814064,,,62.02388106659947,12.023881066599472,1.719255674217493,1.9549488647417674,-0.2356931905242745,0.15704095463412449,21.157344865875405,2.345815785860132,0.045801507035947674,0.7405019575974007,0.0016730510046734646,0.03,-1,1,10,-1,4,1,0,0.0663842083683081,,1,0,0.09957631255246215,,1,0,,,,,1,0.01659605209206815,0,0,0,1,1,60,0,1,1,0,11,5,21,2,8,1.0,0.0009176640568560865,0.0011910107971963145,5.8574301501490114e-05,UP,2.345815785860132
2026-02-21T11:15:00+00:00,PAXGUSD,15m,182,0.04293772078770846,0.017565431231347378,0.001951714581266737,0.062454866600322574,0.7187499999998934,1,0,0.07173701244663813,0.8650190282478434,0.21450523685224526,1.2430318448832622,0.6047633369582355,1.8385651415301254,,,0.0014276822440560716,0.0039025810010599018,,,67.10812142309075,17.10812142309075,1.8485730162610707,1.9336736950456284,-0.08510067878455763,0.29444787559933516,21.786542618258977,2.4068289440130317,0.04697443144627968,0.9473515322895392,0.0015804577648159378,0.07,-1,1,11,-1,5,1,0,0.10539258738801328,,1,0,0.13857173526942354,,1,0,,,,,1,0.055623865565889,0,0,0,1,1,60,0,1,1,0,11,5,21,2,8,1.0,0.0008782715615668365,0.0009387747135859633,0.00023420574975112089,UP,2.4068289440130317
2026-02-21T11:30:00+00:00,PAXGUSD,15m,183,0.021464252263510064,0.011707773961900059,0.023415547923817868,0.056587574149227986,0.7931034482760243,1,0,0.0843110224304664,1.0588267398434255,0.22667154728155375,1.3080109882212128,0.6136998054263207,1.8595836535787384,,,0.0014236052485108737,0.0038702825814476705,,,69.5247512260892,19.524751226089194,2.0165729507252763,1.950253546181558,0.06631940454371832,0.3473628372597235,22.651592026350617,2.442055448012075,0.04765172197962993,1.0515523224177685,0.0014977362536550214,0.1,1,1,12,1,0,1,0,0.12683421792069935,,1,0,0.16000624414610948,,1,0,,,,,1,0.07707617858257527,0,0,0,1,1,60,0,1,1,0,11,5,21,2,8,1.0,0.0009366219169528922,0.0010732126131751483,0.0001365906962222561,UP,2.442055448012075
2026-02-21T11:45:00+00:00,PAXGUSD,15m,184,0.001951333736616071,0.0058540012098304665,0.001951333736598324,0.009756668683044862,0.1999999999989086,0,1,0.07451739732296536,1.2437003836685108,0.215911905813758,1.3743634984875825,0.5996463787632111,1.8821661554884486,,,0.0014139450849079266,0.003837344729494532,,,69.02822731509696,19.028227315096956,2.1172387346987307,1.9836505838849927,0.13358815081373798,0.3692813413380125,23.45485219100714,2.303337201725498,0.0449457958851347,0.9879273232240261,0.0014948019643789012,0.01,1,1,13,1,1,1,0,0.12488535914296714,,1,0,0.15805803266531612,,1,0,,,,,1,0.07512634885943478,0,0,0,1,1,60,0,1,1,0,11,5,21,2,8,1.0,0.001990360411341116,0.0021269537729038863,0.00011708002419643186,UP,2.303337201725498
2026-02-21T12:00:00+00:00,PAXGUSD,15m,185,0.011706631806925716,0.001951105301142456,0.011706631806907971,0.025364368914976145,0.9230769230772998,1,0,0.07800432416182561,1.2776336804627135,0.21866803566339416,1.3832119887429144,0.5991782020343259,1.8765787068641657,,,0.0014066371150156854,0.003805101663709318,,,70.39441481549134,20.394414815491345,2.2198431097813227,2.030889089064259,0.1889540207170639,0.27405469950162153,23.826814707774467,2.2316702587450536,0.04354223672263192,1.0212712285200791,0.0014627463069240207,0.01,1,1,14,1,2,1,0,0.1365773710807172,,1,0,0.16974616120031644,,1,0,,,,,1,0.08682418590130954,0,0,0,1,1,60,0,1,1,0,12,5,21,2,8,1.0,0.0016720972430881527,0.002009638460187732,0.00013657737108068173,UP,2.2316702587450536
2026-02-21T12:15:00+00:00,PAXGUSD,15m,186,0.0019510672337662292,0.0013657470636558797,0.013657470636434582,0.016974284933856693,0.9195402298843365,1,0,0.07233921524270685,1.2130971394662993,0.2119632743196416,1.3524977931056128,0.589214260504489,1.8512999205904634,,,0.0013962405907693473,0.003772509861848475,,,70.62697021265596,20.626970212655962,2.2829110035381746,2.081293471959042,0.20161753157913243,0.1352981270354141,24.202068385380496,2.1344080974061135,0.04164373702357111,0.9663027086586374,0.0015408630759949115,0.01,1,1,15,1,3,1,0,0.13852577359814755,,1,0,0.1716939165723509,,1,0,,,,,1,0.08877355913683366,0,0,0,1,1,60,0,1,1,0,12,5,21,2,8,1.0,0.00233737854606479,0.0024193233698834326,1.951067233766229e-05,UP,2.1344080974061135
2026-02-21T12:30:00+00:00,PAXGUSD,15m,187,0.009754384595875847,0.029263153787627543,0.0019508769191645236,0.04096841530266791,0.2857142857141001,1,0,0.0742687775368107,1.211849792850444,0.21300298386126784,1.346517487492747,0.5870515437292558,1.8384028924601807,,,0.0013873420632445714,0.0037404855986798795,,,71.81893878366256,21.81893878366256,2.346193131084874,2.1342734037842086,0.21191972730066544,0.07833157648692746,25.30129886837063,2.1319503761627807,0.04159172781682789,0.957238677081625,0.00165457726836442,0.01,1,1,16,1,4,1,0,0.14826664585730223,,1,0,0.18143155348327655,,1,0,,,,,1,0.09851928441833185,0,0,0,1,1,60,0,1,1,0,12,5,21,2,8,1.0,0.00275073645603706,0.00275073645603706,5.852630757511313e-05,UP,2.1319503761627807
2026-02-21T12:45:00+00:00,PAXGUSD,15m,188,0.013654007451183376,0.021456297423300835,0.007802289972099717,0.042912594846583926,0.4999999999997933,1,0,0.08130350451690511,1.2297688601975096,0.21961062654204197,1.3486148409247107,0.5906325461173741,1.8297216470655258,,,0.0013830712202513688,0.0037102191957533214,,,73.66066682514831,23.66066682514831,2.4328535657041357,2.193989436168194,0.2388641295359415,0.049910108818877585,26.460178393567787,2.136811063579712,0.04168004883413721,0.9746675208798369,0.0017787922411000858,0.03,1,1,17,1,5,1,0,0.022724169543760383,,1,0,0.1970078217956864,,1,0,,,,,1,0.11410849084205152,0,0,0,1,1,60,0,1,1,0,12,5,21,2,8,1.0,0.0019700782179570414,0.002594261415725551,0.00021456297423283092,UP,2.136811063579712
2026-02-21T13:00:00+00:00,PAXGUSD,15m,189,0.007802746566802157,0.0175561797752738,0.01560549313356883,0.04096441947564479,0.38095238095213346,0,1,0.06826989751954236,1.207886111607877,0.20538822548544486,1.3349436706930646,0.5732345543160297,1.8132915154401417,,,0.0013711832796590249,0.0036784632883058474,,,71.76655248344619,21.76655248344619,2.4490934667219335,2.2450102422789424,0.2040832244429911,0.0024656928638586706,27.536280809822294,2.134181701895408,0.041631197368434146,0.8898557273382528,0.001862695192049783,0.02,1,1,18,1,6,1,0,0.016873439450682384,,1,0,0.19116729088637785,,1,0,,,,,1,0.10826310861421803,0,0,0,1,1,60,0,1,1,0,13,5,21,2,8,1.0,0.002184769038701765,0.0026529338327091847,0.0,UP,2.134181701895408
2026-02-21T13:15:00+00:00,PAXGUSD,15m,190,0.035100035100038646,0.006045006045013849,0.0,0.0411450411450525,0.85308056872023,1,0,0.09350349654144856,1.3118969581209967,0.2309880841777571,1.3727890169411694,0.5960911386608265,1.8229293072135988,,,0.0013748458763630856,0.003651030544830694,,,75.78922891946993,25.789228919469934,2.577496882428022,2.3115075703087586,0.2659893121192636,0.05406958481859814,28.82764502782022,2.132454437474349,0.04158290311365292,0.994704916918099,0.002014267336604875,0.02,1,1,19,1,7,1,0,0.05196755196755126,,1,0,0.22620022620021557,,1,0,,,,,1,0.1433251433251327,0,0,0,1,1,60,0,1,1,0,13,5,21,2,8,1.0,0.002043602043602136,0.0023010023010023367,1.950001949991309e-05,UP,2.132454437474349
2026-02-21T13:30:00+00:00,PAXGUSD,15m,191,0.02729257641922461,0.013646288209603442,0.0019494697442189312,0.04288833437304698,0.6818181818182382,1,0,0.10926859597623992,1.4631448668715166,0.248091436899646,1.4326796437271696,0.6108800160257309,1.8442574397440694,,,0.0013882284092340607,0.003627885791260849,,,78.37052266177238,28.370522661772384,2.76040557698434,2.401287171643875,0.3591184053404648,0.1202542758045233,30.58109758663336,2.137279120511882,0.04166560980411498,1.024131322480542,0.0022678252696893973,0.06,1,1,20,1,8,1,0,0.033140985651916866,,1,0,0.25343106674984406,,1,0,,,,,1,0.1705786026200873,0,0,0,1,1,60,0,1,1,0,13,5,21,2,8,1.0,0.0013256394260759653,0.0020274485339986815,0.0,UP,2.137279120511882
2026-02-21T13:45:00+00:00,PAXGUSD,15m,192,0.10321525248786292,0.013632203158790386,0.0,0.1168474556466533,0.8833333333332121,1,0,0.19214525073953764,2.133321546217303,0.33728393015766617,1.7098294616198473,0.69933673236734,1.9760543221264015,,,0.001451386794181285,0.003620528022096738,,,84.9237439064076,34.923743906407594,3.295044519136354,2.5800386411423712,0.715005877993983,0.5109226535509919,33.25075886411701,2.4131877547610334,0.04699580819024779,1.2084791568896591,0.002957003679896878,0.16,1,1,21,1,9,1,0,0.11382889637576868,,1,0,0.3563847397222784,,1,0,,,,,1,0.27361779197256564,0,0,0,1,1,60,0,1,1,0,13,5,21,2,8,1.0,-0.001051627100819809,0.0009932033729966238,0.0012074237083487154,DOWN,2.4131877547610334
2026-02-21T14:00:00+00:00,PAXGUSD,15m,193,0.020062837586455155,0.0038956966187442925,0.034476915075752346,0.0584354492809518,0.5899999999998423,0,1,0.15572849028146024,2.4701480656258354,0.3048460647768222,1.86513026704597,0.6659604550078817,2.0492017612914424,,,0.00149117574495362,0.0036111439023105945,,,79.85986386192617,29.859863861926172,3.5942055761588563,2.7828720281456683,0.811333548013188,0.5453442358939244,35.729730050351826,2.4551029151352455,0.04782168062563418,1.0296998464038265,0.0033638805586140752,0.21,1,1,22,1,10,1,0,0.052007549860030804,,1,0,0.33639340302733667,,1,0,,,,,1,0.2536098498793216,0,0,0,1,1,60,0,1,1,0,14,5,21,2,8,1.0,0.000414891689894779,0.001194031013640803,0.0010070375759417501,FLAT,2.4551029151352455
2026-02-21T14:15:00+00:00,PAXGUSD,15m,194,0.07552487843998515,0.008175373439381023,0.04476990216803472,0.1284701540474009,0.9363636363636288,1,0,0.20261677449098706,2.975848249851879,0.3583346453709082,2.0970859428480253,0.7192969643577682,2.1626829145325246,,,0.0015571787087992114,0.003609623189868601,,,83.47585836306081,33.47585836306081,4.067631411990078,3.03982390491455,1.027807507075528,0.6686891017350631,38.38857450539,2.751166992625611,0.05355194656859355,1.0878068581179625,0.003930694846086057,0.27,1,1,23,1,11,1,0,0.12029478060800215,,1,0,0.4044863335007288,,1,0,,,,,1,0.3217593403641495,0,0,0,1,1,60,0,1,1,0,14,5,21,2,8,1.0,-0.0005605970358431942,0.0005099875812184209,0.0016895771774718417,DOWN,2.751166992625611
2026-02-21T14:30:00+00:00,PAXGUSD,15m,195,0.05097276264591227,0.0,0.0,0.05097276264591227,1.0,1,0,0.22934470941038176,3.1781484165312577,0.3930806469113515,2.2148472784228943,0.7546574758956823,2.220847609292832,,,0.0016373593750096972,0.003615768289843308,,,85.55993366154657,35.559933661546566,4.601197164713085,3.352098556874257,1.2490986078388278,0.5340927298448448,41.09004767031741,2.741797921723774,0.05334237201797225,1.081050351193372,0.0045312538678823865,0.27,1,1,24,1,12,1,0,0.0731517509727669,,1,0,0.4552529182879307,,1,0,,,,,1,0.3725680933852069,0,0,0,1,1,60,0,1,1,0,14,5,21,2,8,1.0,-0.00027237354085596035,0.0,0.0021984435797665724,DOWN,2.741797921723774
2026-02-21T14:45:00+00:00,PAXGUSD,15m,196,0.05450864351347496,0.0,0.033094533561746964,0.08760317707522192,0.37777777777773736,0,1,0.15126894194845267,3.1545152340049754,0.3180483605078637,2.2428924831901895,0.6791125560781263,2.2348902308922334,,,0.0016677941855941104,0.0036106419557026255,,,73.38575588092334,23.38575588092334,4.711527060267144,3.6239842575528347,1.0875428027143097,0.2762092547011217,42.10789725719524,2.895955213029193,0.056376639406424095,0.8923872841274632,0.004708240412811275,0.32,1,1,25,1,13,1,0,0.10901728702693222,,1,0,0.393240928204326,,1,0,,,,,1,0.31050459429994975,0,0,1,1,1,60,0,1,1,0,14,5,21,2,8,1.0,0.0009928360068524088,0.0013627160878367855,0.0015768571873540655,DOWN,2.895955213029193
2026-02-21T15:00:00+00:00,PAXGUSD,15m,197,0.017517907194031176,0.01751790719401347,0.0447679850513894,0.07980379943943404,0.7804878048781569,1,0,0.15092954018752372,2.875037592671106,0.32048912017581466,2.1635633662035616,0.6808242559382693,2.194991414438846,,,0.0016955957998829095,0.003603351357624546,,,74.36768845083934,24.36768845083934,4.808092909373954,3.8608059879170584,0.9472869214568957,-0.08052058561863218,42.63492460835609,2.9819584120985625,0.058041856355079455,0.8808203285813652,0.004796626159757972,0.35,1,1,26,1,14,1,0,0.12457178449080575,,1,0,0.4087511678604796,,1,0,,,,,1,0.17031298660853317,0,0,1,1,1,60,0,1,1,0,15,5,21,2,8,1.0,0.0012457178449080575,0.001284646527561401,0.001732326378075472,DOWN,2.9819584120985625
2026-02-21T15:15:00+00:00,PAXGUSD,15m,198,0.021017070531730467,0.015762802898789,0.0058380751477068405,0.04261794857822631,0.6301369863015348,1,0,0.15554204310834657,2.475510202893929,0.32804907511513326,2.0269530381174263,0.6878032225587712,2.1253876240552927,,,0.001725070320067867,0.0035975414744363796,,,75.67260171772193,25.672601717721932,4.915110678225574,4.071666925978762,0.8434437522468121,-0.40565485559201564,43.32015138888596,2.925389954091494,0.05692882129440817,0.8826653336925644,0.004829150421446359,0.33,1,1,27,1,15,1,0,0.14556267368272713,,1,0,0.4296823308709615,,1,0,,,,,1,0.19129426233974342,0,0,1,1,1,60,0,1,1,0,15,5,21,2,8,1.0,0.001735854343917129,0.0018720760973635038,0.0019421329991360567,DOWN,2.925389954091494
2026-02-21T15:30:00+00:00,PAXGUSD,15m,199,0.04477844404641738,0.0,0.0019468888715725862,0.046725332917989956,0.04166666666644561,0,1,0.10062944711617045,2.201652088332594,0.2726759943422556,1.931778409171784,0.6309725456017781,2.0753799483309194,1.4671637722918653,,0.0017204654722608513,0.003582965512595225,0.008361912266900874,1,67.82269183608446,17.82269183608446,4.761063509339692,4.209546242650948,0.5515172666887445,-0.5360255360255652,43.3502115518291,2.8878621002277898,0.056223465856004004,0.7649091486699245,0.0047119794538338375,0.31,1,1,28,1,16,1,0,0.10123822132230569,,1,0,0.38548399657346144,,1,0,,,,,-1,-0.015575110972669223,0,0,1,1,1,60,0,1,1,0,15,5,21,2,8,1.0,0.0024920177556265444,0.0026477688653532365,0.0014991044311190363,DOWN,2.8878621002277898
2026-02-21T15:45:00+00:00,PAXGUSD,15m,200,0.13451603470123083,0.0019495077493003957,0.015596061994349973,0.1520616044448812,0.10256410256412349,0,1,-0.030536822623807504,1.2205423629957295,0.13309962178598417,1.5384099412904106,0.4885575388806362,1.8773761681004544,1.322388146992869,,0.0016363644440979168,0.00355457917094652,0.00833830608112233,1,50.686449543317714,0.686449543317714,4.0356871369758665,4.174774851489343,-0.1390877145134768,-1.086374435362563,40.34729370665571,3.23872989718184,0.06313929032423901,0.4619183235384883,0.004486282565361837,0.39,-1,1,29,-1,0,1,1,0.008675309484349527,-0.14426357344769736,1,0,0.2514864996588291,,1,0,,,,,-1,-0.15011209669558082,0,0,1,1,1,60,0,1,0,0,15,5,21,2,8,1.0,0.003976995808558268,0.004152451505994772,1.9495077493003956e-05,UP,3.2387290930686747
2026-02-21T16:00:00+00:00,PAXGUSD,15m,201,0.12850467289720335,0.019470404984423675,0.0,0.14797507788162703,0.8684210526315852,1,0,0.0869109364808081,0.8490621323462619,0.2493032514982589,1.3729197305901835,0.6020917125519859,1.786378702091497,1.4326985981308498,,0.001623923150174508,0.0035278846105372703,0.008306068855788638,1,60.74776977041626,10.747769770416262,3.939899333223366,4.127799140914464,-0.18789980769109782,-1.0313436573542365,37.529822077252426,3.550248832224885,0.06912478255889573,0.7225064786644098,0.004299286384247973,0.43,-1,1,30,-1,1,1,1,0.13522196261681677,-0.017523364485974226,1,0,0.3777258566978122,,1,0,,,,,-1,-0.023364485981304868,0,0,1,1,1,60,0,1,1,0,16,5,21,2,8,1.0,0.0020443925233644858,0.0028816199376947393,0.0005841121495327102,UP,3.5502484435637953
2026-02-21T16:15:00+00:00,PAXGUSD,15m,202,0.025318921024446037,0.0019476093095618717,0.029214139643587496,0.056480669977595405,0.5172413793104097,0,1,0.05222483565463351,0.5872466855835228,0.2115136898999306,1.2444753160625623,0.561518829378738,1.7127872130495234,1.3893933197000612,,0.001592888542452971,0.0035000513947880743,0.008278744903213231,1,57.81617691309697,7.816176913096967,3.7002945523117887,4.042297583907107,-0.3420030315953184,-0.8935206867504446,34.91322610425149,3.510945834900547,0.06837950793457098,0.6355895354504217,0.004122619176791563,0.42,-1,1,31,-1,2,1,1,0.10604732690621693,-0.04674262342973291,1,0,0.3486220664134704,,1,0,,,,,0,0.002921413964351664,0,0,1,1,1,60,0,1,0,0,16,5,21,2,8,1.0,0.002765605219592914,0.00317460317460321,5.842827928721042e-05,UP,3.5109449833092383
2026-02-21T16:30:00+00:00,PAXGUSD,15m,203,0.08173432452420362,0.027244774841389405,0.0038921106916245296,0.11287121005721756,0.7586206896552427,1,0,0.11940272720616905,1.3979850931036708,0.27971087988101034,1.5525001959213114,0.6287823318075916,1.8610182586535302,1.4543825166387805,,0.0016030815267484132,0.003490714519265812,0.008256001848311888,1,63.063116794659265,13.063116794659265,3.797467386119024,3.993331574006196,-0.19586418788717186,-0.05677697847611185,33.69512102295966,3.6744486466377544,0.07150680431708548,0.7988199897799433,0.0040938544528440314,0.46,-1,1,32,-1,3,1,0,0.18575098275795104,,1,0,0.42813217607908766,,1,0,,,,,1,0.08270735219709648,0,0,1,1,1,60,0,1,0,0,16,5,21,2,8,1.0,0.0021990425407697176,0.002393648075351121,0.00031136885533031636,UP,3.674448913072877
2026-02-21T16:45:00+00:00,PAXGUSD,15m,204,0.06417861101925888,0.036951321495955695,0.03111690231238188,0.13224683482759644,0.7205882352940449,1,0,0.16602806846463597,1.8267484181687905,0.3302373687832226,1.723031134413759,0.6796933744461392,1.943700772179909,1.5048989673078048,,0.001642093003185866,0.0034945600566291665,0.008252055928616655,1,66.65788461676992,16.65788461676992,4.093572240614776,4.013380254325955,0.0801919862888214,0.26809180628384954,33.4204490587902,3.897701643456157,0.07580275080137998,0.9080325408812941,0.004162558515892177,0.51,1,1,33,1,0,1,0,0.10599194850152314,,1,0,0.4920360178144125,,1,0,,,,,1,0.14683288278650447,0,0,1,1,1,60,0,1,1,0,16,5,21,2,8,1.0,0.0010890915809331889,0.0017503257550710828,0.00015558451156173252,UP,3.897702562139113
2026-02-21T17:00:00+00:00,PAXGUSD,15m,205,0.04082426127527924,0.0038880248833557175,0.01555209953342287,0.060264385692057824,0.9354838709677893,1,0,0.18709078334248114,2.5575342831480157,0.35637589230552263,2.0279790092135954,0.706892022834515,2.0962380300570658,1.5315386858475797,,0.001692851089630415,0.0035051613052899237,0.008246466630130646,1,68.7426016388023,18.7426016388023,4.446434208483879,4.099991525009698,0.34644268347418095,0.6884461871153347,33.24678462586411,3.8407230325588237,0.07466413360339859,0.948091549539218,0.004296138696784844,0.5,1,1,34,1,1,1,0,0.06706842923794358,,1,0,0.5326594090202107,,1,0,,,,,1,0.1875972006220769,0,0,1,1,1,60,0,1,1,0,17,5,21,2,8,1.0,0.0006804043545878694,0.0013413685847588717,0.0001360808709175385,UP,3.840723807700566
2026-02-21T17:15:00+00:00,PAXGUSD,15m,206,0.06993550392416589,0.013598570207471794,0.013598570207471794,0.09713264433910948,0.8600000000000364,1,0,0.23242921191643978,3.171102452614832,0.40936708484985385,2.301478517081705,0.7623005048625793,2.2372125784531818,1.5881838138161641,,0.0017693787293341409,0.0035293342001272536,0.008258833089535848,1,71.97731779303744,21.977317793037443,4.959401894156144,4.271875283928574,0.6875266102275708,0.8833920104056476,33.83613796136139,3.923527874222583,0.07622052751228889,1.026911731642714,0.004572935655854302,0.53,1,1,35,1,2,1,0,0.1369570285181479,,1,0,0.6022223949024788,,1,0,,,,,1,0.25740150749864016,0,0,1,1,1,60,0,1,1,0,17,5,21,2,8,1.0,-0.0006993550392416589,0.0006410754526379812,0.0007770611547128759,DOWN,3.9235292500076686
2026-02-21T17:30:00+00:00,PAXGUSD,15m,207,0.029130738755534843,0.015536394002955449,0.015536394002955449,0.06020352676144574,0.7419354838709393,1,0,0.2383412278187327,3.5643307974660274,0.4230627820490878,2.4976123919177553,0.7789361354603275,2.342259228533294,1.6062466014138115,,0.0018472155423035514,0.003558733534112396,0.008273104659534842,1,73.29982511124248,23.299825111242484,5.432417845066084,4.503985557878037,0.9284322871880466,0.8482420427478505,34.649758340345095,3.86470449464877,0.07505446466730308,1.0159190226230792,0.004833465386028174,0.51,1,1,36,1,3,1,0,0.07088479763847871,,1,0,0.6331080556202799,,1,0,,,,,1,0.28839431367978435,0,0,1,1,1,60,0,1,1,0,17,5,21,2,8,1.0,-0.0012817525052434271,0.0003301483725626929,0.0013205934902509482,DOWN,3.864705732150004
2026-02-21T17:45:00+00:00,PAXGUSD,15m,208,0.009708926386920136,0.01747606749646684,0.031651100021344095,0.058836093904731074,0.7029702970294979,1,0,0.2279107259729448,3.7867754911012526,0.41949517570015976,2.631163358507365,0.7782810912791168,2.4176453202389894,1.6069797471795388,,0.0019158444972721496,0.0035878591557895706,0.008286986559004218,1,73.88062729499558,23.880627294995577,5.796947153882684,4.7625796293947325,1.0343675244879513,0.6879270936731938,35.527618442588306,3.8050828950815627,0.0738865394489517,0.9786123383529163,0.005021970154922557,0.49,1,1,37,1,4,1,0,0.08446765956621224,,1,0,0.6466144973688669,,1,0,,,,,1,0.3019476106332021,0,0,1,1,1,60,0,1,1,0,17,5,21,2,8,1.0,-0.001631099633002512,0.0001941785277384027,0.001883531719062471,DOWN,3.8050838941392713
2026-02-21T18:00:00+00:00,PAXGUSD,15m,209,0.06412124744972665,0.011658408627211781,0.011658408627229453,0.08743806470416789,0.13333333333341418,0,1,0.14656869473356357,3.3213683065250734,0.33985126830665174,2.4849362403601845,0.6999100171407336,2.3521025824693425,1.5287447780044658,,0.0019328257357308816,0.0036005874883408193,0.00828834760863732,1,66.33321833514495,16.33321833514495,5.745259744258874,4.959116946546529,0.786142797712345,0.09861825298608728,35.57732295379908,3.8547195868542903,0.07489982681150861,0.8205506305222651,0.004822521009173077,0.52,1,1,38,1,5,1,0,0.018459146993116245,,1,0,0.580977363256575,,1,0,,,,,1,0.23608277470124622,0,0,1,1,1,60,0,1,1,0,18,5,21,2,8,1.0,-0.0008743806470416788,0.0008549499659962375,0.0012241329058583857,UP,3.854720758843609
2026-02-21T18:15:00+00:00,PAXGUSD,15m,210,0.031075805543136215,0.011653427078687122,0.009711189232233379,0.052440421854056715,0.777777777777628,1,0,0.1712128902860788,2.957428469651859,0.3674461082656555,2.367934313421756,0.7286391279275373,2.2988052112395962,1.5566812981917686,,0.0019623321797957666,0.0036119301966188178,0.008280421702642312,1,68.57054860609281,18.570548606092814,5.8147893099985595,5.130252348512275,0.6845369614862848,-0.24389363212722603,35.62303413983196,3.7793820665282714,0.07340458885793058,0.8742044146941511,0.00474118321740635,0.47,1,1,39,1,6,1,0,0.061180492163080885,,1,0,0.6234583487093724,,1,0,,,,,1,0.17383028725697397,0,0,1,1,1,60,0,1,1,0,18,5,21,2,8,1.0,-0.0013012993571192375,0.0004272923262182334,0.0016509021694796745,DOWN,3.7793835617833644
2026-02-21T18:30:00+00:00,PAXGUSD,15m,211,0.03689392027028945,0.019417852773840272,0.0019417852773910911,0.058253558321520814,0.6666666666666666,1,0,0.17595304570341672,2.675768621291354,0.3753604854428392,2.2751966100577192,0.7382170574084147,2.25752891556931,1.5663673081030605,,0.001994074397394225,0.0036285657196557545,0.008281502506946458,1,69.75138304141257,19.751383041412566,5.89872575458412,5.283948607751375,0.6147771468327452,-0.4195887222931418,35.97336939050389,3.7237117773977197,0.072306487065724,0.8853863173018188,0.004696091543892436,0.47,1,1,40,1,7,1,0,0.08446765956621224,,1,0,0.6466144973688669,,1,0,,,,,1,0.030097671799438293,0,0,1,1,1,60,0,1,1,0,18,5,21,2,8,1.0,-0.0015340103691333107,0.0001941785277384027,0.001883531719062471,DOWN,3.723713307370267
2026-02-21T18:45:00+00:00,PAXGUSD,15m,212,0.046624575036418384,0.01942690626517727,0.0,0.06605148130159565,0.0,0,1,0.11708569789219588,2.516171612508515,0.31602040267439313,2.2252410791043076,0.6793717651683028,2.236245979893283,1.5063302574065043,,0.0019893470478219728,0.003633513624939096,0.008269584922382016,1,64.52961110530661,14.529611105306614,5.705812449025871,5.368322025309409,0.33749042371646176,-0.4486510176405627,36.11924191619662,3.7005889311787428,0.07189099429196198,0.7585850525325977,0.004718888850017105,0.47,1,1,41,1,8,1,0,0.03788246721710981,,1,0,0.6002914035939706,,1,0,,,,,-1,-0.01651287032540775,0,0,1,1,1,60,0,1,1,0,18,5,21,2,8,1.0,-0.0010684798445847498,0.00011656143759113429,0.001418164157357976,DOWN,3.700590928272365
2026-02-21T19:00:00+00:00,PAXGUSD,15m,213,0.0,0.011656143759113429,0.021369596891702064,0.0330257406508155,0.6470588235293488,0,0,0.1059346792267756,2.162250509826663,0.30363506878577884,2.0909679361202507,0.6669442876008281,2.171465593771245,1.4922748907236474,,0.001977003895590032,0.003633092188150493,0.008253306031228194,1,64.52961673724295,14.529616737242947,5.489646070222989,5.392587419411425,0.0970586508115634,-0.5874771259729759,35.759700841859065,3.5576898324777693,0.06911490689611985,0.7343567648132419,0.004640506300937076,0.45,1,1,42,1,9,1,0,0.03788246721710981,,1,0,0.6002914035939706,,1,0,,,,,-1,-0.01651287032540775,0,0,1,1,1,60,0,1,1,0,19,5,21,2,8,1.0,-0.0002331228751820919,0.0,0.001418164157357976,DOWN,3.5576915762529624
2026-02-21T19:15:00+00:00,PAXGUSD,15m,214,0.06609642301710024,0.001944012441686699,0.007776049766711435,0.07581648522549837,0.10256410256401885,0,1,0.03435048210127761,1.3944171301773167,0.22656763470867294,1.7776852860588406,0.588156555108224,2.0137575131302583,1.4112237558320393,,0.0019221715260739534,0.0036158892039955103,0.008230672007238152,1,57.27735015141095,7.27735015141095,4.978522019757293,5.309774098792489,-0.33125207903519627,-0.946028825670818,34.29349820365984,3.5821404909169985,0.06963725682187012,0.5747707686352094,0.004580103086353615,0.46,-1,1,43,-1,0,1,0,0.06706842923794358,,1,0,0.5326594090202107,,1,0,,,,,-1,-0.08456454121307083,0,0,1,1,1,60,0,1,1,0,19,5,21,2,8,1.0,0.0006609642301710024,0.0007387247278382935,0.0007387247278382935,DOWN,3.582142177949154
2026-02-21T19:30:00+00:00,PAXGUSD,15m,215,0.025279041729850123,0.007778166686122695,0.0038890833430701897,0.03694629175904301,0.10526315789508955,0,1,0.006456607400740206,0.7949488345584541,0.19160250020361197,1.51592414157858,0.5508087744014458,1.8794795972435168,1.3704225489052348,,0.0018514589280287177,0.0035920627419783386,0.008196137745037892,1,54.63246162232582,4.63246162232582,4.409652762876249,5.129749963848707,-0.7200972009724582,-1.0575874329209638,32.496674934814635,3.4619874787735148,0.06731978918783328,0.509845225956908,0.004562711979208643,0.42,-1,1,44,-1,1,1,1,0.03986310426632796,-0.05347489596702056,1,0,0.5055808345972854,,1,0,,,,,-1,-0.11181114611286118,0,0,1,1,1,60,0,1,1,0,19,5,21,2,8,1.0,0.0010306070859097095,0.0010889433360555855,0.0004666900011668311,UP,3.461989165238539
2026-02-21T19:45:00+00:00,PAXGUSD,15m,216,0.025284450063214663,0.011669746183009906,0.025284450063214663,0.06223864630943923,0.40625000000007994,0,1,-0.013514017684702489,0.14781085104823433,0.1635856254216615,1.2212678856240018,0.5197189020024554,1.725588796321972,1.3346854030924777,,0.0017709964310636398,0.0035613327658079383,0.008149665010900224,1,52.578074823127686,2.578074823127686,3.8259551686105624,4.86899039671923,-1.0430352281086677,-1.1400942017748203,30.260035870218214,3.443273834821066,0.06697021948499594,0.45183715754321574,0.004457320677242388,0.42,-1,1,45,-1,2,1,1,0.018477098123112285,-0.03889915394340173,1,0,0.4842944665953444,,1,0,,,,,-1,-0.133229602256158,0,0,1,1,1,60,0,1,0,0,19,5,21,2,8,1.0,0.0008557813867547673,0.0013031216571039227,-5.8348730915137975e-05,UP,3.443275653435773
2026-02-21T20:00:00+00:00,PAXGUSD,15m,217,0.0019447685725469427,0.0,0.0019447685725292553,0.0038895371450761982,1.0,1,0,-0.0034280168169314937,-0.05674256255952059,0.16651583704581158,1.0950623430908308,0.5196285307274101,1.6541020670929356,1.3298881758070782,,0.0016994385386274308,0.0035311269368159853,0.008102596450796681,1,53.43523257102035,3.43523257102035,3.3649278862430947,4.568177680496159,-1.2032497942530647,-0.8719980249173371,28.18316958262697,3.2330398684885515,0.06287514330004962,0.4633293697137822,0.004369252819535149,0.39,-1,1,46,-1,3,1,1,0.028199144301824547,-0.0038895371450761982,1,0,0.4939712174251193,,1,0,,,,,-1,-0.12349280435628868,0,0,1,1,1,60,0,1,0,0,20,5,21,2,8,1.0,0.0006028782574874298,0.0012057565149746826,0.0,UP,3.233041678190361
2026-02-21T20:15:00+00:00,PAXGUSD,15m,218,0.0,0.0,0.0,0.0,0.5,0,0,-0.0031015391565486165,-0.1084813684974506,0.1599884203733523,1.0286064636611627,0.509689613538875,1.6105816992185282,1.314582847141202,,0.0016308995952990092,0.0034970119316552264,0.008048932336023272,1,53.43523925369976,3.4352392536997627,2.9653774471707948,4.2476174891416605,-1.2822400419708657,-0.5621432442408709,26.254500809396607,3.0021080440162815,0.05838405375371998,0.45533458642850294,0.004309711067683791,0.38,-1,1,47,-1,4,1,1,0.028199144301824547,-0.0038895371450761982,1,0,0.4939712174251193,,1,0,,,,,-1,-0.06806690003889537,0,0,1,1,1,60,0,1,0,0,20,5,21,2,8,1.0,0.0005056398288604363,0.0012057565149746826,0.0,UP,3.0021101297481922
2026-02-21T20:30:00+00:00,PAXGUSD,15m,219,0.0,0.0,0.0,0.0,0.5,0,0,-0.0028061546843352364,-0.05053076574495208,0.15371514101807882,1.0078818887750458,0.4999096454024499,1.589584910119811,1.2990927654609146,,0.0015652129570241403,0.0034619450438437113,0.007991831200584647,1,53.43523074560838,3.4352307456083793,2.618546036240332,3.921803276300574,-1.3032572400602422,-0.2602221238390836,24.463513708480285,2.78767171261732,0.05421376337256553,0.4405310783998066,0.004152162427707496,0.3,-1,1,48,-1,5,1,1,0.028199144301824547,-0.0038895371450761982,1,0,0.4939712174251193,,1,0,,,,,-1,-0.06806690003889537,0,0,1,1,1,60,0,1,0,0,20,5,21,2,8,1.0,-0.00013613380007775536,0.0012057565149746826,0.00019447685725398678,UP,2.7876736919090357
2026-02-21T20:45:00+00:00,PAXGUSD,15m,220,0.0,0.0,0.0,0.0,0.5,0,0,-0.0025389021306103017,-0.04571831678640592,0.14768431767243193,0.9683388900557475,0.490547536609321,1.5598157968388477,1.2841180474523493,,0.0015022321980304222,0.003428632189368891,0.007935705108430282,1,53.435220311708086,3.435220311708086,2.3169704789470416,3.6008360642062733,-1.2838655852592318,-0.08061611978570582,22.80037276247119,2.5885521525219697,0.05034134874605153,0.39048540477524696,0.0033639158025261275,0.25,-1,1,49,-1,6,1,1,0.028199144301824547,-0.0038895371450761982,1,0,0.4939712174251193,,1,0,,,,,-1,-0.06806690003889537,0,0,1,1,1,60,0,1,0,0,20,5,21,2,8,1.0,-0.00031116297160644957,0.0012057565149746826,0.0003695060287825041,UP,2.588554142486962
2026-02-21T21:00:00+00:00,PAXGUSD,15m,221,0.023317723412933915,0.009715718088723936,0.0,0.03303344150165785,0.705882352941145,1,0,0.07330235708727345,0.36815961584306933,0.22205557082833946,1.0990109810954891,0.5629901843550156,1.616169632016863,1.3517449429687298,,0.0014875321374106599,0.0034093461352667615,0.007887547586137144,1,61.487360992519164,11.487360992519164,2.397309118424346,3.3601302047407167,-0.9628210863163709,0.319418485389674,22.749901222281125,2.7465125188854116,0.05336868272128347,0.6195497815147257,0.0030731053144277443,0.29,-1,1,50,-1,7,1,0,0.05343644948798165,,1,0,0.5771136544701984,,1,0,,,,,1,0.015545148941961833,0,0,1,1,1,60,0,1,0,0,21,5,21,2,8,1.0,-0.0011075918621144935,0.0003691972873714389,0.0012105784738550944,DOWN,2.746514560880763
2026-02-21T21:15:00+00:00,PAXGUSD,15m,222,0.009713641838598129,0.007770913470889104,0.0019427283677090244,0.019427283677196257,0.5999999999994543,1,0,0.08564178004193589,0.8473825070841485,0.2338289567413146,1.2676448419715598,0.5734468606760212,1.6935672999698,1.358032210436329,,0.001481871766993787,0.003396179039347066,0.007845853497603078,1,63.23864653001647,13.238646530016467,2.520682020572167,3.192240167316017,-0.6715581467438501,0.6316984421938852,22.97656192555069,2.657475952091862,0.051627539186615806,0.6788755140033629,0.0025480147084873763,0.27,-1,1,51,-1,8,1,0,0.05828185103158877,,1,0,0.5983603372576305,,1,0,,,,,1,0.03691183898666582,0,0,1,1,1,60,0,1,0,0,21,5,21,2,8,1.0,-0.0014181917084351854,0.00015541826941760538,0.001729028247270396,DOWN,2.6574778065321367
2026-02-21T21:30:00+00:00,PAXGUSD,15m,223,0.007770158705484493,0.005827619029122204,0.001942539676379957,0.015540317410986652,0.6249999999998579,1,0,0.08626557344929768,1.3285841703363985,0.2339637967150003,1.4492704809308634,0.5721667341393941,1.7788032220450987,1.3524417723731939,,0.0014769822326570264,0.003382029374243937,0.007802750382337998,1,64.03911162248173,14.039111622481727,2.6285017068876186,3.079491737674578,-0.4509900307869592,0.832874849178955,23.2962438978711,2.52479870571235,0.0490452166070116,0.700045492531428,0.002312165497352603,0.25,-1,1,52,-1,9,1,0,0.015540317410968986,,1,0,0.6080149187047005,,1,0,,,,,1,0.0466209522329423,0,0,1,1,1,60,0,1,0,0,21,5,21,2,8,1.0,-0.001961965073136513,0.0,0.0023116222148836683,DOWN,2.5248008203512824
2026-02-21T21:45:00+00:00,PAXGUSD,15m,224,0.03886589323539128,0.0,0.0038865893235355935,0.04275248255892688,0.09090909090901575,0,1,0.0429157597221985,1.1639571067298675,0.18753529255175452,1.3767561139375175,0.5239210089634415,1.7387217681525726,1.299274179443806,,0.0014461953282955602,0.0033638571641168703,0.007753531704803645,1,58.54743387518656,8.547433875186563,2.5234772113981307,2.9682881908626992,-0.4448109794645685,0.5180093286663117,22.804999058885674,2.5015987122377523,0.048613434233812404,0.5157545024924984,0.0022203511360049328,0.25,-1,1,53,-1,10,1,0,0.029149419926543466,,1,0,0.5693853358984682,,1,0,,,,,1,0.007773178647071187,0,0,1,1,1,60,0,1,0,0,21,5,21,2,8,1.0,-0.0013797392098562845,0.00017489651955936682,0.0019238617151517978,DOWN,2.501600761754749
2026-02-21T22:00:00+00:00,PAXGUSD,15m,225,0.015548774562190674,0.017492371382491025,0.00971798410137801,0.042759130046059704,0.22727272727274606,0,1,0.024766643114297923,0.8340564322506907,0.16527643023863417,1.2326120192992676,0.49925957467695187,1.6615287013701163,1.2694767837359984,,0.0014050978712433625,0.003339831444383177,0.007702172090590467,1,56.46169428107614,6.4616942810761415,2.3486180115878597,2.8443538509660122,-0.4957358393781526,0.17582159333801428,21.875739911597147,2.4800560920741463,0.04820229134660446,0.44043782729238046,0.002202330272993597,0.24,-1,1,54,-1,11,1,1,0.013605177741943355,-0.03887193640551204,1,0,0.5539250937785466,,1,0,,,,,1,0.017492371382491025,0,0,1,1,1,60,0,1,0,0,22,5,21,2,8,1.0,-0.0013410818059902713,0.0001943596820275602,0.0017686731064508684,DOWN,2.4800578502008253
2026-02-21T22:15:00+00:00,PAXGUSD,15m,226,0.011662714302364699,0.017494071453573564,0.015550285736503943,0.044707071492442206,0.3478260869565733,0,1,0.013616776661165312,0.44033677189690934,0.1494880124495922,1.0549633694117801,0.4809453427745235,1.566624238188524,1.245944291101355,,0.0013587123578842686,0.003314573303249313,0.0076499894832683145,1,55.13954106384363,5.13954106384363,2.1449691448406156,2.7044766516244234,-0.5595075067838078,-0.1085179843922508,20.67833415282177,2.467194784376415,0.04795697983082096,0.408869985888438,0.0021858698262389033,0.23,-1,1,55,-1,12,1,1,0.0038875714341392443,-0.04859464292656377,1,0,0.5442600007775142,,1,0,,,,,1,0.007775142868260811,0,0,1,1,1,60,0,1,0,0,22,5,21,2,8,1.0,-0.001010768572872668,0.0,0.0016716557166738645,DOWN,2.467196575186494
2026-02-21T22:30:00+00:00,PAXGUSD,15m,227,0.06418610079163212,0.0,0.005835100071969772,0.07002120086360189,0.08333333333337543,0,1,-0.04574529031408267,-0.03969530127233156,0.08207703168654835,0.8333843560458263,0.4099962404056822,1.4482869308858426,1.1693122362048616,,0.0012782232200063103,0.0032791920871913386,0.007593159957991792,1,47.27171814217156,-2.728281857828442,1.6977232926701618,2.503125836805675,-0.805402544135513,-0.36059186452508385,19.875802604686992,2.5481095592008804,0.04956158090756969,0.15365185981283433,0.002205336661675892,0.29,-1,1,56,-1,13,1,1,0.014587750179915584,-0.11281193472468405,1,0,0.48042323925854974,,1,0,,,,,-1,-0.05640596736233318,0,0,1,1,1,60,0,1,0,0,22,5,21,2,8,1.0,-0.000739112675782425,0.00011670200143921854,0.0010308676793807368,DOWN,2.548111105530342
2026-02-21T22:45:00+00:00,PAXGUSD,15m,228,0.015562991206913507,0.0,0.005836121702577084,0.021399112909490592,0.2727272727267466,0,1,-0.05723674418084409,-0.48353384313941206,0.06207363997803161,0.6165414283877908,0.38614681234026205,1.3308637270283725,1.1390329546338733,,0.0011931038415887568,0.0032407317236223046,0.007528861422936114,1,45.370310358636516,-4.629689641363484,1.2561749058922942,2.2537355975046602,-0.997560691612366,-0.5018250420520771,19.42665578046894,2.4518161401408003,0.04769699128746402,0.11257821467328365,0.0021849395364958715,0.21,-1,1,57,-1,14,1,1,-0.0029180608513062352,-0.04085285191814574,1,0,0.4629989884055575,,1,0,,,,,-1,-0.07392420823282589,0,0,1,1,1,60,0,1,0,0,22,5,21,2,8,1.0,-0.0007781495603454984,0.0002918060851295619,0.0008559645163799775,DOWN,2.4518174551353047
2026-02-21T23:00:00+00:00,PAXGUSD,15m,229,0.0019452982142233162,0.025288876784796955,0.00836478232113549,0.035598957320155764,0.2896174863391672,1,0,-0.048263547465994074,-0.818435381591371,0.06339411365222966,0.4356253327432569,0.3835110317478801,1.2291544311783582,1.1296901139944844,,0.0011165766111822374,0.003201169180956505,0.0074617908224660435,1,45.89117790688065,-4.10882209311935,0.911871078209515,1.9853621508552668,-1.0734910726457518,-0.513983899264193,18.710373406660562,2.407400693977805,0.04683112270897959,0.16942360642495602,0.0022697377062417074,0.16,-1,1,58,-1,15,1,1,0.0009726491071116581,-0.03696066607010147,1,0,0.46687157141189745,,1,0,,,,,-1,-0.070030735711774,0,0,1,1,1,60,0,1,0,0,23,5,21,2,8,1.0,-0.0011866319106719767,5.835894642634564e-05,0.0012838968213827887,DOWN,2.407401922625635
2026-02-21T23:15:00+00:00,PAXGUSD,15m,230,0.007781949767507172,0.007781949767507172,0.031127799070064077,0.04669169860507842,0.6666666666669193,0,1,-0.05247228149870515,-0.8547748701903402,0.05157568808820179,0.37153338519965473,0.3674690538750575,1.1843916018124219,1.106337425341926,,0.0010404796958690694,0.003158933657868557,0.0073886837146686845,1,44.7426603744633,-5.2573396255367015,0.5918393050096711,1.7066567044204826,-1.1148173994108115,-0.30941552030443464,18.574707428827008,2.406871939565971,0.04682539132635495,0.1607649172925305,0.0022521032549176756,0.16,-1,-1,0,-1,16,1,1,0.07101029162857815,-0.04669169860507842,1,1,0.4571895488414622,-0.14007509581525296,1,1,,,,,-1,-0.07976498511701044,0,0,1,1,1,25,0,1,-1,0,23,5,21,2,8,1.0,-0.0013423863348963143,-1.94548744188564e-05,0.0015369350790841705,DOWN,2.406873213866635
2026-02-21T23:30:00+00:00,PAXGUSD,15m,231,0.042819883997038,0.0,0.03503445054303752,0.07785433454007551,0.4500000000000455,0,1,-0.08799896476449538,-1.0209867866487912,0.006573758562300741,0.2550627205037017,0.31750955908114387,1.1127435909966152,1.0490550430145098,,0.0009457272332679612,0.0031093580051884313,0.007315454839333659,1,39.80740710867921,-10.192592891320793,0.15088224604733114,1.3955016755264917,-1.2446194294791606,-0.24705939798280485,19.180071754727965,2.527809795899067,0.04920023737590149,0.010105883488921462,0.0022323788105335033,0.32,-1,-1,1,-1,17,1,1,0.02627583790728257,-0.04350110942426082,1,1,0.4126279730623967,-0.18490404453267936,1,1,,,,,-1,-0.12456693526411375,0,0,1,1,1,25,0,1,-1,0,23,5,21,2,8,1.0,-0.0010704970999260383,0.00042819883997037995,0.0012456693526413144,DOWN,2.5278108414476157
2026-02-21T23:45:00+00:00,PAXGUSD,15m,232,0.011675877636809445,0.00778391842452783,0.0,0.019459796061337277,0.6000000000003638,1,0,-0.06199613534092149,-1.095178521906746,0.02501904916460858,0.1745221364817553,0.3311076114114559,1.0578348591807298,1.0550683038841753,,0.0008701518450553006,0.003060885622468473,0.007239606924727193,1,42.76349964436762,-7.23650035563238,-0.11654430772705382,1.0930923621291169,-1.2096366698561707,-0.136146061865404,19.742228731683614,2.44725214582076,0.047623027668342026,0.1361860179738879,0.002239334429199608,0.23,-1,-1,2,-1,18,1,1,0.045730520744149676,-0.024032848135745164,1,1,0.43200747256168404,-0.16540826652136686,1,1,,,,,-1,-0.10508289873121422,0,0,1,1,1,25,0,1,-1,0,23,5,21,2,8,1.0,-0.0010702887833735502,0.00023351755273601192,0.0014400249085390645,DOWN,2.4472529242013317
2026-02-22T00:00:00+00:00,PAXGUSD,15m,233,0.013623447900039276,0.021408275271502936,0.0,0.03503172317154221,0.0,0,1,-0.06666341437944015,-1.1718281874118475,0.012835699590143072,0.09326197241898626,0.3139712880359375,1.0018959395583806,1.030445486746317,,0.0007949911396958323,0.0030113558844579447,0.007164741987103794,1,41.4482278658753,-8.551772134124697,-0.3726013716723173,0.7999538626947817,-1.172555234367099,-0.057737824886394895,19.867746222873453,2.40102010377637,0.046728817558218255,0.1225003066260754,0.002227886679861701,0.15,-1,-1,3,-1,19,1,1,0.034058619750107044,-0.03571289556654152,1,1,0.42038067805845347,-0.1771048227005637,1,1,,,,,-1,-0.07590206687167775,0,0,1,1,1,25,0,1,-1,0,0,6,22,2,8,1.0,-0.0007590206687166004,0.0002530068895722591,0.001323420653147052,DOWN,2.401020572472678
2026-02-22T00:15:00+00:00,PAXGUSD,15m,234,0.023349029069537654,0.0019457524224688447,0.0,0.025294781492006497,0.923076923076654,1,0,-0.03917512297587116,-0.9078445518407534,0.034778288046275946,0.1524509756018233,0.33128409168716283,1.0160127223871314,1.0402936140405377,,0.0007395341102214711,0.0029650580364088686,0.007090095223533748,1,45.08604077254227,-4.913959227457731,-0.47324319183826447,0.54531469081677,-1.0185578826550343,0.2260617184917475,19.98430193737845,2.322376174245749,0.04518769066906155,0.2521996191786011,0.0022719020908922435,0.11,-1,-1,4,-1,20,1,1,0.057399696462618555,-0.012355527882636464,1,1,0.44363155232126855,-0.15371444137449014,1,1,,,,,-1,-0.05253531540648184,0,0,1,1,1,25,0,1,-1,0,0,6,22,2,8,1.0,-0.0007393859205353296,1.9457524224688446e-05,0.001556601937969413,DOWN,2.3223762458674995
2026-02-22T00:30:00+00:00,PAXGUSD,15m,235,0.038929440389294405,0.0,0.0019464720194718016,0.0408759124087662,0.04761904761921261,0,1,-0.06891804820099684,-0.945192691738157,-0.002093006831654285,0.09557634619977762,0.2893218091955871,0.9724649872468945,0.9908291970802859,,0.0006682504136934257,0.0029141481602724135,0.007015073878846989,1,40.767180607609504,-9.232819392390496,-0.69826731289686,0.2965987141818342,-0.9948660270786942,0.2147710428404901,20.362873812338957,2.3064925464556305,0.04489523204779816,0.13387858725508042,0.0024115444574197707,0.09,-1,-1,5,-1,21,1,1,0.0204379562043831,-0.04934306569342782,1,1,0.40681265206811945,-0.1907542579075461,1,1,,,,,-1,-0.08953771289538422,0,0,1,1,1,25,0,1,-1,0,0,6,22,2,8,1.0,-0.0007785888077858881,0.00011678832116795403,0.0011873479318735502,DOWN,2.306492228305561
2026-02-22T00:45:00+00:00,PAXGUSD,15m,236,0.019468888715832102,0.013628222101096635,0.0038937777431628786,0.03699088856009162,0.10526315789461087,0,1,-0.08174395802220291,-1.0266029125186833,-0.022577011255933185,0.02130741966811911,0.26348913246292516,0.9201928639531616,0.9570681800482791,,0.0005916694676626974,0.0028606614371885835,0.006935790475853539,1,38.46961950831591,-11.530380491684092,-0.9543599174867268,0.04640756328454085,-1.0007674807712676,0.17178830089696784,21.09997209971464,2.277457852414643,0.044339573483658655,0.0963095956936558,0.002594318952016075,0.08,-1,-1,6,-1,22,1,1,-0.0009734444357951465,-0.03407055525270618,1,1,0.38548399657346144,-0.21221088700258053,1,1,,,,,-1,-0.11097266568025714,0,0,1,1,1,80,0,1,-1,0,0,6,22,2,8,1.0,-0.0012460088778131837,5.840666614753172e-05,0.0012654777665290866,DOWN,2.277457069140917
2026-02-22T01:00:00+00:00,PAXGUSD,15m,237,0.037004576881870414,0.005842827928721042,0.009738046547862499,0.05258545135845395,0.18518518518519766,0,1,-0.1074665187688678,-1.39549787310807,-0.05724629482734374,-0.1716405897268487,0.22287462177463407,0.8074159968164167,0.9079043723829048,,0.0005022022394152407,0.002801209166019778,0.006850297506082705,1,34.81936715808229,-15.180632841917713,-1.2956934006087977,-0.22201223664713934,-1.0736811639616584,-0.0551226797887423,22.402842609797908,2.307639336457266,0.04494379854819878,0.03211420495704564,0.0028724729602912042,0.11,-1,-1,0,-1,23,1,1,0.10604732690621693,-0.04966403739408458,1,1,0.3486220664134704,-0.08472100496641083,1,1,,,,,-1,-0.14801830752751705,0,0,1,1,1,80,0,1,-1,0,1,6,22,2,8,1.0,-0.0010711851202648748,0.00021423702405304584,0.0010906612133606706,DOWN,2.30763870705941
2026-02-22T01:15:00+00:00,PAXGUSD,15m,238,0.025325333125539275,0.0,0.01948102548118133,0.0448063586067206,0.4347826086956178,0,1,-0.12016963307573028,-1.6721171230956315,-0.07935142013058781,-0.3335629967650675,0.1943937147608656,0.7085041283180544,0.8702631886542473,,0.0004081821294514247,0.002737451348914534,0.006758694738933818,1,32.54400909227205,-17.45599090772795,-1.6520574074229444,-0.5080203307385809,-1.1440370766843635,-0.14917021112483175,24.041984274315375,2.307093617023445,0.04494454954070453,0.02595294440439782,0.003188265618142389,0.11,-1,-1,1,-1,24,1,1,0.0807488506194874,-0.04188420478455049,1,1,0.32338502298759947,-0.11006779396868516,1,1,,,,,-1,-0.17338112678252446,0,0,1,1,1,25,0,1,-1,0,1,6,22,2,8,1.0,-0.0011298994779085525,0.0004675446115484582,0.0012273046053144592,UP,2.3070930851266076
2026-02-22T01:30:00+00:00,PAXGUSD,15m,239,0.017535997505984377,0.0019484441673394736,0.017535997506002095,0.037020439179325945,0.473684210526467,0,1,-0.12460987457774708,-1.9033440630228142,-0.0931035873810991,-0.48128150633056066,0.17396368050296795,0.6151101208415639,0.8402538822750043,,0.0003150628719664798,0.0026706726788406705,0.006662902017720363,1,31.032121550290356,-18.967878449709644,-1.9842277668030874,-0.8032607470303552,-1.1809670197727322,-0.1801984761062072,25.741259966884318,2.2780157759301,0.04438586551702161,0.04540431735941036,0.003502589816675225,0.09,-1,-1,2,-1,25,1,1,0.06322701322993377,-0.026303996258976566,1,1,0.3059057342711809,-0.12762309296027477,1,1,,,,,-1,-0.19094752839857726,0,0,1,1,1,25,0,1,-1,0,1,6,22,2,8,1.0,-0.001675661983905922,0.0006429865752197225,0.0018315375172925483,UP,2.2780150076176033
2026-02-22T01:45:00+00:00,PAXGUSD,15m,240,0.017532581380409203,0.0,0.0038961291956405835,0.021428710576049788,1.0,1,0,-0.09509495826980885,-1.836358915564233,-0.07073848671756845,-0.5095984115259853,0.1899265018480592,0.5802655945799415,0.8460123117682785,,0.0002435647155224038,0.002606649885656277,0.0065608580992021935,1,34.66412354520649,-15.335876454793507,-2.142091000534492,-1.0710260989067488,-1.0710649016277434,0.0026174270406353894,27.318774072886065,2.193871516684438,0.042738034338231506,0.14454774240481047,0.0036944955882022845,0.07,-1,-1,3,-1,26,1,1,0.08269534217754448,-0.006818226092366593,1,1,0.3253267878362811,-0.10811758517912808,1,1,,,,,-1,-0.17142968460834515,0,0,1,1,1,25,0,1,-1,0,1,6,22,2,8,1.0,-0.0023376775173864764,0.0004480548574991101,0.002396119455321174,UP,2.1938710785020863
2026-02-22T02:00:00+00:00,PAXGUSD,15m,241,0.025319907290189157,0.0038953703523327055,0.0019476851761752096,0.03116296281869707,0.8750000000001421,1,0,-0.06839962453235125,-1.55670568559799,-0.04924264358345899,-0.44650640696272603,0.20576337534558503,0.5922810059992116,0.8522262041563691,,0.00019156980948892264,0.0025500601892904404,0.0064646282881078414,1,38.17068324856576,-11.829316751434241,-2.1615891695400933,-1.289137513746038,-0.8724516557940554,0.27158671069050344,28.012370573418917,2.1514520349217983,0.041903512356539316,0.22474294051422303,0.003640425247246744,0.07,-1,-1,4,-1,27,1,1,0.10215608749001598,-0.020450694349768844,1,1,0.34474027618175446,-0.0886196755156532,1,1,,,,,-1,-0.10712268468922911,0,0,1,1,1,25,0,1,-1,0,2,6,22,2,8,1.0,-0.0012270416609859536,0.00025319907290189157,0.0025904212843036404,DOWN,2.1514517157519633
2026-02-22T02:15:00+00:00,PAXGUSD,15m,242,0.02920788223381883,0.0,0.0,0.02920788223381883,1.0,1,0,-0.03896702065910315,-1.0941622877608097,-0.022986060534432758,-0.29963232000591233,0.22673958288776494,0.6468187331975059,0.8639078199236943,,0.00015980960124670397,0.002497256434221977,0.006371682370359294,1,42.49170305286545,-7.5082969471345535,-2.0485287203591724,-1.4410152562653062,-0.6075134640938662,0.5734545860224032,27.99820086298485,2.1049198857073206,0.04098683475557521,0.31357190681259933,0.0034028237578763716,0.01,-1,-1,5,-1,28,1,1,0.03699665082949677,0.004867980372303139,1,1,0.3699665082950385,-0.0632837448399408,1,1,,,,,-1,-0.08178207025467148,0,0,1,1,1,25,0,1,-1,0,2,6,22,2,8,1.0,-0.0015577537191370043,-0.00015577537191373584,0.0028429005374251038,DOWN,2.1049194503411086
2026-02-22T02:30:00+00:00,PAXGUSD,15m,243,0.02337586441998282,0.001947988701672617,0.0005843966104946984,0.025908249732150137,0.02255639097725337,0,1,-0.07228208358504204,-0.9709087370656562,-0.06140052098936609,-0.28006052041564544,0.18259366276381167,0.6390843312938159,0.8104285575143548,,0.00010881562595675956,0.0024399418375317776,0.006278348947505432,1,37.885619686928294,-12.114380313071706,-2.104124702916124,-1.5736364639245983,-0.5304882389915258,0.5405776758749619,28.19023206540632,2.106711386148206,0.04103849977886834,0.20948569758837682,0.0031084546018250504,0.02,-1,-1,6,-1,29,1,1,-0.003895977403345234,-0.0360377909808194,1,1,0.32921009058146755,-0.10421739553911297,1,1,,,,,-1,-0.12272328820491425,0,0,1,1,1,25,0,1,-1,0,2,6,22,2,8,1.0,-0.0010519138988993155,1.947988701672617e-05,0.002434985877081913,DOWN,2.1067109181738943
2026-02-22T02:45:00+00:00,PAXGUSD,15m,244,0.06822612085769982,0.0019493177387985144,0.0019493177387985144,0.07212475633529684,0.027027027027120037,0,1,-0.12717108899464594,-1.2879650431195842,-0.12457290687917764,-0.43763595970904134,0.1127612590579175,0.5429820340796141,0.7313031189083776,,2.5981821154682958e-05,0.0023733416593709517,0.006185418598504602,1,31.7150514655156,-18.2849485344844,-2.4029062162235277,-1.7394895290960277,-0.6634166871275,0.20903587571036253,29.336557676310466,2.2205174171874176,0.043284939906187474,0.03528999505638784,0.00307660006971695,0.11,-1,-1,0,-1,30,1,1,0.018421052631573277,-0.07504873294347687,1,1,0.26120857699804356,-0.09454191033139112,1,1,,,,,-1,-0.06822612085769982,0,0,1,1,1,25,0,1,-1,0,2,6,22,2,8,1.0,-0.0005653021442494418,0.00013645224171536416,0.0017543859649122807,DOWN,2.2205172811615252
2026-02-22T03:00:00+00:00,PAXGUSD,15m,245,0.01754728017156631,0.015597582374735462,0.0019496977968485824,0.03509456034315036,0.05555555555575205,0,1,-0.13272211234206782,-1.793873126570361,-0.13842465997331665,-0.6791745935124709,0.09218146359199805,0.40389167878402077,0.7013228699551511,,-5.702547631248837e-05,0.002306061235653147,0.0060914140636315305,0,30.201531839529977,-19.798468160470023,-2.6893822192205334,-1.929466542490443,-0.7599156767300905,-0.15240084619145255,30.623383800647282,2.190480485141564,0.04270774975904784,0.020286344725062345,0.0030599800170603222,0.1,-1,-1,1,-1,31,1,1,-0.0010723337882684936,-0.06014817703256067,1,1,0.24176252680833762,-0.11405732111523423,1,1,,,,,-1,-0.08773640085786703,0,0,1,1,1,25,0,1,-1,0,3,6,22,2,8,1.0,-0.00031195164749470925,0.00017547280171566313,0.0015597582374731916,DOWN,2.1904803325071436
2026-02-22T03:15:00+00:00,PAXGUSD,15m,246,0.042906736357622335,0.005850918594205103,0.009751530990365489,0.058509185942192926,0.16666666666666666,0,1,-0.14835238631377012,-2.203980442419379,-0.16300100843328985,-0.8916388666593775,0.06009629927850242,0.2760497761073566,0.6585667199750199,,-0.00014648622119519728,0.002230973077117923,0.005984704206965175,0,27.90674687217208,-22.09325312782792,-3.0108174254055484,-2.1457368242010153,-0.8650806012045331,-0.33459139850586306,32.22075619704549,2.2483027290153523,0.04384878747543301,-0.023596112847808062,0.003079186313385186,0.14,-1,-1,0,-1,32,1,1,0.03637321059405901,-0.09137184537973242,1,1,0.21063306939188034,-0.14529781175645998,1,1,,,,,-1,-0.11896867808246604,0,0,1,1,1,25,0,1,-1,0,3,6,22,2,8,1.0,0.0010531653469595791,0.0011116745329018075,0.0012481959667667115,DOWN,2.2483031658994905
2026-02-22T03:30:00+00:00,PAXGUSD,15m,247,0.07026172492535403,0.0019517145812489862,0.015613716650080644,0.08782715615668364,0.1777777777778182,0,1,-0.19965648386568208,-2.5940775377921454,-0.22608937681800725,-1.1036395488536073,-0.011645539493849227,0.1464301789574165,0.5752454281085996,,-0.0002643289295232515,0.0021444383732415803,0.0058689096760244875,0,23.46631686130779,-26.53368313869221,-3.523499446308051,-2.4212893555384145,-1.1022100907696366,-0.4387928424318852,34.33350177140168,2.4091382731165822,0.047019502959122945,-0.11361376781586047,0.003522932732976977,0.32,-1,-1,1,-1,33,1,1,0.10539258738801328,-0.08685129886605028,1,1,0.13857173526942354,-0.21761617581046014,1,1,,,,,-1,-0.19126802896344797,0,0,1,1,1,25,0,1,-1,0,3,6,22,2,8,1.0,0.0019126802896344795,0.002068817456135286,0.0005269629369400664,DOWN,2.409138654049527
2026-02-22T03:45:00+00:00,PAXGUSD,15m,248,0.04686310116571254,0.013668404506664676,0.005857887645718506,0.06638939331809572,0.08823529411771,0,1,-0.22312618337011264,-3.0803558641055133,-0.26234030172142114,-1.3622553404502469,-0.05723209889094669,-0.00855417854290863,0.5173071290492577,,-0.00039214118351308557,0.002051082028304745,0.005745392279402043,0,21.11894598025816,-28.88105401974184,-4.076472256949273,-2.752325574513732,-1.3241466824355412,-0.5642308821724038,36.53398998038379,2.4799143245073525,0.04842353161321056,-0.10262960540140847,0.004054874804591785,0.44,-1,-1,2,-1,34,1,1,0.05857887645714955,-0.08493937086285619,1,1,0.09177357311619741,-0.26458125866479565,1,1,,,,,-1,-0.23822076425907127,0,0,1,1,1,25,0,0,-1,0,3,6,22,2,8,1.0,0.002499365395505083,0.0025774705641145447,1.952629215245422e-05,UP,2.479914464474535
2026-02-22T04:00:00+00:00,PAXGUSD,15m,249,0.12675507020280813,0.029251170046801875,0.005850234009363921,0.16185647425897393,0.8192771084337389,1,0,-0.08340043752214085,-2.7298457786264407,-0.12617208455753223,-1.2851763096205104,0.07209465227720209,0.0036617786427086685,0.6352642355694281,,-0.0004277164703539136,0.001982667368347343,0.005631695832922261,0,39.35660847681841,-10.643391523181592,-3.928784446393365,-2.987616842614938,-0.9411676037784273,-0.0760866130477802,36.19610998933319,2.895634320287935,0.05646712793073197,0.24487363881655244,0.003982075805180665,0.63,-1,-1,3,-1,35,1,1,0.18915756630264857,-0.0796606864274578,1,1,0.22230889235568713,-0.13358034321373566,1,1,,,,,-1,-0.10725429017160687,0,0,1,1,1,25,0,0,-1,0,4,6,22,2,8,1.0,0.0014430577223088215,0.0015015600624024607,0.00027301092043674653,UP,2.8956348598692236
2026-02-22T04:15:00+00:00,PAXGUSD,15m,250,0.007800920508612922,0.019502301271550043,0.007410874483191144,0.03471409626335411,0.2134831460675076,0,1,-0.08252140073584689,-2.0984318939499644,-0.12871002841895754,-1.0817145129067285,0.06294041956212144,0.08054530806839466,0.6155969654419192,,-0.00046188627683110654,0.00191650447981079,0.005526565458797978,0,38.780136671029695,-11.219863328970305,-3.8002106585727233,-3.1501347653378957,-0.6500758932348276,0.45213495289775674,35.88231320934606,2.8159462745935295,0.05491743261162199,0.2501494636495777,0.0038912011901115124,0.6,-1,-1,4,-1,36,1,1,0.0349091192760916,-0.08746782120289555,1,1,0.21452531398705046,-0.1413916842187378,1,1,,,,,-1,-0.013651610890081482,0,0,1,1,1,25,0,0,-1,0,4,6,22,2,8,1.0,0.0016381933068101324,0.0016771979093531972,0.00019502301271550043,UP,2.8159466555928323
2026-02-22T04:30:00+00:00,PAXGUSD,15m,251,0.00975019987909752,0.011700239854906383,0.017550359782386178,0.03900079951639008,0.7000000000002728,1,0,-0.06583333048873331,-1.2509621880653867,-0.11429403464015919,-0.7727019191024738,0.071190526407687,0.21343048330982128,0.6135674031317679,,-0.0004846070415142589,0.001854845610478462,0.00542376876724081,0,39.963910541699875,-10.036089458300125,-3.616282199986017,-3.2433626191890452,-0.37291958079697185,0.9512284291598823,35.704698688060894,2.7576644878671988,0.05377555991238857,0.2970760054062964,0.0038456839020518476,0.58,-1,-1,5,-1,37,1,1,0.04465591544628367,-0.07770909303640085,1,1,0.22425459721924298,-0.13162769836781654,1,1,,,,,1,0.055576139310862964,0,0,1,1,1,25,0,0,-1,0,4,6,22,2,8,1.0,0.0014625299818646282,0.001579532380413692,0.0002925059963729256,UP,2.757664751621916
2026-02-22T04:45:00+00:00,PAXGUSD,15m,252,0.021454623471347432,0.0019504203155851028,0.0039008406311702055,0.02730588441810274,0.1428571428576069,0,1,-0.07722176696944907,-1.217537219525184,-0.12858503271588148,-0.7777748519083616,0.05053924375405167,0.19094736404531432,0.5822072906711339,,-0.000513632657464324,0.0017912427646993314,0.005316680469170822,0,38.366074345452354,-11.633925654547646,-3.510740071078544,-3.2968373346633415,-0.21390273641520263,0.727266270579987,35.53981890711612,2.660688579904457,0.0518946105967205,0.2696646673005743,0.0037395184561709633,0.54,-1,-1,6,-1,38,1,1,0.02516042207097332,-0.09722845273155727,1,1,0.20479413313569073,-0.15115757445729555,1,1,,,,,1,0.03608277583820022,0,0,1,1,1,25,0,0,-1,0,4,6,22,2,8,1.0,0.0015349807883598702,0.00177488248717588,9.752101577890035e-05,UP,2.660688697934675
2026-02-22T05:00:00+00:00,PAXGUSD,15m,253,0.005850918594205103,0.013652143386525872,0.003900612396160386,0.02340367437689136,0.41666666666641405,1,0,-0.06456953693453449,-1.1206289145866322,-0.11791160668910325,-0.7551027838744631,0.055038004846925934,0.1824682532587758,0.5757957249288037,,-0.0005334206975456876,0.001729496115360292,0.005207577200818778,0,39.152075652087795,-10.847924347912205,-3.364110568099022,-3.310291652134162,-0.0538189159648601,0.5962581188579961,35.38652598129762,2.5563537561019483,0.04985672574993073,0.30625980947001846,0.003601330526552765,0.51,-1,-1,7,-1,39,1,1,0.03100986854936509,-0.09137184537973242,1,1,0.21063306939188034,-0.14529781175645998,1,1,,,,,1,0.041931583258564505,0,0,1,1,1,25,0,0,-1,0,5,6,22,2,8,1.0,0.0010531653469595791,0.0017162694543043614,0.0001560244958457059,UP,2.556353790939393
2026-02-22T05:15:00+00:00,PAXGUSD,15m,254,0.1052057356608585,0.00584476309227287,0.015586034912704029,0.1266365336658354,0.9538461538461258,1,0,0.03682754576537112,-0.5662833045271327,-0.012092051617204398,-0.5412009766569099,0.1567419939695809,0.27106147125141433,0.6675566942019846,,-0.0004891959738257552,0.0016883404558678532,0.005108147002324037,0,51.21255586879875,1.212555868798752,-2.7801236545801657,-3.2042583132301075,0.4241346586499417,0.7970545700400002,33.160332313710676,2.838042884613318,0.05529229435421831,0.627212254004721,0.003294102608959646,0.64,1,-1,8,1,0,1,1,0.13618298004988877,0.01393001870324473,1,1,0.3156172069825401,-0.039939214463843936,1,1,,,,,1,0.1470932044887816,0,0,1,1,1,40,0,0,0,0,5,6,22,2,8,1.0,0.00017534289276800892,0.0006624064837904528,0.0001753428927681861,UP,2.838042805872294
2026-02-22T05:30:00+00:00,PAXGUSD,15m,255,0.015583909613327786,0.015583909613327786,0.015583909613327786,0.04675172883998335,0.6666666666666666,1,0,0.04565287861602895,0.09717224639825872,0.0014834413736450835,-0.26900662777643447,0.16650532480338193,0.390909756712972,0.6676702055128039,,-0.0004416943724238387,0.0016502188342973686,0.005011648807094219,0,52.52615421507488,2.5261542150748824,-2.235061892288286,-3.0104200360566287,0.7753581437683428,0.989260429455292,30.88908036795976,2.806753433229595,0.05467523976292188,0.6913890911676239,0.003106184153337272,0.63,1,-1,9,1,1,1,1,0.06817960455829356,-0.0360377909808194,1,1,0.32921009058146755,-0.026297847472491746,1,1,,,,,1,0.16070906788740624,0,0,1,1,1,40,0,0,0,0,5,6,22,2,8,1.0,5.8439661050001346e-05,0.0005259569494496577,0.0002337586441998282,FLAT,2.806754034024312
2026-02-22T05:45:00+00:00,PAXGUSD,15m,256,0.01363432734073601,0.007791044194691107,0.0038955220973455537,0.02532089363277267,0.6923076923080153,1,0,0.051873718201868445,0.7260129838186913,0.012650294103726646,0.004267611294380913,0.17406960175034802,0.5140177607354417,0.6658878868740412,,-0.000392234240981418,0.0016141930764662137,0.004918182851236932,0,53.67743546289681,3.67743546289681,-1.7346853289418505,-2.7552741583619973,1.0205888294201468,1.0744067098193204,28.847075152441985,2.6991280448980532,0.05257256471237516,0.7450368129334861,0.0029949385831925133,0.56,1,-1,10,1,2,1,1,0.01850372996242238,-0.024347013108431854,1,1,0.340858183518046,-0.014608207865059113,1,1,,,,,1,0.11783954344481372,0,0,1,1,1,40,0,0,0,0,5,6,22,2,8,1.0,-0.0002532089363277267,0.0004090298202215489,0.00035059698876145417,FLAT,2.699128745879731
2026-02-22T06:00:00+00:00,PAXGUSD,15m,257,0.025314483779243536,0.005841803949063012,0.007789071932089919,0.03894535966039647,0.849999999999909,1,0,0.06982506381988882,0.9044879397024488,0.036480158517788186,0.10610865975831985,0.19495752607928235,0.553942394411024,0.6779968454258569,,-0.00033344905302100624,0.0015847736756149419,0.004830393193465746,0,56.158249382369334,6.158249382369334,-1.2191798176927477,-2.448055689990195,1.228875872297447,0.8047401647986394,27.35504211337099,2.6491905459526897,0.05158683931052478,0.8222337135421978,0.003036569369929942,0.54,1,-1,11,1,3,1,1,0.043813529617946025,0.0009736339914957435,1,1,0.3660863808077126,-0.06718074541419806,1,1,,,,,1,0.14312419675194638,0,0,1,1,1,40,0,0,0,0,6,6,22,2,8,1.0,-0.0006562293102776592,0.00015578143864162128,0.0007399618335473912,DOWN,2.6491909783168928
2026-02-22T06:15:00+00:00,PAXGUSD,15m,258,0.011682242990661288,0.0038940809968811933,0.0038940809968811933,0.019470404984423675,0.8000000000001819,1,0,0.07373732589698578,1.0564414692344144,0.046278868841496616,0.20004755094214488,0.20204837194131234,0.5909625974900337,0.6766617990654197,,-0.00027458457055489166,0.0015576950309981574,0.004746134271241073,0,57.295012059300724,7.295012059300724,-0.7535366238071219,-2.1091521202078667,1.3556154964007447,0.5802566408576819,26.13601420587821,2.531391470799593,0.04928721711058397,0.8390154544103293,0.003150646490319219,0.5,1,1,0,1,4,1,1,0.022390965732080145,-0.020443925233630693,1,1,0.1635514018691518,-0.05549065420561456,1,1,,,,,1,0.15478971962616467,0,0,1,1,1,40,0,0,1,0,6,6,22,2,8,1.0,-0.0009540498442366893,0.0,0.0010124610591899957,DOWN,2.531391622722829
2026-02-22T06:30:00+00:00,PAXGUSD,15m,259,0.007788768595677938,0.0,0.011683152893534617,0.019471921489212556,0.6000000000003638,0,1,0.05967293856736922,1.0986851386824128,0.036995189000518576,0.2510983837037202,0.18995028802249256,0.6074452613829635,0.6564150245346286,,-0.00022677749566850646,0.00152955099021974,0.004664647365121361,0,56.247918515890284,6.247918515890284,-0.4120381322891262,-1.7697297251534814,1.3576915928643551,0.33710231056345674,24.919113587360915,2.4220063055642975,0.047161116628325755,0.7942721281036218,0.0032553601315162537,0.36,1,1,1,1,5,1,1,0.014603941116909415,-0.02823428615933695,1,1,0.15577537191370044,-0.0632837448399408,1,1,,,,,1,0.1470130072435583,0,0,1,1,1,40,0,0,1,0,6,6,22,2,8,1.0,-0.0009735960744606277,3.894384297838969e-05,0.0010709556819066906,DOWN,2.4220065068140557
2026-02-22T06:45:00+00:00,PAXGUSD,15m,260,0.010321384545571743,0.005842293139009223,0.0,0.016163677684580966,0.0,0,1,0.04289606840914468,0.9530960761139795,0.023767951986627896,0.22443368848234968,0.1736542272193835,0.585213611960171,0.6318732144491773,,-0.00019128116422516782,0.0014988627523275558,0.004582189872297938,0,54.556769936424004,4.556769936424004,-0.19004347618010797,-1.453793226468346,1.263749750288238,0.03487325627865889,23.77551859160702,2.3082918071642666,0.04495239129272939,0.7475451454160815,0.003308015488354339,0.21,1,1,2,1,6,1,1,0.0023369172556001465,-0.04050656576375359,1,1,0.14352566811490408,-0.07556032459780893,1,1,,,,,1,0.06952328835417965,0,0,1,1,1,40,0,0,1,0,6,6,22,2,8,1.0,-0.0010262961614187496,5.842293138956087e-06,0.0011061408343184655,DOWN,2.3082917563273324
2026-02-22T07:00:00+00:00,PAXGUSD,15m,261,0.04286159600997151,0.0,0.009741271820448877,0.05260286783042039,0.18518518518519766,0,1,0.000576409117424046,0.5575631137307937,-0.017764976078602588,0.09019903217267711,0.12827584007167023,0.508444270720247,0.5777840554862853,,-0.00018341385196026636,0.0014604081615027284,0.00449508215414615,0,49.08273441922685,-0.9172655807731473,-0.18705594680068316,-1.2004467011921571,1.013390754391474,-0.34222566170901114,22.553059316605037,2.3362712528928293,0.045516506641459425,0.6255949682813476,0.0032689866843060773,0.25,1,1,3,1,7,1,1,0.05455112219451726,-0.08280081047379774,1,1,0.10130922693266477,-0.11786938902743496,1,1,,,,,1,0.027275561097267486,0,0,1,1,1,40,0,0,1,0,7,6,22,2,8,1.0,-0.0009351620947631277,0.0002727556109724977,0.0009546446384040963,DOWN,2.3362709165896525
2026-02-22T07:15:00+00:00,PAXGUSD,15m,262,0.01753121530279596,0.007791651245700873,0.009739564057112803,0.03506243060560964,0.777777777777497,1,0,0.016382997164991413,0.32350948082057585,-0.00021032335355504646,0.01222584004244709,0.14228130265040564,0.45879534312643955,0.583068741843115,,-0.00016593320518546456,0.0014249162600396068,0.004407874391927093,0,51.26673876541959,1.2667387654195892,-0.11078941519917862,-0.982516906674306,0.8717274914751274,-0.4859655796181426,21.417804079431544,2.297966555269437,0.04476238493229906,0.6890548915977641,0.0031975389018878793,0.17,1,1,4,1,8,1,1,0.07207277402263121,-0.01626507197537909,1,1,0.11882268149676557,-0.10031750978827252,1,1,,,,,1,0.044801994662722444,0,0,1,1,1,40,0,0,1,0,7,6,22,2,8,1.0,-0.0015972885053664645,9.739564057112804e-05,0.001675205017823296,DOWN,2.297965851118976
2026-02-22T07:30:00+00:00,PAXGUSD,15m,263,0.004285324710745542,0.005843624605558882,0.01908917371147227,0.029218123027776693,0.7999999999998787,1,0,0.016584785848453482,0.18127048047881544,0.001673587895122896,-0.03410864803208824,0.14067495483984352,0.4243340391312813,0.5727531263391727,,-0.00014911197953330584,0.0013900136694472063,0.004320781714993292,0,51.51556503697633,1.5155650369763265,-0.04179675946215866,-0.7943743988200095,0.7525776393578508,-0.5111739113834283,20.36359208357168,2.2409692096893177,0.04365127604677466,0.6937110328867326,0.003206197465127639,0.14,1,1,5,1,9,1,1,0.0740192450037045,-0.014316880283604203,1,1,0.12076824184814013,-0.09836768086018507,1,1,,,,,1,0.04674899684445334,0,0,1,1,1,40,0,0,1,0,7,6,22,2,8,1.0,-0.001558299894814757,7.7914994740667e-05,0.0016946511356110128,DOWN,2.2409682903247634
2026-02-22T07:45:00+00:00,PAXGUSD,15m,264,0.017534289276800893,0.009741271820448877,0.0038965087281760073,0.031172069825425777,0.12499999999992895,0,1,-0.0026188574228836825,0.16400662566684332,-0.017107858287993043,-0.03275538659454469,0.1183728393006571,0.41451389460326027,0.5421797069825383,,-0.0001448900086510936,0.0013548069758865014,0.004238068676818811,0,48.830332571258516,-1.1696674287414837,-0.06703864996779885,-0.648908793321975,0.5818701433541762,-0.4315226539318058,19.334071262670033,2.1951855300770253,0.042767797889592916,0.6236777111037997,0.0032250701062233873,0.12,1,1,6,1,10,1,1,0.05455112219451726,-0.033802213216951225,1,1,0.10130922693266477,-0.11786938902743496,1,1,,,,,1,0.027275561097267486,0,0,1,1,1,40,0,0,1,0,7,6,22,2,8,1.0,-0.0015975685785535804,0.0,0.0016365336658355177,DOWN,2.195184841015813
2026-02-22T08:00:00+00:00,PAXGUSD,15m,265,0.013055262732292539,0.00194854667646845,0.008378750708771804,0.023382560117532793,0.35833333333287226,0,1,-0.01594467309994167,-0.010660671722689585,-0.030842115659701998,-0.0968777046773539,0.10096516633569252,0.37204832807037747,0.5165957720434189,,-0.00014897442559760326,0.0013180728199539452,0.004156306057077263,0,46.807161707960766,-3.1928382920392337,-0.14747485016141582,-0.5486223737452305,0.40114752358381467,-0.47058141583873714,18.826575039950622,2.124101011148606,0.041389099657418334,0.5681779317121881,0.0032159902744743115,0.03,1,1,7,1,11,1,1,0.03955549753216067,-0.04881109424535923,1,1,0.08632061776722626,-0.13289088333467688,1,1,,,,,1,0.012275844061708702,0,0,1,1,1,40,0,0,1,0,8,6,22,2,8,1.0,-0.001019089911789207,1.363982673535004e-05,0.00148674111414004,DOWN,2.1241002095146704
2026-02-22T08:15:00+00:00,PAXGUSD,15m,266,0.01754009861432512,0.0019488998460440018,0.005846699538114281,0.0253356979984834,0.2307692307693384,0,1,-0.030827347614166545,-0.266788226315839,-0.047032531443600624,-0.19883364827546757,0.08099628737729317,0.3105124112244084,0.4885278010563068,,-0.00016205183829434076,0.0012802881882089379,0.004075315136790136,0,44.413651154969095,-5.586348845030905,-0.2830018156200822,-0.4954982457971346,0.2124964301770524,-0.5400819787064131,18.69639592780634,2.0652364280282627,0.04024938956614103,0.500617877722451,0.0031541898555413526,0.01,1,1,8,1,12,1,1,0.02143789830641312,-0.0243612480754614,1,1,0.06821149461129192,-0.1510397380678607,1,1,,,,,1,0.013642298922272566,0,0,1,1,1,74,0,0,1,0,8,6,22,2,8,1.0,-0.00017540098614342843,0.00015591198768281117,0.001305762896844873,DOWN,2.065235908835064
2026-02-22T08:30:00+00:00,PAXGUSD,15m,267,0.007796359100293069,0.0019490897750821306,0.0097454488753752,0.0194908977507504,0.5,0,1,-0.03671143871960455,-0.45090363231065567,-0.05453417157508969,-0.27716928289100906,0.06970207598460704,0.2603373752808693,0.46921120336803834,,-0.00017822732855485142,0.0012423624755969673,0.003995091273834312,0,43.136529593288884,-6.863470406711116,-0.42584451173115667,-0.4815670438904498,0.055722532159293126,-0.5261475394370643,18.864512794961406,1.9891482877472284,0.038770285887561456,0.44325552443147276,0.00286763621767441,0.01,1,1,9,1,13,1,1,0.01169453865045733,-0.014618173313062798,1,1,0.05847269325225119,-0.16079990644369077,1,1,,,,,1,0.0038981795501642613,0,0,1,1,1,74,0,0,1,0,8,6,22,2,8,1.0,0.00021439987525814801,0.00027287256851043465,0.0012084356605466665,DOWN,1.9891476296325596
2026-02-22T08:45:00+00:00,PAXGUSD,15m,268,0.01754488566583905,0.003898863481291657,0.007992670136652329,0.029436419283783037,0.2715231788078114,0,1,-0.04909488309078479,-0.6298651936731403,-0.06924983168033905,-0.3575953374256642,0.05079978277183851,0.20797589110588888,0.4416895724896095,,-0.00020154948589554247,0.0012004961445217755,0.0039088978971777094,0,40.85898561625962,-9.141014383740377,-0.60470029597127,-0.5061933703476011,-0.0985069256236688,-0.49965409493209634,19.343804810415794,1.95492336651002,0.03810989661208297,0.31379816509905556,0.0022552201394803197,0.01,1,1,10,1,14,1,1,-0.00584829522194635,-0.032165623720696056,1,1,0.04093806655358899,-0.17837300426926617,1,1,,,,,-1,-0.013646022184529665,0,0,1,1,1,25,0,0,1,0,8,6,22,2,8,1.0,3.898863481291657e-05,0.00044836930034898375,0.0010331988225432641,DOWN,1.9549227989445352
2026-02-22T09:00:00+00:00,PAXGUSD,15m,269,0.033151326053038575,0.017550702028091763,0.0019500780031272192,0.05265210608425756,0.037037037037161796,0,1,-0.07442796244757548,-0.8651161286152274,-0.09839385134649753,-0.46505148134838237,0.016990478574546313,0.14144077961736912,0.39895378315132374,,-0.0002396588889892207,0.0011538432992104386,0.0038196330457677743,0,36.89628058493529,-13.10371941506471,-0.8735506385019107,-0.5796642991685158,-0.2938863393333949,-0.5063822026682336,20.297765132566287,2.008142962990106,0.039160354192474774,0.16691040670864163,0.0022552201394803197,0.03,1,1,11,1,15,1,1,0.042706708268340665,-0.06532761310453128,1,1,0.0078003120124734045,-0.2115834633385406,1,1,,,,,-1,-0.046801872074875905,0,0,1,1,1,25,0,0,1,0,9,6,22,2,8,1.0,0.000390015600624025,0.00078003120124805,0.0007020280811233159,DOWN,2.0081425990199775
2026-02-22T09:15:00+00:00,PAXGUSD,15m,270,0.05072675836504466,0.0,0.007804116671537142,0.058530875036581796,0.13333333333321207,0,1,-0.11150285238913571,-1.2684384072736066,-0.1414350814266246,-0.646753690962214,-0.03172940916904901,0.035806174592835305,0.3401492537313343,,-0.00029932229037488893,0.0010970567225757559,0.0037187866290038334,0,31.983686086639764,-18.016313913360236,-1.2736632617543364,-0.7184632462363415,-0.5552000155179949,-0.6109217969224328,22.009970684596446,2.0789895768876065,0.04056169304238819,-0.007621272255216183,0.002399245633660176,0.05,-1,1,12,-1,0,1,1,-0.006048190420436849,-0.06233538191395394,1,1,0.17364159594185224,-0.26046239391279613,1,1,,,,,-1,-0.09560042922640984,0,0,1,1,1,60,0,0,0,0,9,6,22,2,8,1.0,0.000877963125548727,0.001268168959125939,0.00021461320846753756,UP,2.078989556232836
2026-02-22T09:30:00+00:00,PAXGUSD,15m,271,0.005852744937379178,0.007803659916493741,0.007803659916493741,0.02146006477036666,0.6363636363637867,1,0,-0.09558228810381636,-1.5190633227221042,-0.13024786539920954,-0.7742694690114149,-0.02591220298143419,-0.04387319624220254,0.3359056147333099,,-0.00034665577295393184,0.0010433566241777536,0.003618178177147441,0,33.1342445656242,-16.8657554343758,-1.548695472014515,-0.88450893059791,-0.6641865414166049,-0.5656786856790053,23.600109346064688,2.009062058650027,0.03919509264212469,0.05121470687276248,0.0025336492087576585,0.04,-1,1,13,-1,1,1,1,-0.0001950914978990359,-0.02438643723904738,1,1,0.17948417807951575,-0.2545944047758434,1,1,,,,,-1,-0.089742089039749,0,0,1,1,1,60,0,0,0,0,9,6,22,2,8,1.0,0.00089742089039749,0.0012095672870575944,0.00027312809707763584,UP,2.0090617307875944
2026-02-22T09:45:00+00:00,PAXGUSD,15m,272,0.021465089958229995,0.0019513718143926119,0.0039027436287852237,0.027319205401407826,0.1428571428576069,0,1,-0.10768578621771037,-1.6982001534961455,-0.14766477531401542,-0.8772209759054022,-0.04918409051526027,-0.11294963215368625,0.3017279397416342,,-0.0003997898909630504,0.0009848068479875515,0.003509120302568945,0,30.8838302981449,-19.1161697018551,-1.8422548070639095,-1.0760583695402128,-0.7661964375236967,-0.47230955435593114,25.265531551188378,1.9655575450726335,0.038355335930075195,0.0012303619305802267,0.0026998078718595067,0.02,-1,1,14,-1,2,1,1,0.12293642430629087,-0.04780860945242377,1,1,0.15610974515084103,-0.27807048354993563,1,1,,,,,-1,-0.11317956523434554,0,0,1,1,1,40,0,0,0,0,9,6,22,2,8,1.0,0.0016391523240837599,0.0018538032236662372,0.0,UP,1.9655573214456623
2026-02-22T10:00:00+00:00,PAXGUSD,15m,273,0.04291175782163958,0.0,0.0,0.04291175782163958,1.0,1,0,-0.058563264566180516,-1.4126572849636432,-0.10058167273490964,-0.7918234001890596,-0.00689414833107366,-0.08740116056742409,0.3338310447062482,,-0.0004201840816872912,0.0009368752440383597,0.0034072519303732186,0,39.05604798904242,-10.943952010957581,-1.8757577914302601,-1.2359975705885597,-0.6397602208417004,-0.08455969608838365,26.09746351323704,1.9823032802371645,0.03866550831390272,0.1658464207393023,0.0027293365750799188,0.03,-1,1,15,-1,3,1,1,0.16579542794725755,-0.00487633611607807,1,1,0.19895451353670549,-0.2350394007958216,1,1,,,,,-1,-0.07021924007176902,0,0,1,1,1,40,0,0,0,0,10,6,22,2,8,1.0,0.001462900834828743,0.001462900834828743,3.9010688928731e-05,UP,1.9823032270566734
2026-02-22T10:15:00+00:00,PAXGUSD,15m,274,0.06822346107364236,0.03313710966433703,0.001949241744950573,0.10330981248292996,0.6792452830188582,1,0,0.0070116939925017165,-0.8590708779220222,-0.03287930823267728,-0.5881000910576404,0.05752529812216499,-0.0007098090582076111,0.38948481540680713,,-0.00039891002225179,0.0009040460635484227,0.003319595172846422,0,49.07712631682628,-0.9228736831737194,-1.6094050627834804,-1.3106781386446589,-0.2987269241388215,0.36546024109566155,24.258175515613253,2.219281624523338,0.0432591638634622,0.41781550334517875,0.0027269445223002077,0.22,-1,1,16,-1,4,1,1,0.07796966979843069,-0.041908697516676655,1,1,0.26509687731471393,-0.1686094109391553,1,1,,,,,1,0.017543175704661528,0,0,1,1,1,20,0,0,0,0,10,6,22,2,8,1.0,0.001033098124829477,0.001033098124829477,0.00027289384429449854,UP,2.219281567981145
2026-02-22T10:30:00+00:00,PAXGUSD,15m,275,0.029230079700683986,0.005846015940140342,0.027281407720631298,0.062357503361455624,0.9062499999999378,1,0,0.032788321873284905,-0.10106412754066696,-0.0034814678599547374,-0.28650506684698485,0.08437402530146011,0.13784531471992523,0.40844846736949336,,-0.0003626978973323964,0.0008785549316141485,0.0032407444206803324,0,52.76710562137241,2.7671056213724086,-1.262726831989312,-1.3010891230800476,0.038362291090735745,0.8045588226474103,22.590943829995588,2.289332958222402,0.04461158988682896,0.5317483257782815,0.00270089578793832,0.29,-1,1,17,-1,5,1,1,0.07599820722177127,-0.012666367870307029,1,1,0.2942494689868748,-0.13933004657327097,1,1,,,,,1,0.046768127521105006,0,0,1,1,1,20,0,0,0,0,10,6,22,2,8,1.0,0.0003312742366077164,0.0008963891108210464,0.0005066547148117494,DOWN,2.2893328845539074
2026-02-22T10:45:00+00:00,PAXGUSD,15m,276,0.03508840328271861,0.0038987114758536837,0.0019493557379179772,0.04093647049649027,0.04761904761880014,0,1,-0.0020706165880478404,0.20379912728367344,-0.037036418436101476,-0.15355649689172424,0.04778813196229483,0.1947553340341983,0.3640977406966827,,-0.00034965801848053636,0.000848245503983963,0.003163096087343879,0,48.2488658598556,-1.7511341401444014,-1.1203121559992724,-1.2649343114629001,0.14462215546362778,0.7843819388433035,21.04278461222159,2.2758092702609782,0.044363618594143714,0.41576694957382854,0.0026607805980266397,0.27,-1,1,18,-1,6,1,1,0.04093647049649027,-0.04775921557926524,1,1,0.25926431314449155,-0.1744673385446252,1,1,,,,,1,0.01169613442757878,0,0,1,1,1,40,0,0,0,0,10,6,22,2,8,1.0,0.0006822745082750151,0.0012475876722744198,0.00015594845903414735,UP,2.275809107085732
2026-02-22T11:00:00+00:00,PAXGUSD,15m,277,0.0,0.0038986354775793,0.009746588693957114,0.013645224171536416,0.7142857142858999,0,0,-0.00010970967898110599,0.16534207437052828,-0.03367736003199089,-0.1551614024920127,0.04842518515434263,0.18590278700594354,0.35769688109162795,,-0.00033567650353009786,0.0008210254518633352,0.0030927169593728534,0,48.51264344308905,-1.487356556910953,-0.9879877919429418,-1.2095434464110597,0.22155565446811787,0.520282557332902,19.61458997859126,2.1632511393429925,0.04216863819382052,0.4403468576492999,0.0025484603647905027,0.19,-1,1,19,-1,7,1,1,0.04288499025340776,-0.04580896686160553,1,1,0.26120857699804356,-0.172514619883048,1,1,,,,,1,0.035087719298249165,0,0,1,1,1,60,0,0,0,0,11,6,22,2,8,1.0,0.0008382066276803473,0.0012280701754386319,0.00017543859649115715,UP,2.1632513137224523
2026-02-22T11:15:00+00:00,PAXGUSD,15m,278,0.0,0.029239766081871347,0.0019493177387985144,0.03118908382066986,0.06250000000021316,0,0,-9.926088758036048e-05,-0.012309547259064857,-0.032325090803061444,-0.21553667202624638,0.046947693617093375,0.14691308327292063,0.3488079922027365,,-0.0003222582991548108,0.0007927278442015481,0.0030186029858564317,0,48.51264605038999,-1.4873539496100108,-0.8730560931844593,-1.14224510735328,0.2691890141688207,0.23082756994047626,18.740462541646025,2.123018895097489,0.04138438392002903,0.4605734079378572,0.0023729795692963335,0.11,-1,1,20,-1,8,1,1,0.04288499025340776,-0.04580896686160553,1,1,0.26120857699804356,-0.172514619883048,1,1,,,,,1,0.035087719298249165,0,0,1,1,1,60,0,0,0,0,11,6,22,2,8,1.0,0.001189083820662839,0.0012280701754386319,0.00017543859649115715,UP,2.1230190770280175
2026-02-22T11:30:00+00:00,PAXGUSD,15m,279,0.00779666302821683,0.009745828785279902,0.017542491813496732,0.035084983626993464,0.72222222222211,1,0,0.006964323606488552,0.036481845058915496,-0.02353803229774593,-0.1873058277196833,0.05309551173865943,0.15212442358188127,0.3475333307344295,,-0.00030502355904234483,0.0007663354403640536,0.0029443781899577007,0,49.701920452988034,-0.29807954701196593,-0.7411511809859803,-1.0620249260919898,0.3208737451060095,0.17625324056761182,17.527133722591664,2.0999463885467136,0.040931435922086264,0.5160248016871858,0.002189494466841781,0.09,-1,1,21,-1,9,1,1,0.05067830968344485,-0.038008732262605795,1,1,0.2689848744737111,-0.1647045064712445,1,1,,,,,1,0.04288164665522802,0,0,1,1,1,60,0,0,0,0,11,6,22,2,8,1.0,0.0017932324964916437,0.001812724154062097,1.9491657570453438e-05,UP,2.0999462858116784
2026-02-22T11:45:00+00:00,PAXGUSD,15m,280,0.0506526397818111,0.021429962984616475,0.001948178453135677,0.07403078121956325,0.7105263157893918,1,0,0.05212644217686617,0.3187216744727266,0.026083458876308797,-0.06217786050365248,0.10097807059445132,0.20633003664352145,0.3882690434443704,,-0.0002604298330055737,0.000748946117181425,0.002872909728499191,0,56.70255170728672,6.702551707286723,-0.4219535164675108,-0.9340097356416127,0.5120562191741019,0.290501939018705,17.692308472515123,2.2213789057198303,0.04327642520397098,0.7694207766250304,0.0020826078410917204,0.27,1,1,22,1,0,1,1,0.10130527956360448,-0.029904539255792995,1,1,0.31950126631598746,-0.11396843950906611,1,1,,,,,1,0.09351256575102633,0,0,1,1,1,86,0,0,1,0,11,6,22,2,8,1.0,0.0010325345801675788,0.0013052795636079911,5.844535359442468e-05,UP,2.221378693968
2026-02-22T12:00:00+00:00,PAXGUSD,15m,281,0.027267592466364367,0.0,0.0038953703523327055,0.03116296281869707,1.0,1,0,0.07005856505767857,0.6978910347907004,0.04939314709149628,0.1089661386959051,0.12296801686619188,0.2848402816971429,0.40339189373430634,,-0.0002066541796618229,0.000735748697746956,0.002804238768681145,0,59.7212231702328,9.721223170232797,-0.06335727071018482,-0.7598780740756035,0.6965208033654187,0.427333285286726,17.915478469997588,2.1769947455528347,0.04240100394509153,0.8710773336158576,0.002155539622835575,0.22,1,1,0,1,1,1,1,0.04869212940422082,-0.004577060163988714,1,1,0.06719513857779674,-0.0886196755156532,1,1,,,,,1,0.07303819410630465,0,0,1,1,1,40,0,0,1,0,12,6,22,2,8,1.0,0.0015386712891727473,0.0015971018444578264,0.0003116296281869707,UP,2.1769945015417402
2026-02-22T12:15:00+00:00,PAXGUSD,15m,282,0.023366760782782946,0.0,0.02141953071756136,0.04478629150034431,1.0,1,0,0.08451286426520323,1.1171395046958423,0.0699026345545792,0.30473974842789175,0.14263297106140502,0.3777258593108854,0.41653879855904735,,-0.00014610229710624036,0.0007273033650682585,0.0027390582749764227,0,62.33186806020756,12.331868060207562,0.3140429172426593,-0.5450926361338866,0.8591355533765459,0.538263254891403,18.53712454081492,2.1857810305905168,0.04256218538780093,0.948973766296313,0.002263428568871934,0.23,1,1,1,1,2,1,1,0.07204751241360584,-0.030182066011085043,1,1,0.09054619803329056,-0.06523220718528602,1,1,,,,,1,0.0963878882289907,0,0,1,1,1,40,0,0,1,0,12,6,22,2,8,1.0,0.0030182066011099212,0.0031350404050239245,0.0005452244182650534,DOWN,2.185780608574486
2026-02-22T12:30:00+00:00,PAXGUSD,15m,283,0.040908559629102816,0.015584213192040012,0.0019480266489939283,0.058440799470136764,0.03333333333315144,0,1,0.03948279423475755,1.048840507611203,0.02789485032996375,0.3085430187338716,0.09915848275986734,0.3762344119104455,0.36656699263644665,,-0.00011587943904793805,0.000712636324299036,0.002674085098765793,0,55.54677006781392,5.546770067813917,0.43862703369359224,-0.3483471288464526,0.7869741625400448,0.2749196803876601,19.376352130134368,2.243939443745363,0.04371253835168432,0.7720031956338597,0.0022455139986861513,0.32,1,1,2,1,3,1,1,0.031168426384080024,-0.0711029726886593,1,1,0.049674679549602065,-0.10616745237076261,1,1,,,,,1,0.05551875949661929,0,0,1,1,1,40,0,0,1,0,12,6,22,2,8,1.0,0.00531811275178248,0.0059220010129739644,0.00013636186543028366,UP,2.2439391365334513
2026-02-22T12:45:00+00:00,PAXGUSD,15m,284,0.0,0.02727237308607445,0.013636186543028367,0.040908559629102816,0.333333333333189,0,0,0.03572252829084498,0.8632366528663624,0.026810605069621907,0.261212476100809,0.09663085564284148,0.3491717723190959,0.35767425098373634,,-8.911923221223078e-05,0.0006982025057321957,0.0026104339534089483,0,55.54678272197359,5.546782721973592,0.5312371575100769,-0.17242883325972813,0.7036659907698051,0.007147034010740683,19.794546448962283,2.233657797556525,0.043512249143969395,0.7666940663333854,0.002268276174692219,0.31,1,1,3,1,4,1,1,0.031168426384080024,-0.0711029726886593,1,1,0.049674679549602065,-0.10616745237076261,1,1,,,,,1,0.05551875949661929,0,0,1,1,1,40,0,0,1,0,12,6,22,2,8,1.0,0.004675263957610941,0.0059220010129739644,0.0,UP,2.233657769638231
2026-02-22T13:00:00+00:00,PAXGUSD,15m,285,0.017529166585523746,0.025319907290189157,0.0,0.0428490738757129,0.40909090909102186,1,0,0.048174439634586105,0.6667379283398986,0.04260055815780234,0.20393697645795328,0.11119897018624664,0.31632387764238956,0.36582104668602156,,-5.5738814767837685e-05,0.000685984120284443,0.0025462207649977493,0,57.8284927319227,7.828492731922701,0.6695358765582569,-0.004034620080469897,0.6735704966387268,-0.1855632129589998,20.46491214166291,2.231254049919613,0.04345780437293522,0.8223469609846712,0.0023521983867148552,0.3,1,1,4,1,5,1,1,0.04869212940422082,-0.053561342344605696,1,1,0.06719513857779674,-0.0886196755156532,1,1,0.038953703523362485,,,,1,0.031162962818679356,0,0,1,1,1,40,0,0,1,0,13,6,22,2,8,1.0,0.004421245349901607,0.005745671269695966,3.8953703523327056e-05,UP,2.231253643235552
2026-02-22T13:15:00+00:00,PAXGUSD,15m,286,0.03504604661124553,0.0038940051790233464,0.0038940051790233464,0.042834056969292225,0.9090909090909842,1,0,0.07527945049443922,0.8603819379113702,0.07458876681463734,0.3018314366690902,0.1424897564571693,0.3609174282519234,0.39089678939271943,,-6.9068367980189595e-06,0.0006790098964253198,0.0024840703293555018,0,62.026561238794805,12.026561238794805,0.913849344889968,0.1795433323640824,0.7343060125258857,-0.0526664845696766,21.32695646409722,2.2290219220955936,0.04339911454402355,0.9170445138505001,0.00254239632172721,0.29,1,1,5,1,6,1,1,0.08372111134909933,-0.018496524600356466,1,1,0.1022176359494558,-0.053542571211619705,1,1,0.0038940051790233464,,,,1,0.031152041432222183,0,0,1,1,1,40,0,0,1,0,13,6,22,2,8,1.0,0.003037324039640866,0.005393197172952204,0.0,UP,2.2290212401472855
2026-02-22T13:30:00+00:00,PAXGUSD,15m,287,0.06615300801619864,0.0019456767063478538,0.0019456767063478538,0.07004436142889435,0.9722222222223696,1,0,0.12967669293180445,1.3689169952531302,0.1370419802975887,0.5331250678700599,0.2054368744591105,0.47372565904788644,0.4484366487664395,,7.365287365784284e-05,0.0006839489416152175,0.00242999774307329,1,68.57686301623939,18.576863016239386,1.374050736976642,0.4184453679746729,0.955605369001969,0.2519406463966726,23.084499877493556,2.326949040329714,0.04527490544652724,1.058786798381809,0.0029610805935329308,0.44,1,1,0,1,7,1,1,0.07296287648844267,-0.008463693672649441,1,1,0.09339248190521017,-0.14981710638959878,1,1,-0.0642073313098331,,,,1,0.09922951202428912,0,0,1,1,1,40,0,0,1,0,13,6,22,2,8,1.0,0.001439800762705198,0.004708537629387465,0.00048641917658961785,DOWN,2.3269482944224404
2026-02-22T13:45:00+00:00,PAXGUSD,15m,288,0.02140785863027566,0.003892337932793484,0.023354027596672402,0.04865422415974155,0.47999999999992726,0,1,0.09446556158448276,1.6194963303760233,0.1073811583396398,0.6690029325927753,0.17547480757576447,0.5399122900298607,0.41222486036237355,,0.0001291559675515705,0.0006809364923612466,0.00236750052786609,1,64.15055722026553,14.150557220265526,1.615243831657608,0.657804068912359,0.9574397627452491,0.28386950677799994,24.71627981978904,2.3393100706151406,0.04552692662193995,0.9131992288659593,0.0031881553488054735,0.45,1,1,0,1,8,1,1,0.031138703462223968,-0.03376603156685426,1,1,0.06811591382363816,-0.17515520697506956,1,1,-0.03892337932779324,,,,1,0.0739544207228107,0,0,1,1,1,60,0,1,1,0,13,6,22,2,8,1.0,0.0024910962769788027,0.004962730864293638,-7.784675865551567e-05,UP,2.3393091305351237
2026-02-22T14:00:00+00:00,PAXGUSD,15m,289,0.06806425265450586,0.005834078798961182,0.0,0.07389833145346704,0.9210526315789033,1,0,0.15402389856327567,2.0462109669697384,0.17594873958351193,0.8819049594567332,0.24512096289470278,0.6465475265440546,0.4767871728054156,,0.00021924841020236246,0.000691722233111909,0.0023166620991071276,1,70.33635138468722,20.33635138468722,2.0969169475947638,0.9456263049200695,1.1512906426746943,0.41698426506288866,26.865642942278413,2.4722170569639204,0.0480770303948489,1.039240347395502,0.003595281479410983,0.55,1,1,1,1,9,1,1,0.1069581113142058,-0.005834078798961182,1,1,0.14390727704094816,-0.09917933958228703,1,1,-0.11473688304615993,,,,1,0.14974135583990933,0,0,1,1,1,60,0,1,1,0,14,6,22,2,8,1.0,0.0018474582863365874,0.004200536735249575,1.9446929329752696e-05,UP,2.472215621211173
2026-02-22T14:15:00+00:00,PAXGUSD,15m,290,0.1688992428654595,0.011648223645901064,0.003882741215294469,0.18443020772665503,0.9368421052631196,1,0,0.293686959680291,2.9370480148872957,0.33287900290986305,1.294235010864213,0.40598046248875197,0.855238685679069,0.634116676373516,,0.00039192043229572057,0.0007310145957888886,0.0022813621388476407,1,79.09963350298796,29.099633502987956,3.152393392650083,1.3869786861265039,1.7654147065235792,0.8098083105250671,30.013490398596666,2.9742021204548097,0.057740285778582985,1.2389405996676766,0.004606721676750834,0.8,1,1,0,1,10,1,0,0.19704911667636646,,1,0,0.3145020384391345,,1,0,-0.2853814793243995,,,,1,0.320326150262085,0,0,1,1,1,60,0,1,1,0,14,6,22,2,8,1.0,-0.00021355076684146065,0.0024849543777907554,0.0013589594253543,UP,2.9742002196960895
2026-02-22T14:30:00+00:00,PAXGUSD,15m,291,0.18795899781037106,0.060069370434250466,0.011626329761473517,0.25965469800609503,0.7686567164178927,1,0,0.43527547533046534,4.790662489550414,0.49980174403219607,2.1218456221586166,0.5803936205348266,1.2785592062282376,0.8084339333811247,,0.0006452626870173073,0.0008059187650263048,0.0022804031284629814,1,84.52608934589074,34.52608934589074,4.717198431921133,2.0530221926420706,2.6641762392790627,1.7067356864242855,33.64222785324557,3.718902069027512,0.07206196967518964,1.2834502925488536,0.006320793911170919,0.92,1,1,0,1,11,1,0,0.2761253318348286,,1,0,0.5018699013699622,,1,0,-0.472804076966296,,,,1,0.5076830662506989,0,0,1,1,1,60,0,1,1,0,14,6,22,2,8,1.0,-0.00236402038483148,0.0005038076229969508,0.003235995116941465,DOWN,3.7189002040035506
2026-02-22T14:45:00+00:00,PAXGUSD,15m,292,0.06980261372009858,0.02908442238337147,0.07174157521231277,0.17062861131578283,0.4204545454545161,0,1,0.3361808069225317,5.78202796687674,0.41901446967843253,2.63459616649925,0.5056048502977379,1.5512296983552005,0.7328663667739506,,0.0008283366275590077,0.0008659038061930542,0.002272615164762126,1,77.18403916259636,27.184039162596363,5.626179766555651,2.7676528130070492,2.858526953548602,1.707235287818016,37.01175287306676,4.081838630597834,0.07914527922204666,1.0658445722091956,0.007049248932608314,1.0,1,1,1,1,12,1,0,0.09210067088067632,,1,0,0.43820529724278623,,1,0,-0.40912087485941473,,,,1,0.44402218171946406,0,0,1,1,1,60,0,1,1,0,14,6,22,2,8,1.0,-0.0015899484236242716,0.0011439872804127169,0.002598208399581114,UP,4.081835903717596
2026-02-22T15:00:00+00:00,PAXGUSD,15m,293,0.007756447547016408,0.11440760131860665,0.04266046150862552,0.16482451037424858,0.2588235294117433,0,1,0.2971694411762124,5.802787206832363,0.39514440941486734,2.766460514726532,0.48707580448671894,1.6362861254538075,0.7133575722319297,,0.0009797496823865486,0.0009193139507185157,0.0022628176774521086,1,76.3186912739679,26.3186912739679,6.2423197575753875,3.4625854048863633,2.779734352689024,1.0143187108555414,40.17513647749953,4.39742247796122,0.08527094198102035,0.9772113638280845,0.007577140378167789,1.0,1,1,2,1,13,1,0,0.08435136707388721,,1,0,0.4304828388597987,,1,0,-0.40139616055846067,,,,1,0.16967229009113824,0,0,1,1,1,60,0,1,1,0,15,6,22,2,8,1.0,-0.0009501648245103037,9.695559433779329e-05,0.0025208454527826255,DOWN,4.397419053452053
2026-02-22T15:15:00+00:00,PAXGUSD,15m,294,0.10171399732126836,0.0,0.03299881592483681,0.13471281324610515,0.24495677233428187,0,1,0.17606350316042202,4.392997945552452,0.2811765279851771,2.3049098473047707,0.37627619672167245,1.4231044439211473,0.6003134887512808,,0.001051130248247551,0.0009509966873649534,0.002240372920296083,1,65.79320725712013,15.79320725712013,6.231121182810057,4.016292182011776,2.2148290007982805,-0.44934811714071365,41.29893922765463,4.583321787964352,0.08896717176785046,0.8066196189889501,0.007744928204802621,1.0,1,1,3,1,14,1,0,0.10190810800318342,,1,0,0.32804705242928817,,1,0,-0.29893045014266434,,,,1,0.06696818525923129,0,0,1,1,1,60,0,1,1,0,15,6,22,2,8,1.0,-0.0006793873866878894,0.0011258419550828236,0.0014946522507133216,DOWN,4.5833176924911925
2026-02-22T15:30:00+00:00,PAXGUSD,15m,295,0.09325820866524542,0.02331455216630694,0.05828638041577618,0.17485914124732854,0.3333333333333333,0,1,0.07682238035096992,2.984140996621136,0.1826452981329562,1.8065661750679283,0.27892160418636136,1.1866496927632397,0.4992976491159854,,0.001058229177819863,0.0009627630605340512,0.0022037604492962403,1,58.136103838446225,8.136103838446225,5.776408599916067,4.368315059188942,1.4080935407271253,-1.450434084741559,40.57554449019138,4.8987993018041776,0.09517775989516568,0.6700196257950297,0.007712155078410225,1.0,1,1,4,1,15,1,1,0.0106858364095625,-0.13405867495627813,1,0,0.23703128035748627,,1,0,-0.20788809014959816,,,,-1,-0.02428599183990674,0,0,1,1,1,60,0,1,1,0,15,6,22,2,8,1.0,0.0003497182824946924,0.002040023314552166,0.0,UP,4.898795000170393
2026-02-22T15:45:00+00:00,PAXGUSD,15m,296,0.07765331676729242,0.07765331676729242,0.001941332919189373,0.1572479664537742,0.5061728395061951,1,0,0.14146484710940035,2.138032332140938,0.25180821902617134,1.5042944635342792,0.3506955262969764,1.0447152523702243,0.569195899904872,,0.00110343371916771,0.0009888730727080504,0.0021850037360789556,1,62.26211985196131,12.262119851961309,5.681390628119516,4.630930866542885,1.0504597615766311,-1.7292745944719012,40.18124111127702,5.127456594987393,0.09954100279527467,0.7474807911540304,0.007686395436061355,1.0,1,1,5,1,16,1,0,0.09027198074198803,,1,0,0.31643726582672016,,1,0,-0.2873172720389855,,,,1,0.055327988196702906,0,0,1,1,1,60,0,1,1,0,15,6,22,2,8,1.0,-0.0005047465589874714,0.001242453068276608,0.0007377065092893133,UP,5.127452500158248
2026-02-22T16:00:00+00:00,PAXGUSD,15m,297,0.001941106819097663,0.11258419550828236,0.04076324320128043,0.15528854552866045,0.27499999999997726,1,0,0.138514534844264,1.934410206496068,0.25308401679379805,1.4452295867895373,0.35459101052703723,1.0223201717089978,0.5713812916124744,,0.0011456948194953406,0.0010150699373323918,0.002167902810854372,1,62.83932467490458,12.839324674904582,5.590064242115659,4.822757923161854,0.7673063189538052,-1.447522366790655,40.11630683529022,5.332638977434618,0.10351221882940811,0.7379008127233383,0.007597788345298473,1.0,1,1,6,1,17,1,0,0.10190810800318342,,1,0,0.32804705242928817,,1,0,-0.29893045014266434,,,,-1,-0.04270435002037809,0,0,1,1,1,60,0,1,1,0,16,6,22,2,8,1.0,-0.0010676087505095406,0.0009511423413631512,0.0010676087505095406,DOWN,5.332634464432659
