timestamp,symbol,timeframe,index,f_body_size_pct,f_upper_wick_pct,f_lower_wick_pct,f_range_pct,f_close_position_in_range,f_bullish_candle,f_bearish_candle,f_ema20_distance_pct,f_ema20_slope,f_ema50_distance_pct,f_ema50_slope,f_ema100_distance_pct,f_ema100_slope,f_ema200_distance_pct,f_ema200_slope,f_ema20_vs_50,f_ema50_vs_100,f_ema100_vs_200,f_ema_alignment,f_rsi,f_rsi_distance_from_50,f_macd,f_macd_signal,f_macd_histogram,f_macd_histogram_slope,f_adx,f_atr,f_atr_pct,f_bb_position,f_bb_width,f_atr_percentile,f_structure_bias,f_last_bos_direction,f_last_bos_age,f_last_choch_direction,f_last_choch_age,f_bullish_fvg_present,f_bearish_fvg_present,f_nearest_bullish_fvg_distance_pct,f_nearest_bearish_fvg_distance_pct,f_bullish_ob_present,f_bearish_ob_present,f_nearest_bullish_ob_distance_pct,f_nearest_bearish_ob_distance_pct,f_demand_present,f_supply_present,f_buy_side_liquidity_distance_pct,f_sell_side_liquidity_distance_pct,f_liquidity_sweep_direction,f_liquidity_sweep_age,f_premium_discount_state,f_distance_from_equilibrium_pct,f_htf_1d_bias,f_htf_4h_bias,f_htf_1h_bias,f_entry_15m_bias,f_mtf_alignment_score,f_higher_timeframe_bias,f_setup_bias,f_entry_bias,f_market_state_code,f_strategy_score,f_strategy_direction,f_strategy_state_code,f_cond_htf_alignment,f_cond_structure_confirmation,f_cond_liquidity_confirmation,f_cond_ob_confirmation,f_cond_fvg_confirmation,f_cond_entry_confirmation,f_rr_candidate,f_volatility_filter_state,f_hour_utc,f_day_of_week,f_day_of_month,f_month,y_return_5,y_return_10,y_return_20,y_return_40,y_direction,y_mfe_5,y_mae_5,y_mfe_10,y_mae_10,y_mfe_20,y_mae_20,y_mfe_40,y_mae_40,y_strategy_outcome,y_future_R,y_multiclass_outcome
2026-07-28T12:30:00+00:00,PAXGUSD,15m,80,0.025559010295571345,0.005955497544592576,0.17196499160026293,0.20347949944042684,0.845121951219511,0,1,0.011517334662347568,-0.36067437314204653,-0.2605672193531051,-1.5435941307141547,,,,,-0.002720845540154527,,,,47.323834145790066,-2.676165854209934,-4.360932405078074,-5.41483983750243,1.0539074324243556,1.2947729548362519,35.08870760619324,5.530609974256449,0.137239725507556,0.5064373419208456,0.00890506524788734,1.0,1,-1,11,1,1,1,1,0.22767370821535396,-0.0885880259758992,0,1,,-0.2714714297412598,0,1,1.1181446639982715,,,,1,0.14268379533931558,-1,-1,-1,-1,100,-1,-1,0,3,70,0,0,1,1,0,0,1,1,,0,12,1,28,7,-0.0027593805289970424,0.0004392179439140974,-0.001002508753340653,-0.003712260136132757,NEUTRAL,0.0008536213147257257,0.0031961170156008366,0.0009454352352049176,0.005139098089526026,0.003555928325587033,0.005139098089526026,0.003555928325587033,0.005139098089526026,NO_SETUP,,NO_SETUP
2026-07-28T13:00:00+00:00,PAXGUSD,15m,82,0.07594729357103543,0.0550990169044727,0.005460262936486089,0.1365065734119942,0.5963636363636727,1,0,-0.0003009241776568317,-0.254883103638349,-0.25577388172615334,-1.403756058379713,,,,,-0.0025547295754849647,,,,47.087936154484375,-2.9120638455156254,-3.62641104699469,-4.847295895469144,1.220884848474454,0.5396138401234047,30.794515622665045,5.713434110455796,0.14180387506064107,0.5255686915715254,0.0080195769984626,0.9857142857142858,1,-1,13,1,3,1,1,0.20835866978067072,-0.10796428988039317,0,1,,-0.2908830982524627,0,1,1.1377202409465041,,,,1,0.12335230361046981,-1,-1,-1,-1,100,-1,-1,0,3,70,-1,-1,1,1,0,0,1,1,68.5827,0,13,1,28,7,-0.002816999287683858,0.002342949187289514,-0.0007420993718216272,-0.002320611748003879,UP,0.0006229663622983149,0.004946501832911062,0.0026060345833198895,0.004946501832911062,0.0037502078622821595,0.004946501832911062,0.0037502078622821595,0.004946501832911062,LOSS,-1.0,SELL_LOSS
2026-07-28T13:30:00+00:00,PAXGUSD,15m,84,0.12958587240393077,0.07486631016042193,0.08680512374082283,0.2912573063051755,0.29803586678052146,0,1,-0.18671694010229722,-1.1164462594410907,-0.4391802079843181,-1.6787998062936822,,,,,-0.002524632678820209,,,,37.787520085475634,-12.212479914524366,-3.7460939907068678,-4.408725992119189,0.6626320014123213,-0.38665891824636844,28.702678571775415,6.154797778913377,0.15308538189064488,0.2780884032641769,0.0065054222115941505,1.0,1,-1,15,1,5,0,1,,-0.322347966670813,0,1,,-0.5056585001865421,0,1,1.3543091655266712,,,,-1,-0.158313642581763,-1,-1,-1,-1,100,-1,-1,0,3,70,-1,-1,1,1,0,0,1,1,5.2049,0,13,1,28,7,0.00032831737346105305,0.005409774903618953,0.0003606516602412183,-0.00012436264146250465,UP,0.002081830618082301,0.0028155702027111464,0.005899763710981171,0.0028155702027111464,0.005899763710981171,0.0028155702027111464,0.005899763710981171,0.0028155702027111464,WIN,1.3790360007954794,SELL_WIN
2026-07-28T14:00:00+00:00,PAXGUSD,15m,86,0.08776051572354557,0.16309036349759082,0.0,0.25085087922113636,0.3498513379583601,1,0,-0.10835712353065446,-2.128700906254835,-0.36037279533117156,-2.0726329622880257,,,,,-0.002520156718005171,,,,41.61559186376848,-8.38440813623152,-3.955557237081848,-4.260335037397683,0.30477780031583457,-0.7868698116716679,27.382984563405984,6.4143919624304155,0.15947035316597716,0.394195667980326,0.004801616108486524,1.0,-1,-1,17,-1,1,0,1,,-0.27720389527411093,0,1,,-0.46043194084990924,0,1,1.308700721724578,,,,-1,-0.07110342067120952,-1,-1,-1,-1,100,-1,-1,-1,4,70,-1,-1,1,1,0,0,1,1,6.5598,0,14,1,28,7,0.0026551906740156367,0.003793839858190994,0.00010441761077591552,-0.0012281499934117595,UP,0.003938035606405311,0.003264293403541773,0.005447118695475947,0.003264293403541773,0.005447118695475947,0.003264293403541773,0.005447118695475947,0.003264293403541773,WIN,2.00263415622568,SELL_WIN
2026-07-28T14:30:00+00:00,PAXGUSD,15m,88,0.03283753628921321,0.04676861229069452,0.04104692036150237,0.1206530689414101,0.6123711340205887,1,0,-0.13572215686194533,-1.8814989277952918,-0.38883767956256626,-1.9764981708781306,,,,,-0.002531155227006209,,,,40.25724765251786,-9.742752347482138,-4.18387093810361,-4.235583322673375,0.05171238456976557,-0.2370736340004287,28.03313643338882,6.763991028830324,0.16826727338568243,0.3022720115522622,0.00392171996452303,0.9868421052631579,-1,-1,19,-1,3,0,1,,-0.34006751596476614,0,1,,-0.5234104269128478,0,1,1.372210986146039,,,,-1,-0.07836230250834225,-1,-1,-1,-1,100,-1,-1,-1,4,70,0,0,1,1,0,0,1,1,,0,14,1,28,7,0.006025190370641316,0.003350921316785269,0.0007786476407971833,0.0006766522629292214,UP,0.0060774319056467714,0.0004353461250463333,0.0060774319056467714,0.0004353461250463333,0.0060774319056467714,0.0004353461250463333,0.0060774319056467714,0.0020025921752131783,NO_SETUP,,NO_SETUP
2026-07-28T15:00:00+00:00,PAXGUSD,15m,90,0.25895040752444537,0.05059950491856862,0.020090979894136548,0.32964089233715055,0.8465011286681738,1,0,0.15126677147177695,-0.2585966279684726,-0.07690513705942649,-1.2978823945709337,,,,,-0.0022817190853120345,,,,54.81995702746243,4.819957027462429,-2.9556937310744615,-3.9356183126192885,0.979924581544827,0.9326301072173617,25.492290050022625,7.3227269585322565,0.1816305680174483,0.9728296431853762,0.0042737131415149865,1.0,1,-1,21,1,0,0,1,,-0.04464662198697762,0,1,,-0.22744973534474813,0,1,1.0737512587867024,,,,1,0.31339448266967496,-1,-1,-1,-1,100,-1,-1,-1,4,70,-1,-1,1,1,0,0,1,1,5.0606,0,15,1,28,7,0.0020661464508415707,-0.0014410937430239519,-0.002500210831270476,-0.00551633818327929,NEUTRAL,0.0031153420675354435,0.00042166254098803427,0.0031153420675354435,0.0014410937430239519,0.0031153420675354435,0.0029714807300218814,0.0031153420675354435,0.005811501961970959,LOSS,-1.0,SELL_LOSS
2026-07-28T15:30:00+00:00,PAXGUSD,15m,92,0.1312352205618398,0.026247044112365708,0.08047442770301222,0.23795669237721773,0.8896982310093724,1,0,0.27513471866460165,2.5190626242711005,0.09180401894146384,-0.0446580658840503,,,,,-0.0018333069972313776,,,,61.1799800339266,11.179980033926597,-0.8354943464337339,-3.0104616097216095,2.1749672632878756,1.9550318046163548,23.851304426268772,7.543626816285479,0.1867904771832831,1.1369596235655008,0.00514647436835417,1.0,1,1,0,1,2,1,1,0.25925146401555643,-0.4177241831845561,1,1,0.24476606702901332,-0.056455906203953035,1,1,0.9013135902737277,,,,1,0.4834656002773408,-1,-1,-1,-1,75,-1,-1,0,3,70,-1,-1,1,1,0,0,1,1,2.716,0,15,1,28,7,-0.000987978358569347,-0.0030778373426106624,-0.0030035532555001444,-0.0034863998217182853,DOWN,0.0014039692463878417,0.0010152158571765518,0.0014039692463878417,0.0036374441321761655,0.0014039692463878417,0.004672469079248826,0.0014039692463878417,0.007507645070631826,WIN,2.7160493827161285,SELL_WIN
2026-07-28T16:00:00+00:00,PAXGUSD,15m,94,0.043540107613339554,0.0,0.05887810006803412,0.10241820768137368,0.574879227053121,0,1,0.29619427103975704,4.008166910117325,0.16752169443158477,0.7872341344918823,,,,,-0.001286725766081723,,,,63.019808382509915,13.019808382509915,1.4787477964127902,-1.5438566024448892,3.0226043988576796,1.4969448505548373,23.81713622114856,7.176239448735948,0.1775308169642142,1.0077497050516724,0.007255057677926182,0.9512195121951219,1,1,2,1,4,1,1,0.062094130744021724,-0.32580864617478067,1,1,0.3360752056404239,-0.6475354072608122,1,1,0.8089554084977382,,,,1,0.5745562496134669,-1,-1,-1,-1,75,-1,-1,0,3,85,-1,-1,1,1,0,1,1,1,2.6002,0,16,1,28,7,-0.0018257158760591524,-0.005021955594038019,-0.003935926773455342,-0.004344115282330372,DOWN,0.00013606283629171424,0.002295751128703123,0.00013606283629171424,0.0052272867833508836,0.00013606283629171424,0.005583524027459995,0.00013606283629171424,0.008416104892077428,WIN,1.2817594968137904,SELL_WIN
2026-07-28T16:30:00+00:00,PAXGUSD,15m,96,0.05473589312383529,0.027244109699643825,0.005944169389019546,0.08792417221249865,0.06760563380288005,0,1,0.14269497354481497,2.791810101025476,0.04556283642297156,0.5284079803595887,,,,,-0.0009713213712184342,,,,56.86880827011226,6.868808270112261,2.216864638427978,-0.22249976550568984,2.439364403933668,-0.40445122631553376,23.186561978262244,6.627624830797872,0.16414885267123225,0.7731538625538261,0.007884087538252312,0.8928571428571429,1,1,4,1,6,1,1,0.2350423645905888,-0.44209759830789086,1,1,0.22055345170486704,-0.7641972770750728,1,1,0.9258043823388734,,,,1,0.2692213385774202,-1,-1,-1,-1,75,-1,-1,0,3,85,0,0,1,1,0,1,1,1,,0,16,1,28,7,-0.002991898592470318,-0.0036754780722068336,-0.0019987269570558935,-0.0015479607783889814,DOWN,0.00013869728574363922,0.0033956067634740785,0.00013869728574363922,0.004351627340207145,0.00013869728574363922,0.004430882932060702,0.00013869728574363922,0.00726674707806927,NO_SETUP,,NO_SETUP
2026-07-28T17:00:00+00:00,PAXGUSD,15m,98,0.03793457401704193,0.059257275752117956,0.006198459806707229,0.1033903095758671,0.05995203836931005,0,1,0.02668057781242431,0.9817765226080155,-0.05775463157670884,-0.06588713539304081,,,,,-0.0008443520938913316,,,,51.577632586480966,1.5776325864809664,1.8996670337205614,0.5752366833551594,1.324430350365402,-1.5216325934577277,20.62725923204912,6.220094879616513,0.1542200324208336,0.607387298153581,0.007845061731099182,0.8604651162790697,1,1,6,1,8,1,1,0.128432087194981,-0.09905138771117881,1,1,0.11392769124728519,-0.871875356411438,1,1,1.0336551573664876,,,,1,0.16264758532800763,-1,-1,-1,-1,75,-1,-1,0,3,85,0,0,1,1,0,1,1,1,,0,17,1,28,7,-0.0021570640127341833,-0.002563682976054146,-0.0026132706545078715,-0.0020231772809093163,DOWN,0.001207459970346541,0.0023479765747807615,0.001207459970346541,0.0033670033670034614,0.001207459970346541,0.0033670033670034614,0.001207459970346541,0.006205897958475327,NO_SETUP,,NO_SETUP
2026-07-28T17:30:00+00:00,PAXGUSD,15m,100,0.21337108933517507,0.0,0.0,0.21337108933517507,0.0,0,1,-0.14809615742410237,-0.258500397593707,-0.231761049321874,-0.5041195740404874,-0.5213649857105364,,,,-0.0008366489189777166,-0.002896039363886624,,,43.47193657427542,-6.528063425724582,1.054787473583474,0.8736938820321042,0.18109359155136973,-1.6854218535266252,19.0772480123111,6.349775687016298,0.15772509375700283,0.3745849140828523,0.007971783234813764,0.8636363636363636,1,1,8,1,10,0,1,,-0.32129860774743085,1,1,-0.06992312182520596,-1.0575406435908015,1,1,1.2196182172708847,,,,-1,-0.02111355365947338,-1,-1,-1,-1,75,-1,-1,0,3,85,0,0,1,1,0,1,1,1,,0,17,1,28,7,-0.0012568774296111244,-0.0010606455779524776,-0.0027124706583703004,-0.0008296384614428483,NEUTRAL,0.0004471105480830587,0.0014531092812697713,0.0004471105480830587,0.0015325956009290145,0.0011078405802501425,0.003504849907472988,0.0019970937814374513,0.004376715476234806,NO_SETUP,,NO_SETUP
2026-07-28T18:00:00+00:00,PAXGUSD,15m,102,0.01564781973711934,0.0380018479330025,0.0,0.05364966767012184,0.29166666666667546,1,0,-0.11438451044333982,-1.7144640442875243,-0.20714566294728728,-1.1012499412804573,-0.49414074376135575,-1.2487006872752318,,,-0.0009276115250394744,-0.002869950808140685,,,43.965020962780386,-6.034979037219614,-0.07094718606686001,0.6086464396797356,-0.6795936257465957,-1.6923288289030043,18.73095166818489,5.838939240335494,0.14502645823610558,0.3896327955638111,0.008030430227055931,0.8,1,1,10,1,12,0,1,,-0.09624651028782054,0,1,,-1.050763514251942,0,1,1.2128302186720696,,,,1,0.06122519944761074,-1,-1,-1,-1,100,-1,-1,0,3,70,0,0,1,1,0,0,1,1,,0,18,1,28,7,-0.0013064687590036471,7.451342731964817e-05,-0.0015796846591755022,-0.0016392954010312432,NEUTRAL,0.00017138088283510044,0.0015995549064608246,0.00017138088283510044,0.0015995549064608246,0.001040704201563802,0.003571676949519664,0.001929897767577713,0.00444348404915896,NO_SETUP,,NO_SETUP
2026-07-28T18:30:00+00:00,PAXGUSD,15m,104,0.06489389475254857,0.00024863561208414523,0.02063675580253179,0.08577928616716451,0.2405797101448874,0,1,-0.18419602771751242,-1.85174947843052,-0.28956947509761494,-1.2039988885098865,-0.5761319227068671,-1.2948745648450313,,,-0.0010537344738010253,-0.002865624476092522,,,39.6046236379623,-10.395376362037702,-1.1484429473284763,0.06993286165781065,-1.2183758089862868,-0.8377796653234071,19.26227133944284,5.481330263350521,0.13628539050337576,0.2590077101747435,0.007987102038523793,0.7391304347826086,1,1,12,1,14,0,1,,-0.07657976852024334,0,1,,-1.155534007135851,0,1,1.3177687440172057,,,,-1,-0.04239237185941962,-1,-1,-1,-1,100,-1,-1,0,3,70,0,0,1,1,0,0,1,1,,0,18,1,28,7,0.0003505762130310693,0.0010915103370256537,-0.00048483944355345496,0.00042765325277545834,NEUTRAL,0.0007434204801154258,0.0005644028394186855,0.0011909645818570505,0.0005644028394186855,0.0020785937169781146,0.0025385695993237205,0.002968709208219907,0.0034112805977199617,NO_SETUP,,NO_SETUP
2026-07-28T19:00:00+00:00,PAXGUSD,15m,106,0.047977368602909874,0.011186433093939144,0.0029830488250602353,0.06214685052190925,0.8200000000000728,1,0,-0.13072463128380846,-2.1493912964028823,-0.2475357191864872,-1.384006663326545,-0.5338678322111983,-1.3837923350702113,,,-0.0011681108790267875,-0.0028633211302471107,,,41.54989325390838,-8.45010674609162,-1.9356592016788454,-0.6123576231010116,-1.323301578577834,-0.3868230754764209,20.438131402975838,5.117728645439992,0.12722028685594092,0.2753873031945987,0.007842340966276949,0.6063829787234043,1,1,14,1,16,0,1,,-0.0191412299607476,0,1,,-1.1359201338394613,0,1,1.2981234137016355,,,,-1,-0.022994334693099642,-1,-1,-1,-1,100,-1,-1,0,3,70,0,0,1,1,0,0,1,1,,0,19,1,28,7,0.0003132201266303638,0.001682936712133298,-0.0013324284751897659,0.0011385303015613594,UP,0.0005493781586136869,0.000758191576367338,0.0016854225861542287,0.000758191576367338,0.0018842925078242704,0.0027319755489431893,0.002774235407297993,0.0036045173302707363,NO_SETUP,,NO_SETUP
2026-07-28T19:30:00+00:00,PAXGUSD,15m,108,0.05120658626072468,0.05021228361488624,0.0,0.10141886987561093,0.5049019607843094,1,0,-0.09872683066705569,-1.6505448027237435,-0.22220191204313644,-1.2351249514208575,-0.507378010343236,-1.3085098202159315,,,-0.0012347508137608078,-0.0028517609830009958,,,42.8604936761544,-7.139506323845602,-2.3192166281651225,-1.2169178164942558,-1.1022988116708667,0.30356154878658836,21.20477167523123,4.928347658568158,0.12250672791326096,0.25968131917817944,0.007454689055131033,0.5520833333333334,1,1,16,1,18,0,1,,-0.05244946456801707,0,1,,-1.1311435474729825,0,1,1.2933391665755158,,,,-1,-0.01827031111728974,-1,-1,-1,-1,100,-1,-1,0,3,70,0,0,1,1,0,0,1,1,,0,19,1,28,7,0.0005692382647430134,-4.971513229203485e-05,-0.00010191602119849624,0.0030748809322581334,NEUTRAL,0.0009495590267764979,0.0006288964234934327,0.00183697413818815,0.0006288964234934327,0.00183697413818815,0.002779075895121029,0.0030748809322581334,0.0036515764668449916,NO_SETUP,,NO_SETUP
2026-07-28T20:00:00+00:00,PAXGUSD,15m,110,0.04326657681807241,0.0,0.0295903600077595,0.07285693682583191,0.4061433447098759,0,1,-0.11193377100576153,-1.2282691015493583,-0.23761016724497278,-1.0881795495429287,-0.5205180078223597,-1.230715101257374,,,-0.0012567639623921126,-0.0028290784057738694,,,41.30041340295115,-8.69958659704885,-2.411730495505253,-1.630166936169969,-0.7815635593352841,0.5343784025668255,21.824465200984324,4.552452828051126,0.11320060344568866,0.2344280928925036,0.007599666312280977,0.46938775510204084,1,1,18,1,20,0,1,,-0.08578717817374808,0,1,,-1.1648406845070907,0,1,,,,,-1,-0.018152069584591583,-1,-1,-1,-1,75,-1,-1,0,3,65,0,0,1,1,0,0,1,0,,0,20,1,28,7,0.001394974114651487,-0.0016535789416100366,-0.003023687207515418,0.0031132042630011045,DOWN,0.0014645984911402664,2.983901849519116e-05,0.0021707885955271357,0.0024467995166079365,0.0021707885955271357,0.003319590807593013,0.0034936517488151878,0.003319590807593013,NO_SETUP,,NO_SETUP
2026-07-28T20:30:00+00:00,PAXGUSD,15m,112,0.06035137914078241,0.0,0.0,0.06035137914078241,1.0,1,0,0.012082118275862285,-0.6218257271189032,-0.10583894602889196,-0.8441903492707752,-0.3828424276624701,-1.101093883680278,,,-0.0011792106430475425,-0.0027700348163357817,,,49.37571451675827,-0.624285483241728,-1.9475167519808565,-1.796757267669499,-0.15075948431135755,0.7206734350562121,21.602158432879072,4.267370040513489,0.10598422520535584,0.42477034629860644,0.007379375340508928,0.27,1,1,0,1,22,1,1,0.06867142523632228,-0.08878855161656803,1,1,0.1133761505257786,-1.0432344365466124,1,1,,-0.14976082971970636,,,1,0.09325902414552156,-1,-1,-1,-1,75,-1,-1,0,3,65,-1,-1,1,1,0,0,1,0,2.5261,0,20,1,28,7,0.00025084318079081753,-0.0016540748357100983,-0.000484301190635918,0.003079658853274147,DOWN,0.0007872998842644515,0.0005488746827206392,0.0009661187854222541,0.003645918706940729,0.0009661187854222541,0.004517660850085201,0.003514288126921705,0.004517660850085201,WIN,1.345622921240955,SELL_WIN
2026-07-28T21:00:00+00:00,PAXGUSD,15m,114,0.028313555238760946,0.006209112990954564,0.0,0.03452266822971551,0.8201438848921287,1,0,0.010682385202777301,0.027575765328947455,-0.098479260113703,-0.5503502608994495,-0.36920204341230345,-0.9409255125924574,,,-0.001091616453164803,-0.002707227832986005,,,49.430563411876896,-0.5694365881231036,-1.5126870997873993,-1.734947030447925,0.22225993066052574,0.7378617723472867,20.503385856876605,3.9466098818713315,0.09801978675102778,0.4743483549596239,0.005624550248478455,0.13,1,1,2,1,24,1,1,0.05550947013913697,-0.0907772319277494,1,1,0.11139148705772803,-1.0452420808972922,1,1,,-0.1477768891847254,,,1,0.0912739609670366,-1,-1,-1,-1,75,-1,-1,0,3,65,-1,-1,1,1,0,0,1,0,2.5664,0,21,1,28,7,-0.0022178951603690424,-0.0015746310545061135,-0.0004098014574030238,0.003931610345872412,DOWN,0.000986007142963535,0.0027469115871982855,0.000986007142963535,0.0036261219867175557,0.000986007142963535,0.004497881450647518,0.0039340939910687345,0.004497881450647518,WIN,1.3598418277681217,SELL_WIN
2026-07-28T21:30:00+00:00,PAXGUSD,15m,116,0.057327211812878656,0.0002481697481131227,0.004715225214047762,0.06229060677503954,0.9960159362548935,1,0,0.07787293216849908,0.4974939938406351,-0.01628406428991202,-0.3107846891271038,-0.2779874734145408,-0.8041340014624438,,,-0.000941569964584111,-0.0026170340912462873,,,54.608472349519374,4.608472349519374,-0.809424898593079,-1.46897830540407,0.659553406810991,0.6345723885852201,18.313838799238873,3.657178928756396,0.09076011735342836,0.7190023825783358,0.004108648595478904,0.04,1,1,4,1,26,1,1,0.06712991686313258,-0.01228440253132872,1,1,0.18972577242834052,-0.9660007445092489,1,1,,-0.22608264052612304,,,1,0.16962402283161773,-1,-1,-1,-1,75,-1,-1,0,3,65,0,0,1,1,0,0,1,0,,0,21,1,28,7,-0.003389998759151223,-0.003010299044546497,0.00045166894155606495,0.003330438019605428,DOWN,0.00020101749596722804,0.004407494726392907,0.00020101749596722804,0.004407494726392907,0.0010894651941927964,0.005278570542250895,0.00346941307854573,0.005278570542250895,NO_SETUP,,NO_SETUP
2026-07-28T22:00:00+00:00,PAXGUSD,15m,118,0.11708495744173186,0.07159334977329045,0.0,0.18867830721502232,0.0,0,1,-0.08420323253125886,0.07545426706656144,-0.1750516070614267,-0.4211126638197129,-0.4317436398307649,-0.8399605282156699,,,-0.0009084837453016784,-0.0025669203276933823,,,43.54348132080353,-6.456518679196471,-0.8689142447915401,-1.2157169379306958,0.3468026931391557,-0.057518800225275335,17.1093682661352,3.838792035509372,0.09542777114761584,0.3240889973772839,0.0032116796440644006,0.14,1,1,6,1,28,0,1,,-0.18084778458356762,1,1,0.02150286373398551,-1.136171545620883,1,1,,-0.057921008670748335,,,0,0.001367234110249689,-1,-1,-1,-1,75,-1,0,0,0,56,0,0,1,1,0,0,1,0,1.5355,0,22,1,28,7,-0.0017276867393206136,-5.2203484209584966e-05,0.0005916394877098354,0.0032565030626044975,NEUTRAL,-4.971760400918237e-06,0.002729496460106599,0.0012205671784266143,0.002729496460106599,0.002776728183915379,0.0036020404104684847,0.005160687296157878,0.0036020404104684847,NO_SETUP,,NO_SETUP
2026-07-28T22:30:00+00:00,PAXGUSD,15m,120,0.06176944554450559,0.0002490703449429574,0.07945344003507047,0.141471955924519,0.56161971830984,0,1,-0.23321292050217216,-2.1704784797934735,-0.343338617926195,-1.334452712737857,-0.6032356491187236,-1.2892141100919616,,,-0.001101256974240229,-0.002598970311925286,,,34.487618941175285,-15.512381058824715,-2.113065362852467,-1.4350635166220869,-0.6780018462303801,-1.3442446229847207,20.440477318306893,4.209162520413687,0.1048377560857521,-0.1385047730689512,0.0033650285124984733,0.29,-1,-1,0,-1,1,0,1,,-0.12802215729788247,0,1,,-0.33188623462925315,0,1,,0.13599240833588722,,,-1,-0.2595312994248984,-1,-1,-1,-1,100,-1,0,-1,0,61,0,0,1,1,0,0,1,1,1.4808,0,22,1,28,7,0.0017559459318095664,-0.0013723776006056801,0.001887953214626502,0.004809548360743512,NEUTRAL,0.0020623024560827213,0.0004931592829762956,0.003163193380706581,0.0016687713110813435,0.004722373740015402,0.0016687713110813435,0.007110958347966261,0.0016687713110813435,NO_SETUP,,NO_SETUP
2026-07-28T23:00:00+00:00,PAXGUSD,15m,122,0.09751825979660658,0.0,0.04627141918920849,0.14378967898581507,1.0,1,0,-0.08391505818350811,-2.145765830397977,-0.2019658337606791,-1.3989084826152975,-0.46154757519038714,-1.3256668457024716,,,-0.0011805077557717097,-0.002595817414297081,,,43.28365679618135,-6.716343203818653,-2.5048007060067903,-1.8232690934710853,-0.6815316125357049,-0.4821471440005207,22.511788311870664,4.221930948724064,0.10502942834209167,0.2987899078805174,0.0037242586899695596,0.29,-1,-1,2,-1,3,0,1,,-0.007711903198188217,0,1,,-0.21133102473779256,0,1,,0.015672577467302884,,,-1,-0.03146954047006333,-1,-1,-1,-1,100,-1,-1,-1,4,70,0,0,1,1,0,0,1,1,,0,23,1,28,7,-3.731566063647853e-05,0.0011717117439846113,-5.970505701838827e-05,0.0031942205504805485,NEUTRAL,0.001957828328059359,0.0016941309928951978,0.001957828328059359,0.0028683304475889604,0.0035151352319540605,0.0028683304475889604,0.005900849801978177,0.0028683304475889604,NO_SETUP,,NO_SETUP
2026-07-28T23:30:00+00:00,PAXGUSD,15m,124,0.09875621890546767,0.0,0.02089552238806332,0.11965174129353098,1.0,1,0,-0.05473423152740558,-1.2879398294189741,-0.17694915330907432,-1.0965548891813341,-0.43564454033100414,-1.1750044853179133,,,-0.0012221492178166873,-0.0025869538702192984,,,45.347831201489626,-4.652168798510374,-2.6253713198957485,-2.136665011758306,-0.4887063081374423,0.3825843867228471,23.396995539721665,4.435593522114139,0.11033814731627213,0.3618080446272263,0.004025432710138871,0.44,-1,-1,4,-1,5,0,1,,-0.0017412935323310686,0,1,,-0.2053482587064704,0,1,,0.009701492537310265,,,-1,-0.025497512437801895,-1,-1,-1,-1,100,-1,-1,-1,4,70,0,0,1,1,0,0,1,1,,0,23,1,28,7,-0.00025373134328357755,0.0011666666666666802,0.0009129353233831027,0.0028606965174129352,NEUTRAL,0.0018980099502487833,0.001042288557213944,0.0018980099502487833,0.0029278606965174084,0.0034552238805969832,0.0029278606965174084,0.005840796019900502,0.0029278606965174084,NO_SETUP,,NO_SETUP
2026-07-29T00:00:00+00:00,PAXGUSD,15m,126,0.1150006098517162,0.025638664101145778,0.038831374755124506,0.17947064870798649,0.21636615811372226,0,1,-0.10831220045839772,-0.710626481678446,-0.22820526687181322,-0.8658470930122348,-0.4839621284522094,-1.0541573336536203,,,-0.0011989306641341552,-0.0025575686158039613,,,42.61135484164453,-7.388645158355473,-2.416482585603262,-2.2214585878017328,-0.19502399780152935,0.5698533672099124,22.502335651024545,4.729567883863733,0.11772796341546168,0.22087167286165502,0.0041499570308351115,0.53,-1,-1,6,-1,7,0,1,,-0.1915432235517194,0,1,,-0.27094840654458563,0,1,,0.07517355882082014,1,1,-1,-0.10603952336977222,-1,-1,-1,-1,100,-1,-1,-1,4,70,-1,-1,1,1,0,0,1,1,1.7306,0,0,2,29,7,-0.0004231624172032494,0.0034724210117565157,0.002474255545294572,0.002862569292845817,UP,0.0025539096473564094,0.002275120290140035,0.004112143018940247,0.002275120290140035,0.004112143018940247,0.002275120290140035,0.006499276890104752,0.002275120290140035,LOSS,-1.0,SELL_LOSS
2026-07-29T00:30:00+00:00,PAXGUSD,15m,128,0.07209428938647985,0.03654434668900263,0.020385281826525322,0.12902391790200782,0.7167630057803883,1,0,0.022262474897142757,-0.5648438999673999,-0.08971683784600573,-0.7931791120035996,-0.3402211916263436,-1.0098966794566877,,,-0.0011197931274314849,-0.002505043537803379,,,49.90388562262424,-0.09611437737576267,-1.9304773454000497,-2.1739589355049693,0.24348159010491965,0.3876318964770942,19.644241439051683,5.129270267209053,0.12751417068469817,0.5336080343961521,0.004172532764786249,0.64,-1,-1,8,-1,9,0,1,,-0.18607784691646936,0,1,,-0.14282127328458824,0,1,,-0.052703411551502564,1,3,1,0.021876887813830397,-1,-1,-1,-1,100,-1,-1,-1,4,70,-1,-1,1,1,0,0,1,1,1.6848,0,0,2,29,7,-8.452433928073405e-05,0.0006438765845205334,0.0031771207529626387,0.0005494082053244322,NEUTRAL,0.0010814143407971413,0.00355002224978936,0.0028290793559244487,0.00355002224978936,0.0031771207529626387,0.00355002224978936,0.005213162925635934,0.00355002224978936,WIN,1.442114565758915,SELL_WIN
2026-07-29T01:00:00+00:00,PAXGUSD,15m,130,0.23843847738575516,0.0,0.029680103356596578,0.26811858074235173,0.11069767441860973,0,1,-0.26951782459826645,-1.2941239181136552,-0.3934492816751147,-1.0711353509886976,-0.6462549632320365,-1.14082907120428,,,-0.0012393145707684826,-0.002528056815569217,,,36.164499688718344,-13.835500311281656,-2.634311492861798,-2.223750899348142,-0.4105605935136558,-0.3570776125957913,19.444551626361434,5.506921812032295,0.13734958702336736,-0.083831411372781,0.004983269306768565,0.76,-1,-1,0,-1,11,0,1,,-0.5131664929091944,0,1,,-0.29842221568207233,0,1,,0.27360565867381814,1,5,-1,-0.27111153234133345,-1,-1,-1,-1,100,-1,-1,-1,4,70,0,0,1,1,0,0,1,1,,0,1,2,29,7,0.004895969990671995,0.0032648113692255103,0.006155503788577858,0.0041801557332481415,UP,0.005492066184136354,0.00010475330596447186,0.006103127135595622,0.00010475330596447186,0.006537105117448418,0.00010475330596447186,0.008494994288450684,0.00010475330596447186,NO_SETUP,,NO_SETUP
2026-07-29T01:30:00+00:00,PAXGUSD,15m,132,0.21866233317678424,0.05938670185143205,0.07454397721936057,0.35259301224757683,0.8315715292459255,1,0,0.10516432931034149,-1.1258928218571782,-0.008391638857130363,-1.0311941475288222,-0.2550493897902739,-1.1201456452185994,,,-0.0011355596816747186,-0.0024665775093314353,,,53.17297647672479,3.1729764767247914,-1.9715942619095586,-2.2452661151588806,0.2736718532493221,0.06227911510835593,18.868149861505515,6.289845848129893,0.1562900418720948,0.6929893696983355,0.00498044858985042,0.87,-1,-1,2,-1,13,0,1,,-0.13728515804565797,0,1,,-0.09404965125843427,0,1,,-0.10137980901832855,1,7,1,0.16250587033819383,-1,-1,-1,-1,100,-1,-1,-1,4,70,0,0,1,1,0,0,1,1,,0,1,2,29,7,0.0005491406321826319,-0.001229975624119404,0.003565686910326171,0.0010287068856272572,NEUTRAL,0.00234068088468794,0.0014088811694458199,0.00234068088468794,0.0014834251466652256,0.004000526777439108,0.0017592378623768913,0.004723603356466869,0.0017592378623768913,NO_SETUP,,NO_SETUP
2026-07-29T02:00:00+00:00,PAXGUSD,15m,134,0.06261351805977558,0.017144177563987652,0.043978542446747,0.12373623807051023,0.8614457831325196,1,0,0.09595211116360329,1.036037848773958,-0.00034087261641891037,-0.11778437070961445,-0.23856780129845276,-0.6501330721289378,,,-0.000962929837800222,-0.0023822692868203385,,,53.258535936465805,3.2585359364658046,-1.0590209131037227,-1.9020130204444903,0.8429921073407676,1.202724823833043,16.517526762373247,6.185020144560973,0.15367693274664565,0.7238895712134813,0.004798253710408825,0.84,-1,-1,4,-1,15,1,1,0.16920557856629814,-0.13181139416948476,0,1,,-0.08857825074726387,0,1,,-0.10684052684803505,1,9,1,0.17752920100678515,-1,-1,-1,-1,100,-1,-1,-1,4,75,0,0,1,1,0,0,1,1,,0,2,2,29,7,-0.00023852768784677486,-0.0002534356683371842,0.004343191649543199,-2.2361970735670454e-05,NEUTRAL,0.002285890341864794,0.00040251547324139024,0.002285890341864794,0.0018138042930014938,0.004345676312958211,0.0018138042930014938,0.004668682556917418,0.0018138042930014938,NO_SETUP,,NO_SETUP
2026-07-29T02:30:00+00:00,PAXGUSD,15m,136,0.05630909974896515,0.06375083099331506,0.018604328110891716,0.13866425885317193,0.540250447227218,1,0,0.21789652234046725,2.1141715723524612,0.1536236409463701,0.4226604098134885,-0.069729805123991,-0.3545548710849289,,,-0.0006427288139409718,-0.0022335344607036112,,,59.04021077672017,9.040210776720173,0.49898033608860715,-1.163704138056131,1.6626844741447382,1.1326642026279425,17.02458189519769,6.280808185871428,0.15580028838870214,1.0228647135803954,0.005120810361381481,0.85,1,1,0,1,1,1,1,0.1111298532490603,-0.1851750791304012,1,1,0.43943422997926596,-0.92041812607285,1,1,,-0.27112707500273586,1,11,1,0.3416994929700468,-1,-1,-1,-1,75,-1,-1,0,3,75,-1,-1,1,1,0,0,1,1,25.2951,0,2,2,29,7,-0.0028005715249595576,-0.0009947114096623979,0.002877469414484563,-0.0031230465455483925,NEUTRAL,2.480577081393571e-06,0.0028129744103668635,2.480577081393571e-06,0.003455443874463027,0.0030163817310458743,0.003455443874463027,0.0030163817310458743,0.005782225176865132,LOSS,-1.0,SELL_LOSS
2026-07-29T03:00:00+00:00,PAXGUSD,15m,138,0.027328513577300168,0.07204789943107229,0.0,0.09937641300837247,0.0,0,1,0.048764428183331696,1.525931831336493,-0.002096815475597922,0.31023746403798214,-0.2163319117124931,-0.3802443183512878,,,-0.0005086124365892962,-0.002142350962368952,,,52.077732781766244,2.077732781766244,0.7950287012181434,-0.46730454372595787,1.2623332449441014,-0.02821781046459848,16.661458730553925,6.029625425572801,0.1498006366443766,0.7155611503505231,0.005150035653027829,0.76,1,1,2,1,3,1,1,0.17937442548010735,-0.339991553004893,1,1,0.28558296688280765,-1.076370773396941,1,1,,-0.11701572631735949,1,13,1,0.1003701771384553,-1,-1,-1,-1,75,-1,-1,0,3,75,-1,-1,1,1,0,0,1,1,16.0446,0,3,2,29,7,-0.0010682964398399362,0.002531614121388302,0.0026632878686244452,-0.002886884797893193,UP,0.0001788775434151337,0.0019154803607363882,0.002531614121388302,0.0019154803607363882,0.004566346177734742,0.0019154803607363882,0.004566346177734742,0.004245857245782637,WIN,3.331548347613319,SELL_WIN
2026-07-29T03:30:00+00:00,PAXGUSD,15m,140,0.030577922739771026,0.05170900755996584,0.02063388282441515,0.10292081312415202,0.20048309178751603,0,1,-0.015376792690438611,0.19796233812348873,-0.06251623875357656,-0.16312181808689274,-0.2704345558761478,-0.5952293465502407,,,-0.00047139446063137964,-0.0020791831712257125,,,49.22827077853805,-0.7717292214619533,0.5548017090382018,-0.0729947481171433,0.6277964571553452,-0.8954686752212471,14.9015333060288,5.6612076373561475,0.1407381867877556,0.5591388986506042,0.0049554885692366666,0.69,1,1,4,1,5,1,1,0.11510226202048246,-0.08626454626588373,1,1,0.22137918861606806,-1.141451481786247,1,1,,-0.052703411551502564,1,15,1,0.03604714469324558,-1,-1,-1,-1,75,-1,-1,0,3,75,0,0,1,1,0,0,1,1,,0,3,2,29,7,0.00024362897792660885,0.002881285565480183,0.002916089705183968,-0.0024561778590979533,UP,0.00043007972633991295,0.0012728371091682421,0.0032616450922433727,0.0012728371091682421,0.005213162925635934,0.0012728371091682421,0.005213162925635934,0.00360471446932388,NO_SETUP,,NO_SETUP
2026-07-29T04:00:00+00:00,PAXGUSD,15m,142,0.021146803598437354,0.027864023565000073,0.025376164318127087,0.07438699148156451,0.3411371237458382,0,1,-0.0745827719875872,-0.6757723263885964,-0.12689724868442798,-0.506703377634949,-0.33174001321076446,-0.7536636433237618,,,-0.000523144766968408,-0.0020484276452633647,,,45.938032850300814,-4.061967149699186,-0.08265006826150056,-0.02778934157250003,-0.054860726689000536,-1.0043034519689138,13.604957611224027,5.320429034250955,0.13236478570204788,0.3961680182195466,0.004811246284317723,0.56,1,1,6,1,7,1,1,0.04080089164875091,-0.05137429344797524,1,1,0.14715687445267006,-1.2166875646843454,1,1,,0.021644375447811948,1,17,-1,-0.03831303240187793,-1,-1,-1,-1,75,-1,-1,0,3,75,0,0,1,1,0,0,1,1,,0,4,2,29,7,0.0017091593026032689,0.004801568346469275,0.0032541198949128072,-0.005346409521534855,UP,0.0019778481012657774,0.0005299140195844552,0.005236943714672444,0.0005299140195844552,0.005960910755513105,0.0005299140195844552,0.005960910755513105,0.005689734097603667,NO_SETUP,,NO_SETUP
2026-07-29T04:30:00+00:00,PAXGUSD,15m,144,0.08201467814209867,0.0,0.0,0.08201467814209867,1.0,1,0,0.029585648770856628,-0.35386351434590324,-0.01912247670276949,-0.38942514790551286,-0.21792329769987318,-0.6852227593581119,,,-0.00048708125473626116,-0.001988008209971037,,,51.37624451139017,1.3762445113901691,-0.09257581170186313,-0.0711769656874183,-0.021398846014444833,-0.2570811988820184,12.74492570624565,5.115063810144975,0.12712433698948908,0.5915791119400323,0.00463174264004961,0.46,1,1,8,1,9,1,1,0.14389848074021885,-0.05741027469946455,1,1,0.25014476833338856,-1.1122930061361918,1,1,,-0.08151761948669249,1,19,1,0.06486615453056854,-1,-1,-1,-1,75,-1,-1,0,3,75,0,0,1,1,0,0,1,1,,0,4,2,29,7,0.001975808155241314,0.0045977925625113394,0.0019459846359169432,-0.0056142775128179365,UP,0.002972410759331664,0.0007157644637855762,0.004600277855788313,0.0007157644637855762,0.004923365981802669,0.0007157644637855762,0.004923365981802669,0.006715262434543584,NO_SETUP,,NO_SETUP
2026-07-29T05:00:00+00:00,PAXGUSD,15m,146,0.08467190258509662,0.003972875194605195,0.0002483046996684705,0.08889308247937029,0.9553072625698722,1,0,0.10635688822530195,0.672415581227142,0.06937075520009926,0.04539416373745553,-0.12050897959684816,-0.45238587045105305,,,-0.00036986133025202676,-0.0018987973479694742,,,55.94494144506241,5.944941445062412,0.3637401606065396,0.025974053349488643,0.3377661072570509,0.4899177577022791,11.742180998267102,4.923549917931116,0.1222540583647923,0.7552903465497653,0.004648389810344029,0.41,1,1,10,1,11,1,1,0.0876515589810618,-0.2849296428633482,1,1,0.34030159088820894,-1.020904772664638,1,1,,-0.17182685216683277,1,21,1,0.04146688484373125,-1,-1,-1,-1,60,-1,-1,1,3,75,-1,-1,1,1,0,0,1,1,2.6137,0,5,2,29,7,0.0024681487146507356,0.0038760363617402504,0.0003873553314743453,-0.0047525519515507555,UP,0.0027139703673171017,0.0008492020728476508,0.004015086993551545,0.0008492020728476508,0.004015086993551545,0.0008492020728476508,0.004015086993551545,0.007613022091669093,LOSS,-1.0,SELL_LOSS
2026-07-29T05:30:00+00:00,PAXGUSD,15m,148,0.19775530383194315,0.0,0.009416919230095213,0.20717222306203836,1.0,1,0,0.26777694245254563,1.9086213714808764,0.25476916412408523,0.6071324056642879,0.07872724756494767,-0.14818879681297403,,,-0.00013007778328460407,-0.0017604191655913757,,,63.916874719752144,13.916874719752144,1.4477701970840826,0.3985236414945135,1.0492465555895691,0.9984085866989922,12.835248833432113,5.107856816991637,0.12657967127496753,1.0434685286969878,0.005385169607507301,0.45,1,1,0,1,13,1,1,0.2852335272062285,-0.08661087555045341,1,1,0.3372743966356736,-0.8211305754976772,1,1,,-0.36924235928520854,1,23,1,0.23914018571156204,-1,-1,-1,-1,60,-1,-1,1,3,75,-1,-1,1,1,0,0,1,1,2.2845,0,5,2,29,7,0.0005303212408525466,0.0001313412418934451,-0.0026193904279494568,-0.006391114393265407,NEUTRAL,0.0013084561456550086,0.0016107888156737186,0.002029593907748899,0.0016107888156737186,0.002029593907748899,0.002730906576726823,0.002029593907748899,0.009575519975020352,LOSS,-1.0,SELL_LOSS
2026-07-29T06:00:00+00:00,PAXGUSD,15m,150,0.09741949877295646,0.0,0.0,0.09741949877295646,1.0,1,0,0.20041521321969577,2.6680551362919687,0.2103344432938553,1.0251921976159792,0.04851392541686954,0.09395173046141281,,,9.91923007415955e-05,-0.001618205178769858,,,60.94116875568923,10.941168755689233,2.2898025075746773,1.0043127341567244,1.285489773417953,0.8445379764274225,15.3050074879604,5.138611235059114,0.12737937173245864,0.9469545412249883,0.004846422690878135,0.49,1,1,1,1,15,1,1,0.1524503606752458,-0.11613494955504192,1,1,0.30787536253438486,-0.8508713219801264,1,1,,-0.3398527552613975,1,25,1,0.2097122034654579,-1,-1,-1,0,60,-1,-1,1,3,75,0,0,1,1,0,0,1,1,,0,6,2,29,7,0.0018021367839171022,3.470414714555233e-05,-0.0019632631813787643,-0.0058377333234177955,NEUTRAL,0.0023251778587541484,0.00027267544185813667,0.0023251778587541484,0.0004635482511588436,0.0023251778587541484,0.0027317121538880996,0.0023251778587541484,0.009283359361443647,NO_SETUP,,NO_SETUP
2026-07-29T06:30:00+00:00,PAXGUSD,15m,152,0.04332948732550596,0.04332948732550596,0.0,0.08665897465101192,0.5,1,0,0.2628822309000786,3.038657379141114,0.30327841849615533,1.3025630397833083,0.15959493980354603,0.2708852965643018,,,0.0004039618759607669,-0.0014368347869260928,,,65.1533782826074,15.153378282607406,3.4394227165262237,1.7918596290070383,1.6475630875191853,0.5098964902882954,18.968598559101814,5.028292340433609,0.12449904527643244,1.0155321519917482,0.005608005406541129,0.4,1,1,0,1,17,1,1,0.08009765228458132,-0.41101113691622576,1,1,0.16366166355519995,-0.7330111270123456,1,1,,-0.45632140080519284,1,27,1,0.326332938828675,-1,-1,-1,0,60,-1,-1,1,3,75,-1,-1,1,1,0,0,1,1,4.6794,0,6,2,29,7,9.903882817249499e-05,-0.0015400537780837606,-0.0025279660891052427,-0.0058259590672523655,DOWN,0.00115380234821058,0.00045062666818530253,0.00115380234821058,0.0016341406648477436,0.00115380234821058,0.003897177888591281,0.00115380234821058,0.010441168460094798,WIN,2.3384172895019013,SELL_WIN
2026-07-29T07:00:00+00:00,PAXGUSD,15m,154,0.09574065415358313,0.00024739187119204615,0.0,0.09598804602477516,0.9974226804124319,1,0,0.2929618904609569,3.2429372196602344,0.36064813122492667,1.5208127099272133,0.23511246680627523,0.42232396741746925,,,0.0006768624076396978,-0.0012553566441865145,,,67.08520016347092,17.085200163470915,4.285486547997152,2.599984456187542,1.6855020918096102,0.18287759992754005,22.82399171665164,4.795619415986132,0.11863972608737712,1.0026215102184306,0.006595657903655505,0.33,1,1,2,1,19,1,1,0.16290754718381553,-0.3277942293372124,1,1,0.24640230371310548,-0.6495273578300791,1,1,,-0.5388194954690229,1,29,1,0.4089387630901273,-1,-1,-1,0,60,-1,0,1,-1,76,-1,-1,1,1,0,1,1,1,4.7077,0,7,2,29,7,-0.0022413703530529258,-0.00263967126568157,-0.004346675176947076,-0.0007768104755613625,DOWN,0.00032408335126923047,0.002441757768723208,0.00032408335126923047,0.003255677024964278,0.00032408335126923047,0.004722710821167874,0.0013458117793165687,0.01126127797692823,WIN,2.346711656317007,SELL_WIN
2026-07-29T07:30:00+00:00,PAXGUSD,15m,156,0.031412939162782885,0.002226113798941001,0.006678341396811754,0.04031739435853564,0.944785276073534,1,0,0.2582616400624584,3.397234322669192,0.35142389071081465,1.715244643035021,0.2444190474788354,0.5639718855654792,,,0.0009316225064835627,-0.0010700484323197927,,,67.1159480855697,17.1159480855697,4.937989599168304,3.3894254380334865,1.5485641611348178,0.001566944222415323,26.863056926072343,4.435865720926841,0.10971935435098495,0.9159200596293627,0.007702119487136961,0.25,1,1,4,1,21,1,1,0.08038744273940616,-0.3091824720746391,1,1,0.2649075420735517,-0.6308559160210964,1,1,,-0.5572704876673344,1,31,1,0.42741384939598603,-1,-1,-1,0,60,-1,0,1,-1,71,-1,-1,1,1,0,1,1,0,4.7521,0,7,2,29,7,-0.002263215695586381,-0.003475210986118989,-0.00598329919958843,4.9469195531897263e-05,DOWN,-3.710189664897919e-05,0.0026441285011823273,-3.710189664897919e-05,0.0035741493771828956,-3.710189664897919e-05,0.008634848080100486,0.0011600526352240595,0.011444698386314837,WIN,2.205667258224967,SELL_WIN
2026-07-29T08:00:00+00:00,PAXGUSD,15m,158,0.09861688578777096,0.0022300300806203143,0.0,0.10084691586839127,0.0,0,1,0.06051328780067889,1.9981895475812053,0.15940105277217792,1.2545568581040243,0.06458659590681401,0.37469742676512396,,,0.0009888776497149901,-0.0009481445686536391,,,55.6509002567847,5.650900256784702,4.44104313904063,3.832219887332732,0.6088232517078982,-1.0003765145410588,27.48533679991456,4.388782177737911,0.10874573637421667,0.6463287585310777,0.007877919667648895,0.2,1,1,6,1,23,1,1,0.005822856321642871,-0.11930660931359809,1,1,0.089448984345192,-0.8078903419875024,1,1,,-0.3823262682676703,1,33,1,0.13343013315757932,-1,-1,-1,0,50,-1,1,1,2,65,0,0,1,1,0,1,1,0,,0,8,2,29,7,-0.0012141274883419207,-0.002750370432774594,-0.005535430222358813,0.010062391286033487,DOWN,0.0004856509953367683,0.0012909396355635376,0.0004856509953367683,0.002861871936805948,0.0004856509953367683,0.0068907929491404335,0.010949447695883378,0.009705586473133111,NO_SETUP,,NO_SETUP
2026-07-29T08:30:00+00:00,PAXGUSD,15m,160,0.027762354247637497,0.010906639168717145,0.022061156500353788,0.06073014991670843,0.8204081632652706,1,0,0.01990876808744942,0.3161143462061773,0.11210390558877047,0.5931760923899674,0.024992986797623018,0.07098024504693967,,,0.0009219513750132104,-0.0008711091879114745,,,53.2937058020922,3.293705802092198,3.4506048845032637,3.760313197448717,-0.3097083129454532,-1.4720628584345374,25.146340997354503,4.322674428763799,0.10714965963263957,0.5671669647477375,0.007427098417844815,0.16,1,1,8,1,25,1,1,0.1559153644800499,-0.025035694455466665,1,1,0.05031926707384155,-0.8473714999603494,1,1,,-0.3433112556516199,1,35,1,0.09431764099309502,-1,-1,-1,0,50,-1,1,1,2,65,0,0,1,1,0,1,1,0,,0,8,2,29,7,-0.0011749424922661473,-0.0019978979931783796,-0.005356647100816926,0.011189220274450783,DOWN,0.0003098477036566987,0.001296402792099519,0.0003098477036566987,0.0027663202982469697,0.0003098477036566987,0.006501844213532057,0.011551122392321816,0.009317740144364166,NO_SETUP,,NO_SETUP
2026-07-29T09:00:00+00:00,PAXGUSD,15m,162,0.03893269850717065,0.0,0.009423200912565322,0.048355899419735976,0.19487179487182357,0,1,-0.019487241210071664,0.03355392059074802,0.0648913582539485,0.45032518178686587,-0.01561427981983728,0.01830775234839166,,,0.0008437859946402016,-0.0008050563807378578,,,50.81226189932933,0.8122618993293287,2.6136750496575587,3.4178438256024357,-0.804168775944877,-0.8262503293542682,23.014386145108862,3.9805713186789964,0.09870979811235918,0.46112220340659743,0.006182393243518387,0.06,1,1,10,1,27,1,1,0.11531022169320268,-0.06571442741655734,1,1,0.009671179883942683,-0.8883846649804165,1,1,,-0.3027823240589207,1,37,1,0.05368744730446768,-1,-1,-1,0,50,-1,0,1,-1,71,0,0,1,1,0,1,1,0,,0,9,2,29,7,-0.0007588156524326602,-0.0009894360958190205,-0.008572633040718074,0.014987849030402236,NEUTRAL,9.671179883942683e-05,0.0013812428706045006,9.671179883942683e-05,0.002360759807568314,9.671179883942683e-05,0.008914844021226956,0.018682735704012222,0.008914844021226956,NO_SETUP,,NO_SETUP
2026-07-29T09:30:00+00:00,PAXGUSD,15m,164,0.014386704700481888,0.0,0.047376906858485786,0.06176361155896767,1.0,1,0,-0.0370522688556815,-0.4748005321243909,0.03527295786730827,0.20158814358728705,-0.0409420939305782,-0.0918013644968596,,,0.0007232522672298977,-0.0007621505179788647,,,49.221142512173685,-0.7788574878263148,1.7296893303200704,2.8702432118382264,-1.140553881518156,-0.5748451700779071,20.272290084000165,3.7679415962078715,0.09346252254019277,0.35332095766773114,0.00501375736593363,0.04,1,1,12,1,29,1,1,0.08805655463227538,-0.008929678779602445,1,1,-0.017611310926455077,-0.9159121914920051,1,1,,-0.27557980900409595,1,39,1,0.026416966389682616,-1,-1,-1,0,50,-1,0,1,-1,71,0,0,1,1,0,1,1,0,,0,9,2,29,7,-0.0019074786059779373,-0.0017115217660920478,-0.007545578568770947,0.007957335979164065,DOWN,0.00024556616643923643,0.002001736326429409,0.0002728512960436336,0.0020885526478978227,0.0002728512960436336,0.00864442515192854,0.018960684608706337,0.00864442515192854,NO_SETUP,,NO_SETUP
2026-07-29T10:00:00+00:00,PAXGUSD,15m,166,0.015885347504395214,0.029288609461209626,0.009928342190244186,0.05510229915584902,0.1801801801802005,0,1,-0.08513486794710555,-0.8510271929635564,-0.028266551898847435,-0.011106061993814365,-0.10238501820459513,-0.1889662948174191,,,0.0005686831604825812,-0.0007411846630574769,,,45.13812728304105,-4.861872716958949,0.8202513455494227,2.2019609827251667,-1.381709637175744,-0.3318610636370618,17.92109059942991,3.626337396730257,0.09000879643002274,0.162942669837788,0.004393833186095242,0.02,1,1,14,1,31,1,1,0.022835187037558245,-0.11194205819498318,1,1,0.17846195086958874,-0.981788938337556,1,1,,-0.21048085443312936,1,41,-1,-0.0388446388193229,-1,-1,-1,0,50,-1,1,1,2,50,0,0,0,1,0,1,1,1,5.2104,0,10,2,29,7,0.00042691871418046616,-0.0025168347452262972,-0.0051379170834501536,0.0050063665494295105,DOWN,0.00049145293841698,0.0014371275320375103,0.0009258179092400644,0.0051776304522110845,0.0009258179092400644,0.007997279634239825,0.01962585042456066,0.007997279634239825,NO_SETUP,,NO_SETUP
2026-07-29T10:30:00+00:00,PAXGUSD,15m,168,0.13168617941124305,0.02062255262477706,0.011180902025478,0.16348963406149813,0.06838905775073299,0,1,-0.1644897069381095,-1.3207728268930623,-0.1258162954842175,-0.2715515781801514,-0.19986578994185436,-0.3142533727582304,,,0.0003867341145389201,-0.0007404949445763686,,,39.27661214244258,-10.72338785755742,-0.1003920121779629,1.4728529027147568,-1.5732449148927197,-0.2818256356162223,17.560815258191028,3.7632705104459663,0.0935039086059643,-0.01462211591083707,0.004698179354832662,0.07,1,1,16,1,33,1,1,0.02335566200878706,-0.2151702478681824,1,1,0.07553320479435859,-1.0859140511638172,1,1,,-0.10758512393408554,1,43,-1,-0.1419974557236316,-1,-1,-1,0,50,-1,1,1,2,50,0,0,0,1,0,1,1,1,12.1463,0,10,2,29,7,0.0011826909698066496,-0.002792740861476024,-0.003781629529507593,0.00953606710528934,DOWN,0.001957900176906744,0.0004074817627064424,0.001957900176906744,0.004151841618795738,0.001957900176906744,0.006974398219006468,0.020677214812458954,0.006974398219006468,NO_SETUP,,NO_SETUP
2026-07-29T11:00:00+00:00,PAXGUSD,15m,170,0.045700887690060824,0.009189852415946272,0.031295173092117545,0.08618591319812464,0.8933717579249802,1,0,-0.09984483179143498,-1.837185919519925,-0.08040753136044591,-0.573085482202714,-0.1559757580238655,-0.4666794732283961,,,0.0001943730043098908,-0.0007556822666341961,,,42.94319322188573,-7.056806778114272,-0.9022742777710846,0.6565334266599401,-1.5588077044310247,-0.21562029928210436,17.628934727106273,3.5796056952314856,0.08890823796331723,0.16039880189494937,0.005480910963355212,0.03,1,1,18,1,35,1,1,0.20615074338454137,0.007327044493778669,1,1,0.11176847532896059,-1.0492576089494345,1,1,,-0.1438087715899429,1,45,1,0.051165124261705774,-1,-1,-1,0,50,-1,1,1,2,50,0,0,0,1,0,1,1,1,2.4935,0,11,2,29,7,-0.0037206483565066684,-0.003365472979350086,-0.0038820917097595374,0.009281750940097151,DOWN,0.001594563581360017,0.0037206483565066684,0.001594563581360017,0.00451296265939417,0.001594563581360017,0.007334495725476692,0.02030709009532603,0.007334495725476692,NO_SETUP,,NO_SETUP
2026-07-29T11:30:00+00:00,PAXGUSD,15m,172,0.04021238094528611,0.0,0.012411228686817538,0.05262360963210365,0.23584905660378572,0,1,-0.03654167907307408,-0.5409617164323208,-0.020351285018046745,-0.11961485688971152,-0.09276986383794009,-0.2393947178820781,,,0.00016190394055027338,-0.0007241857881989333,,,47.571141187345354,-2.4288588126546458,-0.7443540753447451,0.15453792028717048,-0.8988919956319156,0.8075782041563276,15.68260435961542,3.5561396045618636,0.08827212374893235,0.30560119708879846,0.005401284761000673,0.03,1,1,20,1,37,1,1,0.03177274543825786,-0.11840312167223886,1,1,0.172019629599287,-0.988306140331282,1,1,,,,,1,0.04083294237962925,-1,-1,-1,0,50,-1,1,1,2,50,0,0,0,1,0,1,1,1,1.3848,0,11,2,29,7,-0.0022563613752634645,-0.007590707464857588,-0.0033063513221682325,0.007873683478916996,DOWN,0.0009904160492079854,0.005113426218968803,0.0009904160492079854,0.00793325737661378,0.0009904160492079854,0.00793325737661378,0.019691655434504574,0.00793325737661378,NO_SETUP,,NO_SETUP
2026-07-29T12:00:00+00:00,PAXGUSD,15m,174,0.12125428614024025,0.010684291606615224,0.0,0.13193857774685547,0.0,0,1,-0.1219532723617874,-0.7289505207077127,-0.11534949375051962,-0.2209824188357743,-0.18730479604475708,-0.2845689275523,,,6.603778611267775e-05,-0.0007195530229423748,,,41.884936896053254,-8.115063103946746,-1.0073080217202914,-0.21101328040038309,-0.7962947413199084,0.3127952885392544,14.630224263993108,3.7101918018926088,0.0921878398323463,0.1621641376952521,0.005116341348855177,0.1,1,1,22,1,39,1,1,0.16697311534065,-0.2181583262933012,1,1,0.07255379416587035,-1.0889280922327753,1,1,,,,,-1,-0.05876360383641198,-1,-1,-1,0,50,-1,1,1,2,50,0,0,0,1,0,1,1,1,1.8513,0,12,2,29,7,-0.003018933558614543,-0.00584405903692292,0.003585449485663244,0.011949013566565659,DOWN,-2.4847189782248006e-06,0.004122148784972343,-2.4847189782248006e-06,0.006944789544302494,0.005717338369030517,0.006944789544302494,0.02070764796501508,0.006944789544302494,NO_SETUP,,NO_SETUP
2026-07-29T12:30:00+00:00,PAXGUSD,15m,176,0.18762146250183426,0.03135318869393474,0.07912947622756035,0.29810412742332937,0.8948247078464265,1,0,-0.20339936451701174,-3.1207055282889087,-0.2344101225527593,-1.281529714581211,-0.3169247410056815,-0.8242074364220571,,,-0.00031010758035747573,-0.0008251461845292223,,,40.17093766346743,-9.829062336532573,-2.72647402321536,-1.0520068637447753,-1.6744671594705847,-1.008557098040279,18.058564525206982,4.943583747550234,0.12301358258828621,0.08372972515109707,0.006034557326009434,0.45,-1,1,24,-1,1,0,1,,-0.08870961721738098,0,1,,-1.2365846921788766,0,1,,,,,-1,-0.22668853095381197,-1,-1,-1,-1,75,-1,1,0,2,55,0,0,1,1,0,0,1,1,1.2657,0,12,2,29,7,-0.003127853824466974,-0.0026276958143492957,0.0060690815257556175,0.014074098035946666,DOWN,0.0008958053912554237,0.004354609540825087,0.0008958053912554237,0.0054942730663667195,0.007186349916515941,0.0054942730663667195,0.022198555264971664,0.0054942730663667195,NO_SETUP,,NO_SETUP
2026-07-29T13:00:00+00:00,PAXGUSD,15m,178,0.16220337462749942,0.05830351714721752,0.001993282637509773,0.22250017441222672,0.008958566629331323,0,1,-0.2867665746862437,-2.7751807159006603,-0.3430895984460996,-1.2849799479854482,-0.4334967985234536,-0.8453423276514513,,,-0.000563230237598559,-0.0009040720007735402,,,36.09917644327944,-13.90082355672056,-3.5708084891621183,-1.8592182156657395,-1.7115902734963788,-0.02208309958939525,21.56730418289677,5.129263537428524,0.1278008994047192,-0.01877479301289255,0.006351677767558186,0.55,-1,1,26,-1,3,0,1,,-0.2196348306208092,0,1,,-1.36901143147593,0,1,,,,,-1,-0.17005192501271396,-1,-1,-1,-1,75,-1,0,0,0,61,0,0,1,1,0,0,1,1,1.818,0,13,2,29,7,-0.0017491055144164122,-0.0009916581121620185,0.015684642753919245,0.01801180023321406,NEUTRAL,0.001659407795728359,0.004193368348664981,0.001659407795728359,0.004193368348664981,0.016576636734205775,0.004193368348664981,0.023535684742417948,0.004193368348664981,NO_SETUP,,NO_SETUP
2026-07-29T13:30:00+00:00,PAXGUSD,15m,180,0.0019937048768495285,0.07949898196444861,0.08074504751248524,0.16223773435378339,0.5099846390169052,1,0,-0.25174899161452774,-3.4690708354655726,-0.33616058017811523,-1.692986103464591,-0.43685223386429034,-1.0705244734153894,,,-0.0008441158856358751,-0.0010069165368617506,,,35.56649141164556,-14.433508588354442,-4.4531451423499675,-2.736494288935823,-1.7166508534141447,-0.199395719226668,25.47030480771843,5.397732335844002,0.13451856602387963,0.08290900204924605,0.0071516268810088825,0.64,-1,1,28,-1,5,0,1,,-0.24086447043460182,0,1,,-1.3904845450490095,0,1,,,,,-1,-0.0633001298400292,-1,-1,-1,-1,75,-1,0,0,0,61,0,0,1,1,0,0,1,1,1.4962,0,13,2,29,7,-0.0015027550509267489,-0.0005183632679813308,0.016634975066228384,0.018471675684027654,NEUTRAL,0.00027911868275916064,0.00398242549151056,0.00035886687783325514,0.00398242549151056,0.016998826206253762,0.00398242549151056,0.023752501476587546,0.00398242549151056,NO_SETUP,,NO_SETUP
2026-07-29T14:00:00+00:00,PAXGUSD,15m,182,0.20360027313451556,0.023261456267207506,0.03451699962231672,0.2613787290240398,0.13205741626795534,0,1,-0.5232891120624232,-4.8438425659928726,-0.6562068955874663,-2.40409828312886,-0.7760626696985938,-1.4561719796047328,,,-0.0013291778352504304,-0.001198557741111276,,,25.78496449997266,-24.21503550002734,-6.3662283871835825,-3.8558614636541053,-2.510366923529477,-0.7179134838632919,30.691972068407292,6.23100390182466,0.1558518545839991,-0.12894640970727533,0.009289437355044247,0.83,-1,-1,0,-1,7,0,1,,-0.2545003414181416,0,1,,-0.39944672751329524,0,1,,,,,-1,-0.42871114023656326,-1,-1,-1,-1,100,-1,0,-1,0,61,0,0,1,1,0,0,1,1,1.2286,0,14,2,29,7,0.0030915225748680405,0.004317126184645879,0.023764203870406116,0.020132415214493084,UP,0.0030915225748680405,-6.0029564560491466e-05,0.004704817122432784,-6.0029564560491466e-05,0.02749103933687326,-6.0029564560491466e-05,0.02749103933687326,-6.0029564560491466e-05,NO_SETUP,,NO_SETUP
2026-07-29T14:30:00+00:00,PAXGUSD,15m,184,0.09872334469693865,0.07373009287491922,0.02074439901226487,0.19319783658412276,0.10737386804656213,0,1,-0.3772203332199598,-4.980605819328048,-0.539985517471629,-2.650926558167157,-0.674433031699209,-1.6194257006272892,,,-0.0016276518425166924,-0.0013444751422758002,,,33.47138453036375,-16.52861546963625,-7.028199217628753,-4.919557284923656,-2.1086419327050967,-0.14154015736144654,34.66161265839748,6.624539078614103,0.16556877339653553,0.06300848069047087,0.010079868799025823,0.9,-1,-1,1,-1,9,0,1,,-0.1780769192318074,0,1,,-0.3229128135403459,0,1,,,,,-1,-0.21019324782308413,-1,-1,-1,-1,100,-1,0,-1,0,61,0,0,1,1,0,0,1,1,2.1893,0,14,2,29,7,0.00208693652713765,0.009484939066452126,0.015620782388755037,0.015570795885111066,UP,0.002924210463175011,0.0005973387185459608,0.0116293600727804,0.0005973387185459608,0.02670778889699773,0.0005973387185459608,0.02670778889699773,0.0005973387185459608,NO_SETUP,,NO_SETUP
2026-07-29T15:00:00+00:00,PAXGUSD,15m,186,0.04116591861123882,0.041664899442889716,0.03492865821559692,0.11775947626972544,0.6461864406779698,1,0,-0.16006888234247751,-3.1757793668416525,-0.33281946033560345,-2.0571298216691503,-0.47612819687298436,-1.355721134383657,,,-0.001727505779931259,-0.0014330873653738098,,,41.38314239532761,-8.61685760467239,-6.580447117873064,-5.567230323410314,-1.0132167944627497,1.1329245579103562,37.382919975025736,6.583709715743808,0.16425724746564663,0.28922779480574723,0.009959979816820128,0.88,-1,-1,3,-1,11,0,1,,-0.3524052123537674,0,1,,-0.14545291242636732,0,1,,,,,-1,-0.03293273488898198,-1,-1,-1,-1,100,-1,-1,-1,4,70,-1,-1,1,1,0,0,1,1,4.7771,0,15,2,29,7,0.0019385405309654984,0.008719690033107333,0.010196673294795353,0.01588754967977901,UP,0.0019809539016558816,0.0006337056561972081,0.009839902000164677,0.0006337056561972081,0.024891658786927583,0.0006337056561972081,0.024891658786927583,0.0006337056561972081,LOSS,-1.0,SELL_LOSS
2026-07-29T15:30:00+00:00,PAXGUSD,15m,188,0.02219728145653754,0.05960842997880852,0.04988153136301285,0.13168724279835892,0.3787878787878644,0,1,-0.10574690578247622,-1.5212615678683505,-0.27734167302065676,-1.4344439453393534,-0.42586692113501506,-1.0644292557681183,,,-0.0017159476723818056,-0.0014852524811435831,,,43.01432518316773,-6.985674816832272,-5.698015607119032,-5.676188453940521,-0.021827153178510805,1.5556482063053663,37.85722729039382,6.369627254901547,0.15886338084303647,0.3580217001146784,0.00944430052258489,0.86,-1,-1,5,-1,13,0,1,,-0.31911709689487644,0,1,,-0.11223344556677892,0,1,,,,,0,0.00024940765682050824,-1,-1,-1,-1,100,-1,-1,-1,4,70,-1,-1,1,1,0,0,1,1,4.9195,0,15,2,29,7,0.004132684873425655,0.016692854470632207,0.01336825040528742,0.01883776031924185,UP,0.005257513405661536,0.0003342062601322223,0.017585733882030233,0.0003342062601322223,0.024551689736874823,0.0003342062601322223,0.024551689736874823,0.0003342062601322223,LOSS,-1.0,SELL_LOSS
2026-07-29T16:00:00+00:00,PAXGUSD,15m,190,0.026430290109845284,0.08776851055341492,0.033162533817055695,0.14736133448031588,0.4043993231810833,1,0,-0.06270320926700881,-1.1214862267584067,-0.23072886635788475,-1.270395967996592,-0.3833643796412714,-0.995066281324398,,,-0.001680256570908759,-0.0015263551328338666,,,44.35297259220013,-5.647027407799868,-4.901645310517779,-5.466798173191263,0.5651528626734841,0.9791582316158056,37.11336892351018,6.1829439085630735,0.15416698229826514,0.42065123839859286,0.008896021312240824,0.77,-1,-1,7,-1,15,0,1,,-0.292852601264163,0,1,,-0.0860231140367236,0,1,,,,,1,0.026430290109845284,-1,-1,-1,-1,100,-1,-1,-1,4,70,-1,-1,1,1,0,0,1,1,5.0504,0,16,2,29,7,0.006263480071311887,0.01716223460622606,0.013215145054917655,0.01715974118263074,UP,0.009240627844061274,0.0005186321078157315,0.01752627445113512,0.0005186321078157315,0.02428345239430986,0.0005186321078157315,0.02428345239430986,0.0005186321078157315,LOSS,-1.0,SELL_LOSS
2026-07-29T16:30:00+00:00,PAXGUSD,15m,192,0.016188120907832084,0.022414321256997403,0.014942880837994492,0.05354532300282398,0.27906976744180634,0,1,0.04397123825852017,0.19497385972863412,-0.10437424375418941,-0.7002617144016767,-0.25479150470318956,-0.7150087857330618,,,-0.0014834548201270957,-0.0015041726094900019,,,49.905927423252116,-0.09407257674788383,-3.4341039994033054,-4.837693293535421,1.4035892941321153,1.1311810338085566,34.67304514107492,5.991517961975331,0.14921756490752427,0.6147903995382863,0.007177485891955872,0.74,-1,-1,9,-1,17,1,1,0.022663369270958123,-0.17445813378361485,0,1,,0.03212719380169212,0,1,,,,,1,0.14444784810063985,-1,-1,-1,-1,100,-1,-1,-1,4,70,-1,-1,1,1,0,0,1,1,5.192,0,16,2,29,7,0.006527548446064926,0.019363483085904132,0.011217122549056224,0.01431029888252157,UP,0.00804923181140096,0.0001444478481006172,0.02307429849400657,0.0001444478481006172,0.02307429849400657,0.0001444478481006172,0.02307429849400657,0.0001444478481006172,LOSS,-1.0,SELL_LOSS
2026-07-29T17:00:00+00:00,PAXGUSD,15m,194,0.31864086179108214,0.21242724119404727,0.0,0.5310681029851294,0.6000000000000085,1,0,0.5445724879451357,3.6959763341542384,0.45887699159283746,0.84383376536789,0.327583757481061,0.07149680335533048,,,-0.0008569549635229833,-0.0013129323411177642,,,68.54309431306262,18.543094313062625,0.12297929389796991,-3.3966964324085067,3.5196757263064766,2.406845501815222,34.42132468635494,7.75732926313178,0.19205921379964447,1.2660943369732762,0.008618954503471584,1.0,1,1,0,1,1,1,1,0.4340150976843499,-0.4057904992040136,1,1,0.8644402245093604,-0.7277737476572341,1,1,,,,,1,0.7313637185165849,-1,-1,-1,-1,75,-1,-1,0,3,85,-1,-1,1,1,0,1,1,1,7.5779,0,17,2,29,7,0.005912310629037084,0.006078192041158329,0.008333684077612659,0.005466659074084601,UP,0.010146000401086404,0.0012651552476708832,0.01706102702876666,0.0012651552476708832,0.01706102702876666,0.0012651552476708832,0.01706102702876666,0.0012651552476708832,LOSS,-1.0,SELL_LOSS
2026-07-29T17:30:00+00:00,PAXGUSD,15m,196,0.18277963552899426,0.0,0.0447674073487788,0.22754704287777308,1.0,1,0,0.544019038467465,6.405413733853948,0.5234874723665229,2.215449777257618,0.4151895889343382,0.8018900274178122,,,-0.00020531566100942078,-0.001082978834321848,,,68.86437729958804,18.864377299588043,3.230773479178879,-1.2809861213522908,4.511759600531169,2.267447882329985,35.54180854606361,8.10065635443505,0.2003565650892145,1.0939457201955505,0.011800957905881706,1.0,1,1,1,1,3,1,1,0.25326975207265134,-0.30422050297790276,1,1,0.964725261679102,-0.6258780347850247,1,1,,,,,1,0.5191535250004893,-1,-1,-1,-1,75,-1,-1,0,3,85,-1,-1,1,1,0,1,1,1,3.1534,0,17,2,29,7,0.014031243198322205,0.001464215754170065,0.007956726488454479,0.002226003680326085,NEUTRAL,0.014518490670571198,0.0007518945764656907,0.016032173173192908,0.0007518945764656907,0.016032173173192908,0.0007518945764656907,0.016032173173192908,0.0007518945764656907,LOSS,-1.0,SELL_LOSS
2026-07-29T18:00:00+00:00,PAXGUSD,15m,198,0.83087407363796,0.0878219422386839,0.03385315091882135,0.9525491667954652,0.9078032449137176,1,0,1.1844302150769164,9.338173147214093,1.2658753329171137,3.7365916628978084,1.197376608833024,1.6255175138439881,,,0.0008144511784019728,-0.0006849872408408945,,,79.62409949497079,29.624099494970793,8.030588692154197,1.4883211770921352,6.542267515062061,2.591185871368367,38.344986893438715,10.063423081120037,0.24686853646744916,1.2698250405350606,0.01848841314194405,1.0,1,1,0,1,5,1,1,1.0683367554453216,-0.08524615901658827,1,0,1.7739787019524451,,1,0,,,,,1,1.332047894849163,-1,-1,-1,0,60,-1,0,1,-1,58,0,0,1,1,0,0,1,1,1.1277,1,18,2,29,7,0.0005249691519295873,-0.003270018128607612,0.0022912205042157343,-0.005978270202113097,DOWN,0.007729802793130206,0.006515504988433494,0.007729802793130206,0.008833709888309076,0.007729802793130206,0.008833709888309076,0.007729802793130206,0.008833709888309076,NO_SETUP,,NO_SETUP
2026-07-29T18:30:00+00:00,PAXGUSD,15m,200,0.38461727027146414,0.03578975236433076,0.3387769710103046,0.7591839936460996,0.9528576041330312,1,0,1.0628522087196697,12.95705330191413,1.2496590411510402,5.680406221691101,1.2269091425478806,2.6959981524541945,1.051612052353384,,0.0018680683243137044,-0.00022749898603159616,-0.0017529709019449646,0,73.4686105725356,23.468610572535596,12.237219861787707,4.954314493369823,7.282905368417884,2.7479436897022413,40.750196677422345,12.004890309741254,0.2942822269497143,1.0623309078531822,0.023987709095556586,1.0,1,1,0,1,7,1,0,0.6485054101358522,,1,0,0.24023258436331457,,1,0,,,,,1,1.403399536204031,-1,-1,-1,-1,60,-1,0,1,-1,58,0,0,1,1,0,0,1,1,5.7761,1,18,2,29,7,-0.009145997676117436,-0.0038804916433379404,0.0018066470885281319,-0.007398183057229356,DOWN,0.007001063887159199,0.009464673553334116,0.007001063887159199,0.009550470904892418,0.007001063887159199,0.009550470904892418,0.007001063887159199,0.009550470904892418,NO_SETUP,,NO_SETUP
2026-07-29T19:00:00+00:00,PAXGUSD,15m,202,0.20034008951781115,0.16369251216699124,0.19936282078845685,0.5633954224732592,0.3538594969644421,0,1,1.1259996526140128,15.494141138301984,1.4515247011938786,7.307602975116879,1.4922870860444823,3.6414957251449778,1.3528381673944827,1.618192673277008,0.0032552504857986573,0.00040762384850603927,-0.0013944891864999984,0,73.50213320117405,23.502133201174047,17.703361538019635,9.224564223061371,8.478797314958264,1.897729418265401,43.137101917873814,13.624624807889074,0.3328729943486766,0.9747809527717961,0.030550293901949202,1.0,1,1,0,1,9,1,0,0.2487148916208939,,1,0,0.5731681097668245,,1,0,,,,,1,1.7324531399644238,-1,-1,-1,1,50,-1,0,1,-1,58,0,0,1,1,0,0,1,1,3.7984,1,19,2,29,7,-0.009975470554893166,-0.007991615034302142,-0.003547485487559365,-0.01160995250473975,DOWN,0.0010359048531164566,0.012855970134667605,0.0010359048531164566,0.012855970134667605,0.0010359048531164566,0.012855970134667605,0.0010359048531164566,0.012855970134667605,NO_SETUP,,NO_SETUP
2026-07-29T19:30:00+00:00,PAXGUSD,15m,204,0.36913263673903307,0.0703812894049121,0.0634908135191119,0.503004739663057,0.12622309197651274,0,1,0.30317142140574993,9.159330954482812,0.666496573280843,5.292823815168958,0.740457397378631,2.7647661603905362,0.6214086323803002,1.2172750192926287,0.0036332515187509303,0.0007396082409778811,-0.0011904876499833077,0,57.53912148510686,7.539121485106861,16.674421378989337,12.104423083246688,4.569998295742648,-4.032203308065279,41.841436207704525,14.650365268026778,0.36052853070511176,0.6812880022459273,0.03047785408184434,1.0,1,1,1,1,11,1,1,0.26220721629695354,-0.48184113515668275,1,0,1.463364816245777,,1,0,,,,,1,0.27771078703999563,-1,-1,-1,1,50,-1,0,1,-1,58,0,0,1,1,0,0,1,1,6.3145,1,19,2,29,7,0.00019440985534921514,0.0022418655471284255,-4.921768489849298e-05,-0.0072940609019632625,UP,0.0006521343249056475,0.005699407911250635,0.0022492481998631435,0.005699407911250635,0.007510618715516855,0.005699407911250635,0.007510618715516855,0.008145526850707975,NO_SETUP,,NO_SETUP
2026-07-29T20:00:00+00:00,PAXGUSD,15m,206,0.1859700077055239,0.048406535870231866,0.0269199612747749,0.2612965048505307,0.8147448015122826,1,0,-0.030056653848343502,0.29342057725216364,0.2924572946699295,1.8073625452602755,0.37230201301551064,1.082281456522196,0.26100008012224035,0.3972225449620055,0.00322513948518273,0.0007984471834558114,-0.001113019328932703,0,51.43546764625242,1.4354676462524196,11.945626068475576,12.343858399643588,-0.39823233116801227,-7.347669476166633,36.43268502043676,15.076590460696556,0.37234975353902544,0.534636903253418,0.028349431646096688,0.99,1,1,3,1,13,1,1,0.399106948807615,-0.1718925967636782,1,0,1.10952225712762,,1,0,,,,,-1,-0.08038942564163627,-1,-1,-1,1,60,-1,0,1,-1,66,0,0,1,1,0,0,1,1,,2,20,2,29,7,0.0026475411455555526,0.0064830181969059335,0.005633434097959009,-0.003709521269239124,UP,0.00380337067551817,0.0017090470827653154,0.006487957639341666,0.0017090470827653154,0.011128563807717371,0.0017090470827653154,0.011128563807717371,0.004583802580364715,NO_SETUP,,NO_SETUP
2026-07-29T20:30:00+00:00,PAXGUSD,15m,208,0.30986192808445995,0.0002461174964981979,0.0002461174964981979,0.31035416307745634,0.9992069785884046,1,0,0.28184308947831793,1.263321606322279,0.5985663862932337,2.0646972207500767,0.6941401205846827,1.2355887222215642,0.5967760235140878,0.4866020643808042,0.0031672329681491575,0.0009557373429144902,-0.0009736409707059497,0,56.43495217748345,6.434952177483453,10.311361162416233,11.659940305834233,-1.3485791434180001,-2.7045527401736074,32.61080179753437,14.569662182947559,0.35858487812132506,0.6257938868683338,0.026030288424279513,0.96,1,1,5,1,15,1,1,0.7437670744013143,-0.19147941227142332,1,0,1.4517240530629354,,1,0,,,,,-1,-0.27269818611404906,-1,-1,-1,1,60,-1,0,1,-1,53,0,0,1,1,0,0,1,0,2.5528,1,20,2,29,7,-0.0007063572149343828,0.005579483645492376,0.0053973566980877385,-0.006330142009795427,UP,0.00032979744530042224,0.0012256651325342764,0.007629642391277596,0.0012256651325342764,0.007629642391277596,0.0012256651325342764,0.007629642391277596,0.008028352735595946,NO_SETUP,,NO_SETUP
2026-07-29T21:00:00+00:00,PAXGUSD,15m,210,0.014027143753607288,0.0,0.04503451415635053,0.059061657909957814,0.7625000000001303,0,1,0.23801588829258383,3.4350999997327563,0.5619415535146521,2.9282422249211777,0.6770958997352926,1.7092466490048537,0.5955501761183136,0.7408219685539734,0.0032392566522206827,0.0011515434622064048,-0.0008154572361697884,0,56.478212956465356,6.478212956465356,9.685122426988528,11.009177224292383,-1.3240547973038552,0.06303843451557967,30.128815832924747,13.019861780194583,0.3204060927069824,0.5905778612108207,0.022634547929357155,0.92,1,1,7,1,17,1,1,0.17829237981567572,-0.18038414686665422,1,0,1.4626373491159306,,1,0,,,,,-1,-0.2615939264928364,-1,-1,-1,1,50,-1,1,1,2,47,0,0,1,1,0,0,1,0,,1,21,2,29,7,0.002101610660629244,0.005709293597962328,0.003893147617231167,-0.00418107319954233,UP,0.002396918950178977,0.0013362700102128166,0.007518056871454695,0.0013362700102128166,0.007518056871454695,0.0013362700102128166,0.007518056871454695,0.008138204279509335,NO_SETUP,,NO_SETUP
2026-07-29T21:30:00+00:00,PAXGUSD,15m,212,0.014284553225967524,0.0,0.003201710205823397,0.017486263431790924,1.0,1,0,0.13128485987450136,2.1393902492141024,0.4464662607690556,2.41880414534171,0.5751398642817142,1.4973950011662964,0.5066250683856958,0.653050438768787,0.003151814008945543,0.001286736035126585,-0.0006851479589601834,0,54.832756170476024,4.832756170476024,8.366739333326223,10.155664807490684,-1.7889254741644613,-0.5099279453009231,27.357002622928615,11.653095106392275,0.28699871947335004,0.5086726655914482,0.018489990696346888,0.88,1,1,9,1,19,1,1,0.09912987368020916,-0.01711683533111124,1,0,1.3844933786170126,,1,0,,,,,1,0.19456546635371108,-1,-1,-1,1,50,-1,1,1,2,47,0,0,1,1,0,0,1,0,,1,21,2,29,7,0.005738449830432547,0.004479931434144529,0.003058864673561034,-0.003460309876290776,UP,0.006127580763139968,2.4628540044752287e-05,0.008317057973120406,2.4628540044752287e-05,0.008317057973120406,2.4628540044752287e-05,0.008317057973120406,0.007351619203365222,NO_SETUP,,NO_SETUP
2026-07-29T22:00:00+00:00,PAXGUSD,15m,214,0.30569476193867623,0.0007366138841833123,0.0,0.3064313758228595,0.9975961538461743,1,0,0.3819360292371647,2.696643718744326,0.7025612001093605,2.6147822964107945,0.8484335273435758,1.6302782478610425,0.7955754102150387,0.7360696622772593,0.003206251708721958,0.0014587232723421522,-0.0005285811712853685,0,60.210266278904506,10.210266278904506,8.233905961760684,9.391956330687695,-1.158050368927011,0.46707382411533516,25.92851333519956,10.963178943776994,0.2691876608280275,0.6460016037113674,0.016216724596230653,0.87,1,1,0,1,21,1,1,0.402313949748195,0.04444237101276909,1,0,0.30164338557563447,,1,0,,,,,1,0.2801588139534389,-1,-1,-1,1,50,-1,1,1,2,47,0,0,1,1,0,0,1,0,,1,22,2,29,7,0.0034694513945328783,-0.0022859584206016037,-0.0028433295929717033,-0.0046627658869200055,DOWN,0.005256967753499494,0.0007145154676638424,0.005256967753499494,0.0022859584206016037,0.005256967753499494,0.0032116365350664863,0.005256967753499494,0.01036415735054719,NO_SETUP,,NO_SETUP
2026-07-29T22:30:00+00:00,PAXGUSD,15m,216,0.07852201929187415,0.000490762620573795,0.05668308267632354,0.13569586458877148,0.9963833634719742,1,0,0.37144278347777826,4.655075697204211,0.7099769860303263,3.447401881462156,0.8774663781429874,2.092829831122799,0.842633673993088,0.9871957302007104,0.003385342025525481,0.0016748939211266114,-0.00034832704149899494,0,61.21673084926373,11.216730849263733,8.767934238432645,9.115504894741264,-0.34757065630861916,1.5492128819763415,25.775088648888964,10.058200211726069,0.24680943470835373,0.6503405716799002,0.014378601837288481,0.82,1,1,2,1,23,1,1,0.2439090224253993,0.10821315783661664,1,0,0.3652500803623845,,1,0,,,,,1,0.34377921571226144,-1,-1,-1,1,50,-1,1,1,2,47,0,0,1,1,0,0,1,0,,1,22,2,29,7,0.001545902254808905,-0.0008441117073877086,-0.005685484959352604,-0.002561780879397553,NEUTRAL,0.004615622446500727,-0.00012514446824648512,0.004615622446500727,0.0029887443592970897,0.004615622446500727,0.006141894196486568,0.004615622446500727,0.010995536513965863,NO_SETUP,,NO_SETUP
2026-07-29T23:00:00+00:00,PAXGUSD,15m,218,0.05017414098199806,0.2038783387219527,0.0,0.25405247970395073,0.19749518304433145,1,0,0.5177635462311172,6.05615040065959,0.8924535709814904,4.1309849740068785,1.088355647981095,2.4940010954642275,1.0757666085253152,1.2115397666316312,0.0037469002475037324,0.001959020769996046,-0.00012589039455779798,0,65.4653810405329,15.465381040532904,10.290143641806935,9.425868860055163,0.8642747817517726,1.6225098692288764,27.54299752857107,10.078448141743388,0.24667194046026547,0.7921747315788417,0.014044306931314171,0.83,1,1,4,1,25,1,0,0.15309231797189046,,1,0,0.6208132126869657,,1,0,,,,,1,0.5993974208044074,-1,-1,-1,1,37,-1,1,1,2,47,0,0,1,1,0,0,1,0,,1,23,2,29,7,-0.0031083492218112667,-0.00018111641134958202,-0.00825058679269759,-0.005093287189440411,NEUTRAL,0.0010353005675796773,0.003717781470812125,0.0010353005675796773,0.005546078217814477,0.0010353005675796773,0.00869114022571015,0.0010353005675796773,0.01353233295070451,NO_SETUP,,NO_SETUP
2026-07-29T23:30:00+00:00,PAXGUSD,15m,220,0.0073407964764221414,0.07218449868476952,0.02887379947390558,0.10839909463509724,0.26636568848755754,0,1,0.4432187910555848,6.248186609156619,0.8457036336757605,4.370117232829671,1.0684348565978423,2.6817846031412955,1.0777001897209326,1.3321790623595007,0.004024848426201758,0.0022273122292208176,9.265333123090195e-05,1,65.83432457808568,15.834324578085685,11.084175582052922,9.978598937533382,1.1055766445195392,0.7283955650157239,29.55602470094764,9.273814979360372,0.22692396107812743,0.7680571558220778,0.014766807927649719,0.78,1,1,6,1,27,1,0,0.03413470361534182,,1,0,0.6446442772374199,,1,0,,,,,1,0.26035358169695544,-1,-1,-1,1,50,-1,1,1,2,47,0,0,1,1,0,0,1,0,,1,23,2,29,7,-0.004791093166941929,-0.0018058359331987789,-0.009188230256316187,-0.005527619746742557,DOWN,0.00045023551722032066,0.00578454762341711,0.00045023551722032066,0.00578454762341711,0.00045023551722032066,0.009621337248424828,0.00045023551722032066,0.013768887257600778,NO_SETUP,,NO_SETUP
2026-07-30T00:00:00+00:00,PAXGUSD,15m,222,0.07551758971391405,0.03064837244882948,0.04266253444876528,0.1488284966115088,0.28665568369025785,0,1,0.19187916391653312,3.964071124502425,0.5931411037194726,3.551100144569318,0.8332736032627053,2.331137231192315,0.8599570472028695,1.1820346785598304,0.004012619398029394,0.0024013249954323262,0.00026683443940164303,1,59.010384211157394,9.010384211157394,10.143752541456251,10.137128536252298,0.0066240052039532316,-1.098719660189376,29.562613874991488,8.894156793428055,0.2180731440186159,0.6856129173327089,0.012607602394236868,0.76,1,1,8,1,29,1,1,-0.02439610446926559,-0.1395113913870731,1,0,0.4441562135284426,,1,0,,,,,1,0.059090062081350814,-1,-1,-1,1,50,-1,1,1,2,60,0,0,1,1,0,1,1,1,3.0888,0,0,3,30,7,-0.00011768975020350966,-0.0014147288722379642,-0.008091170326490982,-0.0025573001971302915,NEUTRAL,0.002174808508968913,0.0037783313554916624,0.002174808508968913,0.0037783313554916624,0.002174808508968913,0.008775241999548848,0.002174808508968913,0.011778782499534136,NO_SETUP,,NO_SETUP
2026-07-30T00:30:00+00:00,PAXGUSD,15m,224,0.22567419242108966,0.020918545644264357,0.0,0.246592738065354,0.0,0,1,-0.16789722752862227,0.33190402708669353,0.19664142427131162,2.0484934437181437,0.4409676870065278,1.6136080779242548,0.47850184407910157,0.8426696197034289,0.0036453865179993388,0.002443262627352162,0.0003753415707257378,1,48.14969626614928,-1.8503037338507227,7.420181911899817,9.429119751684917,-2.0089378397850997,-2.6364322294568048,26.67569519534121,8.98623723514971,0.22115178091022034,0.39484665837305094,0.012464976056390043,0.76,1,1,10,1,31,1,1,-0.0484818057872953,-0.2881837288168972,1,0,0.07321490975494203,,1,0,,,,,-1,-0.3132859835900054,-1,-1,-1,1,50,-1,1,1,2,52,0,0,1,1,0,1,1,1,2.0075,1,0,3,30,7,0.0042329292362515486,-0.0005586482189704093,-0.007245199809025996,0.004114800978495686,NEUTRAL,0.005908873893162777,6.644714498766588e-05,0.005908873893162777,0.0009277990244574669,0.005908873893162777,0.008096707667016152,0.005908873893162777,0.008096707667016152,NO_SETUP,,NO_SETUP
2026-07-30T01:00:00+00:00,PAXGUSD,15m,226,0.09479720520156998,0.38164470695138486,0.013752962412661211,0.49019487456561606,0.22144288577154633,1,0,0.04302862032426459,-0.82250033156879,0.37749257132576763,1.4154912565804807,0.6248830705277378,1.3058751859366566,0.6730779904376771,0.7020326132992523,0.0033446395100150306,0.0024739049920197024,0.0004819491990993922,1,53.64914297273112,3.64914297273112,5.751178438190891,8.195335005906896,-2.4441565677160053,-1.6210592692315746,25.007424232738224,9.515633126226005,0.23369311556727299,0.5184648468669572,0.009863993287572585,0.78,1,1,12,1,33,1,0,0.1596325994326903,,1,0,0.28107616930879487,,1,0,,,,,-1,-0.10462074978203431,-1,-1,-1,1,50,-1,1,1,2,57,0,0,1,1,0,1,1,1,2.5566,1,1,3,30,7,0.0018099880889521694,-0.004845463364318435,-0.009290617286982559,0.0014023109888625653,DOWN,0.003600329088743522,0.00030944165428484926,0.003600329088743522,0.005302258187310361,0.003600329088743522,0.010160000982354431,0.003600329088743522,0.010160000982354431,NO_SETUP,,NO_SETUP
2026-07-30T01:30:00+00:00,PAXGUSD,15m,228,0.16254470591404047,0.03622984408927274,0.009791849753859602,0.2085663997571728,0.8262910798122134,1,0,0.3139661134432135,2.290878413386963,0.65162111652355,2.5593981188198995,0.9117545340379047,1.8928813545112462,0.9755597553941884,1.0102619618141944,0.0033765500308033654,0.002601334175143547,0.0006380522135628359,1,61.085624143993684,11.085624143993684,6.2187922525045,7.406753600553174,-1.1879613480486748,1.3030210673474025,25.466737590398193,9.485265297613248,0.2321957316742655,0.8107161570479323,0.00911234041525163,0.76,1,1,14,1,35,1,0,0.3854316859362194,,1,0,0.602810750471856,,1,0,,,,,1,0.23941072648181771,-1,-1,-1,1,50,-1,1,1,2,57,0,0,1,1,0,1,1,1,1.7069,1,1,3,30,7,-0.00565724119529113,-0.008070932159617005,-0.011664541019282621,-0.0022545734058256697,DOWN,0.0002864116053002348,0.005662137120168055,0.0002864116053002348,0.00851156539854052,0.0002864116053002348,0.013353635101823042,0.0002864116053002348,0.013353635101823042,NO_SETUP,,NO_SETUP
2026-07-30T02:00:00+00:00,PAXGUSD,15m,230,0.029906578711915193,0.11521386880816936,0.0,0.14512044752008454,0.0,0,1,0.1412341366191976,2.754211127511553,0.47315451448810353,2.743681231559549,0.7433362696267535,2.014442716945723,0.8212772544277522,1.0894924370636545,0.0033192037786890596,0.002701817551386499,0.000779409848009988,1,56.6637770153016,6.663777015301598,5.965133627842533,6.920566977912605,-0.9554333500700718,1.0109309232961454,26.065279378958603,8.974233853554278,0.21999068124622864,0.6204097911455246,0.008706255008147885,0.71,1,1,16,1,37,1,0,0.24721954615541217,,1,0,0.46490021743553894,,1,0,,,,,1,0.10099598712546033,-1,-1,-1,1,50,-1,1,1,2,52,0,0,1,1,0,1,1,1,1.7026,1,2,3,30,7,-0.0066824043908740235,-0.007395749833920452,-0.008042908586374844,-0.00036034975988934566,DOWN,1.7159512375725594e-05,0.0066824043908740235,1.7159512375725594e-05,0.007829640361134208,1.7159512375725594e-05,0.011984693714960857,0.00038731470790831117,0.011984693714960857,NO_SETUP,,NO_SETUP
2026-07-30T02:30:00+00:00,PAXGUSD,15m,232,0.13234301147872746,0.0,0.029955189982193847,0.1622982014609213,0.18456883509831473,0,1,-0.030944668744241798,1.0082317846522528,0.2814512484950254,2.0067430361300467,0.5560959931045754,1.6676319055763997,0.6454331391408649,0.9327727036502438,0.0031239591723926717,0.0027464474460954995,0.000893371460362895,1,51.332118871188555,1.3321188711885554,4.954772993105507,6.336052401652136,-1.3812794085466287,-0.3919662680544187,24.890705254592405,8.546609802299313,0.2098486232226214,0.36661556631752307,0.007249425141082849,0.66,1,1,18,1,39,1,1,0.08507765023633038,-0.14744337364189083,1,0,0.30311214781168144,,1,0,,,,,-1,-0.06138358602909582,-1,-1,-1,1,50,-1,1,1,2,60,0,0,1,1,0,1,1,1,1.699,0,2,3,30,7,-0.003972745687803041,-0.006685900190289121,-0.006499294088760616,0.0006874961635259179,DOWN,0.00029464121293961527,0.005522067399177407,0.00029464121293961527,0.007370941010373821,0.00029464121293961527,0.010378736725799517,0.002941501442514276,0.010378736725799517,NO_SETUP,,NO_SETUP
2026-07-30T03:00:00+00:00,PAXGUSD,15m,234,0.01896033350487876,0.14478800130998937,0.03693571461989456,0.20068404943476267,0.18404907975459917,0,1,-0.2617487490005965,-2.4030574279831853,-0.0047791913906856795,0.4847635639175678,0.2600524966622667,0.9049250374037001,0.35332381187140854,0.5621992484648217,0.002569695576099109,0.002648316880529524,0.0009327131520914184,1,43.523377551199665,-6.4766224488003346,2.133872920999238,5.030846698331087,-2.8969737773318487,-1.9401948808365983,21.889927023781787,8.750648247900926,0.2154742976156993,0.02495449916191768,0.007791603707608864,0.67,-1,1,20,-1,1,1,1,0.11831740583239156,-0.21016421618720765,1,0,1.4034340365072688,,1,0,,,,,-1,-0.34818066981686957,-1,-1,-1,1,50,-1,1,0,2,65,0,0,1,1,0,1,1,1,,0,3,3,30,7,-0.0020733247806634324,-0.006690289108150252,-0.0018246243022228673,0.0029474700266675364,DOWN,9.849523898640789e-05,0.002671683357505684,9.849523898640789e-05,0.007542272925382496,9.849523898640789e-05,0.007542272925382496,0.005816143862146036,0.007542272925382496,NO_SETUP,,NO_SETUP
2026-07-30T03:30:00+00:00,PAXGUSD,15m,236,0.005922825582663803,0.045901898265591164,0.045901898265591164,0.09772662211384614,0.46969696969693664,0,1,-0.39633269921574993,-4.67896537755496,-0.20921183802227675,-0.7144954567602326,0.03725480830605857,0.2747623067925815,0.1296322316284224,0.250224807268296,0.0018712086119347321,0.002464666463283353,0.0009237742332236382,1,38.332271180308695,-11.667728819691305,-1.0062442986231872,3.0785170283540713,-4.084761326977258,-1.7609122910249049,21.073290477121493,8.451528336200264,0.2085705343425235,-0.009902742607020594,0.010551833097888685,0.62,-1,-1,1,-1,3,1,1,0.4748131842097416,-0.11833311945352243,1,1,1.1846885087312349,-0.7435613950228549,1,1,,,,,-1,-0.5708123155286643,-1,-1,-1,1,75,-1,1,0,2,65,0,0,1,1,0,1,1,1,,0,3,3,30,7,-0.00130302162818469,-0.004466797626921194,0.003141565402801501,0.008171031460075251,DOWN,0.0013696534159896997,0.0016559233191514656,0.0013696534159896997,0.0053404144003632355,0.0046099325785021895,0.0053404144003632355,0.010638875452849405,0.0053404144003632355,NO_SETUP,,NO_SETUP
2026-07-30T04:00:00+00:00,PAXGUSD,15m,238,0.12092614620711666,0.01752195179735829,0.0064164893905757445,0.1448645873950507,0.04429301533215815,0,1,-0.33524312827604963,-4.226137191150428,-0.19868813077169936,-0.8325734685436146,0.032211497400514114,0.1748774991542632,0.12451933701200374,0.20004783526746905,0.0013655499750435025,0.002308996281722135,0.0009230783961148962,1,39.52044274891353,-10.479557251086469,-2.623067808133328,1.1701044792141333,-3.7931722873474616,-0.06861493441665267,19.762388073124164,8.062083106213493,0.19896257968079178,0.09124106632399877,0.011382714639568836,0.59,-1,-1,3,-1,5,1,1,0.4733394865821295,-0.11981559996643727,1,1,1.1832253224285958,-0.7450531334679165,1,1,,,,,-1,-0.4137401716657669,-1,-1,-1,1,60,-1,1,-1,2,65,0,0,1,1,0,1,1,1,,0,4,3,30,7,-0.0011623717319092107,-0.003622848625143714,0.003183565889942422,0.010014659210376926,DOWN,0.0004072002882484689,0.0032230519784998113,0.0004072002882484689,0.005325686194182694,0.004624808122288475,0.005325686194182694,0.015039263979309303,0.005325686194182694,NO_SETUP,,NO_SETUP
2026-07-30T04:30:00+00:00,PAXGUSD,15m,240,0.09014126247160158,0.0,0.04371233823965183,0.1338536007112534,0.3265682656826491,0,1,-0.33986698450374564,-4.112280104320689,-0.2519874480307769,-1.0360972310545549,-0.03856430379286908,0.033143257446226926,0.0520581673712303,0.12836846425670956,0.0008787953647296871,0.002134231442379078,0.0009062247116409937,1,37.90654053924848,-12.093459460751518,-3.9804639608314574,-0.567037243151134,-3.4134267176803235,0.4270511915319677,19.24016409250783,7.536949208929002,0.18613427859648826,0.11086574503252052,0.011509873817802972,0.54,-1,-1,0,-1,7,1,1,0.4030425763113629,-0.19053146300504165,1,1,1.1134298132964546,-0.1382989232441066,1,1,,,,,-1,-0.11767756593895899,-1,-1,-1,1,60,-1,1,-1,2,60,0,0,1,1,0,1,1,0,1.7091,0,4,3,30,7,-0.0034624123283611536,-0.0006519806381507144,0.0036945569495209023,0.013861997431591453,NEUTRAL,0.000627284401857148,0.004623135434159785,0.000627284401857148,0.004623135434159785,0.005334387039415283,0.004623135434159785,0.015756198755309737,0.004623135434159785,NO_SETUP,,NO_SETUP
2026-07-30T05:00:00+00:00,PAXGUSD,15m,242,0.002719057129865316,0.0,0.06624611916391061,0.06896517629377592,1.0,1,0,-0.35574099351902394,-4.49894130988605,-0.31802243929418167,-1.4342827573100294,-0.12511707126725183,-0.2114560272293602,-0.03841125939956532,0.003059814188418386,0.000377185542248422,0.0019290536802692988,0.000867058118676865,1,35.62332466551655,-14.376675334483451,-5.309433108446683,-2.176244762204642,-3.133188346242041,0.40195182553870534,19.80494541333499,7.179614368923495,0.17747074217711184,0.12764392271588154,0.012231819595837789,0.52,-1,-1,2,-1,9,1,1,0.31244438292234056,-0.02360635962743794,1,1,1.023477822381306,-0.22938954695564973,1,1,,,,,-1,-0.20874943146987687,-1,-1,-1,1,60,-1,1,-1,2,60,0,0,1,1,0,1,1,0,7.3538,0,5,3,30,7,-0.002847594376001103,0.00018786212897234922,0.005579010856453599,0.00900749471019796,NEUTRAL,0.001537503213431104,0.0037176926575569922,0.001537503213431104,0.0037176926575569922,0.006664161838280378,0.0037176926575569922,0.01668017955664538,0.0037176926575569922,NO_SETUP,,NO_SETUP
2026-07-30T05:30:00+00:00,PAXGUSD,15m,244,0.3324293370749157,0.10882660624599952,0.08577222269047226,0.5270281660113875,0.16274694261524342,0,1,-0.5556772479280201,-5.070788691312828,-0.5719274053857757,-1.8995820454838395,-0.40281643210778567,-0.49451823574872833,-0.32241354210042034,-0.14358378006318162,-0.00016250157457755655,0.0016911097327798996,0.0008040289000736534,0,29.989549742510974,-20.010450257489026,-6.803615799422914,-3.6468145344917837,-3.1568012649311306,0.14684046504086057,21.98179776495624,8.263647083408516,0.20485299938542756,0.019128835002980543,0.013995248020277889,0.61,-1,-1,0,-1,11,1,1,0.3083833671299041,-0.5695424324605698,1,1,0.7393516016599224,-0.5171123021165444,1,1,,,,,-1,-0.49641293623603944,-1,-1,-1,1,60,-1,1,-1,2,60,0,0,1,1,0,1,1,0,4.6534,0,5,3,30,7,0.0006321363232967588,0.0048984367640569175,0.011442906934659379,0.016723104458668096,UP,0.0017625448073100064,0.0006073466635597636,0.005218223374665891,0.0006073466635597636,0.011584207995161062,0.0006073466635597636,0.019598704988175317,0.0006073466635597636,NO_SETUP,,NO_SETUP
2026-07-30T06:00:00+00:00,PAXGUSD,15m,246,0.027763868300104882,0.11303860665043666,0.018096092731320575,0.15889856768186214,0.11388455538222071,0,1,-0.45571950952834384,-6.311416593115609,-0.5271922326825556,-2.6658502465224956,-0.38566635056317483,-0.9397856316604702,-0.3143624185449938,-0.37523925829191285,-0.000714727231542117,0.0014152588211938065,0.0007130393201818107,0,30.770443645791374,-19.229556354208626,-8.200483973660994,-5.187404519854201,-3.0130794538067924,-0.2876016295893562,24.45003534293639,8.063348760694083,0.19988370808013056,0.12695643180024696,0.01569699621257395,0.57,-1,-1,2,-1,13,1,1,0.3103603849262022,-0.5675480042240738,1,1,0.7413200727810025,-0.515118913639501,1,1,,,,,-1,-0.1757552020069234,-1,-1,-1,1,100,-1,0,-1,0,46,0,0,1,1,0,0,1,1,,0,6,3,30,7,0.002992052592699135,0.007642500532967097,0.010793203801666814,0.018502635088571667,UP,0.003909251813327644,0.0006271659535649799,0.00911745603641038,0.0006271659535649799,0.01163355660110754,0.0006271659535649799,0.019578484985200872,0.0006271659535649799,NO_SETUP,,NO_SETUP
2026-07-30T06:30:00+00:00,PAXGUSD,15m,248,0.07579172631756104,0.012136583626009483,0.03740049239854109,0.1253288023421116,0.9031620553360105,1,0,-0.2973998029872009,-4.9517945354068615,-0.4062722372669466,-2.372328505151927,-0.2886513509505747,-0.858205957838436,-0.2254820498264093,-0.3453273401064507,-0.0010887243427974568,0.0011762088631637187,0.0006316930112416541,0,35.09339575709147,-14.906604242908529,-8.53134995429673,-6.400942498155095,-2.1304074561416346,1.0188730315012382,26.81081623300141,7.837326227333182,0.194119112576304,0.2357968587031351,0.014769804600471729,0.52,-1,-1,4,-1,15,1,1,0.39332438363493427,-0.48385339006979416,1,1,0.8239254169783456,-0.4314679321738373,1,1,,,,,-1,-0.09238664678577602,-1,-1,-1,1,100,-1,0,-1,0,46,0,0,1,1,0,0,1,1,,0,6,3,30,7,0.0005746300818847145,0.006831162783785506,0.009521026011918633,0.016134225661196204,UP,0.003073775567323327,0.0004433568304197186,0.008277645403702419,0.0004433568304197186,0.010791652011948271,0.0004433568304197186,0.018729968444882544,0.0004433568304197186,NO_SETUP,,NO_SETUP
2026-07-30T07:00:00+00:00,PAXGUSD,15m,250,0.23970977818195746,0.008155074927838145,0.014086038511727583,0.26195089162152324,0.9688679245283085,1,0,-0.03574855910030443,-2.6444848691198786,-0.1553901483424377,-1.6042986316297174,-0.05390965149241435,-0.5278988915570153,0.004302947021862046,-0.18918165380955543,-0.0011964158924213327,0.0010148049685002338,0.0005821259851427639,0,45.964702454641824,-4.035297545358176,-7.500023267125471,-6.949814129850142,-0.5502091372753286,2.1735353197866027,26.346061076992527,7.876980267445444,0.19465867965495245,0.4436934081242767,0.012243142775028902,0.53,-1,-1,6,-1,17,1,1,0.6192914475505107,-0.2558963662963114,1,1,1.048915622158084,-0.20362974971334258,1,1,,,,,1,0.12220256217627228,-1,-1,-1,1,100,-1,0,-1,0,46,0,0,1,1,0,0,1,1,,0,7,3,30,7,0.004097307342532899,0.004349373294847947,0.007744849946621364,0.013354553003044665,UP,0.004885631252224107,0.00223152504843614,0.005990273219722489,0.00223152504843614,0.008498576568739837,0.00223152504843614,0.0164188841880511,0.00223152504843614,NO_SETUP,,NO_SETUP
2026-07-30T07:30:00+00:00,PAXGUSD,15m,252,0.021254090176659236,0.003212827584834821,0.19499392034164398,0.21946083810313802,0.9853603603603988,1,0,-0.034525588174955164,-0.4818572284630136,-0.14966249721616254,-0.7688431428468903,-0.058356789550089695,-0.1442777214142552,-0.002518618972788575,-0.0022183280739227484,-0.0011513690904120736,0.0009130570766607282,0.0005583817057730113,0,45.769480186794766,-4.230519813205234,-5.98497877181444,-6.717173632802417,0.7321948609879776,2.3774722504928336,24.803508914132546,7.777039108154463,0.19220219826987908,0.49733648447051204,0.00848985177016096,0.5,-1,-1,8,-1,19,1,1,0.6124143657878397,-0.2628340104985261,1,1,1.0420682701147825,-0.2105637770989645,1,1,,,,,1,0.11529108217919713,-1,-1,-1,1,100,-1,0,-1,0,46,0,0,1,1,0,0,1,1,,0,7,3,30,7,0.0036280237650384638,0.00539013612503335,0.00723380487756655,0.01358778927805293,UP,0.006059887106181476,0.00199442450843742,0.006475083286376577,0.00199442450843742,0.009502555433632822,0.00199442450843742,0.016489219727749884,0.00199442450843742,NO_SETUP,,NO_SETUP
2026-07-30T08:00:00+00:00,PAXGUSD,15m,254,0.3613982287786377,0.031822779189381645,0.020721809704717802,0.4139428176727371,0.9231227651966637,1,0,0.15138613820999808,-0.2607946926882505,0.04407886194966863,-0.6697625474716915,0.12660278748599038,-0.12107890869310722,0.18035616655258388,0.005967475803572597,-0.0010730727626032943,0.0008252392553632174,0.0005375337906659352,0,53.33785602020238,3.3378560202023806,-4.613967384026182,-6.162587615057195,1.5486202310310127,1.3502531038280843,22.880309299055366,8.363926577949513,0.2063282082529421,0.8010480612031791,0.007234913752070608,0.61,1,-1,10,1,0,1,1,0.7943360386807071,-0.07931025976268953,1,1,1.2232034931050655,-0.027135703184753775,1,1,,,,,1,0.3221748032661506,-1,-1,-1,1,100,-1,0,0,0,46,0,0,1,1,0,0,1,1,,0,8,3,30,7,0.0030465994030146196,0.006512568764338775,0.00478081752473052,0.011796630239041029,UP,0.004218368404174055,0.00019488368650861279,0.0066531810444779476,0.00019488368650861279,0.007654735180205788,0.00019488368650861279,0.014628610898685198,0.00019488368650861279,NO_SETUP,,NO_SETUP
2026-07-30T08:30:00+00:00,PAXGUSD,15m,256,0.042067972987934035,0.1463768650749787,0.017958842269702898,0.20640368033261564,0.2908224076281239,1,0,0.35175148630422826,3.634542213014811,0.29537365758746076,1.003260331995989,0.3856682789686272,0.7089388899025835,0.44558560092269633,0.4221899955268782,-0.000563778287167675,0.0009029462138116642,0.0005991732195406911,0,60.845159079672264,10.845159079672264,-1.2395744701498188,-4.642597763712768,3.403023293562949,2.733299453613064,22.605562170973087,8.701140773844251,0.21405810236156936,1.0136798902789614,0.009031995875266494,0.64,1,1,0,1,2,1,1,0.15129709583379683,-0.11796253244278454,1,1,0.5406103546256297,-0.42806007601756746,1,1,,,,,1,0.5955939333554753,-1,-1,-1,1,60,-1,0,1,-1,46,0,0,1,1,0,0,1,1,,0,8,3,30,7,-0.0005584461911263594,0.003126806647231764,0.0050137151432402445,0.008639925212492551,UP,0.0015301917659938879,0.0012817201126732933,0.003960785760852161,0.0012817201126732933,0.007473830522651539,0.0012817201126732933,0.011845455551865405,0.0012817201126732933,NO_SETUP,,NO_SETUP
2026-07-30T09:00:00+00:00,PAXGUSD,15m,258,0.10356805479020793,0.04649492245925846,0.010086200110206606,0.160149177359673,0.7096774193548477,1,0,0.298628140398144,3.774126392060225,0.27885951056405334,1.2710296259601819,0.37504540082912996,0.8580952906509083,0.4403723742206444,0.5034594691437633,-0.0001976862983409066,0.0009618589026507663,0.0006532697339151449,0,59.854460658077535,9.854460658077535,0.758032528712647,-2.8677109985225506,3.6257435272351977,0.9488074154204371,21.970544505705806,8.570422401937128,0.2108365740852832,0.9409981053486018,0.010095568345523213,0.6,1,1,2,1,4,1,1,0.15399905534126335,-0.11525328662521647,1,1,0.5433017791072984,-0.42534243879398476,1,1,,,,,1,0.3398557427379373,-1,-1,-1,1,50,-1,0,1,-1,46,0,0,1,1,0,0,1,1,,0,9,3,30,7,0.002462508856175648,0.0026716130048020465,0.00680941509879552,0.009050519562308108,UP,0.0026371723214988095,0.0011685231834999605,0.003933618042981919,0.0011685231834999605,0.011818074470597488,0.0011685231834999605,0.011818074470597488,0.0011685231834999605,NO_SETUP,,NO_SETUP
2026-07-30T09:30:00+00:00,PAXGUSD,15m,260,0.030756663123499076,0.03789220896814997,0.09719105547025261,0.16583992756190163,0.5860534124629,0,1,0.2243827777165133,3.4976408787615583,0.2375448523962596,1.343999281788001,0.3405950641598375,0.9111059644810666,0.41198470312358215,0.5371525070554526,0.00013162074679746332,0.001030502117635779,0.000713896389637447,1,58.60189250485905,8.601892504859052,2.206831247113314,-1.1274796029738423,3.3343108500871566,-0.1394926834385175,21.514603879219116,8.296384622078417,0.20413528557139526,0.8419089778004819,0.011415865587315813,0.55,1,1,4,1,6,1,1,0.13434510452344486,-0.13496023778592825,1,1,0.5237244596669387,-0.44511042872328216,1,1,,,,,1,0.32023837644186925,-1,-1,-1,1,50,-1,0,1,-1,46,0,0,1,1,0,0,1,1,,0,9,3,30,7,0.0029895476556041326,0.0033807724105350766,0.010130014566355674,0.010590134246683192,UP,0.004131234990748387,0.00045027754812800854,0.004131234990748387,0.00045027754812800854,0.012017243415613594,0.00045027754812800854,0.012017243415613594,0.00045027754812800854,NO_SETUP,,NO_SETUP
2026-07-30T10:00:00+00:00,PAXGUSD,15m,262,0.14158978783655765,0.10791305010459142,0.0,0.24950283794114902,0.5674876847290805,1,0,0.27425264047527653,2.85235455154816,0.3133478045709666,1.2309812670405336,0.4223699811649063,0.8695803899499879,0.4994635673800713,0.5233686401802515,0.0003909516409569013,0.0010902217659393965,0.0007709358621516501,1,61.10062879191108,11.100628791911078,3.1048020549269495,0.2961282211556273,2.808673833771322,-0.8179408983363556,21.705422530891042,8.441627556792126,0.20750837756274135,0.8533541029315732,0.012448460954961684,0.57,1,1,6,1,8,1,1,0.23082085204605424,-0.16346737658212174,1,1,0.6198240451907442,-0.34807489509818745,1,1,,,,,1,0.06354333360373139,-1,-1,-1,1,61,-1,0,1,-1,48,0,0,1,1,0,0,1,1,,0,10,3,30,7,0.0017698723479568589,0.0018337844049664672,0.0034094624258558417,0.009960448269335124,UP,0.0031611886659340554,0.0,0.004090371648611479,0.0,0.01103957877038115,0.0005825829812025657,0.01103957877038115,0.0005825829812025657,NO_SETUP,,NO_SETUP
2026-07-30T10:30:00+00:00,PAXGUSD,15m,264,0.12597730447782832,0.013970245827312166,0.0002450920320633876,0.14019264233720385,0.9003496503496262,1,0,0.4756325317562117,4.934965970768644,0.5648607789890987,2.2306828228233826,0.6898673105118787,1.3922338400057015,0.777897828758862,0.7938254379787395,0.0008922824723288697,0.0012500653152278,0.0008803051824698341,1,68.49903330539277,18.49903330539277,5.256380292787981,1.8980765890034952,3.358303703784485,0.47254624103792864,23.16759371783694,8.190740087234024,0.2007485132039417,0.9547311544302407,0.014178204879016741,0.49,1,1,1,1,10,1,0,0.15649126246905135,,1,1,0.9123550893360435,-0.05269478689248036,1,1,,,,,1,0.35771182078870123,-1,-1,-1,1,61,-1,0,1,-1,48,0,0,1,1,0,0,1,1,,0,10,3,30,7,-0.0009534080047057358,-0.0017205460650474209,0.005220460282836138,0.004575868238523695,DOWN,0.00020832822724930984,0.0014264356265777088,0.0011347761084287418,0.0035244234209946103,0.008063527854709466,0.0035244234209946103,0.008063527854709466,0.0035244234209946103,NO_SETUP,,NO_SETUP
2026-07-30T11:00:00+00:00,PAXGUSD,15m,266,0.030655588145851932,0.07210194331904508,0.017167129361672622,0.11992466082656962,0.3987730061349425,1,0,0.3412420544928098,4.994700035027563,0.46540420565802376,2.470438084428679,0.6039746808906015,1.5484779792072914,0.7022125847350582,0.8848548592709449,0.0012416215116521395,0.0013857047523257765,0.0009823790384445685,1,64.95989817988618,14.959898179886181,6.248682415470739,3.3915259780877216,2.8571564373830176,-0.19233333022396693,24.785397851072997,7.719464667053809,0.18931578363172605,0.8390590877542876,0.014072634193284354,0.36,1,1,3,1,12,1,0,0.09429658913663563,,1,1,0.850631259871098,-0.11501976672323778,1,1,,,,,1,0.295642492078592,-1,-1,-1,1,50,-1,0,1,-1,51,0,0,1,1,0,0,1,1,2.9433,0,11,3,30,7,-0.00035315237544022765,0.0018810268886294923,0.007627110330687938,0.005824561747711978,UP,0.000625373998175424,0.0018981940179910982,0.004333473940297647,0.0029036973091751306,0.008691472351111952,0.0029036973091751306,0.008691472351111952,0.0029036973091751306,NO_SETUP,,NO_SETUP
2026-07-30T11:30:00+00:00,PAXGUSD,15m,268,0.001962795216677429,0.025761687218761556,0.02674308482709469,0.05446756726253367,0.5270270270271074,1,0,0.24563203656665675,3.627498214615116,0.39088284643662674,2.0800314650955443,0.5397750375761511,1.3846948999325832,0.6468842194713609,0.8150733219963513,0.0014525080986996996,0.001488921911395244,0.001071091818952098,1,62.6740061380125,12.674006138012501,6.404110905578364,4.467833686091822,1.9362772194865414,-1.1803638994673427,25.73621572636849,7.099844534347414,0.1741942611387994,0.7636970714424346,0.012730751751482873,0.26,1,1,5,1,14,1,0,0.05164604913857869,,1,1,0.8083036051641183,-0.15775966553969104,1,1,,,,,1,0.12856308669176353,-1,-1,-1,1,50,-1,0,1,-1,51,0,0,1,1,0,0,1,1,2.113,0,11,3,30,7,-0.001712538826542884,0.004126776943044518,0.006550829035629707,0.006771643497504774,UP,0.002186063172564013,0.002136993292147356,0.009122090769464753,0.002478028961043511,0.009122090769464753,0.002478028961043511,0.009122090769464753,0.002478028961043511,NO_SETUP,,NO_SETUP
2026-07-30T12:00:00+00:00,PAXGUSD,15m,270,0.041442899531623,0.05419456092596768,0.05738247627455665,0.15301993673214734,0.6458333333333409,1,0,0.24629515924965983,3.101693549832362,0.4092884937162762,1.971578449709341,0.5681559208115593,1.3558783172470612,0.6841564296622923,0.8116046292016108,0.0016299333446661637,0.0015886742709528318,0.0011600050885073288,1,64.31436815802817,14.314368158028174,6.4631000203080475,5.176434490790498,1.286665529517549,-1.0822880830123118,27.094360973713865,6.885886358697514,0.16885863701163623,0.7651826758804677,0.011282155665760176,0.24,1,1,7,1,16,1,0,0.10262635179871858,,1,1,0.8588979621864217,-0.10667255204884643,1,1,,,,,1,0.17950415655117005,-1,-1,-1,1,50,-1,0,1,-1,46,0,0,1,1,0,0,1,0,,0,12,3,30,7,-0.0002697466833418939,0.006726501385517015,0.005566590647146883,0.005777483508668664,UP,0.001674881679295698,0.0029868314573678343,0.00860737144118294,0.0029868314573678343,0.00860737144118294,0.0029868314573678343,0.00860737144118294,0.0029868314573678343,NO_SETUP,,NO_SETUP
2026-07-30T12:30:00+00:00,PAXGUSD,15m,272,0.026008759553923896,0.1992369128093114,0.12587258161475406,0.35111825397798935,0.3584905660377448,0,1,0.153325992836063,2.502021250542839,0.32428058622258527,1.8053978691864359,0.49052083743081265,1.2954654825352918,0.6143388575736197,0.7919218564143193,0.001709545933865223,0.0016624025120822738,0.0012381802014280702,1,60.9494724733701,10.9494724733701,6.045959059601955,5.529298088085499,0.5166609715164565,-1.0310767177606968,27.273611333816344,7.521912217448363,0.18456189268806325,0.6759549905882105,0.009566868431430285,0.3,1,1,9,1,18,1,0,0.4134411306449526,,1,1,0.8017322815325584,-0.16439498963329655,1,1,,,,,1,0.12194673111605193,-1,-1,-1,1,50,-1,0,1,-1,46,0,0,1,1,0,0,1,0,,0,12,3,30,7,0.007441940351608967,0.0015727938560439337,0.006308351020107724,0.007005189483628021,UP,0.0074738378869109775,0.002411944400142406,0.009188943823532974,0.002411944400142406,0.009188943823532974,0.002411944400142406,0.009188943823532974,0.002411944400142406,NO_SETUP,,NO_SETUP
2026-07-30T13:00:00+00:00,PAXGUSD,15m,274,0.10385261276478779,0.039527826607877264,0.0768460231569257,0.22022646252959072,0.8205128205128114,1,0,0.08491653287363161,0.9779357629163314,0.24747014729982508,1.2059978023507938,0.4153287579321465,1.0086165272359722,0.544123433298318,0.656739621194447,0.001625536144261935,0.0016785861063232143,0.0012879467536617154,1,56.40243887047816,6.402438870478157,4.898993103327484,5.358026006855827,-0.4590329035283425,-1.35382632119188,26.48605092658725,7.773128391575392,0.1908415349459228,0.5808536354087117,0.005933187061126155,0.37,1,1,11,1,20,1,0,0.3530497805100835,,1,1,0.7415763991868544,-0.22513675154919796,1,1,,,,,1,0.01497638150980763,-1,-1,-1,1,50,-1,0,1,-1,46,0,0,1,1,0,0,1,0,,0,13,3,30,7,0.004627947400984,0.006952969251770088,0.006982430985887954,0.007112553644907602,UP,0.00980093688314496,0.0006579787286279269,0.00980093688314496,0.0006579787286279269,0.00980093688314496,0.0006579787286279269,0.00980093688314496,0.0006579787286279269,NO_SETUP,,NO_SETUP
2026-07-30T13:30:00+00:00,PAXGUSD,15m,276,0.2061083464088943,0.24478425939298398,0.0775966102275777,0.528489216029456,0.5368226030569739,1,0,0.3305468565556478,2.469194581434749,0.5100805799064925,1.8031067756414814,0.6876122014340067,1.317883598022945,0.8253192215645889,0.8191338268593427,0.0017953372335084458,0.0017753162152751429,0.001377070201305823,1,66.27156574340958,16.27156574340958,5.459787950650025,5.299890034927596,0.1598979157224285,0.3859533371127748,28.375070690748505,8.962136215184897,0.21937898760130756,0.9904182162194803,0.006208603677051191,0.7,1,1,0,1,22,1,0,0.6494126401695914,,1,0,0.3242167515660046,,1,0,,,,,1,0.24490665152268315,-1,-1,-1,1,50,-1,0,1,-1,46,0,0,1,1,0,0,1,0,,0,13,3,30,7,0.0028101232978314608,0.005735295197577575,0.003608119983452642,0.0040095661688569935,UP,0.006797658883343161,0.00044305950950128766,0.006797658883343161,0.0012802216766253107,0.006797658883343161,0.0012802216766253107,0.006797658883343161,0.0012802216766253107,NO_SETUP,,NO_SETUP
2026-07-30T14:00:00+00:00,PAXGUSD,15m,278,0.3232632237382232,0.17421517651198515,0.06450604011102547,0.5619844403612339,0.11478260869564663,0,1,0.39042983131162107,6.356143410198911,0.6249517580346503,3.5214684230359126,0.8271314311698625,2.216513787297572,0.9817965466945945,1.2836464116589923,0.0023452192672302925,0.0020217967313521227,0.0015466511552473191,1,63.30188021528585,13.301880215285848,7.972620873102642,6.187881864598119,1.7847390085045225,2.1771808119398752,32.69891894270943,10.86872969574617,0.2655676945870189,0.9243167580328613,0.0093547480461633,0.86,1,1,0,1,24,1,0,0.2521599749794794,,1,0,0.5046864615504844,,1,0,,,,,1,0.4255199577778638,-1,-1,1,1,50,-1,1,1,2,42,0,0,1,1,0,0,1,1,,1,14,3,30,7,-0.0005644278509714868,0.002414089682943177,0.0022259470659525705,0.000869854177254766,UP,0.0033205950193517368,0.003088471011376489,0.004974784002502084,0.003088471011376489,0.004974784002502084,0.003088471011376489,0.004974784002502084,0.003088471011376489,NO_SETUP,,NO_SETUP
2026-07-30T14:30:00+00:00,PAXGUSD,15m,280,0.3266485276457643,0.0,0.0,0.3266485276457643,1.0,1,0,0.5997771377269852,5.728044832385876,0.8727537795140591,3.481563123302294,1.0955666303619602,2.2487551837375577,1.2655857715783532,1.3187589799285888,0.0027297664178707387,0.0022281285084790126,0.0017001914121639269,1,68.85490309969184,18.85490309969184,9.333125303764064,7.137016778011854,2.1961085257522095,0.42888021557464384,35.35151928327418,11.03640468663826,0.2688311216549768,1.0816188229371324,0.01075416242739089,0.87,1,1,2,1,26,1,0,0.5604908740588508,,1,0,0.8122367751191694,,1,0,,,,,1,0.3890064866892614,-1,-1,1,1,50,-1,1,1,2,42,0,0,1,1,0,0,1,1,,1,14,3,30,7,-0.0006674250303872726,-0.0011521607276393283,0.00045550540395044756,-0.004260315248713205,NEUTRAL,0.00021922719976217168,0.006170027744420041,0.0018683029135295025,0.006170027744420041,0.0018683029135295025,0.006170027744420041,0.0018683029135295025,0.006170027744420041,NO_SETUP,,NO_SETUP
2026-07-30T15:00:00+00:00,PAXGUSD,15m,282,0.3446873560740357,0.006369489166974156,0.04801614910484268,0.3990729943458526,0.12031921424186867,0,1,-0.006012189636993867,4.090122867327409,0.26814633886381045,2.976221860456917,0.5015505908546467,2.0421497456923134,0.6828854716557604,1.2335361591094625,0.002741585285008043,0.002334042519908362,0.0018133488080111376,1,51.94111934809791,1.9411193480979065,8.232389644576415,7.723925123121062,0.5084645214553527,-1.0919666064473725,36.21132797998728,11.538073428785017,0.282660129662834,0.49393145079837525,0.010152140281380928,0.87,1,1,4,1,28,1,0,0.569824300091138,,1,0,0.24436790169428188,,1,0,,,,,-1,-0.18128546090602643,-1,-1,1,1,50,-1,1,1,2,42,0,0,1,1,0,0,1,1,,1,15,3,30,7,0.006908445942635356,0.004728120804711506,0.00652872639614294,0.0010215680702407846,UP,0.0076041901439504464,2.449803525810708e-06,0.0076041901439504464,2.449803525810708e-06,0.0076041901439504464,2.449803525810708e-06,0.0076041901439504464,2.449803525810708e-06,NO_SETUP,,NO_SETUP
2026-07-30T15:30:00+00:00,PAXGUSD,15m,284,0.2582045155312745,0.017311162042230373,0.0748524893938695,0.3503681669673744,0.9505915100904634,1,0,0.40636006052828383,2.5023001249542176,0.694062088265621,2.366124062652034,0.9402373753859052,1.763796653027839,1.133448464523893,1.1080083521915185,0.0028770202773733713,0.0024617528712028423,0.001932110891379876,1,61.11451071141891,11.114510711418909,8.367564332023449,7.874950278398028,0.4926140536254202,-1.346554805356055,35.710215971019174,11.712624538085056,0.28557625537828685,0.8914671392778591,0.010855538006602444,0.88,1,1,6,1,30,1,0,1.0411079143706985,,1,0,0.7171941288340448,,1,0,,,,,1,0.20200419368995598,-1,-1,1,1,50,-1,1,1,2,42,0,0,1,1,0,0,1,1,,1,15,3,30,7,0.0006485590286245585,2.9258302043399904e-05,-0.0006412444531133759,-0.004798361535085541,NEUTRAL,0.0028283025308432157,0.0005754132735162805,0.0028283025308432157,0.0015214317062465944,0.0028283025308432157,0.0015214317062465944,0.0028283025308432157,0.004976349539181708,NO_SETUP,,NO_SETUP
2026-07-30T16:00:00+00:00,PAXGUSD,15m,286,0.14773673168380225,0.032614039613892254,0.0,0.1803507712976945,0.8191632928474801,1,0,0.48943185131156014,5.571724138568243,0.8082403844245245,3.680301374251485,1.074411448731119,2.4580306829061556,1.283697765610811,1.4716873036591096,0.003188085331129643,0.0026617106430659467,0.002092863168796918,1,64.1376361210499,14.137636121049894,9.455799854403722,8.333084661004584,1.122715193399138,1.011228625916699,36.499665670597274,11.021752790491716,0.2682566284504368,0.9338692641845507,0.012264081784548625,0.81,1,1,0,1,32,1,0,0.1535780522116576,,1,0,0.49931121095442,,1,0,,,,,1,0.3783471983566436,-1,-1,1,1,75,-1,1,1,2,42,0,0,1,1,0,0,1,1,,1,16,3,30,7,-0.0026066892855578306,-0.0021150448077961186,-0.001788904411657196,-0.006169894807552805,DOWN,0.0010563054621215058,0.003285742796921624,0.0010563054621215058,0.003285742796921624,0.0010563054621215058,0.003285742796921624,0.0010563054621215058,0.0072188986190144366,NO_SETUP,,NO_SETUP
2026-07-30T16:30:00+00:00,PAXGUSD,15m,288,0.18647075456060264,0.003656289305101162,0.0,0.1901270438657038,0.0,0,1,0.2626847229464339,5.309143795970613,0.6020360441605954,3.724622683420421,0.8864166082694456,2.5302910227583197,1.1116267249136667,1.528146058567927,0.003393513212141616,0.0028438056410884996,0.0022521011664422127,1,59.17132990954415,9.171329909544149,9.722612124651278,8.879471994651972,0.8431401299993055,0.13331779297221935,36.89723004198741,10.349113375474971,0.25226235034746863,0.7375542016145646,0.012894264362176834,0.73,1,1,2,1,34,1,0,0.00414379454579314,,1,0,0.35039439173972226,,1,0,,,,,1,0.2292493394304148,-1,-1,1,1,75,-1,1,1,2,42,0,0,1,1,0,0,1,1,,1,16,3,30,7,-0.0009408851145151228,-0.00018768951766242125,0.0002193773583065131,-0.007068825989879501,NEUTRAL,0.0005825687626140562,0.0017940192857074631,0.0005825687626140562,0.0017940192857074631,0.0021450230589977067,0.0017940192857074631,0.0021450230589977067,0.007068825989879501,NO_SETUP,,NO_SETUP
2026-07-30T17:00:00+00:00,PAXGUSD,15m,290,0.08754816368334477,0.017558406086920317,0.007559869287431111,0.11266643905769619,0.0670995670996553,0,1,0.1695336371764725,3.0391857377449014,0.5096023450668535,2.890003484387762,0.8054331610837381,2.1524813561468363,1.0433985537366197,1.3574464014591285,0.00340068707890381,0.002958308160168845,0.002379653926528816,1,57.37107505856492,7.371075058564919,8.956629366485686,8.995570648759463,-0.038941282273777134,-1.3813504868640223,35.92156837040049,9.447143675792192,0.23038442364025244,0.6567199038563228,0.012598629970697056,0.62,1,1,4,1,36,1,1,0.11083743842364709,-0.14180851582694237,1,0,0.3037360386285027,,1,0,0.30239477149684524,,,,1,0.09998536799493643,-1,-1,1,1,75,-1,1,1,2,50,0,0,1,1,0,0,1,1,1.0815,0,17,3,30,7,-0.000324342779105479,0.0016095205579669935,0.00020972540603806088,-0.007135541140320981,UP,0.0006901429059161895,0.001326635126566968,0.002189923425840014,0.001326635126566968,0.0026142515729403854,0.001326635126566968,0.0026142515729403854,0.0072745451885090915,NO_SETUP,,NO_SETUP
2026-07-30T17:30:00+00:00,PAXGUSD,15m,292,0.0807069047073436,0.04681488128038878,0.02267595812017237,0.15019774410790473,0.6883116883116691,1,0,0.15888455924812198,1.827406012076608,0.4882375912343851,2.3857894525240226,0.7907542146522044,1.9239299844716697,1.0391421432664427,1.2576860707454216,0.003293530319862632,0.0030251662341781926,0.002483879286142382,1,57.37012491830333,7.370124918303333,7.79671459400879,8.630216146427262,-0.8335015524184719,-1.3368374511222108,33.52869207738796,9.134271842902471,0.22271867286888591,0.6354479185467282,0.011473100124056071,0.58,1,1,6,1,38,1,1,0.12691221722104737,-0.12569307968769952,1,0,0.3197797749959826,,1,0,0.2862534928290277,,,,1,0.11606189317429809,-1,-1,1,1,75,-1,1,1,2,50,0,0,1,1,0,0,1,1,1.0801,0,17,3,30,7,-0.0013312981864110143,0.0017921321740146819,0.0006924701189390932,-0.006712571258588872,UP,0.0005144760390708398,0.0014141995386784017,0.0024529047170868197,0.0014141995386784017,0.0024529047170868197,0.0014141995386784017,0.0024529047170868197,0.0074343006783281805,NO_SETUP,,NO_SETUP
2026-07-30T18:00:00+00:00,PAXGUSD,15m,294,0.06948643429753759,0.013165850709004554,0.0,0.08265228500654213,0.840707964601796,1,0,0.14125138142126062,1.6687382547838752,0.4591456827942139,2.2692427818187753,0.7671431235424999,1.8815270834043076,1.0254015313155171,1.2491929924403848,0.0031789430137295327,0.00307997440748286,0.0025825840777301727,1,57.135483869926226,7.135483869926226,6.8362818546493145,8.038775140484953,-1.2024932858356383,-0.5745768289253039,31.469501384758054,8.465060925768004,0.20638838590980912,0.607383178081448,0.008432268325880333,0.4,1,1,8,1,40,1,1,0.13324328541614194,-0.11934599855662112,1,0,0.3260986170980625,,1,0,0.27989623359143834,,,,-1,-0.062415884842680035,-1,-1,1,1,75,-1,1,1,2,50,0,0,1,1,0,0,1,1,1.0185,0,18,3,30,7,0.0016627981821372827,-0.0006704831379586104,0.00012922038658832465,-0.006765784392127907,NEUTRAL,0.001965125124344021,0.0014775010240107081,0.0023893580916341433,0.0014775010240107081,0.0023893580916341433,0.0014775010240107081,0.0023893580916341433,0.007497220542628209,NO_SETUP,,NO_SETUP
2026-07-30T18:30:00+00:00,PAXGUSD,15m,296,0.01707329565825648,0.08292743605440128,0.0,0.10000073171265776,0.17073170731705153,1,0,0.08619535283675185,1.3193072788599238,0.38974569717119895,2.0711464510372934,0.7013493214367531,1.795063909856708,0.9685886684570827,1.217887965486625,0.003035503443344471,0.003116036242655541,0.0026723934702032955,1,55.7334280613842,5.733428061384203,5.886258357012139,7.332088132589858,-1.4458297755777192,-0.2825590376441145,29.43244342105815,7.880333145177498,0.19220465381886934,0.5116395404401992,0.006286899548026087,0.22,1,1,10,1,42,1,1,0.0954885035744155,-0.15719627216783802,1,0,0.2884167445127714,,1,0,0.3178072034673362,,,,-1,-0.10024463593635252,-1,-1,1,1,75,-1,1,1,2,50,0,0,1,1,0,0,1,1,1.0162,0,18,3,30,7,0.0016609877633249732,0.00032683165974388726,0.0004000029268505423,-0.005453698441695945,NEUTRAL,0.002343919589655454,0.0011000080488394349,0.002768312938875029,0.0011000080488394349,0.002768312938875029,0.0011000080488394349,0.002768312938875029,0.007122003331731762,NO_SETUP,,NO_SETUP
2026-07-30T19:00:00+00:00,PAXGUSD,15m,298,0.14506003535076048,0.013896507588217444,0.007801548119708995,0.1667580910586869,0.9166666666667055,1,0,0.11855169292018018,0.8232878178423562,0.40514543406483655,1.7936265393846043,0.7180657639806518,1.6627606490055769,0.992962988062302,1.1620994856875768,0.0028659374114465637,0.0031292032991581515,0.002748972240816502,1,56.467868321617054,6.467868321617054,4.993507090975527,6.515634488547329,-1.5221273975718024,-0.14120914156913944,26.927460755590364,7.58248113028059,0.18485966063949755,0.5862280198944374,0.006021178180765047,0.11,1,1,12,1,44,1,1,0.13884317669286791,-0.11373194368257362,1,0,0.3316876942768335,,1,0,0.27427317608337903,,,,1,0.06058389711709836,-1,-1,1,1,75,-1,1,1,2,50,0,0,1,1,0,0,1,1,1.015,0,19,3,30,7,0.0012092399585542845,0.0004071432924971226,-0.001353081002011381,-0.0057560797220698795,NEUTRAL,0.0023331504845492067,0.0003827634546229558,0.0023331504845492067,0.0012579996343023965,0.0023331504845492067,0.0013725848723106257,0.0023331504845492067,0.007552873773389411,NO_SETUP,,NO_SETUP
2026-07-30T19:30:00+00:00,PAXGUSD,15m,300,0.023130112972336827,0.025077911959501722,0.02702571094662234,0.07523373587846088,0.3592233009707509,0,1,0.20314762534326647,2.4808773293443664,0.4949408418124743,2.41813045792469,0.8159455107873717,1.9857638585340283,1.1018021699211786,1.3349759098214236,0.002917932164692078,0.003210046689748974,0.00285856659133807,1,59.66846699944792,9.668466999447922,5.455683681327173,6.115182531678909,-0.6594988503517358,1.0841883282465785,26.774358876265815,7.3821393419255985,0.17973654416453055,0.7656633308412857,0.006117801515515474,0.07,1,1,1,1,46,1,0,0.07292072458122056,,1,0,0.23093591741331498,,1,0,0.1412154265679826,,,,1,0.18954518893649822,-1,-1,1,1,75,-1,1,1,2,50,0,0,1,1,0,0,1,1,1.0581,0,19,3,30,7,-0.0017384105960263484,-0.0013975457732761448,-0.004713673548889675,-0.008034670821971172,NEUTRAL,0.0010031164783794047,0.002583268406700349,0.0010031164783794047,0.002583268406700349,0.0010031164783794047,0.004986365407089993,0.0010031164783794047,0.008869789637709348,NO_SETUP,,NO_SETUP
2026-07-30T20:00:00+00:00,PAXGUSD,15m,302,0.03991617603032213,0.06595904697695903,0.031884262560827145,0.1377594855681083,0.5212014134275431,1,0,0.1981690016577403,2.4899698773097043,0.490083836968003,2.432299588418573,0.8175187707030764,2.0108765393088106,1.1136916191310875,1.3607797085423954,0.0029191483531026273,0.0032743493373507348,0.00296172848428011,1,60.56066231077948,10.560662310779477,5.533685091283587,5.892838785002067,-0.35915369371848005,0.5831552834034728,26.414795346665382,6.989038514211374,0.17010712903418368,0.823890115234993,0.0046951286743666144,0.03,1,1,3,1,48,1,0,0.10721387525220807,,1,0,0.2651748401527409,,1,0,0.10684878827633501,,,,1,0.1482253122101936,-1,-1,1,1,75,-1,1,1,2,50,0,0,1,1,0,0,1,1,1.1383,0,20,3,30,7,-0.0022124270738763806,-0.0010976948408340799,-0.005471436811963064,-0.0070461786346233445,NEUTRAL,0.0001533365298726599,0.0029255636334428255,0.0001533365298726599,0.0029255636334428255,0.0001533365298726599,0.005471436811963064,0.0001533365298726599,0.009285378753398264,NO_SETUP,,NO_SETUP
2026-07-30T20:30:00+00:00,PAXGUSD,15m,304,0.19396062721254956,0.012686732849111489,0.00317168321228342,0.20981904327394446,0.015116279069781092,0,1,-0.050604258083854256,1.2331952963913864,0.2245747956179329,1.9126917769294778,0.5529296603418477,1.7639016725579495,0.8570329977597555,1.249305641889805,0.0027517905370178716,0.0032835486472391467,0.003041033374179078,1,50.52206411250713,0.522064112507131,4.569739836393637,5.546602624452379,-0.9768627880587415,-0.4466414950698514,24.99395601038628,6.808354637253629,0.16610726235562445,0.2399943876408393,0.004020365724186864,0.02,1,1,5,1,50,1,0,0.0662393840103286,,1,0,0.025739429145824014,,1,0,0.3471773239288753,,,,-1,-0.11271674185179897,-1,-1,1,1,75,-1,1,1,2,50,0,0,1,1,0,0,1,1,1.0041,0,20,3,30,7,0.0011759625448609483,0.0008002400720215442,-0.0041597845207222255,-0.0053308675529489,NEUTRAL,0.001227197427520877,0.0005318668771363826,0.0018883713894655668,0.0005318668771363826,0.0018883713894655668,0.00433788673187338,0.0018883713894655668,0.006906950133820731,NO_SETUP,,NO_SETUP
2026-07-30T21:00:00+00:00,PAXGUSD,15m,306,0.024870102479462326,0.032184838502812736,0.010240630432717173,0.06729557141499223,0.5217391304349259,1,0,0.011924240178092398,-0.24153400907653122,0.26549571912304426,1.2317081723981573,0.5910138214331835,1.4218508276385364,0.9005475484848849,1.0866080721884828,0.002535714789449519,0.0032551810231013925,0.0030953372705170143,1,52.81040422612196,2.8104042261219604,3.5787019295230493,4.9029429999003815,-1.3242410703773322,-0.9161592162373182,22.01967853175712,6.332918029060543,0.1544120788006891,0.4210326654934536,0.003873831945760932,0.01,1,1,7,1,52,1,1,0.1281297926760013,-0.05705494098225288,1,0,0.08765492001336779,,1,0,0.2850308803772355,,,,-1,-0.05071550309532851,-1,-1,1,1,75,-1,1,1,2,50,0,0,1,1,0,0,1,1,1.0023,0,21,3,30,7,0.00039255749992067715,7.314736023350402e-05,-0.0043888416140209965,-0.0066320273278538495,NEUTRAL,0.0006071230899395026,0.00077780026381827,0.001267887577383767,0.00077780026381827,0.001267887577383767,0.005439725356044873,0.001267887577383767,0.007521986877363662,NO_SETUP,,NO_SETUP
2026-07-30T21:30:00+00:00,PAXGUSD,15m,308,0.095042671722603,0.0,0.03411788215684833,0.12916055387945133,1.0,1,0,0.060038247936335415,0.1869075345202873,0.2960024201864899,1.2970208850165363,0.6187960891558599,1.4471894874709506,0.9336000760249048,1.1059128800461622,0.002359641722501545,0.0032279366896937004,0.0031480398686904486,1,54.69056933008065,4.690569330080649,2.9615595220811883,4.2226585556372305,-1.2610990335560421,-0.01070160572537926,19.976893896642938,5.958485443424617,0.14520778870855572,0.5924670722840751,0.003538029865706557,0.01,1,1,9,1,54,1,1,0.17948443006077325,-0.00560508064004083,1,0,0.139030369789101,,1,0,0.23346379361605507,,,,-1,-0.013037904967072697,-1,-1,1,1,75,-1,1,1,2,50,0,0,1,1,0,0,1,1,1.2961,0,21,3,30,7,0.0002753800488373379,-0.0017595079226596971,-0.007286604832066932,-0.008597706303522476,DOWN,0.0005044572576045613,0.0011356380775060448,0.0007530303990330372,0.001779003855320728,0.0007530303990330372,0.007286604832066932,0.0007530303990330372,0.009263005005580765,NO_SETUP,,NO_SETUP
2026-07-30T22:00:00+00:00,PAXGUSD,15m,310,0.0516889107781105,0.0,0.06583021655702648,0.11751912733513696,0.5601659751037306,0,1,0.005576652070699009,0.5342258956052319,0.22730233711403938,1.3592722587177377,0.5478940508970601,1.473112848416804,0.8681975246432457,1.1257784699073454,0.0022172568504334037,0.0032059171378302077,0.0032030347374618555,1,52.33582142810477,2.3358214281047722,2.5606015777711946,3.6706578097782083,-1.1100562320070138,0.3499825114895483,18.07545190834505,5.507877754789595,0.13429066124720454,0.4557838550168336,0.003514741059516201,0.01,1,1,11,1,56,1,1,0.13178234092249458,-0.053395620096248646,1,0,0.09130894852076799,,1,0,0.2813632218770868,,,,-1,-0.07948389110217603,-1,-1,1,1,75,-1,1,1,2,50,0,0,1,1,0,0,1,1,1.2466,0,22,3,30,7,-9.75262467510682e-05,-0.003320768701876866,-0.007343726380362088,-0.010379230810491913,DOWN,0.0012312688652334003,0.00014628937012682407,0.0012312688652334003,0.0035938421927801897,0.0012312688652334003,0.007482701281982527,0.0012312688652334003,0.01050357677509958,NO_SETUP,,NO_SETUP
2026-07-30T22:30:00+00:00,PAXGUSD,15m,312,0.028508077288566865,0.0038985404839027914,0.004629516824651185,0.037036134597120844,0.8947368421053892,1,0,0.05969636909195138,0.442801696855895,0.2701522683798717,1.2559141457827536,0.5884331452905527,1.4157434592029858,0.9137939118656464,1.103635384935842,0.0021045589928792036,0.0031828087691068096,0.003253607665750938,1,55.1748069519692,5.174806951969202,2.3781228023171934,3.212201581229667,-0.8340787789124735,0.26386797251660354,15.829256971189055,4.959190513058389,0.1208350311410148,0.6154791507565865,0.0034026253771316985,0.01,1,1,0,1,58,1,1,0.19602348870641728,0.010964645111004303,1,0,0.08966643112985284,,1,0,0.21685631441728115,,,,1,0.07650885699666984,-1,-1,1,1,75,-1,1,1,2,50,0,0,1,1,0,0,1,1,1.1653,0,22,3,30,7,-0.0008235666772252404,-0.004378548280987367,-0.007399917156014801,-0.011483638312906741,DOWN,0.0005872176603883565,0.0012548427182574853,0.0005872176603883565,0.004378548280987367,0.0005872176603883565,0.008121147145537482,0.0005872176603883565,0.012565483297190653,NO_SETUP,,NO_SETUP
2026-07-30T23:00:00+00:00,PAXGUSD,15m,314,0.06679587035749884,0.041930254385008824,0.0,0.10872612474250767,0.0,0,1,0.002730758114585726,0.5458762189682602,0.20107540317512224,1.2416493133505355,0.5164437994234979,1.4029783005239551,0.8465612386700893,1.103565379045449,0.001983446450605365,0.0031536839624837568,0.0033011743924659135,1,52.166500966123614,2.166500966123614,2.10768387387634,2.853881043448585,-0.7461971695722451,0.2535489657094483,14.013184685176668,4.704710187279931,0.11469168311648885,0.4440904121364955,0.0033088279490453274,0.01,1,1,2,1,60,1,1,0.14614643897563145,-0.03900488779998913,1,0,0.03973622944625514,,1,0,0.26693970088126223,,,,1,0.026572079813755208,-1,-1,1,1,75,-1,1,1,2,50,0,0,1,1,0,0,1,1,1.1643,0,23,3,30,7,-0.0026328299265002087,-0.0049560585560879025,-0.006894113918650479,-0.011311417462000728,DOWN,0.0005923867334623862,0.0026328299265002087,0.0005923867334623862,0.005134018356675418,0.0005923867334623862,0.007625455564900525,0.0005923867334623862,0.012072012774100749,NO_SETUP,,NO_SETUP
2026-07-30T23:30:00+00:00,PAXGUSD,15m,316,0.014384595317429888,0.029256804035506245,0.05046798696123275,0.09410938631416887,0.6891191709843143,1,0,-0.005390385923991406,-0.09509905884897307,0.17623653845082016,0.9163398698019591,0.4861997398663464,1.2307411355195654,0.819504105753846,1.0225116352462464,0.0018162692437481154,0.0030996320141552626,0.003333043658874997,1,51.55904668327907,1.559046683279071,1.603954668255028,2.437230082197332,-0.833275413942304,-0.14619043239021678,13.066598395460797,4.443091947195497,0.10832555867562976,0.39518085065113445,0.0031866836788252226,0.01,1,1,4,1,62,1,1,0.13543462201426712,-0.038277651946445876,1,0,0.09496270976517825,,1,0,0.277695831636853,,,,-1,-0.017188372370869898,-1,-1,1,1,75,-1,1,1,2,50,0,0,1,1,0,0,1,1,1.2278,0,23,3,30,7,-0.002342982389841958,-0.0044616626154119305,-0.00585136080709759,-0.012122069138704021,DOWN,0.0006997252298487402,0.003630281767403501,0.0006997252298487402,0.005512469493686546,0.0006997252298487402,0.007518998637120471,0.0006997252298487402,0.012482903055141718,NO_SETUP,,NO_SETUP
2026-07-31T00:00:00+00:00,PAXGUSD,15m,318,0.11278746154972637,0.020018553781568735,0.0019530296372229686,0.13475904496851807,0.014492753623174079,0,1,-0.1220413472939033,-0.655307846359392,0.036824329685473146,0.6051795568605485,0.33871533164882434,1.060428768672864,0.6737921986895306,0.9408040213706954,0.0015886567697937645,0.003018910019633512,0.003350768670407063,1,43.91756845035365,-6.082431549646351,0.7777498251207362,1.9316184323925616,-1.1538686072718254,-0.32054017620911734,12.704605262228327,4.492614995285928,0.10967762793042156,-0.018622876282543218,0.0031716966246750898,0.04,-1,1,6,-1,0,1,1,0.0035398662174583044,-0.18187588496654994,1,0,-0.0369854987549516,,1,0,0.4101362238172009,,,,-1,-0.14928470289538331,-1,-1,1,1,75,-1,1,0,2,50,0,0,1,1,0,0,1,1,1.3961,0,0,4,31,7,-0.0019725599335969745,-0.005536839021532112,-0.0044089644060348486,-0.009870123529124515,DOWN,0.0003783994922123387,0.0028856012889994895,0.0003783994922123387,0.005536839021532112,0.0003783994922123387,0.006208192959328118,0.0003783994922123387,0.011178653386065125,NO_SETUP,,NO_SETUP
2026-07-31T00:30:00+00:00,PAXGUSD,15m,320,0.08708755724294359,0.020548749461810904,0.027398332615766408,0.1350346393205209,0.20289855072470095,0,1,-0.2747044416015765,-2.655796218902651,-0.1578642877423739,-0.3367950342089898,0.12799027734924634,0.5627117303956766,0.46051961660952795,0.691956635981569,0.0011684015385920257,0.002858545650916202,0.0033252933926028166,1,34.92714709983714,-15.072852900162857,-1.0151816315164979,1.0211177853464375,-2.0362994168629354,-1.167721424915678,15.358119004694348,4.699142521445517,0.11495416947447838,-0.19016001788620776,0.004694157209076102,0.06,-1,-1,0,-1,2,1,1,0.7128459039492819,-0.15509413284276516,1,1,-0.007461153078394366,-0.3830874006810407,1,1,0.6154839719754163,,,,-1,-0.3292692473286412,-1,-1,1,1,35,-1,1,-1,2,50,0,0,1,1,0,0,1,1,5.0173,0,0,4,31,7,-0.0015240322517515407,-0.004036361501428627,-0.003336725507847745,-0.008312458413245141,DOWN,0.0023484285099219767,0.002054874946181869,0.0023484285099219767,0.004175799444205292,0.0023484285099219767,0.004175799444205292,0.0023484285099219767,0.009156424908998467,NO_SETUP,,NO_SETUP
2026-07-31T01:00:00+00:00,PAXGUSD,15m,322,0.1563826897333142,0.12040732918432888,0.0,0.2767900189176431,0.0,0,1,-0.2716013790454575,-3.0235429365620803,-0.1898301866164027,-0.6699288262730079,0.08002673133568108,0.35773920886276755,0.4091541327707039,0.5859343764145706,0.0008177119242905483,0.0026985691795208375,0.003291274014350228,1,35.99362374012799,-14.006376259872013,-2.1679275889646306,-0.0053453846615749145,-2.162582204303056,-0.5568790329814932,16.883805985444642,5.215842276144306,0.12764748738156412,-0.09254966513246636,0.005406919277122524,0.11,-1,-1,1,-1,4,1,1,0.6712953332370798,-0.31741525600018244,1,1,-0.04931316428992403,-0.4250966073032402,1,1,0.6575904339803161,,,,-1,-0.3712559316516891,-1,-1,1,1,35,-1,1,-1,2,50,0,0,1,1,0,0,1,1,5.0585,0,1,4,31,7,-0.0017057704967781873,-0.0030346562639955387,-0.0015834053248428841,-0.006950341765925238,DOWN,0.001439014421959191,0.001747374655236208,0.001439014421959191,0.0037590580818525417,0.001439014421959191,0.0038349244884524165,0.001439014421959191,0.008741767883058114,NO_SETUP,,NO_SETUP
2026-07-31T01:30:00+00:00,PAXGUSD,15m,324,0.17321129327832785,0.0,0.017884617269190887,0.19109591054751873,0.09358974358974374,0,1,-0.3245254296048103,-3.4299750569130083,-0.2810654680014157,-1.0110031187546156,-0.02987772783094664,0.14558200039891744,0.2940376556730357,0.47480179303374825,0.00043459961603394605,0.00251187740170469,0.003239153835039823,1,33.54194916883874,-16.45805083116126,-3.3837819936197775,-1.0929588125538938,-2.2908231810658837,-0.3475527053368892,17.998207383190824,5.560547676879549,0.1362305027507901,-0.07883426548544034,0.006645479346337388,0.16,-1,-1,3,-1,6,1,1,0.5639779308722789,-0.42580088786101356,1,1,-0.15740913144459157,-0.5335985809903717,1,1,0.7663436002469597,,,,0,,-1,-1,1,1,35,-1,1,-1,2,50,0,0,1,1,0,0,1,1,4.5217,0,1,4,31,7,-0.0019526082141841676,-0.0019477083190419281,-0.0011759748341384827,-0.007403741559930569,DOWN,0.001195574414707552,0.002165753652871753,0.001195574414707552,0.0026826925903785217,0.001195574414707552,0.0027586409650832895,0.001195574414707552,0.0076707858451829005,NO_SETUP,,NO_SETUP
2026-07-31T02:00:00+00:00,PAXGUSD,15m,326,0.041632890963454114,0.08057188898222187,0.06391873259684246,0.18612351254251844,0.5671052631578943,1,0,-0.23008851128522612,-3.655331055658735,-0.22183885270472425,-1.2921947282320616,0.009525227645990064,-0.04310663798651149,0.3266811273088962,0.37301170282808016,8.249658580501882e-05,0.0023136408035071433,0.0031715589966290615,1,36.1995827473615,-13.800417252638503,-4.272941250767872,-2.1914947332143893,-2.0814465175534824,-0.021815987050091135,19.007325840471587,5.5914416193502126,0.1369340466276186,0.11586365920709592,0.007849149571463253,0.18,-1,-1,5,-1,8,1,1,0.6026973215357181,-0.3866960872429578,1,1,0.2773485236242122,-0.49445180503072395,1,1,0.7271061957088748,,,,0,,-1,-1,1,1,35,-1,1,-1,2,55,0,0,1,1,0,0,1,1,4.5239,0,2,4,31,7,-0.002568994271803949,-0.0013959263440688604,-0.00225307409919889,-0.0061396269203171355,NEUTRAL,-6.122483965214495e-05,0.0030710379569515818,-6.122483965214495e-05,0.0030710379569515818,0.00012000068571826201,0.0031469567581202283,0.00012000068571826201,0.008057188898222298,NO_SETUP,,NO_SETUP
2026-07-31T02:30:00+00:00,PAXGUSD,15m,328,0.13845519354268232,0.04222392427188905,0.0,0.18067911781457136,0.0,0,1,-0.39746706195722914,-3.983298211095189,-0.43234239438219874,-1.6065434611632554,-0.22442247362535958,-0.2513036132640991,0.08404423367401412,0.25990882512041935,-0.0003487533242496958,0.0020791992075683916,0.003084667072993737,0,28.568879748107605,-21.431120251892395,-5.575921470879621,-3.2828308990575663,-2.2930905718220544,0.019606593266443983,19.93631328406468,5.6334369064805605,0.138294077517247,-0.009777462235054112,0.009405760749961318,0.2,-1,-1,1,-1,10,1,1,0.3638131149472732,-0.6279581295783593,1,1,0.03768239753333369,-0.39265794693532596,1,1,0.9691863547987986,,,,0,,-1,-1,1,1,35,-1,1,-1,2,55,0,0,1,1,0,0,1,1,4.5269,0,2,4,31,7,-0.00033140870794789496,0.00113415424497729,-0.0013207250731554305,-0.006949763349633719,NEUTRAL,0.000709460122940325,0.0006750918124864982,0.0017527838331467312,0.0006750918124864982,0.002523615939040486,0.001990907127005668,0.002523615939040486,0.007207525678037699,NO_SETUP,,NO_SETUP
2026-07-31T03:00:00+00:00,PAXGUSD,15m,330,0.058948650812745584,0.004421148810963737,0.01400030456803322,0.07737010419174253,0.1809523809524277,0,1,-0.37447069133503014,-4.829230508402816,-0.45096984140821483,-2.1498772972909137,-0.26833228820186844,-0.581859299441021,0.029356252767211263,0.0827734309450534,-0.000764991500731847,0.0018263755320634643,0.0029768854096907968,0,27.27606788911092,-22.72393211088908,-6.6620382975552275,-4.412010778170558,-2.2500275193846697,-0.17777342783401862,21.96304138274136,5.219034883649058,0.12818961038992216,0.06590036200014854,0.010592882852563303,0.12,-1,-1,3,-1,12,1,1,0.3104628942805152,-0.13816090034239342,1,1,-0.01584244990592733,-0.4464132202174156,1,1,1.0232503303580605,,,,0,,-1,-1,1,1,35,-1,1,-1,2,55,0,0,1,1,0,0,1,1,4.4971,0,3,4,31,7,0.0015056467895090203,0.0007024714221852443,-0.0030579612609117077,-0.008525448623794632,NEUTRAL,0.0015056467895090203,4.175529432571899e-05,0.00233584028845534,4.175529432571899e-05,0.0030604174546955145,0.003183227143888753,0.0030604174546955145,0.008751418451910208,NO_SETUP,,NO_SETUP
2026-07-31T03:30:00+00:00,PAXGUSD,15m,332,0.01374661550961761,0.06578737422460094,0.0004909505539145159,0.08002494028813308,0.17791411042943844,1,0,-0.25640905701242006,-4.015401844746975,-0.3610499432153676,-2.011724487041647,-0.2008575611254844,-0.5730264673879901,0.08648499851940074,0.07403951978540135,-0.0010464088620294753,0.0016019238208988323,0.002873425596448851,0,31.644271671989216,-18.355728328010784,-6.927608624386721,-5.3125221043181075,-1.6150865200686138,0.6516054769986797,22.949563483689165,4.865953547636161,0.1194471294768225,0.19275272096009302,0.010666466995715008,0.1,-1,-1,5,-1,14,1,1,0.36894934126709916,-0.0794112520957483,1,1,0.0428354358290778,-0.38748272467738054,1,1,0.9639814126120283,,,,-1,-0.2546805998433756,-1,-1,1,1,35,-1,1,-1,2,55,0,0,1,1,0,0,1,1,2.9188,0,3,4,31,7,0.0008812562442773933,0.0014556683923578236,-0.004114165641807439,-0.011579068814084407,NEUTRAL,0.001428666111892581,0.0005326813509977521,0.0017477839719372396,0.0008027041556509591,0.002471936038961876,0.005204075871498557,0.002471936038961876,0.011962010246138065,NO_SETUP,,NO_SETUP
2026-07-31T04:00:00+00:00,PAXGUSD,15m,334,0.03927565866506722,0.0,0.014973844866060857,0.054249503531128083,1.0,1,0,-0.20570481373691943,-3.1249888116863076,-0.3308980645404991,-1.7885084557424307,-0.1912739465098231,-0.5156349776361822,0.086120996850532,0.09020269357233701,-0.0012519325080357965,0.00139624118030676,0.002773949433603551,0,33.41689506420653,-16.58310493579347,-6.845939593402818,-5.888897800232773,-0.9570417931700446,1.029916991351537,23.275484088170657,4.494776273216903,0.11033456167670004,0.24619456481757448,0.009957411044182761,0.05,-1,-1,7,-1,16,1,1,0.369927610051627,-0.07842858089681458,1,1,0.04381690669821454,-0.3864970285509464,1,1,0.9629900558941721,,,,1,0.004418511599816295,-1,-1,1,1,35,-1,1,-1,2,55,0,0,1,1,0,0,1,1,1.4669,0,4,4,31,7,0.0013623744099446413,0.0007732395299685773,-0.00444796834381909,-0.009610262729609204,NEUTRAL,0.0017379478959293057,0.00015710263466024656,0.0024620928525665906,0.000812515188633611,0.0024620928525665906,0.005213843687787917,0.0024620928525665906,0.012430745967494453,NO_SETUP,,NO_SETUP
2026-07-31T04:30:00+00:00,PAXGUSD,15m,336,0.009319184522297482,0.03825770488105532,0.0,0.04757688940335281,0.0,0,1,-0.09084501550479344,-1.7177346054845657,-0.21810560156053194,-1.296735410317524,-0.09305391374768268,-0.31510032504775154,0.17667804928007433,0.17938954154988096,-0.001272605860557385,0.0012505168781284924,0.0026973196302775703,0,40.322179004425244,-9.677820995574756,-5.884208187664626,-5.962304837284723,0.07809664962009677,1.42655764010871,21.15485509070379,4.297434643743166,0.10539101688840193,0.37935459930876875,0.008329952551994537,0.01,1,-1,9,1,1,1,1,0.04708640600744241,-0.5270244089062033,1,1,0.1379484550999237,-0.2919602414159212,1,1,0.8679103690642281,,,,1,0.08890011550885088,-1,-1,1,1,50,-1,1,0,2,55,0,0,1,1,0,0,1,1,1.2147,0,4,4,31,7,-0.0014076873462641685,-0.0008583459428439698,-0.006307616471413464,-0.008465743413421092,NEUTRAL,0.0007945831013755071,0.0014076873462641685,0.001518046110344063,0.001753478140381275,0.001518046110344063,0.00667057418438749,0.001518046110344063,0.013360767704611283,NO_SETUP,,NO_SETUP
2026-07-31T05:00:00+00:00,PAXGUSD,15m,338,0.000245209826042351,0.061792876164133204,0.0,0.06203808599017555,0.003952569169867406,1,0,-0.061984387966213285,-1.0364222053963204,-0.18855413310404243,-1.0369941254025434,-0.07651668216167698,-0.2205723248503091,0.1860939131779447,0.21747593462805526,-0.0012656974513782912,0.0011203745094236545,0.0026261059533962167,0,41.55774399332891,-8.442256006671087,-5.022273423890056,-5.695940127493734,0.6736667036036783,1.045391501431566,19.836656549708827,4.241155381594852,0.10399729733640464,0.4414715908004887,0.006277882425919201,0.01,1,-1,11,1,3,1,1,0.47668790183760373,-0.5139597953969333,1,1,0.15092664793262972,-0.27892617712976997,1,1,0.8548014536038521,,,,1,0.10188468272301099,-1,-1,1,1,50,-1,1,0,2,55,0,0,1,1,0,0,1,1,1.3881,0,5,4,31,7,0.001074019038090921,-0.0024520982604814942,-0.005485343808697076,-0.007572079428366769,DOWN,0.0013878876154326016,0.0018832114640497473,0.0013878876154326016,0.0031215210855929463,0.0013878876154326016,0.006799668476315188,0.0013878876154326016,0.013488992530908642,NO_SETUP,,NO_SETUP
2026-07-31T05:30:00+00:00,PAXGUSD,15m,340,0.12591428992195056,0.015954052329293873,0.0,0.14186834225124442,0.0,0,1,-0.14078077585424695,-0.9982050252788213,-0.26822882623235705,-1.01517989046215,-0.16894070918229348,-0.2405145922803058,0.08655620602186015,0.19897043358332667,-0.0012744805037811012,0.0009928811705006355,0.0025549691520415363,0,37.021390130512266,-12.978609869487734,-4.480065767761971,-5.264313427059456,0.7842476592974847,0.3924555237372074,18.709906456346022,4.24951663004864,0.10430309336921702,0.31240840854814017,0.005438091950971691,0.03,1,-1,13,1,5,1,1,0.38044278631387757,-0.6111629276913394,1,1,0.054366501399040076,-0.37590201757400366,1,1,0.9523342005792592,,,,-1,-0.013990476657998227,-1,-1,1,1,50,-1,1,0,2,55,0,0,1,1,0,0,1,1,1.26,0,5,4,31,7,0.0003878061950813367,-0.0037577929409454485,-0.0049923911442736465,-0.008004025330126079,DOWN,0.0023562908055570087,0.0009179716263314962,0.0023562908055570087,0.003882970889990602,0.0023562908055570087,0.005839183152520732,0.0023562908055570087,0.012534976191644915,NO_SETUP,,NO_SETUP
2026-07-31T06:00:00+00:00,PAXGUSD,15m,342,0.19290823254878817,0.0,0.0326007559453466,0.22550898849413475,1.0,1,0,0.010921710489501016,-1.3250159050467119,-0.11653425106006995,-1.1600257274126307,-0.029805959082068473,-0.346050732176991,0.21779433974366108,0.13664632410973354,-0.0012745596154957097,0.0008672829197800148,0.0024760029882572956,0,47.76051600383868,-2.2394839961613187,-3.993659145191941,-4.901503340966579,0.9078441957746382,-0.03441494666499434,17.952871908443303,4.476470971827651,0.10972656966089457,0.6514324193052607,0.00425902661480359,0.1,-1,-1,15,-1,1,1,1,0.5137683042214312,-0.4765102974267589,1,1,0.1881284224665714,-0.24156424800105938,1,1,0.8172249648255038,,,,1,0.06544663035645307,-1,-1,1,1,50,-1,1,0,2,55,0,0,1,1,0,0,1,1,1.5243,0,6,4,31,7,-0.0023310766093252292,-0.005561737987969599,-0.005375447953996126,-0.008385502713461425,DOWN,0.0010147904482237069,0.0023335277939828276,0.0010147904482237069,0.0066500639759194775,0.0010147904482237069,0.007169715123319101,0.0010147904482237069,0.013856546869101776,NO_SETUP,,NO_SETUP
2026-07-31T06:30:00+00:00,PAXGUSD,15m,344,0.11601895548600458,0.0,0.02428303719475085,0.14030199268075544,0.1730769230769567,0,1,-0.05790517486210779,0.1132182727401414,-0.174860964083029,-0.5593086395683713,-0.09589483441971046,-0.07099139555612055,0.1463952232356149,0.26615160716482933,-0.001169557892209212,0.0007896612966331854,0.0024229005765532535,0,44.63725507988602,-5.3627449201139825,-3.0888222746739302,-4.275789714269419,1.186967439595489,0.643571290998616,15.981010241135513,4.672773439994281,0.11461528408686658,0.5285776506130181,0.003515109177362797,0.17,1,-1,17,1,1,1,1,0.012141518597369848,-0.5440381464438913,1,1,0.12104726116774293,-0.3089341954220294,1,1,,,,,1,0.031028325304404487,-1,-1,1,1,75,-1,1,0,2,55,0,0,1,1,0,0,1,1,1.4354,0,6,4,31,7,-0.003259813780991524,-0.005217173748810372,-0.006235099045357788,-0.008440195049203774,DOWN,0.0005690570332505197,0.003259813780991524,0.0005690570332505197,0.005982457345250795,0.0005690570332505197,0.006502457737704006,0.0005690570332505197,0.013193783542478136,NO_SETUP,,NO_SETUP
2026-07-31T07:00:00+00:00,PAXGUSD,15m,346,0.0368178571516233,0.0,0.030927000007368928,0.06774485715899223,0.4565217391304778,0,1,-0.1074257634672935,-1.0426036361473052,-0.2267396692267245,-0.9922952878132492,-0.15926138462104708,-0.310052609336708,0.07558517606162846,0.13897700045345118,-0.0011931390575943097,0.0006747828460567739,0.002348465606826755,0,41.454391056923455,-8.545608943076545,-3.0526156762848586,-3.8291209582830366,0.7765052819981779,-0.539381785194978,14.74870480545697,4.5607077110154775,0.11194365667631648,0.36236400383929335,0.0029395451081149684,0.15,1,-1,19,1,3,1,1,0.37824211913768424,-0.04074509524779288,1,1,0.05215863096479967,-0.378119392947165,1,1,,,,,-1,-0.0741266190652678,-1,-1,1,1,75,-1,1,0,2,55,0,0,1,1,0,0,1,1,1.9745,0,7,4,31,7,-0.004194781191474983,-0.005453951906060527,-0.00389532928664183,-0.006845666906391905,DOWN,0.00041236000009814075,0.004413233810574584,0.00041236000009814075,0.005817221429956548,0.00041236000009814075,0.005817221429956548,0.00041236000009814075,0.012513162383931709,NO_SETUP,,NO_SETUP
2026-07-31T07:30:00+00:00,PAXGUSD,15m,348,0.07226889930041873,0.0,0.06710683506467374,0.13937573436509249,0.4814814814814785,0,1,-0.21245332928680324,-2.1644442463702944,-0.3469395967205172,-1.4706808865980747,-0.2951957826772267,-0.580586768367084,-0.07013377246426786,-0.006487755378202564,-0.0013448626743371394,0.0005174381404329049,0.0022506201021295883,0,35.359632273261994,-14.640367726738006,-3.731212916086861,-3.7352324195474345,0.00401950346057367,-1.0061502384867809,15.626760549958544,4.712191852865398,0.11583160493162473,0.004136677653803306,0.0034144740017878535,0.23,-1,-1,0,-1,1,1,1,0.23204707802583135,-0.09402331286534567,1,1,0.6210454900765429,-0.3215228581120705,1,1,,,,,-1,-0.22098551180638418,-1,-1,1,1,50,-1,1,0,2,55,0,0,1,1,0,0,1,1,23.6686,0,7,4,31,7,-0.002298347647819374,-0.003040701647435902,-0.005636482520267208,-0.004178813905126175,DOWN,0.0005727433175849227,0.003837134415236367,0.0005727433175849227,0.004358257090463951,0.0005727433175849227,0.005894585732054457,0.0005727433175849227,0.011064024345278128,NO_SETUP,,NO_SETUP
2026-07-31T08:00:00+00:00,PAXGUSD,15m,350,0.11653432342339945,0.0,0.0125650116164706,0.12909933503987006,0.09732824427476809,0,1,-0.37092547218962435,-3.747220800316427,-0.5357632862690859,-2.194027223653393,-0.5054923090687117,-0.9842065402181106,-0.29343428197057203,-0.22164009803555018,-0.0016483781407946147,0.00030270977200374204,0.002120580270981396,0,27.893286059215924,-22.106713940784076,-5.137862061652868,-4.111819716613066,-1.0260423450398015,-1.397576996521638,18.21196769235589,4.8917368527257565,0.12051907917499012,-0.19013135476194407,0.005342635553654784,0.28,-1,-1,0,-1,3,1,1,0.004681082759080797,-0.13858468694643117,1,1,0.39456600203503606,-0.5501504105802419,1,1,,,,,-1,-0.44938394487163325,-1,-1,1,1,60,-1,0,-1,0,46,0,0,1,1,0,0,1,1,,0,8,4,31,7,-0.0018995341090790921,-0.001239255067272024,-0.005484258011426712,-0.003003284149114673,NEUTRAL,0.001207226606288934,0.0019414174811339196,0.001207226606288934,0.0020892411472102023,0.001207226606288934,0.0057109209660768925,0.001207226606288934,0.00881029049814106,NO_SETUP,,NO_SETUP
2026-07-31T08:30:00+00:00,PAXGUSD,15m,352,0.011585000628542974,0.03401553376041995,0.09785628190496355,0.14345681629392648,0.7628865979381138,1,0,-0.3426280530739851,-4.659924510010114,-0.5385339661516753,-2.7054745728532907,-0.5313950165726735,-1.2933328399849415,-0.3341609433177324,-0.39306575387536213,-0.0019590591307769014,7.138949579001675e-05,0.0019723407325494113,0,26.590323901975495,-23.409676098024505,-6.357713801668979,-4.840231394744986,-1.5174824069239925,-1.0371755637012674,21.901205285761712,5.14165065362575,0.12673622564686823,-0.01381517703103744,0.007318387530093996,0.32,-1,-1,1,-1,5,1,1,0.18104644599294054,-0.034385267823030044,1,1,0.3474267741688945,-0.5977367345580681,1,1,,,,,-1,-0.49692258015219015,-1,-1,1,1,60,-1,0,-1,0,46,0,0,1,1,0,0,1,1,,0,8,4,31,7,-0.0007074245064666219,0.00018733192505742422,-0.007495741896045536,-0.0018338809505615275,NEUTRAL,0.0011289213378458264,0.0016169703004951838,0.0011289213378458264,0.0016169703004951838,0.0011289213378458264,0.007880265321163283,0.0011289213378458264,0.008341200452554418,NO_SETUP,,NO_SETUP
2026-07-31T09:00:00+00:00,PAXGUSD,15m,354,0.07742285453626108,0.05473845129634595,0.02465696004339625,0.15681826587600328,0.15723270440251258,0,1,-0.3138788830693967,-3.95367970093821,-0.5302476473422851,-2.554934428843353,-0.5434979304356912,-1.271688576089673,-0.36031608077251176,-0.39989943118234805,-0.002163687642728883,-0.0001325028309340611,0.001831818496631794,0,27.663430301114985,-22.336569698885015,-6.845221050317377,-5.511968864531953,-1.3332521857854243,0.0629121198182574,23.9511507168673,5.273004900320198,0.13001627113582775,0.0677726932032111,0.008558253400236958,0.37,-1,-1,3,-1,7,1,1,0.14855818426146464,-0.21858395078470239,1,1,0.31499266455438935,-0.6304784683096462,1,1,,,,,-1,-0.3085818549431009,-1,-1,1,-1,100,-1,-1,-1,4,55,0,0,1,1,0,0,1,1,34.4222,0,9,4,31,7,-0.0006361495691196053,-0.0010232638418009668,-0.0051853586971262805,-0.002293097284035896,NEUTRAL,0.00034273174460317646,0.0012920247062740218,0.0010207981457965732,0.0012920247062740218,0.0010207981457965732,0.008018443406112456,0.0010207981457965732,0.008018443406112456,NO_SETUP,,NO_SETUP
2026-07-31T09:30:00+00:00,PAXGUSD,15m,356,0.009625137898607136,0.047878891085396065,0.026901026434581036,0.08440505541858423,0.432748538011692,1,0,-0.33163036503038884,-4.392513315280212,-0.5749298225630844,-2.8472193631878326,-0.611488322959856,-1.470840087662964,-0.4442951023005032,-0.5176762301493909,-0.0024329945753269557,-0.00036558500396771486,0.0016719322065935278,0,25.969151367824495,-24.030848632175505,-7.638607728963507,-6.2344085262837154,-1.4041992026797914,-0.050501509317351534,26.691865318798666,5.109274633439342,0.12609608438134653,0.09697012013943324,0.009891319741213253,0.32,-1,-1,1,-1,9,1,1,0.055899839334233474,-0.057997625799316097,1,1,0.2224887645024883,-0.7238597296570337,1,1,,,,,-1,-0.4016644084612389,-1,-1,1,-1,100,-1,-1,-1,4,55,0,0,1,1,0,0,1,1,1.3021,0,9,4,31,7,0.0007058434458981185,0.0015671698886198563,-0.002171825987378662,0.0004664489904711943,UP,0.0012710117994318925,-2.467984076620609e-06,0.0019497074204877455,0.00032330591403022924,0.0019497074204877455,0.00709792220420588,0.0019497074204877455,0.00709792220420588,NO_SETUP,,NO_SETUP
2026-07-31T10:00:00+00:00,PAXGUSD,15m,358,0.040929342640234886,0.03131341274283261,0.020711233625184504,0.092953989008252,0.6631299734748043,1,0,-0.1893511525501385,-3.2921027365450755,-0.4403522485768937,-2.5066873091172965,-0.49423454434530023,-1.3523599352206475,-0.34090329820966586,-0.4770232516557371,-0.0025100109602675517,-0.0005388229576840658,0.001533312461356344,0,33.6191676005984,-16.380832399401598,-7.326100669683456,-6.669090712436484,-0.6570099572469719,0.8285494870802861,27.53050089577498,4.986466393118633,0.12294746479999193,0.2536074703651177,0.010040031897273064,0.31,-1,-1,3,-1,11,1,1,0.15151253646040042,-0.21561873577643434,1,1,0.31794209237703275,-0.6275010663819761,1,1,,,,,-1,-0.2794783727874124,-1,-1,1,-1,100,-1,-1,-1,4,55,0,0,1,1,0,0,1,1,4.656,0,10,4,31,7,0.0004388809030098354,-0.0026036979414513018,-0.0020982452160748176,-0.0021278326926823044,DOWN,0.0009911804663479394,0.0008654336907664299,0.0009911804663479394,0.002862588361766108,0.0009911804663479394,0.008047793637213124,0.0009911804663479394,0.008047793637213124,NO_SETUP,,NO_SETUP
2026-07-31T10:30:00+00:00,PAXGUSD,15m,360,0.01948759947309388,0.042428697586986225,0.0,0.0619162970600801,0.31474103585658886,1,0,-0.1919641065681852,-2.6160750292347075,-0.4494419987373783,-2.2788912838104807,-0.5199682760514855,-1.2811802494948097,-0.3803009957412223,-0.4583410754389661,-0.002574778921691931,-0.0007052627731410727,0.0013966728031026326,0,32.69216923025725,-17.30783076974275,-7.051710357095999,-6.839189843006498,-0.21252051408950123,0.8691982732745913,28.42090934951616,4.711647043046136,0.11622619042211954,0.26072387691490984,0.009913111352806567,0.23,-1,-1,5,-1,13,1,1,0.10446833388425172,-0.26283591441243026,1,1,0.27097630406575773,-0.6749123058023743,1,1,,,,,1,0.003330159403635505,-1,-1,1,-1,100,-1,-1,-1,4,55,0,0,1,1,0,0,1,1,2.9239,0,10,4,31,7,-0.0001060717439675497,-0.00425027011292941,-0.0030267448801882604,-0.000875708583917595,DOWN,0.0014628033528537828,0.0008091053958449971,0.0014628033528537828,0.004477214309324962,0.0014628033528537828,0.00758042951655953,0.0014628033528537828,0.00758042951655953,NO_SETUP,,NO_SETUP
2026-07-31T11:00:00+00:00,PAXGUSD,15m,362,0.07713672422758806,0.0197154566715918,0.04115601580194032,0.1380081967011202,0.8571428571428339,1,0,-0.0725904429178236,-1.785585228013133,-0.32368016170485225,-1.9593456256939135,-0.4060436838318321,-1.1584636432994557,-0.27820648531027314,-0.4129453461164303,-0.0025108971878702864,-0.0008236352212697986,0.0012783719852155894,0,40.356244648916565,-9.643755351083435,-6.18464283741605,-6.692716172250915,0.5080733348348652,0.9759493430254125,28.142955442951425,4.601216072830602,0.1133938451506286,0.3974425127379708,0.009161142065570024,0.17,1,-1,7,1,0,1,1,0.19974222040401945,-0.16721171689589634,1,1,0.36609138607053743,-0.5788950965194885,1,1,,,,,1,0.0987005049621367,-1,-1,1,-1,100,-1,-1,-1,4,55,0,0,1,1,0,0,1,1,2.9121,0,11,4,31,7,-0.002538365046466912,-0.007681634805667226,-0.0030263225990887024,-0.003063289080347839,DOWN,0.00050767300929336,0.002538365046466912,0.00050767300929336,0.008066086210763166,0.00050767300929336,0.008526935010461492,0.00050767300929336,0.008526935010461492,NO_SETUP,,NO_SETUP
2026-07-31T11:30:00+00:00,PAXGUSD,15m,364,0.15845982969270822,0.0,0.022707639145997105,0.1811674688387053,0.1253405994550483,0,1,-0.19825608268413158,-1.4532341662416002,-0.44682332167060984,-1.797104516451327,-0.5413608742481013,-1.105772195665395,-0.42531329965088005,-0.4007556409883364,-0.0024856723898647824,-0.0009453755257749151,0.001160475745972213,0,33.196073246677486,-16.803926753322514,-5.723628412044491,-6.338770232756792,0.6151418207123012,0.5373204725248311,27.03152158011514,4.902222021981503,0.12099770509642115,0.239596499964747,0.007120727431308518,0.34,1,-1,9,1,2,1,1,0.04627915586819697,-0.3212390472664414,1,1,0.21288411699370602,-0.7335554732815069,1,1,,,,,-1,-0.054917931630258154,-1,-1,1,-1,100,-1,-1,-1,4,55,0,0,1,1,0,0,1,1,2.9446,0,11,4,31,7,-0.002470689867950196,-0.0041663581389609055,-0.0022189312600270966,-0.0008317906948043665,DOWN,0.001663581389608733,0.002470689867950196,0.001663581389608733,0.007002344810563962,0.001663581389608733,0.007002344810563962,0.001663581389608733,0.007002344810563962,NO_SETUP,,NO_SETUP
2026-07-31T12:00:00+00:00,PAXGUSD,15m,366,0.12246688219523243,0.0,0.010102901750508953,0.13256978394574137,1.0,1,0,-0.015855125203056552,-1.4944161769017228,-0.254003511570892,-1.793874642060473,-0.3573992573854655,-1.1322118703769775,-0.25223828996180336,-0.42831474811964654,-0.0023814838636783547,-0.0010339574581457354,0.0010516096742366214,0,45.17583397439462,-4.824166025605379,-4.930313999404916,-5.927562058068073,0.9972480586631569,0.19660612139895584,25.598133310030256,4.830742457728921,0.11903540593284087,0.5565108487238273,0.004904675264037683,0.31,1,-1,11,1,4,1,1,0.2122841428796666,-0.15462367923040754,1,1,0.37861240340639746,-0.5662553225043485,1,1,,,,,1,0.07527893865320524,-1,-1,1,-1,100,-1,-1,0,3,55,0,0,1,1,0,0,1,1,8.9934,0,12,4,31,7,-0.003474412553225021,-0.0037331454029332018,-0.0029618750985648907,-0.0025577590285443086,DOWN,-3.942595805074478e-05,0.005551667718025485,-3.942595805074478e-05,0.008651533669768095,-3.942595805074478e-05,0.008651533669768095,-3.942595805074478e-05,0.008651533669768095,NO_SETUP,,NO_SETUP
2026-07-31T12:30:00+00:00,PAXGUSD,15m,368,0.05487972194273721,0.09566870446776177,0.02595662524319336,0.17650505165369232,0.1470588235294305,0,1,-0.2814264054294747,-2.356880362497577,-0.5346365393647161,-2.1316389909989084,-0.6550351148261133,-1.3295861720971516,-0.5643117378152435,-0.5417190747825771,-0.002532101339352414,-0.0012039857546139714,0.0009072337701086978,0,32.59109713422356,-17.40890286577644,-5.648178221766102,-5.766024404777562,0.11784618301146033,-0.5297384570802572,25.992939315227826,5.392272833449957,0.1333001953779892,-0.08793200032207721,0.004036550727044815,0.53,-1,-1,0,-1,1,1,1,0.586125318586675,-0.16983049087686153,1,1,0.05772259042175898,-0.2556109571567396,1,1,,,,,-1,-0.2274294783212693,-1,-1,1,-1,100,-1,-1,-1,4,55,0,0,1,1,0,0,1,1,1.4403,0,12,4,31,7,-0.004447235124999749,0.0005067722071289703,0.0014659313113533875,0.0009171340919260153,NEUTRAL,0.0001804603469288413,0.0052432382991241585,0.0013448003935518933,0.005458307479710553,0.0021037226744717243,0.005458307479710553,0.0024967801424400486,0.005458307479710553,NO_SETUP,,NO_SETUP
2026-07-31T13:00:00+00:00,PAXGUSD,15m,370,0.1203974602576821,0.035425590158134165,0.0227912887730625,0.17861433918887876,0.12760055478503024,0,1,-0.41523312416890856,-4.401210455468117,-0.6953213393603708,-3.022362636442722,-0.8372435102367296,-1.816427220147034,-0.7638439664953074,-0.8034632083481483,-0.002800882151914622,-0.0014192217087635893,0.0007339954374142232,0,26.732902132041445,-23.267097867958555,-6.912278157099081,-6.061361705558462,-0.8509164515406189,-1.379220881691209,28.25347346645218,5.459612800270648,0.13525175208702922,-0.19991053275029452,0.005634827651075326,0.56,-1,-1,2,-1,3,1,1,0.37481760775696826,-0.1711823971976588,1,1,0.8054986461479088,-0.4687078082459891,1,1,,,,,-1,-0.44046642867936237,-1,-1,1,-1,100,-1,-1,-1,4,55,0,0,1,1,0,0,1,1,3.2266,0,13,4,31,7,0.001124700554670595,0.0012287477425476292,0.0024946551950512453,0.0030842559263543645,NEUTRAL,0.002271696935314872,0.00334437389604695,0.0038497459514495913,0.00334437389604695,0.004248593504978185,0.00334437389604695,0.00462762254653011,0.00334437389604695,NO_SETUP,,NO_SETUP
2026-07-31T13:30:00+00:00,PAXGUSD,15m,372,0.4219482635301656,0.025580147818478935,0.03874274815226758,0.48627115950091215,0.07967313585290864,0,1,-0.5831001185298693,-5.116909239056895,-0.8907701862347966,-3.415768046942958,-1.0551827078714442,-2.0616138794889594,-1.0000295089333322,-0.9466514817404459,-0.0030767006770492733,-0.0016441252163664755,0.0005515319893811189,0,27.368701798198956,-22.631298201801044,-8.052654818403425,-6.579221962495218,-1.4734328559082073,-1.1430001043252274,30.445143538179025,6.714308996151732,0.16675050157334628,-0.24936480627267318,0.007870321493682591,0.69,-1,-1,0,-1,5,1,1,0.12566558054517865,-0.4998062862592387,1,1,0.5574237065882581,-0.36495172057538355,1,1,,,,,-1,-0.6916573948978758,-1,-1,1,-1,100,-1,-1,-1,4,55,0,0,1,1,0,0,1,1,4.0604,0,13,4,31,7,0.005744357466422979,0.0046913494397202255,0.00570462131447197,0.00534699594691255,UP,0.005933104188190384,0.0008518437574504879,0.006360267821664182,0.0008518437574504879,0.006760112850671604,0.0008518437574504879,0.00714008980370341,0.0008518437574504879,NO_SETUP,,NO_SETUP
2026-07-31T14:00:00+00:00,PAXGUSD,15m,374,0.1831647094397954,0.026768320188764426,0.10162047479068435,0.3115535044192442,0.9140811455847293,1,0,-0.297033162327909,-5.906177404307073,-0.6293126018346727,-3.880999262095429,-0.8162841514862373,-2.351935852648694,-0.780647164116284,-1.1153329206799754,-0.003322794395067638,-0.0018697154965156466,0.0003563698736995345,0,36.52325561420698,-13.476744385793019,-8.841498838806729,-7.400235564589662,-1.441263274217067,-0.8432551023782544,32.991848674054786,7.31468479770224,0.18129798587480953,0.15461877807375535,0.009440713629652637,0.74,-1,-1,1,-1,7,1,1,0.32518551933019446,-0.011525248970166845,1,1,0.7560811179243674,-0.16445167078932385,1,1,,,,,-1,-0.490504681977484,-1,-1,1,-1,100,-1,-1,-1,4,55,0,0,1,1,0,0,1,1,4.0687,0,14,4,31,7,0.0017548121012635459,0.001955574502679392,0.0029073369982798923,0.003284076319455116,UP,0.004349852030674557,0.0003717822248439754,0.004349852030674557,0.0003717822248439754,0.004748898285340456,0.0003717822248439754,0.005128116154681247,0.0003717822248439754,NO_SETUP,,NO_SETUP
2026-07-31T14:30:00+00:00,PAXGUSD,15m,376,0.047488430878364636,0.030916947186434136,0.04476773952595528,0.12317311759075406,0.7489959839357438,1,0,-0.06705831352295147,-2.0644218661109335,-0.3845317322872182,-2.4097497994202968,-0.5804327784442398,-1.6618766093329214,-0.5577733915455246,-0.7914105836939598,-0.0031747341876426673,-0.0019590104615702163,0.00022659386898715104,0,44.60933858690761,-5.390661413092388,-7.42588538469181,-7.531079079613036,0.10519369492122621,1.947984829081932,31.313654653268745,7.324039442916744,0.181149552518414,0.40143992880455404,0.009497052739373499,0.75,-1,-1,3,-1,9,1,1,0.13751858108526893,-0.08891714010817962,1,1,0.9639904132730254,0.04538607846968621,1,1,,,,,1,0.05948420638670422,-1,-1,1,-1,100,-1,-1,-1,4,55,0,0,1,1,0,0,1,1,29.8831,0,14,4,31,7,0.0005911320302045892,0.0007741603575482253,0.0026440173233838607,0.0006010254533042391,NEUTRAL,0.0022458070436225577,0.0012713048683062526,0.0022458070436225577,0.0012713048683062526,0.0026440173233838607,0.0012713048683062526,0.0030224407569457517,0.0012713048683062526,NO_SETUP,,NO_SETUP
2026-07-31T15:00:00+00:00,PAXGUSD,15m,378,0.06004062007382367,0.023719751140278515,0.07955999861635414,0.16332036983045634,0.487140695915309,0,1,0.02433138542241374,0.18862518443074805,-0.2617500851796829,-1.4178274772812074,-0.4592711666004766,-1.1836106899395418,-0.44576434415087685,-0.5666842534806165,-0.0028608147060209667,-0.0019752108142079366,0.0001350682244959969,0,48.29323908725382,-1.7067609127461765,-5.396897411316786,-6.894354201810594,1.4974567904938079,2.1260245455085265,27.531350638550574,7.275421764555752,0.17976166009981448,0.5277542723339205,0.009154033318593945,0.74,-1,-1,5,-1,11,1,1,0.09982061938200075,-0.11909291718347002,1,1,1.0660298572367586,-0.20482993432593813,1,1,,,,,1,0.16245558723680398,-1,-1,1,-1,100,-1,-1,-1,4,55,0,0,1,1,0,0,1,1,4.9132,0,15,4,31,7,3.706211115659389e-05,0.0009586732752528017,-2.9649688925432415e-05,-0.0003730919189773373,NEUTRAL,0.0012131664385287464,0.0023003216991249386,0.0015961415871477446,0.0023003216991249386,0.001988999965408629,0.0023003216991249386,0.001988999965408629,0.0023003216991249386,NO_SETUP,,NO_SETUP
2026-07-31T15:30:00+00:00,PAXGUSD,15m,380,0.0024742737387985683,0.06507339933046422,0.09006356409235788,0.15761123716162068,0.5714285714285918,0,1,-0.09513070002592264,-0.7367943501594709,-0.37156855843921405,-1.6788249799892583,-0.576724418621743,-1.3245748820800145,-0.5750906873012466,-0.6497533012079657,-0.002764378584132914,-0.002051558601825289,1.6337313204963395e-05,0,44.00308987047279,-5.996910129527208,-4.8793814222922265,-6.209801151710259,1.3304197294180327,0.2809770087020649,25.48948052404089,7.422634072499643,0.18365628558314037,0.40401002054732843,0.008910997172798484,0.79,-1,-1,7,-1,13,1,1,0.10045551379532314,-0.25955131520020047,1,1,0.9272340836156157,-0.34540861393659517,1,1,,,,,1,0.02239217733615236,-1,-1,1,-1,100,-1,-1,-1,4,55,0,0,1,1,0,0,1,1,6.2597,0,15,4,31,7,0.000504751842715358,0.0012643538805271373,0.0021575667002342643,0.0010466177915127506,NEUTRAL,0.00194230488495862,0.00013855932937283233,0.003016139687598211,0.00013855932937283233,0.0033947035696346734,0.00013855932937283233,0.0033947035696346734,0.00013855932937283233,NO_SETUP,,NO_SETUP
2026-07-31T16:00:00+00:00,PAXGUSD,15m,382,0.0002471912889843721,0.008651695114261925,0.08577537727569987,0.09467426367894616,0.9060052219320799,0,1,0.00024381568939990935,-0.3993713387931166,-0.25461903804828817,-1.4697419365452333,-0.4619212702094892,-1.2329279893410785,-0.46964601643611265,-0.6171089943600236,-0.0025486285373768807,-0.00207302232161201,-7.724746226623526e-05,-1,47.668633177645106,-2.3313668223548945,-3.8233719846248277,-5.429106222825636,1.6057342382008084,0.19794176721749768,23.422889330031573,7.039158970675692,0.1740018779289249,0.5450199019684131,0.008115490074881737,0.73,-1,-1,9,-1,15,1,1,0.1957755008713511,-0.16388782459306406,1,1,1.0217651929946,-0.24966320186877514,1,1,,,,,1,0.009640460270176931,-1,-1,1,-1,100,-1,-1,-1,4,55,0,0,1,1,0,0,1,1,1.3858,0,16,4,31,7,0.0010653944554994872,0.0010085404590343182,-3.7078693346756534e-05,9.887651559161304e-05,NEUTRAL,0.00204427195985613,0.0008849448145447175,0.002059103437194968,0.0008849448145447175,0.002437306109332739,0.0008849448145447175,0.002437306109332739,0.0008849448145447175,NO_SETUP,,NO_SETUP
2026-07-31T16:30:00+00:00,PAXGUSD,15m,384,0.1214591924324208,0.0499689549314654,0.015831748097106187,0.1872598954609924,0.08454425363280232,0,1,-0.06977879420402691,-0.10828356758338487,-0.3069132751812001,-1.253914029083262,-0.5163592896149551,-1.1304290974940159,-0.5331621969251238,-0.5771073311461805,-0.002371344809771732,-0.0020944601443375495,-0.0001680290731016873,-1,45.106391050884476,-4.893608949115524,-3.135925075339401,-4.6201247654488995,1.4841996901094987,-0.032845787228190204,20.623252039004022,6.887438092062205,0.17037528891857298,0.48295040849302523,0.007340591874812199,0.72,-1,-1,11,-1,17,1,1,0.1231907898805562,-0.23673410826441266,1,1,0.9497812002938876,-0.32257186747837263,1,1,,,,,-1,-0.06307962132436845,-1,-1,1,-1,100,-1,-1,-1,4,55,0,0,1,1,0,0,1,1,1.3822,0,16,4,31,7,0.0025033951678536085,0.0009499048858258089,0.001390225379776399,0.0012789084009686106,NEUTRAL,0.0027730296276322337,7.173760856507921e-05,0.002787871891473362,7.173760856507921e-05,0.0031663496194195505,7.173760856507921e-05,0.0031663496194195505,7.173760856507921e-05,NO_SETUP,,NO_SETUP
2026-07-31T17:00:00+00:00,PAXGUSD,15m,386,0.0640103602868774,0.000247144248217306,0.03039874253006555,0.09465624706516026,0.9973890339425017,1,0,0.02350481239046317,-0.358799020175411,-0.19600198500167682,-1.2727364797492555,-0.40631940888995516,-1.14499319522929,-0.4316201232024872,-0.5954498012602016,-0.0021950679739214,-0.002103174238882784,-0.00025300714312531956,-1,49.07722520917516,-0.9227747908248389,-2.52819339710004,-3.9312761571145125,1.4030827600144726,-0.34864337938297973,17.95900277259769,6.421821620196509,0.15871162764744648,0.6756233120436308,0.006050520744909165,0.67,-1,-1,13,-1,19,1,1,0.21476835169615235,-0.14482652945218322,1,1,1.0406008570962533,-0.23058558358172274,1,1,,,,,1,0.013963650023974341,-1,-1,1,-1,100,-1,-1,-1,4,55,0,0,1,1,0,0,1,1,1.7912,0,17,4,31,7,0.0007883901517960108,0.001868410516482149,0.0004053165670676156,0.00031140175274706227,UP,0.001868410516482149,0.00017052953126611996,0.001868410516482149,0.00017052953126611996,0.0022465412162463103,0.0009638625680263645,0.0022465412162463103,0.0009638625680263645,NO_SETUP,,NO_SETUP
2026-07-31T17:30:00+00:00,PAXGUSD,15m,388,0.01678539867789897,0.03702661473066841,0.06368577733674785,0.11749779074531523,0.6848739495798163,1,0,0.12156883583441366,1.0462438859785834,-0.06731870666746131,-0.6071973425132455,-0.2725664510489569,-0.8106615338147094,-0.30318155406194003,-0.43751114031147154,-0.0018888754250187497,-0.0020524774438149557,-0.00030615103012983163,-1,54.03514705180629,4.035147051806291,-1.280324227165238,-3.076464090922047,1.796139863756809,0.44382819043373045,18.35353074671263,6.42039721333266,0.1584837160239503,0.8376603835621257,0.006448647390559834,0.67,1,-1,15,1,1,1,1,0.10083581411650996,-0.33015398134845997,1,1,1.1607843718064568,-0.10885824730817274,1,1,,,,,1,0.13539398786514728,-1,-1,1,-1,100,-1,-1,0,3,55,0,0,1,1,0,0,1,1,7.3744,0,17,4,31,7,-0.0004270402898937134,-0.0009873763928178242,-0.0005479938980138431,-0.0013453003352142405,NEUTRAL,0.0006516684192598447,0.0012909946336093095,0.0010293398895125996,0.0012934630745912957,0.0010293398895125996,0.0021771649461632303,0.0010293398895125996,0.0021771649461632303,NO_SETUP,,NO_SETUP
2026-07-31T18:00:00+00:00,PAXGUSD,15m,390,0.15148145402426938,0.02347591864977075,0.01952207971927654,0.19447945239331668,0.10038119440913963,0,1,-0.0028175882902738694,1.1173561062091721,-0.16901414265027148,-0.43899301014062075,-0.37042699891610376,-0.7150508472614092,-0.40649419108278306,-0.3961490722376766,-0.001661965543599976,-0.0020141285626583227,-0.0003606719216667927,-1,48.75555237029461,-1.244447629705391,-0.6386306977428831,-2.202183038736286,1.563552340993403,-0.05955606001965208,18.079698610968205,6.359424127822578,0.15715086682537815,0.6217903053899206,0.006704278339925659,0.68,1,-1,17,1,3,1,1,0.030765809177845924,-0.4402352534163653,1,1,1.0523389428423169,-0.21869671584254738,1,1,,,,,-1,-0.027059085180523752,-1,-1,1,-1,100,-1,-1,0,3,57,0,0,1,1,0,0,1,1,2.8617,0,18,4,31,7,0.0004744606716584063,0.0008920849086910637,0.0005881335409099042,-0.00038055699705932334,NEUTRAL,0.0010700076605630222,0.0001408555118985121,0.002127659574468117,0.00019769194652426104,0.002127659574468117,0.001082363407220613,0.002127659574468117,0.001082363407220613,NO_SETUP,,NO_SETUP
2026-07-31T18:30:00+00:00,PAXGUSD,15m,392,0.0032102490906266747,0.01407570755125073,0.06692134642785795,0.08420730306973535,0.794721407624678,0,1,0.055157657490447265,0.47035273093342767,-0.09128639212437693,-0.591988549537291,-0.2884512885040403,-0.7819775859238689,-0.3296365232265194,-0.43619314892384864,-0.001464440496148242,-0.0019716489637966335,-0.0004118523472247908,-1,51.78601255533743,1.7860125553374289,-0.19681742020702586,-1.5125719102144874,1.3157544900074616,-0.6178173777421805,16.958010505993396,5.9524626408266075,0.14699144445964363,0.7041054391334194,0.005716671443243567,0.64,1,-1,19,1,5,1,1,0.10062896187953349,-0.3700429432551351,1,1,1.1214881727015336,-0.14865922712018387,1,1,0.10495045103999723,,,,-1,-0.007778680488848201,-1,-1,1,-1,75,-1,-1,0,3,57,0,0,1,1,0,0,1,1,2.296,0,18,4,31,7,0.00018026783355105857,-0.0010445656656451535,-0.0003555968223472982,-0.0011458119831191094,NEUTRAL,0.0014273261341438994,0.0008396036083200002,0.0014273261341438994,0.0017804535341138443,0.0014273261341438994,0.0017804535341138443,0.0014273261341438994,0.0017804535341138443,NO_SETUP,,NO_SETUP
2026-07-31T19:00:00+00:00,PAXGUSD,15m,394,0.07562371025739112,0.04003608190098102,0.004695589852584541,0.12035538201095669,0.039014373716640884,0,1,-0.02566188635324548,0.32711414028790387,-0.15972895877765295,-0.5643615945555212,-0.35433394383472233,-0.7593081383829485,-0.401141305536511,-0.4313067718758248,-0.0013406707242440746,-0.0019460498505706933,-0.0004680736170178876,-1,47.839137325775695,-2.1608626742243047,-0.17120852356401883,-1.009628944569193,0.8384204210051742,-0.6042696030745605,15.342771362670343,5.598398909692369,0.13835676374244366,0.4882316337426322,0.003286381093316148,0.62,1,-1,21,1,7,1,1,0.022118699568746694,-0.4489231035377554,1,1,1.0437801969676408,-0.22736540338824554,1,1,0.1836222768668131,,,,-1,-0.08637413965673621,-1,-1,1,-1,75,-1,-1,0,3,55,0,0,1,1,0,0,1,1,2.2791,0,19,4,31,7,0.0002619644865125225,0.00043990262829468537,0.0003756471882066509,0.00012851088017595656,NEUTRAL,0.0022143413199550302,0.0001112113386137675,0.0022143413199550302,0.0009959593213636352,0.0022143413199550302,0.0009959593213636352,0.0022143413199550302,0.0009959593213636352,NO_SETUP,,NO_SETUP
2026-07-31T19:30:00+00:00,PAXGUSD,15m,396,0.127288604709686,0.0,0.025161700930982488,0.15245030564066847,1.0,1,0,0.14003662506007453,0.6055514844533718,0.02681160819006823,-0.383880118619345,-0.16124647271976464,-0.6606625884023742,-0.21156709018364997,-0.38824829764280366,-0.0011322501687000628,-0.0018805808090983287,-0.0005032061746388534,-1,56.62528290550591,6.625282905505912,0.39271665365231456,-0.5814375342563513,0.9741541879086658,-0.19919725366733776,14.564561954814428,5.434435794581707,0.13405847861950343,0.9779147681765183,0.0032913397625713376,0.56,1,-1,23,1,9,1,1,0.20536388259847038,-0.26481456813146426,1,1,1.2251528203306647,-0.04366295161552876,1,1,0.0,,,,1,0.09706989525825144,-1,-1,1,-1,75,-1,-1,0,3,55,0,0,1,1,0,0,1,1,2.2713,0,19,4,31,7,-0.0028023227703526405,-0.0014603653873668705,-0.0020376044087247504,-0.0018131225670856247,NEUTRAL,0.00037742551396468117,0.0028269911045986796,0.00037742551396468117,0.0028269911045986796,0.00037742551396468117,0.0028269911045986796,0.00037742551396468117,0.0028269911045986796,NO_SETUP,,NO_SETUP
2026-07-31T20:00:00+00:00,PAXGUSD,15m,398,0.077091476944221,0.017543252766140573,0.03063892032397648,0.12527365003433807,0.2445759368836002,0,1,-0.02612542319889222,0.6916645938499641,-0.1295648929159646,-0.26508118600713715,-0.3143073421030414,-0.5881711625261232,-0.3692951465220651,-0.3567684174886381,-0.0010343946971707238,-0.0018474244918707681,-0.0005498780441902365,-1,48.32664174816621,-1.6733582518337897,0.29897325864794766,-0.23507863230642156,0.5340518909543692,-0.20455956238833217,14.449783236877058,5.39617168002196,0.13333296303122602,0.4779269769170229,0.003313217170538936,0.56,1,-1,25,1,11,1,1,0.04163433931121596,-0.42931551663643963,1,1,1.0630964088220345,-0.2078010644554008,1,1,0.16406647657358844,,-1,1,-1,-0.06955529089678278,-1,-1,1,-1,75,-1,-1,0,3,55,0,0,1,1,0,0,1,1,2.2391,0,20,4,31,7,-0.0005460646283548473,0.0004398167594894667,-0.0003434524133091202,-0.00017790340833274853,NEUTRAL,0.0009685852231452514,0.001190964483561159,0.0009685852231452514,0.001190964483561159,0.0009685852231452514,0.001190964483561159,0.0009685852231452514,0.001190964483561159,NO_SETUP,,NO_SETUP
2026-07-31T20:30:00+00:00,PAXGUSD,15m,400,0.07159945781928027,0.01851710116015811,0.009135103239008641,0.09925166221844703,0.8134328358208947,1,0,0.0488679587513637,0.02206557455656366,-0.04456337886007685,-0.4827450702050555,-0.22516001268192326,-0.6877586083637652,-0.28427806248944093,-0.41195876589517866,-0.0009343133761144056,-0.001805966338218464,-0.0005911804980751764,-1,52.32313365303949,2.3231336530394913,0.3038246904184234,-0.06199146698727162,0.36581615740569506,-0.4855675594396548,13.916878760463067,5.036801091447479,0.124355940445237,0.6929530940301357,0.002755713172006531,0.4,1,-1,27,1,13,1,1,0.11986736817675729,-0.35071389597339286,1,1,1.140529984124676,-0.12937281343897716,1,1,0.08567245470100449,-0.10888055482172611,-1,3,-1,-0.007283393122997321,-1,-1,1,-1,100,-1,-1,0,3,55,0,0,1,1,0,0,1,1,2.2541,0,20,4,31,7,-0.00118756342107146,-0.0003036804590265975,-0.0011085571227880783,-0.0011258397505375997,NEUTRAL,0.00014813680928124244,0.0019726885102621236,0.00014813680928124244,0.0019726885102621236,0.00014813680928124244,0.0019726885102621236,0.00014813680928124244,0.0019726885102621236,NO_SETUP,,NO_SETUP
2026-07-31T21:00:00+00:00,PAXGUSD,15m,402,0.06476651917040381,0.0,0.0,0.06476651917040381,1.0,1,0,-0.05519360145125925,-0.5896016498527388,-0.1528296324377129,-0.706209501561716,-0.33420827594589647,-0.7941870523059151,-0.3996877504402128,-0.4712942523260608,-0.0009763603098645364,-0.0018137864350818355,-0.0006547947449431638,-1,46.89582915707204,-3.1041708429279566,-0.40986597221353804,-0.15790526807515037,-0.25196070413838767,-0.5784932080092924,12.239609277930152,5.118415226809293,0.126527457217247,0.2762592925729507,0.0029778015906877526,0.45,-1,-1,0,-1,1,1,1,0.1920747534175571,-0.021506439571846114,1,1,1.0180950732949448,-0.09270017056831384,1,1,0.20962598571181418,0.014832027290927967,-1,5,-1,-0.07860974464192609,-1,-1,1,-1,100,-1,-1,-1,4,55,0,0,1,1,0,0,1,1,1.1718,0,21,4,31,7,0.0007119373099645649,0.000689689269028246,0.00013596025016679285,0.00025214446394580917,NEUTRAL,0.0010530739376559868,9.3936172842585e-05,0.0010530739376559868,9.3936172842585e-05,0.0010530739376559868,9.3936172842585e-05,0.0010530739376559868,0.00017304031839425327,NO_SETUP,,NO_SETUP
2026-07-31T21:30:00+00:00,PAXGUSD,15m,404,0.07904884477524864,0.03532495250893218,0.0002470276399167895,0.11462082492409761,0.691810344827613,1,0,0.018888843562276304,-0.4024176770908525,-0.07346772496962332,-0.6306916621492746,-0.25217697870588546,-0.7544012645475959,-0.3221962007995207,-0.4581456817008984,-0.0009235656853189962,-0.0017870925373626213,-0.0007001922209363526,-1,50.504020071962124,0.504020071962124,-0.4483812880653204,-0.28326166762993776,-0.16511962043538264,-0.03342512022225547,11.472742147485741,4.793174353728412,0.11840465483392115,0.4978793891471702,0.002795717187509067,0.31,-1,-1,2,-1,3,1,1,0.2618492983179978,-0.40475478801322495,1,1,1.087292157119468,-0.022726542872883844,1,1,0.13957061655628872,-0.05508716370274715,1,0,1,0.035571980148860205,-1,-1,1,-1,100,-1,-1,-1,4,55,0,0,1,1,0,0,1,1,1.6353,0,21,4,31,7,0.00019515183553886945,-6.422718637993797e-05,-0.00011116243796525132,-0.00044712002825994854,NEUTRAL,0.00029149261510866406,0.0006990882209810276,0.00029149261510866406,0.0006990882209810276,0.00029149261510866406,0.0006990882209810276,0.00029149261510866406,0.0008720075689269367,NO_SETUP,,NO_SETUP
2026-07-31T22:00:00+00:00,PAXGUSD,15m,406,0.058302411644674645,0.0002470441171325968,0.000247044117143831,0.05879649987895108,0.9957983193278307,1,0,0.01502693875411822,-0.033135558797312115,-0.07178364715245017,-0.45975804722093017,-0.24758181491280862,-0.6629180270397228,-0.321801061790893,-0.41794923742008905,-0.000868105859065684,-0.0017579816776035844,-0.0007421924687808439,-1,50.34695988383346,0.3469598838334633,-0.4373781417534701,-0.35697006205789494,-0.08040807969557517,0.2558978980881915,11.601706433975012,4.495237070306625,0.11105218733618813,0.4560140667378161,0.0026366102279054937,0.14,-1,-1,4,-1,5,1,1,0.2551965730040165,-0.4114519770940631,1,1,1.080694490422108,-0.02939824993947554,1,1,0.14625011734595744,-0.04842064695913486,1,2,1,0.047432470490582,-1,-1,1,-1,100,-1,-1,-1,4,60,0,0,1,1,0,0,1,1,1.4173,0,22,4,31,7,5.6820146941845364e-05,-0.0005780832341039823,-9.387676451263363e-05,-0.00041997499913541296,NEUTRAL,0.000358213969850691,0.0,0.000358213969850691,0.0005780832341039823,0.000358213969850691,0.0005780832341039823,0.000358213969850691,0.0008053638218713636,NO_SETUP,,NO_SETUP
2026-07-31T22:30:00+00:00,PAXGUSD,15m,408,0.018029499224485004,0.00963219821581737,0.0002469794414366863,0.02790867688173906,0.6548672566373142,1,0,0.03530323401837234,0.30289810266231143,-0.04139122283646256,-0.2884041027969033,-0.2123033952876133,-0.568230524754199,-0.2895048752055226,-0.37515080693674463,-0.000766944568548349,-0.0017091217245115075,-0.000772014799179093,-1,51.74358845871331,1.7435884587133117,-0.16113570359584628,-0.3115066610649488,0.1503709574691025,0.36479645548535594,12.156744050681397,3.978597269805205,0.09826317313765658,0.5759183503110291,0.0025396313236934176,0.01,-1,-1,6,-1,7,1,1,0.022104660008111707,-0.3851644389121,1,1,1.1065913873329256,-0.003210732738609534,1,1,0.12003200853561265,-0.07458779131225073,1,4,1,0.07359987354652645,-1,-1,1,-1,100,-1,-1,-1,4,60,0,0,1,1,0,0,1,1,1.4078,0,22,4,31,7,-0.0002049929363879571,-0.000782924829337224,-0.0007977435958230882,-0.0004025764895330382,NEUTRAL,3.95167106289713e-05,0.00020746273080232396,3.95167106289713e-05,0.0008397301008664263,3.95167106289713e-05,0.0008397301008664263,3.95167106289713e-05,0.001066951186983236,NO_SETUP,,NO_SETUP
2026-07-31T23:00:00+00:00,PAXGUSD,15m,410,0.003951514912025805,0.0,0.0002469696820072283,0.004198484594033033,1.0,1,0,0.03247305743990958,0.42500275524071185,-0.03441044338209828,-0.19099509835223216,-0.2000972607642515,-0.5075529235482463,-0.2798488376378602,-0.34832472229663836,-0.0006688350082200786,-0.0016568681738215324,-0.0007975157687360873,-1,51.9852239676375,1.985223967637502,0.07397362033816535,-0.19044158473745185,0.2644152050756172,0.23293255857293488,12.947373942678682,3.443331319372875,0.08503984409724863,0.6067242228336582,0.0023308704386503323,0.01,-1,-1,8,-1,9,1,1,0.013089393146091095,-0.3811977041698348,1,1,1.1104991751212658,0.0007409090459992231,1,1,0.11607575054087035,-0.07853635887658027,1,6,1,0.08063560117359678,-1,-1,1,-1,100,-1,-1,-1,4,57,0,0,1,1,0,0,1,1,1.3691,0,23,4,31,7,-0.0005853181463443279,-0.0008051211633259317,-0.0009681211534472208,-0.00026672725656196646,NEUTRAL,0.0,0.0006050757209044568,0.0,0.0008792120679265279,0.0,0.0009681211534472208,0.0,0.0011064241753682364,NO_SETUP,,NO_SETUP
2026-07-31T23:30:00+00:00,PAXGUSD,15m,412,0.0,0.0,0.0002470300808583376,0.0002470300808583376,1.0,0,0,0.006569234909678291,0.1973378563316146,-0.05434774438662042,-0.24013042335491264,-0.21579510953632547,-0.5201966673553216,-0.2983462114202607,-0.3578626105213516,-0.0006091697929629871,-0.0016144736514970505,-0.0008255110188393523,-1,50.3066853774145,0.3066853774145031,0.08534549483465526,-0.09187486207409777,0.17722035690875304,-0.04262474332561772,13.00319410303679,3.036035678438872,0.07499921391171817,0.5167534068998088,0.002285572654902116,0.01,-1,-1,10,-1,11,1,1,0.0016056955255567271,-0.010128233314967169,1,1,1.0863147805508366,-0.02371488776188366,1,1,0.1405601160053273,-0.0540995877067964,1,8,1,0.05619934339404734,-1,-1,1,-1,100,-1,-1,-1,4,57,0,0,1,1,0,0,1,1,1.3184,0,23,4,31,7,-0.00038289662532211036,-0.0005533473811106562,-0.0007904962587294928,-6.916842263887416e-05,NEUTRAL,0.0,0.0006348673077921103,0.0,0.0006348673077921103,0.0,0.0008621349821768381,0.0,0.0008621349821768381,NO_SETUP,,NO_SETUP
2026-08-01T00:00:00+00:00,PAXGUSD,15m,414,0.005434957150310032,0.0,0.0002470435068261464,0.0056820006571361775,0.04347826086853365,0,1,0.0004604870500870795,0.055281102348544664,-0.055393304193985735,-0.2675944430893651,-0.21267198851904087,-0.523370996642825,-0.2978352837622503,-0.3627181812148592,-0.0005585379124407281,-0.0015727868432505515,-0.0008516329524320944,-1,49.85985370718345,-0.1401462928165529,0.07131795689656428,-0.030475197788531208,0.10179315468509549,-0.11525337905956794,12.942873897743556,2.6348981104906755,0.0650934469360596,0.49171093284210615,0.002235223743426906,0.01,-1,-1,12,-1,13,1,1,0.2554429860642794,-0.015563740930417952,1,1,1.080938864143367,-0.029151133806181794,1,1,0.14600271253771266,-0.048667570845896735,1,10,1,0.05076744065396953,-1,-1,1,-1,100,-1,-1,-1,4,55,0,0,1,1,0,0,1,1,1.312,0,0,5,1,8,-0.00046938266298080005,-4.6938266298091234e-05,-0.0002470435068319882,-0.0004002104810677939,NEUTRAL,0.0,0.0005805522410551498,0.0,0.0005805522410551498,0.0,0.0008078322673405969,3.458609095655923e-05,0.0008078322673405969,NO_SETUP,,NO_SETUP
2026-08-01T00:30:00+00:00,PAXGUSD,15m,416,0.029662441416673704,0.0,0.0,0.029662441416673704,0.0,0,1,-0.04970874699363486,-0.3184206849259681,-0.10589420984817438,-0.39979786922640415,-0.26083354199996583,-0.5805253541907405,-0.3493357617110277,-0.39470267306023743,-0.0005618546285453952,-0.0015493933215179145,-0.0008850221971106186,-1,45.074891554502656,-4.925108445497344,-0.21284152068346884,-0.06767370033249667,-0.14516782035097217,-0.2889733228081429,11.642012993759227,2.4398866360863205,0.06031082867187211,0.2440172990641291,0.001849771835540776,0.01,-1,-1,14,-1,15,1,1,0.19750242243272154,-0.0437521010895999,1,1,1.023477822381306,-0.08725701516739999,1,1,0.20417647175147371,0.009393106448617461,1,12,-1,-0.007292016848268522,-1,-1,1,-1,100,-1,-1,-1,4,55,0,0,1,1,0,0,1,1,1.2079,0,0,5,1,8,8.157171389584707e-05,0.0004844865431390863,0.00022494018074310706,0.0001581996875555856,NEUTRAL,0.0003312305958196092,0.0,0.000580889477743259,0.0,0.000580889477743259,0.00022741205086121752,0.0006154956593961311,0.00022741205086121752,NO_SETUP,,NO_SETUP
2026-08-01T01:00:00+00:00,PAXGUSD,15m,418,0.01977383674226489,0.007662361737624555,0.0037075943891760723,0.03114379286906552,0.11904761904767061,0,1,-0.03771785407334969,-0.46668904140187806,-0.09323395786069745,-0.4568145651719533,-0.24550848172849588,-0.6025869028940178,-0.33701888153668585,-0.4095413617446866,-0.0005551610378734776,-0.001522745238677984,-0.0009151039980819001,-1,45.81732461710377,-4.182675382896228,-0.37184879839014684,-0.16062120992886192,-0.21122758846128492,-0.20760139863639526,10.363346487891844,2.2620961300948665,0.055912899464743655,0.30055346013717416,0.0017728030896351633,0.01,-1,-1,16,-1,17,1,1,0.2031761725267319,-0.03806463572885036,1,1,1.02910461595502,-0.08156707656182863,1,1,0.1984798863004437,0.0037075943891760723,1,14,0,-0.001606624235310006,-1,-1,1,-1,100,-1,-1,-1,4,55,0,0,1,1,0,0,1,1,1.2055,0,1,5,1,8,0.0004795155409998281,-1.483037755668181e-05,0.0001656058827164488,0.00011864302045356688,NEUTRAL,0.0005240066736698735,0.0,0.0005240066736698735,1.730210714951831e-05,0.0005240066736698735,0.0002842489031700157,0.0005586108879689102,0.0002842489031700157,NO_SETUP,,NO_SETUP
2026-08-01T01:30:00+00:00,PAXGUSD,15m,420,0.0037075302410793406,0.00024716868274461733,0.00024716868274461733,0.0042018676065685755,0.058823529413023525,0,1,-0.029778232708452663,-0.4118248162044438,-0.08460593373501589,-0.43296877008015144,-0.2342871862059398,-0.5844813484227416,-0.3286802930838512,-0.4041629530574937,-0.0005482770102656323,-0.0014968125247092393,-0.0009439310687791141,-1,46.033446082255885,-3.9665539177441147,-0.48462658570588246,-0.2687035605991237,-0.21592302510675876,-0.055360575182582916,9.113668052905792,1.9778788060511923,0.04888696991094987,0.34105309813531176,0.0016549039362728512,0.01,-1,-1,18,-1,19,1,1,0.20490283799082554,-0.03633379636266072,1,1,1.0308169913639356,-0.07983548452476921,1,1,0.19674627146042176,0.0019773494619119794,1,16,1,0.030401747976924777,-1,-1,1,-1,100,-1,-1,-1,4,55,0,0,1,1,0,0,1,1,1.1198,0,1,5,1,8,0.00046220543672231856,-0.00016313133060796308,-1.7301807791786016e-05,0.00014830120964351085,NEUTRAL,0.0005066957996153381,2.4716868274461735e-06,0.0005066957996153381,0.00016313133060796308,0.0005066957996153381,0.000301545792941914,0.00054129941519891,0.000301545792941914,NO_SETUP,,NO_SETUP
2026-08-01T02:00:00+00:00,PAXGUSD,15m,422,0.00024716684998747553,0.0,0.0009886673999274225,0.0012358342499148981,0.7999999999963621,0,1,-0.02376911700304065,-0.3399291579362398,-0.07741522406832342,-0.4006143856063318,-0.2243862600154428,-0.5619980095962092,-0.3214427268859201,-0.39636883007869983,-0.0005364610706528277,-0.0014697103594711939,-0.0009705646687047732,-1,46.123097194275346,-3.8769028057246544,-0.5393508513352572,-0.362820374423565,-0.17653047691169216,0.03987590066259589,8.009715217066281,1.7388342766462124,0.04297821907995137,0.2667959611663316,0.0013069558627935918,0.01,-1,-1,20,-1,21,1,1,0.20564281918509494,-0.03559202639742093,1,1,1.0315508484002156,-0.07909339199427247,1,1,0.19600331203579696,0.0012358342499148981,1,18,1,0.031143023097736287,-1,-1,1,-1,100,-1,-1,-1,4,55,0,0,1,1,0,0,1,1,10.4111,0,2,5,1,8,5.684837549588299e-05,-0.00023728017598280619,0.00011616841949164074,0.00022245016498389486,NEUTRAL,0.0004992770369637979,7.415005499399469e-06,0.0004992770369637979,0.0003089585624776005,0.0004992770369637979,0.0003089585624776005,0.0005338803959613701,0.0003089585624776005,NO_SETUP,,NO_SETUP
2026-08-01T02:30:00+00:00,PAXGUSD,15m,424,0.0002470551031756038,0.0,0.0,0.0002470551031756038,0.0,0,1,0.01753977631324718,0.05715549656497387,-0.029704850581740726,-0.2275875201235067,-0.172056713229554,-0.4674269671654656,-0.27062182863633993,-0.3518893601626587,-0.0004724462689498791,-0.0014235186264781327,-0.0009856511540678593,-1,51.78474376009292,1.7847437600929226,-0.29177918502000466,-0.35498685169850536,0.0632076666785007,0.2631444450645735,9.295823180957655,1.6359846569041296,0.040417835819633215,0.5986853564972305,0.0012043086423683689,0.01,1,-1,22,1,1,1,1,0.022482014388485617,-0.0072881255435230255,1,1,1.076295556961026,-0.033846549134327455,1,1,0.15070361293383774,-0.04397580836429128,1,20,1,0.07634002687958759,-1,-1,1,-1,100,-1,-1,-1,4,55,0,0,1,1,0,0,1,1,1.554,0,2,5,1,8,-0.0004916396553086662,-0.0002001146335678575,-0.0003359949403114062,-0.00022976124594825586,NEUTRAL,2.470551031756038e-06,0.0004941102063404221,2.470551031756038e-06,0.0007609297177642322,2.470551031756038e-06,0.0007609297177642322,8.152818404626404e-05,0.0007609297177642322,NO_SETUP,,NO_SETUP
2026-08-01T03:00:00+00:00,PAXGUSD,15m,426,0.005188413531383389,0.0,0.0002470673110236068,0.005435480842406995,0.04545454545548502,0,1,0.00986663589213148,0.18533590535116673,-0.032178972426971424,-0.1489956308410001,-0.1701665144441622,-0.41754256496369635,-0.27017083327080227,-0.328884694730732,-0.00042045608319102903,-0.0013798754201719077,-0.0010000431882664007,-1,51.04879689688415,1.0487968968841486,-0.14395206546259942,-0.2881071302330427,0.14415506477044326,0.17602864054870532,10.228866096036086,1.4269969745755322,0.03525643053395032,0.5413517296901681,0.0011382483500612718,0.01,1,-1,24,1,3,1,1,0.017541779082294078,-0.012229831895398885,1,1,1.07140739423049,-0.038789567829863605,1,1,0.1556524059414792,-0.039036635140875985,1,22,1,0.05892555367783815,-1,-1,1,-1,100,-1,-1,0,3,55,0,0,1,1,0,0,1,1,1.4312,0,3,5,1,8,-0.0006695524128593683,-0.00025942067656916946,-0.00032612885054408267,9.882692440719565e-06,NEUTRAL,0.0,0.0006695524128593683,1.4824038661079345e-05,0.0007115538557324827,1.4824038661079345e-05,0.0007115538557324827,0.00013094567483970274,0.0007115538557324827,NO_SETUP,,NO_SETUP
2026-08-01T03:30:00+00:00,PAXGUSD,15m,428,0.008898358500036516,0.0,0.00024717662500632224,0.009145535125042839,0.027027027027591723,0,1,-0.028968686174181173,-0.17662979176475346,-0.07092346356102647,-0.27625471343662866,-0.20626312114008627,-0.4718296911287325,-0.3084016886764227,-0.3580347713177616,-0.00041954777386845287,-0.001353396575790598,-0.0010213856753633643,-1,44.845048281257924,-5.154951718742076,-0.28952138204749645,-0.27580764955948245,-0.013713732488013997,-0.1370775535794217,9.111258974086715,1.3525126974656343,0.03343095238304552,0.20589251266290362,0.0011199235985160337,0.01,1,-1,26,1,5,1,1,0.20169612600076398,-0.026447898875103223,1,1,1.0276368184413602,-0.0830513460003146,1,1,0.19996588962575348,0.005190709125020365,1,24,1,0.014707009187550206,-1,-1,1,-1,100,-1,-1,-1,4,55,0,0,1,1,0,0,1,1,2.2336,0,3,5,1,8,8.651181875030194e-05,0.00018043893625068115,0.0003954826000014606,0.0002348177937508356,NEUTRAL,8.651181875030194e-05,0.0002694225212510463,0.0004572767562516923,0.0002694225212510463,0.0005314297437520153,0.0002694225212510463,0.0005734497700021909,0.0002694225212510463,NO_SETUP,,NO_SETUP
2026-08-01T04:00:00+00:00,PAXGUSD,15m,430,0.013102077544527288,0.0,0.0,0.013102077544527288,0.0,0,1,-0.03557096332096715,-0.38644751661468035,-0.07806675853883432,-0.3585342433530059,-0.21104375975653827,-0.5062898542050789,-0.3153061912257316,-0.3777331001447237,-0.0004249579521786717,-0.0013297700121770398,-0.0010426243146919331,-1,42.94677904450695,-7.053220955493053,-0.4337996657268377,-0.3191075845503476,-0.1146920811764901,-0.17760373635874532,8.776811437162559,1.2047175809780502,0.0297817040853279,0.12860086697736822,0.0010017112872790928,0.01,1,-1,28,1,7,1,1,0.18862047483906966,-0.017799048739734764,1,1,1.0146693826696613,-0.09616430499659662,1,1,0.2130941668562021,0.018293466760282324,1,26,0,0.0016068585667711494,-1,-1,-1,-1,100,-1,-1,-1,4,55,0,0,1,1,0,0,1,1,2.1827,0,4,5,1,8,0.0004078948669521332,0.0001458533160616998,0.0007020735891782144,0.0002744020014041787,NEUTRAL,0.0005883574444521624,0.00013843704575343014,0.0005883574444521624,0.00013843704575343014,0.0007045456792810084,0.00013843704575343014,0.0007045456792810084,0.00013843704575343014,NO_SETUP,,NO_SETUP
2026-08-01T04:30:00+00:00,PAXGUSD,15m,432,0.002966706140337336,0.0,0.004202833698816847,0.007169539839154183,1.0,1,0,-0.034328678331167005,-0.4718085113327106,-0.07811878122598927,-0.3970014295614419,-0.20913764309782784,-0.5201359534430594,-0.31559697539347153,-0.387276762923193,-0.00043790102894822254,-0.0013101886187183859,-0.0010645933229564367,-1,42.17480117080884,-7.825198829191159,-0.5834688832810571,-0.4051547815353451,-0.17831410174571194,-0.11980644295874143,9.496054253202251,1.0853432203331035,0.026832453301155374,0.14720470224071522,0.0010153905404496869,0.01,1,-1,30,1,9,1,1,0.18195797660752522,-0.003337544407876692,1,1,1.0080620239363762,-0.10284581286512882,1,1,0.2197834798968656,0.024969776681200685,1,28,-1,-0.0050681229897570025,-1,-1,-1,-1,100,-1,-1,-1,4,55,0,0,1,1,0,0,1,1,3.1265,0,4,5,1,8,0.0003782550328934038,0.00035353248172392604,0.0007218984941494262,0.000351060226606922,NEUTRAL,0.00065514760599178,2.4722551168915672e-06,0.00065514760599178,2.4722551168915672e-06,0.0007713435964884943,2.4722551168915672e-06,0.0007713435964884943,2.4722551168915672e-06,NO_SETUP,,NO_SETUP
2026-08-01T05:00:00+00:00,PAXGUSD,15m,434,0.02050967784979323,0.01655600501128212,0.00024710455240132574,0.03731278741347668,0.5562913907283592,1,0,0.013730878444376945,-0.11039200134064231,-0.026139356711015752,-0.2509651796917751,-0.15343237374768648,-0.44107562784938636,-0.26103640583237,-0.3500434912139099,-0.00039870235155392694,-0.0012729301703667073,-0.0010760403208468347,-1,51.61726643840017,1.617266438400172,-0.41542169139347607,-0.42714403037935017,0.011722338985874103,0.17759702518015208,9.258839344608907,1.120627572634129,0.02769121747508887,0.6933349403259315,0.0008731008370443594,0.03,1,-1,32,1,11,1,1,0.03484174188940723,-0.017544423220909898,1,1,1.056495513816854,-0.05386879242477003,1,1,0.17074924571336142,-0.02396914158349045,1,30,1,0.015691139077860624,-1,-1,-1,-1,100,-1,-1,0,3,50,0,0,1,1,0,0,1,0,0.6562,0,5,5,1,8,-0.0002050967784979323,-0.00013590750382387552,-0.0001532048224924178,-0.00013837854934800115,NEUTRAL,0.0,0.00023969141583490448,0.0,0.0002767570986960023,0.00028169918974425357,0.0002767570986960023,0.00028169918974425357,0.0002767570986960023,NO_SETUP,,NO_SETUP
2026-08-01T05:30:00+00:00,PAXGUSD,15m,436,0.0,0.0,0.00024713142201307156,0.00024713142201307156,1.0,0,0,0.0015308227538606235,0.11221879255344902,-0.03452352528919734,-0.14403206322185724,-0.1580617168716649,-0.3787905331391812,-0.2666462969313522,-0.3203171281784307,-0.00036054348043057966,-0.0012353819158246755,-0.0010858458005968735,-1,49.46652923179809,-0.5334707682019086,-0.2823565866469835,-0.3819870664304002,0.09963047978341671,0.19930981414531085,9.638915158429231,0.9980921417100272,0.02466599302867039,0.5550621091296084,0.0008640254209273157,0.01,1,-1,34,1,13,1,1,0.00012356571100091668,-0.028420113532177525,1,1,1.045736612273042,-0.0647484325689644,1,1,0.18164159518391185,-0.013097965366996225,1,32,1,0.008896731192684103,-1,-1,-1,-1,100,-1,-1,0,3,50,0,0,1,1,0,0,1,0,2.1815,0,5,5,1,8,-0.00016804936697282206,-6.672548394510267e-05,-6.672548394510267e-05,-0.00019770513761506494,NEUTRAL,0.0,0.00016804936697282206,4.448365596347671e-05,0.00016804936697282206,0.0003904676467899808,0.00016804936697282206,0.0003904676467899808,0.00020017645183530804,NO_SETUP,,NO_SETUP
2026-08-01T06:00:00+00:00,PAXGUSD,15m,438,0.0,0.00024713203275397835,0.0,0.00024713203275397835,0.0,0,0,0.0010508247529093877,0.015943274630444648,-0.03209709845450507,-0.16520606835683793,-0.15210164264187967,-0.3803946686894051,-0.26160918730268046,-0.3222880273510782,-0.0003314792320741446,-0.001200045441873746,-0.0010950754466080078,-1,49.415638389236655,-0.5843616107633451,-0.21439924354854156,-0.3266833257752403,0.11228408222669872,0.031286706214315285,9.638638568556617,0.861977407903001,0.021302222900811112,0.5447441984226403,0.0008561318292253524,0.01,1,-1,36,1,15,1,1,-0.00012356601638260833,-0.00494264065519195,1,1,1.0454920645904353,-0.06499572461583594,1,1,0.18188917611123234,-0.012850865703510309,1,34,1,0.00864962114660277,-1,-1,-1,-1,100,-1,-1,0,3,50,0,0,1,1,0,0,1,0,51.1401,0,6,5,1,8,-2.471320327595975e-05,0.0002150048685010184,-4.6955086224379714e-05,-0.00044730897929526483,NEUTRAL,4.6955086224379714e-05,0.0001655784619490989,0.0003509274865189656,0.0001655784619490989,0.0003929399320881534,0.0001655784619490989,0.0003929399320881534,0.00044730897929526483,NO_SETUP,,NO_SETUP
2026-08-01T06:30:00+00:00,PAXGUSD,15m,440,0.007168015819068495,0.0002471729592836502,0.0,0.0074151887783521445,0.0,0,1,-0.013313710678400318,-0.08436389537064315,-0.045191208696338525,-0.193471653258257,-0.1622120055864226,-0.38631586587780475,-0.27277467952146145,-0.3264148949565424,-0.0003187749801793821,-0.0011702079689008408,-0.0011056267393503882,-1,45.64520007034652,-4.354799929653481,-0.24084906866664824,-0.2920710174906922,0.05122194882404396,-0.057708931569896926,8.476627078491202,0.7998172547735021,0.019769319774417652,0.3514861852854829,0.0008570103229381008,0.01,1,-1,38,1,17,1,1,0.007168015819068495,-0.011987888524998512,1,1,1.02910461595502,-0.08156707656182863,1,1,0.1984798863004437,0.0037075943891760723,1,36,-1,-0.007909534696896965,-1,-1,-1,-1,100,-1,-1,0,3,50,0,0,1,1,0,0,1,0,3.6512,0,6,5,1,8,0.0001408885867886458,0.0005561391583760736,0.0001656058827164488,-0.00024222950009269436,NEUTRAL,0.00021256874497933075,0.0,0.0005586108879689102,0.0,0.0005586108879689102,0.0,0.0005586108879689102,0.0003064944695049822,NO_SETUP,,NO_SETUP
2026-08-01T07:00:00+00:00,PAXGUSD,15m,442,0.013839735858754261,0.007167006069711827,0.00024713814034031613,0.021253880068806404,0.6627906976745108,1,0,0.0018482771452487477,-0.10012554700415421,-0.028175974287361214,-0.19285868491851943,-0.1420214934709029,-0.3786277621284171,-0.2533889637723822,-0.32376565568119986,-0.0003002425143260996,-0.0011384551918354167,-0.001113674703014793,-1,49.59968926240022,-0.4003107375997814,-0.2199806461198932,-0.27192651949752467,0.05194587337763146,-0.0352814109365171,8.179180118793667,0.7517301839628902,0.018578119969821717,0.5105549341309945,0.0008546356975065681,0.02,1,-1,40,1,19,1,1,0.021253880068806404,-0.007414144210040905,1,1,1.043046521283546,-0.06746871231143405,1,1,0.1843650526898524,-0.010379801894068504,1,38,1,0.006178453508384279,-1,-1,-1,-1,100,-1,-1,0,3,50,0,0,1,1,0,0,1,0,33.2627,0,7,5,1,8,7.167006069711827e-05,0.0003682358290989792,0.00010626940034397583,-0.0009638387473062168,NEUTRAL,7.167006069711827e-05,3.9542102453663875e-05,0.00041766345716603097,3.9542102453663875e-05,0.00041766345716603097,4.201348385695465e-05,0.00041766345716603097,0.0009638387473062168,NO_SETUP,,NO_SETUP
2026-08-01T07:30:00+00:00,PAXGUSD,15m,444,0.0,0.00024713814032907756,0.0,0.00024713814032907756,0.0,0,0,0.001512988774232262,0.02143917807552498,-0.026009424938080665,-0.13419980872322412,-0.13645256911168227,-0.3414303202252995,-0.24837148472440237,-0.3060677639318783,-0.0002752241371231292,-0.001104431441736016,-0.0011191891561272013,-1,49.59968926240022,-0.4003107375997814,-0.1626327525113993,-0.23680486672719672,0.07417211421579742,0.04553999562075836,8.705421968089459,0.6495530667842961,0.016052933697391608,0.5592698808062045,0.0007213904559224735,0.01,1,-1,42,1,21,1,1,0.00691986792938275,-0.007414144210040905,1,1,1.043046521283546,-0.06746871231143405,1,1,0.1843650526898524,-0.010379801894068504,1,40,1,0.017670377033950493,-1,-1,-1,-1,100,-1,-1,0,3,50,0,0,1,1,0,0,1,0,5.9787,0,7,5,1,8,0.0002323098519148398,-1.7299669823484972e-05,0.00010626940034397583,-0.0010453943336167228,NEUTRAL,0.00038306411751906107,3.9542102453663875e-05,0.00041766345716603097,3.9542102453663875e-05,0.00041766345716603097,4.201348385695465e-05,0.00041766345716603097,0.0010453943336167228,NO_SETUP,,NO_SETUP
2026-08-01T08:00:00+00:00,PAXGUSD,15m,446,0.003954366609335994,0.00024714791307717764,0.0,0.004201514522413172,0.0,0,1,-0.0023391875993578645,0.002311889536031231,-0.027809711988008187,-0.13015522519935985,-0.1349832591086524,-0.33121052529486406,-0.24737800595417805,-0.30159920594678624,-0.0002547052438865032,-0.001071735471206442,-0.0011239474684552565,-1,48.2736794015461,-1.7263205984539027,-0.1336044397967271,-0.20069122203694795,0.06708678224022085,0.0007722853747061942,8.926633072120918,0.5728799402374692,0.014158608167681686,0.5664431940847225,0.0005486738957602261,0.01,1,-1,44,1,23,1,1,0.002965774956993566,-0.011368804001819909,1,1,1.0391334005575676,-0.07142574688100142,1,1,0.18832670976927124,-0.006425845740152727,1,42,1,0.013716709176103672,-1,-1,-1,-1,100,-1,-1,0,3,50,0,0,1,1,0,0,1,0,5.7278,0,8,5,1,8,0.00041026553571789283,0.0,0.0003361211617929413,-0.0013939142297882123,NEUTRAL,0.0004572236392036805,0.0,0.0004572236392036805,2.4714791307717765e-06,0.0004572236392036805,2.4714791307717765e-06,0.0004572236392036805,0.001396385708918984,NO_SETUP,,NO_SETUP
2026-08-01T08:30:00+00:00,PAXGUSD,15m,448,0.016801365852208178,0.013589340027529085,0.0,0.03039070587973726,0.5528455284551432,1,0,0.022388505457587887,0.11926211365698691,0.0007419369507901127,-0.0711813516741131,-0.10250286984670025,-0.29338636980810406,-0.21487927759995074,-0.2831184909955482,-0.00021646568506797774,-0.0010324480679749035,-0.001123764077532505,-1,57.34779834626091,7.347798346260909,-0.002514111694381427,-0.14352106917535595,0.14100695748097453,0.06363916096020009,10.773204474057584,0.6116668872455924,0.015112998753378,0.9683616333863115,0.0006179266580177955,0.04,1,1,0,1,25,1,1,0.020260470586484017,-0.016924905307006553,1,1,0.02581974605229852,-0.04348588808808408,1,1,0.16035421232479602,-0.034343968433195364,1,44,1,0.04163279626614217,-1,-1,-1,-1,60,-1,-1,1,3,50,0,0,1,1,0,0,1,0,1.0059,0,8,5,1,8,7.165288378148431e-05,-0.00026190364416682407,-0.000160601291234404,-0.0018629749783188167,NEUTRAL,0.00017789681490583937,8.153604016512956e-05,0.00017789681490583937,0.0002816699569341146,0.00017789681490583937,0.0002816699569341146,0.00017789681490583937,0.0021841775607876245,NO_SETUP,,NO_SETUP
2026-08-01T09:00:00+00:00,PAXGUSD,15m,450,0.018033596837945115,0.0002470355731279219,0.0,0.018280632411073035,0.9864864864861959,1,0,0.03425683829505258,0.3247927959860135,0.017564391131660348,0.030247433537169854,-0.08125967683547596,-0.23300654940567256,-0.19321510133930694,-0.2528451118018893,-0.0001669244716339223,-0.000988240679671363,-0.0011195542450383098,-1,62.20910181785634,12.209101817856343,0.17534561759612188,-0.04646026273112004,0.2218058803272419,0.13413222636184854,13.671131990018536,0.6413352242066489,0.015843261467555558,1.0708189288816685,0.0007189160758444599,0.06,1,1,0,1,27,1,1,0.03001482213439095,0.0006175889328085708,1,1,0.04335474308300665,-0.02593873517787011,1,1,0.14278656126482708,-0.051877470355728976,1,46,1,0.0591650197628454,-1,-1,-1,-1,60,-1,-1,1,3,50,0,0,1,1,0,0,1,0,3.1056,0,9,5,1,8,-0.0004323122529644269,-0.00039031620553357885,-0.0004273715415019808,-0.0002495059288538089,NEUTRAL,0.0,0.0004347826086957061,0.0,0.00045701581027665736,0.0,0.00045701581027665736,0.0,0.002616106719367625,NO_SETUP,,NO_SETUP
2026-08-01T09:30:00+00:00,PAXGUSD,15m,452,0.0002470471687213154,0.00024704716871008103,0.0,0.0004940943374313965,0.0,0,1,0.0241800788726007,0.36392335453729174,0.011872290353590963,0.06945947248095763,-0.08259163495041247,-0.2026916175595943,-0.19400142794843417,-0.23714460712517393,-0.00012307788519009738,-0.0009446392530400343,-0.001114097929980217,-1,60.2025734220151,10.2025734220151,0.2974238207320923,0.06908030684506918,0.22834351388702312,0.06190616843732133,16.285562378062835,0.5670186371985925,0.014008034892907337,0.9471974475301798,0.0006476404116576836,0.02,1,1,2,1,29,1,1,0.025322334793384346,-0.00407627828381183,1,1,0.03866288190404329,-0.030633848920780287,1,1,0.14748715972341228,-0.04718600922473768,1,48,1,0.037180598891737866,-1,-1,-1,-1,60,-1,-1,1,3,50,0,0,1,1,0,0,1,0,2.4328,0,9,5,1,8,-0.00039033452657114025,-0.00026186999883886483,-0.0003705707530738844,-0.00012105311267074831,NEUTRAL,2.4704716872131544e-06,0.00041009830006839615,2.4704716872131544e-06,0.00041009830006839615,2.4704716872131544e-06,0.00041009830006839615,0.0001334054711065894,0.0025692905546456208,NO_SETUP,,NO_SETUP
2026-08-01T10:00:00+00:00,PAXGUSD,15m,454,0.032869941303674446,0.0,0.00024714241582250924,0.033117083719496954,0.007462686567326263,0,1,-0.014591283865819938,0.11219122672991944,-0.02586450203219548,-0.013274819905291224,-0.11706409479037565,-0.23398495673927755,-0.22834782091402012,-0.2522082024397605,-0.00011273218166375539,-0.0009119959275818018,-0.0011128372612364446,-1,45.403020968629214,-4.596979031370786,0.2210730151300595,0.13900559529417666,0.08206741983588284,-0.15175134458185094,16.016827993160323,0.6012048453396132,0.014858321787818676,0.3397612140102593,0.0006693030302843593,0.05,1,1,4,1,31,1,1,0.005189990732160307,-0.03571207908556587,1,1,0.00012357120791125462,-0.06919987642879659,1,1,0.18609823911029225,-0.008649984553596763,1,50,0,-0.001359283287001323,-1,-1,-1,-1,60,-1,-1,1,3,50,0,0,1,1,0,0,1,0,1.6878,0,10,5,1,8,-2.471424158225092e-06,0.0001235712079085573,1.482854494901339e-05,0.000523941921532256,NEUTRAL,0.0,2.4714241581688984e-05,0.00015569972196480917,2.4714241581688984e-05,0.00036824219956744684,5.684275563794086e-05,0.000946555452579531,0.002184738955823329,NO_SETUP,,NO_SETUP
2026-08-01T10:30:00+00:00,PAXGUSD,15m,456,0.002224331217750794,0.0,0.00024714791307717764,0.0024714791308279717,0.09999999999772627,0,1,-0.013957094777901973,-0.17782078718937555,-0.02601332349751232,-0.12671774032742178,-0.11465658284914142,-0.2832081718461268,-0.22603337101221666,-0.2767113938966759,-0.00012056228719610348,-0.000886432593516291,-0.0011137678816307524,-1,44.660611778724316,-5.339388221275684,0.07494476807687533,0.12700608901029967,-0.05206132093342433,-0.2496950548939713,14.436834328728526,0.5261919329714091,0.013004723811500512,0.325142362135474,0.0006818955747193892,0.01,1,1,6,1,33,1,1,0.002965774956993566,-0.018536093481226645,1,1,1.0391334005575676,-0.07142574688100142,1,1,0.18832670976927124,-0.006425845740152727,1,52,-1,-0.0035836447397146077,-1,-1,-1,-1,75,-1,-1,0,3,50,0,0,1,1,0,0,1,0,2.3126,0,10,5,1,8,0.00010133064436411542,0.0003361211617929413,-0.00013098839393393868,0.000383079265278729,NEUTRAL,0.0001038021234948872,2.4714791307717765e-06,0.00039049370267115667,2.4714791307717765e-06,0.00039049370267115667,0.00013345987306482285,0.000968819819285464,0.002162544239476442,NO_SETUP,,NO_SETUP
2026-08-01T11:00:00+00:00,PAXGUSD,15m,458,0.0002471436374160213,0.0,0.0,0.0002471436374160213,1.0,1,0,-0.010008825570447256,-0.1491911659300058,-0.022415673232187253,-0.11851183949511324,-0.10849661249392603,-0.2728872946049705,-0.21985799172838227,-0.2716281257812625,-0.00012406847661739997,-0.0008608093926173876,-0.0011136137923445624,-1,45.40830829188437,-4.591691708115633,-0.013520041183255671,0.08266073162797875,-0.09618077281123442,-0.10024406860915074,13.189908851658702,0.45972671771515433,0.011361853323097163,0.35911779976615343,0.0006902331473972213,0.01,1,1,8,1,35,1,1,0.0046957291108032555,-0.00012357181869677186,1,1,1.04084542895486,-0.06969450574980077,1,1,0.18659344624502763,-0.008155740034548883,1,54,-1,-0.0018535772805864435,-1,-1,-1,-1,75,-1,-1,0,3,50,0,0,1,1,0,0,1,0,2.3752,0,11,5,1,8,0.00012851469145352138,0.00010132889133832097,-0.00040037269260518823,0.0009292600766638979,NEUTRAL,0.00016064336431692981,0.0,0.00037318689248998785,0.0,0.00037318689248998785,0.00040037269260518823,0.0009515030040308902,0.002179806881961768,NO_SETUP,,NO_SETUP
2026-08-01T11:30:00+00:00,PAXGUSD,15m,460,0.004448376589683993,0.00024713203275397835,0.00024713203275397835,0.00494264065519195,0.9500000000011368,1,0,-0.003965758390844665,-0.09713834671401855,-0.016189022375232624,-0.09893384337874522,-0.099639634310433,-0.256871715952002,-0.21084800427253392,-0.2635708375801187,-0.0001222326398438796,-0.0008345061193520038,-0.0011120836996210092,-1,47.79069764741967,-2.2093023525803304,-0.05150235589417207,0.035699416164259465,-0.08720177205843153,-0.006001115340382293,11.713064020130158,0.41134599639722175,0.010165677225725993,0.40690318841762224,0.0006556388473804239,0.01,1,1,10,1,37,1,1,0.009391017244875942,-0.012109469605225897,1,1,1.0454920645904353,-0.06499572461583594,1,1,0.18188917611123234,-0.012850865703510309,1,56,1,0.0028420183767325614,-1,-1,-1,-1,75,-1,-1,0,3,50,0,0,1,1,0,0,1,0,2.3727,0,11,5,1,8,0.00016063582129390694,-3.7069804913995814e-05,-0.00040776785405372923,0.0007043262933654709,NEUTRAL,0.00016310714162144673,0.0,0.00032621428324289346,3.7069804913995814e-05,0.00032621428324289346,0.0004720221825712245,0.0009045032399009134,0.0022266596151660524,NO_SETUP,,NO_SETUP
2026-08-01T12:00:00+00:00,PAXGUSD,15m,462,0.0044480138382612285,0.0002471118799090203,0.0,0.0046951257181702495,0.9473684210514979,1,0,0.0038125766843172437,-0.0016483971967318212,-0.007247732437686189,-0.05851601612903323,-0.08780350714305106,-0.23010093991206304,-0.19861901063169102,-0.24992769334949116,-0.00011060309122003433,-0.0008055577470536487,-0.0011081550348863997,-1,51.89733489784106,1.8973348978410627,-0.02591711542891062,0.010384446246759922,-0.03630156167567054,0.06434192812077512,10.981015850464022,0.3788646601588232,0.009362195840089535,0.5082192780750636,0.0006163338378459235,0.01,1,1,12,1,39,1,1,0.006177796997590659,-0.003953790078454426,1,1,1.0535614999691163,-0.056835732377838566,1,1,0.1737196515722543,-0.021004509791805993,1,58,1,0.01099647865570418,-1,-1,-1,-1,75,-1,-1,0,3,55,0,0,1,1,0,0,1,0,0.7894,0,12,5,1,8,0.0001902761475257878,-0.00010872922715760908,-0.0010699944399826843,0.0006499042441465643,NEUTRAL,0.0002446407611045362,0.0,0.0002446407611045362,0.00011861370235374515,0.0002446407611045362,0.0010699944399826843,0.0008228825600790578,0.002308024958299906,NO_SETUP,,NO_SETUP
2026-08-01T12:30:00+00:00,PAXGUSD,15m,464,0.0,0.0002471118799090203,0.0,0.0002471118799090203,0.0,0,0,0.0031209527960053686,0.04422886306565488,-0.0066904289053717585,-0.034524011813118705,-0.08436056989599774,-0.21110864739466706,-0.1946860582665297,-0.23993679820614489,-9.811381701377127e-05,-0.0007767014099062598,-0.0011032548837053196,-1,51.897334897841056,1.8973348978410556,0.0020880310439679306,0.005418813775440431,-0.0033307827314725006,0.06162753526285514,11.087106567796042,0.3360108549328857,0.008303227403049007,0.49075528937148816,0.000601423517485208,0.01,1,1,14,1,41,1,1,0.002100450979181723,-0.003953790078454426,1,1,1.0535614999691163,-0.056835732377838566,1,1,0.1737196515722543,-0.021004509791805993,1,60,1,0.01099647865570418,-1,-1,-1,-1,75,-1,-1,0,3,55,0,0,1,1,0,0,1,0,0.7941,0,12,5,1,8,-2.7182306789430365e-05,-0.00010872922715760908,-0.001151541360350863,0.0007981713720887177,NEUTRAL,0.0002446407611045362,2.7182306789430365e-05,0.0002446407611045362,0.00018039167232965174,0.0002446407611045362,0.001151541360350863,0.0008228825600790578,0.002308024958299906,NO_SETUP,,NO_SETUP
2026-08-01T13:00:00+00:00,PAXGUSD,15m,466,0.011117919120839875,0.005435427125741192,0.0,0.016553346246581068,0.6716417910448875,1,0,0.019085244269459144,0.13711251602489938,0.011805268775274515,0.01038363999896319,-0.0625433907805616,-0.18137200795217723,-0.1720378637443102,-0.2243716033212877,-7.279975494184628e-05,-0.0007434865955583612,-0.0010949447296374859,-1,61.4429716167438,11.442971616743797,0.10032737772917244,0.02949856282390437,0.07082881490526807,0.08736056205907354,13.324071679717374,0.3594685432839357,0.008881204868263421,0.7665921702081133,0.0005950692734691955,0.03,1,1,16,1,43,1,1,0.014947424595802323,-0.004323635213654958,1,1,1.0723850654227822,-0.0378009250108758,1,1,0.15466260821441816,-0.04002450883503703,1,62,1,0.030018381626272156,-1,-1,-1,-1,60,-1,-1,1,3,52,0,0,1,1,0,0,1,0,0.8622,0,13,5,1,8,-0.00029647784322247157,-0.000466952603075432,-0.0017294540854646797,0.00040518638573740776,NEUTRAL,2.4706486935749e-06,0.00030883108669012136,2.4706486935749e-06,0.00046942325176900696,2.4706486935749e-06,0.0017319247341581422,0.000632486065541355,0.002497825829149733,NO_SETUP,,NO_SETUP
2026-08-01T13:30:00+00:00,PAXGUSD,15m,468,0.02174643654983169,0.0,0.0,0.02174643654983169,0.0,0,1,-0.00404888145567977,0.13763632264135595,-0.009993744982960986,0.021734378945438948,-0.08141983090865987,-0.16782933535296252,-0.19019798308113448,-0.2166218624074645,-5.9448635272812156e-05,-0.0007142608592569888,-0.001087781521724746,-1,48.33950154124254,-1.6604984587574592,0.11449021994167197,0.06554975341108799,0.04894046653058398,0.023450285241996296,14.145259346693587,0.3734703255866811,0.009229146293880382,0.39734459564268915,0.0006041856363393424,0.06,1,1,18,1,45,1,1,-0.0006177964928951167,-0.02607101200007503,1,1,1.0508718344107726,-0.05955558191488023,1,1,0.17644267837021152,-0.018286776189623533,1,64,1,0.011614574066380995,-1,-1,-1,-1,75,-1,-1,0,3,52,0,0,1,1,0,0,1,0,0.4132,0,13,5,1,8,-7.907795109021533e-05,-0.0005016507522289469,-0.001702647134412716,0.0005510744716604438,NEUTRAL,2.4711859716254176e-06,0.00015321353023740457,2.4711859716254176e-06,0.0005016507522289469,2.4711859716254176e-06,0.002023901310717053,0.0008500879742206015,0.0022809046517604775,NO_SETUP,,NO_SETUP
2026-08-01T14:00:00+00:00,PAXGUSD,15m,470,0.009144224186717419,0.00024714119424107335,0.0,0.009391365380958491,0.0,0,1,-0.011588039256702234,-0.0822070011940923,-0.01801176166920666,-0.06211293969727194,-0.08719751307717494,-0.20308159158867056,-0.19550206423057043,-0.23343933004662176,-6.423722412504425e-05,-0.0006918575140796827,-0.0010830455115339549,-1,43.78607300385631,-6.213926996143691,0.03402958865081018,0.06259420907086505,-0.028564620420054865,-0.12382891623820536,12.874819095087256,0.3498290052252728,0.008645715812965344,0.27535668196596963,0.0005538562646632848,0.05,1,1,20,1,47,1,1,-0.0014828471654127241,-0.02014200733020917,1,1,1.041823704300509,-0.06870525199752364,1,1,0.18560303687100016,-0.009144224186717419,1,66,1,0.00247141194235454,-1,-1,-1,-1,100,-1,-1,0,3,50,0,0,1,1,0,0,1,0,2.1909,0,14,5,1,8,-0.00012851342100254846,-0.00037071179135351816,0.00017794165984963927,0.0007142380513410802,NEUTRAL,1.2357059711828894e-05,0.0001309848329449592,1.2357059711828894e-05,0.00043496850185473625,0.00018041307179205002,0.0021896709809281455,0.0009416079500379227,0.0021896709809281455,NO_SETUP,,NO_SETUP
2026-08-01T14:30:00+00:00,PAXGUSD,15m,472,0.00024713875111442965,0.0,0.0,0.00024713875111442965,0.0,0,1,-0.00869787694685738,-0.12629643408399716,-0.01572337996418483,-0.08233493587567864,-0.08283251476590203,-0.20786419754540475,-0.19066239215354064,-0.2352528627798165,-7.025503017327451e-05,-0.000671091348017172,-0.0010782987738763863,-1,44.41688789884847,-5.583112101151528,-0.033593165611364384,0.03278781778900264,-0.06638098340036702,-0.08312342645953011,11.692055271728401,0.30566888715855367,0.007554262702525354,0.3264845082844699,0.00044648460683008616,0.01,1,1,22,1,49,1,1,-0.0004942775022176207,-0.004201358768855396,1,1,1.042801960304578,-0.06771601780388146,1,1,0.18461264707845554,-0.010132688795466846,1,68,1,0.003459942515523345,-1,-1,-1,-1,100,-1,-1,0,3,50,0,0,1,1,0,0,1,0,4.6463,0,14,5,1,8,-0.00021501071346483362,-0.0009613697418141152,0.00024961013862017945,0.0011121243799906582,NEUTRAL,2.4713875111442966e-06,0.00021501071346483362,2.4713875111442966e-06,0.0009613697418141152,0.0005041630522624228,0.002199534884870435,0.0015693310695423508,0.002199534884870435,NO_SETUP,,NO_SETUP
2026-08-01T15:00:00+00:00,PAXGUSD,15m,474,0.00024713875111442965,0.0,0.0,0.00024713875111442965,0.0,0,1,-0.007141326191292485,-0.10002950726584459,-0.014523665856057142,-0.07451218032974793,-0.07958929621540103,-0.19894098619170109,-0.18688942731356728,-0.2302014459774,-7.382339664764657e-05,-0.0006506563035934389,-0.0010730013109816624,-1,44.440969007177124,-5.559030992822876,-0.07375025612509489,-0.0027290530987539793,-0.0710212030263409,-0.01817662129925829,11.779897442995368,0.2841736833153112,0.007023032919260046,0.34016927177935175,0.00039195059277979727,0.01,1,1,24,1,51,1,1,0.006672746279943499,-0.004201358768855396,1,1,1.042801960304578,-0.06771601780388146,1,1,0.18461264707845554,-0.010132688795466846,1,70,1,0.003459942515523345,-1,-1,-1,-1,100,-1,-1,0,3,50,0,0,1,1,0,0,1,0,4.5929,0,15,5,1,8,-0.00037812228919676083,-0.001042925529680079,0.0005091058272845989,0.0016508868574083143,NEUTRAL,2.4713875111442966e-06,0.0004448497519961958,2.4713875111442966e-06,0.001042925529680079,0.0009317130916810581,0.002199534884870435,0.0016508868574083143,0.002199534884870435,NO_SETUP,,NO_SETUP
2026-08-01T15:30:00+00:00,PAXGUSD,15m,476,0.0004943605816642107,0.00024718029082648513,0.0002471802908377256,0.0009887211633284214,0.25000000000568434,0,1,-0.019861560242889018,-0.19585181887305225,-0.02903671615853589,-0.11694107842049561,-0.09268805609916857,-0.2156730326109937,-0.1997241805948628,-0.2380254811055238,-9.175155915646874e-05,-0.0006365133994063267,-0.0010703612449569422,-1,35.59861914668454,-14.401380853315459,-0.1847723962987402,-0.05973681125851253,-0.12503558504022766,-0.0539893045155421,13.981536457932732,0.29278241061374527,0.007237004140609627,0.027931408444056803,0.00046172420935731734,0.02,1,1,26,1,53,1,1,0.004202064944151412,-0.00877490032453693,1,1,1.0261689773904268,-0.08453565946465871,1,1,0.20145193702835137,0.006673867852472466,1,72,-1,-0.013347735704944932,-1,-1,-1,-1,75,-1,-1,0,3,50,0,0,1,1,0,0,1,0,2.1425,0,15,5,1,8,-0.0007242382521387994,-0.0012630912861532387,0.0005141350049312288,0.0018958728306839906,NEUTRAL,0.0,0.0007267100550470642,0.0,0.0012655630890615035,0.0010999522942038245,0.002031821990641817,0.0019156472539505589,0.002031821990641817,NO_SETUP,,NO_SETUP
2026-08-01T16:00:00+00:00,PAXGUSD,15m,478,0.020768380634960868,0.0,0.0,0.020768380634960868,0.0,0,1,-0.03867483600681808,-0.3438605592132262,-0.05086352270527117,-0.18543465178299812,-0.1137042316979742,-0.2466769329107592,-0.22074025260515046,-0.25322608542501257,-0.00012188686698453087,-0.0006284070899270302,-0.0010703602090717625,-1,26.12024623369726,-23.87975376630274,-0.3460044118528458,-0.14576554962557264,-0.20023886222727316,-0.09724341462846661,17.587867962300134,0.32505218058020063,0.008036675491090627,-0.1760200582973572,0.000651265908292057,0.07,1,1,28,1,55,1,1,0.17504777963760118,-0.022869942961119296,1,1,1.0012090164441156,-0.10977572621340634,1,1,0.22672148859840807,0.031894298832272176,1,74,-1,-0.03856984975065446,-1,-1,-1,-1,75,-1,-1,0,3,60,0,0,1,1,0,1,1,0,1.0604,0,16,5,1,8,-0.0005612407623973589,-0.001201599165308924,0.0013301653311443265,0.002816093517051056,NEUTRAL,4.203124652316855e-05,0.0005612407623973589,4.203124652316855e-05,0.0015230145798977674,0.0013524171675389715,0.001780146911568797,0.002816093517051056,0.001780146911568797,NO_SETUP,,NO_SETUP
2026-08-01T16:30:00+00:00,PAXGUSD,15m,480,0.0,0.0002472328463724335,0.0,0.0002472328463724335,0.0,0,0,-0.0284409103011477,-0.41853438067118987,-0.0433083502287642,-0.22947658551674976,-0.10544554237170976,-0.26676998524271767,-0.21248574698109624,-0.26325205338798696,-0.0001486743992761649,-0.0006213719214294558,-0.0010704020460938644,-1,29.447064397331545,-20.552935602668455,-0.45959502517780493,-0.2511096814510757,-0.20848534372672922,-0.06460925248576202,21.830361197218192,0.29889703325539146,0.007389716430239333,0.05224364005760865,0.0008091722811751517,0.04,1,1,30,1,57,1,1,0.1789965807697406,-0.008405916776482853,1,1,1.0051251369051935,-0.10581565824509677,1,1,0.2227567945767057,0.027937311639477873,1,76,-1,-0.034612598491387425,-1,-1,-1,-1,100,-1,-1,0,3,60,0,0,1,1,0,1,1,0,1.1712,0,16,5,1,8,-0.0006848349844366878,0.0005488569189347726,0.0011125478086516662,0.002811037463193183,NEUTRAL,2.472328463724335e-06,0.0006848349844366878,0.0005513292473984969,0.0018196337492614233,0.0013128064142089526,0.0018196337492614233,0.0028777903317122786,0.0018196337492614233,NO_SETUP,,NO_SETUP
2026-08-01T17:00:00+00:00,PAXGUSD,15m,482,0.006926544000864465,0.0,0.0,0.006926544000864465,0.0,0,1,-0.07147967663131612,-0.7319521800959592,-0.09392584358442027,-0.3763449757120725,-0.1573581401147238,-0.3401149520009312,-0.26544989151660137,-0.30033772842807593,-0.00022446166953104168,-0.0006343229653030352,-0.0010809175140187757,-1,16.872862448781305,-33.127137551218695,-0.8262799690260181,-0.4310653284681707,-0.3952146405578474,-0.18232345698256439,28.38427430129341,0.4163448909191811,0.010299397166033739,-0.12835698855159372,0.0013397722954728998,0.22,-1,1,32,-1,1,1,1,0.12096714344378684,-0.032530019146936734,1,1,0.947575956976274,-0.16401066687776403,1,1,0.2810197851781885,0.08608704686796567,1,78,-1,-0.09276621429737633,-1,-1,-1,-1,100,-1,-1,-1,4,55,0,0,1,1,0,0,1,1,2.8199,0,17,5,1,8,-0.00047496301720258475,0.0012121452001524063,0.0017217409373593135,0.003851653217626993,NEUTRAL,2.473765714538205e-06,0.00047496301720258475,0.0014669430687558039,0.0012393566230130017,0.0018949045373810377,0.0012393566230130017,0.00397286773764229,0.0012393566230130017,NO_SETUP,,NO_SETUP
2026-08-01T17:30:00+00:00,PAXGUSD,15m,484,0.006184919187845892,0.0,0.0,0.006184919187845892,0.0,0,1,-0.06573363845897259,-0.866654732459665,-0.0944799969010806,-0.4628851544343888,-0.15916419332406748,-0.38602359029118816,-0.26827819182155765,-0.3243987619971449,-0.00028746358442107995,-0.0006468419642298688,-0.0010911399849749016,-1,15.726007240679067,-34.27399275932093,-1.066635479721299,-0.6421648019489422,-0.4244706777723567,-0.09986273026182424,34.318886113562826,0.38281778859866117,0.009470788344610367,0.013972657755812338,0.0016694965081214515,0.2,-1,-1,0,-1,3,1,1,0.11281292598631897,-0.007174506257900334,1,1,0.9394892246337999,-0.0632098740997922,1,1,0.28920682122367525,0.09425816842277004,1,80,-1,-0.10093788114564316,-1,-1,-1,-1,100,-1,-1,-1,4,55,0,0,1,1,0,0,1,1,13.6913,0,17,5,1,8,-0.000714976658115066,0.0015536516999868249,0.0019519604956841317,0.004344287237542941,UP,0.0,0.001157816871964823,0.001976700172435493,0.001157816871964823,0.001976700172435493,0.001157816871964823,0.004344287237542941,0.001157816871964823,NO_SETUP,,NO_SETUP
2026-08-01T18:00:00+00:00,PAXGUSD,15m,486,0.03662894874917135,0.00024749289695925967,0.000247492896948005,0.037123934543078614,0.006666666666509021,0,1,-0.08879392067145647,-0.9189622639864865,-0.12449766775559702,-0.5144895254888979,-0.19102620973721374,-0.41507864017694374,-0.3015158740248831,-0.3402221572205235,-0.00035703747084140557,-0.0006652854198161674,-0.0011048966428766932,-1,11.394967336386301,-38.6050326636137,-1.3173649476766514,-0.858196045691451,-0.45916890198520033,-0.039241685834471185,40.1189041041192,0.4431949299651818,0.01096875971323448,-0.04081401268090068,0.0019424286340555881,0.28,-1,-1,0,-1,5,1,1,0.07400037618920922,-0.037866413233945136,1,1,0.900997891360523,-0.10209081999347745,1,1,0.3281755813608203,0.133151178561178,1,82,-1,-0.1398334867789317,-1,-1,-1,-1,100,-1,-1,-1,4,55,0,0,1,1,0,0,1,1,25.5324,0,18,5,1,8,0.0015913793274132627,0.0017794739290982484,0.0021383386296812967,0.004779087840178974,UP,0.0019378693831486856,0.0007697029095265281,0.0023660320948788636,0.0007697029095265281,0.0023660320948788636,0.0007697029095265281,0.004779087840178974,0.0007697029095265281,NO_SETUP,,NO_SETUP
2026-08-01T18:30:00+00:00,PAXGUSD,15m,488,0.01856550529116901,0.0,0.03218020917136412,0.05074571446253313,0.6341463414634471,0,1,-0.08990266598627976,-1.103549608387766,-0.13324096928680035,-0.623071645789878,-0.20224424183028533,-0.474218777803344,-0.3144677938391022,-0.3715367849335962,-0.00043338303300520585,-0.0006900327254348501,-0.0011222355200881686,-1,9.848687945820487,-40.15131205417951,-1.5730483446891412,-1.0936725863081536,-0.47937575838098767,-0.07441968539615251,46.01657359545789,0.5298976692046838,0.013117090641863576,0.01620867738511819,0.0022098273718890284,0.33,-1,-1,2,-1,7,1,1,0.05495389566186657,-0.01868927532644617,1,1,0.8821090414010823,-0.12117086453370719,1,1,0.34729871898013986,0.15223714338758812,1,84,-1,-0.15892072529240853,-1,-1,-1,-1,100,-1,-1,-1,4,55,0,0,1,1,0,0,1,1,12.1087,0,18,5,1,8,0.0021065660003713642,0.002534810322420888,0.0022575654434061243,0.00505971904201994,UP,0.002240237638467772,0.0005792437650845091,0.0025570889287703266,0.0005792437650845091,0.0025570889287703266,0.0005792437650845091,0.0055250943746519374,0.0005792437650845091,NO_SETUP,,NO_SETUP
2026-08-01T19:00:00+00:00,PAXGUSD,15m,490,0.192488738543954,0.0002470972253506502,0.020756166928993913,0.21349200269829854,0.9988425925925674,1,0,0.08956936525052445,-0.3990054617415808,0.049619255254768534,-0.3703863981318136,-0.01834661267181005,-0.3527299520883389,-0.130437235552333,-0.31260632707471814,-0.0003995010999575591,-0.0006796586792657858,-0.0011209062288052294,-1,62.733418925573204,12.733418925573204,-1.169456487174557,-1.2068160348040384,0.03735954762948146,0.49988995171530315,46.0572831200011,1.2292485004877125,0.03037438937303311,0.8341663870355724,0.0024069750390638732,0.61,-1,-1,4,-1,9,1,1,0.23375397517661364,-0.0023474236407862305,1,1,1.0594293536677877,-0.050902028421132756,1,1,0.1677790160094396,-0.02693359756262533,1,86,1,0.02026197247830385,-1,-1,-1,-1,100,-1,-1,-1,4,55,0,0,1,1,0,0,1,1,5.8708,0,19,5,1,8,0.0003409941709764811,0.0005633816737872345,0.0005362009789992248,0.0033926449039903776,NEUTRAL,0.0007635304263168789,4.447750056210574e-05,0.0007635304263168789,0.00014578736295362498,0.0007635304263168789,0.00014578736295362498,0.003726226158206564,0.00014578736295362498,NO_SETUP,,NO_SETUP
2026-08-01T19:30:00+00:00,PAXGUSD,15m,492,0.009388928970284266,0.0,0.0,0.009388928970284266,1.0,1,0,0.08077715203775812,1.067117978029728,0.05367115636081088,0.24780555866345821,-0.009614500754112895,-0.038355676935680094,-0.11976180940963914,-0.15469129869234166,-0.0002710599567694724,-0.0006328565711492377,-0.0011014730865552623,-1,63.706522422066385,13.706522422066385,-0.36360035769166643,-0.9633033652014478,0.5997030075097813,1.0896363491228018,41.968443570128464,1.189198962155227,0.029382380492652595,0.8457192712705859,0.002503887032136586,0.6,-1,-1,6,-1,11,1,1,0.09994267811787869,-0.029155095223501876,1,1,1.0674965162132073,-0.04274433452259812,1,1,0.15961179249478757,-0.035084945099475025,1,88,1,0.11723807358944549,-1,-1,-1,-1,100,-1,-1,-1,4,55,0,0,1,1,0,0,1,1,0.8141,0,19,5,1,8,0.0003483786802130433,0.0005089787810205137,0.0008622990027968585,0.0033602482630481177,NEUTRAL,0.0006819327357361818,0.00022731091191209807,0.0006819327357361818,0.00022731091191209807,0.0013193915974026493,0.00022731091191209807,0.0036443869029382406,0.00022731091191209807,NO_SETUP,,NO_SETUP
2026-08-01T20:00:00+00:00,PAXGUSD,15m,494,0.0027171429488824536,0.042239222205481125,0.004940259907080451,0.04989662506144403,0.15346534653462784,1,0,0.08757203564520834,1.1182076872310063,0.07357574581789474,0.3322880224345681,0.015736988655933804,0.015917656146939407,-0.091910347263615,-0.12498775078665858,-0.00013996289827313598,-0.0005783875716196093,-0.001076473359195488,-1,66.90976274972019,16.909762749720187,0.31057503680858645,-0.5528707246168008,0.8634457614253872,0.48909809052480546,40.13256109849901,1.2678297173685371,0.0313170416085619,0.8902821403779994,0.002756431814453348,0.66,1,1,0,1,1,1,1,0.016796883684046575,-0.3988024809985249,1,1,0.19415221434798877,-0.016796883684057805,1,1,0.13363403048635153,-0.06101220985235539,1,90,1,0.1431440308074626,-1,-1,-1,-1,60,-1,0,1,-1,51,0,0,1,1,0,0,1,1,1.1642,0,20,5,1,8,5.681298893135217e-05,0.0003976909225194652,0.0011412000385340004,0.0030333195829433082,NEUTRAL,0.0004026311824265344,0.0004866156008467111,0.0004026311824265344,0.0004866156008467111,0.0011412000385340004,0.0004866156008467111,0.00338407803634556,0.0004866156008467111,NO_SETUP,,NO_SETUP
2026-08-01T20:30:00+00:00,PAXGUSD,15m,496,0.016305515958402517,0.0,0.0,0.016305515958402517,0.0,0,1,0.05694503116916084,0.9534534582548986,0.052263239483876865,0.32473031213567083,-0.0008602567309796371,0.02478276128795187,-0.1062483471563719,-0.117641640526017,-4.68179168528398e-05,-0.000531234962148565,-0.0010538809042539227,-1,62.6064498865247,12.6064498865247,0.6660481549265569,-0.1337669157272228,0.7998150706537797,0.021530269740578478,38.52216391518515,1.1409858277310083,0.028188428215732066,0.7870229706065699,0.0029768418661577072,0.59,1,1,1,1,3,1,1,0.0004941065441936752,-0.4151730237591091,1,1,0.17787835590988035,-0.033105138461009945,1,1,0.14996133616292084,-0.044716642249566924,1,92,1,0.09795662238648878,-1,-1,-1,-1,60,-1,0,1,-1,51,0,0,1,1,0,0,1,1,1.1626,0,20,5,1,8,0.00033352191733101164,0.0003582272445406954,0.0013810277910226141,0.003169693481005291,NEUTRAL,0.0005657519931022637,0.0003236397864471381,0.0005657519931022637,0.0003236397864471381,0.0014007920527903612,0.0003236397864471381,0.003547684987313846,0.0003236397864471381,NO_SETUP,,NO_SETUP
2026-08-01T21:00:00+00:00,PAXGUSD,15m,498,0.03160501630867595,0.00024691418991696967,0.018271650053462762,0.05012358055205569,0.9950738916255087,1,0,0.09535333693976361,0.9657975021086713,0.10135718282676374,0.37685408667402953,0.05386675305632367,0.0628777417296078,-0.04859767612567706,-0.09564631089551767,6.0038458870001374e-05,-0.00047490429770440074,-0.0010246442918200073,0,70.07179620065988,20.071796200659875,1.0607149365951045,0.26034417034676083,0.8003707662483437,-0.0762293986561885,35.500932266747085,1.2966153310537751,0.03201527240940781,0.8918829388013308,0.0033450170873369064,0.7,1,1,3,1,5,1,1,0.16580287852562958,-0.35864286084657226,1,1,0.23407465203616712,0.023209933851678643,1,1,0.09358047797649917,-0.1009879036738286,1,94,1,0.15419791159977903,-1,-1,-1,-1,50,-1,0,1,-1,51,0,0,1,1,0,0,1,1,1.4222,0,21,5,1,8,-0.00015555593964421008,-0.0002765438927009427,0.00148395428136865,0.002390129358344167,NEUTRAL,2.4691418991696965e-06,0.00037037128486737007,2.4691418991696965e-06,0.00037037128486737007,0.00148395428136865,0.0004172849809504715,0.0029827234141319814,0.0004172849809504715,NO_SETUP,,NO_SETUP
2026-08-01T21:30:00+00:00,PAXGUSD,15m,500,0.010866156121969011,0.005186119967303647,0.004939161873617173,0.020991437962889832,0.752941176470519,1,0,0.06493989986238126,0.918714055014334,0.07778979422886217,0.40258618304687843,0.03500114255885182,0.08838003594655675,-0.0649097320208163,-0.07961163232994295,0.00012849894366480917,-0.0004278865167001036,-0.000999108745796681,0,63.94725737947954,13.947257379479538,1.1956984708212985,0.5839276212754103,0.6117708495458882,-0.16430272850170247,33.35297061756033,1.2810101578984305,0.03163558265806999,0.7879572021316754,0.003576527993148374,0.7,1,1,5,1,7,1,1,0.14805137716181793,-0.37648761381680873,1,1,0.2163352900646231,0.00543307806097889,1,1,0.11137810025017393,-0.08322487757052237,1,96,1,0.025436683649156515,-1,-1,-1,-1,50,-1,0,1,-1,51,0,0,1,1,0,0,1,1,1.3786,0,21,5,1,8,2.4695809368085865e-05,-2.7165390304950603e-05,0.001696602103589015,0.0028968184388791112,NEUTRAL,0.0001753402465135781,0.00010372239934607294,0.0001753402465135781,0.00023954935087060135,0.0017632807888829031,0.00023954935087060135,0.0031610635991179106,0.00023954935087060135,NO_SETUP,,NO_SETUP
2026-08-01T22:00:00+00:00,PAXGUSD,15m,502,0.00790244432481426,0.0,0.005185979088157604,0.013088423412971865,1.0,1,0,0.056062593777547826,0.7462035688436117,0.07461164740056711,0.36717778757974884,0.03639110275946911,0.08230886504406953,-0.060882170208727965,-0.07943566376843592,0.00018549053623019289,-0.0003822054464109801,-0.0009727327296819707,0,63.8577764249804,13.8577764249804,1.2678229098237352,0.8240275639730792,0.44379534585065605,-0.238767608318053,31.677590768045782,1.1563301871675407,0.028555734141215216,0.7439576807971084,0.0036575604796696246,0.61,1,1,7,1,9,1,1,0.1507638206342816,-0.37376092142500245,1,1,0.21904587862833053,0.00814939570995874,1,1,0.10865860946614274,-0.08593908203231157,1,98,1,0.02815245790714449,-1,-1,-1,-1,50,-1,0,1,-1,51,0,0,1,1,0,0,1,1,1.3764,0,22,5,1,8,-6.914638784213882e-05,0.00035314048076491616,0.002126251426144168,0.002620154196444807,NEUTRAL,0.0001481708310901691,6.914638784213882e-05,0.0008100005432929845,0.00026670749596232685,0.002247257604867883,0.00026670749596232685,0.0031338130775575655,0.00026670749596232685,NO_SETUP,,NO_SETUP
2026-08-01T22:30:00+00:00,PAXGUSD,15m,504,0.010370421582330598,0.0,0.0002469147995734184,0.010617336381904017,1.0,1,0,0.059332208288013444,0.7062119917291056,0.08311681122181777,0.37841363628604086,0.049490069711168504,0.09904609217664984,-0.04499543050844516,-0.06782187868839173,0.0002378460293380433,-0.0003362674151064927,-0.0009448550021961366,0,66.06212173359717,16.062121733597166,1.3273555332089018,0.9979144948148795,0.3294410383940223,-0.18716338654599673,30.7514348411267,1.0572438858740607,0.026104916218698874,0.7366503728495684,0.0036178633933919052,0.56,1,1,9,1,11,1,1,0.0127161121783286,-0.35889066118844676,1,1,0.23382831520155162,0.022963076360866877,1,1,0.09382762384012222,-0.10074123822833513,1,100,1,0.042963175126796586,-1,-1,-1,-1,50,-1,0,1,-1,51,0,0,1,1,0,0,1,1,1.3746,0,22,5,1,8,-0.00039012538333520837,0.0007432135467335057,0.0023876661119314347,0.0023876661119314347,NEUTRAL,0.0,0.00039012538333520837,0.0007432135467335057,0.0004148168632931116,0.0023876661119314347,0.0004148168632931116,0.0029851999269132554,0.0004148168632931116,NO_SETUP,,NO_SETUP
2026-08-01T23:00:00+00:00,PAXGUSD,15m,506,0.005186260854103971,0.0,0.0,0.005186260854103971,0.0,0,1,0.03155450060084008,0.558191675769649,0.05785186456869195,0.3410961709814728,0.02800140727316187,0.09100781780443867,-0.06401458827109964,-0.06856746659559576,0.00026297363967851876,-0.0002985045729553008,-0.0009201599554426151,0,60.41170832101153,10.411708321011531,1.2458818099576092,1.0957406192331751,0.1501411907244341,-0.21596549424874378,29.706742676082122,0.9677255954730376,0.023899416063406672,0.6409672956698863,0.00323203038162481,0.54,1,1,11,1,13,1,1,0.0014817888154566733,-0.007408944077294598,1,1,0.2136245542285224,0.002716612828331619,1,1,0.11409773879027615,-0.08051052563987997,1,102,1,0.022720761837024785,-1,-1,-1,-1,50,-1,0,1,-1,51,0,0,1,1,0,0,1,1,1.313,0,23,5,1,8,0.0006174120064408421,0.0010224342826661154,0.002635114443489532,0.0025906607790258315,NEUTRAL,0.0008643768090171789,0.0002123897302155688,0.0010421914668722043,0.0002123897302155688,0.002635114443489532,0.0002123897302155688,0.003188315601260585,0.0002123897302155688,NO_SETUP,,NO_SETUP
2026-08-01T23:30:00+00:00,PAXGUSD,15m,508,0.00024698249141657494,0.0,0.0,0.00024698249141657494,0.0,0,1,0.019479519747915376,0.33348570284124435,0.046581481456236584,0.2621037702906506,0.019913450126387778,0.060457565170054295,-0.0698281234535026,-0.08085394531508427,0.00027101961708321206,-0.00026668031329848805,-0.0008974157357989037,0,58.28416647815056,8.28416647815056,1.1054341486860721,1.1119595100148805,-0.006525361328808321,-0.24768866827755698,28.231079065179923,0.8548246205864433,0.02111267145120597,0.5746519352869384,0.0022104119329349717,0.52,1,1,13,1,15,1,1,0.13818670394456367,-0.003704737371170004,1,1,0.2064773628197416,-0.004445684845408498,1,1,0.12126840328289892,-0.07335379994911666,1,104,1,0.01555989695890728,-1,-1,-1,-1,50,-1,0,1,-1,51,0,0,1,1,0,0,1,1,1.2704,0,23,5,1,8,0.00029390916477932226,0.0017609851637617679,0.0027958418027746418,0.00270939793078075,UP,0.0009360636424483779,0.00014078002010430292,0.0017609851637617679,0.00014078002010430292,0.0032601688866276944,0.00014078002010430292,0.0032601688866276944,0.00014078002010430292,NO_SETUP,,NO_SETUP
2026-08-02T00:00:00+00:00,PAXGUSD,15m,510,0.01629967697003464,0.0,0.004939296051522244,0.021238973021556883,1.0,1,0,0.023424743444413147,0.21321618758656768,0.05031504534943868,0.21566749422072462,0.026376691672468876,0.044523536539145425,-0.06123545795095385,-0.08614284518716886,0.0002689030190502554,-0.00023938353676969813,-0.0008761214962342273,0,59.04922688466756,9.049226884667561,0.9542428299973835,1.061384613622556,-0.10714178362517246,-0.17854270808080108,25.959856707346468,0.8309967391790892,0.020522694563294343,0.6253149267038653,0.0007676822472553725,0.52,1,1,15,1,17,1,1,0.1453387863161796,-0.0024696480257723526,1,1,0.2136245542285224,0.002716612828331619,1,1,0.11409773879027615,-0.08051052563987997,1,106,1,0.022720761837024785,-1,-1,-1,-1,50,-1,0,1,-1,51,0,0,1,1,0,0,1,1,1.2906,0,0,6,2,8,0.0010421914668722043,0.0017238143219828355,0.00285491311778244,0.002635114443489532,UP,0.0010421914668722043,2.4696480257049687e-06,0.001790494818678442,2.4696480257049687e-06,0.003188315601260585,2.4696480257049687e-06,0.003188315601260585,2.4696480257049687e-06,NO_SETUP,,NO_SETUP
2026-08-02T00:30:00+00:00,PAXGUSD,15m,512,0.020736593422059923,0.010368296711029961,0.0,0.031104890133089882,0.0,0,1,0.050702909351614846,0.6444694868905572,0.08323713809021104,0.3987149764025162,0.06406019854626087,0.14465397329877305,-0.02027914069504241,-0.03297202574822222,0.0003253422873859618,-0.00019176939543950165,-0.0008433933924130328,0,63.43357392985771,13.433573929857708,1.155870871301886,1.0884480965160983,0.06742277478578762,0.1625805767299131,28.26744469465644,1.0393288210268676,0.02565730856364203,0.9582675011735511,0.0008781489138293613,0.62,1,1,0,1,19,1,1,0.020366297110954914,-0.33832739624914343,1,1,0.053446100903275236,-0.11701363431018084,1,1,-0.06912197807351436,-0.12121032583606375,1,108,1,0.03999200159967737,-1,-1,-1,-1,50,-1,0,1,-1,51,0,0,1,1,0,0,1,1,7.1316,0,0,6,2,8,0.0006171605185135812,0.0017724850091709648,0.002495797136868954,0.0022168405825007884,UP,0.0006369096551059978,0.00025180149155353665,0.0018934484707996853,0.00025180149155353665,0.002779690975385224,0.00025180149155353665,0.002779690975385224,0.00025180149155353665,NO_SETUP,,NO_SETUP
2026-08-02T01:00:00+00:00,PAXGUSD,15m,514,0.0725390390797806,0.0,0.006415017061483456,0.07895405614126406,1.0,1,0,0.09174213733678029,0.7317766094502076,0.12917077602925528,0.45412328271549995,0.11459670433948922,0.18278733382021528,0.03356765619540043,-0.01021918248716247,0.0003742863869247499,-0.00014574071689766043,-0.0008102904814408879,0,68.49031263954919,18.490312639549188,1.3073879306939489,1.1367898735763327,0.17059805711761622,0.129766900329235,29.66752941674051,1.175135565069056,0.02899428730564487,1.2434094172558714,0.0011588016498338652,0.73,1,1,0,1,21,1,1,0.07414279334516269,-0.28435796782128975,1,1,0.06316324491300226,-0.06316324491302472,1,1,-0.1228722498698384,-0.1749325806379905,1,110,1,0.06192958778580168,-1,-1,-1,-1,50,-1,0,1,-1,51,0,0,1,1,0,0,1,1,1.5606,0,1,6,2,8,0.0007772039901406347,0.001643231293440228,0.0018899627188816923,0.0018356818052845073,UP,0.0008438214750098256,-2.4673142544684985e-06,0.001643231293440228,-2.4673142544684985e-06,0.0022403213430085894,-2.4673142544684985e-06,0.0022403213430085894,-2.4673142544684985e-06,NO_SETUP,,NO_SETUP
2026-08-02T01:30:00+00:00,PAXGUSD,15m,516,0.0019737004416136785,0.0,0.0,0.0019737004416136785,0.0,0,1,0.0811844403699837,1.1290506939035367,0.12621489930383595,0.6430949641671759,0.11740461998322523,0.28966166638292634,0.04037765238603479,0.04753966867974668,0.00045030458933852254,-8.810279320610725e-05,-0.0007702696759719043,0,69.02097081120259,19.020970811202588,1.5792931673927342,1.2790578072801324,0.30023536011260177,0.2774663089892817,32.03854629590857,1.0448362780442537,0.025777422792397642,1.0336649522149075,0.001512242385004778,0.64,1,1,0,1,23,1,1,0.0038240446056349163,-0.2766881306589616,1,1,0.07080650334295242,-0.0555103249204352,1,1,-0.1305109417018223,,-1,25,1,0.05119285520440808,-1,-1,-1,-1,50,-1,0,1,-1,46,0,0,1,1,0,0,1,0,,0,1,6,2,8,0.0009079022031430775,0.0016110329854685675,0.0017861988996619499,0.0016850467520291928,UP,0.0009079022031430775,0.0,0.0016110329854685675,0.0,0.0021636691091209584,0.0,0.0021636691091209584,0.0,NO_SETUP,,NO_SETUP
2026-08-02T02:00:00+00:00,PAXGUSD,15m,518,0.06632149901380806,0.0,0.00024654832346557027,0.06656804733727362,1.0,1,0,0.12661985383024457,1.2013317471632945,0.18038048160879017,0.7084471391635816,0.17797096188819683,0.33639584278216716,0.10545501822547534,0.07582036136182069,0.000537606277785456,-2.4095197205933155e-05,-0.000725159436627215,0,75.79872795517988,25.798727955179885,1.8932068696653914,1.4605184303442866,0.4326884393211048,0.1638520646185082,34.97225380248675,1.0997312805585322,0.02711369034907624,1.1558922215783705,0.0020472524590334678,0.71,1,1,0,1,25,1,1,0.07038954635108526,-0.20993589743589428,1,1,0.06558185404338893,0.011094674556208533,1,1,-0.19699211045364354,,-1,27,1,0.11772682445759593,-1,-1,-1,-1,50,-1,1,1,2,50,0,0,1,1,0,0,1,1,1.122,0,2,6,2,8,0.0008999013806706338,0.001033037475345181,0.0009048323471400574,0.0008999013806706338,NEUTRAL,0.0008999013806706338,3.205128205130896e-05,0.0014965483234714407,3.205128205130896e-05,0.0014965483234714407,3.205128205130896e-05,0.0014965483234714407,3.205128205130896e-05,NO_SETUP,,NO_SETUP
2026-08-02T02:30:00+00:00,PAXGUSD,15m,520,0.0,0.0,0.0002465398137086869,0.0002465398137086869,1.0,0,0,0.10647211281719184,1.4976434483583034,0.16969080244864057,0.8719575475324746,0.1743027062226893,0.43436875356337623,0.10674649537646985,0.1304557345183639,0.0006321868963144876,4.6119037740487246e-05,-0.0006755621084621947,0,76.09090440705656,26.090904407056556,2.1971011159866976,1.706451537812395,0.49064957817430255,0.19749552523879088,38.532634589369465,0.9847682980325926,0.02427845927489171,0.97223213465837,0.002539535273381262,0.6,1,1,0,1,27,1,1,0.0018490486028543912,-0.20647709398590777,1,1,0.06903114784005797,0.014545849009148865,1,1,-0.20043686854989362,,-1,29,1,0.12117431844068409,-1,-1,-1,1,50,-1,1,1,2,50,0,0,1,1,0,0,1,1,9.2095,0,2,6,2,8,0.0008678201442750945,0.0011291523468124687,0.0011981834946525828,0.0010034170418181236,NEUTRAL,0.0008752163386865794,-0.00012573530499445737,0.0014619810953271561,-0.00012573530499445737,0.0014619810953271561,-0.00012573530499445737,0.0014619810953271561,-0.00012573530499445737,NO_SETUP,,NO_SETUP
2026-08-02T03:00:00+00:00,PAXGUSD,15m,522,0.02488916926852367,0.012074943506520138,0.0,0.0369641127750438,0.6733333333331757,1,0,0.12658130043219734,1.4865970178170755,0.19959260887459288,0.914382957179896,0.21167616520752175,0.47299168254812685,0.14951658467673123,0.15593469326677223,0.0007301130844239556,0.00012083556332928839,-0.0006215958053079051,0,79.95533017725734,29.955330177257338,2.493931446966144,1.9642381661414745,0.5296932808246695,0.03661042912653856,42.3996179397176,1.0119685835077044,0.024937680563720078,0.9801642956305998,0.0030231113569176996,0.63,1,1,1,1,29,1,1,0.03523912084553773,-0.16079389057144278,1,1,0.11458874960262681,-0.5724508931761901,1,1,-0.24593456366328068,,-1,31,1,0.16670814861544442,-1,-1,-1,1,50,-1,1,1,2,50,0,0,1,1,0,0,1,1,19.8389,0,3,6,2,8,0.0010054238674812857,0.0007220323362059274,0.0004928548370005841,0.000532283223960707,NEUTRAL,0.0010054238674812857,0.0,0.0010054238674812857,0.0,0.0010054238674812857,0.0,0.0010054238674812857,0.0,NO_SETUP,,NO_SETUP
2026-08-02T03:30:00+00:00,PAXGUSD,15m,524,0.0,0.0,0.00024632665378094854,0.00024632665378094854,1.0,0,0,0.13704883304929555,1.7736542481452489,0.2219159277603275,1.081027866277509,0.24257963548773936,0.5754447094068382,0.18657654361301065,0.213991975150293,0.0008486709471103196,0.00020663707727411858,-0.0005600309187472871,0,82.74126262585341,32.74126262585341,2.8728703191914065,2.2674957840471626,0.6053745351442439,0.10392130265259669,46.50140815099868,0.9833810745551486,0.024223296948139583,0.9458072836989464,0.0036216641067398406,0.61,1,1,1,1,31,1,1,0.01453327257276232,-0.11983791706181031,1,1,0.15543211853238445,-0.5313265921939123,1,1,-0.2867242249947624,,-1,33,1,0.20753020580592368,-1,-1,-1,1,50,-1,1,1,2,50,0,0,1,1,0,0,1,1,10.2545,0,3,6,2,8,0.0003325409825969995,0.00024632665377557176,0.0,0.00010838372766126502,NEUTRAL,0.0005961105021369017,2.4632665378094855e-06,0.0005961105021369017,2.4632665378094855e-06,0.0005961105021369017,2.4632665378094855e-06,0.0005961105021369017,2.4632665378094855e-06,NO_SETUP,,NO_SETUP
2026-08-02T04:00:00+00:00,PAXGUSD,15m,526,0.004433683183774599,0.0,0.0,0.004433683183774599,1.0,1,0,0.11617259586165969,1.612945994513666,0.20909348494040086,1.067884623964801,0.237398414196364,0.5888592880010037,0.18726108204559094,0.22799723293837815,0.0009292088907874116,0.00028304929255963164,-0.0005013733215077309,0,83.05888085461407,33.058880854614074,3.0040446081879963,2.525240691659751,0.4788039165282454,-0.12885201995026252,50.08370808811795,0.8640887836725518,0.021283866163670694,0.8627665680128065,0.0038593564227304054,0.56,1,1,0,1,33,1,1,0.01896631139727481,-0.11539892064445914,1,1,0.1598589103484575,-0.5268693516723688,1,1,-0.2911451957347896,,-1,35,1,0.21195468775786225,-1,-1,-1,1,50,-1,1,1,2,50,0,0,1,1,0,0,1,1,17.8416,0,4,6,2,8,0.0003152841375131964,0.00017488417002683274,-4.433683183774599e-05,-0.00028079993497261526,NEUTRAL,0.0005517472406480657,4.433683183774599e-05,0.0005517472406480657,4.433683183774599e-05,0.0005517472406480657,4.433683183774599e-05,0.0005517472406480657,0.00033252623878337494,NO_SETUP,,NO_SETUP
2026-08-02T04:30:00+00:00,PAXGUSD,15m,528,0.04162366785790947,0.0,0.00024629389265572,0.04186996175056519,0.005882352941303926,0,1,0.09835805095747822,1.5793503492495802,0.1994386329757924,1.0977358639524937,0.235689526826233,0.6232359456621452,0.19177162284368185,0.2525961837977775,0.0010108058201831415,0.0003625089385044064,-0.000439179039825512,0,73.27627176926876,23.27627176926876,3.140147926515965,2.753751265125214,0.386396661390751,-0.1657790525313545,53.977540365313544,1.0405663491870754,0.025628513670224184,0.8003384283077412,0.003958593834287283,0.72,1,1,2,1,35,1,1,0.004556437014030019,-0.10652210857126927,1,1,0.16871131646548337,-0.5179560562436782,1,1,-0.2999859612481149,,-1,37,1,0.22080247476103693,-1,-1,-1,1,50,-1,1,1,2,50,0,0,1,1,0,0,1,1,11.9218,0,4,6,2,8,0.00020196099197332236,-0.00012807282417817437,-8.620286242759798e-05,-0.0002930897322539227,NEUTRAL,0.0004581066403296711,0.00013299870203117677,0.0004581066403296711,0.00013299870203117677,0.0004581066403296711,0.00013299870203117677,0.0004581066403296711,0.0010516749216169642,NO_SETUP,,NO_SETUP
2026-08-02T05:00:00+00:00,PAXGUSD,15m,530,0.007141590653884493,0.0,0.008865422880663346,0.016007013534547837,0.5538461538455727,0,1,0.09059484248218623,1.2650917824926182,0.19586753649343905,1.0044689770666082,0.2388243979072212,0.5947745812595713,0.20067522329927195,0.2456875194816348,0.0010527269401125283,0.0004295686141378216,-0.0003814917460794929,0,73.24057351207385,23.24057351207385,3.0711250695535455,2.8780652008783805,0.193059868675165,-0.3345857637959351,56.0160722000652,1.040488331697028,0.02562324739694015,0.7839306279473606,0.003597455494453077,0.72,1,1,4,1,37,1,1,0.04087944994975903,-0.09345633286707955,1,1,0.18174116905375537,-0.5048365807049108,1,1,-0.31299868003702747,,-1,39,1,0.1179593766622547,-1,-1,-1,1,50,-1,1,1,2,50,0,0,1,1,0,0,1,1,7.6461,0,5,6,2,8,-0.00010589255107464595,6.8953289071938e-05,-0.0002191729545499007,-0.00023394865935100627,NEUTRAL,0.00032752812309156553,0.00010589255107464595,0.00032752812309156553,0.00026350006895321744,0.00032752812309156553,0.00026350006895321744,0.0008422151736638018,0.001182056384089454,NO_SETUP,,NO_SETUP
2026-08-02T05:30:00+00:00,PAXGUSD,15m,532,0.004432493129631618,0.02339371373975042,0.013789978625531786,0.041616185494913825,0.33136094674551914,0,1,0.07778516428574422,1.1072520033558249,0.18516769851959208,0.9587581752930419,0.2340894130798295,0.5877252887880786,0.20147324607788433,0.24908966260682064,0.0010738253423384786,0.000489217145602374,-0.00032616167001945154,0,72.84316661133032,22.843166611330318,2.9267919074441124,2.9101968569680134,0.016595050476098994,-0.28760082386139807,58.05557131027077,1.0450639186571555,0.025734659108210836,0.7486100592824411,0.003336311065600907,0.77,1,1,6,1,39,1,1,0.045802429006238175,-0.08852673778355151,1,1,0.18665721068132163,-0.4998867251755804,1,1,-0.3179082572421977,,-1,41,1,0.12287855953822735,-1,-1,-1,1,50,-1,1,1,2,50,0,0,1,1,0,0,1,1,7.6352,0,5,6,2,8,-9.111235877581702e-05,-0.00022901214503124687,-0.0002782620686938204,-0.00028564955724315046,NEUTRAL,0.0002708745801443784,0.00015513725953727458,0.0002708745801443784,0.0003127370152576219,0.0002708745801443784,0.0003127370152576219,0.0007929237709681057,0.001231248091565458,NO_SETUP,,NO_SETUP
2026-08-02T06:00:00+00:00,PAXGUSD,15m,534,0.008865575708325696,0.003447723886566748,0.004925319837963697,0.01723861943285614,0.28571428571456414,0,1,0.05747180255554878,0.8875691002526764,0.16446893260668652,0.8779232521637823,0.21836475598786234,0.5611994466635224,0.19089205165320197,0.24243706167908385,0.0010699713005113776,0.000538958233811758,-0.00027472704334660365,0,70.35065878062308,20.35065878062308,2.691733908025526,2.8535406482033068,-0.16180674017778074,-0.27373831406021143,59.307438182041246,1.0240602155768468,0.025219120475215708,0.6936275635754646,0.0027550328067853006,0.71,1,1,8,1,41,1,1,0.03915629271176155,-0.0951818058685132,1,1,0.18002044007732618,-0.5065691453338792,1,1,0.03496977084949633,,-1,43,1,0.11648381416768297,-1,-1,-1,1,50,-1,1,1,2,50,0,0,1,1,0,0,1,1,2.0484,0,6,6,2,8,-7.634245748831971e-05,-0.00024626599189784886,-5.417851821758946e-05,0.00018469949392338665,NEUTRAL,0.0,0.00024626599189784886,8.865575708325695e-05,0.00024626599189784886,8.865575708325695e-05,0.00024626599189784886,0.0008594683117234388,0.0011648381416768296,NO_SETUP,,NO_SETUP
2026-08-02T06:30:00+00:00,PAXGUSD,15m,536,0.006156816581045871,0.0002462726632472105,0.0,0.006403089244293081,0.9615384615376543,1,0,0.04536030170446397,0.6275112135854215,0.14955773374452183,0.7682482616091875,0.20732468374040489,0.5176586390302873,0.18452246866782818,0.22675354767307,0.0010419743204005789,0.0005776694999588304,-0.00022802215072576708,0,68.53516605367165,18.535166053671645,2.3849331769033597,2.707198211594223,-0.3222650346908633,-0.2574469398098156,59.25564113777555,0.9254396756759787,0.022791049359838316,0.6500557723275446,0.002212261288931078,0.59,1,1,10,1,43,1,1,0.036448354159792,-0.006156816581045871,1,1,0.17731631753411659,-0.5092918675841216,1,1,0.03767971747600566,,-1,45,1,0.11377797041772501,-1,-1,-1,1,50,-1,1,1,2,50,0,0,1,1,0,0,1,1,2.0795,0,6,6,2,8,-0.0002068690371231771,-0.00021918267028520164,-0.00010097179192911645,0.0003103035556847656,NEUTRAL,0.00011574815172372509,0.00021918267028520164,0.00011574815172372509,0.00021918267028520164,0.00011574815172372509,0.00021918267028520164,0.000886581587670583,0.0011377797041772502,NO_SETUP,,NO_SETUP
2026-08-02T07:00:00+00:00,PAXGUSD,15m,538,0.02167663874157528,0.0,0.000492650880489838,0.022169289622065116,0.022222222222199765,0,1,0.017729076575788025,0.44601258073589634,0.11748811210931089,0.6810934548725527,0.17822705733359032,0.4831420763780443,0.159687906591956,0.21510921119306659,0.0009975903553352285,0.0006073894522427945,-0.0001853915074163433,0,61.505637403396356,11.505637403396356,2.0468119627071246,2.5018220126069846,-0.45501004989985994,-0.19190533815438693,57.788839586447196,0.862904618312472,0.02125553599953868,0.4894695874850268,0.0015906166401971086,0.56,1,1,12,1,45,1,1,0.015025851854956864,-0.027588449307453335,1,1,0.15592400367517376,-0.5308313237282878,1,1,0.05911810565883658,,-1,47,1,0.09237204009192865,-1,-1,-1,1,50,-1,1,1,2,50,0,0,1,1,0,0,1,1,2.0998,0,7,6,2,8,-4.9265088048983804e-06,4.187532484169224e-05,-4.9265088048983804e-06,0.0004951141348926793,NEUTRAL,0.00033007608992852757,4.9265088048983804e-06,0.00033007608992852757,4.9265088048983804e-06,0.00033007608992852757,7.389763207403579e-06,0.0011010747178957403,0.0009237204009192865,NO_SETUP,,NO_SETUP
2026-08-02T07:30:00+00:00,PAXGUSD,15m,540,0.01625215464171028,0.0002462447673040699,0.013543462201432698,0.03004186161044705,0.9918032786883474,1,0,0.0427179873757329,0.3907268518037199,0.13926311530517538,0.6388332891765458,0.2029641611615255,0.46922610436058676,0.18873673319130377,0.2133570919650083,0.0009654512792944248,0.0006370104585635011,-0.0001422742797022173,0,67.21536324028236,17.215363240282358,1.8486893651515857,2.277857853552245,-0.42916848840065924,-0.06267374235156398,55.63296228494134,0.87561673721843,0.02156160396991948,0.6843074989135131,0.0010810830338118633,0.57,1,1,14,1,47,1,1,0.047771484855948156,-0.08655503570548811,1,1,0.1886234917507967,-0.49790691947796734,1,1,0.026348190100964387,,-1,49,1,0.003693671509471465,-1,-1,-1,1,50,-1,1,1,2,50,0,0,1,1,0,0,1,1,2.0956,0,7,6,2,8,-0.0003324304358532157,-0.00028810637773949094,-0.00019453336616596,0.0006451612903225538,NEUTRAL,2.462447673040699e-06,0.0003324304358532157,2.462447673040699e-06,0.0003324304358532157,2.462447673040699e-06,0.00033489288352625643,0.0007732085693178707,0.0012509234178773522,NO_SETUP,,NO_SETUP
2026-08-02T08:00:00+00:00,PAXGUSD,15m,542,0.007142874736143775,0.005172426533071175,0.0,0.01231530126921495,0.5799999999999272,1,0,0.015228786864545986,0.2890983979618795,0.10589175902090461,0.5771160043491363,0.17129127695767776,0.4444784872894161,0.16073154426883998,0.20594525380283812,0.0009066297215635862,0.0006539951793677315,-0.0001055973268883776,0,59.21230044681286,9.212300446812861,1.5327799265032809,2.031465482215688,-0.49868555571240725,-0.031997407894105656,53.73918710645578,0.8809144315812059,0.02169745323464358,0.32829011669715896,0.0006267789996626753,0.56,1,1,16,1,49,1,1,0.022906460360735775,-0.11145347648639753,1,1,0.16379350688054986,-0.5229076918908784,1,1,0.05123165327994359,,-1,51,-1,-0.021182318183064052,-1,-1,-1,1,50,-1,1,1,2,50,0,0,1,1,0,0,1,1,5.3137,0,8,6,2,8,-8.37440486305855e-05,-4.9261205076814994e-05,3.9408964061564004e-05,0.00177340338276702,NEUTRAL,7.389180761578253e-06,8.37440486305855e-05,7.389180761578253e-06,8.37440486305855e-05,0.0001428574947229875,8.620710888448225e-05,0.002098527336274335,0.0010024655233140253,NO_SETUP,,NO_SETUP
2026-08-02T08:30:00+00:00,PAXGUSD,15m,544,0.0,0.00024632665376974694,0.0,0.00024632665376974694,0.0,0,0,0.005611426618690028,0.11556580876231237,0.09002644242097788,0.47991369721012234,0.15654171088743005,0.3998562546735229,0.14935274842776827,0.18807054270519075,0.0008441501580228785,0.0006651526846645216,-7.188962459661757e-05,0,56.88518473855299,6.8851847385529865,1.2468185407115016,1.7705042630827177,-0.5236857223712161,-0.03680179273739359,51.93214246785497,0.7848190762103014,0.0193321856862119,0.19469432648451257,0.0006267789996626753,0.46,1,1,18,1,51,1,1,0.01453327257276232,-0.0007389799613204424,1,1,0.15543211853238445,-0.5313265921939123,1,1,0.05961105021369017,,-1,53,-1,-0.029559198453075336,-1,-1,-1,1,50,-1,1,1,2,50,0,0,1,1,0,0,1,1,3.8854,0,8,6,2,8,4.680206421737208e-05,0.00019213478994488327,0.00010838372766126502,0.002081460224403537,NEUTRAL,4.680206421737208e-05,0.0,0.00022662052147354395,0.0,0.00022662052147354395,2.4632665378094855e-06,0.0021824541524515973,0.0009187984185828872,NO_SETUP,,NO_SETUP
2026-08-02T09:00:00+00:00,PAXGUSD,15m,546,0.0,0.00024632665376974694,0.0,0.00024632665376974694,0.0,0,0,0.004593480746822656,0.06530443755809756,0.08310399394570248,0.4302009946181897,0.15040342205741747,0.37757780139736496,0.14639534146402888,0.18099704367841696,0.0007851051319887982,0.0006729942811171502,-4.008080593388621e-05,0,56.88518473855298,6.885184738552979,1.0207656031884653,1.5176395340047866,-0.49687393081632125,0.02328522334434613,50.37402744783692,0.6780837953037478,0.0167030112276612,0.20317283616746315,0.0006368014605790532,0.44,1,1,20,1,53,1,1,0.01453327257276232,-0.0007389799613204424,1,1,0.15543211853238445,-0.5313265921939123,1,1,0.05961105021369017,,-1,55,-1,-0.029559198453075336,-1,-1,-1,1,50,-1,1,1,2,50,0,0,1,1,0,0,1,1,3.9887,0,9,6,2,8,3.694899806635817e-05,0.00011823679381227894,-0.00023647358762455788,0.0014607170568891002,NEUTRAL,4.680206421737208e-05,0.0,0.00022662052147354395,0.0,0.00022662052147354395,0.00028820218491743693,0.0021824541524515973,0.0009187984185828872,NO_SETUP,,NO_SETUP
2026-08-02T09:30:00+00:00,PAXGUSD,15m,548,0.004679987388666908,0.0,0.0,0.004679987388666908,1.0,1,0,0.00799429458493392,0.07155306566528452,0.08120670505314254,0.4045723137551249,0.1490863783556157,0.3665346565526306,0.148123200296954,0.17930357978093525,0.0007321241046820861,0.0006787967330247315,-9.631780586616932e-06,0,58.214505211635384,8.214505211635384,0.8558026946789141,1.2905597536786995,-0.43475705899978534,0.07982792649561876,49.21886093602772,0.5989089867669953,0.01475203423698952,0.3014948735827041,0.0005446743406731979,0.37,1,1,22,1,55,1,1,0.019212579806105662,-0.11515232127373805,1,1,0.1601048317175061,-0.5266217387877381,1,1,0.05492827303539101,,-1,57,-1,-0.024877827697648635,-1,-1,-1,1,50,-1,1,1,2,50,0,0,1,1,0,0,1,1,5.0121,0,9,6,2,8,-2.4631512572013624e-05,-4.679987388666907e-05,-0.00020690470560419757,0.0015173011744304835,NEUTRAL,0.0,2.709466382914778e-05,0.00017981004177504978,4.9263025143915235e-05,0.00017981004177504978,0.0009655552928194394,0.00213555213998583,0.0009655552928194394,NO_SETUP,,NO_SETUP
2026-08-02T10:00:00+00:00,PAXGUSD,15m,550,0.0,0.00024631573243752273,0.0,0.00024631573243752273,0.0,0,0,0.0063212414431890775,0.09208765692801535,0.07472596542753056,0.38768094014858434,0.14299934147724563,0.3594143876948692,0.14494663301482485,0.17941588235225936,0.0006840472398434149,0.0006827337604971505,1.9472915375792376e-05,1,58.10515149012506,8.10515149012506,0.7309435863285216,1.0987545325687778,-0.3678109462402561,0.10575111606430765,48.397683989945065,0.5177837692021842,0.012753828835251332,0.33605176888120003,0.0005205369827868227,0.32,1,1,24,1,57,1,1,0.0020936837256741387,-0.11539892064445914,1,1,0.1598589103484575,-0.5268693516723688,1,1,0.05517472406480657,,-1,59,-1,-0.025124204708089664,-1,-1,-1,1,50,-1,1,1,2,50,0,0,1,1,0,0,1,1,4.8677,0,10,6,2,8,0.00014778943945926531,9.359997832424243e-05,-1.4778943945915329e-05,0.0014286312481064927,NEUTRAL,0.00018227364199984643,2.4631573243192215e-05,0.00018227364199984643,4.6799989162121214e-05,0.0010616208067825365,0.0009630945138096557,0.0021380205575111007,0.0009630945138096557,NO_SETUP,,NO_SETUP
2026-08-02T10:30:00+00:00,PAXGUSD,15m,552,0.00024631815931903565,0.0,0.0,0.00024631815931903565,0.0,0,1,0.0043468188945461105,0.06717379626115871,0.06806191155590158,0.35440289784537526,0.13644200829931882,0.34355459403923305,0.14110968423172654,0.1749716184499448,0.0006371509266135547,0.0006838009674341725,4.66767593240769e-05,1,57.62985231107539,7.629852311075389,0.6190199781440242,0.9346764780982731,-0.31565649995424894,0.08375343824518244,47.44940234291253,0.45048702548558434,0.011096313491229456,0.3548838775466482,0.0004489295030820588,0.3,1,1,26,1,59,1,1,0.0011084317169132581,-0.000615795398286388,1,1,0.15887521275730562,-0.5278598154091786,1,1,0.05616054032351919,,-1,61,-1,-0.02610972488725772,-1,-1,-1,1,50,-1,1,1,2,50,0,0,1,1,0,0,1,1,4.8045,0,10,6,2,8,-3.6947723897071264e-05,8.867453735294863e-05,-7.3895447793470456e-06,0.002283369336837615,NEUTRAL,0.00019212816426470336,3.6947723897071264e-05,0.00019212816426470336,3.6947723897071264e-05,0.0010714839930143947,0.0009532512765438337,0.002283369336837615,0.0009532512765438337,NO_SETUP,,NO_SETUP
2026-08-02T11:00:00+00:00,PAXGUSD,15m,554,0.016993274111363935,0.003447910689270039,0.0,0.020441184800633973,0.8313253012045024,1,0,0.017924572462921454,0.10723297154254396,0.07800865078890565,0.34846649662722484,0.14654486558272645,0.34081154555269677,0.15391087472284246,0.1768889646855314,0.0006008407832598419,0.000685362147938208,7.366009140116e-05,1,63.248679754963284,13.248679754963284,0.5725848794040758,0.8032276804901572,-0.23064280108608148,0.11001291684168812,47.16485578341394,0.4550117719748508,0.011205999659515147,0.7897983418947495,0.0003824659026651385,0.32,1,1,28,1,61,1,1,0.016870134443887606,-0.10060510832596636,1,1,0.1746120484776167,-0.5120147373554136,1,1,0.040389810931362624,,-1,63,-1,-0.010343732067798915,-1,-1,-1,1,50,-1,1,1,2,50,0,0,1,1,0,0,1,1,4.8088,0,11,6,2,8,-0.00010836290737681837,-8.373497388200037e-05,0.00023889095489892812,0.0018076903185130998,NEUTRAL,2.462793349526597e-06,0.00019456067460834535,2.462793349526597e-06,0.00019456067460834535,0.0009136963326544323,0.0011107198006121922,0.0023568932354455473,0.0011107198006121922,NO_SETUP,,NO_SETUP
2026-08-02T11:30:00+00:00,PAXGUSD,15m,556,0.007635223502694382,0.0,0.0,0.007635223502694382,0.0,0,1,0.00798881477868572,0.18007052772554744,0.06491644902413832,0.3610796072289304,0.13356636436868047,0.3475927808999586,0.14355895291856557,0.18357169106002402,0.0005692763424545261,0.0006864991534454214,9.992588549885094e-05,1,58.91238065407836,8.912380654078362,0.540073795401895,0.7135085759502938,-0.17343478054839878,0.12171760879798388,47.78991681059536,0.44365810950892726,0.010927189757690695,0.6087459761030322,0.00037032421512437247,0.31,1,1,30,1,63,1,1,0.005172248179246388,-0.10800146793328695,1,1,0.16723602446227,-0.519441495715658,1,1,0.047781721274935886,-0.011822281552561573,-1,65,-1,-0.0004925950646895989,-1,-1,-1,1,50,-1,1,1,2,50,0,0,1,1,0,0,1,1,2.3526,0,11,6,2,8,7.388925970287981e-06,-0.00035466844657684716,0.00041131687901620705,0.0026969579791779616,NEUTRAL,7.635223502694382e-05,0.00012068579084911973,7.635223502694382e-05,0.0004063909283693111,0.0009876531047034857,0.0010369126111725575,0.0027265136830593377,0.0010369126111725575,NO_SETUP,,NO_SETUP
2026-08-02T12:00:00+00:00,PAXGUSD,15m,558,0.0,0.008621432882142772,0.00024632665378094854,0.00886775953592372,0.02777777777837428,0,0,-0.0031171989075705524,0.005046395711815421,0.049026646993824995,0.27296122143661705,0.1169888844355611,0.30318369234373677,0.12914578329166423,0.1643930233822175,0.0005214384590139555,0.0006796223744173611,0.00012156898856103126,1,52.68434804845813,2.6843480484581335,0.41101429820264457,0.614091129574659,-0.20307683137201438,-0.01763519376095868,45.15426652587301,0.44141949238270656,0.01087333864699436,0.3113612369031611,0.00035254564004489535,0.3,-1,1,32,-1,1,1,1,0.01453327257276232,-0.010222556131685333,1,1,0.15543211853238445,-0.5313265921939123,1,1,0.05961105021369017,0.0,-1,67,-1,-0.012316332688778589,-1,-1,-1,1,75,-1,1,0,2,45,0,0,1,1,0,0,1,0,,0,12,6,2,8,0.00010838372766126502,-0.00016011232495414407,0.000500043107164348,0.00398802852462652,NEUTRAL,0.00019459805648269275,2.4632665378094855e-06,0.00019459805648269275,0.0009187984185828872,0.0011060066754522634,0.0009187984185828872,0.0057221681672065365,0.0009187984185828872,NO_SETUP,,NO_SETUP
2026-08-02T12:30:00+00:00,PAXGUSD,15m,560,0.005172146268297363,0.005664731627182293,0.005418438947734229,0.016255316843213886,0.6515151515150471,1,0,0.009205895439852315,0.04635317199972633,0.05818657421104623,0.2690503239791724,0.12574276810875196,0.2998650493736932,0.14014370329084583,0.16543026457156884,0.0004898067877119392,0.0006755619389770572,0.00014400935182093874,1,58.734073077299314,8.734073077299314,0.3813772997027627,0.5312185067786768,-0.14984120707591408,0.04475174705461149,43.63786961037105,0.4509688480238479,0.011107032592497627,0.8481129556757515,0.0002455262380136535,0.34,-1,1,34,-1,3,1,1,0.028323658135911468,-0.10602899850007355,1,1,0.1692030707771246,-0.5174609195090948,1,1,0.04581043837634327,-0.013792390048789236,1,1,1,0.0014777560766547895,-1,-1,-1,1,75,-1,1,1,2,50,0,0,1,1,0,0,1,1,2.6611,0,12,6,2,8,-2.955512153309579e-05,-0.00010836877895479657,0.0008398580368995334,0.00142603461397316,NEUTRAL,0.0,2.955512153309579e-05,0.0009679302302097271,0.0010565955948091264,0.0009679302302097271,0.0010565955948091264,0.005583455042965776,0.0010565955948091264,NO_SETUP,,NO_SETUP
2026-08-02T13:00:00+00:00,PAXGUSD,15m,562,0.0002462963190956869,0.0,0.001477777914607722,0.0017240742337034088,0.8571428571456413,0,1,0.0063050799952306625,0.09712810678456663,0.05233977216931122,0.27385229829815216,0.119389335793419,0.3011741347818315,0.13591973711203398,0.1687706716984394,0.0004603469217408056,0.0006704956362410778,0.00016530401318614964,1,57.830787434311596,7.8307874343115955,0.35361605189063994,0.4696813162294473,-0.11606526433880737,0.06558401976920769,42.80942811880082,0.39782518018380364,0.009798287752516621,0.7462740980750825,0.00025603924233301526,0.22,-1,1,36,-1,5,1,1,0.0019703705528214964,-0.10750834328780419,1,1,0.16772779330812765,-0.5189463443468877,1,1,0.04728889326749191,-0.012314815955075551,1,3,1,0.0016009260741611656,-1,-1,-1,1,75,-1,1,1,2,50,0,0,1,1,0,0,1,1,1.9053,0,13,6,2,8,-0.0006773148775291553,-9.605556444955794e-05,0.0017339260864746287,0.000987648239597001,NEUTRAL,2.462963190956869e-06,0.0010418334297993962,0.0009827223132149751,0.0010418334297993962,0.0020590372276886636,0.0010418334297993962,0.00559831533317735,0.0010418334297993962,NO_SETUP,,NO_SETUP
2026-08-02T13:30:00+00:00,PAXGUSD,15m,564,0.0,0.0002462999588620826,0.0,0.0002462999588620826,0.0,0,0,0.003951659419658699,0.06250169285567608,0.04695173121469148,0.24552839992838926,0.11328970267429751,0.28564922017449135,0.13178175552012278,0.16355009455037361,0.00043000071795032787,0.0006633797145960601,0.00018492052845825292,1,56.82998261137715,6.829982611377147,0.31314027899270513,0.4165119829947115,-0.10337170400200635,0.02671179385610445,41.88794225666203,0.34837987475028426,0.008580594882140156,0.6508150263211423,0.0002482444640120539,0.14,-1,1,38,-1,7,1,1,0.0004925999177465662,-0.10898773179904206,1,1,0.16625247223583714,-0.5204318130878899,1,1,0.048767391855846005,-0.010837198190189246,1,5,0,0.00012314997943664154,-1,-1,-1,1,75,-1,1,1,2,50,0,0,1,1,0,0,1,1,1.8928,0,13,6,2,8,3.940799341882926e-05,0.00032265294611694454,0.001972862670531876,0.0018373976931545942,NEUTRAL,0.0009975148334149557,0.0010270708284791895,0.0009975148334149557,0.0010270708284791895,0.002073845653667794,0.0010270708284791895,0.005613176062599589,0.0010270708284791895,NO_SETUP,,NO_SETUP
2026-08-02T14:00:00+00:00,PAXGUSD,15m,566,0.03449388842212859,0.0017246944210991468,0.005174083263319849,0.041392666106547585,0.12500000000003383,0,1,-0.027972835278218554,-0.0873398840799382,0.01021521138859107,0.16948623153712106,0.07507410933120297,0.24556102410861058,0.09506617128833765,0.14579013624143045,0.0003818804666680963,0.000648588979426119,0.00019992061957134683,1,37.777419525396105,-12.222580474603895,0.16392577100896233,0.3463885846938537,-0.18246281368489137,-0.07315718474795435,40.283306579626256,0.42105203486118714,0.010374087078865031,-0.3359797783477925,0.0003600466822637677,0.24,-1,-1,0,-1,9,1,1,0.029689382534768164,-0.14351921432777123,1,1,0.13181593075598058,-0.02771830319634033,1,1,0.08327810204770773,0.023652952060887536,1,7,-1,-0.03437069596347545,-1,-1,-1,1,50,-1,1,0,2,50,0,0,1,1,0,0,1,1,0.7698,0,14,6,2,8,0.000263631861512006,0.0007662570928058382,0.001697592080203187,0.002453993776316998,NEUTRAL,0.0013427977992898738,0.0006824862209234955,0.0013427977992898738,0.0006824862209234955,0.002419499887894903,0.0006824862209234955,0.005960051149508845,0.0006824862209234955,NO_SETUP,,NO_SETUP
2026-08-02T14:30:00+00:00,PAXGUSD,15m,568,0.03966494210396963,0.0,0.0,0.03966494210396963,1.0,1,0,-0.013248148271242561,-0.40709682120859725,0.017964300266018324,0.012355417885828501,0.08022779006205472,0.16213543743651826,0.10105104278895277,0.1055576640505933,0.00031212448537260885,0.000622634897960364,0.0002082325272689804,1,46.2644062146605,-3.7355937853395034,-0.07653091858946937,0.19954450009451552,-0.2760754186839849,-0.17804463916544505,42.040398179948035,0.6617744586303171,0.016303879246866645,0.22171152577448436,0.0006704823111906038,0.43,-1,-1,2,-1,11,1,1,0.1076619857107635,-0.009608277900968895,1,1,0.13944321261394074,-0.020078837151998024,1,1,0.07563439270756747,0.01601379650160362,1,9,-1,-0.02328159645232099,-1,-1,-1,1,35,-1,1,-1,2,50,0,0,1,1,0,0,1,1,0.4429,0,14,6,2,8,0.0003941857600393962,0.0006602611480659858,0.0017245627001724563,-0.0006159152500615915,NEUTRAL,0.0012663217541266007,9.115545700908866e-05,0.0012663217541266007,9.115545700908866e-05,0.002342941611234348,9.115545700908866e-05,0.005883222468588349,0.0007366346390736097,NO_SETUP,,NO_SETUP
2026-08-02T15:00:00+00:00,PAXGUSD,15m,570,0.012069649265850933,0.0,0.02463193727723492,0.036701586543085855,0.6711409395972089,0,1,0.0036643506480945305,0.026888996697834955,0.03364252386192783,0.16312393631005762,0.09506067833255301,0.23298788572810736,0.11750584559537038,0.14241749100438028,0.0002997817321383329,0.0006141815447062518,0.00022445167262817372,1,51.875727069788745,1.875727069788745,0.017381185977228597,0.1307975259160304,-0.11341633993880179,0.19788457977456625,39.53246211123142,1.0424994056557337,0.025678779971666715,0.49818498105897735,0.000678557848198393,0.76,1,-1,4,1,1,1,1,0.12660815760498434,-0.116878542380477,1,1,0.1583833566926165,-0.5283550545966957,1,1,0.05665345573764479,-0.0029558324732655017,1,11,1,0.04261325148961685,-1,-1,-1,1,50,-1,1,0,2,50,0,0,1,1,0,0,1,1,1.3063,0,15,6,2,8,0.00040396377134662125,0.0009483295851735219,0.0014434315244459975,-0.0020961778622926334,NEUTRAL,0.0004532276459011583,2.463193727665245e-06,0.0009483295851735219,2.463193727665245e-06,0.0021528313180303902,2.463193727665245e-06,0.005692440704769021,0.0021971688051293727,NO_SETUP,,NO_SETUP
2026-08-02T15:30:00+00:00,PAXGUSD,15m,572,0.0,0.000246319979500353,0.0,0.000246319979500353,0.0,0,0,0.002797987142313306,0.04083203584559669,0.030828329291962275,0.16000021956233468,0.09109673768808335,0.22890052622506118,0.11493789599370907,0.14220873397380274,0.0002803034214964897,0.0006026840839612107,0.00023841158305625725,1,51.79779505188771,1.7977950518877108,0.04291000495959452,0.09739627298255546,-0.05448626802296094,0.10708528875217777,37.370007031572705,0.9002673446725133,0.02217538338898145,0.495825314506218,0.0006785353637760888,0.53,1,-1,6,1,3,1,1,0.12636214948667185,-0.11712515025517897,1,1,0.15813742684296786,-0.5286026760202582,1,1,0.0568999152659257,-0.002709519774571091,1,13,-1,-0.0066506394466551485,-1,-1,-1,1,75,-1,1,0,2,50,0,0,1,1,0,0,1,1,1.406,0,15,6,2,8,0.0008202455317555538,0.00183015744773086,0.0022907758094073854,-0.00264793977969141,UP,0.0009212367233530508,0.0,0.002155299820679055,0.0,0.0022907758094073854,0.0,0.005694917926182801,0.0031405797387037654,NO_SETUP,,NO_SETUP
2026-08-02T16:00:00+00:00,PAXGUSD,15m,574,0.015019451420695508,0.0,0.00024622051508749524,0.015265671935783001,1.0,1,0,0.03704175789242046,0.2611346143771698,0.0664636960602942,0.24328355523630307,0.12666843654100576,0.26851034776336746,0.15239108457236802,0.16388772738537227,0.0002942193816787375,0.0006020474048071154,0.00025722648031362253,1,62.820073711690966,12.820073711690966,0.2394039473047087,0.12910341686892365,0.11030053043578505,0.18941927414672388,36.95791417604996,0.8891080676002717,0.021891664637816312,0.9915423397302745,0.0007701965280649433,0.51,1,-1,8,1,5,1,1,0.027699807947998225,-0.07669769045156305,1,1,0.1984537351652126,-0.48800906091495944,1,1,0.01649677451125407,-0.043088590141330575,1,15,1,0.03373221056779301,-1,-1,-1,1,75,-1,1,0,2,60,0,0,1,1,0,1,1,1,1.3627,0,16,6,2,8,0.0001723543605652775,0.001649677451125183,0.001568424681144406,-0.00206825232678389,UP,0.0005170630816959445,0.0,0.0017506278623135192,0.0,0.0021174964298025086,0.0,0.005288816664204466,0.0035431132121928085,NO_SETUP,,NO_SETUP
2026-08-02T16:30:00+00:00,PAXGUSD,15m,576,0.009355458171256811,0.0,0.0002461962676699561,0.009601654438926768,1.0,1,0,0.03920792451468283,0.47022584079422813,0.07079941206753082,0.333803850874574,0.13133761396500704,0.31377021060916377,0.15910624074848786,0.18883735284225622,0.00031591487552848,0.000605382018974762,0.0002776862678348084,1,65.15534178788042,15.155341787880417,0.43284255482285516,0.22240211184470898,0.21044044297814618,0.1939123978684585,37.33528905612805,0.8084146093084233,0.019902865953725524,0.9805856531327407,0.0009248270684074129,0.39,1,-1,10,1,7,1,1,0.009724752572761744,-0.06684228667092645,1,1,0.20828204244423745,-0.47811315180462044,1,1,0.006647299226943271,-0.052932197547887416,1,17,1,0.0435767393766418,-1,-1,-1,1,75,-1,1,0,2,60,0,0,1,1,0,1,1,1,1.2308,0,16,6,2,8,0.001395932837658087,0.000930621891772058,0.00228470136392726,-0.0011152690925206065,NEUTRAL,0.0016519769560293554,4.185336550299689e-05,0.0016519769560293554,4.185336550299689e-05,0.002314244916046983,4.185336550299689e-05,0.0051898173223693745,0.0036412427987591615,NO_SETUP,,NO_SETUP
2026-08-02T17:00:00+00:00,PAXGUSD,15m,578,0.036438124125977876,0.0002462035413971135,0.0,0.03668432766737499,0.0,0,1,0.026686545594777393,0.5562619694483146,0.06132208905932033,0.3824002483465847,0.12267895146126759,0.3396159037529287,0.15272238471195052,0.20443325684800584,0.0003463554346454293,0.0006135686240194727,0.00030043433250682945,1,58.958168984601826,8.958168984601826,0.6282971749951685,0.3655000691519358,0.2627971058432327,0.10004276891823749,39.14740903786424,0.9168983110873843,0.022574361128581875,0.796494768420227,0.0011716588977170816,0.56,1,-1,12,1,9,1,1,-0.0004924070827830309,-0.06979870398455901,1,1,0.20533375352070304,-0.4810817198794691,1,1,0.009601938114285898,-0.04997931890251683,1,19,1,0.04062358432963924,-1,-1,-1,1,75,-1,1,0,2,50,0,0,1,1,0,0,1,1,1.1896,0,17,6,2,8,0.001312264875618065,0.0010635992988123546,0.003486242146107106,-0.00012802584152370002,NEUTRAL,0.001681570187705674,1.2310177069519794e-05,0.001681570187705674,1.2310177069519794e-05,0.005219515077504942,1.2310177069519794e-05,0.005219515077504942,0.0036118059522167226,NO_SETUP,,NO_SETUP
2026-08-02T17:30:00+00:00,PAXGUSD,15m,580,0.03765115832680579,0.0,0.00639823605554206,0.044049394382347846,1.0,1,0,0.06413837532671943,0.5316792992534829,0.10205887178721437,0.38508381248766455,0.16440692410679825,0.3426169466411011,0.19679062107776146,0.2086141779764148,0.0003792049646049495,0.0006234805231958388,0.000323836969709632,1,67.78102847241149,17.781028472411492,0.815317378994223,0.5040955774582023,0.31122180153602064,0.0016270781503463505,41.02632059392466,0.9589072172130775,0.02359736435033486,1.0351323851154404,0.0014149102140306653,0.57,1,1,0,1,11,1,1,0.047248512410118876,-0.022024697191173923,1,1,0.029407277255248002,-0.43311136375941567,1,1,-0.03814333033107739,-0.0976961428479976,1,21,1,0.09621962683518279,-1,-1,-1,1,75,-1,1,1,2,50,0,0,1,1,0,0,1,1,1.1909,0,17,6,2,8,0.0007333362863653635,0.000494632864293467,0.0005856846850837699,-0.0011910562503382922,NEUTRAL,0.0012033605504452503,0.0,0.0012033605504452503,0.0,0.0047396164011399245,0.0,0.0047396164011399245,0.004087488495479319,NO_SETUP,,NO_SETUP
2026-08-02T18:00:00+00:00,PAXGUSD,15m,582,0.006884359963506631,0.0,0.004671529975242233,0.011555889938748863,0.40425531914922436,0,1,0.12371658076465553,1.4189030091392851,0.17489534260346853,0.7732357684662929,0.24202169777277988,0.5423574839742287,0.2786942423951617,0.31216875973495917,0.0005117876183881301,0.0006712635516931134,0.00036672544622381824,1,76.1350349804678,26.135034980467793,1.5139894561007168,0.8218081484627697,0.692181307637947,0.4490210759489016,45.409830507875995,1.1847210189235284,0.029128735537890495,1.0980888469289296,0.0024401027191526103,0.89,1,1,0,1,13,1,1,0.046223559755017816,-0.11740292437776674,1,1,0.11715705437906447,-0.3449556081717402,1,1,-0.1258854393328045,-0.1853859790174534,1,23,1,0.11371487439731115,-1,-1,1,1,75,-1,1,1,2,50,0,0,1,1,0,0,1,1,1.3052,0,18,6,2,8,-0.0006908946963382447,0.0004597768975631556,-0.0007449860960516229,-0.0009146363951524898,NEUTRAL,0.0002557047986447556,0.0006933533963252673,0.0004597768975631556,0.0006933533963252673,0.0038577002795542018,0.0012195151935365785,0.0038577002795542018,0.00496165657370318,NO_SETUP,,NO_SETUP
2026-08-02T18:30:00+00:00,PAXGUSD,15m,584,0.02703964995943829,0.00319559499520929,0.0,0.03023524495464758,0.8943089430893437,1,0,0.12187104193028678,1.513614481404602,0.1830695675018411,0.8662126413255464,0.25449165926960365,0.5993653269711103,0.29530474870760715,0.34565171788426596,0.0006119852557155435,0.0007142209176776256,0.0004081308943800345,1,77.32281986415418,27.322819864154184,1.925519236429409,1.1841631465244644,0.7413560899049445,0.16268711352462262,49.36611488757273,1.121978837745292,0.027579922758666008,0.9957914223342275,0.003024217373305728,0.84,1,1,2,1,15,1,1,0.06858238489712552,-0.09500749735749457,1,1,0.13950001229074327,-0.3225092795162446,1,1,-0.14822644477765407,-0.207713674688425,1,25,1,0.07448194488827083,-1,-1,1,1,75,-1,1,1,2,50,0,0,1,1,0,0,1,1,1.647,0,18,6,2,8,-0.000508837049236673,-8.111894987830369e-05,-0.00013519824979713556,-0.0003834713994247795,NEUTRAL,-2.4581499962546477e-06,0.0009168899486246695,0.0004670484992994496,0.0009168899486246695,0.003633145694550331,0.0014429340478355722,0.003633145694550331,0.005184238342223566,NO_SETUP,,NO_SETUP
2026-08-02T19:00:00+00:00,PAXGUSD,15m,586,0.025334638600155456,0.0,0.0,0.025334638600155456,0.0,0,1,0.04692336402573076,1.0520064122156327,0.11093454261421416,0.7212981744801255,0.18462388506312594,0.5360944583517266,0.228633131786844,0.31876621073570277,0.0006401117858848339,0.0007368934244891179,0.00044009246723718026,1,61.85086920110218,11.850869201102178,1.874823118776476,1.4456626593210031,0.42916045945547276,-0.27890344288636015,50.985075274769294,1.140481752953863,0.028052129166167263,0.7300114804587793,0.0031039219619950604,0.83,1,1,4,1,17,1,1,0.006641118856349693,-0.03013100221863458,1,1,0.07760270367327037,-0.38469295893821615,1,1,-0.086334545132546,-0.14585864747464905,1,27,1,0.015987878728241388,-1,-1,1,1,75,-1,1,1,2,50,0,0,1,1,0,0,1,1,1.0072,0,19,6,2,8,0.000327136595516489,0.0013528205077750284,0.0007551198107035561,-0.0027843505723659867,NEUTRAL,0.0004919347301000104,0.00029762051171051523,0.0013823365915810021,0.00029762051171051523,0.004255235415365134,0.000823990672917495,0.004255235415365134,0.004567613968978524,NO_SETUP,,NO_SETUP
2026-08-02T19:30:00+00:00,PAXGUSD,15m,588,0.04008853910477396,0.0,0.0,0.04008853910477396,1.0,1,0,0.05029608913470664,0.4834791719044915,0.11343028721645251,0.5021441433787004,0.18806397978587117,0.4309873332326788,0.23460022648449544,0.26983739787010563,0.0006313419808174587,0.0007463369256941867,0.0004653624669862426,1,61.308825559833586,11.308825559833586,1.663584160436585,1.5291009078088347,0.1344832526277504,-0.4823543391029306,49.35564630472179,1.1800582461694125,0.029022583526055398,0.7306270241107381,0.002797385945420318,0.88,1,1,6,1,19,1,1,0.01696999508116219,-0.0020905066404337523,1,1,0.08792424987702455,-0.37432365961633685,1,1,-0.0966551893753034,-0.15617314313821715,1,29,1,0.026315789473677055,-1,-1,1,1,75,-1,1,1,2,50,0,0,1,1,0,0,1,1,0.7295,0,19,6,2,8,0.00044269552385641463,0.002420068863748191,-0.002336448598130841,-0.001443679291687135,UP,0.000983767830791933,0.0002484013772750168,0.0041515002459419845,0.0002484013772750168,0.0041515002459419845,0.0024569601574027993,0.0041515002459419845,0.004670437776684648,NO_SETUP,,NO_SETUP
2026-08-02T20:00:00+00:00,PAXGUSD,15m,590,0.0029515720810770005,0.009346644923421688,0.015741717765766373,0.02803993477026506,0.5614035087720558,0,1,0.03287829725738364,0.5535963289285064,0.09594617095863034,0.5295071465789079,0.17177129722834283,0.44757443907565175,0.22095832417245273,0.28136508485113154,0.0006306787370124669,0.0007582512626971252,0.000491870269441099,1,59.31354633549916,9.313546335499161,1.540092643700973,1.546259357212836,-0.006166713511863042,-0.20543645483543793,48.747826232671216,1.2388767530746783,0.030471950302282263,0.6555342227469194,0.0026412589520466976,0.92,1,1,8,1,21,1,1,0.007870858882883186,-0.15581840944699926,1,1,0.0788315709988348,-0.38345840620027266,1,1,-0.08756330507202931,-0.14708667537380476,1,31,1,0.01721750380629369,-1,-1,1,1,75,-1,1,1,2,50,0,0,1,1,0,0,1,1,0.9645,0,20,6,2,8,0.0005829354860132109,9.100680583326344e-05,-0.0035345075670928957,-0.0007132965862609462,NEUTRAL,0.0010748641661931584,0.0,0.004242884866552047,0.00035910793653137063,0.004242884866552047,0.003635352946529861,0.004242884866552047,0.004579856012475284,NO_SETUP,,NO_SETUP
2026-08-02T20:30:00+00:00,PAXGUSD,15m,592,0.046939588012952733,0.0,0.00024575700530880053,0.047185345018261535,1.0,1,0,0.10044731229825746,0.8201548180118152,0.16829762827159966,0.6419018296560353,0.24691158964355125,0.5076871951159774,0.2995464627821178,0.3149075202395579,0.0006785031597334221,0.000786139613719516,0.000526348731385665,1,69.39743878771328,19.397438787713284,1.729340227483135,1.5850750365217323,0.14426519096140278,0.06946467983353455,48.996075950488446,1.3066845472939723,0.032112688121924284,0.9195418337324164,0.0025079946896600916,0.99,1,1,0,1,23,1,1,0.059596073786076564,-0.07139241004065312,1,1,0.10051461516909779,-0.298840518448986,1,1,-0.17178414670709652,-0.23125734199052986,1,33,1,0.10948474586267903,-1,-1,1,1,75,-1,1,1,2,50,0,0,1,1,0,0,1,1,6.5885,0,20,6,2,8,0.001007603721744066,-0.0012042093259868596,-0.004927427956333828,-0.0019070743611546066,NEUTRAL,0.0013074272682143207,0.0008331162479786173,0.003396361813293528,0.0016785203462224513,0.003396361813293528,0.0054189419669407,0.003396361813293528,0.0054189419669407,NO_SETUP,,NO_SETUP
2026-08-02T21:00:00+00:00,PAXGUSD,15m,594,0.0007375048245156459,0.0,0.05162533771574866,0.0523628425402643,0.9859154929576532,0,1,0.056228269075840304,0.9402627875333565,0.12610390809107175,0.708030101116492,0.20682145473171612,0.5469289480770385,0.2626160958105979,0.3386062896711337,0.0006987563901523146,0.0008071754664064437,0.0005579464107888181,1,62.89895908723984,12.898959087239838,1.729299498169894,1.6389941445939187,0.09030535357597524,0.07930782730179398,47.80830795763003,1.5328555535340913,0.03768294553364845,0.7463292829347024,0.0023051754388830202,1.0,1,1,2,1,25,1,1,0.060475395609880515,-0.10312775796075403,1,1,0.06883378362099449,-0.330647996322316,1,1,-0.14012591665703367,-0.19961797250090074,1,35,1,0.07780675898588081,-1,-1,1,1,75,-1,1,1,2,50,0,0,1,1,0,0,1,1,1.1714,0,21,6,2,8,-0.0006072123055137828,-5.408368713073746e-05,-0.003630982086007808,-0.0022002227264569575,NEUTRAL,0.0037145659661190597,0.0008850057894128501,0.0037145659661190597,0.0013619255759298003,0.0037145659661190597,0.005103533385614173,0.0037145659661190597,0.005103533385614173,NO_SETUP,,NO_SETUP
2026-08-02T21:30:00+00:00,PAXGUSD,15m,596,0.07590123505310989,0.002947620778758729,0.0,0.07884885583186861,0.962616822429941,1,0,0.11906574561293165,0.9907366582756367,0.19421659386932255,0.7422761525490387,0.27813558596209625,0.5698588981572357,0.33764715707984483,0.3540958807275274,0.0007515084825639089,0.0008391899209277373,0.0005951157111774854,1,71.41838448272144,21.418384482721436,1.9355411419128359,1.7109692533492011,0.22457188856363475,0.09920080985086566,47.91924267181667,1.654451982383986,0.04063914200615036,1.0254978704382482,0.0022580406031487785,1.0,1,1,0,1,27,1,1,0.07823476816962441,-0.02173870324337076,1,1,0.15008302465192708,-0.24907395580534716,1,1,-0.22131719347199671,-0.28076087917702025,1,37,1,0.07970857855900378,-1,-1,1,1,75,-1,1,1,2,50,0,0,1,1,0,0,1,1,1.7284,0,21,6,2,8,-0.001844719337374791,-0.0005968932076991452,-0.0033922202462245755,-0.003605922752684751,NEUTRAL,0.0028984937657820977,0.001844719337374791,0.0028984937657820977,0.0021738703243365173,0.0028984937657820977,0.005912436012065523,0.0028984937657820977,0.005912436012065523,NO_SETUP,,NO_SETUP
2026-08-02T22:00:00+00:00,PAXGUSD,15m,598,0.06967888827824806,0.17272513150663332,0.08513582476249802,0.3275398445473794,0.47265917602996166,1,0,0.19861862923062093,2.0221222984969245,0.2893563421626088,1.1957343492008476,0.3803999125542516,0.8073803608313028,0.44569568711611995,0.47819239555155946,0.0009073771293198793,0.0009104357039164276,0.0006529577456186838,1,79.18117921697275,29.18117921697275,2.6840344408929013,1.9917834554100295,0.6922509854828718,0.6289224390253789,50.77552517551481,2.598991760320892,0.06376579454347796,1.188987062280372,0.0029879406933865306,1.0,1,1,0,1,29,1,1,0.13825370966476158,-0.5706799089267541,1,1,0.2666934914029965,-0.13199733061160665,1,1,-0.3378444688702202,-0.3972187328256275,1,39,1,0.19640123262935025,-1,-1,1,1,75,-1,1,1,2,50,0,0,1,1,0,0,1,1,1.0236,0,22,6,2,8,-0.0013273337520610007,-0.00474503415246922,-0.0036017115490304553,-0.004148838030933576,DOWN,-9.813927926515538e-05,0.003339188976996184,3.680222972433565e-05,0.004865254769568954,3.680222972433565e-05,0.007073388553034448,3.680222972433565e-05,0.007073388553034448,NO_SETUP,,NO_SETUP
2026-08-02T22:30:00+00:00,PAXGUSD,15m,600,0.013526807673393555,0.014756517461876761,0.030496802754544562,0.05878012788981487,0.7489539748954221,1,0,-0.03364043781653619,0.4753427432146964,0.04500366585799047,0.6052280555290963,0.134185035462897,0.5217503104113348,0.20088231341337,0.3405395177405808,0.0007864410367452666,0.0008918136960490653,0.0006669727795047299,1,48.919451647009225,-1.0805483529907747,1.7681089679376782,1.9728302710285608,-0.20472130309088254,-0.6357271258513228,49.41837631445443,3.185712283133826,0.07835003155764451,0.3386684483654928,0.0026597864493492973,0.99,-1,1,1,-1,1,1,1,0.01696999508116219,-0.05078701426463488,1,1,0.08792424987702455,-0.37432365961633685,1,1,-0.0966551893753034,-0.15617314313821715,1,41,-1,-0.20351696999508342,-1,-1,1,1,75,-1,1,1,2,55,0,0,1,1,0,1,1,1,1.2223,0,22,6,2,8,0.0015322183964584402,-0.0036251844564682196,-0.00177570093457939,-0.0025873093949827794,DOWN,0.0015322183964584402,0.0009272011805213924,0.0024569601574027993,0.003726020659124469,0.0024569601574027993,0.004670437776684648,0.0024569601574027993,0.004670437776684648,NO_SETUP,,NO_SETUP
2026-08-02T23:00:00+00:00,PAXGUSD,15m,602,0.025589543718750333,0.0,0.02189874414392821,0.047488287862678544,1.0,1,0,-0.06336029345449697,-0.7767375730145432,0.0003164124238602361,0.05167726310128273,0.0857649986558755,0.24055825824370913,0.15275938310834017,0.20157831345886734,0.000636767058783572,0.0008544858623201527,0.0006699438445246466,1,45.64571893875842,-4.354281061241579,0.881544541835865,1.6393401147173094,-0.7577955728814445,-0.8867041384464514,47.18313134522652,3.045894774742919,0.07494524759711524,0.22533276074179578,0.0028992609637496828,0.97,-1,1,3,-1,3,1,1,0.060529113027047075,-0.0006151332624722193,1,1,0.04269024841540866,-0.4197669383095252,1,1,-0.05142514074248284,-0.11097004054957886,1,43,-1,-0.24888291799536033,-1,-1,1,1,75,-1,1,1,2,50,0,0,1,1,0,0,1,1,2.6903,0,23,6,2,8,-0.00047488287862678546,-0.0037277075705679985,-0.00016977678044172831,-0.001387740640132247,DOWN,0.0029108105980079346,0.0008734892327073066,0.0029108105980079346,0.004219814180543984,0.0029108105980079346,0.004219814180543984,0.0029108105980079346,0.004219814180543984,NO_SETUP,,NO_SETUP
2026-08-02T23:30:00+00:00,PAXGUSD,15m,604,0.07080429251022494,0.0,0.01081732246684256,0.08162161497706749,0.13253012048195575,0,1,0.010299536164215323,0.12493817719132494,0.07455813967673734,0.3706947745886282,0.16103355526259439,0.39592309470071996,0.23060446287425768,0.28082975152301515,0.0006425860351252202,0.0008647541558585704,0.0006957090761166328,1,51.845930095086814,1.845930095086814,0.9950953646634844,1.4211467713039994,-0.426051406640515,0.15011364572304697,46.89024098742694,3.2793174333242296,0.08062144124409606,0.5006215862041897,0.0029663869169766657,1.0,-1,1,5,-1,5,1,1,0.04707993755454668,-0.7756511905200963,1,1,0.12599722191491192,-0.3360745411857278,1,1,-0.13472483435975016,-0.19422010792737865,1,45,-1,-0.12304704306032155,-1,-1,1,1,75,-1,1,1,2,50,0,0,1,1,0,0,1,1,1.8386,0,23,6,2,8,-0.003127189585868706,-0.0035770918611941296,-0.0002483067202616362,-0.003810647687182702,DOWN,0.0020749591277303536,0.003176359233445212,0.0020749591277303536,0.0050497228061117784,0.0020749591277303536,0.0050497228061117784,0.0020749591277303536,0.005295571043994533,NO_SETUP,,NO_SETUP
2026-08-03T00:00:00+00:00,PAXGUSD,15m,606,0.08798987379105913,0.09241394565764476,0.017450505695993424,0.1978543251446973,0.08819875776398266,0,1,0.022978472150413317,0.6281239953887052,0.09044833174273012,0.5764468103752733,0.17894529538278217,0.5017882806751004,0.2516108715116801,0.337056978542023,0.0006746985959231681,0.0008849696364005204,0.0007266557612889793,1,52.54885243194108,2.5488524319410786,1.2204701986015607,1.3600012891083162,-0.1395310905067555,0.30719087650597054,47.64457864635674,3.766707378733643,0.09257880079961762,0.5536156969076915,0.003083342655694367,1.0,-1,1,7,-1,7,1,1,0.07410320376537359,-0.7484054907647567,1,1,0.15299915205289,-0.3089476853501816,1,1,-0.16172440490088671,-0.22120359332948275,1,47,-1,-0.09597778132796382,-1,-1,1,1,75,-1,1,1,2,50,0,0,1,1,0,0,1,1,3.7348,0,0,0,3,8,-0.0039914959507453916,-0.002796996546766153,-0.003536799675568032,-0.0038047018052671075,DOWN,0.0002580708588843295,0.005318717510722199,0.0002580708588843295,0.005318717510722199,0.0002580708588843295,0.005318717510722199,0.0002580708588843295,0.00556449928108829,NO_SETUP,,NO_SETUP
2026-08-03T00:30:00+00:00,PAXGUSD,15m,608,0.17995809195119394,0.07839270306914424,0.012079378774800488,0.2704301737951387,0.044667274384666424,0,1,-0.23848995678779988,-1.4423293371078216,-0.19806685256706752,-0.2851869312908093,-0.1180728428196136,0.06736662473258548,-0.04761259509458962,0.12145673144777902,0.00040423104220732386,0.000799940097474539,0.0007046024772502398,1,37.45688999985155,-12.543110000148452,-0.2790287942220857,0.917007978813475,-1.1960367730355608,-1.090985934759583,42.93303945278175,4.634303811254995,0.11424390019117453,-0.16276812148858555,0.004041562256245743,1.0,-1,-1,0,-1,9,1,1,0.046098853691603374,-0.27018365586096477,1,1,0.07789966720078527,-0.32010353753234744,1,1,0.1373104893381034,0.07765314926661139,1,49,-1,-0.3108591150006082,-1,-1,1,1,50,-1,1,0,2,50,0,0,1,1,0,0,1,1,0.1494,0,0,0,3,8,-0.0005102921237520433,0.00114877357327742,0.0008948601010723799,-0.0018242327129298882,NEUTRAL,0.001210403056822348,0.002339455195365409,0.0016738567730802327,0.002339455195365409,0.002778257118205345,0.002339455195365409,0.002778257118205345,0.002585973129545121,NO_SETUP,,NO_SETUP
2026-08-03T01:00:00+00:00,PAXGUSD,15m,610,0.09848787784540566,0.1520514605332626,0.010120308249786714,0.260659646628455,0.03882575757578706,0,1,-0.30895114146521163,-3.416283198856945,-0.3057903611166258,-1.2141614079309875,-0.23957084981171564,-0.42074695725841593,-0.17437955964859625,-0.1262466765156205,3.160780348585852e-05,0.0006621951130491014,0.000651912901631194,1,32.688135554013556,-17.311864445986444,-2.0671504782312695,-0.007211931011459949,-2.0599385472198097,-1.4840020790760056,37.776470676995025,4.992945633173936,0.1232442655661186,-0.11973848640473257,0.005895602882656218,1.0,-1,-1,0,-1,11,1,1,-0.01592097273439688,-0.39987559425955915,1,1,0.020487453286136343,-0.44986004354199566,1,1,0.26683056629295443,0.20709606394059807,1,51,-1,-0.4406036640452465,-1,-1,1,1,50,-1,1,0,2,55,0,0,1,1,0,0,1,1,0.9575,0,1,0,3,8,0.001088550228817665,0.0018562126350814268,0.0028312179420722935,-0.000824434867177161,UP,0.0016883636202069702,0.0010490563429649048,0.0031841945468816207,0.0010490563429649048,0.0040752753464353714,0.0010490563429649048,0.0040752753464353714,0.0012958931295448822,NO_SETUP,,NO_SETUP
2026-08-03T01:30:00+00:00,PAXGUSD,15m,612,0.06816481065741412,0.07977258638531438,0.04494925920163604,0.19288665624436455,0.23303457106276268,0,1,-0.3057702987879142,-3.703261303373438,-0.3368940108574745,-1.50313784715172,-0.28532478190349236,-0.5988825534846001,-0.2263175743275132,-0.22194882890789813,-0.000311237120695603,0.0005156922895398209,0.0005900720757597919,0,31.685283796371053,-18.314716203628947,-3.4127831205460097,-1.1170509112299296,-2.29573220931608,-0.6587911172361502,34.70632947994142,5.276213326563209,0.13030872550483227,-0.011530756453757403,0.007397092989243997,1.0,-1,-1,0,-1,13,1,1,0.14163956127548663,-0.4556669408077485,1,1,0.20992785890872087,-0.5056791660183466,1,1,0.32254798086445685,0.2627802845633839,1,53,-1,-0.4964176428311971,-1,-1,1,1,35,-1,1,-1,2,55,0,0,1,1,0,0,1,1,0.3218,0,1,0,3,8,0.00260310545046813,0.0035712433409647248,0.0030353098658684376,0.0011237314800407326,UP,0.003526788029666448,0.00015312385002762293,0.0038774910410198584,0.00015312385002762293,0.00463323133309124,0.00015312385002762293,0.00463323133309124,0.000740921854971956,NO_SETUP,,NO_SETUP
2026-08-03T02:00:00+00:00,PAXGUSD,15m,614,0.035529237601777806,0.09030347890451158,0.0414507772020685,0.16728349370835788,0.24778761061945417,0,1,-0.17250858443972433,-2.7021254660267005,-0.22113649399055557,-1.244980381012283,-0.17996626203661617,-0.5021868352810088,-0.12546911133103655,-0.1804548296727262,-0.0004862790955083127,0.00041170231953939414,0.0005449715070557962,0,39.1074453749847,-10.8925546250153,-3.660883178477434,-2.0087471877046794,-1.6521359907727544,0.49148772078504344,30.832611077233018,5.4349492458631685,0.13409694660407523,0.19000441532176368,0.00792532643026076,1.0,-1,-1,2,-1,15,1,1,0.23994571922033958,-0.35677276091783955,1,1,0.3081667900320696,-0.40673575129532874,1,1,0.22378485072785995,0.16407599309153936,1,55,-1,-0.20972119417715274,-1,-1,1,1,35,-1,1,-1,2,55,0,0,1,1,0,0,1,1,10.9847,0,2,0,3,8,0.0017764618800887781,0.0033407352578336946,0.001435973353071839,0.0002862077473476078,UP,0.00275351591413764,0.0007401924500370096,0.0034443622008388936,0.0007401924500370096,0.003644214162348873,0.0007401924500370096,0.003644214162348873,0.0017246484085861786,NO_SETUP,,NO_SETUP
2026-08-03T02:30:00+00:00,PAXGUSD,15m,616,0.039435383891136384,0.0,0.13974914166422428,0.17918452555536069,1.0,1,0,-0.05151638394444825,-1.367590234094223,-0.1052811957413229,-0.7869426738989205,-0.0708456408630253,-0.2969878612470893,-0.019307506582922344,-0.08301358159087613,-0.0005376481179687466,0.00034435554878297595,0.0005153813428010296,0,45.51648125938622,-4.483518740613782,-3.2491407255279228,-2.4992826201539957,-0.749858105373927,1.164791009752315,27.199413678197836,5.675798074239168,0.13989204746637932,0.36110423342982134,0.007808214473950743,1.0,-1,-1,4,-1,17,1,1,0.34493637347281164,-0.25115410115669046,1,1,0.4130856462596712,-0.3010645088939038,1,1,0.08133547927547789,0.058660133538071396,1,57,1,0.11621114690419151,-1,-1,1,1,35,-1,1,-1,2,55,0,0,1,1,0,0,1,1,1.3408,0,2,0,3,8,0.001069684788047171,-0.0007418781594519871,-0.00021442989990803937,-0.003411160706583527,NEUTRAL,0.0016981862188121255,0.0003697067239794246,0.0025879470678559723,0.0007418781594519871,0.0025879470678559723,0.001552768240713628,0.0025879470678559723,0.003936144254634224,NO_SETUP,,NO_SETUP
2026-08-03T03:00:00+00:00,PAXGUSD,15m,618,0.03668902481063986,0.01600527927981392,0.013050458489697526,0.0657447625801513,0.7565543071160774,1,0,0.03969480545511082,-0.0322450669114005,-0.007178809924176582,-0.2643480815190742,0.024796544727881502,-0.04949495422806649,0.07537222564457739,0.03778270724524191,-0.000468736153792874,0.0003197535465205808,0.000505756809166959,0,50.98329077137313,0.9832907713731274,-2.314007946523816,-2.5127117237595513,0.1987037772357354,1.4109874016590727,25.26374073046131,5.583417727277654,0.13748332317066195,0.5337202580285016,0.006569864012797751,0.98,1,-1,6,1,1,1,1,0.07276246195668054,-0.15512809148125617,1,1,0.5084754109663159,-0.20499069231450667,1,1,-0.014527868884744527,-0.03718149494232592,1,59,1,0.1750731318145474,-1,-1,1,1,50,-1,1,0,2,55,0,0,1,1,0,0,1,1,1.16,0,3,0,3,8,0.001026800224566398,-0.0002536221178184916,-0.0005491041968304668,-0.005564912488057577,NEUTRAL,0.0013936904726729086,0.0010785095883933788,0.0016276137852239577,0.002309684917609662,0.0016276137852239577,0.0025091353209427984,0.0016276137852239577,0.005564912488057577,NO_SETUP,,NO_SETUP
2026-08-03T03:30:00+00:00,PAXGUSD,15m,620,0.04533381952211479,0.009855178156985374,0.007145004163823079,0.062334001842923245,0.11462450592901005,0,1,-0.018502643807930527,0.15274270032887216,-0.062078288577010525,-0.16382150854542488,-0.03317986837164625,-0.005930795646690967,0.01610122660938783,0.058236998827396746,-0.0004357564476908,0.00028898420205364275,0.0004928109498103408,0,47.551603051623744,-2.4483969483762564,-1.794589889191684,-2.282550133494688,0.4879602443030038,0.7403804359609616,24.221146398179656,5.314018346479213,0.13092649383507393,0.46636439339913055,0.006331078943196493,0.93,1,-1,8,1,3,1,1,0.014166818600669975,-0.21385736600652994,1,1,0.4501352623202041,-0.2637492054262481,1,1,0.04410192225249862,0.021435012491435625,1,61,1,0.116537481706326,-1,-1,1,1,50,-1,1,0,2,55,0,0,1,1,0,0,1,1,1.1567,0,3,0,3,8,0.0005814555112619241,0.0009731988430020395,-0.0008130521979511533,-0.006617752132414205,NEUTRAL,0.0022149512907819052,0.0004927589078491566,0.0022149512907819052,0.001724656177472048,0.0022149512907819052,0.0019242235351510553,0.0022149512907819052,0.009308215769270618,NO_SETUP,,NO_SETUP
2026-08-03T04:00:00+00:00,PAXGUSD,15m,622,0.04552759095058925,0.03051579069121309,0.0,0.07604338164180234,0.5987055016180653,1,0,0.08329652594085413,0.4752383555983215,0.05102957684930363,-0.006034387549789244,0.07993925010590534,0.06778867482262285,0.12934824540118492,0.09405419149425143,-0.000322669490915505,0.00028909673256601715,0.0004940899529527958,0,54.454802202762835,4.454802202762835,-0.9433553755716275,-1.8750234065582891,0.9316680309866616,0.49898191423020966,22.648634783528642,5.192087247729497,0.1277747158888708,0.6556691728129617,0.006263244167576524,0.9,1,-1,10,1,5,1,1,0.05291044353717613,-0.09819193940155178,1,1,0.565034317959763,-0.14802619436097408,1,1,0.016980560949140872,,-1,0,1,0.15725476009420206,-1,-1,1,1,50,-1,1,0,2,55,0,0,1,1,0,0,1,1,1.0533,0,4,0,3,8,-0.0016512980285321615,-0.0005340263370960332,-0.0012181706767860519,-0.0071785936650201965,NEUTRAL,0.0010582088707435226,0.002876851557904845,0.0010582088707435226,0.002876851557904845,0.0010582088707435226,0.0030761885777426685,0.0010582088707435226,0.010451658311738441,NO_SETUP,,NO_SETUP
2026-08-03T04:30:00+00:00,PAXGUSD,15m,624,0.02975502515652216,0.010328190550199255,0.0,0.040083215706721416,0.7423312883435309,1,0,0.13249756361298504,1.422950218528058,0.11788042100835129,0.43455264724798326,0.14985813261124725,0.28988891304152276,0.2009836225776084,0.2057721352775843,-0.00014617142604633754,0.00031977711602895986,0.0005112548996636116,0,58.59158054226151,8.59158054226151,0.09309303091322363,-1.248438708273537,1.3415317391867607,0.6430928624278269,22.53110364235524,4.815473188093322,0.11841696351427312,0.8086544890447043,0.00585325646274225,0.86,1,1,1,1,7,1,1,0.03737821341976181,-0.022623655490910523,1,1,0.16684945924544833,-0.0724202885007822,1,1,-0.05852641311778832,,-1,2,1,0.14926694438022764,-1,-1,1,1,75,-1,1,1,2,55,0,0,1,1,0,0,1,1,1.0349,0,4,0,3,8,-0.0003762412271857022,-0.0018984197868457705,-0.003563225739818072,-0.007131369665612536,DOWN,0.0003024684375415017,0.0036296212504979084,0.0003024684375415017,0.0036296212504979084,0.0003024684375415017,0.0050485179046559844,0.0003024684375415017,0.011198709467999814,NO_SETUP,,NO_SETUP
2026-08-03T05:00:00+00:00,PAXGUSD,15m,626,0.16969804600592103,0.0,0.0,0.16969804600592103,0.0,0,1,-0.15377727773386163,-0.0902380297311538,-0.17684898291235784,-0.1207685866806969,-0.14989014253340224,0.014088936056850798,-0.10096476267630347,0.0685948944114898,-0.00023071705178496224,0.00026958840378955596,0.0004892537985709876,0,41.07130806742347,-8.928691932576527,-0.5110363971753031,-0.8912101599731781,0.38017376279787496,-0.7846332911543741,20.8671547752647,5.083290657080449,0.12538146682946946,0.30483096167427537,0.0046370957500279355,0.89,-1,1,3,-1,0,1,1,0.2709495690952376,-0.2213720876312682,1,1,0.33914943787522256,-0.37553092302909663,1,1,0.24418759527015127,,-1,4,-1,-0.15317221885128324,-1,-1,1,1,73,-1,1,0,2,55,0,0,1,1,0,0,1,1,10.6094,0,5,0,3,8,0.0025726026451189207,0.0005278398524021333,-0.0002688530089338487,-0.004938015815463348,NEUTRAL,0.0032805000172657223,0.0006117022588585878,0.0032805000172657223,0.0008114921095342722,0.0032805000172657223,0.0020348966272513355,0.0032805000172657223,0.008203716584530892,NO_SETUP,,NO_SETUP
2026-08-03T05:30:00+00:00,PAXGUSD,15m,628,0.0832485659326206,0.006403735840964785,0.11871541059030533,0.20836771236389073,0.9692671394799335,1,0,-0.00019746071664377587,-1.0127798837479531,-0.026427432586481045,-0.5195791528722111,-0.0032858680169666767,-0.19629196526830128,0.04370906482267709,-0.03915827792343407,-0.0002622997186983727,0.00023141564569514368,0.0004699493283964377,0,49.458325718777935,-0.5416742812220647,-0.6689233810830046,-0.8249790155082845,0.1560556344252798,-0.8926847959782819,20.406992355244938,5.422429189013243,0.13355309285695882,0.6237131285067995,0.004560682990596988,0.94,-1,1,5,-1,2,1,1,0.41513449076754866,0.00960560376146398,1,1,0.4832357584609333,-0.23041134150875867,1,1,0.09925790553503817,,-1,6,-1,-0.05283082068800708,-1,-1,1,1,75,-1,1,0,2,55,0,0,1,1,0,0,1,1,1.772,0,5,0,3,8,0.0003398905946361592,-0.00029555703881409533,-0.002716661781765658,-0.0053717491804449475,NEUTRAL,0.0018299906653234837,0.0010492274877898537,0.0018299906653234837,0.0022560853962804907,0.0018299906653234837,0.003477721156711704,0.0018299906653234837,0.009637622440660793,NO_SETUP,,NO_SETUP
2026-08-03T06:00:00+00:00,PAXGUSD,15m,630,0.056119899673377265,0.04159764493332316,0.0,0.09771754460670042,0.0,0,1,0.04738979171121663,0.6658196416483406,0.03258127339057652,0.15952727949024847,0.057242678810766175,0.13827884015290692,0.10499244441084729,0.12692094344129146,-0.0001480851832064011,0.0002466140542018965,0.0004774976560008112,0,52.27392533055365,2.273925330553652,-0.020143725396792433,-0.5647315535672313,0.5445878281704388,0.43571888473614406,18.033556597299405,5.595768025220581,0.13773418428545783,0.7058298515249074,0.004556839198115296,0.97,-1,1,7,-1,4,1,1,0.028798369569232332,-0.11642417783116323,1,1,0.5469228819045272,-0.16626750977789945,1,1,0.03519800725127774,,-1,8,1,0.07273434365561894,-1,-1,1,1,75,-1,1,0,2,52,0,0,1,1,0,0,1,1,1.3442,0,6,0,3,8,-0.001730363573262363,-0.001784514353648901,-0.003645332079660707,-0.0065030164446074614,DOWN,0.0011888557693964224,0.0028946053515739954,0.0011888557693964224,0.0028946053515739954,0.0011888557693964224,0.004115459309380589,0.0011888557693964224,0.010271418479692231,NO_SETUP,,NO_SETUP
2026-08-03T06:30:00+00:00,PAXGUSD,15m,632,0.0906113805924171,0.0,0.048999088961668345,0.13961046955408546,0.35097001763672153,0,1,0.0027911408352382905,0.5846278699204959,-0.005561372377978041,0.17358131413175215,0.01956756015455972,0.14790029529831372,0.06761420049729897,0.13241395711020232,-8.352513213216331e-05,0.0002512893253253776,0.0004804664034273925,0,50.06027178593982,0.0602717859398183,0.2430599737490411,-0.2678787008060613,0.5109386745551023,0.014536654961327944,16.18527447314955,5.574157123787144,0.13725056321343274,0.5746776863883338,0.0037878947737074683,0.95,-1,1,9,-1,6,1,1,0.44382340629848926,-0.15167557186122313,1,1,0.5119050550316392,-0.20153645384481544,1,1,0.07042080122127577,,-1,10,1,0.03754955309876372,-1,-1,1,1,73,-1,1,0,2,52,0,0,1,1,0,0,1,1,3.1985,0,6,0,3,8,-0.0006254155073498543,-0.0006845098859971437,-0.0019057937113732637,-0.005500701745746472,NEUTRAL,0.0004185851820845094,0.002543520547608003,0.0004185851820845094,0.002543520547608003,0.0004185851820845094,0.003764804372984011,0.0004185851820845094,0.009922931081180947,NO_SETUP,,NO_SETUP
2026-08-03T07:00:00+00:00,PAXGUSD,15m,634,0.034492783616904325,0.03818843900444419,0.04188409439197286,0.11456531701332139,0.3655913978495139,0,1,-0.053441929309906114,-0.18559940806926534,-0.06403718274091949,-0.11592897530590562,-0.04118022935921348,0.002183197158956318,0.005771337036695141,0.059365488862113125,-0.00010595253431013375,0.00022856953381706014,0.0004695156639590862,0,46.77938975296913,-3.2206102470308693,-0.0019992030511275516,-0.1354538432071306,0.13345464015600306,-0.5430180963335746,14.849508116843609,5.3453701730613625,0.1316976405226485,0.3464371919783504,0.003169564161592142,0.87,-1,1,11,-1,8,1,1,0.38299308666066806,-0.2128697503215189,1,1,0.45111633430405745,-0.26276109805311665,1,1,0.21582627463153733,,-1,12,-1,-0.020942047195980827,-1,-1,1,1,25,-1,0,0,0,51,0,0,1,1,0,0,1,1,1.6454,0,7,0,3,8,-0.0015571028032778402,-0.001667972464903588,-0.0011481169403916185,-0.005984497957534447,DOWN,0.0002488407960933876,0.0019340596528055847,0.0002488407960933876,0.0031560897009475525,0.0006602904292380141,0.0031560897009475525,0.0006602904292380141,0.00931797911708333,NO_SETUP,,NO_SETUP
2026-08-03T07:30:00+00:00,PAXGUSD,15m,636,0.028843309338331343,0.03796469776156108,0.009614436446106711,0.07642244354599914,0.5032258064516101,1,0,-0.0911227278811557,-1.1211369304151049,-0.11356964747124541,-0.5184027180739577,-0.09657361012464545,-0.20778575479334904,-0.052647046796905815,-0.04782275873276376,-0.00022446919590089694,0.00016996037346599956,0.00043926563327739633,0,44.08169897277722,-5.918301027222782,-0.7056780711118336,-0.29672453916096847,-0.4089535319508651,-0.805198322190585,16.316294927657967,5.35110999616007,0.13191771019031825,0.1669079090238552,0.003219342921608834,0.86,-1,1,13,-1,10,1,1,0.3235627650133235,-0.0727245833744274,1,1,0.3917266541761136,-0.32257666896754716,1,1,0.27561384478847833,,-1,14,-1,-0.08061335174045907,-1,-1,1,1,50,-1,0,0,0,51,0,0,1,1,0,0,1,1,1.3691,0,7,0,3,8,6.656148308844833e-05,-0.0007962725569470511,-0.003197416428360185,-0.004947736909575033,NEUTRAL,0.0008455773592347491,0.0011537323735332538,0.0008455773592347491,0.0025613844788482084,0.0012572724583374197,0.003722512572724561,0.0012572724583374197,0.008726950004930503,NO_SETUP,,NO_SETUP
2026-08-03T08:00:00+00:00,PAXGUSD,15m,638,0.004681036627881106,0.0,0.06972280872052308,0.07440384534840418,1.0,1,0,-0.023160776071258774,-0.615307101768849,-0.04707493138799398,-0.3541349196830197,-0.03276009361057057,-0.13684228827878542,0.00956630683943048,-0.015327567846725287,-0.00023914155316735205,0.00014314837777423413,0.00042326400450001046,0,47.99171412719985,-2.008285872800151,-0.7181004497133472,-0.4495044322803136,-0.2685960174330336,-0.032466765568547495,16.617314023653655,5.085038721178828,0.12528027635802608,0.3735280840523278,0.003258674890903673,0.78,-1,1,15,-1,12,1,1,0.38569278110241373,-0.010347554651115627,1,1,0.45381418255549166,-0.2600439031961585,1,1,0.2131103517429493,,-1,16,-1,-0.008253406685999424,-1,-1,1,1,75,-1,0,0,0,51,0,0,1,1,0,0,1,1,1.3987,0,8,0,3,8,-0.0019611079767327933,-0.0024218205290556694,-0.005018564005784749,-0.005294498796480793,DOWN,-2.4637034882995106e-06,0.001963571680221093,-2.4637034882995106e-06,0.003183104906958144,0.000633171796507987,0.005018564005784749,0.000633171796507987,0.009344827331340979,NO_SETUP,,NO_SETUP
2026-08-03T08:30:00+00:00,PAXGUSD,15m,640,0.05671338534526571,0.03452119107972647,0.026137473246075564,0.11737204967106774,0.7058823529411709,1,0,-0.0822815870092831,-1.1521221399966635,-0.11925228727606958,-0.6024751796071541,-0.1118103572202366,-0.27212540607888513,-0.0732768297857883,-0.08608071617800306,-0.00036970700266786483,7.441930055832978e-05,0.00038533527434448316,0,44.53597307469593,-5.4640269253040685,-1.3572440032294253,-0.7539381373193781,-0.6033058659100472,-0.2607823108657004,18.308794972667148,5.20276297897564,0.1282896963855238,0.20539127756003894,0.0038235900804195326,0.79,-1,1,17,-1,14,1,1,0.3009508122343195,-0.09542643534181762,1,1,0.3691301646167605,-0.3453352007653756,1,1,0.2983617229033285,,,,0,0.001972639490279375,-1,-1,1,1,75,-1,0,0,0,51,0,0,1,1,0,0,1,1,1.3969,0,8,0,3,8,-0.0004758992770275864,-0.0018641443183050946,-0.005809423298845006,-0.0034422559105210817,DOWN,0.0008285085859134128,0.002335111996607011,0.0008285085859134128,0.002335111996607011,0.0014844112164281373,0.008502076203063513,0.0014844112164281373,0.008502076203063513,NO_SETUP,,NO_SETUP
2026-08-03T09:00:00+00:00,PAXGUSD,15m,642,0.04582951420715254,0.007884647605535115,0.043858352305760365,0.09757251411844801,0.9191919191918786,1,0,-0.002060875639330793,-0.5645262869352337,-0.039138122803521504,-0.40522218617388717,-0.034493816067041806,-0.18611323448430994,0.0020979498976289937,-0.046739497571707034,-0.00037077247164190707,4.6443067364796916e-05,0.000365917659646708,0,49.11655143066573,-0.88344856933427,-1.192529667879171,-0.9380347052708371,-0.25449496260833393,0.35993399163787665,18.95680094869193,4.912841548198391,0.12105007609173767,0.43248763190188666,0.0037909961914269277,0.69,-1,1,19,-1,16,1,1,0.37562953983226266,-0.02045080472685565,1,1,0.4437578230487903,-0.2701723781082683,1,1,0.22323408533159736,-0.16754876161753993,,,1,0.06763549274120483,-1,-1,1,1,75,-1,0,0,0,46,0,0,1,1,0,0,1,1,,0,9,0,3,8,-0.0016878073780589745,-0.0012221203788573265,-0.005967692656436287,-0.0030503730423898636,NEUTRAL,-8.377438080880359e-05,0.0030824044232872485,-8.377438080880359e-05,0.0030824044232872485,0.0007342578082650864,0.009244749317485187,0.0007342578082650864,0.009244749317485187,NO_SETUP,,NO_SETUP
2026-08-03T09:30:00+00:00,PAXGUSD,15m,644,0.026899964215647526,0.01998988166483497,0.122160387951773,0.16905023383225548,0.8817518248175247,1,0,-0.13009984330872318,-1.290734670258189,-0.18257661442679984,-0.7251666547490458,-0.18608805397970324,-0.35783901687909747,-0.1541882581546522,-0.13621323341794778,-0.0005247677111807665,-3.511439552903374e-05,0.00031899795825051,0,41.685375507489184,-8.314624492510816,-1.908610952017625,-1.2465295086128572,-0.6620814434047679,-0.18019013420726693,21.294164598560947,5.226786845130236,0.12899117348330438,0.11006763910135149,0.0038337555008277563,0.79,-1,-1,1,-1,18,1,1,0.21655705136907358,-0.04491553658024232,1,1,0.2847941165582844,-0.10846361718142625,1,1,0.38326279290728754,-0.00814402586346126,1,0,-1,-0.07971273799680564,-1,-1,1,-1,60,-1,0,-1,0,46,0,0,1,1,0,0,1,1,,0,9,0,3,8,-0.000989622536740716,0.0005207240779357788,-0.0035809034932935717,0.00038992608679555465,NEUTRAL,0.0009377969176095377,0.0013918880566627576,0.0023321528608975252,0.0014906035216742052,0.0023321528608975252,0.007662787971520633,0.0023321528608975252,0.007662787971520633,NO_SETUP,,NO_SETUP
2026-08-03T10:00:00+00:00,PAXGUSD,15m,646,0.009622098258890516,0.0009868818727061441,0.04687688895358672,0.057485869085183376,0.8154506437768886,0,1,-0.08465743274113229,-1.2753179500305123,-0.1433364134066467,-0.7703902876019129,-0.1523746049117615,-0.39671014649957215,-0.12410017335332739,-0.16058613045697712,-0.0005867898066551442,-9.038191505114812e-05,0.0002827443155843413,0,43.534939594295636,-6.465060405704364,-2.021601116387046,-1.5169055405983942,-0.504695575788652,0.06720219417465967,22.332042410092033,4.954423351158193,0.12223576487436238,0.21801147463404205,0.003943734925380037,0.67,-1,-1,3,-1,20,1,1,0.2441299032609152,-0.1524732493332451,1,1,0.3123481127117751,-0.08080095332789128,1,1,0.3555241946427081,-0.03577446788563699,1,2,1,0.01838067487916596,-1,-1,1,-1,60,-1,0,-1,0,46,0,0,1,1,0,0,1,1,,0,10,0,3,8,-0.0013174873000639366,-0.002403057360041705,-0.0046704184625861464,-0.00023685164944969896,DOWN,0.00021217960263204537,0.0017665185521455685,0.0020551814999123963,0.002928571957258119,0.0020551814999123963,0.0079369974612464,0.0020551814999123963,0.0079369974612464,NO_SETUP,,NO_SETUP
2026-08-03T10:30:00+00:00,PAXGUSD,15m,648,0.06347089476674234,0.04173767009952964,0.008643896174456276,0.11385246104072824,0.0759219088936875,0,1,-0.1571208198084393,-1.5005210429953877,-0.2276263411602181,-0.8999796541834257,-0.24435357279952297,-0.4766489702810759,-0.22091613704731308,-0.20542836445201829,-0.000705055213517788,-0.00016727231639304866,0.0002343743575220991,0,38.52613127189293,-11.473868728107071,-2.4498525786916616,-1.8064822963520741,-0.6433702823395875,-0.06656173018609168,23.82386414126061,4.83866095074358,0.1194996653760979,0.07065255409918035,0.004464609772771283,0.63,-1,-1,5,-1,22,1,1,0.1438591291892093,-0.25314267368058224,1,1,0.21214590896741722,-0.18139833543257156,1,1,0.4563977180114104,0.06470573707737252,1,4,-1,-0.0821170136573627,-1,-1,1,-1,60,-1,0,-1,0,46,0,0,1,1,0,0,1,1,,0,10,0,3,8,0.002674668444839576,-0.002603047590822643,-0.002662320021733162,0.0018102788273937239,DOWN,0.003015484922575396,0.0007631325479735474,0.003062408930379613,0.002603047590822643,0.003062408930379613,0.006939813785779534,0.003062408930379613,0.006939813785779534,NO_SETUP,,NO_SETUP
2026-08-03T11:00:00+00:00,PAXGUSD,15m,650,0.014822427320695788,0.0644775588450396,0.012352022767248363,0.09165200893298377,0.1347708894878693,0,1,-0.15277376465686632,-2.027501352656145,-0.23720557108751028,-1.171123087156957,-0.2629057154274438,-0.631788702844915,-0.24520754076281792,-0.2892108774699409,-0.0008443180643064396,-0.0002570014433993347,0.00017698174664625805,0,37.144986895107216,-12.855013104892784,-2.933502652668267,-2.180150522443802,-0.753352130224465,-0.2384153895493344,25.51597762558918,4.642059697324833,0.11467765413656478,0.09684872118427625,0.004506407424979378,0.6,-1,-1,7,-1,24,1,1,0.1147502915077481,-0.2823672404593048,1,1,0.18305697741061716,-0.21060198818158687,1,1,0.4856815352082021,0.09387537303108083,1,6,-1,-0.11129172513291045,-1,-1,1,-1,60,-1,0,-1,0,46,0,0,1,1,0,0,1,1,,0,11,0,3,8,0.0006052491155951249,-0.003952647285519476,-0.002868139686555102,0.0010820371944109837,DOWN,0.003354809383584638,0.00047184726970885156,0.003354809383584638,0.0066503290578865375,0.003354809383584638,0.0066503290578865375,0.003354809383584638,0.0066503290578865375,NO_SETUP,,NO_SETUP
2026-08-03T11:30:00+00:00,PAXGUSD,15m,652,0.14135722673403178,0.010361262692548594,0.0,0.15171848942658037,0.9317073170731599,1,0,0.0011914345305420574,-1.2434194746228968,-0.08489708139946785,-0.9124515694984439,-0.11582037865098234,-0.5223586978318053,-0.1022432662791024,-0.2410697744785466,-0.000860885159300099,-0.0003092329725151449,0.00013577112371879958,0,48.174191348325635,-1.8258086516743646,-2.674649166108793,-2.420504003415485,-0.254145162693308,0.48717561144913635,25.304824612842527,4.616980045142329,0.11389938831896725,0.46896645365938444,0.003954319658174817,0.58,-1,-1,9,-1,26,1,1,0.25372758760201675,-0.1428374071186912,1,1,0.3219392336612688,-0.07117200682857089,1,1,0.3458688165464427,-0.045392198462589566,1,8,1,0.028000078942948016,-1,-1,1,-1,60,-1,0,-1,0,46,0,0,1,1,0,0,1,1,,0,11,0,3,8,-0.0016232644884989805,-0.004751379034724974,-0.0036017722693138647,-0.0001208813980796588,DOWN,0.001958772042352908,0.003024501919300507,0.001958772042352908,0.008032445554031504,0.001958772042352908,0.008032445554031504,0.001958772042352908,0.008032445554031504,NO_SETUP,,NO_SETUP
2026-08-03T12:00:00+00:00,PAXGUSD,15m,654,0.14232294729364361,0.038725654636229546,0.01677289500167325,0.1978214969315464,0.08478802992516682,0,1,0.0008263777608610238,0.6198765751955762,-0.07005824785609786,-0.14154410548417218,-0.09980555502014986,-0.1434170765073759,-0.08709936413320185,-0.05499775102362037,-0.0007088462561695889,-0.00029747307164052,0.00012706190886948025,0,48.896042902021584,-1.103957097978416,-1.6090652539787698,-2.1638617672778837,0.554796513299114,1.262065274492536,23.128564731815437,5.067855243005375,0.12500382922739545,0.5279165917312367,0.0036627363630286126,0.7,1,-1,11,1,1,1,1,0.07535469739723731,-0.32805809341516323,1,1,0.33669120113660134,-0.3780067880892668,1,1,0.33101801606251535,-0.060185093829549265,1,10,1,0.0427955482763303,-1,-1,1,-1,75,-1,0,0,0,51,0,0,1,1,0,0,1,1,1.3155,0,12,0,3,8,-0.005086133749037999,-0.0040994928665863935,-0.004841940130631168,-0.0008534443633206475,DOWN,2.466602206182854e-06,0.00555232156599635,2.466602206182854e-06,0.008179252915523773,2.466602206182854e-06,0.008179252915523773,0.000653649584624211,0.008179252915523773,NO_SETUP,,NO_SETUP
2026-08-03T12:30:00+00:00,PAXGUSD,15m,656,0.15902340339761764,0.02646268143629812,0.05267804809282353,0.23816413292673932,0.221183800623025,0,1,-0.23134057423546767,-1.3388765450208666,-0.3162733533058244,-0.8979113407408477,-0.35444106354656557,-0.5264435611065892,-0.34740611865440224,-0.24951327784583555,-0.000849327790703567,-0.00038167710240741233,7.034944892163335e-05,0,37.43012473780888,-12.569875262191118,-2.3397794762440753,-2.127923385407824,-0.21185609083625145,-0.6836285220875422,21.679353280630302,5.384579265652588,0.133168603528504,-0.04954773820523832,0.004220725305622381,0.87,-1,-1,13,-1,0,1,1,0.003833379086572541,-0.2170187192556837,1,1,0.07221591569532843,-0.6443786587130194,1,1,,0.20502395243642066,1,12,-1,-0.2553525101213641,-1,-1,1,-1,60,-1,0,-1,0,51,0,0,1,1,0,0,1,1,1.0962,0,12,0,3,8,-0.0025621811185057423,-0.002272822826164928,-0.0017559349364277134,0.002270349678367201,DOWN,0.0020601321155554525,0.005547270510432934,0.0020601321155554525,0.005547270510432934,0.0020601321155554525,0.005547270510432934,0.0033090717534370842,0.005547270510432934,NO_SETUP,,NO_SETUP
2026-08-03T13:00:00+00:00,PAXGUSD,15m,658,0.21195673705479046,0.114892436908213,0.0,0.3268491739630035,0.0,0,1,-0.3062797758447663,-2.8394431581691606,-0.4114766394234402,-1.5625317682120112,-0.46085927054516207,-0.8790249330859297,-0.4611912029978389,-0.43281689354216724,-0.001051968635786739,-0.0004938263112172189,-3.3193245267679607e-06,-1,35.259647759068116,-14.740352240931884,-3.2971016076667183,-2.423853865752698,-0.8732477419140205,-1.2288573602305108,22.235910929760042,5.956448448445372,0.14748941326723813,-0.14647838569743993,0.004834999660807769,1.0,-1,-1,0,-1,2,1,1,0.025504140089541823,-0.3378679529337185,1,1,0.8529030149360208,-0.17246246186759998,1,1,,0.325858721920681,1,14,-1,-0.37624796957331735,-1,-1,1,-1,100,-1,-1,-1,4,65,0,0,1,1,0,1,1,1,,0,13,0,3,8,-0.0012454934432074168,-5.942712253867263e-05,-0.0002773265718473641,0.002835168971118486,NEUTRAL,0.00020304266867402334,0.004348084465750155,0.00027237431163580807,0.004348084465750155,0.0005620815340121187,0.004348084465750155,0.004518937443049008,0.004348084465750155,NO_SETUP,,NO_SETUP
2026-08-03T13:30:00+00:00,PAXGUSD,15m,660,0.04017936863826393,0.029018432905416593,0.27083870711720653,0.340036508660887,0.7964989059080995,0,1,-0.38940471578997254,-4.61083668956735,-0.5339987062488546,-2.405605065542659,-0.6025253882607556,-1.3347381010853496,-0.6146240064113127,-0.6715259969100771,-0.0014459399045888197,-0.0006852668201190112,-0.00012098618150557065,-1,30.78933996202811,-19.21066003797189,-5.116259203493428,-3.258029548872851,-1.858229654620577,-1.5477554751551028,25.645666733649044,6.627907080547289,0.16438587770955995,-0.09132969972649654,0.007173968124682982,1.0,-1,-1,0,-1,4,1,1,0.2584376674140378,-0.11694180440088459,1,1,0.6896218178932194,-0.33743229032322114,1,1,,0.4910811722454743,1,16,-1,-0.4207672771285181,-1,-1,1,-1,100,-1,-1,-1,4,65,0,0,1,1,0,1,1,1,,0,13,0,3,8,0.0013913966546955613,0.0010888112859381814,0.0023809996230083705,0.004645429472807005,NEUTRAL,0.0019196809460504628,0.0010317665033036008,0.002209865275104629,0.0010317665033036008,0.0023809996230083705,0.0010317665033036008,0.006173237564237354,0.0010317665033036008,NO_SETUP,,NO_SETUP
2026-08-03T14:00:00+00:00,PAXGUSD,15m,662,0.030736435069286777,0.04560890365118337,0.13137347247353262,0.2077188111940028,0.7804295942721042,1,0,-0.26765697683707246,-4.1750840021172735,-0.4370402682942318,-2.397676955928546,-0.5212851055954366,-1.373911197797952,-0.5439718191074608,-0.704749907270525,-0.0016938329145715933,-0.000842448373012048,-0.00022686713512024305,-1,34.32208875227451,-15.67791124772549,-5.866176714232097,-4.158808802718229,-1.7073679115138676,-0.22889483365383168,28.970700607268554,6.643756615369833,0.16468176921324226,0.11080060697963771,0.007876947832442563,1.0,-1,-1,1,-1,6,1,1,0.3172793297474204,-0.057878690231267786,1,1,0.7482091069082716,-0.2782390997198996,1,1,,0.43179733782811436,1,18,-1,-0.051557891083953276,-1,-1,1,-1,100,-1,-1,-1,4,55,0,0,1,1,0,0,1,1,1.4089,0,14,0,3,8,-0.00023795949731057094,0.00115509505986165,0.0029348338001635205,0.006826463079096736,NEUTRAL,0.001328607193317223,0.0005874625089855354,0.0016186203306644883,0.0005874625089855354,0.003616488610167734,0.0006866122995315127,0.008385593535433639,0.0006866122995315127,NO_SETUP,,NO_SETUP
2026-08-03T14:30:00+00:00,PAXGUSD,15m,664,0.10501443948542383,0.030464094473367898,0.00718259137989874,0.14266112533869046,0.7864583333333214,1,0,-0.14467896991778592,-2.8532547046816035,-0.32529246680658075,-1.9773557751573207,-0.4214146426173063,-1.200272880072589,-0.4531362101027039,-0.63045669854273,-0.0018061349688879482,-0.0009612217581072561,-0.0003172156748539751,-1,39.80718565088523,-10.19281434911477,-5.800898003767543,-4.78942978645104,-1.0114682173165033,0.8842808865511378,30.79203891198973,6.410586061211722,0.15877455235642798,0.2762261166198931,0.008361231375676828,0.96,-1,-1,3,-1,8,1,1,0.3972716059778965,-0.08705796103568826,1,1,0.8278555754246443,-0.19776893851206745,1,1,,0.351203950920606,1,20,1,0.02873036551959496,-1,-1,1,-1,100,-1,-1,-1,4,55,0,0,1,1,0,0,1,1,1.5461,0,14,0,3,8,-6.68724025025094e-05,-0.0007455034501205594,0.003985099838020216,0.004034634950984997,NEUTRAL,0.0008148526082713642,0.001389459918663376,0.0008148526082713642,0.001389459918663376,0.004222868380251386,0.0014885301445929362,0.007576395527970038,0.0014885301445929362,NO_SETUP,,NO_SETUP
2026-08-03T15:00:00+00:00,PAXGUSD,15m,666,0.07609859601808926,0.006196954073133974,0.05725985563575656,0.13955540572697978,0.4103019538188101,0,1,-0.192518208129826,-1.9897164362591866,-0.3791078369902495,-1.6757674802579459,-0.4853965821797885,-1.0764547100866366,-0.525510186279402,-0.5790885304563744,-0.0018658962886042353,-0.0010628874518953898,-0.0004011360409961357,-1,36.591535778120495,-13.408464221879505,-5.539021027820127,-5.059810543954019,-0.4792104838661073,1.031805233748627,31.707067058589136,6.230097165024383,0.1544305040112731,0.2282481482541619,0.008300942887435894,0.94,-1,-1,5,-1,10,1,1,0.3157967795669019,-0.16892896803364474,1,1,0.7467329658126438,-0.2797305068612752,1,1,,0.4332910287935279,1,22,-1,-0.05304592686603493,-1,-1,-1,-1,100,-1,-1,-1,4,55,0,0,1,1,0,0,1,1,8.6405,0,15,0,3,8,0.0009642460537797274,0.0005180653605140362,0.004454370587768763,0.0031852343935909527,NEUTRAL,0.0016335170936781515,0.0005056714523677232,0.0016335170936781515,0.0005056714523677232,0.005143471880701198,0.0006717498215276191,0.008400590941540496,0.0006717498215276191,NO_SETUP,,NO_SETUP
2026-08-03T15:30:00+00:00,PAXGUSD,15m,668,0.11390875413539202,0.011886130866301288,0.03144872125042052,0.15724360625211384,0.9244094488188991,1,0,-0.06410466461660029,-1.9154368106333095,-0.25169356350467564,-1.674178285313701,-0.36642805715234844,-1.1001227932124493,-0.41433751343453357,-0.6011362316435225,-0.0018758889888807531,-0.0011473449364767286,-0.0004790945628218509,-1,43.54206792352304,-6.457932076476958,-5.089420137593152,-5.1433800749278396,0.05395993733468796,0.6562724834804969,32.239207818334094,6.258553167801675,0.15497912913790077,0.39246407745995404,0.008249165297923243,0.94,-1,-1,7,-1,12,1,1,0.41650983577329587,-0.0677261831652798,1,1,0.8470106380871348,-0.17841577685770138,1,1,,0.3318211533508894,1,24,1,0.06252600091127228,-1,-1,-1,-1,100,-1,-1,-1,4,55,0,0,1,1,0,0,1,1,13.8171,0,15,0,3,8,-6.933576338680444e-05,-0.0002179123992155424,0.004484538124764672,0.004737118405673561,NEUTRAL,0.0006215455932169228,0.0006933576338675939,0.0006215455932169228,0.001681392262128797,0.004578636660789581,0.001681392262128797,0.007381782523425569,0.001681392262128797,NO_SETUP,,NO_SETUP
2026-08-03T16:00:00+00:00,PAXGUSD,15m,670,0.023536348793830823,0.01858132799512426,0.01957233215486332,0.0616900089438184,0.31726907630517615,0,1,-0.09531557157614802,-1.0240197021280437,-0.2793206168930149,-1.314810481751465,-0.4005419920608491,-0.9393611897144183,-0.45538144737430064,-0.5298313385642359,-0.0018400504531686694,-0.0012122137516783413,-0.0005483945531345154,-1,41.28413482553459,-8.715865174465407,-4.520985038443996,-4.957266052769823,0.4362810143258269,0.8245190755557932,31.742801936026996,5.87339533346165,0.14551398018144418,0.36345980201147887,0.008113573150054301,0.88,-1,-1,9,-1,14,1,1,0.36691929014371905,-0.11755786844916138,1,1,0.7976344730707049,-0.228302583300097,1,1,,0.3817843525398162,1,26,1,0.012759178556648838,-1,-1,-1,-1,100,-1,-1,-1,4,70,-1,-1,1,1,0,0,1,1,15.2406,0,16,0,3,8,-0.00010653294717200519,0.0012907829180613076,0.003961539128560551,0.0046775396339726405,NEUTRAL,0.0007308655678082885,0.0005946024958439988,0.0012907829180613076,0.0011842499708891896,0.005078896318667298,0.0011842499708891896,0.007883438090731427,0.0011842499708891896,LOSS,-1.0,SELL_LOSS
2026-08-03T16:30:00+00:00,PAXGUSD,15m,672,0.020549844514427654,0.003961415810006895,0.03466238833759411,0.059173648662028656,0.9330543933054967,1,0,-0.022494100931854638,-0.6936759919913129,-0.1963333363918465,-1.1545943739661197,-0.3211464153914899,-0.8727496343876737,-0.3815571561010227,-0.504395704028866,-0.0017383923545999187,-0.0012481307899964342,-0.000604107407095328,-1,45.54892268904928,-4.451077310950723,-3.7253825540074104,-4.579879880915959,0.8544973269085485,0.5463222526023088,30.847562105289796,5.414101078341942,0.1340469100546166,0.4794949469702549,0.007382445764469983,0.74,-1,-1,11,-1,16,1,1,0.43228950026739643,-0.05186978826233126,1,1,0.862722086873855,-0.16254184245449457,1,1,,0.31592291084833135,1,28,1,0.06387782993641747,-1,-1,-1,-1,100,-1,-1,-1,4,70,-1,-1,1,1,0,0,1,1,5.1441,0,16,0,3,8,-0.0016662705250856701,0.0017776853447421703,0.0034934735674530394,0.005263731257551391,UP,7.427654643774186e-05,0.00181977538772355,0.0024585536870877244,0.0018395824667735844,0.004419454513042939,0.0018395824667735844,0.0072221561986254065,0.0018395824667735844,LOSS,-1.0,SELL_LOSS
2026-08-03T17:00:00+00:00,PAXGUSD,15m,674,0.08699898129397386,0.0,0.015367341425155981,0.10236632271912983,0.1501210653753824,0,1,-0.1158136465070758,-0.7616259254168654,-0.2860725742486661,-1.14180741710652,-0.4160776988111307,-0.876235581475612,-0.482897352969201,-0.5131861655709145,-0.0017025892774159032,-0.0013000512456246456,-0.0006681965415807034,-1,39.749839381445156,-10.250160618554844,-3.4442440275734043,-4.16920147426042,0.7249574466870161,0.06991008618010675,30.49820471377333,5.125117766529543,0.12703134606830394,0.3393540043134017,0.004572102650763526,0.56,-1,-1,13,-1,18,1,1,0.32296203027366754,-0.16172887548240045,1,1,0.7538672410417179,-0.272522449950797,1,1,,0.4260719340294805,1,30,-1,-0.0458541639298731,-1,-1,-1,-1,100,-1,-1,-1,4,70,-1,-1,1,1,0,0,1,1,5.2817,0,17,0,3,8,0.0010187060202798523,0.004734132600327649,0.004007901787816578,0.005299254188220103,UP,0.0012393017278344689,0.0007435810367006813,0.004972078532071876,0.0007435810367006813,0.005522328499230331,0.0007435810367006813,0.008328107611047608,0.0007435810367006813,LOSS,-1.0,SELL_LOSS
2026-08-03T17:30:00+00:00,PAXGUSD,15m,676,0.01412173930277527,0.018333486112390128,0.013130740053469368,0.04558596546863476,0.597826086956425,1,0,-0.057296251286590244,-1.0517164604893878,-0.22237172437883262,-1.2371163431266723,-0.3565215408885782,-0.9355205307365395,-0.429302433749265,-0.5503810634086221,-0.001650754730922424,-0.0013414981650974555,-0.0007278089286068683,-1,43.03320727418598,-6.966792725814017,-3.1247501334719345,-3.822256180364194,0.6975060468922596,-0.220250133042879,30.69639109363158,4.753494400732114,0.1177677345690792,0.49329511816795385,0.0031776890984093,0.38,-1,-1,15,-1,20,1,1,0.3674129716846722,-0.11706178632570588,1,1,0.7981260204195432,-0.22780595243699509,1,1,,0.3812869611751238,1,32,-1,-0.006317620214405391,-1,-1,-1,-1,100,-1,-1,-1,4,70,0,0,1,1,0,0,1,1,,0,17,0,3,8,0.0020365034573486943,0.003934267019792759,0.004033366944724589,0.003594849776901348,UP,0.002135603382280411,0.0011891990991816147,0.004623011498068754,0.0011891990991816147,0.005073916156508516,0.0011891990991816147,0.00787844403207869,0.0011891990991816147,NO_SETUP,,NO_SETUP
2026-08-03T18:00:00+00:00,PAXGUSD,15m,678,0.1441507489894627,0.04037211698502292,0.002229135293643764,0.1867520012681294,0.7838196286471993,1,0,-0.013264862790163937,-0.9105434064322253,-0.17497566063947234,-1.167472641232962,-0.3135281796817637,-0.9125886405004167,-0.3924664179561577,-0.546618165194559,-0.0016171079784930839,-0.0013855251904229138,-0.0007893823827439399,-1,46.729557717071934,-3.270442282928066,-2.937870494446088,-3.5576454061564906,0.6197749117104028,-0.07050021698224329,31.352277950195738,4.994084457774093,0.12369433249222511,0.7080096006893443,0.0021651126852096345,0.48,-1,-1,1,-1,22,1,1,0.3948046286755978,-0.08953693429500466,1,1,0.8253992628992697,-0.20025065387968702,1,1,,0.3536894665926861,1,34,1,0.021176785289688967,-1,-1,-1,-1,100,-1,-1,-1,4,70,-1,-1,1,1,0,0,1,1,225.7732,0,18,0,3,8,0.003640920979630612,0.004703475469604448,0.0031133589601331944,0.003883649044939327,UP,0.00396290718871364,0.0002476816992946025,0.004797594515336423,0.0002476816992946025,0.004797594515336423,0.0002476816992946025,0.007601351351351365,0.0002476816992946025,LOSS,-1.0,SELL_LOSS
2026-08-03T18:30:00+00:00,PAXGUSD,15m,680,0.07126031790019867,0.0,0.002474316593754554,0.07373463449395322,1.0,1,0,0.07793157611738948,0.33844405958780044,-0.06548362187658437,-0.6263520998077183,-0.202553308494942,-0.6480071821929414,-0.28465152306622005,-0.4206001326670048,-0.0014341519799397383,-0.001370696866183576,-0.0008209821457127811,-1,52.80707674512689,2.807076745126892,-1.9791164079565533,-3.0799765975225246,1.1008601895659713,0.6621920044455583,30.17615980662587,4.7239299661419585,0.11688498302970067,1.0491584378648817,0.002329017645882941,0.34,1,-1,3,1,0,1,1,0.4953581820701118,0.01150557216096149,1,1,0.9255181218947377,-0.09909637957996273,1,1,,0.2523802925631895,1,36,1,0.15155189136759303,-1,-1,-1,-1,100,-1,-1,0,3,70,-1,-1,1,1,0,0,1,1,4.4119,0,18,0,3,8,0.002432253211662921,0.0026673132880698845,0.0022590510500999895,0.004409232170074666,UP,0.003332904451790366,-4.948633187509108e-06,0.003783230071854145,-4.948633187509108e-06,0.003783230071854145,-4.948633187509108e-06,0.006584156455986888,-4.948633187509108e-06,LOSS,-1.0,SELL_LOSS
2026-08-03T19:00:00+00:00,PAXGUSD,15m,682,0.039049563287477135,0.06796601205099181,0.0,0.10701557533846895,0.3648960739029916,1,0,0.1605770467628047,1.6039870873269138,0.046504256281960935,-0.016182772641059273,-0.08392028573049949,-0.3360786582370565,-0.16638738126558184,-0.26760243196304145,-0.0011407279048084376,-0.0013042454201246043,-0.0008246709553508234,-1,58.81487931775814,8.814879317758141,-0.5752436561174363,-2.2896260457241127,1.7143823896066763,0.9045673446367797,26.991148934188153,4.610684511622371,0.1139526687564536,1.1337720007597074,0.0033673075223947272,0.28,1,1,0,1,2,1,1,0.07661623176657034,-0.14989595021427965,1,1,0.29262457552135346,-0.5769696550292328,1,1,,0.13790921717982887,1,38,1,0.2655617452683159,-1,-1,-1,-1,60,-1,-1,1,3,85,0,0,1,1,0,1,1,1,,0,19,0,3,8,0.001969778603805171,0.0017127435036850655,0.0038802414152748726,0.0020933531711706107,UP,0.0021897413337156222,-2.4714913473627406e-06,0.0026370812675785005,-2.4714913473627406e-06,0.0054348094727320944,-2.4714913473627406e-06,0.0054348094727320944,0.0007513333695818641,NO_SETUP,,NO_SETUP
2026-08-03T19:30:00+00:00,PAXGUSD,15m,684,0.0014801548241932647,0.022202322362921405,0.06512681226457094,0.08880928945168562,0.7333333333333502,0,1,0.28562564062244555,3.0928783186504916,0.21479883494362997,0.7412784171046951,0.09776020067363608,0.06303431728520081,0.01868467784740096,-0.06733506369118913,-0.0007082680567881561,-0.0011703863426999388,-0.0007907552282623513,-1,66.69899525454699,16.698995254546986,1.3762195072431496,-1.1172830593620575,2.493502566605207,1.0464827490182356,26.690380856104802,4.716865726858103,0.116361526011454,1.1411972478280947,0.005548924325396731,0.32,1,1,1,1,4,1,1,0.09102952168798112,-0.34117568697685596,1,1,0.476856545861362,-0.3911309122934152,1,1,,-0.04711826190353607,1,40,1,0.449843720319804,-1,-1,-1,-1,60,-1,-1,1,3,85,0,0,1,1,0,1,1,1,,0,19,0,3,8,0.00013074700947046113,-0.00072280893914844,4.9338494139775485e-05,0.0015911664360091617,NEUTRAL,0.0007844820568231033,0.0008732913462748113,0.0007844820568231033,0.0012704662241003967,0.0035770408251369758,0.0012704662241003967,0.0035770408251369758,0.002597671716461591,NO_SETUP,,NO_SETUP
2026-08-03T20:00:00+00:00,PAXGUSD,15m,686,0.02146976588083764,0.0,0.030847364771322314,0.052317130652159954,1.0,1,0,0.20703646620752522,2.987412864019916,0.1668032616065854,0.8833254438559379,0.06070317155424723,0.16307414407492615,-0.015818526461838373,-0.013980244480080728,-0.00040233204600939837,-0.0010610009005233817,-0.0007652169801608561,-1,63.46259753737078,13.462597537370783,2.3577530495758765,0.06052847054544691,2.2972245790304298,0.10135520018741584,26.35799143020787,4.460613815505169,0.1100785451767102,0.9323682989503597,0.006503219703608374,0.22,1,1,3,1,6,1,1,0.0560188144247321,-0.3763378502101322,1,1,0.4419810424435025,-0.42631058113966547,1,1,,-0.012092166990364183,1,42,1,0.41495875090381795,-1,-1,-1,-1,60,-1,-1,1,3,85,0,0,1,1,0,1,1,1,,0,20,0,3,8,1.7274524271980898e-05,9.871156726825385e-05,-0.001263508061033335,0.0020359260749072726,NEUTRAL,0.0011351830235846387,0.00014806735090232466,0.0011351830235846387,0.0009204853647762623,0.003928720377275628,0.0022481559445340017,0.003928720377275628,0.0022481559445340017,NO_SETUP,,NO_SETUP
2026-08-03T20:30:00+00:00,PAXGUSD,15m,688,0.06557490206905714,0.009367843152725652,0.0,0.07494274522178279,0.8749999999999626,1,0,0.25939100488039984,2.970648625649119,0.2520048520419563,1.032704494693462,0.15932538763304427,0.2665904995665187,0.08704662557958628,0.041572444700250344,-7.38615283844355e-05,-0.0009267946440891204,-0.0007227876205345798,-1,67.84190656016136,17.841906560161362,3.372127372149862,1.167707437381758,2.204419934768104,-0.2096016058314838,27.059483249500154,4.288131300103935,0.10571195115172541,0.9509004152198087,0.0074814995343053395,0.2,1,1,5,1,8,1,1,0.0848036327509671,-0.2719139736172004,1,1,0.5455536025519893,-0.3218347167336756,1,1,,-0.1161119506561197,1,44,0,,-1,-1,-1,-1,60,-1,-1,1,3,85,0,0,1,1,0,1,1,1,,0,20,0,3,8,-0.0009047364308023602,-0.001582672448433627,0.00025145263199413817,1.725655317610897e-05,DOWN,-0.00015037853481994577,0.0010255323030348988,-0.00015037853481994577,0.0019598513964248906,0.0028843096022858213,0.003286140769099905,0.0028843096022858213,0.003286140769099905,NO_SETUP,,NO_SETUP
2026-08-03T21:00:00+00:00,PAXGUSD,15m,690,0.045899859339132654,0.00024677343731259476,0.0,0.04614663277644525,0.0,0,1,0.12516825772170276,2.427401709431706,0.13705435615851919,0.955787578530817,0.054421989429062935,0.25814464133463844,-0.014941551559751343,0.041949218648369424,0.0001188609843681641,-0.0008263236672945625,-0.0006936354098881428,0,59.770256559423764,9.770256559423764,3.533879292207075,2.0251199775697986,1.5087593146372766,-0.7155366179398635,27.42218856752621,4.008082600599789,0.09890883203612243,0.7500245862370613,0.007776833844202783,0.17,1,1,7,1,10,1,1,-0.017027367174187492,-0.3741085309577241,1,1,0.4441921871529748,-0.4240801520124248,1,1,,-0.014312859363827505,1,46,-1,-0.02837894529031997,-1,-1,-1,-1,60,-1,-1,1,3,85,0,0,1,1,0,1,1,1,,0,21,0,3,8,-0.00022209609357650987,-0.00040717617155691606,0.0007131752338178004,0.0013251733583396813,NEUTRAL,0.0003084667966340103,0.0009426745305135759,0.00046640179651059215,0.0009426745305135759,0.003906423512573088,0.002270315623226383,0.003906423512573088,0.002270315623226383,NO_SETUP,,NO_SETUP
2026-08-03T21:30:00+00:00,PAXGUSD,15m,692,0.01949139787864418,0.011842874660443026,0.00024672655543127254,0.031580999094518475,0.6250000000000444,1,0,0.11967366860764825,1.5256508324368951,0.14476325084679995,0.6831856886014975,0.07090939503198454,0.14588722965618217,0.004170867421581348,-0.010609860952172312,0.0002508958223915169,-0.0007385385581481541,-0.0006673852761040319,0,60.80771102728272,10.807711027282721,3.4339220152983216,2.537202907733734,0.8967191075645875,-1.0241717385502958,27.49448341309821,3.550030405619218,0.08758867736355941,0.7271700777539237,0.007856634476285668,0.14,1,1,9,1,12,1,1,0.0019738124434165207,0.0008635429439982341,1,1,0.4631057445343896,-0.40500164073158146,1,1,,-0.033308084982503726,1,48,-1,-0.00937560910617518,-1,-1,-1,-1,60,-1,-1,1,3,85,0,0,1,1,0,1,1,1,,0,21,0,3,8,-0.0002171193687748075,0.0021637918910850248,0.0017640948712950026,0.0014310140214700774,UP,4.194351442230655e-05,0.0011324748894048573,0.003715701924713845,0.0011324748894048573,0.003715701924713845,0.0024598637575961564,0.003715701924713845,0.0024598637575961564,NO_SETUP,,NO_SETUP
2026-08-03T22:00:00+00:00,PAXGUSD,15m,694,0.05085540770731972,0.0,0.054805342286513445,0.10566074999383318,0.5186915887849757,0,1,0.0457447420411671,1.1380497743989508,0.0777844729484088,0.586024159297267,0.01096748815662876,0.11780813036557447,-0.05376017121043221,-0.021589591930023744,0.000320397309072417,-0.0006681698479178005,-0.0006472765936706098,0,55.67944798342255,5.679447983422548,3.0746469463733774,2.774098641191253,0.3005483051821245,-0.851064307909029,26.254454883343467,3.4071690742328897,0.08411309339701509,0.6115899026712904,0.007320962771106535,0.12,1,1,11,1,14,1,1,0.12713851926826564,-0.057644357765325414,1,1,0.40486829436886557,-0.4637470066901981,1,1,,0.02518083294245394,1,50,-1,-0.06788950058014664,-1,-1,-1,-1,60,-1,-1,1,3,85,0,0,1,1,0,1,1,1,,0,22,0,3,8,-0.00012590416471221357,0.0007727059520576961,0.0012861974473547873,0.0032414150640630284,NEUTRAL,0.0008615794800899194,0.00035549411212866907,0.0043029599822253664,0.00035549411212866907,0.0043029599822253664,0.0018762189251240304,0.0043029599822253664,0.0018762189251240304,NO_SETUP,,NO_SETUP
2026-08-03T22:30:00+00:00,PAXGUSD,15m,696,0.02985730183758211,0.00024675456063533207,0.0002467545606465532,0.030350810958863994,0.9918699186993793,1,0,0.07858190489587225,0.7734148946888126,0.11640059030726749,0.4721584031040038,0.056394054763348835,0.07780389037452551,-0.006179798252303702,-0.03910619613452582,0.00037818685411395234,-0.0006000653554391865,-0.0006257385301565254,0,58.86669610879692,8.866696108796923,2.7962585027430578,2.7959313311594327,0.00032717158362505216,-0.646707457064323,23.886412719995274,3.120518232374298,0.07700021054022711,0.6402948610828342,0.006384103385372671,0.04,1,1,13,1,16,1,1,0.1742087198126626,0.005675354894747291,1,1,0.4518076005339755,-0.4163983210819582,1,1,,-0.021961155897071948,1,52,0,-0.0008636409622404939,-1,-1,-1,-1,60,-1,-1,1,3,85,0,0,1,1,0,1,1,1,,0,22,0,3,8,-0.00010116936986295479,-0.0013620851747392377,-0.0004367555723348612,0.0009450699672556519,NEUTRAL,0.00038987220581302595,0.0008266277781478872,0.003829630781150908,0.0023466358716975524,0.003829630781150908,0.0023466358716975524,0.003829630781150908,0.0023466358716975524,NO_SETUP,,NO_SETUP
2026-08-03T23:00:00+00:00,PAXGUSD,15m,698,0.05407394055816157,0.04913568114647215,0.018518472793894337,0.12172809449852806,0.15212981744422413,0,1,0.00717823300223053,0.6291219432710022,0.04623002499869867,0.4374826320081411,-0.00850732640269699,0.07614899809505005,-0.06951774950797895,-0.03748433140526686,0.0003905179199646814,-0.0005473735140139566,-0.0006101042310528197,0,52.783919149055926,2.783919149055926,2.3544211110397555,2.686367193308613,-0.33194608226885736,-0.4189496705579492,21.284109782321526,3.1349876595472064,0.07740691157669255,0.4655747280210207,0.004302822587054183,0.05,1,1,15,1,18,1,1,0.11012318488102586,-0.4308631336712704,1,1,0.3879002767894409,-0.4808630102147761,1,1,,0.04222211797006875,1,54,-1,-0.0650615677492096,-1,-1,-1,-1,60,-1,-1,1,3,85,0,0,1,1,0,1,1,1,,0,23,0,3,8,0.0020320937479165638,0.0018370325011542192,0.0007678993385200709,-0.0006320972046983588,UP,0.004474063027004844,5.185172382291312e-05,0.004474063027004844,0.0017061686267442078,0.004474063027004844,0.0017061686267442078,0.004474063027004844,0.0017061686267442078,NO_SETUP,,NO_SETUP
2026-08-03T23:30:00+00:00,PAXGUSD,15m,700,0.006665596879512715,0.007406218755007891,0.0002468739585058763,0.014318689593026483,0.4827586206900607,1,0,0.01978740204111944,0.1598027698887563,0.057681391822345995,0.2522705880246576,0.007228364148492455,-0.004303859393530729,-0.05253148441060003,-0.07590547283462001,0.00037893989781226557,-0.0005045302767385354,-0.0005975984855909249,0,54.12546832792785,4.125468327927848,1.9136985281561465,2.4380388865625817,-0.5243403584064352,-0.41802988927201046,18.50287071536971,2.9093005839973167,0.07182305516391978,0.40349091729630426,0.0025420665606303563,0.01,1,1,17,1,20,1,1,0.1259057188352464,-0.4149951242393183,1,1,0.40363892214829494,-0.46498710083565803,1,1,,-0.11454951674422309,1,43,-1,-0.02653895053880915,-1,-1,-1,-1,60,-1,-1,1,3,85,0,0,1,1,0,1,1,1,,0,23,0,3,8,-0.0010541518027970774,0.0011208077715922045,0.0021453346993692505,-0.0007875279276165688,NEUTRAL,0.004315356794588527,0.0010541518027970774,0.004315356794588527,0.001863898386678726,0.004315356794588527,0.001863898386678726,0.004315356794588527,0.001863898386678726,NO_SETUP,,NO_SETUP
2026-08-04T00:00:00+00:00,PAXGUSD,15m,702,0.23560750792744578,0.1548559273629676,0.0,0.3904634352904134,0.6034047919293876,1,0,0.26211874079123015,1.4290448978008499,0.316348937715699,0.7722497815634597,0.27622075779005656,0.26906556946187266,0.22102435467473053,0.06309218510068604,0.0005423019692446882,-0.00040128179925642463,-0.0005519640311532605,0,71.00485336581146,21.004853365811456,2.5824909212119564,2.3759559741732037,0.20653494703875275,0.6755078156164447,20.09173620672656,3.771743870895688,0.09285801190829003,1.3887818729946066,0.0025064786470472894,0.16,1,1,0,1,22,1,1,0.2518563015776218,-0.9173182597049667,1,1,0.6780178441297531,-0.18821519311443893,1,1,,-0.38972485376085536,1,45,1,0.24902507238098454,-1,-1,-1,-1,60,-1,-1,1,3,80,-1,-1,1,1,0,1,1,0,33.2208,0,0,1,4,8,-0.0037027554014929104,-0.0003988340259587639,-0.001779981486222997,-0.00366828826344713,NEUTRAL,0.00019695507454742855,0.004613672621275145,0.00019695507454742855,0.004613672621275145,0.00019695507454742855,0.004613672621275145,0.0015017824434246324,0.004613672621275145,NO_ENTRY,,NO_SETUP
2026-08-04T00:30:00+00:00,PAXGUSD,15m,704,0.09546527604758688,0.0,0.014554137692013368,0.11001941373960024,0.13228699551572662,0,1,0.04387221068862155,1.979059428812434,0.10610449066423473,1.0627649848261171,0.073959481189111,0.43811309149077715,0.02232581657506167,0.1528326928091701,0.0006223227997561318,-0.0003214500947512372,-0.0005163366461404934,0,54.67758048951876,4.6775804895187605,2.630173570266379,2.498570891606929,0.13160267865944997,0.5864692752557152,23.20763747052209,3.9880342560274067,0.09837694861470281,0.5628949723575777,0.002759675466344109,0.16,1,1,1,1,24,1,1,-0.019611083839235308,-1.1167217174869304,1,1,0.4817666256355039,-0.386178009437982,1,1,,-0.19290399449408854,1,47,-1,-0.12000996588412037,-1,-1,-1,-1,60,-1,-1,1,3,80,0,0,1,1,0,1,1,0,,0,0,1,4,8,0.0009694535784678418,0.0005130950237182929,0.0015417518741535781,-0.0009743871844650166,NEUTRAL,0.0013296068162700146,0.002646879617546868,0.0018772370819694283,0.002646879617546868,0.0024075997266782816,0.002646879617546868,0.0034806590310891496,0.002646879617546868,NO_SETUP,,NO_SETUP
2026-08-04T01:00:00+00:00,PAXGUSD,15m,706,0.02322656526047245,0.044476401562597495,0.07536279153663945,0.14306575835970942,0.6891191709845012,1,0,-0.09884315766115404,-0.7740125764144068,-0.054963753200260576,-0.03870867798286781,-0.0884908456097005,-0.09993467211961615,-0.14114868404315623,-0.11343908645994816,0.0004387940446089346,-0.0003352709240943992,-0.0005265783843345572,0,45.24762843830751,-4.752371561692492,1.2807352854470082,2.1518127021912177,-0.8710774167442095,-1.2299344078196608,20.65327534854979,4.429274435044024,0.10944343800221948,0.09151550892903362,0.0033417234126159293,0.21,-1,-1,0,-1,1,1,1,0.10007190351586402,-0.0982187201174042,1,1,0.3160295422142815,-0.3239364580476261,1,1,,-0.026685840937560743,1,49,-1,-0.2867492445189017,-1,-1,-1,-1,100,-1,-1,-1,4,75,0,0,1,1,0,0,1,1,,0,1,1,4,8,0.0018457706648480265,0.0009265916992209217,0.0033036082716222993,0.001895188888806543,NEUTRAL,0.0029972152830798557,0.00046453130520944904,0.0035457575690187046,0.00046453130520944904,0.004077003476572055,0.00046453130520944904,0.005151849847668302,0.0005880768651055719,NO_SETUP,,NO_SETUP
2026-08-04T01:30:00+00:00,PAXGUSD,15m,708,0.2708597764605795,0.0024646021516066445,0.004929204303190874,0.278253582915377,0.9911426040743698,1,0,0.15092541595097358,-0.18507605461672938,0.1949811804969408,0.13351036684434803,0.16561154701622155,-0.013259457057756663,0.11486210108218405,-0.07029779616595988,0.0004405576454596722,-0.00029369633480719247,-0.000507494459340375,0,58.66132380198104,8.661323801981041,1.2534616364146132,1.7549179841141607,-0.5014563476995475,0.014498993219091094,19.37469684838667,4.917384589400208,0.1211939663926902,0.8513571974967217,0.0036117946684223828,0.42,-1,-1,1,-1,3,1,1,0.3551491700452219,-1.0265067961404466,1,1,0.5705553980948537,-0.06777655916893616,1,1,,-0.2819504861427645,1,51,1,0.045225449481818294,-1,-1,-1,-1,100,-1,-1,-1,4,75,0,0,1,1,0,0,1,1,,0,1,1,4,8,-0.0004189823657715605,-0.0010671727316417768,-0.00023413720440173462,0.0022008897213767987,NEUTRAL,0.000983376258487532,0.0011904028392216608,0.000983376258487532,0.001833664000788574,0.0015132657210810553,0.001833664000788574,0.002585367657026023,0.0031399031411353884,NO_SETUP,,NO_SETUP
2026-08-04T02:00:00+00:00,PAXGUSD,15m,710,0.032797476813661686,0.0305780986834214,0.03797602578424102,0.1013516012813241,0.3746958637469382,0,1,0.07253346596092247,1.5669558827285073,0.12625515561386635,0.8542861940773037,0.10443044629449696,0.36050230971204655,0.05739858555102892,0.11968953674522709,0.0005372168965294389,-0.00021824709319369395,-0.0004703186074346804,0,55.15100550703648,5.15100550703648,1.690358656755052,1.721020614440633,-0.03066195768558111,1.0554605669231016,19.718334408933526,4.818765283717518,0.11882958094978331,0.6650439039457786,0.0038244050493588277,0.36,-1,-1,3,-1,5,1,1,0.07212978923305016,-1.0828099299909575,1,1,0.5151423237875382,-0.12354538258379419,1,1,,-0.22637656928528221,1,53,0,-0.010480396726163932,-1,-1,-1,-1,100,-1,0,-1,0,66,0,0,1,1,0,0,1,1,,0,2,1,4,8,-1.9727805602185654e-05,0.001023379915614334,0.0006115619736683159,0.0010653015025190345,NEUTRAL,0.001541234812672156,0.0006337557549708309,0.001541234812672156,0.0012773754127426424,0.0020714195882314,0.0012773754127426424,0.005891215947958018,0.0025843425338886753,NO_SETUP,,NO_SETUP
2026-08-04T02:30:00+00:00,PAXGUSD,15m,712,0.15196220894433352,0.030047632886894177,0.035219766416605285,0.217229608247833,0.8616780045351211,1,0,0.17272527399582496,1.2679616182881546,0.236013875259215,0.7761788358243393,0.2219441527895994,0.33898472085911635,0.17899739063883444,0.11332703013931678,0.0006328860126339,-0.00014069722469615614,-0.0004294676215076493,0,60.64204305001688,10.64204305001688,2.091877043365457,1.7875115531251053,0.30436549024035187,0.4092930112488824,20.417576105867134,4.987914964021775,0.12284839156552539,0.9212182486593168,0.00416842106169271,0.49,1,-1,5,1,0,1,1,0.19592534394686673,-0.9575835792149333,1,1,0.6383890528099369,0.0004925841456862389,1,1,,-0.3499810355103808,1,55,1,0.22314061799606782,-1,-1,-1,-1,75,-1,0,0,0,66,0,0,1,1,0,0,1,1,,0,2,1,4,8,-0.002514642063730434,-0.0013816985286510763,-0.0003324942983384913,0.0033200171419282744,NEUTRAL,-5.664717675397348e-05,0.002514642063730434,0.0004137706823768887,0.002514642063730434,0.0008300042854821526,0.002514642063730434,0.00464506849382549,0.0038199900498001992,NO_SETUP,,NO_SETUP
2026-08-04T03:00:00+00:00,PAXGUSD,15m,714,0.003944860709430301,0.0700212775924551,0.018984642164150137,0.09295078046603554,0.24668435013258377,1,0,0.054894415644331736,1.214771302045392,0.12015246853545992,0.7905364801281394,0.11144663184471884,0.36329470141527054,0.07151779566491549,0.1300325170304859,0.000652580528911282,-8.705836690741085e-05,-0.00039928836179803357,0,54.36639655695357,4.366396556953568,1.9882020552317954,1.8679873827472095,0.12021467248458584,0.15861640798705,21.436159660874363,4.867232800610613,0.12000347149247918,0.6407415645201449,0.004200717104332767,0.42,1,-1,7,1,2,1,1,0.08986885803677909,-1.0648658377528228,1,1,0.5328027495679064,-0.10577157777169524,1,1,0.13782357103585005,,,,-1,-0.027614024966034528,-1,-1,-1,-1,100,-1,0,0,0,66,0,0,1,1,0,0,1,1,,0,3,1,4,8,0.0003353131603019119,0.001028129322396225,0.0019527060511697926,0.0012450966614151158,NEUTRAL,0.0005152974301698375,0.0014546673866036564,0.001893533140528338,0.0014546673866036564,0.0029660421459056538,0.0014546673866036564,0.005712651414848967,0.0027614024966036766,NO_SETUP,,NO_SETUP
2026-08-04T03:30:00+00:00,PAXGUSD,15m,716,0.10516337352252281,0.0002468623791662539,0.0,0.10541023590168908,0.0,0,1,-0.0665450860058871,0.08646811800099385,-0.008454579551010944,0.34466670080291806,-0.015086880165195833,0.15263713053400352,-0.0535299333191498,0.028262114969948016,0.0005809050645487616,-6.632300614184888e-05,-0.0003844305315395396,0,47.3299127484302,-2.6700872515697966,1.400285677626016,1.7733995011356687,-0.3731138235096527,-0.5748024695134817,20.926350603355637,4.693430322975467,0.11586313759554727,0.33823434801346847,0.004225030279841318,0.3,-1,-1,9,-1,0,1,1,-0.03517788903042781,-1.1913578418303417,1,1,0.40831037513207047,-0.2310631868945619,1,1,0.2631552961854789,,,,-1,-0.1528078127005658,-1,-1,-1,-1,100,-1,0,-1,0,66,0,0,1,1,0,0,1,1,,0,3,1,4,8,0.0023945650778603492,0.002374816087527498,0.0013824293233008237,0.007156540371873434,UP,0.002730297913519158,0.00020489577470350032,0.0031474953343010336,0.00020489577470350032,0.004221346683650776,0.00020489577470350032,0.008650057765796715,0.0015132663842561318,NO_SETUP,,NO_SETUP
2026-08-04T04:00:00+00:00,PAXGUSD,15m,718,0.07673101215852658,0.0,0.0,0.07673101215852658,1.0,1,0,-0.0017826876577842947,-0.6271315405933819,0.04701844341654555,0.017825739572799648,0.041049375046087556,-0.00727217759413179,0.0034545189865768083,-0.050220835747495585,0.00048801131074329844,-5.969068370457992e-05,-0.00037594856059510747,0,50.74563992963783,0.7456399296378322,0.8465515183324896,1.4573761822793754,-0.6108246639468857,-0.6055869610103737,19.171326966696334,4.418263900932906,0.10900895855372912,0.4685671836981823,0.004214479960400255,0.2,-1,-1,11,-1,2,1,1,0.021094860255792165,-0.013939878414665968,1,1,0.4643336491394212,-0.17468024632875237,1,1,0.20675430285804786,,,,-1,-0.09646889309963323,-1,-1,-1,-1,100,-1,0,-1,0,61,0,0,1,1,0,0,1,1,1.1202,0,4,1,4,8,0.0017739420495815705,0.0008339254697615933,-0.0013989223117006338,0.007749585504500314,NEUTRAL,0.002166232433286012,-0.00012336175588188852,0.0025831951681668085,4.934470235271053e-06,0.0036564424443392162,0.0015691615348175413,0.00885984130743731,0.002074944733933329,NO_SETUP,,NO_SETUP
2026-08-04T04:30:00+00:00,PAXGUSD,15m,720,0.04089334719437912,0.01601245522670277,0.001970763720208882,0.05887656614129076,0.728033472803485,1,0,0.12836755710507664,0.9292642037321457,0.18670257748092503,0.6246057672869938,0.18758766921119335,0.3025708643663165,0.1540760340300239,0.10695291412457664,0.0005833502037584839,8.850917302683426e-06,-0.00033511635181169446,0,58.41047163219477,8.41047163219477,1.4185049036454984,1.389473027091044,0.029031876554454383,0.682300488032743,19.998265352585047,4.3003908125390895,0.10593817745099177,0.7819514626879863,0.004281564727194772,0.18,-1,-1,13,-1,4,1,1,0.09804549508049272,-0.9794695689447106,1,1,0.6168490444259402,-0.021185709992256687,1,1,0.05321062044568463,,,,1,0.05690580242109309,-1,-1,-1,1,100,-1,0,0,0,61,0,0,1,1,0,0,1,1,1.4139,0,4,1,4,8,2.2171091852293914e-05,-0.00041139692659399626,-0.0029265841245128786,0.00381342779860766,NEUTRAL,0.0010469682263619209,0.0011972389600280163,0.0010469682263619209,0.0015371957017643843,0.0021185709992264526,0.003604034153335298,0.00731399685663188,0.003604034153335298,NO_SETUP,,NO_SETUP
2026-08-04T05:00:00+00:00,PAXGUSD,15m,722,0.1538988953314815,0.0009865313803291468,0.0002466328450878945,0.15513205955689854,0.0015898251192715956,0,1,-0.002893820409113943,1.1467219445517003,0.05934976836129305,0.7518333130547035,0.06552052242770898,0.38205441051422895,0.03541315785525967,0.15146363585608924,0.0006224358877040699,6.170754066415933e-05,-0.00030107364572449314,0,50.88440206643672,0.8844020664367207,1.538073399723089,1.4788047772328,0.05926862249028919,0.3599131197980696,20.308869444218683,4.327071669995433,0.10671979968469057,0.5064764288986436,0.00415100717524713,0.21,-1,-1,15,-1,6,1,1,-0.01849746338117711,-1.0972695277720974,1,1,0.5009113083625785,-0.13786776040111604,1,1,0.16993003026184694,,-1,1,-1,-0.05968514850995825,-1,-1,-1,1,100,-1,0,0,0,66,0,0,1,1,0,0,1,1,,0,5,1,4,8,0.0008237537025755106,0.0010506559200514386,-0.0018916739217828774,0.006212681367628466,NEUTRAL,0.002214762948840953,3.206226986075335e-05,0.002214762948840953,0.00037241559607464544,0.003287615824949854,0.0024416651663168813,0.008489102527740046,0.0024416651663168813,NO_SETUP,,NO_SETUP
2026-08-04T05:30:00+00:00,PAXGUSD,15m,724,0.03349687690883252,0.052954621583813394,0.07783097869992352,0.16428247719256944,0.47376311844075264,0,1,0.10743243844014223,0.978473065722028,0.17886572766561182,0.7125304823703118,0.19220011345392646,0.3767920083764693,0.16666797768368213,0.15344301981485842,0.0007143328922546959,0.00013334385788314634,-0.0002553213577024434,0,57.106918435369934,7.106918435369934,1.9659438318176399,1.6275869028642984,0.33835692895334146,0.04029855087660783,19.824183716600285,4.604056695047089,0.11339817676122364,0.7882422530555827,0.004417357130916893,0.31,-1,-1,17,-1,8,1,1,0.11625386691888472,-0.9610648066048068,1,1,0.6349628578747154,-0.002955606786070493,1,1,0.03497468030186777,,-1,3,1,0.06945675947271258,-1,-1,-1,1,100,-1,0,0,0,66,0,0,1,1,0,0,1,1,,0,5,1,4,8,-0.00023891154854086618,0.000923627120647869,-0.002512265768162159,0.004908770270536613,NEUTRAL,0.0004482670292211394,0.0017191779472325714,0.0019359224448779648,0.0017191779472325714,0.0019359224448779648,0.003785639691828706,0.007130401371401616,0.003785639691828706,NO_SETUP,,NO_SETUP
2026-08-04T06:00:00+00:00,PAXGUSD,15m,726,0.05024061313250133,0.03546396221117939,0.0,0.08570457534368071,0.5862068965517107,1,0,0.09778196347524526,1.2305867952959488,0.1746913550243474,0.8452309450867688,0.19413025281460464,0.45854313048675976,0.17277553931594486,0.1993801397907191,0.0007690939154910214,0.00019438897790257232,-0.00021354713498659769,0,57.376432464145346,7.376432464145346,2.1248317452163974,1.7901230591775885,0.3347086860388089,0.0779371124661572,19.966371453282797,4.488344803382451,0.11053784062353651,0.7805458329656974,0.0037101458048395854,0.29,-1,-1,19,-1,10,1,1,0.12560153283126455,-0.9516163193332856,1,1,0.6442619801697308,0.006403215399245855,1,1,,,,,1,0.03509454593814942,-1,-1,-1,1,75,-1,0,0,0,66,0,0,1,1,0,0,1,1,,0,6,1,4,8,-0.0002142614383591738,-0.0009900356117287159,-0.0014037818375257527,0.00505854016539997,NEUTRAL,0.0003546396221117939,0.001812602513015798,0.0018421558148584195,0.001812602513015798,0.0018421558148584195,0.0038788708668475985,0.007036148613703906,0.0038788708668475985,NO_SETUP,,NO_SETUP
2026-08-04T06:30:00+00:00,PAXGUSD,15m,728,0.00024651793418509253,0.0,0.08356957968691908,0.08381609762110417,1.0,1,0,-0.002870256795123804,0.5447660614554479,0.0699546766089475,0.5850824679559992,0.0922131228205619,0.34120000214761603,0.073479459485151,0.14529474309711077,0.000728249334040713,0.0002225844621161442,-0.0001873366333541092,0,51.152139438967666,1.1521394389676658,1.7301513317347599,1.8086767020015304,-0.07852537026677053,-0.3939613094811205,18.726496647662884,4.438011590671606,0.10940494491979802,0.47990315752856416,0.003041906226156715,0.28,-1,-1,21,-1,12,1,1,0.08776038456797597,-0.023665721681253207,1,1,0.5472698138789551,-0.0912116356464888,1,1,,,,,-1,-0.06249229631455329,-1,-1,-1,1,100,-1,0,0,0,66,0,0,1,1,0,0,1,1,,0,6,1,4,8,0.0011857512634043993,-0.0022309873043264345,0.0024355971896955772,0.006902502157031924,DOWN,0.0016220880069024843,6.16294835449279e-05,0.002820165167015914,0.0024010846789103367,0.002820165167015914,0.0029064464439787904,0.008019228398866067,0.0029064464439787904,NO_SETUP,,NO_SETUP
2026-08-04T07:00:00+00:00,PAXGUSD,15m,730,0.050768051615827446,0.05347896699337484,0.0,0.10424701860920228,0.0,0,1,0.018196722447497402,0.30294908885571203,0.0898369860134435,0.47824798368446864,0.11558654257049705,0.29607305372474,0.09991740469571021,0.12633244527114584,0.0007164026356594609,0.0002574955655705354,-0.00015669137874786834,0,52.47098834560843,2.4709883456084327,1.581238727798791,1.7493317440842722,-0.16809301628548123,-0.32083295784801935,18.086182175160737,4.3184895858342,0.10642781660002416,0.5588506498213397,0.0030596406790921716,0.2,-1,-1,23,-1,14,1,1,0.014417140871486257,-1.0210293099241754,1,1,0.5759462943018996,-0.062351053683511605,1,1,,,,,-1,-0.016635162544026052,-1,-1,-1,1,100,-1,0,0,0,66,0,0,1,1,0,0,1,1,,0,7,1,4,8,0.0002686270692294212,-0.002516222364066086,0.00045346220860743863,0.008706967298967123,DOWN,0.0025310091752163144,6.161171312600581e-05,0.0025310091752163144,0.00319395120845215,0.005276427112111102,0.00319395120845215,0.01023986672154221,0.00319395120845215,NO_SETUP,,NO_SETUP
2026-08-04T07:30:00+00:00,PAXGUSD,15m,732,0.01773892733692517,0.08598452278589316,0.01108682958556983,0.11481027970838815,0.0965665236051142,0,1,0.03756443701569208,0.49139369858721693,0.10952775537675108,0.5484865085836645,0.13908262370231403,0.3396874815753108,0.12671463547053877,0.15188315054547274,0.0007196331836105901,0.00029554868325562945,-0.0001236798823177526,0,53.95022968856578,3.950229688565777,1.5497414233796007,1.6864877751023317,-0.13674635172273097,-0.06745953633917945,18.310267932403452,4.328391530642768,0.10664030951084336,0.6430798324741883,0.0030086518730916634,0.25,-1,-1,25,-1,16,1,1,0.043977757356107844,-0.991162564950355,1,1,0.6053408953723501,-0.03276774077514006,1,1,,,,,1,0.012934634516494398,-1,-1,-1,1,100,-1,0,0,0,66,0,0,1,1,0,0,1,1,,0,7,1,4,8,-0.0014856351644668949,-0.0029392417101311045,0.0036537262834236937,0.007467595660861261,DOWN,0.00223461209647024,0.0015373737025329173,0.00223461209647024,0.003488655709594014,0.004979218353876827,0.003488655709594014,0.009941190528398388,0.003488655709594014,NO_SETUP,,NO_SETUP
2026-08-04T08:00:00+00:00,PAXGUSD,15m,734,0.062256541243106756,0.10113612035936856,0.011319371135112354,0.17471203273758767,0.4211267605633549,1,0,0.13596713499637805,1.1197123020178879,0.21598611665676623,0.8097332207262298,0.2519359073777093,0.4809800026391713,0.24430031247406064,0.22692321092881684,0.000800189816603882,0.00035949790720943097,-7.63559490364872e-05,0,60.80339238231236,10.80339238231236,1.9685635690420895,1.7422828202052711,0.22628074883681837,0.3409102730418492,19.920354462930653,4.4011131055032,0.10829963619302972,0.9387470914898293,0.0033883846828389945,0.28,1,-1,27,1,0,1,1,0.16597643110070773,-0.8679004781204046,1,1,0.7266544122170402,0.08932460265316484,1,1,,,,,1,0.1349711971219188,-1,-1,-1,1,75,-1,0,0,0,66,0,0,1,1,0,0,1,1,,0,8,1,4,8,-0.003843664720226951,-0.003432722333365278,-0.0007062303295167098,0.004675392425372124,DOWN,0.00010827224564020999,0.004200470984268463,0.00010827224564020999,0.004704921219637606,0.0037526176045749944,0.004704921219637606,0.008708533575469527,0.004704921219637606,NO_SETUP,,NO_SETUP
2026-08-04T08:30:00+00:00,PAXGUSD,15m,736,0.05719300667580843,0.044866927650839376,0.013558686927458112,0.11561862125410592,0.11727078891261737,0,1,-0.042554553370618246,0.4433019070938826,0.02941547399301527,0.5523450453533769,0.0663520499449187,0.3635491624218048,0.060763608705963465,0.1728884452359125,0.0007197002736363351,0.00036936575951903417,-5.588441238955229e-05,0,48.508450039878696,-1.4915499601213043,1.4016061208808424,1.677897658024792,-0.2762915371439496,-0.2731909687188867,20.00126178576216,4.584174055255308,0.11300978333847679,0.34798176467787345,0.0029500938602324664,0.42,1,-1,29,1,2,1,1,0.08628255317470492,-0.10526471487313953,1,1,0.5457987792251302,-0.09269211426767716,1,1,,,,,-1,-0.10058080484365423,-1,-1,-1,1,75,-1,0,0,0,66,0,0,1,1,0,0,1,1,,0,8,1,4,8,-0.0022137637928824334,-0.00041415625523854324,0.005766139767875249,0.004082397373066025,NEUTRAL,-2.4652158050453795e-06,0.0028916981392551147,0.0002958258965989434,0.0028916981392551147,0.007257595329895192,0.0028916981392551147,0.01054619321375398,0.0028916981392551147,NO_SETUP,,NO_SETUP
2026-08-04T09:00:00+00:00,PAXGUSD,15m,738,0.12847595399573244,0.0,0.017047770818653718,0.14552372481438616,0.11714770797956107,0,1,-0.22820942873741845,-1.6612426565511669,-0.1828395838066168,-0.34773531184464446,-0.1520985680563334,-0.08798104686729857,-0.1593361488706871,-0.05133745897865083,0.0004536984493080163,0.0003074101575028339,-7.237580814353686e-05,0,37.5624509848143,-12.437549015185702,-0.08707899346609338,1.1865472443167906,-1.273626237782884,-1.2923771262049153,18.430956074316803,4.639670486419108,0.11463194076317454,-0.28557549586063335,0.003346342642797613,0.48,-1,-1,0,-1,1,1,1,0.10895749175406379,-0.1685011550482443,1,1,0.32489592212379736,-0.31229539586654137,1,1,,,,,-1,-0.3229193689854146,-1,-1,-1,1,100,-1,0,-1,0,61,0,0,1,1,0,0,1,1,1.1348,0,9,1,4,8,-0.00017788978245557077,0.004677018863729086,0.009161323796464536,0.0074219570346761455,UP,0.00040519339337121584,0.0006769694499005008,0.004677018863729086,0.0006769694499005008,0.010273134936812162,0.0006769694499005008,0.012790769496843801,0.0006769694499005008,NO_SETUP,,NO_SETUP
2026-08-04T09:30:00+00:00,PAXGUSD,15m,740,0.010871015402253624,0.01630652310337482,0.06794384626407672,0.09512138476970518,0.7142857142857312,0,1,-0.1882048839140034,-2.5814253945909513,-0.16925009544727576,-0.8420655454592634,-0.14625642892286342,-0.35080896386170934,-0.15612103850075185,-0.18492895505096385,0.00018954788466727626,0.00022993666524412352,-9.864609577888434e-05,0,38.018765686237096,-11.981234313762904,-1.2866224503954982,0.38513939173908907,-1.6717618421345872,-0.9799864250854649,17.792448089554526,4.428746490840956,0.1094203893513699,-0.025487668462767336,0.004508098952633909,0.33,-1,-1,2,-1,3,1,1,0.1092042910862633,-0.08400330083558802,1,1,0.32514218794008726,-0.31204755575101695,1,1,,,,,-1,-0.32267150262139577,-1,-1,-1,1,100,-1,0,-1,0,61,0,0,1,1,0,0,1,1,1.0211,0,9,1,4,8,0.001173575526379507,0.0029771758090259524,0.006759795031945993,0.007110632347200403,UP,0.0025151576544301456,0.0006720264066847491,0.00781230697770945,0.0006720264066847491,0.010270638869809749,0.0006720264066847491,0.012788267209558642,0.0006720264066847491,NO_SETUP,,NO_SETUP
2026-08-04T10:00:00+00:00,PAXGUSD,15m,742,0.012849214468215043,0.0,0.022486125319373513,0.03533533978758856,0.6363636363636075,0,1,-0.16570868406875341,-2.2332303116727417,-0.16860126159587788,-0.8267433197411265,-0.153134275423507,-0.36200751444084744,-0.16577063399902686,-0.19380538969289773,-2.892577527124473e-05,0.00015466986172370863,-0.0001263635857551986,0,37.37159148798094,-12.628408512019057,-2.0591666233963224,-0.4385347657143295,-1.620631857681993,-0.08676228950577336,17.607745315331783,4.05743957628632,0.10025944482216984,0.07547046380032806,0.005281066383062443,0.16,-1,-1,4,-1,5,1,1,0.09636910851161844,-0.09686330906808781,1,1,0.31233475168892727,-0.3249368658789132,1,1,,,,,-1,-0.23190361112346028,-1,-1,-1,-1,100,-1,0,-1,0,61,0,0,1,1,0,0,1,1,7.3743,0,10,1,4,8,0.0024561767656550515,0.006612403445566221,0.008119715142799282,0.006733482581901387,UP,0.0026439729771135273,0.0005436206121168767,0.007941802942470082,0.0005436206121168767,0.010400450710907536,0.0005436206121168767,0.012918402546121316,0.0005436206121168767,NO_SETUP,,NO_SETUP
2026-08-04T10:30:00+00:00,PAXGUSD,15m,744,0.07802700326924031,0.041235789702412734,0.043951919563042494,0.16321471253469552,0.7473524962178456,1,0,-0.06942191069415034,-1.6605354705529862,-0.08558067273992331,-0.6957749752778,-0.07576491947618572,-0.3140609400093126,-0.09044668078190471,-0.17307955835758548,-0.00016158762045772966,9.815753263737605e-05,-0.00014681761305718996,0,43.77192693352665,-6.22807306647335,-2.2608488605465027,-1.1053153074361717,-1.155533553110331,0.5185312190213502,16.7337190434055,4.128506573430567,0.1019414543994036,0.27973834030765715,0.005558561354003623,0.18,-1,-1,6,-1,7,1,1,0.16889389315239328,-0.02419824784931944,1,1,0.38470275662488584,-0.2521062352464773,1,1,,,,,-1,-0.15914051774372842,-1,-1,-1,-1,100,-1,0,-1,0,61,0,0,1,1,0,0,1,1,7.4305,0,10,1,4,8,0.005335960571671178,0.002735883532351558,0.007439726609183509,0.005802641065908125,UP,0.007210090175511328,-8.642231374754537e-05,0.007210090175511328,-8.642231374754537e-05,0.009666953094906538,-8.642231374754537e-05,0.012183077029442883,-8.642231374754537e-05,NO_SETUP,,NO_SETUP
2026-08-04T11:00:00+00:00,PAXGUSD,15m,746,0.07497361126183592,0.020963016306758203,0.024415748404339143,0.12035237597293326,0.82581967213117,1,0,0.047178783914647034,-0.1404383330377641,0.03456258567867454,-0.12881034818974513,0.044147377298984256,-0.04044615949624131,0.0300397523047686,-0.03783578600814508,-0.00012616198235972494,9.584791620309713e-05,-0.00014107624994215656,0,52.516345827929115,2.516345827929115,-1.5633738536289457,-1.3395306277483179,-0.22384322588062777,1.2877453878964085,16.53120072507531,4.423049035253899,0.10908288123721006,0.5260433156498568,0.005318001766653438,0.37,-1,-1,8,-1,9,1,1,0.15007053438428009,-0.14674111414731866,1,1,0.5045921336897877,-0.131450443429449,1,1,,-0.24785683986228976,,,-1,-0.038966547958447034,-1,-1,-1,-1,100,-1,0,-1,0,61,0,0,1,1,0,0,1,1,2.4659,0,11,1,4,8,0.002014915802661469,0.0061828566918879805,0.0064714064457575245,0.005719204095926664,UP,0.0059978889009459765,0.000503112391362354,0.0076749302054868575,0.000503112391362354,0.008451794927443296,0.000503112391362354,0.010964890647042003,0.000503112391362354,NO_SETUP,,NO_SETUP
2026-08-04T11:30:00+00:00,PAXGUSD,15m,748,0.23337710691082084,0.0,0.0,0.23337710691082084,1.0,1,0,0.29256038621700176,1.8377364212547036,0.30440110862026043,0.700525318722157,0.3213824170209025,0.3776029007717625,0.3117616733862234,0.17286713294924994,0.00011840722403258692,0.0001698130840064204,-9.620743634679054e-05,0,66.99865910105262,16.998659101052624,0.14500375430861823,-0.9942233504433631,1.1392271047519813,1.8522451601199377,18.274889354206486,4.768904525295459,0.11727641109034223,0.9914720725475265,0.005891882132933382,0.67,1,-1,10,1,0,1,1,0.24911592128625729,-0.8046468849443548,1,1,0.7889080705689071,0.1519779263128456,1,1,,-0.5329064179934012,,,1,0.3735509224420863,-1,-1,-1,1,75,-1,0,0,0,61,0,0,1,1,0,0,1,1,0.7439,0,11,1,4,8,0.00014017381553118718,0.004463429389284841,0.004456051820046304,0.0032215385674727666,UP,0.003123170977626247,0.0018886577250528211,0.005570064775057936,0.0019821069354069086,0.005570064775057936,0.0019821069354069086,0.00807597912639747,0.0019821069354069086,NO_SETUP,,NO_SETUP
2026-08-04T12:00:00+00:00,PAXGUSD,15m,750,0.2872267835280577,0.010346076250583758,0.018721471310582268,0.31629433108922367,0.0591900311526643,0,1,0.0759320415133571,3.1964236917751805,0.11413170592487962,1.3801465937140165,0.1409786026444516,0.7396025909670243,0.13731709014563898,0.36042452741094166,0.00038199664411522514,0.00026846896719572,-3.6615124988126505e-05,0,53.85347545554289,3.853475455542892,1.5482270873881134,-0.09032473192300133,1.6385518193111148,1.396549814843276,22.098607358560173,6.006096248851708,0.14795126133084308,0.6484368210561512,0.006910720737859701,0.89,1,1,1,1,2,1,1,-0.02734320151938713,-0.9752408541917655,1,1,0.6210109101837422,-0.5347936080955592,1,1,,-0.3645760202586071,,,1,0.2049508438210675,-1,-1,-1,1,50,-1,1,1,2,60,0,0,1,1,0,0,1,1,,0,12,1,4,8,0.0036137366332388925,0.0037713911284859365,0.008249764134094947,0.00324669726149211,UP,0.006495857874472507,0.0002931388270998358,0.007271813593266178,0.0002931388270998358,0.009781968759776435,0.0002931388270998358,0.009781968759776435,0.0002931388270998358,NO_SETUP,,NO_SETUP
2026-08-04T12:30:00+00:00,PAXGUSD,15m,752,0.24596803888356977,0.12715712988193267,0.0,0.37312516876550245,0.6592105263157765,1,0,0.3698644562071045,2.529770867870411,0.43649746523412886,1.230700488853472,0.47478355517833254,0.6873997641478127,0.4781681097019199,0.34129085195945663,0.0006663300902702437,0.0003828608994420363,3.384554523587466e-05,1,65.27949495523544,15.279494955235435,2.940701945091405,0.8277959256702183,2.1129060194211866,0.13586336465085425,25.258492694593013,6.7948993166119545,0.1667992075168018,1.0348881874947007,0.008038873618884381,1.0,1,1,3,1,4,1,1,0.3210840268060959,-0.623511795173934,1,1,0.9671797137737104,-0.18459876770504546,1,1,,-0.7116380685862922,,,1,0.2894174828779725,-1,-1,-1,1,50,-1,1,1,2,60,0,0,1,1,0,0,1,1,,0,12,1,4,8,0.001342759653386419,0.001497410216756355,0.0037999852713749217,0.0010481871517293816,NEUTRAL,0.00376316370866789,0.0037754375629034183,0.00376316370866789,0.0037754375629034183,0.00626457520190501,0.0037754375629034183,0.00626457520190501,0.0037754375629034183,NO_SETUP,,NO_SETUP
2026-08-04T13:00:00+00:00,PAXGUSD,15m,754,0.16621685512785153,0.0,0.06500925889444546,0.23122611402229698,0.2811501597443992,0,1,0.034200316387764766,2.5243249054451553,0.1090441928014327,1.3391356684883249,0.1533170763063174,0.7658450238623118,0.1612101682590875,0.38822402981168125,0.0007484387641366794,0.000442728835048847,7.893091952770083e-05,1,52.12328246716198,2.123282467161978,2.917384009392663,1.6278423543581828,1.28954165503448,-0.2700349559172117,27.369565052126713,7.037642778099064,0.17329997779094264,0.6372175991611165,0.008197854378804405,1.0,1,1,5,1,6,1,1,0.00837240455459166,-0.9391867932705646,1,1,0.6564950159568145,-0.49889681257634205,1,1,,-0.40015168827075376,,,-1,-0.192811551948306,-1,-1,-1,1,50,-1,1,1,2,60,0,0,1,1,0,0,1,1,,0,13,1,4,8,0.004772270596115231,0.0046910090224971885,0.005385426106142363,0.0022605492297387408,UP,0.0069121587013908446,0.0002930341594105962,0.0069121587013908446,0.0002930341594105962,0.00942141759583946,0.0002930341594105962,0.00942141759583946,0.0002930341594105962,NO_SETUP,,NO_SETUP
2026-08-04T13:30:00+00:00,PAXGUSD,15m,756,0.13824105416156734,0.1428981109506996,0.058090655738104055,0.339229820850371,0.5787572254335218,1,0,0.41841528654381205,3.334424695841335,0.532366234796616,1.7593482276206487,0.5936949525714436,1.0001810684125303,0.6120120646446172,0.5134244153500731,0.0011395094825280404,0.0006132871777482739,0.00018317112073173698,1,64.31931466090793,14.319314660907935,4.730013128782048,2.5805716259952285,2.1494415027868192,0.2387974430694424,30.201681878497446,8.788528721932343,0.21541409132077421,1.0162280878742174,0.010258813712308476,1.0,1,1,0,1,8,1,1,0.24670145569789917,-0.4723236017187098,1,1,0.41214952583807657,-0.23738734211964582,1,1,,-0.8608201812330389,,,1,0.27525656706283264,-1,-1,-1,1,50,-1,1,1,2,52,0,0,1,1,0,0,1,1,,1,13,1,4,8,-2.4510825205372605e-06,0.00028677665490965866,-0.001674089361566518,-0.0038727103825403823,NEUTRAL,0.0022549959189476702,0.002103028802670682,0.0022549959189476702,0.002213327516097422,0.004752649007434213,0.002213327516097422,0.004752649007434213,0.004164389202491227,NO_SETUP,,NO_SETUP
2026-08-04T14:00:00+00:00,PAXGUSD,15m,758,0.1309820224114002,0.02350331617100576,0.017627487128257104,0.17211282571066305,0.8634423897582338,1,0,0.44761993981822623,5.284370329248759,0.6020299030959355,2.7160611666727164,0.6828620858825601,1.5193662044412122,0.713285568613359,0.7856340256994372,0.0015440996327770926,0.0008083218278662463,0.00030423482730798955,1,66.59739132307993,16.597391323079933,6.338412180858086,3.7875328519587375,2.5508793288993483,0.889403745137987,33.01767337550774,8.852047724523299,0.2167213296149936,0.9749522486628229,0.01193454285781105,0.99,1,1,0,1,10,1,1,0.3614858992344253,-0.3567117881371948,1,1,0.5267435910618815,-0.12204586574219486,1,1,,-0.9748979686769386,,,1,0.39000815271279277,-1,-1,1,1,50,-1,1,1,2,52,0,0,1,1,0,0,1,1,,1,14,1,4,8,-0.0026441230692393447,-7.344786303491488e-06,-0.0017235765192079426,-0.004247734745491002,NEUTRAL,0.00035989452886863355,0.003361463864875522,0.00035989452886863355,0.003361463864875522,0.0035964970265856913,0.003361463864875522,0.0035964970265856913,0.005310280497388941,NO_SETUP,,NO_SETUP
2026-08-04T14:30:00+00:00,PAXGUSD,15m,760,0.08098517235116465,0.07681320892702276,0.08761123190718027,0.24540961318536772,0.35700000000001636,0,1,0.16055434975164717,3.9554142604501976,0.3319883593362558,2.355841161546323,0.4260709947258523,1.3835494725744866,0.46591880996118257,0.7318178523232746,0.0017143400958460865,0.0009408263538959648,0.0003984781523533025,1,57.22614391638429,7.226143916384288,6.371222180016957,4.761653843230475,1.6095683367864826,-0.6673972381682027,33.79888443215179,8.98299012981857,0.2204512133006751,0.713969958875975,0.0118865948816261,0.99,1,1,2,1,12,1,1,0.12405455946519935,-0.5958545408140776,1,1,0.28970604836532254,-0.36062942657589064,1,1,,-0.7389283453011453,,,1,0.028099400709724155,-1,-1,1,1,50,-1,1,1,2,52,0,0,1,1,0,0,1,1,,1,14,1,4,8,0.0015681674282544682,0.0044615467677099445,0.00034848165072312836,-0.00013497528725199686,UP,0.0020491702700977978,0.0009865466450051737,0.005987994561722994,0.0009865466450051737,0.005987994561722994,0.0009865466450051737,0.005987994561722994,0.0029400071659607093,NO_SETUP,,NO_SETUP
2026-08-04T15:00:00+00:00,PAXGUSD,15m,762,0.01348105299279822,0.004902201088284183,0.10196578263640017,0.12034903671748257,0.9592668024440277,1,0,0.2311477060084585,2.7805998821377216,0.41874687716914855,1.9760532982982113,0.5261331829413296,1.2271844310071174,0.5757783746972502,0.6655542875141691,0.0018759917116069004,0.0010738630577218106,0.0004964519175592056,1,60.394038313382794,10.394038313382794,6.493425368820226,5.3832723833249645,1.1101529854952616,-1.176762642805203,33.643035997915156,8.519414958874172,0.20881942641487747,0.7655156817762381,0.011162912342102217,0.94,1,1,4,1,14,1,1,0.24596793960487903,-0.4730624050198583,1,1,0.4114172263346207,-0.23812441786361319,1,1,,-0.8600911809402457,,,0,-0.008333741850094258,-1,-1,1,1,50,-1,1,1,2,52,0,0,1,1,0,0,1,1,,1,15,1,4,8,0.0009779891171135305,0.002299132310407288,-0.0013750674052649952,7.843521741254693e-05,UP,0.0011961370655423438,0.0022059904897298887,0.004760037256728289,0.0022059904897298887,0.004760037256728289,0.0022059904897298887,0.004760037256728289,0.004157066522868777,NO_SETUP,,NO_SETUP
2026-08-04T15:30:00+00:00,PAXGUSD,15m,764,0.1539211913696339,0.0558822159749546,0.021323477148337648,0.23112688449292615,0.7582184517497577,1,0,0.20668280250445278,2.2003550055592314,0.39707875348001553,1.7904897997746048,0.5134093233593522,1.161669895921932,0.5709094980044691,0.6435280151440566,0.0019039595097556279,0.001163305698793366,0.0005750017464511693,1,58.99770124720527,8.99770124720527,5.946978154204771,5.585748813674128,0.3612293405306435,-1.015091834352054,32.3401694023629,8.616332285968024,0.21118409724407597,0.7452794634640654,0.009424753660394775,0.94,1,1,6,1,16,1,1,0.25110232572959107,-0.4678910100710573,1,1,0.4165430967080936,-0.2329651152815717,1,1,,-0.8651939578579508,,,0,-0.00318626670032939,-1,-1,1,1,50,-1,1,1,2,47,0,0,1,1,0,0,1,0,,1,15,1,4,8,0.0019877402261268165,0.0006911747765323391,-0.0016249960171666512,0.0015490158112356853,NEUTRAL,0.0020122499699754613,0.00020097989955910982,0.0047083217933289465,0.00020097989955910982,0.0047083217933289465,0.002416660743478601,0.0047083217933289465,0.004208323018816148,NO_SETUP,,NO_SETUP
2026-08-04T16:00:00+00:00,PAXGUSD,15m,766,0.025728987993143392,0.024258760107811365,0.02719921587846428,0.07718696397941904,0.3523809523809826,0,1,0.1885629563013786,2.615075185956357,0.3886565945082308,1.9910365279733924,0.5163655852932545,1.2874469806811248,0.5831965941231179,0.7170137602470277,0.0020009363820685223,0.0012770899078502376,0.0006683100882986326,1,59.57243315695999,9.572433156959988,5.9159632634882655,5.714419699980508,0.20154356350775782,-0.24713281735824566,31.716665167353092,7.918368144533661,0.19403009420567657,0.7351460367713758,0.007974234135453052,0.89,1,1,8,1,18,1,1,0.2753001715265786,-0.4435187454055468,1,1,0.4407008086253289,-0.20864984072530932,1,1,,-0.8892428326390582,,,1,0.026586620926244458,-1,-1,1,1,50,-1,1,1,2,55,0,0,1,1,0,0,1,0,,0,16,1,4,8,0.0019480519480519034,-0.0019603038470963,-0.000747365841705509,0.003428081352609601,DOWN,0.004464592011761886,0.00039941190884589786,0.004464592011761886,0.0019603038470963,0.004464592011761886,0.0026586620926243344,0.004464592011761886,0.004449889732908565,NO_SETUP,,NO_SETUP
2026-08-04T16:30:00+00:00,PAXGUSD,15m,768,0.024727628840744722,0.011017260374582399,0.07173460643897261,0.10747949565429973,0.8974943052392185,1,0,0.22586726064073226,2.779732748594597,0.43821975651083933,2.1093805089053603,0.5783599625026248,1.3754816054952244,0.6553228473227155,0.7727898299435765,0.0021235249587010707,0.001401402059917854,0.0007696288482009074,1,62.07799896597482,12.077998965974821,6.095130074458211,5.8399589453470595,0.2551711291111518,-0.05796885260660556,31.589833030752647,7.493337838909114,0.1834578978800126,0.7955796557425246,0.00737671855576672,0.87,1,1,10,1,20,1,1,0.36075407026563033,-0.35744889215327125,1,1,0.5260129758844332,-0.12278124617455925,1,1,,-0.9741706451218011,,,1,0.11225364181662473,-1,-1,1,1,50,-1,1,1,2,55,0,0,1,1,0,0,1,0,,0,16,1,4,8,-0.0007124495042232476,-0.001716244338352361,-0.00122903660178724,0.008826049700085735,DOWN,0.003603868282531584,0.0007124495042232476,0.003603868282531584,0.0031803158281306847,0.003603868282531584,0.003513281919451563,0.008985187905496345,0.005302974660301103,NO_SETUP,,NO_SETUP
2026-08-04T17:00:00+00:00,PAXGUSD,15m,770,0.11947226972880216,0.15196677253848656,0.007818226239925816,0.27925726850721455,0.45581802274714817,1,0,0.3647820221890033,3.766130435924424,0.5998787079411616,2.5766253755791695,0.7563700556109748,1.6421208916244723,0.8457464770416364,0.9192700689482081,0.002350966857521582,0.001564913476698133,0.0008937642143066162,1,67.84827311338215,17.84827311338215,6.903533908418922,6.137614570328058,0.765919338090864,0.5189334857358059,33.294153396796496,7.5242555855900095,0.1838322889223066,0.9829640204926622,0.007555144904786231,0.87,1,1,0,1,22,1,1,0.16198387490838284,-0.14903493769851855,1,1,0.43977522599560226,-0.25653554849743465,1,1,,-1.179819203518201,,,1,0.31969215734180395,-1,-1,1,1,50,-1,1,1,2,55,0,0,1,1,0,0,1,0,,0,17,1,4,8,-0.0030808697776692224,-0.004094795993159105,-0.004962130466650365,0.008446127534815467,DOWN,0.00041290007329588434,0.0031248473002687426,0.00041290007329588434,0.005250427559247442,0.00041290007329588434,0.005582702174444151,0.008465673100415254,0.007368678231126278,NO_SETUP,,NO_SETUP
2026-08-04T17:30:00+00:00,PAXGUSD,15m,772,0.005869147359611994,0.01736289427220216,0.09194997530067686,0.11518201693249103,0.8492569002123077,1,0,0.2229012038682975,3.567331263874621,0.4682470738754063,2.5877345354733734,0.6377452398815341,1.6850942906394266,0.7382618132929863,0.9554524393070096,0.0024534587000710883,0.0016949816600612773,0.001005165734114523,1,62.96064687837058,12.960646878370582,6.8708615979062415,6.40930782997519,0.4615537679310515,0.036850606097926786,34.826160861430154,7.204893846758751,0.17619409873761369,0.8043014553034386,0.007236979677703177,0.83,1,1,1,1,24,1,1,0.0687179336688516,-0.2425914241975293,1,1,0.34676878983072,-0.3501924591238381,1,1,,-1.0875040961757565,,,1,0.1019764353733418,-1,-1,1,1,50,-1,1,1,2,55,0,0,1,1,0,0,1,0,,0,17,1,4,8,-0.0034456785957085994,-0.003665771621694272,-0.0027413809125546042,0.007585872962305397,DOWN,0.00034970336351060387,0.004321159743518167,0.00034970336351060387,0.004321159743518167,0.00034970336351060387,0.004653744760563181,0.009437099858651515,0.006441389227179946,NO_SETUP,,NO_SETUP
2026-08-04T18:00:00+00:00,PAXGUSD,15m,774,0.04237257000658901,0.011266694915047561,0.02179860537910892,0.0754378703007455,0.8506493506493353,1,0,0.05805097923698047,1.3541645946911558,0.29048831881754456,1.7188506803813652,0.46484977852115283,1.2763639978975334,0.5726181378408078,0.7632348716369961,0.0023243733958056402,0.001743614597036083,0.0010776835931965505,1,55.30998996857013,5.309989968570129,5.612755701206424,6.208390901405519,-0.5956352001990943,-1.2208544708565672,33.55897401801389,7.030648265827693,0.1722003675349621,0.5410470677387099,0.004834234935983949,0.8,1,1,3,1,26,1,1,0.3199986284023484,-0.034412405120951534,1,1,0.19177874170611872,-0.5062664867261207,1,1,,-0.9336661090469085,,,-1,-0.05339433677131526,-1,-1,1,1,50,-1,1,1,2,55,0,0,1,1,0,0,1,0,,0,18,1,4,8,-0.0019177874170611872,-0.002314571020591065,-0.003108138227650932,0.011761449778707524,DOWN,0.00012001479366033768,0.0027725866617027183,0.00012001479366033768,0.0031056889461476074,0.00012001479366033768,0.004185822089090201,0.012366422310015304,0.004896113725038707,NO_SETUP,,NO_SETUP
2026-08-04T18:30:00+00:00,PAXGUSD,15m,776,0.18119322366806062,0.0002455192732571454,0.0,0.1814387429413178,0.0,0,1,-0.1655632591149817,-0.46699905060449964,0.03917506174989551,0.9186314815819969,0.21229651764736154,0.8856037195755562,0.3242802248402906,0.5760566360158919,0.002047383208648772,0.0017312145589746604,0.0011198370719292905,1,45.50889953498912,-4.491100465010881,3.7561222737313074,5.5140034383111,-1.7578811645797927,-1.5498486505001994,30.778958298262644,6.784997739412648,0.16658477140713598,0.05255781270325546,0.004921558152241018,0.77,1,1,5,1,28,1,1,0.07942548490055666,-0.2758409035109176,1,1,-0.04910385465259023,-0.748833783452001,1,1,,-0.6945740240608879,,,-1,-0.2948686471888097,-1,-1,1,1,50,-1,1,1,2,55,0,0,1,1,0,0,1,0,,0,18,1,4,8,1.9641541861018227e-05,0.0012153204026515636,-0.0022023078811686226,0.013614043702430596,NEUTRAL,0.0015320402651607615,0.0003658237171617436,0.0015320402651607615,0.0006997299287993884,0.0018684016695310894,0.002494475816351548,0.01480972256322114,0.002494475816351548,NO_SETUP,,NO_SETUP
2026-08-04T19:00:00+00:00,PAXGUSD,15m,778,0.05861449077741142,0.03997557320803016,0.020355659977091968,0.11894572396253356,0.6639175257731671,1,0,-0.04016712024619497,-1.3254119212429032,0.13999013865934182,0.4426429016834845,0.31068871411361426,0.6432194937315217,0.42602510567566465,0.45954552716193575,0.0018015725890553678,0.0017069857545427244,0.0011533639156205045,1,50.11746240219123,0.11746240219122939,2.489291441650039,4.4999973174781145,-2.0107058758280756,-0.9910371880301883,27.056600119610202,6.502523561024142,0.15947368506174492,0.31232292142832485,0.0051475772282156785,0.74,1,1,7,1,30,1,1,0.18945478713619052,-0.018638917569392403,1,1,0.06106697993127591,-0.6378924289207385,1,1,,-0.8039259446375036,,,-1,-0.18442718437078784,-1,-1,1,1,50,-1,1,1,2,55,0,0,1,1,0,0,1,0,,0,19,1,4,8,-0.0016725976029370298,0.0004880453416195347,-0.002528516317636572,0.013167414267110529,NEUTRAL,0.0004291856019266755,0.0018001270389380946,0.0007651766160065005,0.0018001270389380946,0.0007651766160065005,0.0035928966104146515,0.013692246946037864,0.0035928966104146515,NO_SETUP,,NO_SETUP
2026-08-04T19:30:00+00:00,PAXGUSD,15m,780,0.03042019115655069,0.016927364433891395,0.014964771456050853,0.062312327046492935,0.728346456692888,1,0,-0.055372019867589925,-0.8031149740786532,0.10210406431079945,0.5290602102818411,0.2697249635325406,0.6795896733719928,0.38795861391219694,0.48159110965434593,0.0015747608417838938,0.0016762089922174115,0.0011823365037965637,1,48.98738881753391,-1.0126111824660882,1.5077268070049286,3.484835543162533,-1.9771087361576045,0.0682098713462631,24.239128379388454,6.076716743944277,0.14907652012502398,0.26689291723877717,0.005252451667832013,0.71,1,1,9,1,32,1,1,0.1588473691440998,-0.04931014856829378,1,1,0.03042019115655069,-0.6687535571997777,1,1,,-0.7735069573921003,,,-1,-0.2238582615351514,-1,-1,1,1,50,-1,1,1,2,55,0,0,1,1,0,0,1,0,,0,19,1,4,8,-0.0007065334720231523,-0.0008709006339174649,-0.0004832885207936235,0.017827703962475242,NEUTRAL,1.9625929778516964e-05,0.0014940239043823944,0.001072066414146455,0.0014940239043823944,0.001072066414146455,0.003287343237885806,0.018095107255706292,0.003287343237885806,NO_SETUP,,NO_SETUP
2026-08-04T20:00:00+00:00,PAXGUSD,15m,782,0.02749012687184179,0.0004908951227110619,0.0007363426840721737,0.02871736467862502,0.9829059829059995,1,0,-0.08419139705723268,-1.1145680400054516,0.04887915128544915,0.2904550422476859,0.21146402384863505,0.5513046160886006,0.33141578848678893,0.42055121243083704,0.0013307054834268183,0.001625848725631859,0.001199517646381539,1,47.062738009919,-2.937261990080998,0.563457866691806,2.4925216478138563,-1.9290637811220503,0.15447457998267566,21.081369548652777,5.624311886360119,0.13804736368112727,0.2241146947988049,0.005711136382708146,0.68,1,1,11,1,34,1,1,0.1086105458999145,-0.0026999231749164207,1,1,-0.019881252469814745,-0.7194068023337141,1,1,,-0.7235794108767637,,,-1,-0.029085536020655525,-1,-1,1,1,50,-1,1,1,2,55,0,0,1,1,0,0,1,0,,0,20,1,4,8,0.0010038805259450702,0.0009277917819246882,0.001455504038839582,0.022166369266038145,NEUTRAL,0.0013524160630701474,0.0009916081478772377,0.0015757733439039595,0.0009916081478772377,0.0015757733439039595,0.0027858298213877873,0.022414271303007507,0.0027858298213877873,NO_SETUP,,NO_SETUP
2026-08-04T20:30:00+00:00,PAXGUSD,15m,784,0.06652951602845883,0.0,0.0,0.06652951602845883,1.0,1,0,-0.07947749611581331,-1.3637620463537132,0.029280158590523717,0.07002020624213401,0.18539838952200455,0.4275146105560452,0.30608180891016823,0.3603373323303458,0.0010875765470633703,0.0015611823093148083,0.001206834193881637,1,46.83237998311781,-3.1676200168821893,-0.25103682313783793,1.5426803133608227,-1.7937171364986606,0.24647466377399785,19.456214571867747,5.311064840790103,0.13038471345148508,0.2291968367401281,0.006113600944206391,0.65,-1,1,13,-1,1,1,1,0.08874693743279001,-0.02258566595800227,1,1,0.2544569865811631,-0.7394350637554044,1,1,,-0.7038380902346473,,,-1,-0.04897652563718315,-1,-1,1,1,50,-1,1,0,2,60,0,0,1,1,0,0,1,1,1.8833,0,20,1,4,8,0.0011440130800465104,-0.0007954082359122489,0.0031791779799576316,0.022929360874752572,NEUTRAL,0.0017749387486559118,0.00035351477151654263,0.0017749387486559118,0.001875592259990555,0.0031791779799576316,0.0025875317304056983,0.02362657056302132,0.0025875317304056983,NO_SETUP,,NO_SETUP
2026-08-04T21:00:00+00:00,PAXGUSD,15m,786,0.1128017754018541,0.0,0.0,0.1128017754018541,1.0,1,0,0.03644850924007868,-0.4945535118681619,0.13468825559966388,0.31885371595126344,0.28778545554589235,0.5387992057703741,0.4106405686476616,0.4174633968868875,0.000982397463595852,0.001530971999462285,0.0012285511310176915,1,52.43324524604741,2.433245246047413,-0.2081295829152623,0.8760795521437855,-1.084209135059048,0.9214390662544263,17.784822309969492,5.008163051497567,0.12281080080671825,0.4359923346440143,0.006280516235916176,0.63,-1,1,15,-1,3,1,1,0.20071359384002968,-0.0073566375262124825,1,1,0.3662379381797102,-0.6265402959820543,1,1,,-0.8151154379038436,,,1,0.07981951715935971,-1,-1,1,1,50,-1,1,0,2,60,0,0,1,1,0,0,1,1,134.7113,0,21,1,4,8,-0.0007896124278129452,-0.0034134798121604284,0.004178570114886147,0.019409262006645632,DOWN,0.0006522885273238537,0.001412474405031882,0.0006522885273238537,0.0037052931007000266,0.004718056866808025,0.0037052931007000266,0.022526024105249103,0.0037052931007000266,NO_SETUP,,NO_SETUP
2026-08-04T21:30:00+00:00,PAXGUSD,15m,788,0.029660643023131292,0.02769960877366991,0.006618490591937742,0.06397874238873895,0.5670498084290981,1,0,0.0630612065749425,0.600240775999282,0.16001419203222,0.7189572364468404,0.31300225627083106,0.733968337981878,0.43941022210701314,0.5183636043684601,0.0009695298545727751,0.0015298806423861104,0.001264079658361821,1,54.27331145754486,4.273311457544857,0.25589037568715867,0.611607094378055,-0.3557167186908964,1.2264771911182044,17.00753892043593,4.6320385495055385,0.11354482800517561,0.5167266081238646,0.006104451636867581,0.5,1,1,17,1,0,1,1,0.0368919568180285,-0.11655897320245852,1,1,0.40360536146763043,-0.5888005334013154,1,1,,-0.8523145106729284,,,1,0.11729436104602325,-1,-1,1,1,50,-1,1,1,2,60,0,0,1,1,0,0,1,1,,0,21,1,4,8,-0.0016350123054899332,-0.0030150901585496636,0.010067459578181573,0.019139694274760602,DOWN,0.0,0.0017869924598233019,0.0,0.004078951238883356,0.010226793610950366,0.004078951238883356,0.022142527969251077,0.004078951238883356,NO_SETUP,,NO_SETUP
2026-08-04T22:00:00+00:00,PAXGUSD,15m,790,0.13136280934713687,0.0,0.00810275272608343,0.1394655620732203,0.05809859154928464,0,1,-0.09608788369857524,-0.033272289941123745,-0.010893630523910933,0.4478494135746587,0.13849763659456898,0.5962419057509578,0.266714271964231,0.4533639537785348,0.000851942531746643,0.0014939126711847992,0.0012821663536966201,1,45.259627491961545,-4.740372508038455,-0.024989936859128647,0.4408095589404344,-0.46579949579956303,0.2363736165724627,16.00901778673701,4.495176096257319,0.11037363747933968,0.25590108330346956,0.004876803576627297,0.43,1,1,19,1,2,1,1,0.0718198537084759,-0.28347357643227494,1,1,0.23755797765112807,-0.756502459062682,1,1,,-0.6870152159874682,,,-1,-0.06604971161566568,-1,-1,1,1,50,-1,1,1,2,60,0,0,1,1,0,0,1,1,,0,22,1,4,8,-0.0023056014575133076,0.00038794997900648646,0.013475123321441027,0.020747957738005973,NEUTRAL,0.0016033628879192241,0.0024185489197557164,0.0016033628879192241,0.0024185489197557164,0.01349476635835273,0.0024185489197557164,0.023846646810830274,0.0024185489197557164,NO_SETUP,,NO_SETUP
2026-08-04T22:30:00+00:00,PAXGUSD,15m,792,0.07283035431844276,0.030652506026282687,0.0,0.10348286034472544,0.7037914691942988,1,0,0.03427945240840302,-0.44320021920384534,0.11247089836308741,0.23169797846730944,0.2588359236195127,0.4792791803020009,0.3887894965113326,0.3968967583373342,0.0007819144595468439,0.0014636502525642529,0.001299535728918199,1,52.31198118121301,2.3119811812130067,0.016077393182513333,0.26168110307755643,-0.2456037098950431,-0.028213063944123262,14.816071916482082,4.365126327895323,0.1070416488570373,0.63269561804402,0.003138267739197515,0.27,1,1,21,1,4,1,1,0.2012030495565066,-0.1536303602037257,1,1,0.3667265820984331,-0.6260467830808025,1,1,,-0.8156018803473238,,,1,0.06351199248645015,-1,-1,1,1,50,-1,1,1,2,60,0,0,1,1,0,0,1,1,,0,22,1,4,8,-0.002280546448355365,0.0005272231036520845,0.010355642635919347,0.0192718435888446,NEUTRAL,0.00016674963278304918,0.0037101793294211714,0.0006007891181152075,0.0037101793294211714,0.012211958400871178,0.0037101793294211714,0.022521009227630562,0.0037101793294211714,NO_SETUP,,NO_SETUP
2026-08-04T23:00:00+00:00,PAXGUSD,15m,794,0.04004776248483121,0.012775973308043012,0.10810438952960073,0.16092812532247494,0.6717557251908349,0,1,-0.13501605423046678,-0.7896038075568867,-0.07603346489018922,0.03840324732755107,0.06305839257598733,0.3719238551257149,0.19261044638401814,0.34454811828709353,0.0005898258934027757,0.0013909185746617653,0.001295520538080308,1,42.97946659231521,-7.020533407684788,-0.6992890528076714,-0.01515211022794126,-0.6841369425797301,-0.21322682902326123,14.13249654799117,4.65615484395058,0.11439790385467284,0.052605299898352414,0.0027747574318870223,0.51,-1,1,23,-1,0,1,1,0.23389858825494902,-0.0861149739321033,1,1,0.17505540349962276,-0.8196278260698681,1,1,0.2235795328907583,-0.6247942331221982,,,-1,-0.13672748357550488,-1,-1,1,1,50,-1,1,0,2,55,0,0,1,1,0,0,1,1,1.9506,0,23,1,4,8,0.0009016888853946235,0.003977750151100467,0.014915948837140858,0.020932940881640504,UP,0.0009483703263278726,0.0017935500990137261,0.003977750151100467,0.0017935500990137261,0.015522807569272762,0.0017935500990137261,0.024488101146398045,0.0017935500990137261,NO_SETUP,,NO_SETUP
2026-08-04T23:30:00+00:00,PAXGUSD,15m,796,0.017962465828254667,0.029035218736078137,0.011318814083558348,0.05831649864789115,0.5021097046413964,1,0,-0.23221192749721567,-2.7466371304490167,-0.2083986698966228,-0.8615970023706723,-0.08342264507226389,-0.1012640227340853,0.04189091266646022,0.10584465810961774,0.00023813257600592864,0.0012497602482435892,0.0012531355773872412,1,37.61703550802646,-12.382964491973539,-2.185630369244336,-0.6988879257778151,-1.486742443466521,-1.0635465328242604,15.603988490653455,4.715970248100236,0.11604171839529323,-0.08101734547455773,0.004168137865870118,0.52,-1,-1,0,-1,2,1,1,0.08390686092377046,-0.03555583989290701,1,1,0.02497520933654212,-0.3218480178541859,1,1,0.37425904828457424,-0.4753901915094171,,,-1,-0.287276422664196,-1,-1,1,1,60,-1,1,-1,2,55,0,0,1,1,0,0,1,1,2.6512,0,23,1,4,8,0.003100370814191802,0.007618054000585522,0.01585126094049493,0.021084982148261714,UP,0.003430092789669269,-0.00010334569380630015,0.008159388587190399,-0.00010334569380630015,0.017049578866297616,-0.00010334569380630015,0.026028351168667602,-0.00010334569380630015,NO_SETUP,,NO_SETUP
2026-08-05T00:00:00+00:00,PAXGUSD,15m,798,0.023357707305805813,0.028029248766955797,0.021636613083258042,0.07302356915601965,0.2962962962961999,0,1,-0.12969733559230262,-2.005523818802885,-0.12211159348206116,-0.6985753182202643,-0.0063881749727696,-0.04899408752226009,0.11658434061725852,0.12787441661839694,7.585742110241456e-05,0.0011572341850929156,0.001229725155900281,1,42.56439063244089,-7.43560936755911,-2.4267515878400445,-1.2956271839884477,-1.1311244038515968,0.11707641488137699,15.056996252040175,4.590862101678224,0.1128758034234586,0.17316046487218797,0.004416569370121379,0.44,-1,-1,1,-1,4,1,1,0.035036560958691954,-0.11445276579842054,1,1,0.10240510624067557,-0.24414950899640134,1,1,0.2965199474820378,-0.5524712454329487,,,-1,-0.20960468924414682,-1,-1,1,1,75,-1,1,0,2,55,0,0,1,1,0,0,1,1,0.5345,0,0,2,5,8,0.0026529438087323316,0.013122114093794802,0.01573571860601214,0.018632074311931167,UP,0.003643802339704701,-2.4587060322430478e-06,0.013281929985887023,-2.4587060322430478e-06,0.016261881696900526,-2.4587060322430478e-06,0.02523370000835974,-2.4587060322430478e-06,NO_SETUP,,NO_SETUP
2026-08-05T00:30:00+00:00,PAXGUSD,15m,800,0.011044923385043655,0.06307878466572328,0.0,0.07412370805076693,0.14900662251649696,1,0,0.03743899556318372,-0.2656555523535644,0.048537529545214994,-0.056762529429306596,0.1612874445446372,0.2536465981957008,0.28476122998867776,0.2774088456349091,0.0001109853398203127,0.0011274991499942222,0.0012347378544404054,1,51.262015436978054,1.2620154369780536,-1.595625933258816,-1.467375173273852,-0.12825075998496405,1.1275818690059685,14.02785842244927,4.62722293461033,0.11357182844068583,0.5772632752694444,0.004348783429446,0.44,-1,-1,3,-1,6,1,1,0.06688314716501137,-0.24458369229333576,1,1,0.2762458059971395,-0.06970573869674054,1,1,0.12198504271930431,-0.725528745026715,,,-1,-0.03522103346120766,-1,-1,1,1,75,-1,1,0,2,55,0,0,1,1,0,0,1,1,0.3654,0,0,2,5,8,0.00516166086194587,0.013082098142734705,0.01831984625466645,0.018123492061154437,UP,0.005289291087728644,0.00018899091125526335,0.013101733562085884,0.00018899091125526335,0.01858737884332654,0.00018899091125526335,0.02344959956016671,0.00018899091125526335,NO_SETUP,,NO_SETUP
2026-08-05T01:00:00+00:00,PAXGUSD,15m,802,0.09313451565149376,0.007352724919859757,0.0649490701253907,0.16543631069674422,0.9555555555555286,1,0,0.1553424055063798,1.1977740263046144,0.18031719282163328,0.5511084839827163,0.29415715424990363,0.5520743367228533,0.4201040105122355,0.4277960371273366,0.00024974787315253517,0.001138399614282703,0.0012594685626233187,1,57.648878960940436,7.648878960940436,-0.3800292880487177,-1.1874494184731803,0.8074201304244626,1.3661613275811144,14.464152820192021,4.768421816067057,0.11686964638459303,0.8546893020253304,0.0046681760097187575,0.53,1,-1,5,1,0,1,1,0.21016538729252618,-0.10085487681734318,1,1,0.4192278658470722,-0.5730223620873923,1,1,-0.021567993098244885,-0.8678666313735836,,,1,0.10820760173720291,-1,-1,1,1,50,-1,1,0,2,60,0,0,1,1,0,0,1,1,25.1507,0,1,2,5,8,0.004330754977794789,0.009823240492926662,0.020680764291246365,0.02051410252639624,UP,0.00524494377616358,0.0013308432104937689,0.011678578081036966,0.0013308432104937689,0.02092830603021488,0.0013308432104937689,0.021982196602060848,0.0013308432104937689,NO_SETUP,,NO_SETUP
2026-08-05T01:30:00+00:00,PAXGUSD,15m,804,0.1556408806924582,0.0,0.12921129717863572,0.2848521778710939,1.0,1,0,0.26899956166293004,2.2231211417138184,0.3141919058304139,1.0285318992855537,0.43217524373748106,0.7943221815726247,0.562135817015286,0.5522920439166228,0.00045192344167483854,0.0011798333790706723,0.001299605732778049,1,62.65451289823389,12.65451289823389,0.9626325612866822,-0.5676222152958246,1.5302547765825067,1.217971887804281,16.40780695948984,5.250067790384348,0.12847880103624396,1.0392295317503033,0.00543551894500702,0.64,1,1,0,1,2,1,1,0.3618161039367808,-0.3125053532142641,1,1,0.4767113767121002,-0.42018143419645676,1,1,-0.17350532140086938,-1.0185178387452773,-1,1,1,0.26001326373543004,-1,-1,1,1,50,-1,1,1,2,60,0,0,1,1,0,0,1,1,,0,1,2,5,8,0.00881964990590578,0.010894861648471962,0.01968759253413205,0.022195955784285612,UP,0.00992088255231466,0.0,0.011499316012167344,0.0,0.020382592693199024,0.0,0.022883614392376586,0.0,NO_SETUP,,NO_SETUP
2026-08-05T02:00:00+00:00,PAXGUSD,15m,806,0.00757022605672786,0.04615395886191219,0.0820514824211945,0.13577566733983454,0.6043165467625864,0,1,0.39219805301184396,4.74881345160793,0.48435065456610865,2.1888447097976496,0.6173892907675236,1.3948467504756081,0.7570552106151228,0.8602509153520259,0.0009215260155426467,0.0013303863620141496,0.001396659198475992,1,68.51047897944179,18.510478979441785,3.5135873474496293,0.7270078982108608,2.7865794492387685,1.8375254131118517,20.86205711894272,5.553425798851789,0.13561512479522025,1.0603514032246841,0.008166164901125272,0.67,1,1,2,1,4,1,1,0.14676470516410942,-0.10036654546166371,1,1,0.6871811652775567,-0.2078149152989438,1,1,-0.3846163238493867,-1.2278418262315598,-1,3,1,0.4709413209800233,-1,-1,1,1,50,-1,1,1,2,60,0,0,1,1,0,0,1,1,,0,2,2,5,8,0.0066056327365879245,0.008170960124444758,0.01516731420589564,0.023345600355556512,UP,0.00800490355287819,0.0010427375891027774,0.00936021821787109,0.0010427375891027774,0.018271106889150065,0.0010427375891027774,0.023682597515500767,0.0010427375891027774,NO_SETUP,,NO_SETUP
2026-08-05T02:30:00+00:00,PAXGUSD,15m,808,0.5523534479620492,0.015774593197501213,0.02596740726358639,0.5940954484231368,0.9734477124183151,1,0,0.8744330577042727,7.27959559190549,1.0377533530501515,3.442520625999805,1.1962041120000684,2.0625892560938155,1.3509252576728283,1.2073556718614782,0.0016332029534587853,0.0015845075894991706,0.0015472114567275995,1,80.2023870235904,30.202387023590404,7.129135984758705,2.6194166251054347,4.509719359653269,2.1177783548652966,26.60076893999685,7.253311020438543,0.17602773951143763,1.2671003472410827,0.013160841960062949,0.83,1,1,0,1,6,1,0,0.766159857300607,,1,0,1.3032240841635174,,1,0,-1.0025360692140708,-1.8405309970756365,-1,5,1,1.0883255876036029,-1,-1,1,1,50,-1,1,1,2,60,0,0,1,1,0,0,1,1,,0,2,2,5,8,-1.9414883935379317e-05,0.0025797527029158994,0.008981810680613078,0.016366747157539552,UP,0.0017521932751696386,0.0009003652425040434,0.003099100848187627,0.0009003652425040434,0.011954714783220738,0.0009003652425040434,0.020371066969215177,0.0009003652425040434,NO_SETUP,,NO_SETUP
2026-08-05T03:00:00+00:00,PAXGUSD,15m,810,0.13494622744132043,0.0019381863905379498,0.0627487843937267,0.1996331982255851,0.9902912621359309,1,0,0.864667027499124,11.154498885890916,1.118072468191576,5.377274903124089,1.3131962293479504,3.102856317907481,1.4898720033943196,1.7494936254397544,0.00253405440692452,0.0019512376115637452,0.0017667577404636907,1,82.27596886045184,32.27596886045184,11.154200220118582,5.381231101601191,5.772969118517391,2.713053570592367,32.96412131738851,7.507956951296466,0.18189774979701048,1.0683051709933244,0.018630254056791452,0.86,1,1,0,1,8,1,0,0.44554059652530226,,1,0,1.4710834704196258,,1,0,-1.170906853184802,-2.0074765540014994,-1,7,1,1.256550464316772,-1,-1,1,1,50,-1,1,1,2,60,0,0,1,1,0,0,1,1,,0,3,2,5,8,0.001005434190092608,0.005170112196764718,0.0071761351109732585,0.013245081246350777,UP,0.0013930714682004182,0.0020447866420192995,0.005434190092475789,0.0020447866420192995,0.01023362414204985,0.0020447866420192995,0.018635662145039353,0.0020447866420192995,NO_SETUP,,NO_SETUP
2026-08-05T03:30:00+00:00,PAXGUSD,15m,812,0.05970583952235418,0.0,0.025969613125569366,0.08567545264792353,0.3031161473087213,0,1,0.5588034767552135,9.052730380513822,0.8671430089122529,4.934839308881237,1.0912326487155364,2.967138003313721,1.2872097912986573,1.7079373545466296,0.0030833953215703945,0.002240896398032835,0.001959771425831208,1,73.2663344072178,23.266334407217798,12.569446162118311,7.89506058785007,4.674385574268241,-0.5999032131973943,37.795518575408565,7.105891452903599,0.17246472144322117,0.861796395346544,0.021223683544258933,0.77,1,1,0,1,10,1,0,0.26746274452695323,,1,0,-0.1141934857531391,,1,0,-0.9941264987136557,-1.8321926120091208,-1,9,1,1.0799233046939443,-1,-1,1,1,50,-1,1,1,2,60,0,0,1,1,0,0,1,1,,0,3,2,5,8,0.002191641182466809,0.010751905247318136,0.008824814329401628,0.01737294306101644,UP,0.003184311441192149,0.00025726906460839054,0.010997038978690452,0.00025726906460839054,0.012040677637008054,0.00025726906460839054,0.020457744769671368,0.00025726906460839054,NO_SETUP,,NO_SETUP
2026-08-05T04:00:00+00:00,PAXGUSD,15m,814,0.2510379219773364,0.05979398913055049,0.0,0.3108319111078869,0.8076323987539472,1,0,0.6889529512196122,7.6377679532101865,1.045861096578488,4.633359931035557,1.2983244001659662,2.8874364837256508,1.513654661327764,1.6918355282641642,0.0035690814535887594,0.0025246330358747815,0.0021533026116179765,1,77.60179281423022,27.601792814230222,13.680072367445064,9.838412888441155,3.8416594790039085,-1.5392728917233587,41.88356947071777,7.1682431405137566,0.1735294949105815,0.8905854146541363,0.02290476267230141,0.77,1,1,0,1,12,1,0,0.5245893702264685,,1,0,0.24099156347966946,,1,0,-1.2493796676229003,-2.0852851108125523,-1,11,1,0.1791398864640361,-1,1,1,1,75,-1,1,1,2,50,0,0,1,1,0,0,1,1,2.0134,0,4,2,5,8,0.00024208092765411475,0.008697967730612193,0.005928561918249218,0.022387644189452428,UP,0.0010022150404878942,0.0011886173547818884,0.009385477565149914,0.0011886173547818884,0.009431472941404319,0.0011886173547818884,0.024614788723870237,0.0011886173547818884,NO_SETUP,,NO_SETUP
2026-08-05T04:30:00+00:00,PAXGUSD,15m,816,0.07896426019450928,0.0050866547978063534,0.03996657341131989,0.12401748840363554,0.32226562499993583,0,1,0.5098881382351523,8.00488487779694,0.9093549557867514,5.024074276977444,1.190748796218946,3.15583619027484,1.4267821994908507,1.851223948783172,0.00399466817551599,0.002813938404321948,0.002360334032719046,1,73.71294216474223,23.71294216474223,14.318383302578695,11.444333562559189,2.8740497400195064,-1.0576999833409193,45.15175422820839,6.712311687483792,0.16258672595002463,0.7964995027459122,0.022687643840040985,0.67,1,1,1,1,14,1,0,0.06951761557000548,,1,0,0.18299846189246283,,1,0,-1.1919727742857498,-2.0283641560391863,-1,13,1,0.053894318691020945,-1,1,1,1,75,-1,1,1,2,50,0,0,1,1,0,0,1,1,2.1505,0,4,2,5,8,0.006007097094551268,0.006939650474149026,0.0051520546452059335,0.026014605965919545,UP,0.008414780365512428,0.000607976359166326,0.010018287735106537,0.000607976359166326,0.010018287735106537,0.000607976359166326,0.02621080550812049,0.000607976359166326,NO_SETUP,,NO_SETUP
2026-08-05T05:00:00+00:00,PAXGUSD,15m,818,0.047202010079462224,0.01379751063859984,0.004841231803015557,0.06584075252107761,0.7904411764707149,1,0,0.4752778952304572,6.361731158468501,0.9016566920251401,4.555541076133068,1.2077090870393947,2.9899529948907,1.4628448724238134,1.7932348109147824,0.004263787967946828,0.0030605239501425457,0.002551357853844189,1,74.99282746546689,24.99282746546689,14.19147666239769,12.44283954350414,1.7486371188935497,-1.8009958375590642,47.02258813173176,6.200156506044714,0.15008197430382395,0.7749059523068224,0.021334485202398223,0.62,1,1,3,1,16,1,0,0.1355544904845677,,1,0,0.2489603454702979,,1,0,-1.257267899244296,-2.093106570035686,-1,15,1,0.11994151791981775,-1,1,1,1,75,-1,1,1,2,50,0,0,1,1,0,0,1,1,2.1368,0,5,2,5,8,0.006952008869136504,0.0063855847481833535,0.002851485531978695,0.02865525104207517,UP,0.008309974389883745,0.000176704960810343,0.009350839227533079,0.000176704960810343,0.009350839227533079,0.000176704960810343,0.029243460706141946,0.000176704960810343,NO_SETUP,,NO_SETUP
2026-08-05T05:30:00+00:00,PAXGUSD,15m,820,0.3728690186097133,0.026271960587242082,0.05182083969041594,0.45096181888737136,0.9417423837519966,1,0,0.7726475617682891,7.374931855344585,1.2387425110549097,5.105118848056918,1.5739594345687884,3.3284079308818946,1.8506807321649161,1.987041205589776,0.004660949492866206,0.003352169235138787,0.0027672129759612786,1,81.79122159470668,31.791221594706684,15.116048977864011,13.232468717149098,1.883580260714913,-0.3618065441713334,49.819092683884875,6.983604334293657,0.1683238328692032,0.9171180499954059,0.02050457947824831,0.73,1,1,0,1,18,1,0,0.45963879669599267,,1,0,0.4712081004408212,,1,0,-1.6792362331311133,,-1,17,1,0.4647003670843825,-1,1,1,1,75,-1,1,1,2,50,0,0,1,1,0,0,1,1,1.279,0,5,2,5,8,0.004644593399230265,0.001995704895984667,-0.00019282172908069396,0.023765278109190213,UP,0.0049916725115753385,3.374380258897347e-05,0.005037467672232116,3.374380258897347e-05,0.005037467672232116,0.0014799067706938493,0.025329544386356935,0.0014799067706938493,NO_SETUP,,NO_SETUP
2026-08-05T06:00:00+00:00,PAXGUSD,15m,822,0.2703805979109189,0.024252611357911354,0.02305198703325817,0.31768519630208847,0.923658352229767,1,0,0.9598389342453278,11.048322901993743,1.4949580740129602,6.824509940094686,1.8714993567525606,4.272805227974459,2.1768466765332026,2.489987346416001,0.005351191397676324,0.0037654128273960042,0.003053473197806422,1,85.69007518009755,35.69007518009755,17.648284145270736,14.58016316273125,3.0681209825394866,1.7931845486745672,53.64978604500099,7.923005778038897,0.19025106922893256,0.9971317604824855,0.02085047774005808,0.89,1,1,0,1,20,1,0,0.32080681954617796,,1,0,0.8437987753631748,,1,0,-2.0473045983911686,,-1,19,1,0.8373154040101045,-1,1,1,1,75,-1,1,1,2,50,0,0,1,1,0,0,1,1,1.5,0,6,2,5,8,-0.002216352503301612,-0.0019065914275422258,-0.00016328490815230905,0.01490455036619035,DOWN,0.00127506303277714,0.002665386000720462,0.00127506303277714,0.002665386000720462,0.00127506303277714,0.005217913314923655,0.02149117541121383,0.005217913314923655,NO_SETUP,,NO_SETUP
2026-08-05T06:30:00+00:00,PAXGUSD,15m,824,0.1648755153859789,0.06815814609842961,0.027119262356066536,0.26015292384047506,0.7380073800737909,1,0,0.8443084504514803,11.279647545623448,1.4359825985783972,7.244416903562524,1.852908285497136,4.586495837602342,2.18783591322071,2.6835738943445904,0.005916741481269168,0.0041692568691873875,0.0033492762772357387,1,82.00879038375064,32.008790383750636,19.08924720630057,16.071588311546037,3.0176588947545326,0.6950020949654263,57.12608024027604,8.365959063717225,0.2007775563796799,0.9549234821112298,0.01963235610423827,0.9,1,1,0,1,22,1,0,0.37534979048570666,,1,0,0.8980555728883973,,1,0,-2.1009028554423312,,-1,21,1,0.8915757491396367,-1,1,1,1,75,-1,1,1,2,50,0,0,1,1,0,0,1,1,1.5,0,6,2,5,8,-0.0010007727789804292,-0.0027455253217111538,0.002459933089819957,0.017269930257896995,DOWN,0.0007271802206981542,0.0030119180758283815,0.0007271802206981542,0.003503904693792198,0.0031343147466389876,0.005762243266982972,0.020932230643326565,0.005762243266982972,NO_SETUP,,NO_SETUP
2026-08-05T07:00:00+00:00,PAXGUSD,15m,826,0.2727863173846969,0.03295566620963653,0.050275432392777306,0.35601741598711073,0.14121621621622432,0,1,0.4791753817934326,9.283883818527102,1.1036595383205672,6.716218756420858,1.5555004151102527,4.422633634383601,1.9186376650569135,2.638827004032919,0.0062448415652713455,0.004518408767896855,0.0036313724994666077,1,70.21315308261403,20.213153082614028,18.944309011289988,17.215317664334382,1.7289913469556062,-1.2190503535490045,58.67737922700878,8.67988307024599,0.20879659065805464,0.7714748894073608,0.01821512832198052,0.94,1,1,0,1,24,1,0,0.1433691756272629,,1,0,0.6672921026677198,,1,0,-1.8729402708619127,,-1,23,1,0.6607971903490694,-1,1,1,1,75,-1,1,1,2,42,0,0,1,1,0,0,1,1,,1,7,2,5,8,-0.00020446946188457427,-0.0017752760337735702,0.008056096798248726,0.018912222462774502,DOWN,0.0015323182025931276,0.000784200524404084,0.0015323182025931276,0.00235500709629308,0.00838805898342592,0.0034471145750643297,0.023309518654831402,0.0034471145750643297,NO_SETUP,,NO_SETUP
2026-08-05T07:30:00+00:00,PAXGUSD,15m,828,0.05483985799364662,0.0,0.025255197760229123,0.08009505575387575,1.0,1,0,0.4060099727596661,5.5965126042819975,1.030971296242,5.3496429197111866,1.5060404612936789,3.815509484422364,1.8918254070692273,2.3675148681154496,0.006249613234823337,0.004750691650516789,0.0038578494577554846,1,69.46934784631522,19.469347846315216,17.319223974786837,17.369008252737206,-0.049784277950369216,-2.895710342148128,58.37257014598565,8.062960402406063,0.1939349138053585,0.7404825060289075,0.01625721897732707,0.84,1,1,1,1,26,1,1,0.15441749487682635,-0.08719056369599212,1,0,0.6782824541317459,,1,0,-1.8837972272198262,,-1,25,1,0.23294913362646358,-1,1,1,1,75,-1,1,1,2,50,0,0,1,1,0,0,1,1,4.9193,0,7,2,5,8,-0.0009548870010295111,-0.0035116751171360996,0.0073191968366059365,0.020673183309441068,DOWN,0.0014215068453611863,0.0012940282280953512,0.0014215068453611863,0.0035140803740656974,0.01128787077035554,0.0035573749987973624,0.023196297828533944,0.0035573749987973624,NO_SETUP,,NO_SETUP
2026-08-05T08:00:00+00:00,PAXGUSD,15m,830,0.13037652837614044,0.02068705062796221,0.0,0.15106357900410267,0.0,0,1,0.31386700571215437,5.23891394590828,0.9386528308257761,5.221189023540319,1.4360327877712094,3.8108644698381795,1.844521112722151,2.3940193631897273,0.006247858251136217,0.004973799569454332,0.004084883249509418,1,66.10426525570509,16.104265255705087,16.044570506328455,17.03792590154807,-0.9933553952196164,-1.6579020267812794,58.60674729720354,7.778879122482813,0.18711868166917592,0.6846424688561499,0.016108346079001006,0.8,1,1,3,1,28,1,0,0.14553099569661676,,1,0,0.6694425802043933,,1,0,-1.8750646470332082,,-1,27,-1,-0.11618424945698505,-1,1,1,1,75,0,1,1,0,60,0,0,1,1,0,0,1,1,2.7665,0,8,2,5,8,-0.0017944813684243532,-0.002184167670950793,0.006025704863140771,0.021779134463423604,DOWN,0.0003054948174128285,0.002210627851986462,0.0003054948174128285,0.0034686891866859983,0.011377877845371557,0.0034686891866859983,0.02328736478246133,0.0034686891866859983,NO_SETUP,,NO_SETUP
2026-08-05T08:30:00+00:00,PAXGUSD,15m,832,0.0019246684758751642,0.034644032565380976,0.058702388513568904,0.09527108955482505,0.6363636363637407,1,0,0.24520403202608665,3.5994737743149017,0.852897553836959,4.533100671094871,1.365514739331684,3.5162045553261123,1.7934877137757193,2.2735100814747966,0.006076935218108722,0.0051261718549472516,0.004279729744440353,1,65.33033034582994,15.330330345829935,14.165133452085684,16.14901341041051,-1.9838799583248274,-1.6529059487879039,57.406107640525654,7.296584549487727,0.17554382829762413,0.636756285531312,0.014400200856718306,0.69,1,1,5,1,30,1,0,0.13039628923920216,,1,0,0.6543872817907072,,1,0,-1.8601920819139048,,-1,29,-1,-0.05509363512134946,-1,1,1,1,75,0,1,1,0,60,0,0,1,1,0,0,1,1,2.1016,0,8,2,5,8,-0.001455530534865413,0.001746636641838277,0.008473352964951629,0.023187443462863326,UP,0.0003127586273262679,0.002470793155879005,0.001746636641838277,0.0033176472852551055,0.011531170005966323,0.0033176472852551055,0.025256462074407574,0.0033176472852551055,NO_SETUP,,NO_SETUP
2026-08-05T09:00:00+00:00,PAXGUSD,15m,834,0.04235513820770907,0.060644856979200905,0.028878503323430046,0.13187849851034003,0.5401459854015095,1,0,0.18037665042277218,2.549637261967291,0.7620309767636521,4.013208270394898,1.2849644600920074,3.2904323935645152,1.7301265587388426,2.1839719991207858,0.005816543263408799,0.005229334833283552,0.004451620986468352,1,63.23694972168071,13.236949721680709,12.176640717286318,14.859548839583937,-2.6829081222976185,-1.1111381160722082,55.5697410869369,7.035065249303128,0.169301795985482,0.5793988383535164,0.012345038701066399,0.61,-1,1,7,-1,1,1,0,0.10107476163203799,,1,0,0.6252195969523447,,1,0,-1.8313784190944749,,-1,31,-1,-0.08446962222105094,-1,1,1,1,75,0,1,1,0,60,0,0,1,1,0,0,1,1,2.0932,0,9,2,5,8,-0.0012273363912460506,0.0052197894757106756,0.016362078674669166,0.023150933497619885,UP,0.0,0.0030250232231296857,0.005896027761867861,0.0030250232231296857,0.018576097262799095,0.0030250232231296857,0.02555747544123942,0.0030250232231296857,NO_SETUP,,NO_SETUP
2026-08-05T09:30:00+00:00,PAXGUSD,15m,836,0.0002409801143043093,0.03397819611927465,0.05807620755134935,0.09229538378492831,0.629242819843316,0,1,0.036971594332411956,1.130020525101827,0.5793622613462793,3.295514439530052,1.1061256272015323,2.9522054592025597,1.565412736097964,2.0349346584785053,0.005423906670138674,0.005267633658552529,0.004592871088964316,1,57.174301858826546,7.174301858826546,9.778181341715026,13.210055653829933,-3.431874312114907,-0.9569241511062234,51.902190712005115,6.826357281286886,0.16450163580402738,0.41818924982367267,0.010344951266643544,0.55,-1,1,9,-1,3,1,1,0.18892840962764101,-0.04915994332147623,1,0,0.4906355127574793,,1,0,-1.6984278457341813,,-1,33,-1,-0.22001484437504476,-1,1,1,1,75,0,1,1,0,60,0,0,1,1,0,0,1,1,0.8459,0,9,2,5,8,0.0011350163384517597,0.009848857272297864,0.020755617246464846,0.02335097307770154,UP,0.0011928515658887388,0.0016748117945306713,0.010181409830060823,0.0016748117945306713,0.020950811139064707,0.0016748117945306713,0.02694639638337037,0.0016748117945306713,NO_SETUP,,NO_SETUP
2026-08-05T10:00:00+00:00,PAXGUSD,15m,838,0.18223685480912638,0.0,0.00024137331763324481,0.1824782281267596,0.0013227513227801256,0,1,-0.11895749705944285,-0.13592424135549663,0.3781976510469813,2.5946367432952684,0.9041790567740843,2.6086350069253967,1.3751862663359875,1.8796952404741205,0.004971551481064242,0.00525981405727103,0.004710072095619032,1,49.92658809414788,-0.07341190585211876,7.418493258538547,11.354029061854913,-3.935535803316366,-0.7694373724152488,47.41115337047115,6.74634888029331,0.16283886111121781,0.13058004829323286,0.007771197776989929,0.52,-1,1,11,-1,5,1,1,0.026068318303819667,-0.21240851951262338,1,0,0.32826771197403437,,1,0,-1.53803077992547,,-1,35,-1,-0.383542201710862,-1,1,1,1,75,0,1,0,0,60,0,0,1,1,0,0,1,1,2.163,0,10,2,5,8,0.005937783613648301,0.010869040492787703,0.025730395659142345,0.02432318921737104,UP,0.007122926603201628,4.586093034921887e-05,0.01485170023364931,4.586093034921887e-05,0.026316932820978176,4.586093034921887e-05,0.02862204800432539,4.586093034921887e-05,NO_SETUP,,NO_SETUP
2026-08-05T10:30:00+00:00,PAXGUSD,15m,840,0.051107612864651396,0.0012053682279443386,0.0026518101014600046,0.054964791194055736,0.0482456140349495,0,1,-5.0757142216672604e-05,-0.2950309549423764,0.4613549380713056,2.3206008537699745,0.9859339751422875,2.4689139989095565,1.46747066911564,1.8237165223140437,0.004614056952135223,0.005245790370709819,0.004815366939733524,1,54.03498157635762,4.034981576357623,6.056777934500133,9.56491931860487,-3.5081413841047375,-0.019570819521021576,43.0531660445374,6.535678371273241,0.15755798113534217,0.19516348225967683,0.006044616763304085,0.45,-1,1,13,-1,7,1,1,0.1501888812013077,-0.08799188063962976,1,0,0.4520130854774606,,1,0,-1.6602741971644894,,-1,37,-1,-0.2589130953615187,-1,1,1,1,75,0,1,0,0,60,0,0,1,1,0,0,1,1,1.052,0,10,2,5,8,0.007984359141874226,0.008227843523918149,0.023962720371446408,0.022287258534609916,UP,0.008640079457873621,0.0001157153498821303,0.013591732138250942,0.0001157153498821303,0.025527288331312414,0.0001157153498821303,0.027344983619045856,0.0001157153498821303,NO_SETUP,,NO_SETUP
2026-08-05T11:00:00+00:00,PAXGUSD,15m,842,0.22527390713335615,0.0,0.0,0.22527390713335615,1.0,1,0,0.32824438871247474,2.040167404231397,0.7810558067826282,3.106875297924489,1.3105800716700866,2.8636453390163297,1.8050337700523893,2.035722333609556,0.004528114180701535,0.005295242648874585,0.004944536983823026,1,64.99693084573552,14.99693084573552,6.484841693482849,8.36485068752971,-1.880008994046861,1.768288594848583,41.77119308063783,6.773008391556986,0.16266333298646404,0.8228519402943508,0.005983055872097722,0.51,1,1,15,1,0,1,0,0.2752280357940554,,1,0,0.8276054200229388,,1,0,-2.0313077894817724,,-1,39,1,0.25697556570646446,-1,1,1,1,75,0,1,1,0,60,0,0,1,1,0,0,1,1,3.4658,0,11,2,5,8,0.008432160852294427,0.0067149876795827,0.015070296026245131,0.01984956122022579,UP,0.00976747313764766,0.00043469698498001616,0.00976747313764766,0.00043469698498001616,0.021657996743375145,0.00043469698498001616,0.023468833907325546,0.00043469698498001616,NO_SETUP,,NO_SETUP
2026-08-05T11:30:00+00:00,PAXGUSD,15m,844,0.2245614707100526,0.06727267939182627,0.02226462342859356,0.31409877353047244,0.7858231707316751,1,0,0.5462679611133823,5.49841368010766,1.0191952601182455,4.487084809809858,1.563460646207819,3.5764030945692866,2.0759205280776354,2.4118942633417646,0.004729272990048633,0.0054426538608957345,0.005124598818698162,1,71.64847431106051,21.64847431106051,8.35584916939024,8.169645212588758,0.1862039568014815,3.1064694870552643,43.59689014871659,7.470910296801682,0.1788569940077443,1.1541777513285638,0.007480841489883114,0.73,1,1,0,1,2,1,0,0.2815397543230312,,1,0,0.667699298305263,,1,0,-2.3411371237458187,,-1,41,1,0.572416286212906,-1,1,1,1,75,0,1,1,0,60,0,0,1,1,0,0,1,1,1.0655,0,11,2,5,8,0.0001819474602768518,0.011084430803705069,0.01477365496537014,0.016102350234496812,UP,0.0065740490252643715,0.0002465866895856016,0.013286952691266283,0.0002465866895856016,0.018426968444085933,0.0002465866895856016,0.02023207877367417,0.0002465866895856016,NO_SETUP,,NO_SETUP
2026-08-05T12:00:00+00:00,PAXGUSD,15m,846,0.22144853111375115,0.032930923807867364,0.0,0.25437945492161856,0.8705440900562732,1,0,0.7298534115250466,8.194483760814364,1.244897806621513,5.701165178144038,1.8125229805732037,4.230131039102162,2.3476049754642183,2.7647995030470156,0.005150443950964665,0.005676251739516905,0.00535081994891015,1,76.8707578081866,26.870757808186596,11.098025136403521,8.973884804356056,2.1241403320474657,3.0911661886127604,46.44172929410547,7.736193062038223,0.18460868426732804,1.1769101694281368,0.011215582487721852,0.79,1,1,0,1,4,1,0,0.23898782748967132,,1,0,0.9891208636492886,,1,0,-2.65714374348243,,-1,43,1,0.8941461703483123,-1,1,1,1,75,0,1,1,0,60,0,0,1,1,0,0,1,1,1.5,0,12,2,5,8,0.00043192008762477134,0.010800388489449031,0.010769366604702466,0.012456479875148802,UP,0.0033169553690529582,0.0033813854373727975,0.010993678694408116,0.0033813854373727975,0.015131520859831158,0.0033813854373727975,0.016930790175130425,0.0033813854373727975,NO_SETUP,,NO_SETUP
2026-08-05T12:30:00+00:00,PAXGUSD,15m,848,0.2614619423637549,0.047278049852088305,0.03796570669939865,0.34670569891524183,0.10950413223141169,0,1,0.5244953924296523,9.238840448194424,1.0827358055418421,6.353024833804739,1.677813515918497,4.623197168340084,2.2391211478190285,2.9930582193555892,0.005582404131121901,0.005950777103766548,0.005613076319005313,1,68.67507156599817,18.675071565998167,13.2228361040452,10.445600732903966,2.7772353711412343,1.6844173361195125,49.32731948167672,8.630237895328897,0.2060711199245676,0.9051951812580518,0.014982090480637677,0.93,1,1,0,1,6,1,0,0.017311407142814664,,1,0,0.9276526448248531,,1,0,-2.5967110714208963,,-1,45,1,0.8326189890615543,-1,1,1,1,75,0,1,1,0,52,0,0,1,1,0,0,1,1,1.5,1,12,2,5,8,0.0029608475664938422,0.014701563279759652,0.013256956200946144,0.013180547231488093,UP,0.0029632353467892365,0.0027626618019622085,0.015281793891580448,0.0027626618019622085,0.01576173773098795,0.0027626618019622085,0.017562124073839763,0.0027626618019622085,NO_SETUP,,NO_SETUP
2026-08-05T13:00:00+00:00,PAXGUSD,15m,850,0.12266154022724926,0.19989288037034178,0.0,0.3225544205975911,0.3802816901408337,1,0,0.3265622472215143,4.8703886662087825,0.8779492692889733,4.727732651274891,1.4842098728108375,3.862971811283387,2.0640852284817726,2.641625666312848,0.00551387022067459,0.006062606035218643,0.00579875355670935,1,62.558492148584925,12.558492148584925,12.220683780577929,11.136045324362701,1.0846384562152274,-2.0249898868351703,48.05737778768575,9.220766348523446,0.22047434744355768,0.7674181566818037,0.015721120491330832,1.0,1,1,2,1,8,1,0,0.19140460614405677,,1,0,0.7914419067294169,,1,0,-2.462795057194231,,-1,47,1,0.20587053827613128,-1,1,1,1,75,0,1,1,0,52,0,0,1,1,0,0,1,1,7.7243,1,13,2,5,8,0.01123082367343822,0.015606469260492091,0.015659072650063072,0.016319006082864684,UP,0.012239852327939216,0.0002677990741803175,0.017158269252840638,0.0002677990741803175,0.017158269252840638,0.0002677990741803175,0.018961130877233296,0.0002677990741803175,NO_SETUP,,NO_SETUP
2026-08-05T13:30:00+00:00,PAXGUSD,15m,852,0.00238562138278856,0.14003597517045005,0.12739218184160778,0.2698137783948464,0.48099027409370865,1,0,0.4517414658008247,5.699252400229852,1.0181271398884537,5.078987349369527,1.6411428711455118,4.074124764472799,2.241544653671277,2.771965496192024,0.00566385674087629,0.006230157312570583,0.006004017825257648,1,66.38869085029035,16.388690850290345,12.775263508868193,11.704543710979072,1.0707197978891205,-0.6064201117305945,47.63614036100603,9.512548535206397,0.22693339190526216,0.8265608180289812,0.017249811321134477,1.0,1,1,4,1,10,1,0,0.418557271612517,,1,0,1.017228957626601,,1,0,-2.6847783042048956,,-1,49,1,0.03160948332211657,-1,1,1,1,75,0,1,1,0,52,0,0,1,1,0,0,1,1,4.3523,1,13,2,5,8,0.010627943260381075,0.008299576790766683,0.014590460377214419,0.019552552853441745,UP,0.011732485960618232,0.0017916016584838205,0.014843336243791482,0.0017916016584838205,0.016642094766423865,0.0017916016584838205,0.019850755526291942,0.0017916016584838205,NO_SETUP,,NO_SETUP
2026-08-05T14:00:00+00:00,PAXGUSD,15m,854,0.5486192175368743,0.21783758313936677,0.052801935913119824,0.8192587365893609,0.7341040462427756,1,0,1.025357672289534,9.175034277739542,1.6428826293785923,6.5852397638736875,2.293302279145935,4.879135066817071,2.918344307809725,3.203637672698278,0.006175249570890583,0.006504196497673429,0.0062504202866379,1,76.61026501991483,26.610265019914834,15.606393585049773,12.759767814426528,2.8466257706232447,1.6433520220468871,49.16480948605158,11.743421951274811,0.278060723440385,1.0660790556228783,0.020860947965651824,1.0,1,1,0,1,12,1,0,0.604736073193427,,1,0,0.9651152053000883,,1,0,-3.4117627559295665,,-1,51,1,0.7784141897507417,-1,1,1,1,75,0,1,1,0,52,0,0,1,1,0,0,1,1,1.305,1,14,2,5,8,0.006052096331567839,0.003648779517584431,0.006679563283001811,0.010093930618729796,UP,0.007262042037917964,0.0006961331461191998,0.007262042037917964,0.0012383593041508864,0.009047363099734106,0.0012383593041508864,0.012232053853238998,0.0012383593041508864,NO_SETUP,,NO_SETUP
2026-08-05T14:30:00+00:00,PAXGUSD,15m,856,0.1466057579942641,0.019122490173152745,0.17965697557752472,0.34538522374494157,0.9446343130554009,1,0,1.0923320336549187,14.113032594703327,1.7908241068246886,8.87974651021159,2.4838901160265294,6.116504537778383,3.1433655261313302,3.861768656136519,0.006984920731697697,0.0069306600920184085,0.006594754101048007,1,79.44581458133317,29.445814581333167,19.506516921992443,14.884950457787884,4.621566464204559,3.247295821037989,51.80478831776069,12.035603621252266,0.284136681451238,1.0096856846396007,0.02511202049953836,1.0,1,1,0,1,14,1,0,0.6009419597011209,,1,0,1.2578349091681869,,1,0,-3.6972508469374636,,-1,53,1,1.0716857301368188,-1,1,1,1,75,0,1,1,0,52,0,0,1,1,0,0,1,1,1.1965,1,14,2,5,8,-0.002318306833339381,-3.069041632732725e-05,0.002542582952654019,0.010463071166353791,NEUTRAL,0.00428485427954239,0.002318306833339381,0.00428485427954239,0.004190422229304626,0.006064898426525868,0.004190422229304626,0.011369618848637192,0.004190422229304626,NO_SETUP,,NO_SETUP
2026-08-05T15:00:00+00:00,PAXGUSD,15m,858,0.31509144476134765,0.05718239064748777,0.028238217603700568,0.400512053012536,0.8572267920094331,1,0,1.1822142316163167,14.611121919926518,1.9573322671892428,9.484802526343628,2.6948067180110153,6.531963628542144,3.3904820360261176,4.115853581634838,0.007751180355729261,0.007374744508217727,0.00695675318015102,1,82.26417959645377,32.26417959645377,22.64839413793743,17.385548984485343,5.262845153452087,1.3836810442112224,54.66154659989562,12.554423530569506,0.2954287862877452,0.9968034686998176,0.02766748965252198,1.0,1,1,0,1,16,1,0,0.9216248270409162,,1,0,1.5763984977268397,,1,0,-4.007944351885857,,-1,55,1,1.3908498762224906,-1,1,1,1,75,0,1,1,0,52,0,0,1,1,0,0,1,1,1.1993,1,15,2,5,8,-0.0032850459812310065,-0.0014236768041868291,-0.001371906738580191,0.0068760059865019775,NEUTRAL,0.0010448140513369853,0.007403119381771297,0.0010448140513369853,0.007403119381771297,0.002819115390769765,0.007403119381771297,0.010928190212633684,0.007403119381771297,NO_SETUP,,NO_SETUP
2026-08-05T15:30:00+00:00,PAXGUSD,15m,860,0.024249501472621494,0.044732090095129524,0.06874615951463499,0.137727751082386,0.49914529914535816,0,1,0.9259128385101255,14.148968283659087,1.7619216184823254,9.685232935697968,2.54338630699145,6.750324039147927,3.277321461474078,4.274057515563982,0.008360087799721999,0.007814646885091247,0.007339351544826281,1,80.39251934207284,30.392519342072845,24.28136238429215,19.787449958072315,4.493912426219836,-0.2456365271179095,57.46115756551564,12.075242738093067,0.2842899189900216,0.8856887186049887,0.028179009623094695,0.97,1,1,0,1,18,1,0,0.14843990949992564,,1,0,1.5288957530412055,,1,0,-3.961615158057319,,-1,57,1,1.3432575791463772,-1,1,1,1,75,0,1,1,0,52,0,0,1,1,0,0,1,1,1.5,1,15,2,5,8,-0.002646256277207065,5.179505168895309e-05,-0.001636252769269482,0.008275436667600462,NEUTRAL,-6.827529540836009e-05,0.006924056682621077,0.0007981146601183794,0.006924056682621077,0.0033031117054461894,0.006924056682621077,0.011416100256385455,0.006924056682621077,NO_SETUP,,NO_SETUP
2026-08-05T16:00:00+00:00,PAXGUSD,15m,862,0.012776317439435848,0.06743056426370234,0.1876225875828244,0.2678294692859626,0.7482332155476645,1,0,0.35724087849061653,7.429019388664528,1.177639376006455,7.178648319342756,1.9800000163214353,5.5869371539738495,2.742840223448838,3.7355355479776335,0.008203984975158384,0.008023606403149804,0.007628402071274023,1,63.86226461781482,13.862264617814823,21.220235466558734,20.537740418103123,0.6824950484556105,-4.431196419672432,53.99835139661121,12.645081748661891,0.29918070086765136,0.669422030509236,0.025257955772729407,0.99,1,1,2,1,20,1,1,0.38269802700533234,-0.2468905045935688,1,0,1.041033272842991,,1,0,-3.4858052747263133,,-1,59,1,0.2687758631703645,-1,1,1,1,75,0,1,1,0,52,0,0,1,1,0,0,1,1,2.6811,1,16,2,5,8,0.002581289319708382,0.006239101682924899,0.004708309574903657,0.014818162245035599,UP,0.003404651999138859,0.00012303120497224158,0.008273848534390832,0.00012303120497224158,0.008273848534390832,0.00012303120497224158,0.016658898350198827,0.00012303120497224158,NO_SETUP,,NO_SETUP
2026-08-05T16:30:00+00:00,PAXGUSD,15m,864,0.07407861770241671,0.04222953047367765,0.05237405455395365,0.168682202730048,0.749650349650342,1,0,0.5330083663508246,6.265569159427287,1.351792957908138,6.676345488174775,2.1741918572989696,5.388374771699091,2.96296688231909,3.6707057556868676,0.008187845915573134,0.008223988993908317,0.007887750250201204,1,68.26426780609492,18.26426780609492,20.04212215089865,20.440663089603486,-0.3985409387048371,-2.717207730372447,51.182937586573,12.062544977162506,0.2845785534654757,0.7393303646965993,0.023485585772523524,0.93,1,1,4,1,22,1,1,0.17316466685855103,0.04093197506805496,1,0,1.32515794788074,,1,0,-3.7629106762858777,,-1,61,1,0.06346225529283703,-1,1,1,1,75,0,1,1,0,52,0,0,1,1,0,0,1,1,2.9351,1,16,2,5,8,0.00139900064641858,0.0030197653076150417,0.001309351363848734,0.009120634905655893,UP,0.0017741121182239148,0.0018731981673798346,0.0053789569541892596,0.0018731981673798346,0.0053789569541892596,0.0018731981673798346,0.013739932149648193,0.0018731981673798346,NO_SETUP,,NO_SETUP
2026-08-05T17:00:00+00:00,PAXGUSD,15m,866,0.013220892787990957,0.03328831934121836,0.06468793971274521,0.11119715184195451,0.5817409766455776,0,1,0.37714528294635713,5.9762142098707045,1.1824333162325635,6.5331585994254056,2.021672490359425,5.367738568515051,2.8363519507484845,3.694771382662111,0.008052880332862064,0.008392391741268617,0.008146794603890591,1,65.96496929279769,15.96496929279769,18.310074413670918,19.81897680624005,-1.5089023925691336,-1.5191340172754089,48.855896411442366,11.28117398541052,0.2663342710427158,0.667863691191674,0.02211127455362363,0.88,1,1,6,1,24,1,1,0.10198974436460904,-0.030337227201039124,1,0,1.2548043780042246,,1,0,-3.694295184761988,,-1,63,0,-0.007790883250071469,-1,1,1,1,75,0,1,1,0,52,0,0,1,1,0,0,1,1,2.9106,1,17,2,5,8,0.005108930713078158,0.002573352346236209,0.001669137714485308,0.007698809175299517,UP,0.006095775924754164,0.001161549866374565,0.006095775924754164,0.001161549866374565,0.006095775924754164,0.001161549866374565,0.014462712360590243,0.001161549866374565,NO_SETUP,,NO_SETUP
2026-08-05T17:30:00+00:00,PAXGUSD,15m,868,0.11499913986299334,0.03487678831909347,0.08012235154389988,0.2299982797259867,0.848360655737753,1,0,0.4706795055949988,5.4730460992368535,1.2643208977248872,6.26724867251869,2.117967523063614,5.276169562789619,2.956423495129814,3.6812366407966692,0.007936413921298882,0.00853646625338727,0.008384559720661995,1,69.2070926063281,19.207092606328104,17.200424316668432,18.929060732873282,-1.72863641620485,-0.7507936753202387,46.672444133008966,11.00131838537948,0.2592504409175301,0.7115413760084403,0.020979923703637767,0.86,1,1,0,1,26,1,0,0.28537696388132894,,1,0,0.16224776187637635,,1,0,-3.871087849445398,,-1,65,1,0.3294442572304428,-1,1,1,1,75,0,1,1,0,52,0,0,1,1,0,0,1,1,1.9741,1,17,2,5,8,0.002702951094730387,5.184387452824316e-05,-7.540927204145117e-05,0.0032096071412580363,NEUTRAL,0.004248841171577243,0.0003558375024449614,0.004248841171577243,0.0008271454527031203,0.004248841171577243,0.0013008099427126215,0.012600418050151723,0.0013008099427126215,NO_SETUP,,NO_SETUP
2026-08-05T18:00:00+00:00,PAXGUSD,15m,870,0.07203847702183264,0.07462809547687996,0.024483665393044373,0.17115023789175696,0.5639614855570455,1,0,0.4724451016514106,6.227595559693327,1.2603656323907624,6.524515210579921,2.129746333120351,5.445969795597193,2.9930925676363866,3.798501329476494,0.007879205307393519,0.008693807007295886,0.008633462345160358,1,70.94008222627329,20.94008222627329,16.607291413732128,18.130229749419787,-1.522938335687659,0.30808954157457435,45.593849702003084,10.28766738331188,0.2421921210461089,0.7389376958502695,0.01617301734518878,0.84,1,1,2,1,28,1,0,0.16432306196485097,,1,0,0.2614337540286121,,1,0,-3.966589213532871,,-1,67,1,0.27897253356497365,-1,1,1,1,75,0,1,1,0,52,0,0,1,1,0,0,1,1,1.1445,1,18,2,5,8,-0.00026602444128962996,-0.0016879603929626328,0.000649758812353944,0.002580201660651698,DOWN,0.0032511482603650426,0.000753343550555195,0.0032511482603650426,0.0018197955143098936,0.0032511482603650426,0.002292989432002454,0.011594428082764207,0.002292989432002454,NO_SETUP,,NO_SETUP
2026-08-05T18:30:00+00:00,PAXGUSD,15m,872,0.10933612983020088,0.0,0.09922547696415529,0.2085616067943562,0.47576099210816203,0,1,0.47759238361594103,7.078916093082626,1.2711944205953032,6.868973864129657,2.159411021031635,5.665012250431573,3.0492847561671104,3.942013592451076,0.007936020369793621,0.00888216600436332,0.008898737351354753,1,70.2404172286692,20.2404172286692,16.7702693561032,17.678205973940845,-0.9079366178376453,0.7644489802886767,46.09258718430635,10.472427488671995,0.246239718610467,0.8057809249098243,0.011773007925481289,0.83,1,1,1,1,30,1,0,0.14907334690823845,,1,0,0.3836169802536505,,1,0,-4.084233494947021,,-1,69,1,0.401134274172678,-1,1,1,1,75,0,1,1,0,52,0,0,1,1,0,0,1,1,1.3167,1,18,2,5,8,-0.0030026287697450535,-0.0015213005591424628,0.0048907344096084555,0.00010345784328029772,DOWN,0.0009405258480016178,0.0030426011182851393,0.0009405258480016178,0.003515215356906004,0.005184648737108961,0.003515215356906004,0.010355189586497804,0.003515215356906004,NO_SETUP,,NO_SETUP
2026-08-05T19:00:00+00:00,PAXGUSD,15m,874,0.07385559115050847,0.01340690667381017,0.03387008001805463,0.12113257784237327,0.27961165048537895,0,1,0.3571553655959577,5.865189817693135,1.1403884551127852,6.385723278652222,2.042211216271149,5.468350658414238,2.9568143194084957,3.8774669011818332,0.007832330895168277,0.009018227611583636,0.009146031031373472,1,67.64978142683586,17.649781426835858,15.928509486184339,17.149027264630774,-1.2205177784464354,-0.32035929436829846,46.197451048734244,9.725307375436513,0.2287478743099327,0.7663881166200084,0.008598003400816314,0.79,1,1,3,1,32,1,0,0.1161931911730714,,1,0,0.35081405796487775,,1,0,-4.0526491577169725,,-1,71,1,0.12630717340069458,-1,1,1,1,75,0,1,1,0,52,0,0,1,1,0,0,1,1,5.8344,1,19,2,5,8,-0.002509678845782957,-0.0017052644453539188,0.003391712179586708,0.0005974305780963989,DOWN,0.0,0.0027143105792254017,0.0,0.0031870804461442636,0.005515648447386081,0.0031870804461442636,0.010687891916811226,0.0031870804461442636,NO_SETUP,,NO_SETUP
2026-08-05T19:30:00+00:00,PAXGUSD,15m,876,0.0007064441838390377,0.006593479049214325,0.09796026015984134,0.10526018339289472,0.937360178970965,1,0,0.1979048524126811,3.4587154743476276,0.9469891549883777,5.327982157648876,1.8531008729529528,4.965323478395476,2.7880647600629005,3.6550463293897337,0.007490843025756966,0.009061117179645752,0.009349638871099474,1,62.97657371136881,12.976573711368808,13.85466520312184,16.123871286128672,-2.269206083006832,-1.3730090242129869,43.91048239982422,9.169831359432473,0.21593246769036253,0.5986467079491321,0.008092819956434525,0.74,1,1,5,1,34,1,1,0.13822757863900917,-0.04427050218762473,1,0,0.2353636539177014,,1,0,-3.9414875830660647,,-1,73,0,0.010596662757671233,-1,1,1,1,75,0,1,1,0,52,0,0,1,1,0,0,1,1,3.6458,1,19,2,5,8,-0.000748830834875805,-0.0009018937413754768,0.007900400789333678,0.002816357479595546,NEUTRAL,0.0,0.0020322044355275746,8.241848811533969e-05,0.0020322044355275746,0.008804649344655356,0.0020322044355275746,0.0118588430328119,0.0020322044355275746,NO_SETUP,,NO_SETUP
2026-08-05T20:00:00+00:00,PAXGUSD,15m,878,0.08412410780138485,0.0058910439636828925,0.0,0.09001515176506773,0.9345549738219845,1,0,0.11359591352482702,1.5782228712923825,0.8150639066602042,4.3773491582142015,1.7178480006537877,4.493102187212571,2.6687924398308573,3.442105138243278,0.007014679931353772,0.009027840939935835,0.0095094443917707,1,59.296939638368166,9.296939638368166,11.393739702511994,14.581190982644683,-3.1874512801326897,-1.3560334491310986,40.9147957170515,8.61857908032695,0.20308971306673496,0.5178658178798615,0.007875257876213038,0.69,1,1,7,1,36,1,1,0.07022124404708979,-0.11240111882707987,1,0,0.16742346944785752,,1,0,-3.8760712863447915,,-1,75,-1,-0.05749658908555704,-1,1,1,1,75,0,1,1,0,52,0,0,1,1,0,0,1,1,1.6652,1,20,2,5,8,-4.477193412389569e-05,-0.0001272465496155419,0.008259243637083458,0.00246952562957598,NEUTRAL,0.0006480148360051182,0.0013525836940615407,0.0007634792976934658,0.0013525836940615407,0.012316994719268295,0.0013525836940615407,0.012547923642644562,0.0013525836940615407,NO_SETUP,,NO_SETUP
2026-08-05T20:30:00+00:00,PAXGUSD,15m,880,0.00731035523608888,0.06697228667912128,0.0,0.07428264191521017,0.0,0,1,0.031235130040764104,0.8336019422586105,0.6836716346999416,3.8394061241333475,1.5797569089127372,4.213035441316606,2.544555856950033,3.3211822870616743,0.0065243650465917746,0.008960852742127958,0.00964798948037296,1,56.38854878571477,6.388548785714768,9.214946676655927,12.815184284917533,-3.6002376082616063,-0.6169676744583352,38.33178015894644,7.888468696812498,0.18602422078245556,0.4443584907697426,0.007729207007861725,0.59,1,1,9,1,38,1,1,-0.004480540305987883,-0.18723942120851017,1,0,0.09279434791632238,,1,0,,,,,-1,-0.24077008696964639,-1,1,1,1,75,0,1,1,0,60,0,0,1,1,0,0,1,1,1.6248,0,20,2,5,8,0.0005989774935385807,0.002341671854660559,0.009927934046446566,0.0025444752579847855,UP,0.001396042032184231,0.0006060520308639939,0.0027755768106098077,0.0006060520308639939,0.013073744977078404,0.0006060520308639939,0.013304846529703426,0.0006060520308639939,NO_SETUP,,NO_SETUP
2026-08-05T21:00:00+00:00,PAXGUSD,15m,882,0.07135338292748224,0.00023548971261562625,0.0,0.07158887264009786,0.9967105263160168,1,0,0.14560903181943996,1.1907263064749714,0.7613846471674162,3.752862016164727,1.6508014190590188,4.153096790544623,2.62782009165716,3.308282462065108,0.006157756153479763,0.008894167718916024,0.00977018672598141,1,60.6895523954407,10.6895523954407,8.13360548307628,11.192854694432699,-3.059249211356418,0.4045399712905908,35.38467411109071,7.478577600823037,0.17611280901132087,0.5891781983843675,0.005865341763925955,0.51,1,1,11,1,40,1,1,0.3548829969362934,-0.04780441166427044,1,0,0.23183962208611514,,1,0,,,,,-1,-0.10126057643172286,-1,1,1,1,75,0,1,1,0,60,0,0,1,1,0,0,1,1,1.9205,0,21,2,5,8,-0.0008242139942116628,0.006421804463471901,0.01006247542076114,0.002837651037214482,UP,0.00011774485631595183,0.0012127720200544323,0.006716166604261781,0.0012127720200544323,0.011894585385037291,0.0012127720200544323,0.011894585385037291,0.0012127720200544323,NO_SETUP,,NO_SETUP
2026-08-05T21:30:00+00:00,PAXGUSD,15m,884,0.017435189395629935,0.006832709357748025,0.012958586712976302,0.03722648546635426,0.8164556962025462,1,0,0.07873301934896153,1.3124539606296821,0.6564522772952149,3.6099045370292515,1.5378790150701327,4.064919286748591,2.5269363623015355,3.280587950305744,0.005777192579462534,0.008814267377749176,0.00989057347231403,1,58.1468548560836,8.1468548560836,6.9752848011339665,9.758243829112292,-2.7829590279783254,0.6471101226045999,32.922529933931614,6.75555925785253,0.15916818261364163,0.4724049399823971,0.005416644248411433,0.33,1,1,13,1,42,1,1,0.30370215041857007,-0.09919209102111394,1,0,0.18059557664532733,,1,0,,,,,1,0.04841799217302048,-1,1,1,1,75,0,1,1,0,60,0,0,1,1,0,0,1,1,1.43,0,21,2,5,8,-0.00016257136058082738,0.005105683164910992,0.007801069201209077,0.0018872414467437943,UP,0.0006314365889230687,0.0006997636825005489,0.007233247492513428,0.0006997636825005489,0.012414326071027097,0.0006997636825005489,0.012414326071027097,0.0006997636825005489,NO_SETUP,,NO_SETUP
2026-08-05T22:00:00+00:00,PAXGUSD,15m,886,0.007070818965826306,0.091449258624634,0.03464701293253389,0.13316709052299422,0.26017699115046244,0,1,0.034902931565312614,0.712553015389858,0.5732787114733232,3.1759403281066625,1.4439887156982028,3.8252635946901137,2.443048933054235,3.1749660508421584,0.005383757799080105,0.008707100042248795,0.00999060217356032,1,56.41140471481042,6.411404714810423,5.83555912277734,8.434938247510647,-2.599379124733307,0.35610530857000455,31.12165903514758,6.316732217230023,0.1488815665453634,0.35844895179588715,0.004708206897399054,0.24,1,1,15,1,44,1,1,0.268455426735717,-0.1345812543161466,1,0,0.1453053297476416,,1,0,,,,,1,0.013081015086777593,-1,1,1,1,75,0,1,1,0,60,0,0,1,1,0,0,1,1,1.426,0,22,2,5,8,0.003231364267380671,0.00881024043141426,0.006019623879569803,0.0052441907329846636,UP,0.0034128486208368724,0.00011549004310837486,0.009715305259039513,0.00011549004310837486,0.012772255991929745,0.00011549004310837486,0.012772255991929745,0.00011549004310837486,NO_SETUP,,NO_SETUP
2026-08-05T22:30:00+00:00,PAXGUSD,15m,888,0.00518477843319166,0.03417240330979116,0.00023567174696910293,0.03959285348995193,0.13690476190447834,1,0,0.036732181678045706,0.4781216293786201,0.5380447726637735,2.8855258468984175,1.396394333835817,3.651429123768139,2.4037384614963253,3.0999888760015892,0.005013125909857277,0.008583495611720435,0.010073441276605083,1,56.82033507762228,6.820335077622282,4.923124762937732,7.23871161763242,-2.315586854694688,0.3782563469785831,30.24789437188614,5.6110089015912195,0.1322356270068326,0.356785631566219,0.004420538335265904,0.19,1,1,17,1,46,1,1,0.2778569896705065,-0.12514169763787153,1,0,0.15471850188182948,,1,0,,,,,-1,-0.02250665183507778,-1,1,1,1,75,0,1,1,0,60,0,0,1,1,0,0,1,1,1.2612,0,22,2,5,8,0.006803843334849678,0.008387557474447326,0.003285264152677705,0.00602376985239888,UP,0.007494361553453931,6.598808914984844e-05,0.012445824957166755,6.598808914984844e-05,0.012676783269191333,6.598808914984844e-05,0.012676783269191333,6.598808914984844e-05,NO_SETUP,,NO_SETUP
2026-08-05T23:00:00+00:00,PAXGUSD,15m,890,0.15880522010403508,0.04328912666539965,0.007763810760640004,0.20985815753007472,0.7937219730941558,1,0,0.1845741829220377,1.1773739415093587,0.6604659878606087,2.9890686499056756,1.5074917320294332,3.672882741107969,2.5220352819994436,3.1214098531845593,0.004758918049385711,0.008470257441688243,0.010145435499700104,1,64.14659168555391,14.146591685553915,4.784898553089988,6.3204146190712365,-1.5355160659812483,0.9338035988369819,30.912393272523015,5.5481658386169475,0.13053002921114856,0.7355581716184646,0.00452672519095587,0.16,1,1,0,1,48,1,0,0.4491246891534893,,1,0,0.16033445555687934,,1,0,,,,,1,0.14927690689777756,-1,1,1,1,75,0,1,1,0,65,0,0,1,1,0,0,1,1,,0,23,2,5,8,0.0042536272288606555,0.007568539156661955,0.0019291893405230499,0.0055381850092577475,UP,0.006707461963208999,0.0,0.010707000839903216,0.0,0.010937562492794898,0.0,0.010937562492794898,0.00178332380502011,NO_SETUP,,NO_SETUP
2026-08-05T23:30:00+00:00,PAXGUSD,15m,892,0.39309831669685524,0.029248386658991894,0.05943272169107067,0.48177942504691784,0.9392909179213215,1,0,0.6303604808742168,4.981160981598805,1.1237510460538047,4.442681210466617,1.9710185093932857,4.384039186902555,2.995868047738127,3.490621806292438,0.004933905651795877,0.00847267463339481,0.010248495383448415,1,77.83576313257308,27.835763132573078,7.161651252363299,6.338325945373868,0.8233253069894308,2.960997235252922,34.74228378568374,6.704285850644259,0.15687163586564132,1.3844916054893686,0.0071292992786539935,0.29,1,1,0,1,50,1,0,0.4767487025415678,,1,0,0.7034821959220636,,1,0,,,,,1,0.6924848025382767,-1,1,1,1,75,0,1,1,0,65,0,0,1,1,0,0,1,1,,0,23,2,5,8,0.003509806399079027,0.003617440461984126,-0.004763977219016523,-0.0013781839793715618,UP,0.004438735159368669,0.0033553749175195837,0.005437860047639721,0.0033553749175195837,0.005437860047639721,0.005859036815529247,0.005437860047639721,0.007213822085573743,NO_SETUP,,NO_SETUP
2026-08-06T00:00:00+00:00,PAXGUSD,15m,894,0.14275801929694948,0.0,0.1537754690620728,0.29653348835902227,0.5185770750988234,0,1,0.35533885159041345,6.837140848882882,0.8654955075428165,5.284758779826916,1.7191867153310205,4.818130386319353,2.761729557784385,3.7281229214859195,0.00510156655952403,0.00853691207788204,0.010425428424533643,1,67.76381528486837,17.76381528486837,8.683792142703169,7.127888997949996,1.5559031447531728,2.3075831465320817,37.697528725441074,7.214307697749412,0.16911334606394368,0.9354125483341454,0.009419875397423989,0.45,1,1,2,1,52,1,0,0.10419694511902852,,1,0,0.5223912085439116,,1,0,,,,,1,0.1829599902483917,-1,1,1,1,75,1,1,1,4,70,0,0,1,1,0,0,1,1,,0,0,3,6,8,0.001122842220742802,0.0026816941555944263,-0.0027848362385020273,5.391517970153575e-05,UP,0.0070417912966835045,2.3441382479484754e-06,0.0072715168449773385,2.3441382479484754e-06,0.0072715168449773385,0.004045982615870805,0.0072715168449773385,0.005403238661403338,NO_SETUP,,NO_SETUP
2026-08-06T00:30:00+00:00,PAXGUSD,15m,896,0.2740545352170702,0.08971606267975678,0.0,0.363770597896827,0.7533718689788058,1,0,0.5850356449043523,5.923736613257461,1.112971211970268,5.001640073188355,1.97052879640592,4.689447693002876,3.0261479148915438,3.6840661323676613,0.005279355670659158,0.008575575844356519,0.010556191184856236,1,74.71170677573373,24.71170677573373,10.179339861111657,8.047541015924882,2.1317988451867755,0.529449779635442,40.123738904686036,8.198204086324804,0.19153921658076206,1.0666126485709846,0.011980631546484526,0.64,1,1,0,1,54,1,0,0.435847174294473,,1,0,0.8526530488274974,,1,0,,,,,1,0.5143487291392708,-1,1,1,1,75,1,1,1,4,70,0,0,1,1,0,0,1,1,,0,0,3,6,8,0.00031540803285859295,-0.0027662452659590964,-0.0050441921699372096,-0.004207776793912443,DOWN,0.0036984512297408576,0.0028059633145412956,0.003927414098038043,0.0028059633145412956,0.003927414098038043,0.00870526170689487,0.003927414098038043,0.00870526170689487,NO_SETUP,,NO_SETUP
2026-08-06T01:00:00+00:00,PAXGUSD,15m,898,0.23301034407004462,0.16944082191652762,0.08577211261154051,0.48822327859811276,0.17568214456677908,0,1,0.4324116939018568,7.784419313800754,0.9889662580454771,5.875739260180126,1.858145549360126,5.149900680238716,2.933053516849178,3.937119450210048,0.0055655456414362035,0.00869179291314649,0.010749079674890515,1,67.3773704615593,17.377370461559295,11.826840868554427,9.375452200537659,2.4513886680167687,0.9045794413040049,42.309650840167926,9.392737196882122,0.21951904974974462,0.8732164745080778,0.014663275125274365,0.76,1,1,2,1,56,1,0,0.40350286763982773,,1,0,0.8204441452937419,,1,0,,,,,1,0.48202992441770787,-1,1,1,1,75,1,1,1,4,62,0,0,1,1,0,0,1,1,3.8394,1,1,3,6,8,0.0016102720869033528,-0.005059853509645188,-0.005742291026881427,-0.003176138992890531,DOWN,0.004253548908801065,0.002482015901728972,0.004253548908801065,0.005557658958862046,0.004253548908801065,0.008383230733994244,0.004253548908801065,0.008383230733994244,NO_SETUP,,NO_SETUP
2026-08-06T01:30:00+00:00,PAXGUSD,15m,900,0.27833169105182465,0.18236329757674904,0.005136994297921039,0.4658319829264947,0.6085213032581217,1,0,0.45177498997917875,4.98153145642209,1.0062037333738798,4.830576687309076,1.8761100460639248,4.644726651016754,2.9639135585283634,3.70586241300407,0.005544287433947011,0.00869906312690045,0.010878035124644386,1,66.00870539089772,16.008705390897717,11.551369679781601,10.10437221798678,1.4469974617948207,-1.41325860863952,41.646390185906895,10.44975809322998,0.24400158063516553,0.8674751789643408,0.01505932448308043,0.82,1,1,4,1,58,1,0,0.4937352019539148,,1,0,0.9102987395683915,,1,0,,,,,1,0.3268996371414028,-1,1,1,1,75,1,1,1,4,62,0,0,1,1,0,0,1,1,4.1413,1,1,3,6,8,-0.0026198670919475877,-0.005596988787342506,-0.007310876884926539,-0.006171398149748122,DOWN,0.003343716288474852,0.003215291431026401,0.003343716288474852,0.006458602830950824,0.003343716288474852,0.009281614697407686,0.003343716288474852,0.009281614697407686,NO_SETUP,,NO_SETUP
2026-08-06T02:00:00+00:00,PAXGUSD,15m,902,0.18511610556746247,0.1813858062109425,0.05805278373588972,0.4245546955142947,0.5727622185612236,1,0,0.5095011205536535,6.0710949110389265,1.0749149076848665,5.285903354952097,1.9497684106631805,4.881127919480605,3.052014527506472,3.8430553059906742,0.00565413787131213,0.008748535029783138,0.011022461168432918,1,68.3845170596672,18.384517059667203,12.110089608253475,10.74405166899159,1.3660379392618847,-0.1026446687397744,42.04239092939129,11.158617947733932,0.26015615843826195,0.8820084239142891,0.016007472117770823,0.87,1,1,6,1,60,1,0,0.645458360533421,,1,0,1.0613867387857792,,1,0,,,,,1,0.16599832136528703,-1,1,1,1,75,1,1,1,4,62,0,0,1,1,0,0,1,1,3.3446,1,2,3,6,8,-0.0071365289564486786,-0.008351207684416606,-0.007152849016133401,-0.00850741396997104,DOWN,0.0008696260374896188,0.007973514874568642,0.0008696260374896188,0.009442320246199757,0.0008696260374896188,0.01079222232584164,0.0008696260374896188,0.01079222232584164,NO_SETUP,,NO_SETUP
2026-08-06T02:30:00+00:00,PAXGUSD,15m,904,0.1788469631084431,0.0,0.08556599803618681,0.2644129611446299,0.3236074270556786,0,1,0.17574101506478595,4.836746627856883,0.7330575545117899,4.831293331504639,1.6096783423796803,4.666569428371986,2.7275223530769632,3.755614295995656,0.00557316539447004,0.008766207878678905,0.011178440106972826,1,58.626947323803385,8.626947323803385,11.283631927441093,11.067939247546757,0.21569267989433527,-0.9769871848630114,40.98012226475722,10.984981801872648,0.25681446210016945,0.658241221926069,0.015561352913500975,0.84,1,1,8,1,62,1,0,0.3713704586898422,,1,0,0.7884462523963027,,1,0,,,,,-1,-0.12086781689811738,-1,1,1,1,75,1,1,1,4,62,0,0,1,1,0,0,1,1,3.4142,1,2,3,6,8,-0.0039019030252021325,-0.005451910038808554,-0.005868050684995431,-0.003303408612708468,DOWN,0.00042549212138229264,0.00523682610931866,0.00042549212138229264,0.0067096834525646005,0.00042549212138229264,0.008063309487071535,0.000500303922943921,0.008063309487071535,NO_SETUP,,NO_SETUP
2026-08-06T03:00:00+00:00,PAXGUSD,15m,906,0.058336632828290734,0.08035929743014929,0.0,0.13869593025844001,0.0,0,1,-0.03605950905015705,0.7775635661146225,0.4792270587142957,3.1106402494961003,1.3442690573065372,3.795499163558816,2.4701890910354285,3.333752177810311,0.005152865677644528,0.008650419985922416,0.011259200337288914,1,52.16504296255605,2.1650429625560506,8.711638252932062,10.432976307749676,-1.7213380548176147,-2.801195689143947,37.1550366914458,10.579754716920805,0.24786637202186346,0.47842103355744875,0.01364327932013646,0.79,1,1,10,1,64,1,1,0.15966431836337866,-0.32542001204218807,1,0,0.5776263784665138,,1,0,,,,,-1,-0.33361994035137355,-1,1,1,1,75,1,1,1,4,62,0,0,1,1,0,0,1,1,3.3981,1,3,3,6,8,-0.004275676904081925,-0.0022842657432766444,-0.0007707932610646233,-0.0079141022367061,DOWN,0.0,0.004598988363130337,0.0,0.005955490789137689,0.0,0.005955490789137689,0.002626319895603207,0.00959860179508151,NO_SETUP,,NO_SETUP
2026-08-06T03:30:00+00:00,PAXGUSD,15m,908,0.028422904632934308,0.05637600918928095,0.027483304479780337,0.11228221830199561,0.2447698744770157,0,1,-0.24791324059199324,-2.347164518440877,0.19939099648856196,1.601556031925611,1.0415181803720137,2.9982048134534125,2.1694293931281052,2.94004900852633,0.004473042370805552,0.008421271838834518,0.011279112127560912,1,45.1514336651903,-4.8485663348097034,5.092160815303032,8.782078213069314,-3.6899173977662816,-2.871403693395564,33.12902046106458,10.347900750814345,0.24307222825740216,0.21875288147029417,0.011600660324474385,0.74,-1,1,12,-1,1,1,1,0.08843986441570559,-0.17394347835278098,1,0,0.31605800151745256,,1,0,,,,,-1,-0.5975856974064593,-1,1,1,1,75,1,1,1,4,62,0,0,1,1,0,0,1,1,0.6436,1,3,3,6,8,4.463100727476018e-05,-0.0006859081118030393,0.002729538444914741,0.0020365833319631,NEUTRAL,0.001040607169619037,0.0019802073227738618,0.001611414262660448,0.0033402785444654626,0.003326184542168046,0.0033402785444654626,0.005264109858049873,0.006992974139854887,NO_SETUP,,NO_SETUP
2026-08-06T04:00:00+00:00,PAXGUSD,15m,910,0.04766724039553607,0.019724375336080943,0.04203170458521198,0.109423320316829,0.38412017167374896,0,1,-0.17696721942126806,-2.5684498665705178,0.21601884969257734,1.195223388179329,1.0345857333787254,2.7347167313664613,2.161130877613597,2.8077602234261576,0.003929860691138454,0.00818566883686148,0.011265451442348712,1,46.404729503534014,-3.595270496465986,2.917760217817886,6.84229124736524,-3.924531029547354,-1.010856048592177,29.71978029720783,9.62803687187568,0.22607977739341634,0.16872727023615738,0.009637841103459378,0.67,-1,1,14,-1,3,1,1,0.1250384507912015,-0.13724877838021213,1,0,0.3525732091323721,,1,0,,,,,-1,-0.4062282063263629,-1,1,1,1,75,1,1,0,3,72,0,0,1,1,0,1,1,1,,1,4,3,6,8,-0.002317614101989084,-0.0017235347019856427,0.0036020466387551445,0.001178766240322831,DOWN,0.0003029100498040392,0.0023457917810405975,0.0012445141581096963,0.0037053647952773614,0.004557739586586665,0.0037053647952773614,0.004895871735205043,0.007356722372372709,NO_SETUP,,NO_SETUP
2026-08-06T04:30:00+00:00,PAXGUSD,15m,912,0.071472570050171,0.05407464181427904,0.0,0.12554721186445003,0.5692883895130862,1,0,-0.24055464988203445,-3.4080961492791175,0.08733823549240806,0.5502388908180365,0.8768179826649526,2.345495410658259,1.9993763153704194,2.6097758126770714,0.003278928853744425,0.007894797471725445,0.011225583327054669,1,43.78078277703716,-6.21921722296284,0.3846812315096031,4.673367833595713,-4.28868660208611,-0.4540697688171633,28.313988433845434,9.364327710954043,0.2201620290440554,0.12001016935008153,0.010851647200007827,0.61,-1,-1,1,-1,5,1,1,0.14412067579196097,-0.0684161772519703,1,1,0.2281714777424055,-0.106503533660283,1,1,0.19231763914816666,,,,-1,-0.11520249777825035,-1,1,1,1,35,1,1,-1,3,72,1,1,1,1,0,1,1,1,6.0436,1,4,3,6,8,0.002083049245541116,0.0012084506909799564,0.003402000291532911,0.0036794267147538277,NEUTRAL,0.002170038886720576,0.002461571738241176,0.00249448673760625,0.002461571738241176,0.0061504027385279126,0.002461571738241176,0.0061504027385279126,0.006117487739162839,LOSS,-1.0,BUY_LOSS
2026-08-06T05:00:00+00:00,PAXGUSD,15m,914,0.07592710997443568,0.06276327666614552,0.05453588084849625,0.19322626748907742,0.2822384428223715,0,1,-0.18997714791064957,-2.526944920384267,0.09292912691169866,0.6131732321628078,0.8566289849332024,2.306140625415537,1.9748418767243754,2.584403157293309,0.002829062748223482,0.007636998580215038,0.01118212891791173,1,44.68371259290174,-5.316287407098258,-0.6810415065137931,2.8438048021994167,-3.52484630871321,0.8621607442787891,26.168828135920055,8.95332338342459,0.21046438673989654,0.1869395136645309,0.011656275173569923,0.56,-1,-1,3,-1,7,1,1,0.1605517526703759,-0.24576406649616198,1,1,0.24458872423649167,-0.09003121709041502,1,1,0.1758312020460469,,,,-1,-0.024682187452990584,-1,1,1,1,35,1,1,-1,3,77,0,0,1,1,0,1,1,1,,1,5,3,6,8,-0.00033144651722578195,-0.0004184218444410414,0.002846678952911011,0.001147134045434056,NEUTRAL,0.002329528358658007,0.002625714608093894,0.002329528358658007,0.002625714608093894,0.005984842786219356,0.002625714608093894,0.005984842786219356,0.006281029035655243,NO_SETUP,,NO_SETUP
2026-08-06T05:30:00+00:00,PAXGUSD,15m,916,0.22918437601266664,0.03381408826417513,0.1387786539174996,0.4017771181943413,0.9158386908240526,1,0,-0.04910148779300474,-2.3414673838069575,0.191871765415815,0.44362511742474453,0.9281432730097898,2.1521541289757806,2.0395259626814704,2.5008437769356533,0.0024097325320881972,0.007362715075939748,0.011113826896716805,1,48.93817539030014,-1.0618246096998618,-1.475113006441461,1.2733517442602091,-2.74846475070167,1.0449410661703098,25.327841888723658,9.30755944795283,0.21856016437293252,0.3285830472352732,0.01232130328126591,0.6,-1,-1,5,-1,9,1,1,0.6382409159860867,-0.1398353441757564,1,1,0.5155474359997916,0.015732943845133185,1,1,0.06997637710223767,,,,1,0.08101291979955333,-1,1,1,1,35,1,1,-1,3,77,0,0,1,1,0,1,1,1,,1,5,3,6,8,-0.0018480338516594478,0.0015169375707395508,0.0008406558054562617,-0.0027333054680199332,UP,0.001270376510479985,0.0029775183277055478,0.0016390440005824647,0.0029775183277055478,0.00492182840289487,0.0029775183277055478,0.00492182840289487,0.007331082191716547,NO_SETUP,,NO_SETUP
2026-08-06T06:00:00+00:00,PAXGUSD,15m,918,0.1885191375131817,0.041370783294670886,0.05171347911832792,0.2816033999261805,0.18363939899832207,0,1,-0.14058744967199974,-0.7002488107809768,0.07536502874515565,0.928336757760917,0.7903075287684467,2.332881346740578,1.8986466686047014,2.585341313591016,0.002159524784171554,0.00714942500023291,0.011083391398362548,1,46.07401783218796,-3.9259821678120375,-1.415959047089018,0.3573950555132696,-1.7733541026022877,1.759993378452873,24.904343461536637,9.245242585224588,0.21731984517042147,0.27748933855533947,0.011411809763739917,0.59,1,-1,7,1,1,1,1,0.5361747539496263,-0.2427007599530775,1,0,0.4133552410435788,,1,0,0.172770032508982,,-1,0,1,0.0464246005721263,-1,1,1,1,35,1,1,-1,3,67,0,0,1,1,0,0,1,1,,1,6,3,6,8,0.0008673760815755687,0.00341779084718431,0.0025809727305421133,-0.006125696662835262,UP,0.001361004745887007,0.001953359143060733,0.004014846469732319,0.001953359143060733,0.0059541019366697754,0.001953359143060733,0.0059541019366697754,0.007801683508806476,NO_SETUP,,NO_SETUP
2026-08-06T06:30:00+00:00,PAXGUSD,15m,920,0.052453926399839194,0.0,0.12819457348843843,0.1806484998882776,0.7096354166667345,0,1,-0.17290597374931133,-2.11961410587719,0.006346980902235495,0.20721897554267343,0.6945914126981412,1.91104892455769,1.7960560965825454,2.3675686581900663,0.0017925295465154683,0.006882444317959056,0.011014646838844042,1,44.23267881819889,-5.767321181801108,-2.1471431629724975,-0.48521695157470013,-1.6619262113977973,0.2285464409876734,25.739701479415746,8.871102025015096,0.20866553036129926,0.2644572356722489,0.01117560047490248,0.5,1,-1,9,1,3,1,1,0.46926270478790794,-0.12254930786689232,1,0,0.3463605678196423,,1,0,0.24015900831500667,,-1,2,-1,-0.0493960741881862,-1,1,1,1,50,1,1,0,3,67,0,0,1,1,0,0,1,1,,1,6,3,6,8,0.0015642090159595507,0.005334776012325351,0.0011478706763731988,-0.0049607771649005945,UP,0.0020346478177519223,0.0010914180201583796,0.006292118973972973,0.0010914180201583796,0.006630834911263386,0.0010914180201583796,0.006630834911263386,0.007289449233772964,NO_SETUP,,NO_SETUP
2026-08-06T07:00:00+00:00,PAXGUSD,15m,922,0.17799611132508092,0.002348233658629155,0.04884326009975125,0.22918760508346134,0.9897540983607119,1,0,0.012326759220950965,-1.479548054924635,0.16818099593676886,0.28882459064880095,0.8315576204444295,1.884020244052408,1.9243684967012769,2.3444168815858575,0.001558542367158179,0.006633766245076606,0.010928108762568473,1,50.27462035074765,0.27462035074764657,-2.05892001619668,-1.1163615134695835,-0.9425585027270966,0.7659633142269848,25.872121905885894,8.768705317487516,0.20590968969237,0.47381329227326247,0.008750053368758526,0.49,1,-1,11,1,5,1,1,0.6368409682237208,-0.14124625456730078,1,0,0.5141457595596693,,1,0,0.07138630322271501,,-1,4,1,0.08394935329646748,-1,1,1,1,50,1,1,0,3,85,0,0,1,1,0,1,1,1,,0,7,3,6,8,0.0014958248405549089,0.00219090200351294,-0.0013643237556710782,-0.004520349792885791,UP,0.0020006950771628467,0.002204991405464886,0.004935987150465308,0.002204991405464886,0.004935987150465308,0.002204991405464886,0.004935987150465308,0.008960859641377935,NO_SETUP,,NO_SETUP
2026-08-06T07:30:00+00:00,PAXGUSD,15m,924,0.13145826964231463,0.0,0.007055005526425274,0.1385132751687399,0.05093378607812652,0,1,-0.12098121635728543,-0.4953216504027296,0.015487859662283986,0.5757584937127831,0.6570251016060543,1.9687640831234603,1.7443475552035699,2.378340460079926,0.0013646907601956942,0.006415372419437704,0.010873224535975154,1,45.466957600969415,-4.533042399030585,-1.9675872819188953,-1.3909537485818413,-0.576633533337054,1.0053862115153822,24.963090249763443,8.307199993139696,0.19535780620228335,0.2996383899157925,0.005337610013421839,0.4,1,-1,13,1,7,1,1,0.4914987183406755,-0.28772664205252857,1,0,0.36862403875550126,,1,0,0.2177645039155332,,-1,6,-1,-0.062201632057933984,-1,1,1,1,50,1,1,0,3,85,0,0,1,1,0,1,1,1,,0,7,3,6,8,0.005027867271829388,0.003266467558732784,0.0025797803541613372,-0.0031065541001340535,UP,0.005030218940338033,0.0007454789172918356,0.006405945017990212,0.0007454789172918356,0.006405945017990212,0.0007454789172918356,0.006405945017990212,0.007511229217129673,NO_SETUP,,NO_SETUP
2026-08-06T08:00:00+00:00,PAXGUSD,15m,926,0.15357417515428184,0.012192148256533034,0.0344662652636164,0.20023258867443128,0.9391100702575599,1,0,0.16000472953480047,0.22972536100769503,0.2962124047904446,0.7918939421006144,0.9195749140327278,2.022858227497636,1.999118401622189,2.3971679057358415,0.0013620767525564413,0.006233625092422834,0.010795434875894612,1,55.3548802352374,5.3548802352374025,-0.8144346797389517,-1.316524492626289,0.5020898128873372,1.0238252199993139,23.869205839328426,8.361157136941872,0.19603936040322886,1.0353570028803922,0.003960521239932294,0.41,1,1,0,1,9,1,1,0.7887382064412134,0.011840451672202585,1,0,0.23669180124923223,,1,0,-0.08159360756287311,,-1,8,1,0.2834674469641585,-1,1,1,1,75,1,1,1,4,85,0,0,1,1,0,1,1,1,,0,8,3,6,8,0.0030363138446532316,-0.0006752574418997498,-0.0071488192373341825,-0.004923752180518823,NEUTRAL,0.003399733648453473,0.0010410218895953143,0.003399733648453473,0.0010410218895953143,0.003399733648453473,0.008834618198188128,0.003399733648453473,0.010475868925027736,NO_SETUP,,NO_SETUP
2026-08-06T08:30:00+00:00,PAXGUSD,15m,928,0.10049780380673415,0.059502196193264155,0.02904831625182505,0.18904831625182333,0.6852540272614553,1,0,0.20980135914582831,2.296713957650354,0.356832773031272,1.6269347770030436,0.9680067062924468,2.4007796772584697,2.043910356492131,2.58069271144268,0.0014703141388544365,0.006111739332611749,0.010759036501996841,1,57.98263191416203,7.982631914162027,0.6531224298705638,-0.7383958360060954,1.3915182658766592,1.5958910549417877,21.177398401233205,8.212936510934526,0.19239675574663603,1.0533286118670944,0.005025745999695491,0.37,1,1,1,1,11,1,1,0.22137628111273366,-0.3155490483162578,1,0,0.32339677891655144,,1,0,-0.16843338213761874,,-1,10,1,0.3322986822840291,-1,1,1,1,75,1,1,1,4,85,0,0,1,1,0,1,1,1,,0,8,3,6,8,0.00021083455344061755,-0.0008339677891655403,-0.0006910688140555943,-0.007086383601756955,NEUTRAL,0.002527672035139084,0.00047320644216701296,0.002527672035139084,0.0017147877013176478,0.002527672035139084,0.009696046852123063,0.002527672035139084,0.011335871156661863,NO_SETUP,,NO_SETUP
2026-08-06T09:00:00+00:00,PAXGUSD,15m,930,0.005849280421522545,0.0952262852624015,0.05030381162508537,0.1513793773090094,0.37094281298292764,1,0,0.27336211657810716,3.4950424914104588,0.4433338961150792,2.1858017683907747,1.0477520711660666,2.655331988707985,2.122134164253376,2.705651148879042,0.00169971779536972,0.006044181750509875,0.010743820930873095,1,61.495342855083294,11.495342855083294,2.4935806992371,0.294967369085632,2.198613330151468,1.2776169695473525,19.95560296845759,8.005338114020097,0.18730186999202383,1.0320783720651627,0.006930333543142439,0.33,1,1,3,1,13,1,1,0.06013060273324495,-0.19162242660909048,1,0,0.44653406737903195,,1,0,-0.2917621074255292,,-1,12,1,0.4554249736197275,-1,1,1,1,75,1,1,1,4,70,0,0,1,1,0,0,1,1,,0,9,3,6,8,-0.0019747170703059173,-0.0041646876601240945,-0.0024145829580044386,-0.006841318381012717,DOWN,0.0012891814049036199,0.0023654490024636403,0.0012891814049036199,0.004279333556385885,0.0012891814049036199,0.010919436690898303,0.0012891814049036199,0.012557235208924615,NO_SETUP,,NO_SETUP
2026-08-06T09:30:00+00:00,PAXGUSD,15m,932,0.23782466581533176,0.013355670888145295,0.0002343100155867305,0.2514146467190637,0.0009319664492282093,0,1,0.08508864463250729,3.101973558728787,0.2672159804369625,2.137243385584952,0.8643883034847297,2.6151131086480746,1.938848000898151,2.6850907439611547,0.0018212733580445517,0.0059717232304776725,0.010744596974134215,1,54.03925366622643,4.039253666226429,3.295060734060826,1.394729143398667,1.9003315906621587,-0.034507899553282595,18.683641857658795,8.034449700354047,0.1882552034479667,0.722524270265504,0.007809164640212928,0.33,1,1,5,1,15,1,1,0.20033506332228596,-0.3367034923907797,1,0,0.3023770751080908,,1,0,-0.14738099980083563,,-1,14,1,0.31128085570017344,-1,1,1,1,75,1,1,1,4,70,0,0,1,1,0,0,1,1,,0,9,3,6,8,-0.0002905444193213658,-0.0035474536359057433,0.000276485818386162,-0.00855700176904072,DOWN,0.0013449394894384248,0.0015042703000339918,0.0013449394894384248,0.003955153063017704,0.0013449394894384248,0.009487212530899795,0.0013449394894384248,0.011127382639971107,NO_SETUP,,NO_SETUP
2026-08-06T10:00:00+00:00,PAXGUSD,15m,934,0.08110281070463427,0.0,0.01640808309052851,0.09751089379516277,0.16826923076919292,0,1,0.030839729118589194,1.038032777099943,0.2077903863339513,1.3451293228717986,0.7918581609076171,2.193891145755515,1.8622563276205248,2.471360574035316,0.001769506572153621,0.005840677745736657,0.010703981667129079,1,52.229522872369145,2.229522872369145,2.998219835440068,2.0209900694371505,0.9772297660029174,-1.521485740587063,16.375126480820747,7.643989792652185,0.17917602808717345,0.6340951628239199,0.007912063402007853,0.26,1,1,7,1,17,1,1,0.16150241784823036,-0.18412213239448955,1,0,0.26358413479005605,,1,0,-0.10852774958450513,,-1,16,1,0.043481420189901615,-1,1,1,1,75,1,1,1,4,72,1,1,1,1,0,0,1,1,1.7035,0,10,3,6,8,-0.001387655027084861,-0.000684451466062028,-0.0016947205820649254,-0.005925662007552347,NEUTRAL,0.0005766269200387316,0.0021096106830684994,0.0005766269200387316,0.003694162707239788,0.0008485322969677395,0.00910179809150552,0.0008485322969677395,0.010742606400558796,LOSS,-1.0,BUY_LOSS
2026-08-06T10:30:00+00:00,PAXGUSD,15m,936,0.06405202995665281,0.01876982562830284,0.01712746588583168,0.09994932147078732,0.17136150234734315,0,1,-0.059065842817814795,-0.05834505094662745,0.10167938893583185,0.862820263058893,0.6691198902983007,1.9156815135329452,1.7336333385703901,2.3256327836534183,0.0016074523175364666,0.005674405013624689,0.010645134482720895,1,48.54183383281626,-1.458166167183741,2.1198394133934926,2.1455980773042964,-0.025758663910803836,-1.5535726020618195,15.202337660831883,7.107521811011261,0.1667586813027024,0.4833093741411134,0.007393154457174829,0.18,1,1,9,1,19,1,1,0.067102126621236,-0.11813259004823504,1,0,0.16928036488541362,,1,0,-0.014077369221227133,,-1,18,-1,-0.05103046342699903,-1,1,1,1,75,1,1,1,4,72,1,1,1,1,0,0,1,1,4.6644,0,10,3,6,8,-0.000563094768849512,-0.006477936069973833,-0.0035709593257879234,-0.00700349118756674,DOWN,0.0015227021040974018,0.002625429359761154,0.0015227021040974018,0.008164874148319205,0.0017948645757082198,0.008164874148319205,0.0017948645757082198,0.009807233890797197,LOSS,-1.0,BUY_LOSS
2026-08-06T11:00:00+00:00,PAXGUSD,15m,938,0.0332927724204566,0.047829053336427306,0.07877726431881518,0.15989909007569908,0.4926686217008528,0,1,0.006967731313194711,-0.049665676625409105,0.15811750752961098,0.796613399308626,0.7100341477442614,1.8407954626154606,1.7674031599041844,2.2797392110451256,0.0015114977621641626,0.005519166402146505,0.010573690121599227,1,51.19104344825027,1.1910434482502694,1.796178746930309,2.0547785391452074,-0.25859979221489837,-0.7827904875942839,13.830436811532262,6.937250949290266,0.162648110618525,0.5565346666778299,0.007204410011095924,0.15,1,1,11,1,21,1,1,0.13809466870173234,-0.20761091534024215,1,0,0.24020031932926533,,1,0,-0.08510758020156664,,-1,20,-1,-0.12414452814531084,-1,1,1,1,75,1,1,1,4,75,1,1,1,1,0,0,1,1,2.7072,0,11,3,6,8,-0.002023356521045768,0.0001430182477218089,-0.008684255566574987,-0.006112271669022883,NEUTRAL,0.0005087698320590813,0.003460572682576699,0.000912034399405496,0.008869475920181735,0.0010831873843840018,0.010355927871911724,0.0010831873843840018,0.010510668926823877,LOSS,-1.0,BUY_LOSS
2026-08-06T11:30:00+00:00,PAXGUSD,15m,940,0.10972151410990648,0.0483996400570552,0.011512535741719357,0.16963368990868105,0.06786703601104771,0,1,-0.17478955741083568,-1.192084601500028,-0.0516375099209878,0.2570891087043492,0.47952587920283885,1.5263852886100722,1.5287714106225396,2.1126945495561813,0.0012315204748984789,0.005311633891238267,0.010492455314197006,1,43.23362305566777,-6.7663769443322295,0.4181931607263323,1.5926145704640229,-1.1744214097376906,-1.0697430493162305,13.959515289909357,7.171864338928875,0.16850274395248555,0.21844536715542304,0.006536474286937898,0.19,-1,1,13,-1,1,1,1,0.5833801274837105,-0.4185629066098521,1,0,0.030191037608396504,,1,0,,,,,-1,-0.20699069364203534,-1,1,1,1,75,1,1,0,3,75,0,0,1,1,0,0,1,1,,0,11,3,6,8,-0.0022296727385502624,0.001757423823430706,-0.0061016439431138235,-0.004687246694844926,UP,0.0023330506105168876,0.002358895078508437,0.0031600735862490348,0.0067829980992568295,0.0031906170484209823,0.008427646062360327,0.0031906170484209823,0.008427646062360327,NO_SETUP,,NO_SETUP
2026-08-06T12:00:00+00:00,PAXGUSD,15m,942,0.1657766459504688,0.023514417865314118,0.026336148009149244,0.21562721182493216,0.1221374045801398,0,1,-0.22524038862212153,-2.1637245830870597,-0.1303586951374486,-0.26374050365302537,0.3783612708478047,1.2114343901239408,1.4169749055549008,1.9421439285415545,0.0009488169348467292,0.0050871996598525334,0.010386136347070961,1,41.189423747648554,-8.810576252351446,-0.7604880205553854,0.8788726532005882,-1.6393606737559736,-0.9651262087689245,15.33035313639034,7.421913639178472,0.17452197867191677,0.07241166323425377,0.00632328904464699,0.21,-1,1,15,-1,3,1,1,0.5010922447098533,-0.5016801051564775,1,0,0.3782294113635784,,1,0,,,,,-1,-0.28993277227932135,-1,1,1,1,75,1,1,0,3,85,0,0,1,1,0,1,1,1,,0,12,3,6,8,-0.002123351933237805,0.0038375529956191953,-0.0031603377610981234,-0.0040421284310474025,UP,0.0031626892028847058,0.005960904928857215,0.004016262571395634,0.005960904928857215,0.004020965454968799,0.007606914179429203,0.004020965454968799,0.007606914179429203,NO_SETUP,,NO_SETUP
2026-08-06T12:30:00+00:00,PAXGUSD,15m,944,0.15715636119693865,0.0677883408744794,0.055122007285474624,0.28006670935689265,0.7579564489112635,1,0,0.03240174020548516,-1.408491098626655,0.11454413976592119,-0.09337983439763775,0.6036640503689279,1.2398420211357006,1.6298192961228455,1.9418628676048684,0.0008214239956043603,0.004891199106030067,0.010261552457539177,1,51.209865203398586,1.2098652033985857,-0.8142938186883839,0.22397180221757482,-1.0382656209059586,0.17734137439180664,15.026069009035284,7.7663949235773275,0.18216990534442637,0.4419640774142948,0.005862460033915448,0.27,-1,1,17,-1,5,1,1,0.7475482434844802,-0.25274026744727957,1,0,0.6249897379241858,,1,0,,,,,-1,-0.04151742676395178,-1,1,1,1,75,1,1,1,4,85,0,0,1,1,0,1,1,1,,0,12,3,6,8,6.802290260761424e-05,-0.0010109610697892463,-0.0056717027070770296,-0.0063730422891348825,NEUTRAL,0.0013628036694836336,0.008423111836688917,0.00153403373466845,0.008423111836688917,0.00153403373466845,0.010065043968597052,0.00153403373466845,0.010065043968597052,NO_SETUP,,NO_SETUP
2026-08-06T13:00:00+00:00,PAXGUSD,15m,946,0.28314696957173213,0.11217248586036295,0.16979372070232984,0.5651131761344249,0.3004596740493281,0,1,-0.5532966624892021,-3.76359475420486,-0.530471508815489,-1.1742733496303117,-0.07329617050555523,0.639507072753986,0.940745309686031,1.6255942036095803,0.00022825153673713071,0.004571753383099337,0.010140414801915862,1,33.489896032175565,-16.510103967824435,-3.7040991671919983,-0.9017221521282147,-2.8023770150637834,-1.2210392320376888,17.170950185199263,9.571177255533573,0.22602584112913,-0.22365953281755796,0.00910414049269666,0.65,-1,-1,0,-1,7,1,1,0.5704266096751661,-0.4299158115974525,1,1,-0.04900166487583847,-0.6054952710441565,1,1,,,,,-1,-0.6906282839971164,-1,1,1,1,35,1,1,-1,3,77,1,1,1,1,0,1,1,1,2.7799,1,13,3,6,8,0.006210813427636981,0.002925930736441751,0.002241088191189095,0.0016105607443529322,UP,0.008296040901630658,0.0004770282556589098,0.008326740739866152,0.0004770282556589098,0.008326740739866152,0.0033510054197023317,0.008326740739866152,0.0033510054197023317,WIN,1.4719117562300723,BUY_WIN
2026-08-06T13:30:00+00:00,PAXGUSD,15m,948,0.5178395611608642,0.07689061840685793,0.020629190304283115,0.6153593698720052,0.8750476190476287,1,0,0.19475234608463038,-2.9536455924444454,0.20968388254302076,-1.0746367983338132,0.6440038763293023,0.6116173728132708,1.638534968864536,1.5900709402530993,0.00014931536458390372,0.004343199937862816,0.009945310925352339,1,54.00022886030105,4.00022886030105,-3.034544751544672,-1.8793455273546258,-1.1551992241900464,0.545199578129328,17.764831694949844,10.869892633597857,0.25481486786998586,0.6047475889108073,0.009800076941767905,0.81,-1,-1,2,-1,9,1,1,1.2988185100098397,-0.1932814477940806,1,0,0.6839279853720329,,1,0,,,,,1,0.4463406629471603,-1,1,1,1,35,1,1,-1,3,77,0,0,1,1,0,1,1,1,,1,13,3,6,8,0.00023911106943586832,-0.008826011533592889,-0.006399737446668897,-0.0052159032303436634,DOWN,0.000940034694547381,0.0022434244455906555,0.000940034694547381,0.010497444793473615,0.000940034694547381,0.010652163720755897,0.000940034694547381,0.010652163720755897,NO_SETUP,,NO_SETUP
2026-08-06T14:00:00+00:00,PAXGUSD,15m,950,0.0035180629076470072,0.14001890372469644,0.07716284644124398,0.22069981307358744,0.36556854410198225,1,0,0.11967828589078963,1.9895100705844015,0.14853883641499377,0.8865194337577122,0.5720266411947876,1.547348482592497,1.5588637637841118,2.0436731592026263,0.00028860550524204123,0.004234878047797938,0.009868371225893242,1,52.799310713338265,2.799310713338265,-1.422789489144634,-1.8315445446257828,0.40875505548114877,3.164049332196746,16.013240502978157,10.586540076928758,0.24829409310034592,0.5857181472888502,0.009054094407871414,0.76,-1,-1,4,-1,11,1,1,0.30571966667526296,-0.24239453433746752,1,0,0.6352448923590027,,1,0,,,,,1,0.39754110856507163,-1,1,1,1,50,1,1,0,3,62,0,0,1,1,0,0,1,1,1.8631,1,14,3,6,8,-0.0032155094975971714,-0.00784528028407181,-0.0044374500141895375,-0.005314620365831601,DOWN,0.0014306789157800047,0.0039050498274975634,0.0014306789157800047,0.010167201803124594,0.0014306789157800047,0.010167201803124594,0.0014306789157800047,0.010167201803124594,NO_SETUP,,NO_SETUP
2026-08-06T14:30:00+00:00,PAXGUSD,15m,952,0.18458525707245227,0.017802639006992648,0.0,0.20238789607944493,0.9120370370370151,1,0,0.2163686379568236,1.72302298294926,0.2592019587669277,0.8463564630728797,0.6723626518041269,1.4989121142907607,1.6501302369472886,2.008869601682818,0.000428333208101041,0.0041316069303719925,0.009777675851431616,1,55.641007628098116,5.641007628098116,-0.1181747794516923,-1.3660579228694023,1.24788314341771,1.4654342679834864,14.625107135330763,10.262884045923268,0.240403184000189,0.7670273225589208,0.00828577695755826,0.68,1,-1,6,1,0,1,1,0.429957156543748,-0.11747399292111621,1,0,0.7590717329229297,,1,0,,,,,1,0.5216641719547421,-1,1,1,1,75,1,1,0,3,62,0,0,1,1,0,0,1,1,1.86,1,14,3,6,8,-0.009407289243692328,-0.00697113864273601,-0.008831045928466143,-0.008889607240989129,DOWN,0.00018271129507186758,0.011246114456913939,0.00018271129507186758,0.0114007163219748,0.00018271129507186758,0.0114007163219748,0.00018271129507186758,0.0114007163219748,NO_SETUP,,NO_SETUP
2026-08-06T15:00:00+00:00,PAXGUSD,15m,954,0.1847868963314962,0.031463080188594054,0.028410691812086435,0.24466066833217667,0.11612284069098157,0,1,-0.03191617402228684,1.4984383148412235,0.014621438828911447,0.8243375116635434,0.4167720124859102,1.463075936885616,1.3877007050954417,1.980922380541415,0.0004653761285119829,0.004021505736569987,0.009709286926095316,1,49.115597625870556,-0.8844023741294436,0.25925702645417914,-0.7507649188668439,1.010021945321023,0.39595860171321196,13.456712329672941,10.259323488576698,0.24088799821028367,0.4958307708888789,0.00802492552895476,0.68,1,-1,8,1,2,1,1,0.19453105922572306,-0.35419445122753057,1,0,0.5244238029941591,,1,0,,,,,-1,-0.052477600165290884,-1,1,1,1,75,1,1,0,3,62,0,0,1,1,0,0,1,1,1.2921,1,15,3,6,8,-0.007485395495613978,-0.00466545823393502,-0.004238123861224379,-0.004336739485696098,DOWN,-0.00028410691812086434,0.00906324548716127,-0.00028410691812086434,0.00906324548716127,-0.00028410691812086434,0.00906324548716127,-0.00028410691812086434,0.00906324548716127,NO_SETUP,,NO_SETUP
2026-08-06T15:30:00+00:00,PAXGUSD,15m,956,0.06522343145889599,0.0,0.1266794444941346,0.19190287595303057,0.6601226993864343,0,1,-0.26409337506709074,-2.3064938057641484,-0.2504437595776031,-0.7356653727392768,0.12823513541777073,0.6426729984732447,1.08593921650402,1.5564170983843724,0.000136496154894876,0.003786788949953738,0.009577040810862494,1,42.48183189726116,-7.518168102738841,-1.5215237363181586,-0.8817921472156525,-0.6397315891025062,-2.090881659791716,13.567859844863841,10.238192191680875,0.24107221179674956,0.20237380545460823,0.008382511628610532,0.67,-1,-1,10,-1,1,1,1,0.8605019143194668,-0.15987981935228573,1,0,0.24288075649761004,,1,0,,,,,-1,-0.3786255515736233,-1,1,1,1,50,1,1,0,3,62,0,0,1,1,0,0,1,1,2.0461,1,15,3,6,8,-0.0017706866591003234,-0.0006828445892806672,-0.0034448332210954714,0.001384526270679621,NEUTRAL,-0.00013892355437073188,0.006258623856235297,-0.00013892355437073188,0.006258623856235297,0.0011349348001150519,0.006258623856235297,0.0015987981935228575,0.006258623856235297,NO_SETUP,,NO_SETUP
2026-08-06T16:00:00+00:00,PAXGUSD,15m,958,0.017265234204095717,0.22563059494104903,0.013481073282634462,0.2563769024277792,0.05258302583023075,0,1,-0.5823985232059933,-6.561823727621231,-0.643086005449505,-2.66968572085716,-0.30355275325740366,-0.39924340182096785,0.6333960584093067,1.011760934459744,-0.0006068748224351167,0.003395332521921013,0.009369488116667104,0,34.23543895975371,-15.764561040246292,-5.356081724427895,-2.221606717884782,-3.1344750065431133,-3.250097682250386,16.749421982613594,11.321298369357445,0.2677600929332556,-0.03664803952098327,0.011246248059704986,0.92,-1,-1,12,-1,3,1,1,0.41992360725137945,-0.2800279081867991,1,0,1.0780128424961255,,1,0,,,,,-1,-0.824710570817043,-1,1,1,1,35,1,1,-1,3,67,1,1,1,1,0,0,1,1,3.7697,1,16,3,6,8,0.0023083381620803943,0.0024478790960586463,0.0025945153317645437,0.006180007804831927,UP,0.0031857904757400415,0.001842413348627642,0.004086893795158794,0.001842413348627642,0.005584002459704737,0.001842413348627642,0.007064555420219435,0.001842413348627642,WIN,2.231679468548937,BUY_WIN
2026-08-06T16:30:00+00:00,PAXGUSD,15m,960,0.07493629233191512,0.047987594143143575,0.0,0.1229238864750587,0.60961538461542,1,0,-0.4292023017221559,-6.950381781568467,-0.5444650484146623,-3.1581758615066065,-0.2421224340412915,-0.7415434350796204,0.6701758005397708,0.809911753806773,-0.0011526274669250638,0.0030234261437337077,0.009122982345810623,0,36.37350661100395,-13.626493388996053,-7.435423352194448,-3.9820437919655705,-3.4533795602288775,-1.2285962840954756,19.77532891051438,10.674435838884776,0.25233521908546463,0.13152813849760797,0.013155003795051183,0.82,-1,-1,0,-1,5,1,1,0.46959288554367296,-0.23000950296198255,1,1,1.1273538742299647,-0.832336546689781,1,1,,,,,-1,-0.7744204847929019,-1,1,1,1,35,1,1,-1,3,67,1,1,1,1,0,0,1,1,3.2136,1,16,3,6,8,0.0032031128110329345,0.00343477705862045,0.0014230803780381175,0.0036664413062081807,UP,0.003373315115382867,0.00027894266546271175,0.004226690558027192,0.00027894266546271175,0.005082429921565105,0.00027894266546271175,0.0065622444010534145,0.0009384765948192911,NO_ENTRY,,NO_SETUP
2026-08-06T17:00:00+00:00,PAXGUSD,15m,962,0.0035383450452468514,0.05189572733040873,0.029957988049839627,0.0853920604254952,0.3508287292818991,0,1,-0.1769194323576811,-3.5574780570204894,-0.30547042431704896,-2.012664453470279,-0.027999984691749392,-0.2523308702293434,0.8638023509730465,1.026191316119366,-0.0012855099195936788,0.0027747043962529955,0.008918023356647958,0,43.13124900887012,-6.868750991129879,-6.92885455182477,-5.084779096591159,-1.844075455233611,1.7442932808606653,20.055637658157405,10.171579881487409,0.23993706184053878,0.3256392473495719,0.013370414426170407,0.67,-1,-1,2,-1,7,1,1,0.0973044887445244,-0.1753839694098156,1,1,1.3374944271065707,-0.6180309345712566,1,1,,,,,-1,-0.1371698429210595,-1,1,1,1,35,1,0,-1,-1,58,0,0,1,1,0,0,1,1,2.8116,1,17,3,6,8,0.0008963807447978714,-0.0018729639772886626,-0.0008845862613138582,0.00292267300738085,DOWN,0.00145308036525153,0.0007029512156575242,0.0020923413700943533,0.002035727849370318,0.0029462619743493056,0.002035727849370318,0.0044229313065692905,0.003061847912494479,NO_SETUP,,NO_SETUP
2026-08-06T17:30:00+00:00,PAXGUSD,15m,964,0.0018871974881384268,0.01722067707926851,0.06416471459677088,0.0832725891641778,0.7932011331445846,1,0,-0.1459086825500311,-2.284375461642412,-0.28486459073443876,-1.582609516640332,-0.030442593201390995,-0.10048572288178548,0.8428458371228945,1.0779496128716346,-0.0013895590818440765,0.0025442199753304777,0.008732884303242854,0,43.309733595052236,-6.690266404947764,-6.44465079170368,-5.623715450162825,-0.8209353415408547,1.7459304217278842,20.323188223899383,9.21952551005802,0.21748831730531837,0.35810580566726147,0.013183057732931752,0.54,-1,-1,4,-1,9,1,1,0.09306242613390395,-0.17963761090233474,1,1,1.3333050253710215,-0.6223033717141934,1,1,,,,,1,0.19107874567419808,-1,1,1,1,35,1,0,-1,-1,58,0,0,1,1,0,0,1,1,1.6522,1,17,3,6,8,0.00012030883986898562,0.00042933742855181395,-0.0007053400611923271,0.004199014411111862,NEUTRAL,0.0014956040093510978,0.0003821574913483533,0.002988849021841969,0.0019933523468479834,0.002988849021841969,0.0019933523468479834,0.0044655810563116825,0.003019515981024272,NO_SETUP,,NO_SETUP
2026-08-06T18:00:00+00:00,PAXGUSD,15m,966,0.005419364567712921,0.029453068302843517,0.05961301024497071,0.09448544311552715,0.6882793017456529,1,0,-0.023357676820348523,-0.8949649470587246,-0.15478372107907845,-1.0494676852949851,0.08295113085764286,0.11296141849197738,0.9395706613261732,1.1623242647283405,-0.0013142604425872993,0.0023773485193672133,0.008566195304685303,0,47.29250146703032,-2.70749853296968,-5.126970203791643,-5.545031223846276,0.4180610200546324,1.7528710928004365,19.353292641444586,8.70418271020307,0.2050919103072325,0.43957860044753133,0.012946574672603451,0.45,1,-1,6,1,1,1,1,0.08223296670155539,-0.06279394162166152,1,1,1.4483840868606388,-0.5049434029839347,1,1,,,,,1,0.11981508185596827,-1,1,1,1,75,1,0,0,0,66,0,0,1,1,0,0,1,1,,0,18,3,6,8,-0.002327970518656777,-0.0027638759295387327,-0.0006291175389487547,0.0043708353361420205,DOWN,0.0009660606403333531,0.0026979010565404233,0.0018190214983836756,0.0031573689220647395,0.0018190214983836756,0.0031573689220647395,0.004724272155776143,0.004182335699003779,NO_SETUP,,NO_SETUP
2026-08-06T18:30:00+00:00,PAXGUSD,15m,968,0.10758523062405097,0.01627934410757579,0.014863748967797784,0.13872832369942453,0.10714285714287372,0,1,-0.13543182752129018,-0.8953794691342409,-0.2677872089072645,-1.0270480247572777,-0.047871529144265706,0.0806347282259594,0.79298892100533,1.1256806318542658,-0.001323553813859743,0.0021991567976299875,0.008408604501495958,0,43.125234159059396,-6.874765840940604,-4.597697310567128,-5.213246535291926,0.6155492247247984,0.7188733395132321,18.90330725929572,8.094933051144519,0.19098579806876298,0.3585679460731667,0.012434309939505324,0.32,1,-1,8,1,3,1,1,0.07915536156658166,-0.19358263536628353,1,1,1.319570602807604,-0.6363100153355986,1,1,,,,,-1,-0.010734929810072602,-1,1,1,1,75,1,0,0,0,66,0,0,1,1,0,0,1,1,,0,18,3,6,8,0.0017671345995044902,0.000146278164444943,0.0011914592426566432,0.005067830600448169,NEUTRAL,0.0022743895245960427,0.001854429633124849,0.003128465258935996,0.001854429633124849,0.003128465258935996,0.001854429633124849,0.0060705438244661,0.002880736109472699,NO_SETUP,,NO_SETUP
2026-08-06T19:00:00+00:00,PAXGUSD,15m,970,0.12226753266945124,0.07892027638588396,0.0,0.2011878090553352,0.6077283372364897,1,0,0.021136736205897302,-0.9517278647563217,-0.10543559263000393,-1.0479132285445303,0.09881813056244317,0.025352511649543885,0.9225866854004805,1.0767653944731137,-0.0012657232883590123,0.002042537231924471,0.008237685548380374,0,49.03838653919607,-0.9616134608039317,-3.8026235082088533,-4.802959426167388,1.0003359179585347,0.28874638846593026,18.16126917402171,7.885631049201142,0.18577199459104318,0.5203956156722314,0.011172037691058548,0.29,1,-1,10,1,5,1,1,0.22721972111693456,-0.21061112563871476,1,1,1.4657968945460258,-0.48718546736115054,1,1,,,,,1,0.09258408543177357,-1,1,1,1,75,1,0,0,0,66,0,0,1,1,0,0,1,1,,0,19,3,6,8,-0.0013663809045913182,-0.002004810603115871,-0.0008810801005467365,0.004984934472612274,DOWN,0.0016420129146554375,0.003333498241373457,0.0016420129146554375,0.003333498241373457,0.0016420129146554375,0.003333498241373457,0.0050744559801544865,0.004358283919817,NO_SETUP,,NO_SETUP
2026-08-06T19:30:00+00:00,PAXGUSD,15m,972,0.07373568121606897,0.0352135144269008,0.016306929499698673,0.12525612514266846,0.1301886792452254,0,1,-0.24880311036737335,-1.940666120583046,-0.39380106962597206,-1.4551709579909584,-0.21168273926681325,-0.22364278338500299,0.5947315165478454,0.9304008907329262,-0.001449979592585987,0.0018211833035915884,0.008064142558146586,0,39.33927742026326,-10.660722579736742,-4.564566732237836,-4.647551916242417,0.08298518400458121,-0.5578273345350375,18.337687212554822,8.04215126181112,0.19006201978600396,0.2637950521523438,0.009258209802096786,0.34,-1,-1,12,-1,1,1,1,0.0599102409880547,-0.15219800866395458,1,1,1.152356351312713,-0.8068385117681537,1,1,,,,,-1,-0.25724772116569067,-1,1,1,1,50,1,0,0,0,66,0,0,1,1,0,0,1,1,,0,19,3,6,8,0.0014818035936692332,0.0009902323855621067,-5.908307789749322e-05,0.00848432998607994,NEUTRAL,0.004828269125783215,0.0,0.004828269125783215,0.0,0.004828269125783215,0.0010233189091845654,0.009611635112364215,0.0011911148504134548,NO_SETUP,,NO_SETUP
2026-08-06T20:00:00+00:00,PAXGUSD,15m,974,0.11978561205024223,0.13605570502558265,0.008017147263208735,0.2638584643390336,0.030384271671146563,0,1,-0.028614099782488255,-0.8423593413390336,-0.15868734951929578,-1.0333585044736537,0.011789297273372188,-0.05791813743326202,0.8018799019562919,0.9909632354119822,-0.001300732497368075,0.0017047664679266795,0.007900906046829198,0,47.79067326049162,-2.209326739508377,-3.357062890465386,-4.235259290255079,0.8781963997896929,0.33955154409439103,16.284508208890447,8.797467159418806,0.20744291105962653,0.5860005898397965,0.006173750255790236,0.55,-1,-1,14,-1,3,1,1,0.06260448818769214,-0.30229361151261663,1,1,1.3756481509864664,-0.5791209905421122,1,1,,,,,1,0.03584136423549491,-1,1,1,1,50,1,0,0,0,63,0,0,1,1,0,0,1,1,1.6706,0,20,3,6,8,-0.00011789922445890152,-0.0011341905392945125,-9.903534854549443e-05,0.009868165087210142,NEUTRAL,0.00043151116151956236,0.0021009641798575905,0.00043151116151956236,0.0021009641798575905,0.0019429792190826455,0.0034473733231782547,0.010622720123747069,0.0034473733231782547,NO_SETUP,,NO_SETUP
2026-08-06T20:30:00+00:00,PAXGUSD,15m,976,0.157833429025742,0.01275898977154234,0.0,0.17059241879728435,0.0,0,1,-0.2034083678136361,-1.3323621819117761,-0.3403038629027634,-1.20175846568236,-0.18694442113290916,-0.17785860846834112,0.5868686864172078,0.9106817921729089,-0.001368954950891273,0.0015335944176985423,0.00773813107550117,0,42.19837669421953,-7.801623305780467,-3.601621165290453,-3.9454422878618653,0.3438211225714123,-0.42715298158825066,14.662249757703034,8.418326275213092,0.1989061830351059,0.2805210476803448,0.005448835825617125,0.46,-1,-1,16,-1,5,1,1,0.08305157230921949,-0.18287885339209253,1,1,1.175244724512162,-0.7834964830080723,1,1,,,,,-1,-0.2100507760537467,-1,1,1,1,50,1,0,0,0,63,0,0,1,1,0,0,1,1,2.461,0,20,3,6,8,0.0010041797505381221,0.002140674950558794,0.004846053337302633,0.01309214117113346,UP,0.001913848465731351,7.324605239228698e-05,0.002140674950558794,7.324605239228698e-05,0.005061065942711938,0.0014223910819388078,0.013671021262620098,0.0014223910819388078,NO_SETUP,,NO_SETUP
2026-08-06T21:00:00+00:00,PAXGUSD,15m,978,0.0386872747174019,0.0,0.0,0.0386872747174019,1.0,1,0,-0.031647406141614626,-1.3634982940375266,-0.16398718918381272,-1.2289665805856202,-0.024282170503159003,-0.23255682987928594,0.7321424354495212,0.8613348593316914,-0.001323397830421981,0.0013970501868065372,0.007564246059526802,0,47.602955739671785,-2.397044260328215,-3.1542402728991874,-3.7064505159156487,0.5522102430164613,-0.26323664398498403,13.553254397231688,7.816209900566435,0.18438284126343288,0.5381614705665269,0.004683380428026948,0.26,-1,-1,18,-1,7,1,1,0.24356470210798042,-0.021938515540946744,1,1,1.334003283700395,-0.6215912736605582,1,1,,,,,-1,-0.049066787446470896,-1,1,1,1,50,1,0,0,0,66,0,0,1,1,0,0,1,1,,0,21,3,6,8,-8.256430579918811e-05,0.0010450282134028504,0.0035762139311932323,0.011516541168921783,NEUTRAL,0.00030430844137461637,0.0016607220366491073,0.001262054388646786,0.0016607220366491073,0.004458472513163238,0.0030265715525863686,0.01271018513276343,0.0030265715525863686,NO_SETUP,,NO_SETUP
2026-08-06T21:30:00+00:00,PAXGUSD,15m,980,0.097491195105142,0.0,0.0,0.097491195105142,0.0,0,1,-0.08920285749604723,-0.5439067667739437,-0.21703739224039997,-0.8810414302142817,-0.08964914314093715,-0.0923565816719929,0.6514531645627694,0.9109398718946977,-0.0012783453474435275,0.001273882490994628,0.007411023077037065,0,45.53256380919643,-4.467436190803568,-2.8039172444387077,-3.379458667265563,0.5755414228268552,0.17178457805844882,12.555497912013465,7.120711597937406,0.16808878539514402,0.29954467933778084,0.003589095602263536,0.14,-1,-1,20,-1,9,1,1,0.17668803761790233,-0.08899317325576986,1,1,1.2678576486917776,-0.6890479382854675,1,1,,,,,-1,-0.13219145099002816,-1,1,1,1,50,1,0,0,0,66,0,0,1,1,0,0,1,1,,0,21,3,6,8,0.0003989349145950007,0.001125987895040091,0.0022401729819560303,0.010655575174445582,NEUTRAL,0.0007435769118189888,0.0009914358824251036,0.003038042811145602,0.0009914358824251036,0.005131860972362708,0.0023582010631969046,0.013389105535989184,0.0023582010631969046,NO_SETUP,,NO_SETUP
2026-08-06T22:00:00+00:00,PAXGUSD,15m,982,0.02455424599576825,0.02904011786037047,0.08121789060140217,0.1348122544575409,0.6024518388792447,0,1,-0.08983825414918156,-1.131542727449414,-0.21787347673739837,-1.1015149842151004,-0.10386577530524142,-0.23525603930738725,0.6208379304795264,0.8190260109131486,-0.001280352225882168,0.0011400770143215693,0.007247037057847678,0,44.95062979720133,-5.04937020279867,-2.7767689752563456,-3.1597772848757426,0.383008309619397,-0.34941766215409276,12.690007935327811,6.630562551282766,0.15654659997551107,0.2788290672548553,0.0037112945682118634,0.08,-1,-1,22,-1,11,1,1,0.15877625415534252,-0.05465680719249584,1,1,1.250141659111531,-0.7071150649742867,1,1,,,,,-1,-0.150158658204888,-1,1,1,1,50,1,0,0,0,66,0,0,1,1,0,0,1,1,,0,22,3,6,8,0.0014213130855242158,-0.0010482774252041094,0.0038106300997278767,0.014420897552130534,NEUTRAL,0.001685743427017088,2.3609851919524116e-06,0.0032180228165607054,0.0020115593834996496,0.0053122166817769715,0.0021791893321246206,0.014423258537322271,0.0021791893321246206,NO_SETUP,,NO_SETUP
2026-08-06T22:30:00+00:00,PAXGUSD,15m,984,0.07341658601070968,0.00023606619296565894,0.0021245957366479904,0.07577724794032333,0.02803738317761511,0,1,-0.06775406555457497,-0.7555259061437027,-0.19082867965965575,-0.9410370923105802,-0.08784778373318003,-0.18680957173364732,0.6212608932970225,0.8227605519214194,-0.001230746141050808,0.0010298089592647574,0.007091086770302025,0,45.79105570369719,-4.2089442963028105,-2.466154949547672,-2.9153525951204475,0.44919764557277553,-0.04651957436710985,12.642642710390884,6.206454444728515,0.14651340725498724,0.3244512228858217,0.0037533639046878216,0.06,-1,-1,24,-1,13,1,1,0.1724463539576566,-0.09324614621937415,1,1,1.2636623309176047,-0.6933264087249823,1,1,,-0.09678713911381609,,,-1,-0.1373905243030077,-1,1,1,1,50,1,0,0,0,66,0,0,1,1,0,0,1,1,,0,22,3,6,8,0.002981516017091003,0.0010363305870964843,0.004907816151648914,0.01591794339132678,NEUTRAL,0.002981516017091003,2.3606619296136492e-05,0.003080663818134433,0.0023158093529426593,0.005174570949694311,0.0023158093529426593,0.01778050565378525,0.0023158093529426593,NO_SETUP,,NO_SETUP
2026-08-06T23:00:00+00:00,PAXGUSD,15m,986,0.08039855046835939,0.0,0.023577287527379125,0.10397583799573852,1.0,1,0,0.053225490311437106,-0.15973889369161043,-0.0582178484881102,-0.6744060202372566,0.036637854433527815,-0.08044511445496028,0.7307839836415131,0.8564748549943033,-0.001114433387995473,0.0009485570292163801,0.006941461292079853,0,51.10008603550476,1.1000860355047593,-1.8068636191001133,-2.589282433939513,0.7824188148393998,0.25391770139099323,12.126288032928034,5.860820414077147,0.13818224804903007,0.6978155374820516,0.0034618079474420054,0.05,1,-1,26,1,0,1,1,0.2964843906567882,-0.29141527383839827,1,1,1.386344506609897,-0.5682126294098241,1,1,,-0.22091918413153985,,,1,0.13238646946622865,-1,1,1,1,75,1,0,0,0,66,0,0,1,1,0,0,1,1,,0,23,3,6,8,-0.0004456107342675427,0.002699599421884867,0.0050031004133099105,0.01436564129043217,UP,0.001834312969630036,0.0011222788863032979,0.0029141527383839826,0.003555454959128755,0.0053567597262205975,0.003555454959128755,0.01651588991292912,0.003555454959128755,NO_SETUP,,NO_SETUP
2026-08-06T23:30:00+00:00,PAXGUSD,15m,988,0.04760165427532223,0.021679961353114084,0.0,0.06928161562843631,0.6870748299320023,1,0,0.08968199769476158,0.8694200892905428,-0.004507115664781362,-0.19875772956220317,0.08546018900119814,0.13879398423887324,0.7667668392360854,0.9486285174280056,-0.0009418911335954294,0.0008996730466597951,0.006813066502348872,0,53.337031486843166,3.3370314868431663,-0.9320836250126376,-2.0700086332400387,1.137925008227401,0.6160631783430581,10.789562650753592,5.464431887648172,0.1287702958053557,0.8263288287990229,0.0035472309908339567,0.02,1,-1,28,1,2,1,1,0.04948686830602594,-0.23989348540725056,1,1,1.4370043949052203,-0.5165486444132663,1,1,,-0.2721777756830998,,,1,0.18369054211686142,-1,1,1,1,75,1,0,0,0,66,0,0,1,1,0,0,1,1,,0,23,3,6,8,-0.0035583414829565723,0.0025285433186835464,0.0038717583155611175,0.016149214690530274,UP,0.0013196498214936678,0.004067349271247003,0.0034098808780384945,0.004067349271247003,0.004873278269373374,0.004067349271247003,0.016396649032060402,0.004067349271247003,NO_SETUP,,NO_SETUP
2026-08-07T00:00:00+00:00,PAXGUSD,15m,990,0.18085144009148849,0.010138998597030961,0.01862746253875723,0.20961790122727667,0.08886389201350003,0,1,0.009598329487640625,1.2992305039324492,-0.06540094544088128,0.07461848955063033,0.02200644118885963,0.2665052288530205,0.6924624057061225,0.9974737733891743,-0.000749992749285219,0.0008740738662974091,0.006704559645172629,0,49.86609580825228,-0.1339041917477175,-0.11211431868468935,-1.3679705427691824,1.255856224084493,0.31668602951399616,10.584973237319486,5.741321372512912,0.13537499846766513,0.6277169971771707,0.003947310773755985,0.05,1,-1,30,1,4,1,1,0.04173494771340887,-0.29898256328030515,1,1,1.3789038091982049,-0.5758008040461481,1,1,,-0.21339055186805583,,,1,0.12485115714269043,-1,1,1,1,75,1,0,0,0,61,0,0,1,1,0,0,1,1,1.0764,0,0,4,7,8,-0.000245222291649465,0.001112931939024594,0.005871187559684426,0.014972707230520743,NEUTRAL,0.0009478784734911229,0.0034802702161021958,0.004001367585857336,0.0034802702161021958,0.0059607880124025285,0.0034802702161021958,0.01753810966623834,0.0034802702161021958,NO_SETUP,,NO_SETUP
2026-08-07T00:30:00+00:00,PAXGUSD,15m,992,0.21791126615427397,0.0,0.09642928046739667,0.31434054662167066,0.3067669172932234,0,1,-0.2021225710791154,-0.9681128981410438,-0.28551277074325554,-0.7766247622412266,-0.20905757338985034,-0.17244801999822812,0.4474229635155459,0.7620058637139664,-0.0008339019966414013,0.0007645519735340521,0.006564805369053963,0,41.06599176864853,-8.93400823135147,-0.976266935384956,-1.1063303883292679,0.13006345294431187,-1.4222326848546207,11.04682417722089,6.286445469156596,0.1485777973745851,0.002507670039996473,0.0038343674294093254,0.09,-1,-1,32,-1,0,1,1,0.4888822711931585,-0.27238908269282636,1,1,1.1465157832042934,-0.8127948419788663,1,1,,0.021743857360297436,,,-1,-0.22535617383740922,-1,1,1,1,50,1,0,0,0,61,0,0,1,1,0,0,1,1,2.0626,0,0,4,7,8,0.004979816028058961,0.004864006352987872,0.008543917864942198,0.019077871370903,UP,0.005457235504882948,0.001132098660389301,0.006367168666156279,0.001132098660389301,0.009671289599818503,0.001132098660389301,0.019935808351532084,0.001132098660389301,NO_SETUP,,NO_SETUP
2026-08-07T01:00:00+00:00,PAXGUSD,15m,994,0.2754398666191733,0.04574942990080178,0.0,0.3211892965199751,0.8575624082231627,1,0,0.04102923283816469,-1.7820153202474103,-0.04743098397809667,-1.152040005436902,0.018303599019770973,-0.3902502738965268,0.657901373064419,0.632841122966056,-0.0008846021681626136,0.0006573458299786763,0.006395977740446481,0,50.79153279762876,0.7915327976287614,-1.4034791909380147,-1.2712462200302064,-0.13223297090780828,-1.0487301357231538,11.346011031654793,6.903210634119764,0.1627927582453859,0.6272229345867693,0.004119954712427752,0.14,-1,-1,1,-1,2,1,1,0.7097057179712568,-0.0498763114640002,1,1,1.3658798865225499,-0.12416017960187192,1,1,,-0.2002127112668532,1,0,0,-0.0029477725451539797,-1,1,1,1,50,1,-1,0,2,60,0,0,1,1,0,0,1,1,1.3702,0,1,4,7,8,0.003728342715110848,0.0038674775792421506,0.009968187638692802,0.017441380595167078,UP,0.004133956217324096,0.0009904515751716944,0.004133956217324096,0.0009904515751716944,0.010722817410252179,0.0009904515751716944,0.018662937537878954,0.0009904515751716944,NO_SETUP,,NO_SETUP
2026-08-07T01:30:00+00:00,PAXGUSD,15m,996,0.2901604112095068,0.02139756679097292,0.09852286247712341,0.4100808404776031,0.9478211009174383,1,0,0.29677479927252604,1.6316836040605267,0.23532400103120948,0.22869355899456423,0.3019381457709595,0.28095648127964523,0.9301559248428499,0.950769072809635,-0.0006145079824131654,0.0006661414473975004,0.006282177790718904,0,59.82522609658154,9.825226096581538,0.09767129724696133,-0.9767910775561536,1.0744623748031148,1.6018927306990602,11.287301640180036,7.733227536562402,0.18183764035539718,1.1503023940708685,0.004887813875222,0.28,1,-1,3,1,0,1,1,0.4120795142987391,-0.02139756679097292,1,1,1.6518451286440528,-0.297449692204223,1,1,,-0.4895575171298035,1,2,1,0.35505852587225334,-1,1,1,1,75,1,-1,0,2,60,0,0,1,1,0,0,1,1,1.2688,0,1,4,7,8,-0.0015871821520779155,0.0022972992038225075,0.008206319571484462,0.015065297849427116,UP,0.0012227181023416764,0.0022197036319429463,0.002650006348728711,0.0022197036319429463,0.008782407908164551,0.0022197036319429463,0.01619866347505898,0.0022197036319429463,NO_SETUP,,NO_SETUP
2026-08-07T02:00:00+00:00,PAXGUSD,15m,998,0.049832169015671064,0.08791146798049708,0.018334477279345635,0.15607811427551377,0.4367469879517309,1,0,0.27526173533137654,3.699450750716096,0.2507205086795634,1.2100396905598245,0.32394352935056653,0.778832905893978,0.9455566078187186,1.18879795184057,-0.00024541226651813143,0.0007322302067100309,0.006216130784681521,0,60.62104894834093,10.621048948340928,1.8909915669937618,-0.08464375842178679,1.9756353254155485,1.8722771303224526,12.797136684012125,7.506354355505345,0.17644241459201898,1.007908474704971,0.006244098785963596,0.27,1,1,0,1,2,1,1,0.17406000545332573,-0.10530571565577425,1,1,0.48492341829875113,-0.2630292317383811,1,1,,-0.5237078894666017,1,4,1,0.3892550560847053,-1,1,1,1,60,1,0,1,0,61,0,0,1,1,0,0,1,1,1.1888,0,2,4,7,8,-0.00018099419878323173,0.0013398271857987293,0.007912032118243241,0.01292345590793283,NEUTRAL,0.000634654982746744,0.0025621256710887945,0.002338821140122375,0.0025621256710887945,0.009101422567391017,0.0025621256710887945,0.015849920550598525,0.0025621256710887945,NO_SETUP,,NO_SETUP
2026-08-07T02:30:00+00:00,PAXGUSD,15m,1000,0.2640274908909132,0.0,0.0007065856134612764,0.26473407650437447,0.0026690391459657844,0,1,0.040333925008911406,2.7205934716748743,0.03753843375392984,0.9979182226206831,0.1144757038647266,0.6895031183867104,0.7297817742469774,1.136057713691116,-2.7954912549815725e-05,0.0007693727011079676,0.006153060703822509,0,51.90916650549957,1.9091665054995701,2.493847838430156,0.8793765390709205,1.6144712993592356,0.02151734823731699,13.1815492912097,7.482774928981641,0.17624070378239143,0.6244638156927214,0.006951863986481024,0.28,1,1,1,1,4,1,1,-0.026025903428578637,-0.30595157062204925,1,1,0.2854605878321435,-0.46399121949608446,1,1,,-0.32432279657165686,1,6,1,0.08514356642022015,-1,1,1,1,60,1,0,1,0,61,0,0,1,1,0,0,1,1,1.2749,0,2,4,7,8,0.0038579574494141695,0.004752965893112293,0.008396592373114803,0.0259976400040509,UP,0.0038579574494141695,0.0005629132053786068,0.004842466737482127,0.0005629132053786068,0.011124012841015777,0.0005629132053786068,0.027594523490438682,0.0005629132053786068,NO_SETUP,,NO_SETUP
2026-08-07T03:00:00+00:00,PAXGUSD,15m,1002,0.13147805798206222,0.0792631583898969,0.0,0.2107412163719591,0.6238839285714423,1,0,0.15770376668638258,1.0777193725043617,0.1674395247735197,0.4298891397593252,0.24548844945325698,0.41123027774938237,0.851426195601648,0.986514232814443,9.735758087137144e-05,0.0007804892467973728,0.00605937746148391,1,56.480588489770405,6.480588489770405,2.593068113573281,1.4516924375419074,1.1413756760313738,-1.100234214580219,12.121939113920842,7.613974301009676,0.17908238902004572,0.7806623664188694,0.006950709047482237,0.32,1,1,3,1,6,1,1,0.38490848280435835,-0.16699359779475226,1,1,0.4235992529976578,-0.32481430782328524,1,1,,-0.462407624316146,1,8,1,0.2235597390195641,-1,1,1,1,60,1,0,1,0,61,0,0,1,1,0,0,1,1,2.0576,0,3,4,7,8,0.002490791831896282,0.0036620990389635366,0.01056998913365615,0.020933000286946748,UP,0.002923563972660159,0.0008067437189239711,0.004784013773443819,0.0008067437189239711,0.01057234115616014,0.0008067437189239711,0.026170954403691837,0.0008067437189239711,NO_SETUP,,NO_SETUP
2026-08-07T03:30:00+00:00,PAXGUSD,15m,1004,0.05285548839645845,0.011040924242800381,0.017383582850407014,0.08127999548966584,0.8641618497111734,1,0,0.2363507324320899,2.5796296904172777,0.2707787982566787,1.112773481183467,0.3551558651880173,0.7595949369888331,0.9547503802135766,1.1508900802864446,0.00034428065824588773,0.0008437706693133857,0.005995945150255594,1,60.284046569758374,10.284046569758374,3.429426400313787,2.0836970311489127,1.3457293691648742,0.19784145131230169,12.175526803968049,7.215518657503253,0.16950211674493004,0.8732237099555332,0.007404409159552,0.23,1,1,5,1,8,1,1,0.5072952319651259,-0.04392878368949845,1,1,0.5459384668149914,-0.20155559575180515,1,1,,-0.5846991583057192,1,10,1,0.14541132141069182,-1,1,1,1,60,1,0,1,0,61,0,0,1,1,0,0,1,1,1.3485,0,3,4,7,8,0.0009560970567714244,0.006077206599183885,0.010956355461381294,0.02206540455590804,UP,0.001724263488133176,0.0004298913056245116,0.006828929100822363,0.0004298913056245116,0.012809821254483846,0.0004298913056245116,0.02491020439804645,0.0004298913056245116,NO_SETUP,,NO_SETUP
2026-08-07T04:00:00+00:00,PAXGUSD,15m,1006,0.010556961847135617,0.03518987282379961,0.08422109562496383,0.12996793029589906,0.729241877256316,1,0,0.30356969849428495,3.880331787394425,0.37345154590549956,1.7785271542952614,0.46945165757688556,1.1132212506045107,1.0657687935849263,1.3217885218045922,0.0006988184741121465,0.00096000111671386,0.005963171360080408,1,64.08596567361433,14.085965673614325,4.793769050490482,2.9645733368651404,1.8291957136253418,0.6469067083621949,14.038083466767365,7.087513536316528,0.16627246665329123,0.9162337680538349,0.0085758817266752,0.18,1,1,1,1,10,1,1,0.10873670702554593,-0.26873332879774803,1,1,0.2634548478741909,-0.06756455582167648,1,1,,-0.7176388064533569,1,12,1,0.27893839191663794,-1,1,1,1,60,1,0,1,0,61,0,0,1,1,0,0,1,1,1.0522,0,4,4,7,8,-0.00019706328781331198,0.005895476693747254,0.009315932332220559,0.01494396599250686,UP,0.0008774008290733525,0.0010768101084083024,0.006470244616535939,0.0010768101084083024,0.01145547659990755,0.0010768101084083024,0.02353967892760039,0.0010768101084083024,NO_SETUP,,NO_SETUP
2026-08-07T04:30:00+00:00,PAXGUSD,15m,1008,0.019953145319939622,0.07981258127971579,0.04647909145112333,0.14624481805077874,0.3178170144461801,0,1,0.19390748800892796,3.4316094676851208,0.2863822463170019,1.7586250278600346,0.39142018572191856,1.1306363569428868,0.9847253904394582,1.3268257531244672,0.0009247475830807391,0.0010503793940491667,0.0059330520471753976,1,60.80740734457632,10.807407344576319,5.235363825042441,3.7725564058047425,1.4628074192376985,-0.2315020900018685,15.777356130287686,6.909692794068808,0.16220012286604182,0.7730857887633279,0.009216063812923005,0.15,1,1,3,1,12,1,1,0.047535434438650805,-0.33016586932334213,1,1,0.2023483678327103,-0.12887384447813796,1,1,,-0.6568105953548976,1,14,1,0.2178413983163967,-1,1,1,1,60,1,0,1,0,61,0,0,1,1,0,0,1,1,1.0516,0,4,4,7,8,0.0034014244198331198,0.00656341109582675,0.012230104366687254,0.0180188639383284,UP,0.0036643364522839506,0.0004131474795654695,0.007751210099578036,0.0004131474795654695,0.012476584397109976,0.0004131474795654695,0.024166780125728465,0.0004131474795654695,NO_SETUP,,NO_SETUP
2026-08-07T05:00:00+00:00,PAXGUSD,15m,1010,0.11744160151901026,0.008907746223000954,0.06141656606382848,0.1877659138058397,0.9525593008738953,1,0,0.28314713974854505,3.0210227161778676,0.397583120445373,1.7070813886548422,0.5122738746464625,1.1279312748156372,1.102202152076351,1.3213110232291,0.0011443598069682793,0.0011469075420108947,0.005899282774298886,1,65.48069835979294,15.480698359792939,5.689021413948467,4.400305094577394,1.2887163193710727,-0.4804085371496343,17.86056788684825,6.819173888763404,0.15985123803053022,0.8534555544765375,0.009854985349605513,0.15,1,1,5,1,14,1,1,0.18741429224439787,-0.18975843598730072,1,1,0.3420105720882839,0.011251889965903795,1,1,,-0.7958368007126154,1,16,1,0.1861250131857992,-1,1,1,1,100,1,0,1,0,61,0,0,1,1,0,0,1,1,1.0357,0,5,4,7,8,0.003080204878163206,0.003626390370257564,0.009048394847572139,0.01902272647358749,UP,0.004852377547791188,0.0012330196087624605,0.006340908824529163,0.0012330196087624605,0.011598823239841178,0.0012330196087624605,0.022733506018589172,0.0012330196087624605,NO_SETUP,,NO_SETUP
2026-08-07T05:30:00+00:00,PAXGUSD,15m,1012,0.11834374992675044,0.11178211626747181,0.0,0.23012586619422223,0.514256619144544,1,0,0.267333350663353,3.22265124839123,0.3994296175612329,1.8883900092887416,0.5233515005551607,1.2422168830971714,1.1107200119087024,1.3749718529470556,0.0013209626689787985,0.0012392188299392784,0.005873685113535417,1,64.20853114630938,14.208531146309383,5.892278694836023,4.889629960454552,1.002648734381471,-0.21962970133805637,20.793313792295635,6.977399934699072,0.16351122237842985,0.8416873080335417,0.009058453745847683,0.22,1,1,7,1,16,1,1,0.2173541149645001,-0.1597054763863328,1,0,0.37190402204708656,,1,0,,-0.8255941207762312,1,18,1,0.21606522263855815,-1,1,1,1,100,1,0,1,0,61,0,0,1,1,0,0,1,1,1.0362,0,5,4,7,8,0.00568753031826277,0.006882685020493576,0.010444714721259605,0.0175945519693105,UP,0.006039046407154159,0.0,0.006885028461086023,0.0,0.01129538365637679,0.0,0.022426726471270763,0.0,NO_SETUP,,NO_SETUP
2026-08-07T06:00:00+00:00,PAXGUSD,15m,1014,0.17838963658949666,0.07471817239349901,0.020080508830746354,0.27318831781374203,0.7264957264957378,1,0,0.5315590217313524,5.373145352991742,0.7094059900911278,2.8881216502504685,0.8531614478380684,1.7749188972893535,1.4421213524391099,1.6407326637599908,0.0017784696835977548,0.0014375545774694054,0.005889599046010416,1,73.18085810059874,23.18085810059874,7.805567033587977,5.752344277837908,2.0532227557500686,1.0985720266229109,25.425508505668535,7.4064315763476944,0.17293594729444783,1.1284546183508026,0.009073296818203746,0.36,1,1,0,1,18,1,0,0.2248550000467014,,1,0,0.4509942186814229,,1,0,,-1.1852170095919503,1,20,1,0.5778983646060016,-1,1,1,1,100,1,1,1,4,70,0,0,1,1,0,0,1,1,,0,6,4,7,8,-2.5684371760402654e-05,0.00484967637691571,0.007399434009844026,0.01320643697055158,UP,0.002390981516592053,0.0015690816202636277,0.006691946314993101,0.0015690816202636277,0.008608934425463927,0.0015690816202636277,0.01871923712745988,0.0015690816202636277,NO_SETUP,,NO_SETUP
2026-08-07T06:30:00+00:00,PAXGUSD,15m,1016,0.21829783661247892,0.05713992518167739,0.0541080107842795,0.3295457725784358,0.8266100495400001,1,0,0.5466652386807562,6.682279982834189,0.7684674693305752,3.6325106044796485,0.9338090570031419,2.1978982562814053,1.5273013586705357,1.8569202301323458,0.0022180223064981897,0.0016534158767256663,0.005934923016673937,1,72.8991069061279,22.899106906127898,9.351487602303678,6.886142059600545,2.4653455427031323,1.0677110289197786,30.45376243001072,7.944627226544688,0.18528792053923035,1.0712326966386663,0.010491459690887175,0.54,1,1,0,1,20,1,0,0.2504827740617552,,1,0,0.566151707667491,,1,0,,-1.299525155560537,1,22,1,0.6929090518970463,-1,1,1,1,100,1,1,1,4,70,0,0,1,1,0,0,1,1,,0,6,4,7,8,-0.00021223400781764071,0.003400408608771078,0.006803149459386357,0.009956340432677412,UP,0.0012314236937112837,0.001975408841995339,0.005527413170636099,0.001975408841995339,0.00792729002826672,0.001975408841995339,0.017540790909854196,0.001975408841995339,NO_SETUP,,NO_SETUP
2026-08-07T07:00:00+00:00,PAXGUSD,15m,1018,0.08279033755136923,0.011893823141187105,0.04361068485099817,0.1382948455435545,0.31534569983133204,0,1,0.4445199603946694,7.06603871610605,0.7109489259173982,4.029557078568359,0.900464662044916,2.4566043338700183,1.5011928957764187,1.9943099931542747,0.002664289655227289,0.0018951573612751777,0.006007282337315026,1,70.2464385017382,20.246438501738197,10.711244559621264,8.203652738379997,2.5075918212412667,0.43774623689385805,35.30686550773221,7.8037347004390485,0.18199262817201384,0.912414246052186,0.012569290637536677,0.49,1,1,2,1,22,1,0,0.25560059142618685,,1,0,0.571253329104416,,1,0,,-1.3045891500347395,1,24,1,0.6980041698344516,-1,1,1,1,100,1,1,1,4,70,0,0,1,1,0,0,1,1,,0,7,4,7,8,0.0005783663017673925,0.005629742953492897,0.004972084497451135,0.009279514172306508,UP,0.0020452711558464993,0.00202661417836994,0.005874615782870215,0.00202661417836994,0.007875576617210231,0.00202661417836994,0.017488584261906814,0.00202661417836994,NO_SETUP,,NO_SETUP
2026-08-07T07:30:00+00:00,PAXGUSD,15m,1020,0.02849521887598635,0.06750096930456292,0.011911935759636248,0.10790812394018551,0.11038961038966025,0,1,0.23729970327089192,4.387346885519037,0.5156224336689629,3.1333896753722,0.719601160471177,2.0622643933211293,1.3241544269170011,1.8045753827600493,0.002783227303980709,0.0020397872680221417,0.006045532664458241,1,63.004560969487464,13.004560969487464,10.043474063079884,8.932419484802764,1.1110545782771197,-1.6513963155994205,37.02575526599234,7.547556961092838,0.17628630129940154,0.7383335280275438,0.012278996337456554,0.44,1,1,4,1,24,1,1,0.10370391131915367,-0.10230250711210766,1,0,0.4198373436850476,,1,0,,-1.1542899318450437,1,26,1,0.1382718817588574,-1,1,1,1,100,1,1,1,4,70,0,0,1,1,0,0,1,1,,0,7,4,7,8,0.004818494798454744,0.005402413218044506,0.01745448939837707,0.01131400329797114,UP,0.007007021035077147,0.0005068411882039307,0.007943626180099177,0.0005068411882039307,0.01903807615230466,0.0005068411882039307,0.01903807615230466,0.0005068411882039307,NO_SETUP,,NO_SETUP
2026-08-07T08:00:00+00:00,PAXGUSD,15m,1022,0.2280873248615226,0.00023274216820995167,0.030256481869389323,0.2585765488991219,0.9990999099910612,1,0,0.5024110030911504,4.822658108100768,0.8090137879557853,3.396935259734164,1.0328131859440521,2.235703687770183,1.6418999044786948,1.8965161687256114,0.0030660278486463483,0.0022379939798826682,0.006090867185346426,1,71.27681531936321,21.27681531936321,10.692658677458894,9.46067147602541,1.2319872014334834,-0.57202520598047,39.36566086487456,7.8539139103300215,0.1827936952550859,0.9529807349775035,0.01208307814223376,0.56,1,1,0,1,26,1,0,0.4566401340595075,,1,0,0.1760694502630105,,1,0,,-1.5035144067402215,1,28,1,0.49108597495695117,-1,1,1,1,100,1,1,1,4,70,1,1,1,1,0,0,1,1,4.4412,0,8,4,7,8,0.0011078527207557857,0.0035376809570357532,0.010254619932039168,0.0074430945398686315,UP,0.0034492389331098328,0.0014383465996369899,0.004382535027696301,0.0014383465996369899,0.015437788018433162,0.0017967695387050818,0.015437788018433162,0.0017967695387050818,NO_ENTRY,,NO_SETUP
2026-08-07T08:30:00+00:00,PAXGUSD,15m,1024,0.3046336379669637,0.18333786449729242,0.0,0.48797150246425613,0.6242857142856987,1,0,0.5686767203092064,6.315690650850229,0.9057296177836472,4.130519630381059,1.1513459346094508,2.653815492973081,1.7676392025577297,2.113991653614903,0.003370528974744409,0.002456163168258035,0.006162932679482788,1,70.84906888293565,20.849068882935654,11.441954822332264,10.038275957724572,1.4036788646076914,0.5226581011505989,42.84468623947326,8.689191075743741,0.2019084583061752,0.9909248879869976,0.012449065633379743,0.78,1,1,0,1,28,1,0,0.33762980622883415,,1,0,0.23155409628837806,,1,0,,-1.6621238843461006,1,30,1,0.404435428590012,-1,1,1,1,100,1,1,1,4,70,0,0,1,1,0,0,1,1,,0,8,4,7,8,0.00180317088529654,0.002537451812814149,0.010988653500730788,0.005400217960604595,UP,0.0027651718472975783,0.0013291414257596312,0.0037411148522260482,0.0013291414257596312,0.0138026224982748,0.0034041821481434163,0.0138026224982748,0.0034041821481434163,NO_SETUP,,NO_SETUP
2026-08-07T09:00:00+00:00,PAXGUSD,15m,1026,0.005810845361783232,0.035097505985175796,0.0418380866048435,0.08274643795180253,0.5758426966291998,1,0,0.4427461252682203,6.771030215321844,0.8101518432141029,4.484135960225103,1.0791602650808594,2.890785770673574,1.7051666591309727,2.2440296892355036,0.0036740571794588277,0.002690084218667564,0.006260063940501132,1,69.50598856250993,19.505988562509927,12.068375082581042,10.735415933029685,1.3329591495513569,0.4262200873624007,46.57612968803746,8.178282101023983,0.19009093045636014,0.869777371479224,0.013221081626397445,0.67,1,1,1,1,30,1,0,0.10331683053252023,,1,0,0.20303093694069851,,1,0,,-1.634009715733449,1,32,1,0.16189015177928423,-1,1,1,1,100,1,1,1,4,70,0,0,1,1,0,0,1,1,,0,9,4,7,8,0.0015921716291284788,0.003391209353136728,0.005576087209167139,0.00801896659926086,UP,0.0030518559840085786,0.0010436278269762176,0.004511540338888467,0.0010436278269762176,0.01409246217139672,0.0031192617902052557,0.01409246217139672,0.0031192617902052557,NO_SETUP,,NO_SETUP
2026-08-07T09:30:00+00:00,PAXGUSD,15m,1028,0.24814010871783035,0.02435019758446462,0.08279067178715861,0.3552809780894536,0.931462140992154,1,0,0.5686900023655871,6.31097938260973,0.9648919997314102,4.450907512687991,1.257229426793732,2.933927197173034,1.8923736844001005,2.27801835903756,0.003962019973658231,0.002923374270623219,0.006351442576063683,1,73.34085215814252,23.340852158142525,12.701793835424724,11.33436201475608,1.367431820668644,-0.08816893100045142,50.32052238573457,8.550559566699254,0.198293157054119,0.956113893485272,0.013377090732485535,0.76,1,1,0,1,32,1,0,0.32988720060853144,,1,0,0.4293751507393049,,1,0,,-1.8571084024415114,1,34,1,0.3883276748112255,-1,1,1,1,100,1,1,1,4,70,0,0,1,1,0,0,1,1,,0,9,4,7,8,-0.00019480158067571694,-0.0006539767351254404,0.0057188178326932375,0.006604701211480417,NEUTRAL,0.0007768872562662019,0.0018459768835457683,0.0022332609784605365,0.0018459768835457683,0.011792452830188763,0.005380234132947399,0.011792452830188763,0.005380234132947399,NO_SETUP,,NO_SETUP
2026-08-07T10:00:00+00:00,PAXGUSD,15m,1030,0.15681081646165104,0.059007329453716735,0.0,0.21581814591536777,0.0,0,1,0.309650977883215,6.244588564903097,0.7248765403215541,4.572483251811718,1.0389332224477803,3.0565454817660793,1.685136895238994,2.3532141540117664,0.004152255624383392,0.003140566821262261,0.006462036727912138,1,65.20044825342502,15.200448253425023,12.596596461680747,11.85771449632458,0.7388819653561676,-0.2894705408807656,52.5473919053873,8.387115136592719,0.19484301812251498,0.761206370913672,0.012647751047195762,0.71,1,1,2,1,34,1,0,0.1555330986979038,,1,0,0.25519508427128673,,1,0,,-1.685425886561898,1,36,0,-0.0015100300844362318,-1,1,1,1,100,1,1,1,4,70,0,0,1,1,0,0,1,1,,0,10,4,7,8,0.003593871600980417,0.01198731574729053,0.009884889245101156,0.00714592698423766,UP,0.0038168914288367844,9.989429789415642e-05,0.01356239328152771,0.00364033406511716,0.01356239328152771,0.00364033406511716,0.01356239328152771,0.00364033406511716,NO_SETUP,,NO_SETUP
2026-08-07T10:30:00+00:00,PAXGUSD,15m,1032,0.06145925135675462,0.027830604387954407,0.014842989006897766,0.10413284475160678,0.7327394209354395,1,0,0.3959891272275383,4.907883156303797,0.8255428965405466,4.130492997923284,1.159259284647915,2.889920818232895,1.8144105346401367,2.2828274971661813,0.004295537693130082,0.0033371638810736864,0.006551512499922214,1,68.90722480802059,18.907224808020587,12.462036182738302,12.07852489415762,0.3835112885806815,-0.971016672337143,53.23062906514507,7.890063561653919,0.18298769798353168,0.8610911330438775,0.010849021383964569,0.58,1,1,4,1,36,1,0,0.32341481515841686,,1,0,0.42290922584534696,,1,0,,-1.8507351917992527,1,38,1,0.12013544227467371,-1,1,1,1,100,1,1,1,4,70,0,0,1,1,0,0,1,1,,0,10,4,7,8,0.0010390092304836873,0.006693260355303973,0.00707593116563853,0.0052553457952594865,UP,0.0022983440790388826,0.0002829444779443051,0.01185815668630273,0.005315645438100114,0.01185815668630273,0.005315645438100114,0.01185815668630273,0.005315645438100114,NO_SETUP,,NO_SETUP
2026-08-07T11:00:00+00:00,PAXGUSD,15m,1034,0.07440114035392777,0.12006165328142153,0.0,0.1944627936353493,0.38259833134683086,1,0,0.380645526600987,5.09878870618104,0.8210978008234295,4.27279265206289,1.1735756462602247,3.011404170130845,1.8383283402848714,2.3562652339123815,0.004404522742224427,0.0035247784543679496,0.006647526940246468,1,69.97781383456297,19.977813834562966,12.217016371865611,12.135164723490124,0.08185164837548697,-0.4178786543759898,54.51984364935392,7.639901744487326,0.17707707226847746,0.8551361587284401,0.010515773196781153,0.49,1,1,6,1,38,1,0,0.10557544994146141,,1,0,0.4840709708073871,,1,0,,-1.9110199446047544,1,40,1,0.10835680098274826,-1,1,1,1,100,1,1,1,4,70,0,0,1,1,0,0,1,1,,0,11,4,7,8,-0.0026724147921518954,0.008429811447577302,0.005764350033028519,0.006077252025171286,UP,0.0016827173799673699,0.005926595510435794,0.011236658206724027,0.005926595510435794,0.011236658206724027,0.005926595510435794,0.011236658206724027,0.005926595510435794,NO_SETUP,,NO_SETUP
2026-08-07T11:30:00+00:00,PAXGUSD,15m,1036,0.072505901239089,0.039148553704162016,0.04378151863958376,0.15543597358283476,0.2816691505216568,0,1,0.35143910701144165,5.420232931816827,0.8069764195628427,4.4755229364109255,1.1798187676386134,3.1647517176206748,1.8555968876627273,2.4468037803062543,0.00455537312551401,0.003728423480757707,0.0067577812002411405,1,68.91223392424637,18.912233924246365,12.309917493401372,12.226714141635979,0.08320335176539295,-0.06150431718912586,56.11726563529435,7.712109157236495,0.17864965651745804,0.8266855222537062,0.01066445693267488,0.48,1,1,1,1,40,1,0,0.16203794861578336,,1,0,0.17825332588971732,,1,0,,-1.9664619668326115,1,42,1,0.16481772757704483,-1,1,1,1,100,1,1,1,4,70,0,0,1,1,0,0,1,1,,0,11,4,7,8,0.008084523812281441,0.0021774935196402123,0.0031318842963335932,0.005119426253622272,UP,0.010665085281302038,0.0064884673920345935,0.010665085281302038,0.0064884673920345935,0.010665085281302038,0.0064884673920345935,0.010665085281302038,0.0064884673920345935,NO_SETUP,,NO_SETUP
2026-08-07T12:00:00+00:00,PAXGUSD,15m,1038,0.16267294152592832,0.06497635324856872,0.0,0.22764929477449702,0.0,0,1,0.1292174612607628,3.569895892031127,0.5766604844976294,3.778373921692946,0.9622833256832454,2.8631067134983823,1.6469144601300045,2.3093165145401144,0.004474430232368667,0.0038562284118561583,0.006846311344467592,1,60.07713488813835,10.077134888138353,11.026301444741875,11.947275440634593,-0.9209739958927177,-1.2039683167107356,55.64977570658258,7.698655344760003,0.17865376757865628,0.6133783287010344,0.010353401867035397,0.47,1,1,3,1,42,1,0,-0.014735708683166442,,1,0,0.001508379628996842,,1,0,,-1.792883232852049,1,44,-1,-0.08481734682984422,-1,1,1,1,100,1,1,1,4,70,0,0,1,1,0,0,1,1,,0,12,4,7,8,0.008973698500438608,0.006376964954539657,0.004286118730361906,0.007063857831738999,UP,0.01245457456732712,0.00472935028287922,0.01245457456732712,0.00472935028287922,0.01245457456732712,0.00472935028287922,0.01245457456732712,0.00472935028287922,NO_SETUP,,NO_SETUP
2026-08-07T12:30:00+00:00,PAXGUSD,15m,1040,1.2219505756229598,0.15564202334631855,0.07093419648084077,1.4485267954501193,0.8925515055467415,1,0,1.09107309255851,5.515674415019021,1.5662698780462596,4.525011836210069,1.9725175963315276,3.269188206940271,2.6640590306754337,2.5226831833942924,0.004751967854877495,0.004062477182852679,0.006915414343439059,1,76.16060907204759,26.160609072047592,12.702880689294943,11.730370431246879,0.9725102580480645,1.1692910661608913,51.603122383960894,12.549401802369626,0.28808470329005265,1.3619831109834306,0.012705800068160822,1.0,1,1,5,1,0,1,0,1.5414988005463457,,1,0,1.5406953387739124,,1,0,,-2.8499936870860654,1,46,1,0.9925048494656905,-1,1,1,1,100,1,1,1,4,62,0,0,1,1,0,0,1,1,3.9231,1,12,4,7,8,-0.004047151728016529,-0.0020775225830146514,-0.006035145713531437,-0.002864915120002655,DOWN,0.0014806652663477448,0.005564546675389916,0.0014806652663477448,0.00809200785096932,0.0014806652663477448,0.00809200785096932,0.0014806652663477448,0.00809200785096932,NO_SETUP,,NO_SETUP
2026-08-07T13:00:00+00:00,PAXGUSD,15m,1042,0.27046578170139524,0.06197214248525591,0.06105062363787158,0.3934885478245227,0.15515222482433533,0,1,0.5821167570155782,11.774100824993184,1.1119143113965895,7.259505351302323,1.5540925817950775,4.713825469681979,2.268307520975517,3.2672259782075344,0.005297975543810113,0.00442178270398488,0.007142149391804394,1,65.66527107289215,15.665271072892153,15.03995688971645,12.852137664962955,2.187819224753495,4.02794952035241,49.93204160240957,13.194076043879948,0.30396474369980486,0.9012975478073388,0.015161763235458287,1.0,1,1,7,1,2,1,0,0.30018476452889065,,1,0,1.1893352623794538,,1,0,,-2.503305948864916,1,48,1,0.33992526482146035,-1,1,1,1,100,1,1,1,4,62,0,0,1,1,0,0,1,1,2.8361,1,13,4,7,8,0.0002902784369197814,0.0003801265245378688,-0.002782986919039945,0.000391645510129754,NEUTRAL,0.004255113277704371,0.004552303105979326,0.004255113277704371,0.004552303105979326,0.004255113277704371,0.004552303105979326,0.004255113277704371,0.004552303105979326,NO_SETUP,,NO_SETUP
2026-08-07T13:30:00+00:00,PAXGUSD,15m,1044,0.0661944185234073,0.1909984784477501,0.11744912453283916,0.37464202150399656,0.49018404907973573,1,0,0.6722856575106879,8.837529246762642,1.242084259334458,6.353545693379601,1.7153187148643576,4.350230705651484,2.4477491377756206,3.1119010906404583,0.005697986018237702,0.004732344555298995,0.007324304229112631,1,68.82943103471176,18.82943103471176,16.427755388620426,14.037275526985997,2.3904798616344287,0.09123015152362335,47.216211446377315,13.65907577252919,0.3139425619200333,0.9304370123776668,0.01676430877021402,1.0,1,1,9,1,4,1,0,0.5330029741519897,,1,0,1.420077134884915,,1,0,,-2.730979447552409,1,50,1,0.5726506727467249,-1,1,1,1,100,1,1,1,4,62,0,0,1,1,0,0,1,1,2.8426,1,13,4,7,8,-0.003960173024854984,-0.002643179906316511,-0.005527693630166101,-0.00226164263288303,DOWN,0.00013790503859051025,0.006876864591042625,0.00013790503859051025,0.006876864591042625,0.00013790503859051025,0.006876864591042625,0.00013790503859051025,0.006876864591042625,NO_SETUP,,NO_SETUP
2026-08-07T14:00:00+00:00,PAXGUSD,15m,1046,0.3155128296993414,0.0,0.12458711736846877,0.44009994706781014,0.2830882352941354,0,1,0.06494899581247382,4.988997864129487,0.619025956020602,4.935741334026716,1.1071499360371095,3.7095981909697002,1.8543279916492805,2.8138757726392214,0.005540769602081282,0.0048812398001650764,0.007471780556121708,1,54.531067373913096,4.531067373913096,14.08024738608583,14.32138222976447,-0.24113484367864046,-2.5912064301363777,42.85049286744463,14.232519416109367,0.32897747067601496,0.5515241923807039,0.01624220596725737,1.0,-1,1,11,-1,0,1,1,-0.030973420644481657,-0.348913272110752,1,0,0.8611304373955538,,1,0,,-2.179465546692431,1,52,-1,-0.44449170074129274,-1,1,1,1,100,1,1,0,3,62,0,0,1,1,0,0,1,1,4.5517,1,14,4,7,8,0.004190657584211902,0.000952317112352591,0.0024293332162199526,0.004731536720839392,NEUTRAL,0.005397234119765519,0.0006633859496242487,0.005397234119765519,0.0006633859496242487,0.005397234119765519,0.0010609552295385066,0.005397234119765519,0.0010609552295385066,NO_SETUP,,NO_SETUP
2026-08-07T14:30:00+00:00,PAXGUSD,15m,1048,0.12982101763075743,0.012912925377135825,0.024211735082116565,0.16694567809000982,0.14502762430940355,0,1,0.2399985230788051,3.1475470044242684,0.7879853500440395,4.151078409457114,1.2903706714462233,3.356142718332194,2.0482460217247844,2.652769349083428,0.005479868269652344,0.005023853214021838,0.007578753502785612,1,57.733480090824905,7.733480090824905,13.100654301264512,14.002005247023767,-0.9013509457592548,-2.2789126005517844,38.631140413432945,14.212427455727006,0.32772145564933586,0.6566190520056405,0.015949997814449817,0.98,-1,1,13,-1,2,1,0,0.21006562533146264,,1,0,1.1000198305639703,,1,0,,-2.4151782214289947,1,54,-1,-0.07551755466086592,-1,1,1,1,100,1,1,1,4,62,0,0,1,1,0,0,1,1,4.1801,1,14,4,7,8,-0.0005695522443123972,-0.0020775974579984547,0.0008808459810827069,0.0013627748031931485,DOWN,0.002974584595802503,0.0009131282945253892,0.002974584595802503,0.003468042815571135,0.002974584595802503,0.003468042815571135,0.002974584595802503,0.003468042815571135,NO_SETUP,,NO_SETUP
2026-08-07T15:00:00+00:00,PAXGUSD,15m,1050,0.30848151641325855,0.0,0.0,0.30848151641325855,1.0,1,0,0.41785974520540425,3.6989216974989176,0.9573650103455988,4.310072764747019,1.471825311217944,3.468808428819102,2.2395652809481312,2.7236969132718514,0.0053950526514019445,0.005144603008723452,0.007677399697301871,1,61.139752301182284,11.139752301182284,12.27720064982168,13.35465206965066,-1.0774514198289804,-0.7012944346254084,34.983526618667796,13.721021632744245,0.3156362087999872,0.7683740209019775,0.015427274961818858,0.95,-1,1,15,-1,4,1,0,0.4478847967610649,,1,0,1.3357180649168527,,1,0,,-2.64774217294289,1,56,1,0.16298221803043283,-1,1,1,1,100,1,1,1,4,62,0,0,1,1,0,0,1,1,1.9967,1,15,4,7,8,-0.0038807480849303673,-0.003965862299004092,-0.0027121529295392245,-0.0009247544339905767,DOWN,0.0005842975776954668,0.004508752961744695,0.0005842975776954668,0.0058429757769548766,0.0005842975776954668,0.0058429757769548766,0.0005842975776954668,0.0058429757769548766,NO_SETUP,,NO_SETUP
2026-08-07T15:30:00+00:00,PAXGUSD,15m,1052,0.030168274489833533,0.05342778382933758,0.05319749165767529,0.1367935499768464,0.38888888888898243,0,1,0.2479487369814052,4.520160391830359,0.7810660665708137,4.609982586758633,1.3087445852324362,3.654531066645177,2.089035758882744,2.8321873582945045,0.005331173295894085,0.005276785186616224,0.007802911736503082,1,58.49723030778091,8.49723030778091,11.571472384348453,12.789734048547675,-1.2182616641992219,0.29369962546422457,32.17320071495447,12.601391101702934,0.2902001722977616,0.6547182133603212,0.014687207001983957,0.89,-1,1,17,-1,6,1,0,0.3380689080236162,,1,0,1.2268815446156662,,1,0,,-2.5403529457823226,1,58,1,0.052852053400171385,-1,1,1,1,100,1,1,1,4,62,0,0,1,1,0,0,1,1,1.9886,1,15,4,7,8,-0.004347916201284594,-0.0031619115171419064,-0.0018077935476740175,-0.0009511066690310247,DOWN,0.00043755512618851163,0.004389368792186739,0.00043755512618851163,0.0047463216582880035,0.00043755512618851163,0.0047463216582880035,0.0012896361613978398,0.0047463216582880035,NO_SETUP,,NO_SETUP
2026-08-07T16:00:00+00:00,PAXGUSD,15m,1054,0.12766977314417843,0.03456762810762977,0.044707465685858615,0.20694486693766684,0.8329621380846244,1,0,0.1567321713078854,2.1089294817475093,0.6622823529604831,3.5720984970430436,1.1943486801991918,3.161211546335835,1.9826867579896834,2.598968133854214,0.0050555018165259775,0.005320663272387087,0.007883380777904915,1,56.318599915001236,6.318599915001236,9.803826584241506,11.813564377826026,-2.00973779358452,-0.9683273733717961,28.093727323147466,12.226556613203032,0.28176204136138916,0.57674388378201,0.013406518413117803,0.86,-1,1,19,-1,8,1,1,0.2693970483854521,-0.11511020159842558,1,0,1.1588221195947719,,1,0,,,,,1,0.09333259589058361,-1,1,1,1,100,1,1,0,3,62,0,0,1,1,0,0,1,1,1.7552,1,16,4,7,8,-0.0015532387563027806,-0.0028921582183381897,0.00031110865296875176,-0.0009955476894996703,DOWN,0.0004332476056156516,0.004060544048376218,0.0004332476056156516,0.004060544048376218,0.000670611985287984,0.004060544048376218,0.001979572836296965,0.004060544048376218,NO_SETUP,,NO_SETUP
2026-08-07T16:30:00+00:00,PAXGUSD,15m,1056,0.004156650294089729,0.07874543057123586,0.09352463161685089,0.17642671248217648,0.5536649214659536,1,0,-0.03950698301722169,0.3178311630626922,0.4228386203710348,2.6909067633196173,0.9522716220908417,2.7263478448821843,1.7457862856652666,2.3900937370053725,0.004623456033882565,0.00529433001719807,0.00793514663574425,1,51.57304641468147,1.573046414681471,7.3665386081565885,10.391331010161304,-3.0247924020047154,-1.129851512702638,24.840585183414834,11.996673814445417,0.27703320966018036,0.3962824486680251,0.012533239115126618,0.84,-1,1,21,-1,10,1,1,0.0641971545419428,-0.32110123521792755,1,0,0.955452255098247,,1,0,,,,,-1,-0.11222955794025467,-1,1,1,1,100,1,1,0,3,62,0,0,1,1,0,0,1,1,1.7537,1,16,4,7,8,0.000720486050974363,0.0014756108543995435,0.0019813366401795506,0.0015310328583206,NEUTRAL,0.0011430788308727853,0.0020113568923035086,0.0018589463815204986,0.0020113568923035086,0.003080539717948219,0.0020113568923035086,0.004041187785914036,0.0020113568923035086,NO_SETUP,,NO_SETUP
2026-08-07T17:00:00+00:00,PAXGUSD,15m,1058,0.10767769708368718,0.07417283425722114,0.03165631867052453,0.21350685001143282,0.6525974025973904,1,0,-0.07449108869011797,-1.347126871052751,0.33714592639953256,1.787253801895531,0.8579284417475156,2.2615150698647994,1.6525556224330136,2.161354473382744,0.004116370150896506,0.0052078251534798305,0.007946271806854976,1,50.25645334786837,0.2564533478683728,4.939521425477324,8.574477067312106,-3.6349556418347824,-0.9708145731806006,22.787101544874577,11.719734054292203,0.2708055736908773,0.2964501027573949,0.010870887904271372,0.82,-1,1,23,-1,12,1,1,0.002310680194916372,-0.3832263103289934,1,0,0.8941177014277626,,1,0,,,,,-1,-0.17422528669766538,-1,1,1,1,100,1,1,0,3,67,0,0,1,1,0,0,1,1,,1,17,4,7,8,-0.0002703495828064975,0.0029646026900940767,0.0027658841933300496,0.002181282104013076,UP,0.0017907771510699607,0.0011414760162948244,0.003350486282647023,0.0011414760162948244,0.0037017096722763293,0.0011414760162948244,0.004662952633366752,0.0011414760162948244,NO_SETUP,,NO_SETUP
2026-08-07T17:30:00+00:00,PAXGUSD,15m,1060,0.039724148124887525,0.0036952695930088848,0.16328472514122186,0.20670414285911828,0.7899441340781959,0,1,-0.026091668186064322,-0.303385035033898,0.35411222358978217,1.9837433211669122,0.8699269912900376,2.3422830310501013,1.666636035399965,2.203913727394138,0.003802038917758465,0.005158147677002555,0.007967090441099273,1,51.229314259174195,1.2293142591741955,3.986965639435766,7.0140496616288175,-3.0270840221930513,0.6053761073689596,21.024947472776596,11.224413546813167,0.25923271299333395,0.26488880807933735,0.007487787817334075,0.8,-1,1,25,-1,14,1,1,0.05150281995259809,-0.33384451229371936,1,0,0.9428711320920266,,1,0,,,,,-1,-0.1341844770962664,-1,1,1,1,100,1,1,0,3,67,0,0,1,1,0,0,1,1,,1,17,4,7,8,-0.00017321576217244902,0.001258701205119964,0.0031894795674687866,0.002418092039927447,NEUTRAL,0.0012979634445455261,0.0009769368986525116,0.002856905304097567,0.0009769368986525116,0.0032079559154338314,0.0009769368986525116,0.004168726009616981,0.0009769368986525116,NO_SETUP,,NO_SETUP
2026-08-07T18:00:00+00:00,PAXGUSD,15m,1062,0.11435620919562116,0.045049415743727,0.0,0.15940562493934815,0.0,0,1,-0.05542518786292332,-0.12952833933650254,0.2953741759546475,1.8928749381475427,0.8054317023925813,2.2838070764955773,1.6040053375097854,2.177609156172366,0.003507993638175708,0.005100575264379337,0.007985736351172041,1,50.210344068972866,0.21034406897286573,3.1946356762737196,5.734049509878324,-2.5394138336046046,0.6752117669355018,19.035624665441425,10.614774945976608,0.24522533823971387,0.2564235816882376,0.007005685178509082,0.78,-1,1,27,-1,16,1,1,0.02194715125976228,-0.3635141316551983,1,0,0.9135790490183865,,1,0,,,,,-1,-0.1637950551913132,-1,1,1,1,100,1,1,0,3,62,0,0,1,1,0,0,1,1,1.7119,1,18,4,7,8,0.0027838228703177905,0.0013584131516571508,0.0031834920458902794,0.0018851447818914874,NEUTRAL,0.0031534591020611,0.0006815168022769172,0.0031534591020611,0.0006815168022769172,0.0037194645819184037,0.0006815168022769172,0.0044656677247503634,0.0006815168022769172,NO_SETUP,,NO_SETUP
2026-08-07T18:30:00+00:00,PAXGUSD,15m,1064,0.01548499226904049,0.10123024796788618,0.0,0.11671524023692667,0.0,0,1,-0.07921540831955995,-1.0341944002266246,0.23434281538283283,1.3578903216048275,0.7340749107010334,1.9963408643006915,1.531944921642724,2.0347164722052185,0.003135582237023928,0.004997320953182005,0.007978700109416906,1,49.10910304221978,-0.890896957780221,2.0006598582194783,4.47503656374352,-2.4743767055240413,0.10621006787333354,17.79169039061101,9.87248451974506,0.22817215890248518,0.2355999987626182,0.006054986747271647,0.76,-1,1,29,-1,18,1,1,-0.019876258733412512,-0.4054987900905311,1,0,0.8721286317507189,,1,0,,,,,-1,-0.042063710342812505,-1,1,1,1,100,1,1,0,3,62,0,0,1,1,0,0,1,1,1.3726,1,18,4,7,8,0.002442930869909819,0.0032125580976108356,0.0032842050767660693,0.0024706651844215426,UP,0.003573104186263454,-0.0001201820295508028,0.003573104186263454,-0.0001201820295508028,0.004139346440878496,-0.0001201820295508028,0.004885861739819638,-0.0001201820295508028,NO_SETUP,,NO_SETUP
2026-08-07T19:00:00+00:00,PAXGUSD,15m,1066,0.17201623316731313,0.03827707065116802,0.0,0.21029330381848116,0.8179824561403647,1,0,0.13990554617322012,0.17432159074360243,0.4359969445627866,1.6750152488157255,0.9293087995748784,2.131120165769971,1.7265809744634901,2.1015377593575977,0.002960913983895665,0.004933118550120919,0.007972721748886117,1,55.76449013373012,5.764490133730121,2.144051914676311,3.5725569176376335,-1.4285050029613227,1.133170076053856,16.426753849303726,9.394591244065891,0.21662495951083496,0.6190720598945744,0.005885315747158794,0.74,1,1,31,1,0,1,1,0.21144622763327967,-0.1732844493635936,1,0,1.1013881202730198,,1,0,,,,,1,0.14400018446780782,-1,1,1,1,100,1,1,1,4,70,0,0,1,1,0,0,1,1,,0,19,4,7,8,-0.001136782881387265,0.0005049806308798191,0.0022966242390702906,-0.0006179671647298218,NEUTRAL,0.001252075262866487,0.00119673491975662,0.0016025641025640607,0.0014134845969378594,0.0025617967164729,0.0014134845969378594,0.0025617967164729,0.0014134845969378594,NO_SETUP,,NO_SETUP
2026-08-07T19:30:00+00:00,PAXGUSD,15m,1068,0.015205411283333359,0.0,0.05851779493890105,0.07372320622223441,0.7937500000000337,0,1,0.18519820891712477,2.4274605311975392,0.48202609503718513,2.517451600309869,0.9752921926150306,2.5433083761117814,1.775819648532062,2.310392733059416,0.002968278861200604,0.004932660975778456,0.008005274559170314,1,57.999116492345514,7.9991164923455145,3.1616510990279494,3.356403640610029,-0.19475254158207944,1.9866610398801448,15.934119562715578,8.717683266566983,0.20084236288789883,0.7587404888875516,0.005948619084162008,0.71,1,1,33,1,2,1,1,0.16990895184033647,-0.08650957480141062,1,0,1.1870588126877764,,1,0,,,,,1,0.23050021195422038,-1,1,1,1,100,1,1,1,4,70,0,0,1,1,0,0,1,1,,0,19,4,7,8,-0.0012026098015003258,-0.00019813111672240034,0.00048150469063881985,-0.0008409053209725348,NEUTRAL,0.0002764620233333528,0.002278507842306137,0.0007349282120278489,0.002278507842306137,0.001693329892916917,0.002278507842306137,0.001693329892916917,0.002278507842306137,NO_SETUP,,NO_SETUP
2026-08-07T20:00:00+00:00,PAXGUSD,15m,1070,0.04682479453602499,0.020990425136838065,0.07957908431001998,0.14739430398288306,0.5399061032864712,0,1,0.04862035513288103,1.5269688248590683,0.3319490958175937,2.13559449917193,0.8209249728640001,2.348715360675669,1.6236017272416212,2.217027861238421,0.002833287406847127,0.004889758770464063,0.00802676754377621,1,53.4651766211158,3.465176621115802,3.036681464288449,3.2678897344102666,-0.23120827012181744,0.4386522964065249,14.021034834188214,8.50050240841746,0.19607599937299663,0.5789034931732705,0.0053300803787343105,0.63,1,1,35,1,4,1,1,0.0490161026547331,-0.20771294324973552,1,0,1.0673977178102727,,1,0,,,,,1,0.03183163372400379,-1,1,1,1,100,1,1,1,4,75,0,0,1,1,0,0,1,1,,0,20,4,7,8,0.0012894118298343684,0.0019283511444394223,0.0017922593770686587,0.0008488435659732248,UP,0.0012894118298343684,0.0010702810179664954,0.0019468042654388266,0.0010702810179664954,0.0029063665574086866,0.0010702810179664954,0.0029063665574086866,0.0010702810179664954,NO_SETUP,,NO_SETUP
2026-08-07T20:30:00+00:00,PAXGUSD,15m,1072,0.0599844040549541,0.029300074288366416,0.02745440031744669,0.11673887866076721,0.749011857707578,1,0,0.02890412101634022,0.2268837772653569,0.29063346424508935,1.5310197587514267,0.7712081461903765,2.0309165032831515,1.5731307570689819,2.058863402710813,0.002617293432287491,0.0048057468194528715,0.008019226108786052,1,52.64336526532847,2.6433652653284696,2.4303758133846713,2.99312055750403,-0.5627447441193585,-0.439897389442125,12.281562743780055,8.000025035829356,0.18456797469187297,0.6047482963395656,0.004390520894883275,0.54,1,1,37,1,6,1,1,0.029415428911572505,-0.22736396229289169,1,0,1.0479967516138153,,1,0,,,,,1,0.012227590057348444,-1,1,1,1,100,1,1,1,4,75,0,0,1,1,0,0,1,1,,0,20,4,7,8,0.0008813093211149045,0.001822603046284805,0.0008582383964785128,0.0006667497219954336,UP,0.002143288898732475,0.0002883865579564698,0.002357848497852156,0.0002883865579564698,0.003103039363611573,0.0002883865579564698,0.003103039363611573,0.0002883865579564698,NO_SETUP,,NO_SETUP
2026-08-07T21:00:00+00:00,PAXGUSD,15m,1074,0.12279210352318713,0.003686066897503254,0.0,0.1264781704206904,0.9708561020036683,1,0,0.15132016964108422,1.0264059945411645,0.4045930197038693,1.7595226608082157,0.8797465739204443,2.12612024788541,1.6812165990434218,2.105952565795633,0.0025327285006278514,0.004751535542165749,0.008014700251229774,1,57.587646992877175,7.5876469928771755,2.6711857020218304,2.8245480026965026,-0.15336230067467227,0.3829696628309187,11.278955051238599,7.5428277094651195,0.17377104708409347,0.9135637900620599,0.004510264671592564,0.36,1,1,39,1,8,1,1,0.17243881704899433,-0.08397321150883243,1,0,1.1895629015797151,,1,0,,,,,1,0.09722001442174259,-1,1,1,1,100,1,1,1,4,75,0,0,1,1,0,0,1,1,,0,21,4,7,8,-0.00024880951558167914,7.141754613907316e-05,-0.0013062499568039204,-0.00016587301038785594,NEUTRAL,0.0007095678777700049,0.000960681185162676,0.0009238205161876434,0.000960681185162676,0.001667945271121689,0.0013062499568039204,0.001667945271121689,0.0017048059400967216,NO_SETUP,,NO_SETUP
2026-08-07T21:30:00+00:00,PAXGUSD,15m,1076,0.04378899236920449,0.0659139569346708,0.00023046838089551438,0.10993341768477081,0.0020964360587457783,0,1,0.08842980966718227,1.742749578297662,0.3362270232245125,2.0100091920803607,0.807522491466554,2.2400278942768637,1.610178413989279,2.1640119689636776,0.0024779721355733023,0.004712954682420415,0.00802655922522725,1,55.67928559375336,5.679285593753363,2.9240398899237334,2.859243862262101,0.0647960276616324,0.5857239462170689,11.44096549766431,6.860397361732696,0.15811046722238808,0.7573035430330507,0.004877860550160641,0.17,1,1,41,1,10,1,1,0.003457025713348872,-0.12272441282419935,1,0,1.1513047967384098,,1,0,,,,,1,0.05853896874618203,-1,1,1,1,100,1,1,1,4,75,0,0,1,1,0,0,1,1,,0,21,4,7,8,0.0010924201254208425,0.0017907393195191594,-0.0004494133427364014,-0.00018207002090347377,UP,0.0010924201254208425,0.0005738662684172542,0.0020557779575431315,0.0005738662684172542,0.0020557779575431315,0.0009195688397529798,0.0020557779575431315,0.001318279138693416,NO_SETUP,,NO_SETUP
2026-08-07T22:00:00+00:00,PAXGUSD,15m,1078,0.03249072516533066,0.03756020001382836,0.00023043067493647672,0.07028135585409549,0.4655737704917994,1,0,0.08858846037930632,1.106377772711312,0.32665798837757765,1.7183437409394173,0.7920852749147054,2.082040328576113,1.5943952221288977,2.085676542236797,0.002380695279982713,0.004654272865371277,0.008023099472141923,1,56.22930032199102,6.229300321991019,2.85430580359116,2.855108372576158,-0.0008025689849979756,-0.07478997958576006,11.17718296298844,6.396516092514446,0.1473953520407965,0.7544143779408929,0.004359578737508721,0.11,1,1,43,1,12,1,1,0.15012558471784518,-0.10634375648087867,1,0,1.1674770145401747,,1,0,,,,,1,0.057377238057925245,-1,1,1,1,100,1,1,1,4,75,0,0,1,1,0,0,1,1,,0,22,4,7,8,0.001013894969698492,0.0006797704910477264,-0.0005829896075765019,2.073876074386375e-05,NEUTRAL,0.0011475447611587145,0.00034564601239717033,0.0018918358411871873,0.00034564601239717033,0.0018918358411871873,0.0010830241721777585,0.0018918358411871873,0.001481669239809061,NO_SETUP,,NO_SETUP
2026-08-07T22:30:00+00:00,PAXGUSD,15m,1080,0.10498035071725983,0.0002302200673674169,0.020950026129974295,0.12616059691460155,0.9981751824817121,1,0,0.15536278059131192,1.4707083354842325,0.389173084175949,1.8201935109564147,0.8499672662526224,2.1187782825591057,1.6519083288595058,2.103919624492846,0.002338103035846371,0.004607941820766734,0.008019410626068833,1,60.044998263965,10.044998263964999,3.094516070953432,2.8981003506181358,0.1964157203352963,0.21215511009407173,11.539405221208979,6.006944998137504,0.13829192821133982,0.8895010779955785,0.0045812223429025105,0.08,1,1,45,1,14,1,1,0.2413857406294811,-0.014849194344884317,1,0,1.2578073380344321,,1,0,,,,,1,0.08161301387996954,-1,1,1,1,100,1,1,1,4,75,0,0,1,1,0,0,1,1,,0,22,4,7,8,0.00018417605388995525,-0.0001358298397438446,-0.0007689350249904218,-0.0007942592324002095,NEUTRAL,0.000273961880161154,0.0012593037684723413,0.0009761330856164906,0.0012593037684723413,0.0009761330856164906,0.001996007984031953,0.0009761330856164906,0.00239428870056879,NO_SETUP,,NO_SETUP
2026-08-07T23:00:00+00:00,PAXGUSD,15m,1082,0.0317799537578669,0.021647214878557038,0.0,0.053427168636423945,0.0,0,1,0.09980357105559137,1.8149789322214929,0.33031964840139993,1.940701507038284,0.7872874852769483,2.168770311474873,1.5898052004349679,2.129521572474914,0.002305160773458086,0.004569678368755482,0.008025177151580198,1,58.06798749206967,8.067987492069669,3.270770137423824,3.033026287313896,0.23774385010992827,0.2621916582773145,11.955709835557656,5.349151554516532,0.12318535438140855,0.7596600519615326,0.00464224224292074,0.01,1,1,47,1,16,1,0,-0.0005757237999738783,,1,0,1.228018865317473,,1,0,,,,,1,0.03189509851784074,-1,1,1,1,100,1,1,1,4,70,0,0,1,1,0,0,1,1,,0,23,4,7,8,0.0009211580799380983,-0.0009626101935351702,-0.001294227102313003,-0.0002740445287814921,NEUTRAL,0.0012781068359141532,0.0009580044031355886,0.0012781068359141532,0.0010316970495305696,0.0012781068359141532,0.0016949308670860255,0.0012781068359141532,0.0020933317366591524,NO_SETUP,,NO_SETUP
2026-08-07T23:30:00+00:00,PAXGUSD,15m,1084,0.07164280876669743,0.0,0.06404083870461845,0.13568364747131587,0.47198641765697635,0,1,0.04950828086418002,1.2608784456515423,0.2729635160283061,1.6998324945770946,0.7247183997750082,2.0376196277584313,1.526951474769999,2.064226721901832,0.0022345523516412607,0.00451754883746702,0.00802233074994991,1,55.206837129421494,5.206837129421494,3.1578896352420998,3.1116835097104336,0.04620612553166614,-0.2557537711414457,11.200722695154514,5.185594962822965,0.11945678079196323,0.6457829932961714,0.0035738479752467256,0.02,1,1,1,1,18,1,0,0.1795677473750184,,1,0,1.1966191965869393,,1,0,,,,,-1,-0.010596685541074733,-1,1,1,1,100,1,1,1,4,70,0,0,1,1,0,0,1,1,,0,23,4,7,8,0.0008293058249520533,-0.0013775691203367821,-0.0008108768066195946,0.0005989430957987284,NEUTRAL,0.0015964137130326083,0.0003248114481061545,0.0015964137130326083,0.0013775691203367821,0.0015964137130326083,0.0013775691203367821,0.0015964137130326083,0.0017760966417719334,NO_SETUP,,NO_SETUP
2026-08-08T00:00:00+00:00,PAXGUSD,15m,1086,0.05291297426129305,0.026456487130636062,0.1124975844077043,0.1918670457996334,0.8621103117506456,1,0,0.15386345831811596,1.4672950541498722,0.37637219116332676,1.7529403381313386,0.8241560392856083,2.051348884586332,1.6255838799537883,2.070605737830192,0.0022250873284521077,0.004477838481222816,0.008014278406681799,1,61.4452236179313,11.445223617931298,3.4416794337303145,3.1974542669622785,0.24422516676803596,-0.024197597286449657,10.405245330602877,5.324314024066759,0.12248925691933205,0.9607945636784251,0.003387518079977872,0.04,1,1,0,1,20,1,0,0.3123015763465369,,1,0,0.12917667412048933,,1,0,,-0.19692828681593644,,,1,0.12239001003045277,-1,1,1,1,100,1,1,1,4,70,0,0,1,1,0,0,1,1,,0,0,5,8,8,-0.0008466075881806888,-0.0022361483035640926,-0.0029079130202726462,-0.0009478324085065407,DOWN,0.000135733281800731,0.0009478324085065407,0.000135733281800731,0.0027054633796207333,0.000135733281800731,0.0031034609686294576,0.000135733281800731,0.0031034609686294576,NO_SETUP,,NO_SETUP
2026-08-08T00:30:00+00:00,PAXGUSD,15m,1088,0.08543170644652544,0.003914660403211698,0.00023027414134937848,0.08957664099108652,0.002570694087226293,0,1,0.04123552828946249,1.4913685137134962,0.25717628801317416,1.7494847181287696,0.6999990046290494,2.039297168691519,1.5012927138918248,2.0644948843782913,0.0021594075972371164,0.004428227166158753,0.008012937092627756,1,54.90122867032209,4.901228670322091,3.267049842878805,3.264945031039722,0.002104811839083176,-0.09675305040025961,9.740010899895776,5.02724015340448,0.11576434097623527,0.6434200975149497,0.0036522251405067224,0.01,1,1,1,1,22,1,0,0.21795447480225544,,1,0,0.034656258275458526,,1,0,,-0.10247199290755225,,,-1,-0.009326102725309543,-1,1,1,1,100,1,1,1,4,70,0,0,1,1,0,0,1,1,,0,0,5,8,8,-0.0010362336361438294,-0.0012619022946817183,-0.0013217735714367454,-0.000835895133155838,NEUTRAL,0.0007299690281280032,0.0017592944400307228,0.0007299690281280032,0.001761597181444426,0.0007299690281280032,0.0021599714460062867,0.0007299690281280032,0.0021599714460062867,NO_SETUP,,NO_SETUP
2026-08-08T01:00:00+00:00,PAXGUSD,15m,1090,0.03430745001242855,0.02878141779566575,0.0,0.06308886780809429,0.0,0,1,0.03888052338268623,0.7205987153083697,0.2452157926154314,1.4041956202336223,0.6813263731234359,1.852068576644342,1.4807837020737704,1.9695022874748247,0.0020633526923274515,0.004361105805080045,0.007994573289503346,1,54.859165404314496,4.859165404314496,2.948776487761279,3.1874768387028736,-0.23870035094159459,-0.5065585954122849,8.871655722458756,4.671701969006916,0.10756656494945789,0.6275773798043429,0.003526355347539125,0.01,1,1,3,1,24,1,0,0.22783370327050012,,1,0,0.04455363474767885,,1,0,,-0.11236265507428159,,,0,0.0005756283559049385,-1,1,1,1,100,1,1,1,4,70,0,0,1,1,0,0,1,1,,0,1,5,8,8,-0.0012571723293146883,-0.0006331911915046465,-0.0009417279902742169,-0.0009739631782052285,NEUTRAL,0.00021413374839982018,0.0018604308463118172,0.00021413374839982018,0.0018604308463118172,0.00021413374839982018,0.002258765668603731,0.00042135995652852983,0.002258765668603731,NO_SETUP,,NO_SETUP
2026-08-08T01:30:00+00:00,PAXGUSD,15m,1092,0.11295059218381064,0.0,0.006915342378605357,0.11986593456241598,0.057692307692344694,0,1,-0.07033007651497777,0.01740620459531783,0.11809480954662198,1.0614431696194515,0.5446357504750411,1.6610591235848915,1.3412747075183984,1.8710576492239852,0.0018842488606159976,0.004265409409284191,0.007966389570433574,1,47.43969806347969,-2.560301936520311,2.1492950330020903,2.9077904446482328,-0.7584954116461424,-0.6873229932403402,9.016989136593535,4.4612634324600515,0.10283721358864896,0.17768597174827858,0.002639257286364938,0.02,-1,1,5,-1,0,1,0,0.11514045060372782,,1,0,1.1328483373211908,,1,0,,0.00046102282522917585,,,-1,-0.11237431365226892,-1,1,1,1,100,1,1,1,4,70,0,0,1,1,0,0,1,1,,0,1,5,8,8,0.00012908639106710434,-0.0003319364341729733,-0.00019132447247461543,0.0008137052865486783,NEUTRAL,0.0003803438308229802,0.0007330262921317904,0.0004955995371329995,0.0007330262921317904,0.0004955995371329995,0.001131811035964357,0.0015513418069327605,0.001131811035964357,NO_SETUP,,NO_SETUP
2026-08-08T02:00:00+00:00,PAXGUSD,15m,1094,0.07289504036908545,0.011534025374855825,0.0,0.08442906574394128,0.0,0,1,-0.12392446432804907,-1.1800824493011532,0.03864044967622197,0.47721070752049854,0.4517730716152923,1.3402353171513823,1.243060228209483,1.7050432901887689,0.0016256491400427103,0.004131326219390703,0.007912871565941906,1,43.05944121130513,-6.940558788694872,1.0096878397098408,2.3288158167133166,-1.3191279770034758,-0.9588778124310529,10.90698017383821,4.427824082070117,0.10214127063598885,-0.05977132490057082,0.002769324314846713,0.02,-1,-1,0,-1,2,1,1,0.04186851211073839,-0.14890426758938702,1,1,1.0603229527104994,-0.20080738177623822,1,1,,0.07381776239907309,,,-1,-0.18581314878893404,-1,1,1,1,75,1,1,0,3,75,0,0,1,1,0,0,1,1,,0,2,5,8,8,0.0005005767012687596,0.0005674740484429149,0.0011418685121106847,0.0010311418685121695,NEUTRAL,0.0009619377162629926,-2.3068050750215176e-06,0.0012295271049596141,-2.3068050750215176e-06,0.0012295271049596141,0.00039907727796991083,0.002286043829296391,0.00039907727796991083,NO_SETUP,,NO_SETUP
2026-08-08T02:30:00+00:00,PAXGUSD,15m,1096,0.013603748178484532,0.02559349233577907,0.004842012063528037,0.044039252577791635,0.10994764397908502,0,1,-0.06404450124526509,-1.1199767895632249,0.07856847333745157,0.3758873159385985,0.47878677262476604,1.2548325010675399,1.2638462166142064,1.6547194211725582,0.0014261297458271665,0.004002182992873145,0.007850594439894401,1,46.53320289417513,-3.4667971058248668,0.39647467026588856,1.6811368677294833,-1.2846621974635948,-0.2878916627274051,12.199698466783204,4.2308789279073915,0.09755222289643146,0.15832759123476392,0.0029857886757077225,0.01,-1,-1,2,-1,4,1,1,0.08888550716618876,-0.10179753933558287,1,1,1.1068609005220176,-0.15367624001623145,1,1,,0.026746352350908786,,,-1,-0.10179753933558287,-1,1,1,1,75,1,1,0,3,75,0,0,1,1,0,0,1,1,,0,2,5,8,8,0.000758581889952586,-0.0006732702488333224,0.00026746352350908787,0.0009845424529172976,NEUTRAL,0.000758581889952586,0.00010145168133095379,0.000758581889952586,0.0008692564514045356,0.000758581889952586,0.0008692564514045356,0.0018146016638075487,0.0008692564514045356,NO_SETUP,,NO_SETUP
2026-08-08T03:00:00+00:00,PAXGUSD,15m,1098,0.03619871944147241,0.00023056509198897618,0.0,0.036429284533461385,0.0,0,1,-0.053090433839568116,-0.6373959660595574,0.07392787539912035,0.4702519975271571,0.46217607577377995,1.269310199290885,1.2413644385410822,1.654319541541554,0.0012701830923868846,0.0038824820037465955,0.007791883627673024,1,46.89523305144162,-3.104766948558378,0.08282293453976308,1.1393246926977316,-1.0565017581579685,0.2495518403137693,13.428220707983012,3.9035129531446096,0.09000138231023017,0.18550238365208727,0.0030728404886042394,0.01,-1,-1,4,-1,6,1,1,0.09188018915561488,-0.0987971419151164,1,1,1.1098250702647168,-0.15067428761150367,1,1,,0.023748204474340305,1,1,-1,-0.0987971419151164,-1,1,1,1,75,1,1,0,3,70,0,0,1,1,0,0,1,1,,0,3,5,8,8,0.00022595379014416392,-5.994692391587562e-05,0.0006040805409979066,0.0009983468482904583,NEUTRAL,0.0007285856906692278,0.00023748204474340303,0.0007285856906692278,0.0008992038587372956,0.0007285856906692278,0.0008992038587372956,0.001784573811955672,0.0008992038587372956,NO_SETUP,,NO_SETUP
2026-08-08T03:30:00+00:00,PAXGUSD,15m,1100,0.07257512677606624,0.0,0.0,0.07257512677606624,1.0,1,0,0.022443789367199204,-0.35913819443885586,0.1381440226491767,0.5013437316665659,0.5150938356523449,1.2535466388826535,1.2879787782208179,1.6386631064715402,0.0011570023328197749,0.0037694981300316825,0.007728849425684729,1,52.45594113335401,2.4559411333540098,0.04089239336371975,0.72413715970188,-0.6832447663381602,0.4275021756308788,13.556955541810586,3.659151474905259,0.08430583561400307,0.44501390159896914,0.0031315601133337606,0.01,-1,-1,6,-1,8,1,1,0.16461881930637617,-0.02591968813431237,1,1,1.1818225803107154,-0.0777590644029371,1,1,,-0.049074609534300595,1,3,-1,-0.02591968813431237,-1,1,1,1,75,1,1,0,3,70,0,0,1,1,0,0,1,1,,0,3,5,8,8,-0.0016266044286953967,-0.0003087322853331764,-2.5343695064585546e-05,0.0003686355645769708,NEUTRAL,0.0,0.0016266044286953967,0.0,0.0016266044286953967,0.00019583764368155505,0.0016266044286953967,0.0010552193036013223,0.0016266044286953967,NO_SETUP,,NO_SETUP
2026-08-08T04:00:00+00:00,PAXGUSD,15m,1102,0.08278107518551137,0.0,0.0,0.08278107518551137,0.0,0,1,-0.05650960077684424,-0.06265054011964821,0.04809245017553054,0.5649928103539423,0.4141638918693854,1.2572130779035433,1.181562586627502,1.633066450816841,0.001046020509523748,0.0036607144169385486,0.007673986947581165,1,46.09621275423188,-3.9037872457681217,-0.07538630570616078,0.4703138818067766,-0.5457001875129374,0.43180517813230923,13.328515877085652,3.5507989758112015,0.08187714679254927,0.2181218909334768,0.0031764710757778807,0.02,-1,-1,8,-1,10,1,1,0.08197401734944432,-0.10872221991634606,1,1,1.1000198305639703,-0.1606045093780154,1,1,,0.03366584116179518,1,5,-1,-0.10872221991634606,-1,1,1,1,75,1,1,0,3,70,0,0,1,1,0,0,1,1,,0,4,5,8,8,-0.00023058795316297496,0.00014065865142954894,0.0010215046325120461,0.0013351042488136166,NEUTRAL,0.0007148226548053063,0.0008001401974753722,0.0007148226548053063,0.0008001401974753722,0.0012082808745739384,0.0008001401974753722,0.0018839035773415222,0.0008001401974753722,NO_SETUP,,NO_SETUP
2026-08-08T04:30:00+00:00,PAXGUSD,15m,1104,0.016138477357712074,0.03873234565852575,0.010144185767698141,0.06501500878393597,0.15602836879420043,0,1,-0.034033182838424596,-0.5124645010946551,0.05911088508824446,0.3268618753018018,0.4134976151833226,1.1087702555196302,1.174087803699051,1.5506963817424548,0.0009314406792666905,0.0035438673009507812,0.007605901885157284,1,47.504406086770715,-2.4955939132292855,-0.22380237521156232,0.23567041117418897,-0.4594727863857513,0.01012013768172526,13.829947717139868,3.4846174842453013,0.08033774338542145,0.30447169770341,0.0031733771065997536,0.01,-1,-1,10,-1,12,1,1,0.09855998672035121,-0.09210459577724961,1,1,1.1164368086391616,-0.14397827299848048,1,1,,0.01706067606386645,1,7,-1,-0.09210459577724961,-1,1,1,1,75,1,1,0,3,70,0,0,1,1,0,0,1,1,,0,4,5,8,8,-0.00012449682533094568,0.0005740686945815711,0.0014109640204174542,0.0010443900347207225,NEUTRAL,0.00013832980592336615,0.0009660031446974957,0.0006409281007778159,0.0009660031446974957,0.0014109640204174542,0.0009660031446974957,0.0017175950902140464,0.0009660031446974957,NO_SETUP,,NO_SETUP
2026-08-08T05:00:00+00:00,PAXGUSD,15m,1106,0.019611824314957924,0.02768728138583653,0.0,0.04729910570079445,0.4146341463413444,1,0,-0.08927418707097173,-1.1023122106462324,-0.015790671650055033,0.012947082890605088,0.3239292796107963,0.918139130902091,1.0763822146298225,1.4457069729305658,0.0007348351542091669,0.003397199512608514,0.0075245293501902625,1,42.58135287034378,-7.418647129656222,-0.873464178274844,-0.12468218530290515,-0.7487819929719388,-0.2696808968273392,16.324313331152243,3.4295936471298134,0.07913010362264573,0.14325939733602408,0.003127496226853956,0.01,-1,-1,1,-1,14,1,1,0.0215730067464768,-0.047299105700815434,1,1,1.040234234400525,-0.10694212435281485,1,1,,0.09413675671185678,1,9,-1,-0.16923850747095226,-1,1,1,1,75,1,1,0,3,75,0,0,1,1,0,0,1,1,,0,5,5,8,8,0.0007429420505201182,0.0009413675671185678,0.0019657969783947924,0.0020234788146152936,NEUTRAL,0.0011259494430242148,2.3072734488704235e-06,0.0014120513506778519,2.3072734488704235e-06,0.002489548051276837,2.3072734488704235e-06,0.002489548051276837,2.3072734488704235e-06,NO_SETUP,,NO_SETUP
2026-08-08T05:30:00+00:00,PAXGUSD,15m,1108,0.02697773299423029,0.00023057891448561945,0.00023057891448561945,0.02743889082320153,0.9915966386552824,1,0,-0.01804629760047319,-0.7038882268561792,0.045834209197264116,0.089890790472964,0.37335979249322554,0.9208314500501729,1.1177129228966087,1.4363545911000983,0.0006388050679773731,0.0032752558329596144,0.007443531304033831,1,48.22042031292854,-1.779579687071461,-0.8613917168404441,-0.40006494624136607,-0.46132677059907806,0.23130162233735946,16.076631983396208,3.2922006447191388,0.07591120509116257,0.39203434493002415,0.002632531573974913,0.01,-1,-1,3,-1,16,1,1,0.031935179655566255,-0.10479811663142821,1,1,1.1038965530758074,-0.04254180972167407,1,1,,0.029744679967994812,1,11,-1,-0.10479811663142821,-1,1,1,1,75,1,1,0,3,75,0,0,1,1,0,0,1,1,,0,5,5,8,8,0.00024902522763901657,0.000664067273704114,0.00048652150955417155,0.00186999499643769,NEUTRAL,0.00048190993126445914,0.0002398020710598015,0.000767827785220336,0.0002398020710598015,0.0018446313158446913,0.0002398020710598015,0.0019530034056506258,0.0002398020710598015,NO_SETUP,,NO_SETUP
2026-08-08T06:00:00+00:00,PAXGUSD,15m,1110,0.047706954844323426,0.0,0.00023046838089551438,0.04793742322521894,1.0,1,0,0.028586584173172388,-0.02540510180278943,0.08833841479282101,0.3159276385722478,0.4055314003049381,1.0034280013669559,1.142513512020312,1.4678344140538684,0.0005975183061964861,0.0031719298551211713,0.00736982111715374,1,52.432890379617064,2.4328903796170636,-0.5794121278231614,-0.5000825452420177,-0.07932958258114375,0.5608746905736217,14.44993505264716,3.1325097395792865,0.07219444478045091,0.6667301170491643,0.0019835422376295107,0.01,-1,-1,5,-1,18,1,1,0.07985729397855597,-0.0568104558895076,1,1,1.1513047967384098,0.005416006950918822,1,1,,-0.01820700209034738,1,13,-1,-0.0568104558895076,-1,1,1,1,75,1,1,0,3,70,0,0,1,1,0,0,1,1,,0,6,5,8,8,-1.843747047122193e-05,0.000283476108495404,-3.226557332453358e-05,0.0005139444893858877,NEUTRAL,0.00028808547611310466,0.000698319194098107,0.0005047257541502768,0.000698319194098107,0.0013643728148716805,0.000698319194098107,0.0016178880338512964,0.000698319194098107,NO_SETUP,,NO_SETUP
2026-08-08T06:30:00+00:00,PAXGUSD,15m,1112,0.0,0.012219442747293745,0.0320472177712273,0.044266660518521045,0.7239583333334765,0,0,-0.007522424500421896,0.05720806859244476,0.04668160736156777,0.3246990619809367,0.3534531027426765,0.9809428331927847,1.0832533665109558,1.447283746217181,0.0005420403186198967,0.003067714953811087,0.007298002637682793,1,49.046143128505804,-0.953856871494196,-0.48592253145943687,-0.5021703625635076,0.016247831104070687,0.3369886445255328,13.250030693301468,2.9482354387188705,0.06797319650751889,0.5178204104821357,0.0015913849818815298,0.01,-1,-1,7,-1,20,1,1,0.04207638304496357,-0.09464304241067847,1,1,1.1139290119543157,-0.03239305105651481,1,1,,0.019597219500373596,1,15,-1,-0.09464304241067847,-1,1,1,1,75,1,1,0,3,70,0,0,1,1,0,0,1,1,,0,6,5,8,8,0.0003135555120061034,0.0008807220998996412,0.0010052220826079685,0.001072083184432807,NEUTRAL,0.0006663054630129958,-8.069443323675845e-05,0.0010674720739620273,-8.069443323675845e-05,0.0017429997579165826,-8.069443323675845e-05,0.001996610833804017,-8.069443323675845e-05,NO_SETUP,,NO_SETUP
2026-08-08T07:00:00+00:00,PAXGUSD,15m,1114,0.0449313932188117,0.006682104632541012,0.0002304174011271623,0.05184391525247987,0.8711111111111273,1,0,0.046778135377001706,0.2092338157863196,0.10006982566129574,0.36440693879922037,0.3978260952501582,0.9747515643693987,1.120334371167463,1.4347442794469316,0.0005329169028429402,0.0029775626958886245,0.007225082759173047,1,54.733083010710395,4.733083010710395,-0.16139597727578803,-0.4167315546148188,0.2553355773390308,0.2799346777290609,12.430355168349669,2.745927495630023,0.06327094772128763,0.8567167601841631,0.001605108947927176,0.01,1,-1,9,1,0,1,1,0.04642910632611729,-0.0346778188688835,1,1,1.173170197813338,0.027534879434088156,1,1,,-0.04032304519637323,1,17,1,0.05691309807717266,-1,1,1,1,100,1,1,0,3,70,0,0,1,1,0,0,1,1,,0,7,5,8,8,0.00013594626666209187,0.000836415166073367,-0.00011060035253852313,0.00017972557287520487,NEUTRAL,0.00013594626666209187,0.0005184391525247987,0.000836415166073367,0.0005184391525247987,0.0011428703095657869,0.0005184391525247987,0.0013963294508002168,0.0005184391525247987,NO_SETUP,,NO_SETUP
2026-08-08T07:30:00+00:00,PAXGUSD,15m,1116,0.020054400442577357,0.00023051034991974272,0.01152551749573556,0.03181042828823266,0.3623188405796815,0,1,0.0038759878754593452,0.32569933673312335,0.05455824545878696,0.40339910036800575,0.3433055899538321,0.9709675602771313,1.0588913069363814,1.4237916935308021,0.0005068225758332761,0.0028874734449504513,0.007155857169825494,1,50.44903524593386,0.4490352459338567,-0.036806977359447046,-0.28369612233628144,0.2468891449768344,0.16046949052110993,11.273810427182259,2.5365395242932682,0.05846986133173363,0.5862672377952672,0.0016328523621617554,0.01,1,-1,11,1,2,1,1,0.061661518602189436,-0.075031118897241,1,1,1.1333041353556768,-0.012793324420273179,1,1,,0.0,1,19,1,0.002305103499134533,-1,1,1,1,100,1,1,0,3,70,0,0,1,1,0,0,1,1,,0,7,5,8,8,0.0008321423631922415,0.001023465953621435,0.0007168871882348859,0.0008436678806878093,NEUTRAL,0.0008436678806878093,0.0,0.0015467244479277205,0.0,0.0015467244479277205,0.0,0.0018002858328339867,0.0,NO_SETUP,,NO_SETUP
2026-08-08T08:00:00+00:00,PAXGUSD,15m,1118,0.024655570891672387,0.0,0.011521294809195837,0.03617686570086822,1.0,1,0,0.03530748950002622,0.24357700807377114,0.08510278408076537,0.36016964243844996,0.36540721698049716,0.9262516477083409,1.0737008037529634,1.3921391761477935,0.0004979529458073914,0.002803044328997318,0.007082935867724663,1,54.29551811705095,4.295518117050953,0.15503548779634002,-0.14694284840346028,0.3019783361998003,0.016725752062484944,10.250968258988069,2.3337509163549184,0.0537756646371119,0.7830085891629087,0.0016874229699597152,0.01,1,-1,13,1,4,1,1,0.09827664472244803,-0.038365911714621295,1,1,1.169526636081472,0.02384908025503203,1,1,,-0.03663771749324611,1,21,1,0.018894923487095424,-1,1,1,1,100,1,1,1,4,70,0,0,1,1,0,0,1,1,,0,8,5,8,8,0.0004101580952073131,-0.0001774279400615069,0.000394028282474506,0.0005046327126426854,NEUTRAL,0.0005046327126426854,4.147666131317208e-05,0.0011797805884616284,0.00018203645798528585,0.0011797805884616284,0.00023503441410748608,0.0014332490742640209,0.00023503441410748608,NO_SETUP,,NO_SETUP
2026-08-08T08:30:00+00:00,PAXGUSD,15m,1120,0.00737289814801344,0.014745796296047834,0.005299270543900376,0.027417964987961653,0.19327731092468445,0,1,0.0363744163310325,0.5448328796246642,0.08741887758194333,0.47985671337664826,0.36041988459691815,0.9652516811274836,1.061974178994921,1.4026495263633478,0.0005104446125091084,0.0027300100701497486,0.007015542943980029,1,55.08660210632549,5.086602106325493,0.4145073205918379,0.03955561764738049,0.37495170294445745,0.12991694341297294,10.551195296363321,2.147672983999955,0.04948304426964428,0.8048889091210454,0.0017681457595504495,0.01,1,1,1,1,6,1,1,0.007603301215165054,-0.028454778790007705,1,1,0.04216376128400949,-0.08029546889327435,1,1,,-0.04654141955938723,1,23,1,0.02880038339072465,-1,1,1,1,100,1,1,1,4,70,0,0,1,1,0,0,1,1,,0,8,5,8,8,0.0005829197598277841,-0.00031565220196208733,0.00039398924478483495,0.0006773850173492587,NEUTRAL,0.0010805903848191104,0.00014054587094676813,0.0010805903848191104,0.00033408444733212095,0.0010805903848191104,0.00033408444733212095,0.0013340337586573868,0.00033408444733212095,NO_SETUP,,NO_SETUP
2026-08-08T09:00:00+00:00,PAXGUSD,15m,1122,0.014742569399501228,0.003915994996721236,0.03593501291127507,0.05459357730749753,0.658227848101465,0,1,0.04641273724286044,0.6800559400098791,0.10032460914364612,0.5437739211147345,0.36695063509919457,0.9790855530573026,1.0620226554251795,1.4010431398619403,0.0005391187190078567,0.002666260259555485,0.006950720203259849,1,56.824284409891334,6.824284409891334,0.7106969360238509,0.26555508223076696,0.4451418537930839,0.0740996925341782,11.287065850090054,2.1298812974284864,0.04906237943753611,0.8512891053699739,0.00196396963221884,0.02,1,1,3,1,8,1,1,0.04422770819848273,-0.00656505043570868,1,1,0.06403803582906577,-0.05839439598080366,1,1,,-0.06841473611953125,1,25,1,0.050677582310776306,-1,1,1,1,100,1,1,1,4,70,0,0,1,1,0,0,1,1,,0,9,5,8,8,5.989168818549337e-05,0.00012439042930821958,0.00031327959973916536,0.0003985100790799631,NEUTRAL,0.000861518899282862,0.0,0.000861518899282862,0.0005528463524809294,0.000861518899282862,0.0005528463524809294,0.0011149068108367434,0.0005528463524809294,NO_SETUP,,NO_SETUP
2026-08-08T09:30:00+00:00,PAXGUSD,15m,1124,0.04604496751527542,0.0,0.00851831899032344,0.05456328650559886,1.0,1,0,0.08737857182255913,0.8415877422758058,0.1455202751549215,0.6222380563613115,0.4065729525397341,1.0019466234207357,1.0952568222510541,1.4042115141119211,0.0005814170333236236,0.002610526773848126,0.0068868386971132015,1,62.60342933630027,12.603429336300273,1.0405986459318228,0.5078272087281892,0.5327714372036336,0.0739154326631718,12.414224994397216,2.0448976493133397,0.0470786229173479,0.9899061035386084,0.0023175362718264947,0.02,1,1,5,1,10,1,0,0.0996873546705696,,1,1,0.11948669070215145,-0.0028778104697047137,1,1,,-0.1238609626160934,1,27,1,0.0841471781341809,-1,1,1,1,100,1,1,1,4,70,0,0,1,1,0,0,1,1,,0,9,5,8,8,-0.0010866612333605586,-0.0009462240824388345,-0.00036605749174647306,-0.00019338886356419025,NEUTRAL,0.0003061990339765648,0.0011073814687422565,0.0003061990339765648,0.0011073814687422565,0.0003061990339765648,0.0011073814687422565,0.0005594463553106634,0.0011073814687422565,NO_SETUP,,NO_SETUP
2026-08-08T10:00:00+00:00,PAXGUSD,15m,1126,0.002533021387903961,0.0,0.009210986865145295,0.011744008253049257,0.7843137254909304,0,1,0.05360566166149682,0.92696865070684,0.1142829534966855,0.675883726767097,0.36986882105092017,1.0145141511757174,1.0525593349310243,1.4026177612022366,0.0006067729183518868,0.002555858675542347,0.006826905138801042,1,59.20447430794377,9.20447430794377,1.2004576435965646,0.7478932922818706,0.45256435131469397,0.016247282528639384,15.196099326787097,1.9853454221120401,0.04571747651456349,0.8572002729678502,0.0019908523067210435,0.01,1,1,7,1,12,1,0,0.016234364349815705,,1,0,0.09786673544205621,,1,0,,-0.10224195420298504,1,29,1,0.0625195733471127,-1,1,1,1,100,1,1,1,4,70,0,0,1,1,0,0,1,1,,0,10,5,8,8,-0.0002809350993866069,-0.0003062653132656465,5.756866790707956e-05,-8.28988817863286e-05,NEUTRAL,0.0,0.0008911629792015664,8.059613506978572e-05,0.0008911629792015664,0.0004697603301217608,0.0008911629792015664,0.0007760256433874073,0.0008911629792015664,NO_SETUP,,NO_SETUP
2026-08-08T10:30:00+00:00,PAXGUSD,15m,1128,0.055542495770931094,0.0,0.00046093357487258775,0.05600342934580368,0.008230452675075786,0,1,-0.029162555138498667,0.21831220613421465,0.026476799863678444,0.39663084504809376,0.27442641580732274,0.8591405936358569,0.9502537212175255,1.3165492428743164,0.000556393550021771,0.002479496159436443,0.006758273054102028,1,47.2639036405237,-2.7360963594762993,0.879768786700879,0.8363172833384838,0.04345150336239523,-0.46424847953763615,14.866041352063897,1.9663437568211335,0.04531769286200878,0.3786933342208287,0.0017551053077961892,0.02,-1,1,9,-1,0,1,1,-0.005300736110908994,-0.06487640066189139,1,0,0.014519407608193062,,1,0,,-0.01889827656937784,1,31,-1,-0.07467123912772426,-1,1,1,1,100,1,1,1,4,70,0,0,1,1,0,0,1,1,,0,10,5,8,8,0.00028116948066599025,0.0005715576328294323,0.0013828007245875796,0.0008527271134956321,NEUTRAL,0.0009149531461019642,5.7616696857815815e-05,0.0009149531461019642,5.7616696857815815e-05,0.001465768768062759,5.7616696857815815e-05,0.0016109628441444799,5.7616696857815815e-05,NO_SETUP,,NO_SETUP
2026-08-08T11:00:00+00:00,PAXGUSD,15m,1130,0.0002304758173089363,0.0,0.0,0.0002304758173089363,0.0,0,1,-0.027100415104154747,-0.3927194865891579,0.02081636646179716,0.12253389425586647,0.259907054295441,0.7009937220100255,0.9276310007718972,1.2275702721990456,0.00047916781565951905,0.0023909068783364382,0.006677239464764563,1,46.772944113211246,-3.2270558867887544,0.47323198435333325,0.7349237586190858,-0.2616917742657525,-0.5719362351298096,12.916730424636052,1.7127657903202138,0.03947510954101233,0.3354026732096921,0.001657432280431029,0.01,-1,1,11,-1,2,1,1,-0.009219032692986302,-0.0018438065385972605,1,0,0.010601887596965691,,1,0,,-0.014980928126128942,1,33,-1,-0.07859225370777635,-1,1,1,1,100,1,1,1,4,70,0,0,1,1,0,0,1,1,,0,11,5,8,8,0.00020512347741899763,0.0007098655173605741,0.00054622768705991,0.0011339410212383631,NEUTRAL,0.0009541698837248159,0.0,0.0009541698837248159,0.0,0.0016502068520460153,0.0,0.0016502068520460153,0.0,NO_SETUP,,NO_SETUP
2026-08-08T11:30:00+00:00,PAXGUSD,15m,1132,0.006679395906220444,0.02948147158607427,0.0,0.03616086749229471,0.1847133757961894,1,0,0.03232889580311534,0.1567534361483922,0.0802622135704869,0.31530329877296026,0.3129704463963193,0.7765257787868904,0.9732976558221309,1.2552637397429862,0.0004793331776737157,0.0023270823282583245,0.006603272094258115,1,55.767120521059034,5.767120521059034,0.5903212957764481,0.6731026853827075,-0.08278138960625936,0.06110093500558045,14.614807773051885,1.8078439722658295,0.04163898492220414,0.6955816511998836,0.001477182214693252,0.02,-1,1,13,-1,4,1,0,0.03616086749231567,,1,0,0.0764675669264096,,1,0,,-0.08084372286495917,1,35,-1,-0.002994211957963778,-1,1,1,1,100,1,1,1,4,70,0,0,1,1,0,0,1,1,,0,11,5,8,8,-0.00010825227848019666,0.00018886567734825886,6.679395906220443e-05,0.00029020823592552664,NEUTRAL,9.673607864184221e-05,0.0006172683113336199,0.00019116891731597163,0.0006172683113336199,0.0009903931860949216,0.0006172683113336199,0.0009903931860949216,0.0006172683113336199,NO_SETUP,,NO_SETUP
2026-08-08T12:00:00+00:00,PAXGUSD,15m,1134,0.02857491813515894,0.0002304428881918363,0.010139487080231211,0.03894484810358199,0.26035502958602175,0,1,-0.017306244619632812,0.0623763955773029,0.025810231451964243,0.26696010009709426,0.25091398344350774,0.7344426191448292,0.9037455008818258,1.224697887615548,0.00043116476071597057,0.002251037519915435,0.006528315174383181,1,48.227713084467474,-1.7722869155325256,0.3871729062975646,0.590482948508674,-0.20331004221110938,-0.03880713887185483,13.86484840929694,1.8360491393516738,0.04231044665250995,0.3227032768391706,0.0013962445722152648,0.04,-1,1,15,-1,6,1,1,-0.015439673508496735,-0.03687086210987642,1,0,0.024887831924194356,,1,0,,-0.02926624679973445,1,37,-1,-0.03249244723433632,-1,1,1,1,100,1,1,0,3,70,0,0,1,1,0,0,1,1,,0,12,5,8,8,0.0005668895049395517,0.0005807160782306427,0.00029035803911521655,0.0008088545375355305,NEUTRAL,0.000707459666733428,0.0,0.000707459666733428,0.0,0.0015070964887417043,0.0,0.0015070964887417043,0.0,NO_SETUP,,NO_SETUP
2026-08-08T12:30:00+00:00,PAXGUSD,15m,1136,0.03616419928548338,0.005297940022701982,0.0,0.04146213930818536,0.8722222222224777,1,0,0.02365030381903938,-0.016784855321020586,0.06430258515182288,0.21416808932553977,0.28239653422119665,0.6885944623327305,0.9273750644985427,1.1916868653606798,0.0004065228133278351,0.0021809394906937376,0.00644978530277346,1,54.33385174681863,4.333851746818631,0.3620709663573507,0.49909484518480557,-0.13702387882745487,-0.009854973542429646,13.870301700550973,1.7302668599511843,0.039855869770902885,0.6028376975366558,0.0012735447239959157,0.03,-1,1,17,-1,8,1,0,0.026950390550340386,,1,0,0.06726080376662763,,1,0,,-0.07163736291581532,1,39,1,0.006910356551367718,-1,1,1,1,100,1,1,1,4,70,0,0,1,1,0,0,1,1,,0,12,5,8,8,0.00021191760090828878,0.00036394544503846237,0.00012668987010816375,0.00038467651469237696,NEUTRAL,0.00028332461860580406,2.0731069654124105e-05,0.0007762633859364778,0.00033860747101687155,0.0010826225263802442,0.00033860747101687155,0.0010826225263802442,0.00033860747101687155,NO_SETUP,,NO_SETUP
2026-08-08T13:00:00+00:00,PAXGUSD,15m,1138,0.005758378440631118,0.0,0.0,0.005758378440631118,1.0,1,0,0.023457655011029102,0.3063960708141167,0.06362103145996865,0.3334092973736915,0.27563237412631103,0.7308003455855214,0.913320579960847,1.2030388246621442,0.00040163376448939554,0.002120113426663423,0.006376882058345359,1,54.94558832583225,4.945588325832247,0.4409612962081155,0.4711671545566097,-0.030205858348494152,0.19832267611952487,15.094420268161782,1.5708423435293437,0.036182018738439334,0.606213092658469,0.0011852964344146245,0.01,-1,1,19,-1,10,1,0,0.023379016468948934,,1,0,0.07163422780146451,,1,0,,-0.07601059541633495,1,41,1,0.011286421743631963,-1,1,1,1,100,1,1,1,4,70,0,0,1,1,0,0,1,1,,0,13,5,8,8,0.00018426811010023767,0.000810779684440962,0.00011056086606001691,0.0012783600138201502,NEUTRAL,0.00023954854313024615,2.3033513763027245e-06,0.0008937003339859747,0.00038235632845787275,0.001038811470689904,0.00038235632845787275,0.0015824023954854063,0.00038235632845787275,NO_SETUP,,NO_SETUP
2026-08-08T13:30:00+00:00,PAXGUSD,15m,1140,0.0,0.0,0.00023031232655105626,0.00023031232655105626,1.0,0,0,0.02730728585117579,0.36995233914694836,0.0678650919530277,0.35819135832207394,0.2743131926448309,0.727841798557165,0.9048541399245302,1.1921903045822546,0.00040557806101851904,0.002064481006918032,0.006305409472796993,1,56.42540161322342,6.425401613223421,0.548555247591139,0.4919801501995966,0.05657509739154243,0.13808000155583217,16.99092521634352,1.4248079390635944,0.03281508313269892,0.6579563416292035,0.0011980359782732077,0.01,-1,1,21,-1,12,1,0,0.005066871184018504,,1,0,0.08153056359731439,,1,0,,-0.08590649780167973,1,43,1,0.021188734042236347,-1,1,1,1,100,1,1,1,4,70,0,0,1,1,0,0,1,1,,0,13,5,8,8,0.00015661238205115732,-0.000163521751847689,0.0002832841616515152,0.001176895988650133,NEUTRAL,0.0006333588980015799,2.3031232655105627e-06,0.0009396742923077818,0.00048135276248123423,0.0009396742923077818,0.00048135276248123423,0.001483211382956335,0.00048135276248123423,NO_SETUP,,NO_SETUP
2026-08-08T14:00:00+00:00,PAXGUSD,15m,1142,0.00667813463579903,0.0,0.0002302805046877806,0.006908415140486812,1.0,1,0,0.034256153391277064,0.4228861551746377,0.07565275134936957,0.38168298782511556,0.2769295901761649,0.7253521681850543,0.9004254260474752,1.1817447155190166,0.00041396597958092503,0.002012768388267954,0.006234958358713102,1,58.70475779417741,8.70475779417741,0.6587134831361254,0.5427286102902156,0.11598487284590986,0.08930798766550474,19.01588566082901,1.2711864372538073,0.029272945431667884,0.7468114879297303,0.0012436331879625525,0.01,-1,1,23,-1,14,1,0,0.010362622710719744,,1,0,0.09533612893866773,,1,0,,-0.09971145852763084,1,45,1,0.04018394806713807,-1,1,1,1,100,1,1,0,3,70,0,0,1,1,0,0,1,1,,0,14,5,8,8,4.375329588984056e-05,-0.00012204866748180101,8.520378673259387e-05,0.0010385650761192712,NEUTRAL,0.0004951030850680469,0.0006194545575965163,0.0008013761562960931,0.0006194545575965163,0.0008013761562960931,0.0006194545575965163,0.0013448381473473174,0.0006194545575965163,NO_SETUP,,NO_SETUP
2026-08-08T14:30:00+00:00,PAXGUSD,15m,1144,0.007139583462891444,0.0,0.00046061828791699346,0.007600201750808437,0.06060606060464083,0,1,0.017249566282101756,0.3551970567305034,0.05809483481358529,0.356863073342538,0.2540161548109314,0.6993389471990668,0.8704446641761137,1.1596013088619657,0.00040845268531483533,0.0019592131999734614,0.006164285093651822,1,55.64962983730412,5.6496298373041185,0.6611490060240612,0.5881007443247952,0.07304826169926604,-0.013960705817299801,20.566518410522832,1.134900550489218,0.026137797426737927,0.6640416524214794,0.0011732405812155248,0.01,-1,1,25,-1,16,1,0,-0.002072782295678837,,1,0,0.08291129182702779,,1,0,,-0.08728716556233349,1,47,1,0.027752251847653432,-1,1,1,1,100,1,1,1,4,70,0,0,1,1,0,0,1,1,,0,14,5,8,8,0.0007346861692450948,-0.00029018952139461823,0.0001727318579729571,0.0006932305233315182,NEUTRAL,0.0009258427587351506,0.0004951646595223933,0.0009258427587351506,0.0004951646595223933,0.0009258427587351506,0.0004951646595223933,0.0015315558073603454,0.0004951646595223933,NO_SETUP,,NO_SETUP
2026-08-08T15:00:00+00:00,PAXGUSD,15m,1146,0.006217058226214262,0.022565618746953373,0.06401267358831896,0.09279535056148659,0.7568238213400433,1,0,0.03163717573625645,0.35384611673453037,0.07298954967029744,0.35557410192086536,0.2640411978577124,0.6851525361735185,0.8734084326983036,1.1432982211399576,0.00041352373934040997,0.0019105164818741494,0.006093672348405912,1,59.63178234669604,9.631782346696042,0.7264608994364607,0.6320210298523425,0.09443986958411821,-0.014000404854934478,21.943991109738132,1.4448377195544941,0.03326903788846814,0.8377072278787738,0.0011800487646170417,0.07,1,1,27,1,1,1,0,0.05537787049636867,,1,0,0.10361763710342443,,1,0,,-0.1079926040033367,1,49,1,0.048470028022825185,-1,1,1,1,100,1,1,1,4,70,0,0,1,1,0,0,1,1,,0,15,5,8,8,-0.0003569051944673206,-0.0002371692582590521,-0.0001404594636291921,0.0003131555254679885,NEUTRAL,0.000718415617250239,0.0004305888475185627,0.000718415617250239,0.0005503247837270406,0.000718415617250239,0.0005503247837270406,0.0013240031407657112,0.0005503247837270406,NO_SETUP,,NO_SETUP
2026-08-08T15:30:00+00:00,PAXGUSD,15m,1148,0.05293416370926214,0.008285347363180665,0.0,0.061219511072442806,0.864661654135454,1,0,0.07057535467696184,0.5820826488461535,0.11459073494860608,0.4502473735910826,0.30169014890787493,0.7201784145690908,0.9042663676582938,1.1518307184314835,0.00044015380271644235,0.0018709941395926885,0.00602576218750419,1,67.44732755523627,17.44732755523627,0.9140600189994075,0.7046589841951504,0.2094010348042571,0.12815976227818626,22.66406161639905,1.4470794622689203,0.03330432224176,1.0971796563854321,0.0013482239748638248,0.09,1,1,0,1,3,1,0,0.10437236192238133,,1,0,0.0663978531744438,,1,0,-0.007825050287458873,-0.15696130282485737,1,51,1,0.06352099645111456,-1,1,1,1,100,1,1,1,4,70,0,0,1,1,0,0,1,1,,0,15,5,8,8,-0.0008653585023774845,-0.0006996515551138712,-0.0005293416370926214,-0.0004672015318688187,NEUTRAL,0.0002278470524876253,0.0009205941514653556,0.0002278470524876253,0.0010402713911559524,0.0002278470524876253,0.0010402713911559524,0.0008331377070761218,0.0010402713911559524,NO_SETUP,,NO_SETUP
2026-08-08T16:00:00+00:00,PAXGUSD,15m,1150,0.09098824754331312,0.00023034999378557822,0.004606999875606813,0.09582559741270552,0.04807692307688103,0,1,-0.02169096239829025,0.530956544746914,0.021632847491330442,0.44308494578672253,0.20424283795693896,0.7066845055578597,0.8004380738517761,1.1366567233635578,0.00043323809889620694,0.0018260999046560854,0.005961952358948372,1,47.74864569957768,-2.251354300422321,0.8426472528872182,0.7887756868901955,0.0538715659970227,-0.027279216569951026,22.353904408584636,1.6112062710379873,0.037114135451278375,0.3664142920534521,0.00127408594198068,0.13,1,1,1,1,5,1,0,0.016930724542862895,,1,0,0.06518904823991498,,1,0,0.0797010978480712,-0.0695656981217362,1,53,-1,-0.02395639935317638,-1,1,1,1,100,1,1,1,4,80,0,0,1,1,0,1,1,1,,0,16,5,8,8,0.00011056799701456352,0.0004468789879341751,0.0005873924841404448,0.0011978199676588189,NEUTRAL,0.0003846844896135355,0.00011517499689027507,0.000495252486628099,0.00016585199552205477,0.0005873924841404448,0.00016585199552205477,0.0017091969538516989,0.00016585199552205477,NO_SETUP,,NO_SETUP
2026-08-08T16:30:00+00:00,PAXGUSD,15m,1152,0.014970059880231142,0.006218332565648009,0.004836480884385914,0.02602487333026507,0.7610619469022916,1,0,-0.0017378385884222781,-0.18531675135272963,0.03712130290012011,0.14565434634187113,0.2137535529962935,0.5445755160253611,0.8022053622616432,1.0462548675004655,0.0003885914148854239,0.0017663225009617338,0.005884518092653497,1,51.03890101916444,1.0389010191644417,0.5867833757774861,0.7300082168724237,-0.1432248410949376,-0.4258200858780944,19.871504598562296,1.5900196928848298,0.03661952309730147,0.505511179024754,0.0012745842630731746,0.13,1,1,3,1,7,1,1,0.034891754951621785,-0.04491017964073532,1,0,0.08314140948872828,,1,0,0.061722708429301956,-0.08751727314601986,1,55,-1,-0.034891754951642734,-1,1,1,1,100,1,1,1,4,80,0,0,1,1,0,1,1,1,,0,16,5,8,8,-8.060801473983506e-05,0.00020727775218784805,0.00022339935513594072,0.0010179640718563042,NEUTRAL,0.0001450944265315774,0.0003454629203132197,0.00031552280055271553,0.0003454629203132197,0.0005573468447720113,0.0003454629203132197,0.001529249193919928,0.0003454629203132197,NO_SETUP,,NO_SETUP
2026-08-08T17:00:00+00:00,PAXGUSD,15m,1154,0.012209927823215332,0.0315615115429868,0.00023037599664823164,0.04400181536285037,0.005235602093879343,0,1,-0.0264253262088872,-0.20634772616358532,0.00680887763287344,0.11204001751957549,0.17708447539316588,0.5119188934977501,0.7577518730071389,1.0198618600506961,0.0003323420384176064,0.0017027559776029244,0.005806673976139731,1,45.7655581087169,-4.2344418912830974,0.3003116075442449,0.5997086870819862,-0.2993970795377413,-0.20755204056159104,18.060659944086378,1.5571598372323172,0.035873224946778935,0.22744226046308613,0.0011436722156800729,0.13,-1,1,5,-1,0,1,1,0.005644211918248345,-0.07418107092588493,1,0,0.053907983219415756,,1,0,0.09099851868235823,-0.0582851271560255,1,57,-1,-0.06415971507098493,-1,1,1,1,100,1,1,1,4,80,0,0,1,1,0,1,1,1,,0,17,5,8,8,0.0002856662358637122,0.000463055753295003,0.0005183459924943501,0.001508962778150261,NEUTRAL,0.0006081926311934462,5.298647923265521e-05,0.0006081926311934462,5.298647923265521e-05,0.0008500874276908515,5.298647923265521e-05,0.0018222741336136467,5.298647923265521e-05,NO_SETUP,,NO_SETUP
2026-08-08T17:30:00+00:00,PAXGUSD,15m,1156,0.003915372674385465,0.0,0.02740760872067731,0.031322981395062774,1.0,1,0,-3.958433259512118e-06,-0.1376225150688697,0.030447032565992627,0.11565093505032564,0.19517310940421093,0.4979038403271261,0.7681006185363934,1.0026818524265764,0.0003045099099925214,0.0016472607683821832,0.005729275091321825,1,50.89357285954738,0.8935728595473833,0.22905745362004382,0.47039800435882206,-0.24134055073877825,-0.01953951111476937,16.653857438021927,1.5047959821033232,0.03465786511088159,0.42135678077173294,0.0010220059422828658,0.11,-1,1,7,-1,2,1,1,0.03166845545455382,-0.04813605229097795,1,0,0.0799196657653691,,1,0,0.06494912318685123,-0.08429567051908295,1,59,1,0.0008061061388194228,-1,1,1,1,100,1,1,1,4,80,0,0,1,1,0,1,1,1,,0,17,5,8,8,0.00029019820998379,9.673273666126333e-05,0.00025795396442996574,0.0008959293943149543,NEUTRAL,0.00034777721990119866,5.066952872716881e-05,0.00034777721990119866,0.00011746118023135449,0.0005896090615543569,0.00011746118023135449,0.001561542748960274,0.00011746118023135449,NO_SETUP,,NO_SETUP
2026-08-08T18:00:00+00:00,PAXGUSD,15m,1158,0.007600219254808343,0.03201304473996489,0.0,0.03961326399477323,0.19186046511620836,1,0,0.002914015614993875,-0.006715936370710551,0.030942640772019345,0.15240211266973347,0.1903176946586657,0.5017817409116105,0.7556541359894823,0.9946764693440855,0.00028028625157025473,0.0015937505388664635,0.005653364413308166,1,51.509473984198145,1.509473984198145,0.18267657847263763,0.367910367433193,-0.18523378896055537,0.09066839119332298,16.192973633312857,1.434951637629881,0.033048324442532695,0.4369230761037223,0.0009985542192404435,0.1,-1,1,9,-1,4,1,1,0.0344312963210098,-0.04537100585449874,1,0,0.08268117310536083,,1,0,0.06218361208482599,,-1,8,1,0.009557851487087784,-1,1,1,1,100,1,1,0,3,85,0,0,1,1,0,1,1,1,,0,18,5,8,8,2.533406418283412e-05,0.00017042915904741415,0.0011676700491482271,0.0008060838603586383,NEUTRAL,0.00027176541577812226,2.30309674372263e-06,0.00027176541577812226,0.00014509509486437057,0.0014716788193405608,0.00014509509486437057,0.0015338624314254706,0.00014509509486437057,NO_SETUP,,NO_SETUP
