timestamp,open,high,low,close,volume,source
2026-02-19T13:30:00+00:00,5003.01,5004.0,5003.01,5004.0,102.0,real_delta_india
2026-02-19T14:00:00+00:00,5002.4,5002.4,4981.9,4985.5,16496.0,real_delta_india
2026-02-19T14:30:00+00:00,4981.4,5015.6,4971.7,5011.0,214504.0,real_delta_india
2026-02-19T15:00:00+00:00,5011.6,5021.8,5001.6,5021.8,631929.0,real_delta_india
2026-02-19T15:30:00+00:00,5021.2,5027.5,5012.5,5019.7,644911.0,real_delta_india
2026-02-19T16:00:00+00:00,5019.9,5019.9,4997.5,5003.1,384728.0,real_delta_india
2026-02-19T16:30:00+00:00,5004.1,5015.0,4997.0,5001.9,405939.0,real_delta_india
2026-02-19T17:00:00+00:00,5001.5,5007.6,4998.0,4999.7,285494.0,real_delta_india
2026-02-19T17:30:00+00:00,4999.7,5001.8,4989.1,4991.0,278278.0,real_delta_india
2026-02-19T18:00:00+00:00,4991.0,4994.9,4982.5,4984.6,192120.0,real_delta_india
2026-02-19T18:30:00+00:00,4984.4,4990.9,4982.1,4988.0,121821.0,real_delta_india
2026-02-19T19:00:00+00:00,4988.1,4997.2,4987.5,4995.1,96169.0,real_delta_india
2026-02-19T19:30:00+00:00,4995.1,4995.8,4985.3,4993.3,83884.0,real_delta_india
2026-02-19T20:00:00+00:00,4994.0,5002.2,4994.0,5001.2,50155.0,real_delta_india
2026-02-19T20:30:00+00:00,5001.8,5009.0,5001.8,5007.0,36210.0,real_delta_india
2026-02-19T21:00:00+00:00,5007.6,5009.7,4998.2,4998.9,34771.0,real_delta_india
2026-02-19T21:30:00+00:00,4999.3,5004.8,4999.3,5002.7,12638.0,real_delta_india
2026-02-19T22:00:00+00:00,5003.0,5004.7,4999.6,5003.1,13996.0,real_delta_india
2026-02-19T22:30:00+00:00,5003.3,5007.4,5002.5,5007.4,6996.0,real_delta_india
2026-02-19T23:00:00+00:00,5008.5,5013.24,5000.8,5004.4,24112.0,real_delta_india
2026-02-19T23:30:00+00:00,5003.7,5006.8,4993.0,4994.1,21701.0,real_delta_india
2026-02-20T00:00:00+00:00,4992.8,5002.4,4992.4,4997.8,23755.0,real_delta_india
2026-02-20T00:30:00+00:00,4998.0,5012.9,4995.5,5012.5,41277.0,real_delta_india
2026-02-20T01:00:00+00:00,5013.8,5020.7,5004.0,5006.7,73251.0,real_delta_india
2026-02-20T01:30:00+00:00,5007.6,5010.4,5003.5,5005.1,51193.0,real_delta_india
2026-02-20T02:00:00+00:00,5005.2,5014.3,5001.7,5005.4,84761.0,real_delta_india
2026-02-20T02:30:00+00:00,5005.6,5011.1,5002.3,5004.3,43752.0,real_delta_india
2026-02-20T03:00:00+00:00,5004.2,5006.8,4998.3,5001.0,51622.0,real_delta_india
2026-02-20T03:30:00+00:00,5001.0,5008.2,4991.2,4996.6,74986.0,real_delta_india
2026-02-20T04:00:00+00:00,4996.77,5003.6,4996.77,5003.1,71366.0,real_delta_india
2026-02-20T04:30:00+00:00,5003.1,5011.1,5002.2,5008.1,98348.0,real_delta_india
2026-02-20T05:00:00+00:00,5008.58,5013.1,5006.3,5009.0,68209.0,real_delta_india
2026-02-20T05:30:00+00:00,5009.0,5018.2,5006.1,5017.8,186274.0,real_delta_india
2026-02-20T06:00:00+00:00,5017.8,5034.7,5017.8,5028.1,231052.0,real_delta_india
2026-02-20T06:30:00+00:00,5028.1,5036.1,5026.5,5026.5,160395.0,real_delta_india
2026-02-20T07:00:00+00:00,5026.86,5032.7,5016.0,5020.7,261810.0,real_delta_india
2026-02-20T07:30:00+00:00,5020.6,5023.7,5012.83,5013.5,125053.0,real_delta_india
2026-02-20T08:00:00+00:00,5013.5,5024.7,5011.0,5023.5,146299.0,real_delta_india
2026-02-20T08:30:00+00:00,5024.2,5034.8,5022.9,5033.4,192206.0,real_delta_india
2026-02-20T09:00:00+00:00,5033.5,5048.0,5032.7,5038.8,306100.0,real_delta_india
2026-02-20T09:30:00+00:00,5039.1,5040.5,5032.6,5033.0,130223.0,real_delta_india
2026-02-20T10:00:00+00:00,5032.9,5035.2,5025.3,5031.5,258940.0,real_delta_india
2026-02-20T10:30:00+00:00,5031.5,5044.6,5031.5,5042.1,333641.0,real_delta_india
2026-02-20T11:00:00+00:00,5041.4,5041.8,5032.7,5035.0,149150.0,real_delta_india
2026-02-20T11:30:00+00:00,5035.0,5039.5,5023.1,5025.0,305325.0,real_delta_india
2026-02-20T12:00:00+00:00,5025.1,5030.6,5019.9,5020.2,193370.0,real_delta_india
2026-02-20T12:30:00+00:00,5020.5,5034.0,5015.8,5032.6,428482.0,real_delta_india
2026-02-20T13:00:00+00:00,5032.6,5041.6,5030.9,5039.4,295406.0,real_delta_india
2026-02-20T13:30:00+00:00,5039.1,5059.1,5029.88,5055.3,723443.0,real_delta_india
2026-02-20T14:00:00+00:00,5055.3,5058.8,5049.7,5052.4,351257.0,real_delta_india
2026-02-20T14:30:00+00:00,5051.0,5072.2,5049.1,5065.8,941516.0,real_delta_india
2026-02-20T15:00:00+00:00,5066.6,5075.6,5003.1,5037.1,1394891.0,real_delta_india
2026-02-20T15:30:00+00:00,5037.2,5063.0,5029.9,5053.5,593760.0,real_delta_india
2026-02-20T16:00:00+00:00,5054.0,5066.3,5050.0,5063.6,416987.0,real_delta_india
2026-02-20T16:30:00+00:00,5063.17,5079.2,5062.8,5075.8,535668.0,real_delta_india
2026-02-20T17:00:00+00:00,5076.0,5084.2,5064.0,5073.8,613814.0,real_delta_india
2026-02-20T17:30:00+00:00,5073.7,5086.9,5071.6,5083.1,477480.0,real_delta_india
2026-02-20T18:00:00+00:00,5083.2,5083.6,5067.5,5070.3,228088.0,real_delta_india
2026-02-20T18:30:00+00:00,5070.3,5085.8,5069.4,5082.4,318102.0,real_delta_india
2026-02-20T19:00:00+00:00,5082.9,5086.8,5079.3,5080.1,171063.0,real_delta_india
2026-02-20T19:30:00+00:00,5080.7,5088.7,5080.3,5087.8,97222.0,real_delta_india
2026-02-20T20:00:00+00:00,5088.1,5095.0,5086.4,5093.8,121736.0,real_delta_india
2026-02-20T20:30:00+00:00,5092.4,5107.5,5092.0,5106.9,146413.0,real_delta_india
2026-02-20T21:00:00+00:00,5107.1,5107.8,5100.8,5106.7,53673.0,real_delta_india
2026-02-20T21:30:00+00:00,5107.1,5117.8,5107.0,5117.0,71003.0,real_delta_india
2026-02-20T22:00:00+00:00,5117.3,5119.0,5113.9,5117.7,20733.0,real_delta_india
2026-02-20T22:30:00+00:00,5118.3,5118.6,5108.1,5111.5,41715.0,real_delta_india
2026-02-20T23:00:00+00:00,5111.7,5112.9,5109.4,5109.4,19954.0,real_delta_india
2026-02-20T23:30:00+00:00,5109.3,5113.6,5107.7,5113.6,31057.0,real_delta_india
2026-02-21T00:00:00+00:00,5113.7,5116.5,5113.6,5116.1,45001.0,real_delta_india
2026-02-21T00:30:00+00:00,5116.0,5118.0,5114.5,5117.4,28509.0,real_delta_india
2026-02-21T01:00:00+00:00,5117.5,5122.4,5116.1,5116.4,73499.0,real_delta_india
2026-02-21T01:30:00+00:00,5116.4,5120.2,5115.7,5115.7,70463.0,real_delta_india
2026-02-21T02:00:00+00:00,5115.7,5118.58,5114.8,5116.5,59614.0,real_delta_india
2026-02-21T02:30:00+00:00,5116.3,5117.6,5114.3,5115.8,39721.0,real_delta_india
2026-02-21T03:00:00+00:00,5115.8,5115.9,5110.8,5111.9,89174.0,real_delta_india
2026-02-21T03:30:00+00:00,5112.29,5115.6,5112.0,5115.3,61137.0,real_delta_india
2026-02-21T04:00:00+00:00,5115.3,5118.0,5115.2,5118.0,73303.0,real_delta_india
2026-02-21T04:30:00+00:00,5118.04,5119.1,5115.1,5115.6,117761.0,real_delta_india
2026-02-21T05:00:00+00:00,5115.1,5119.4,5115.0,5117.5,79691.0,real_delta_india
2026-02-21T05:30:00+00:00,5117.4,5117.5,5113.9,5114.8,72155.0,real_delta_india
2026-02-21T06:00:00+00:00,5114.8,5115.1,5113.7,5114.9,90588.0,real_delta_india
2026-02-21T06:30:00+00:00,5114.9,5117.0,5113.9,5116.8,42019.0,real_delta_india
2026-02-21T07:00:00+00:00,5116.8,5119.44,5115.8,5118.9,71624.0,real_delta_india
2026-02-21T07:30:00+00:00,5119.0,5120.7,5118.6,5119.7,104106.0,real_delta_india
2026-02-21T08:00:00+00:00,5119.8,5120.6,5119.7,5119.9,51811.0,real_delta_india
2026-02-21T08:30:00+00:00,5119.9,5124.0,5119.7,5121.8,176674.0,real_delta_india
2026-02-21T09:00:00+00:00,5121.9,5123.0,5119.6,5121.4,97793.0,real_delta_india
2026-02-21T09:30:00+00:00,5121.4,5122.6,5120.0,5120.3,53420.0,real_delta_india
2026-02-21T10:00:00+00:00,5120.2,5121.1,5117.7,5119.3,82006.0,real_delta_india
2026-02-21T10:30:00+00:00,5119.3,5122.5,5119.2,5121.9,41287.0,real_delta_india
2026-02-21T11:00:00+00:00,5122.0,5124.6,5121.2,5123.7,70261.0,real_delta_india
2026-02-21T11:30:00+00:00,5123.7,5125.4,5122.5,5124.7,83496.0,real_delta_india
2026-02-21T12:00:00+00:00,5124.7,5125.47,5124.1,5125.4,49030.0,real_delta_india
2026-02-21T12:30:00+00:00,5125.4,5127.8,5125.3,5126.7,86006.0,real_delta_india
2026-02-21T13:00:00+00:00,5126.8,5128.51,5125.6,5128.2,48586.0,real_delta_india
2026-02-21T13:30:00+00:00,5128.2,5135.6,5128.1,5134.9,160700.0,real_delta_india
2026-02-21T14:00:00+00:00,5134.9,5137.8,5131.2,5137.38,133029.0,real_delta_india
2026-02-21T14:30:00+00:00,5137.38,5140.0,5135.1,5136.8,132730.0,real_delta_india
2026-02-21T15:00:00+00:00,5136.7,5139.49,5134.4,5138.68,104937.0,real_delta_india
2026-02-21T15:30:00+00:00,5138.7,5138.7,5128.7,5129.5,160683.0,real_delta_india
2026-02-21T16:00:00+00:00,5129.4,5137.0,5129.4,5134.5,113590.0,real_delta_india
2026-02-21T16:30:00+00:00,5134.4,5143.8,5134.2,5141.9,177524.0,real_delta_india
2026-02-21T17:00:00+00:00,5141.9,5148.3,5141.1,5147.6,160450.0,real_delta_india
2026-02-21T17:30:00+00:00,5147.7,5150.8,5146.9,5149.9,128008.0,real_delta_india
2026-02-21T18:00:00+00:00,5149.8,5150.4,5145.9,5148.7,95987.0,real_delta_india
2026-02-21T18:30:00+00:00,5148.0,5150.9,5147.5,5147.5,102616.0,real_delta_india
2026-02-21T19:00:00+00:00,5147.5,5148.1,5143.6,5144.0,99626.0,real_delta_india
2026-02-21T19:30:00+00:00,5143.9,5144.3,5140.2,5141.5,83608.0,real_delta_india
2026-02-21T20:00:00+00:00,5141.9,5142.0,5141.8,5142.0,165.0,real_delta_india
2026-02-21T20:30:00+00:00,5142.0,5142.0,5142.0,5142.0,0.0,real_delta_india
2026-02-21T21:00:00+00:00,5145.1,5147.8,5145.1,5147.4,47723.0,real_delta_india
2026-02-21T21:30:00+00:00,5147.5,5148.2,5145.7,5145.9,24181.0,real_delta_india
2026-02-21T22:00:00+00:00,5145.9,5146.8,5143.8,5144.6,24078.0,real_delta_india
2026-02-21T22:30:00+00:00,5144.6,5144.6,5140.1,5140.4,19176.0,real_delta_india
2026-02-21T23:00:00+00:00,5140.5,5141.9,5138.5,5140.1,43280.0,real_delta_india
2026-02-21T23:30:00+00:00,5140.0,5140.0,5136.0,5138.8,54544.0,real_delta_india
2026-02-22T00:00:00+00:00,5138.9,5140.0,5138.2,5139.4,19701.0,real_delta_india
2026-02-22T00:30:00+00:00,5139.5,5139.5,5136.2,5136.4,24244.0,real_delta_india
2026-02-22T01:00:00+00:00,5136.4,5136.7,5132.2,5133.2,55617.0,real_delta_india
2026-02-22T01:30:00+00:00,5133.2,5133.3,5131.4,5133.3,35145.0,real_delta_india
2026-02-22T02:00:00+00:00,5133.0,5135.6,5132.9,5135.6,32383.0,real_delta_india
2026-02-22T02:30:00+00:00,5134.7,5134.8,5129.9,5130.0,50439.0,real_delta_india
2026-02-22T03:00:00+00:00,5129.9,5130.7,5126.9,5127.4,116027.0,real_delta_india
2026-02-22T03:30:00+00:00,5127.3,5127.4,5121.0,5121.3,118108.0,real_delta_india
2026-02-22T04:00:00+00:00,5121.5,5129.5,5121.2,5127.6,65768.0,real_delta_india
2026-02-22T04:30:00+00:00,5127.6,5128.7,5126.7,5127.1,49992.0,real_delta_india
2026-02-22T05:00:00+00:00,5127.1,5133.1,5126.6,5132.8,92467.0,real_delta_india
2026-02-22T05:30:00+00:00,5132.7,5134.5,5131.9,5134.1,126826.0,real_delta_india
2026-02-22T06:00:00+00:00,5134.1,5136.2,5133.7,5136.0,123511.0,real_delta_india
2026-02-22T06:30:00+00:00,5136.0,5136.0,5134.97,5134.97,64591.0,real_delta_india
2026-02-22T07:00:00+00:00,5135.0,5135.0,5132.3,5133.7,129488.0,real_delta_india
2026-02-22T07:30:00+00:00,5133.58,5134.2,5132.6,5132.8,68618.0,real_delta_india
2026-02-22T08:00:00+00:00,5132.7,5132.8,5130.8,5131.1,60287.0,real_delta_india
2026-02-22T08:30:00+00:00,5131.0,5131.1,5129.29,5129.7,49336.0,real_delta_india
2026-02-22T09:00:00+00:00,5129.7,5130.6,5125.1,5125.5,75668.0,real_delta_india
2026-02-22T09:30:00+00:00,5125.5,5126.2,5124.4,5124.6,78326.0,real_delta_india
2026-02-22T10:00:00+00:00,5124.6,5131.9,5124.6,5130.2,96635.0,real_delta_india
2026-02-22T10:30:00+00:00,5130.2,5132.0,5128.8,5129.9,64521.0,real_delta_india
2026-02-22T11:00:00+00:00,5130.0,5131.5,5129.5,5130.0,38997.0,real_delta_india
2026-02-22T11:30:00+00:00,5130.0,5134.1,5129.1,5133.0,70877.0,real_delta_india
2026-02-22T12:00:00+00:00,5132.9,5135.5,5132.7,5135.5,77824.0,real_delta_india
2026-02-22T12:30:00+00:00,5135.5,5136.3,5132.7,5133.4,72486.0,real_delta_india
2026-02-22T13:00:00+00:00,5133.4,5136.3,5133.4,5136.1,78124.0,real_delta_india
2026-02-22T13:30:00+00:00,5136.2,5139.7,5136.1,5138.3,124186.0,real_delta_india
2026-02-22T14:00:00+00:00,5138.7,5151.6,5138.7,5151.0,232600.0,real_delta_india
2026-02-22T14:30:00+00:00,5151.0,5163.8,5150.4,5157.4,406590.0,real_delta_india
2026-02-22T15:00:00+00:00,5157.4,5163.3,5150.0,5151.7,332168.0,real_delta_india
2026-02-22T15:30:00+00:00,5151.8,5155.1,5144.0,5151.1,188054.0,real_delta_india
2026-02-22T16:00:00+00:00,5151.6,5157.5,5147.9,5149.9,116498.0,real_delta_india
2026-02-22T16:30:00+00:00,5150.4,5151.7,5147.3,5149.2,190008.0,real_delta_india
2026-02-22T17:00:00+00:00,5149.1,5156.6,5148.1,5148.2,182874.0,real_delta_india
2026-02-22T17:30:00+00:00,5148.25,5151.0,5147.8,5148.5,85534.0,real_delta_india
2026-02-22T18:00:00+00:00,5148.5,5149.8,5145.9,5146.9,83468.0,real_delta_india
2026-02-22T18:30:00+00:00,5146.9,5147.9,5145.5,5146.3,68187.0,real_delta_india
2026-02-22T19:00:00+00:00,5145.6,5147.8,5144.9,5146.0,53741.0,real_delta_india
2026-02-22T19:30:00+00:00,5145.9,5147.2,5145.1,5145.6,27851.0,real_delta_india
2026-02-22T20:00:00+00:00,5147.2,5158.0,5147.2,5152.4,66463.0,real_delta_india
2026-02-22T20:30:00+00:00,5151.7,5154.2,5148.0,5150.7,47832.0,real_delta_india
2026-02-22T21:00:00+00:00,5152.1,5155.8,5151.4,5154.7,16314.0,real_delta_india
2026-02-22T21:30:00+00:00,5155.0,5155.1,5151.3,5154.1,15499.0,real_delta_india
2026-02-22T22:00:00+00:00,5154.1,5170.9,5154.0,5164.0,62853.0,real_delta_india
2026-02-22T22:30:00+00:00,5164.6,5166.0,5160.4,5164.0,25111.0,real_delta_india
2026-02-22T23:00:00+00:00,5163.9,5170.0,5131.43,5166.0,160315.0,real_delta_india
2026-02-22T23:30:00+00:00,5167.21,5191.7,5163.6,5184.9,134392.0,real_delta_india
2026-02-23T00:00:00+00:00,5187.5,5189.8,5149.8,5170.0,145461.0,real_delta_india
2026-02-23T00:30:00+00:00,5170.8,5177.5,5154.8,5161.1,92477.0,real_delta_india
2026-02-23T01:00:00+00:00,5160.9,5177.3,5158.1,5176.5,211371.0,real_delta_india
2026-02-23T01:30:00+00:00,5176.4,5185.8,5172.5,5176.4,341401.0,real_delta_india
2026-02-23T02:00:00+00:00,5176.1,5186.0,5175.7,5178.5,96678.0,real_delta_india
2026-02-23T02:30:00+00:00,5178.4,5192.9,5178.4,5190.5,224706.0,real_delta_india
2026-02-23T03:00:00+00:00,5191.0,5192.6,5167.9,5178.5,423935.0,real_delta_india
2026-02-23T03:30:00+00:00,5178.1,5185.2,5178.1,5180.1,183502.0,real_delta_india
2026-02-23T04:00:00+00:00,5180.2,5183.0,5171.1,5174.5,106352.0,real_delta_india
2026-02-23T04:30:00+00:00,5174.5,5177.8,5170.7,5174.5,159893.0,real_delta_india
2026-02-23T05:00:00+00:00,5174.4,5175.2,5166.2,5172.3,166140.0,real_delta_india
2026-02-23T05:30:00+00:00,5172.3,5173.6,5167.0,5172.4,131796.0,real_delta_india
2026-02-23T06:00:00+00:00,5172.0,5176.7,5166.9,5167.3,265353.0,real_delta_india
2026-02-23T06:30:00+00:00,5167.2,5170.6,5158.5,5159.3,328431.0,real_delta_india
2026-02-23T07:00:00+00:00,5159.4,5168.3,5140.1,5149.7,512714.0,real_delta_india
2026-02-23T07:30:00+00:00,5149.7,5153.0,5138.0,5150.4,310062.0,real_delta_india
2026-02-23T08:00:00+00:00,5150.65,5152.7,5135.4,5137.8,251541.0,real_delta_india
2026-02-23T08:30:00+00:00,5137.6,5154.7,5135.0,5153.8,246313.0,real_delta_india
2026-02-23T09:00:00+00:00,5153.2,5162.5,5152.43,5162.3,204372.0,real_delta_india
2026-02-23T09:30:00+00:00,5162.4,5163.6,5156.5,5161.5,144632.0,real_delta_india
2026-02-23T10:00:00+00:00,5161.9,5169.5,5160.1,5168.4,312739.0,real_delta_india
2026-02-23T10:30:00+00:00,5168.4,5176.4,5158.8,5174.8,257244.0,real_delta_india
2026-02-23T11:00:00+00:00,5174.9,5176.1,5160.4,5164.0,299169.0,real_delta_india
2026-02-23T11:30:00+00:00,5163.5,5167.8,5161.3,5164.1,109466.0,real_delta_india
2026-02-23T12:00:00+00:00,5163.6,5167.4,5157.8,5161.1,209158.0,real_delta_india
2026-02-23T12:30:00+00:00,5162.0,5177.6,5162.0,5176.0,374801.0,real_delta_india
2026-02-23T13:00:00+00:00,5176.5,5177.6,5155.9,5162.5,411592.0,real_delta_india
2026-02-23T13:30:00+00:00,5162.5,5166.5,5157.8,5158.6,382081.0,real_delta_india
2026-02-23T14:00:00+00:00,5158.6,5177.0,5154.0,5176.4,496885.0,real_delta_india
2026-02-23T14:30:00+00:00,5176.5,5215.8,5176.4,5207.7,1235779.0,real_delta_india
2026-02-23T15:00:00+00:00,5207.6,5220.3,5197.0,5213.0,1099224.0,real_delta_india
2026-02-23T15:30:00+00:00,5213.6,5220.0,5202.4,5211.9,791182.0,real_delta_india
2026-02-23T16:00:00+00:00,5211.0,5234.6,5193.4,5230.0,1171569.0,real_delta_india
2026-02-23T16:30:00+00:00,5229.9,5233.7,5222.8,5226.1,447715.0,real_delta_india
2026-02-23T17:00:00+00:00,5226.39,5229.0,5216.4,5225.1,457108.0,real_delta_india
2026-02-23T17:30:00+00:00,5225.0,5225.2,5205.9,5222.4,353835.0,real_delta_india
2026-02-23T18:00:00+00:00,5223.0,5230.9,5217.1,5222.1,305010.0,real_delta_india
2026-02-23T18:30:00+00:00,5222.1,5229.4,5222.1,5225.1,160571.0,real_delta_india
2026-02-23T19:00:00+00:00,5225.0,5228.6,5221.0,5222.0,163989.0,real_delta_india
2026-02-23T19:30:00+00:00,5222.8,5230.4,5222.1,5227.7,50795.0,real_delta_india
2026-02-23T20:00:00+00:00,5228.6,5241.0,5228.6,5240.7,208704.0,real_delta_india
2026-02-23T20:30:00+00:00,5240.1,5253.0,5240.1,5251.9,174370.0,real_delta_india
2026-02-23T21:00:00+00:00,5252.0,5253.2,5244.1,5245.5,88664.0,real_delta_india
2026-02-23T21:30:00+00:00,5244.2,5248.26,5241.5,5242.5,105296.0,real_delta_india
2026-02-23T22:00:00+00:00,5242.5,5247.4,5238.7,5247.2,53379.0,real_delta_india
2026-02-23T22:30:00+00:00,5247.2,5250.0,5246.7,5249.7,17497.0,real_delta_india
2026-02-23T23:00:00+00:00,5249.5,5267.0,5242.9,5254.0,154091.0,real_delta_india
2026-02-23T23:30:00+00:00,5254.2,5264.0,5251.2,5252.5,75320.0,real_delta_india
2026-02-24T00:00:00+00:00,5251.5,5251.5,5235.1,5241.2,125976.0,real_delta_india
2026-02-24T00:30:00+00:00,5241.7,5245.4,5233.88,5238.2,50039.0,real_delta_india
2026-02-24T01:00:00+00:00,5237.3,5237.4,5155.2,5185.89,715470.0,real_delta_india
2026-02-24T01:30:00+00:00,5186.5,5196.2,5182.0,5192.9,184199.0,real_delta_india
2026-02-24T02:00:00+00:00,5192.6,5198.0,5184.0,5190.1,89481.0,real_delta_india
2026-02-24T02:30:00+00:00,5190.1,5207.8,5190.1,5206.3,213917.0,real_delta_india
2026-02-24T03:00:00+00:00,5206.4,5208.7,5198.1,5198.2,185054.0,real_delta_india
2026-02-24T03:30:00+00:00,5198.5,5204.5,5187.31,5187.7,176639.0,real_delta_india
2026-02-24T04:00:00+00:00,5187.6,5191.5,5179.0,5188.3,209203.0,real_delta_india
2026-02-24T04:30:00+00:00,5189.3,5189.7,5181.9,5184.8,86781.0,real_delta_india
2026-02-24T05:00:00+00:00,5184.7,5192.1,5181.9,5184.0,165323.0,real_delta_india
2026-02-24T05:30:00+00:00,5185.0,5200.8,5182.75,5198.2,221950.0,real_delta_india
2026-02-24T06:00:00+00:00,5198.9,5200.5,5184.0,5186.1,224693.0,real_delta_india
2026-02-24T06:30:00+00:00,5186.2,5193.2,5174.0,5191.4,498051.0,real_delta_india
2026-02-24T07:00:00+00:00,5191.4,5199.1,5182.3,5199.1,157339.0,real_delta_india
2026-02-24T07:30:00+00:00,5199.21,5200.7,5192.3,5196.12,186591.0,real_delta_india
2026-02-24T08:00:00+00:00,5196.4,5197.0,5181.5,5187.8,160767.0,real_delta_india
2026-02-24T08:30:00+00:00,5186.79,5197.9,5186.5,5188.9,90007.0,real_delta_india
2026-02-24T09:00:00+00:00,5188.8,5195.9,5183.8,5184.6,55284.0,real_delta_india
2026-02-24T09:30:00+00:00,5185.0,5190.0,5183.5,5188.9,63863.0,real_delta_india
2026-02-24T10:00:00+00:00,5188.4,5197.47,5188.1,5192.4,139551.0,real_delta_india
2026-02-24T10:30:00+00:00,5192.5,5193.4,5180.3,5188.6,130623.0,real_delta_india
2026-02-24T11:00:00+00:00,5189.4,5192.9,5187.2,5190.0,112467.0,real_delta_india
2026-02-24T11:30:00+00:00,5190.0,5194.0,5187.6,5188.2,95349.0,real_delta_india
2026-02-24T12:00:00+00:00,5187.4,5188.8,5163.2,5177.9,492553.0,real_delta_india
2026-02-24T12:30:00+00:00,5177.8,5180.4,5161.87,5166.9,408090.0,real_delta_india
2026-02-24T13:00:00+00:00,5167.0,5177.3,5167.0,5172.6,328404.0,real_delta_india
2026-02-24T13:30:00+00:00,5172.7,5174.3,5126.8,5129.9,1038263.0,real_delta_india
2026-02-24T14:00:00+00:00,5129.9,5143.3,5112.9,5134.0,843330.0,real_delta_india
2026-02-24T14:30:00+00:00,5133.1,5157.0,5128.8,5145.8,755007.0,real_delta_india
2026-02-24T15:00:00+00:00,5144.48,5164.5,5136.6,5156.9,619784.0,real_delta_india
2026-02-24T15:30:00+00:00,5156.6,5172.0,5152.2,5166.2,373749.0,real_delta_india
2026-02-24T16:00:00+00:00,5166.2,5169.1,5158.4,5161.2,594596.0,real_delta_india
2026-02-24T16:30:00+00:00,5160.5,5166.0,5147.2,5157.4,892473.0,real_delta_india
2026-02-24T17:00:00+00:00,5157.3,5179.2,5157.3,5174.3,630423.0,real_delta_india
2026-02-24T17:30:00+00:00,5174.4,5180.0,5172.5,5180.0,243605.0,real_delta_india
2026-02-24T18:00:00+00:00,5179.8,5186.2,5171.55,5173.2,477539.0,real_delta_india
2026-02-24T18:30:00+00:00,5174.0,5177.6,5170.2,5176.0,244194.0,real_delta_india
2026-02-24T19:00:00+00:00,5175.8,5175.8,5162.9,5167.9,176534.0,real_delta_india
2026-02-24T19:30:00+00:00,5168.0,5172.8,5164.87,5170.58,113276.0,real_delta_india
2026-02-24T20:00:00+00:00,5170.0,5185.1,5163.9,5183.8,108913.0,real_delta_india
2026-02-24T20:30:00+00:00,5183.4,5189.4,5175.3,5181.0,144852.0,real_delta_india
2026-02-24T21:00:00+00:00,5180.9,5182.5,5172.2,5174.2,83525.0,real_delta_india
2026-02-24T21:30:00+00:00,5173.7,5173.7,5157.7,5159.6,87649.0,real_delta_india
2026-02-24T22:00:00+00:00,5158.5,5165.6,5157.6,5158.6,42049.0,real_delta_india
2026-02-24T22:30:00+00:00,5158.6,5162.4,5150.8,5154.2,114173.0,real_delta_india
2026-02-24T23:00:00+00:00,5155.1,5156.0,5140.3,5146.9,120804.0,real_delta_india
2026-02-24T23:30:00+00:00,5147.3,5168.1,5147.3,5163.2,139823.0,real_delta_india
2026-02-25T00:00:00+00:00,5162.8,5165.1,5154.7,5156.2,53357.0,real_delta_india
2026-02-25T00:30:00+00:00,5156.6,5172.0,5156.6,5169.0,155702.0,real_delta_india
2026-02-25T01:00:00+00:00,5169.8,5202.6,5162.1,5200.2,320308.0,real_delta_india
2026-02-25T01:30:00+00:00,5200.1,5204.5,5188.8,5190.5,147395.0,real_delta_india
2026-02-25T02:00:00+00:00,5190.9,5208.0,5190.9,5203.6,335436.0,real_delta_india
2026-02-25T02:30:00+00:00,5203.67,5204.6,5182.81,5194.2,185835.0,real_delta_india
2026-02-25T03:00:00+00:00,5194.3,5202.9,5193.3,5199.8,117747.0,real_delta_india
2026-02-25T03:30:00+00:00,5199.48,5201.4,5192.3,5196.3,132853.0,real_delta_india
2026-02-25T04:00:00+00:00,5195.3,5199.7,5186.66,5197.5,100342.0,real_delta_india
2026-02-25T04:30:00+00:00,5197.5,5199.8,5194.7,5197.9,69852.0,real_delta_india
2026-02-25T05:00:00+00:00,5197.9,5210.1,5197.3,5209.9,529642.0,real_delta_india
2026-02-25T05:30:00+00:00,5210.0,5224.5,5207.9,5216.7,490447.0,real_delta_india
2026-02-25T06:00:00+00:00,5216.7,5217.2,5198.9,5205.8,392596.0,real_delta_india
2026-02-25T06:30:00+00:00,5205.5,5209.9,5204.1,5209.1,109290.0,real_delta_india
2026-02-25T07:00:00+00:00,5209.9,5209.9,5197.8,5203.5,252050.0,real_delta_india
2026-02-25T07:30:00+00:00,5203.5,5204.1,5195.1,5198.9,143389.0,real_delta_india
2026-02-25T08:00:00+00:00,5199.0,5209.2,5199.0,5208.0,133036.0,real_delta_india
2026-02-25T08:30:00+00:00,5208.3,5212.6,5200.25,5201.0,175109.0,real_delta_india
2026-02-25T09:00:00+00:00,5200.9,5203.6,5192.5,5202.4,322481.0,real_delta_india
2026-02-25T09:30:00+00:00,5202.4,5209.1,5201.3,5208.6,197675.0,real_delta_india
2026-02-25T10:00:00+00:00,5208.4,5210.4,5188.7,5191.2,408837.0,real_delta_india
2026-02-25T10:30:00+00:00,5191.1,5196.6,5186.8,5191.6,302759.0,real_delta_india
2026-02-25T11:00:00+00:00,5191.5,5191.5,5171.4,5184.1,718838.0,real_delta_india
2026-02-25T11:30:00+00:00,5184.2,5200.0,5183.0,5198.8,372972.0,real_delta_india
2026-02-25T12:00:00+00:00,5198.2,5204.6,5195.3,5200.5,379326.0,real_delta_india
2026-02-25T12:30:00+00:00,5200.6,5203.3,5194.9,5199.4,285684.0,real_delta_india
2026-02-25T13:00:00+00:00,5200.2,5207.7,5197.7,5203.5,343282.0,real_delta_india
2026-02-25T13:30:00+00:00,5203.7,5206.9,5198.4,5200.4,199301.0,real_delta_india
2026-02-25T14:00:00+00:00,5200.0,5207.2,5190.1,5193.0,385505.0,real_delta_india
2026-02-25T14:30:00+00:00,5192.3,5207.0,5174.6,5205.5,948194.0,real_delta_india
2026-02-25T15:00:00+00:00,5205.3,5216.2,5188.0,5195.1,743495.0,real_delta_india
2026-02-25T15:30:00+00:00,5195.0,5210.9,5186.8,5205.9,463780.0,real_delta_india
2026-02-25T16:00:00+00:00,5205.8,5217.1,5200.6,5214.3,443842.0,real_delta_india
2026-02-25T16:30:00+00:00,5214.2,5225.1,5210.0,5222.9,873121.0,real_delta_india
2026-02-25T17:00:00+00:00,5222.8,5227.7,5217.9,5222.4,549385.0,real_delta_india
2026-02-25T17:30:00+00:00,5222.5,5223.2,5213.0,5216.0,529337.0,real_delta_india
2026-02-25T18:00:00+00:00,5216.13,5216.7,5213.12,5214.6,142804.0,real_delta_india
2026-02-25T18:30:00+00:00,5214.6,5214.8,5205.9,5208.7,241873.0,real_delta_india
2026-02-25T19:00:00+00:00,5208.8,5213.1,5198.1,5207.5,299136.0,real_delta_india
2026-02-25T19:30:00+00:00,5207.6,5215.4,5206.4,5211.0,74224.0,real_delta_india
2026-02-25T20:00:00+00:00,5211.4,5214.5,5193.6,5196.0,167470.0,real_delta_india
2026-02-25T20:30:00+00:00,5195.1,5199.4,5157.0,5162.1,364360.0,real_delta_india
2026-02-25T21:00:00+00:00,5163.2,5182.7,5161.2,5178.1,88080.0,real_delta_india
2026-02-25T21:30:00+00:00,5177.6,5183.9,5172.2,5177.13,121263.0,real_delta_india
2026-02-25T22:00:00+00:00,5177.7,5179.2,5166.2,5166.4,29549.0,real_delta_india
2026-02-25T22:30:00+00:00,5166.2,5174.6,5161.8,5174.3,63158.0,real_delta_india
2026-02-25T23:00:00+00:00,5174.25,5188.6,5172.1,5179.3,107412.0,real_delta_india
2026-02-25T23:30:00+00:00,5179.1,5187.0,5172.2,5173.1,83129.0,real_delta_india
2026-02-26T00:00:00+00:00,5173.3,5194.7,5166.0,5194.0,210904.0,real_delta_india
2026-02-26T00:30:00+00:00,5195.0,5199.0,5189.8,5195.8,129413.0,real_delta_india
2026-02-26T01:00:00+00:00,5198.13,5205.2,5189.0,5189.4,87695.0,real_delta_india
2026-02-26T01:30:00+00:00,5188.9,5201.7,5187.6,5199.2,96758.0,real_delta_india
2026-02-26T02:00:00+00:00,5199.6,5203.6,5190.1,5190.1,46432.0,real_delta_india
2026-02-26T02:30:00+00:00,5190.0,5193.1,5183.0,5190.5,195098.0,real_delta_india
2026-02-26T03:00:00+00:00,5191.3,5199.8,5190.2,5194.4,132987.0,real_delta_india
2026-02-26T03:30:00+00:00,5194.7,5199.0,5191.1,5198.8,109238.0,real_delta_india
2026-02-26T04:00:00+00:00,5198.7,5205.1,5197.9,5200.0,304623.0,real_delta_india
2026-02-26T04:30:00+00:00,5200.1,5202.3,5196.8,5199.0,91893.0,real_delta_india
2026-02-26T05:00:00+00:00,5198.9,5209.3,5196.3,5205.8,206730.0,real_delta_india
2026-02-26T05:30:00+00:00,5206.0,5208.4,5197.8,5203.0,165785.0,real_delta_india
2026-02-26T06:00:00+00:00,5203.5,5205.1,5199.1,5199.9,111076.0,real_delta_india
2026-02-26T06:30:00+00:00,5199.7,5203.7,5197.6,5199.5,92162.0,real_delta_india
2026-02-26T07:00:00+00:00,5199.5,5200.8,5189.0,5192.1,234767.0,real_delta_india
2026-02-26T07:30:00+00:00,5192.5,5196.9,5187.4,5195.2,152566.0,real_delta_india
2026-02-26T08:00:00+00:00,5195.19,5200.0,5185.4,5186.3,158754.0,real_delta_india
2026-02-26T08:30:00+00:00,5186.2,5190.3,5177.5,5188.2,271452.0,real_delta_india
2026-02-26T09:00:00+00:00,5187.7,5191.8,5183.12,5189.4,114985.0,real_delta_india
2026-02-26T09:30:00+00:00,5189.7,5198.1,5188.9,5196.1,107639.0,real_delta_india
2026-02-26T10:00:00+00:00,5196.0,5199.2,5188.7,5189.1,104272.0,real_delta_india
2026-02-26T10:30:00+00:00,5188.19,5188.7,5177.0,5179.8,169461.0,real_delta_india
2026-02-26T11:00:00+00:00,5180.0,5187.3,5179.0,5182.0,123541.0,real_delta_india
2026-02-26T11:30:00+00:00,5182.2,5184.1,5170.2,5174.2,164857.0,real_delta_india
2026-02-26T12:00:00+00:00,5174.2,5188.9,5167.1,5187.8,267966.0,real_delta_india
2026-02-26T12:30:00+00:00,5188.3,5195.5,5187.8,5192.2,200039.0,real_delta_india
2026-02-26T13:00:00+00:00,5192.2,5193.2,5178.0,5184.1,269510.0,real_delta_india
2026-02-26T13:30:00+00:00,5184.1,5185.8,5174.2,5175.2,204168.0,real_delta_india
2026-02-26T14:00:00+00:00,5175.1,5181.3,5170.4,5179.6,163925.0,real_delta_india
2026-02-26T14:30:00+00:00,5179.6,5184.0,5152.1,5174.7,477579.0,real_delta_india
2026-02-26T15:00:00+00:00,5174.7,5181.4,5140.3,5151.7,391240.0,real_delta_india
2026-02-26T15:30:00+00:00,5152.0,5200.2,5150.7,5192.8,592416.0,real_delta_india
2026-02-26T16:00:00+00:00,5193.1,5194.6,5181.6,5189.0,254748.0,real_delta_india
2026-02-26T16:30:00+00:00,5188.62,5194.9,5185.0,5189.0,196459.0,real_delta_india
2026-02-26T17:00:00+00:00,5188.3,5198.3,5183.0,5183.2,268835.0,real_delta_india
2026-02-26T17:30:00+00:00,5183.4,5187.0,5172.4,5176.9,446914.0,real_delta_india
2026-02-26T18:00:00+00:00,5176.9,5187.4,5173.5,5186.4,250052.0,real_delta_india
2026-02-26T18:30:00+00:00,5186.1,5193.9,5171.1,5188.6,174605.0,real_delta_india
2026-02-26T19:00:00+00:00,5188.6,5196.2,5188.6,5192.4,98980.0,real_delta_india
2026-02-26T19:30:00+00:00,5192.5,5200.0,5190.7,5194.7,71962.0,real_delta_india
2026-02-26T20:00:00+00:00,5194.3,5204.7,5194.3,5201.12,109377.0,real_delta_india
2026-02-26T20:30:00+00:00,5200.6,5207.8,5198.1,5203.9,62399.0,real_delta_india
2026-02-26T21:00:00+00:00,5204.13,5207.3,5194.3,5194.9,63442.0,real_delta_india
2026-02-26T21:30:00+00:00,5194.7,5200.3,5193.0,5195.6,45825.0,real_delta_india
2026-02-26T22:00:00+00:00,5196.6,5199.2,5193.8,5193.8,9937.0,real_delta_india
2026-02-26T22:30:00+00:00,5193.9,5196.4,5190.7,5196.0,13102.0,real_delta_india
2026-02-26T23:00:00+00:00,5196.9,5200.0,5188.06,5193.9,19916.0,real_delta_india
2026-02-26T23:30:00+00:00,5194.9,5199.2,5192.8,5193.4,7490.0,real_delta_india
2026-02-27T00:00:00+00:00,5192.12,5203.8,5188.3,5198.2,16900.0,real_delta_india
2026-02-27T00:30:00+00:00,5198.4,5199.0,5181.3,5185.3,83710.0,real_delta_india
2026-02-27T01:00:00+00:00,5184.0,5189.4,5178.3,5185.3,61361.0,real_delta_india
2026-02-27T01:30:00+00:00,5184.8,5202.0,5183.8,5202.0,73362.0,real_delta_india
2026-02-27T02:00:00+00:00,5202.3,5208.73,5194.2,5194.5,137249.0,real_delta_india
2026-02-27T02:30:00+00:00,5194.5,5195.5,5185.8,5194.4,74727.0,real_delta_india
2026-02-27T03:00:00+00:00,5194.3,5197.9,5192.2,5196.7,44653.0,real_delta_india
2026-02-27T03:30:00+00:00,5197.5,5200.9,5195.0,5195.7,69573.0,real_delta_india
2026-02-27T04:00:00+00:00,5196.1,5199.6,5193.2,5198.0,54956.0,real_delta_india
2026-02-27T04:30:00+00:00,5197.9,5198.9,5191.4,5192.1,36576.0,real_delta_india
2026-02-27T05:00:00+00:00,5192.1,5204.2,5191.8,5203.9,121339.0,real_delta_india
2026-02-27T05:30:00+00:00,5204.3,5210.0,5201.0,5207.6,163498.0,real_delta_india
2026-02-27T06:00:00+00:00,5208.3,5209.1,5203.3,5203.8,124180.0,real_delta_india
2026-02-27T06:30:00+00:00,5204.4,5206.8,5196.8,5198.0,99876.0,real_delta_india
2026-02-27T07:00:00+00:00,5197.2,5201.0,5190.2,5191.1,155845.0,real_delta_india
2026-02-27T07:30:00+00:00,5191.1,5195.0,5187.9,5188.6,91502.0,real_delta_india
2026-02-27T08:00:00+00:00,5189.3,5193.7,5186.7,5190.1,66304.0,real_delta_india
2026-02-27T08:30:00+00:00,5189.8,5194.2,5189.2,5190.4,58963.0,real_delta_india
2026-02-27T09:00:00+00:00,5190.4,5193.4,5187.6,5191.1,42708.0,real_delta_india
2026-02-27T09:30:00+00:00,5190.9,5193.4,5184.2,5187.5,147236.0,real_delta_india
2026-02-27T10:00:00+00:00,5187.6,5192.9,5180.0,5185.5,207098.0,real_delta_india
2026-02-27T10:30:00+00:00,5185.6,5191.1,5182.3,5191.0,125829.0,real_delta_india
2026-02-27T11:00:00+00:00,5191.0,5191.0,5185.3,5190.6,60127.0,real_delta_india
2026-02-27T11:30:00+00:00,5190.2,5198.4,5190.1,5198.4,121009.0,real_delta_india
2026-02-27T12:00:00+00:00,5198.61,5202.7,5198.12,5199.4,246767.0,real_delta_india
2026-02-27T12:30:00+00:00,5199.8,5201.2,5195.3,5200.7,150592.0,real_delta_india
2026-02-27T13:00:00+00:00,5200.5,5296.2,5200.5,5244.7,1118286.0,real_delta_india
2026-02-27T13:30:00+00:00,5244.6,5244.9,5220.5,5238.1,571180.0,real_delta_india
2026-02-27T14:00:00+00:00,5237.9,5250.9,5232.3,5246.7,538137.0,real_delta_india
2026-02-27T14:30:00+00:00,5246.7,5248.4,5228.5,5237.1,378073.0,real_delta_india
2026-02-27T15:00:00+00:00,5236.9,5256.3,5231.6,5245.9,484965.0,real_delta_india
2026-02-27T15:30:00+00:00,5245.98,5263.2,5242.2,5255.0,554933.0,real_delta_india
2026-02-27T16:00:00+00:00,5255.0,5274.8,5238.5,5249.1,702720.0,real_delta_india
2026-02-27T16:30:00+00:00,5249.9,5253.5,5242.3,5244.2,326069.0,real_delta_india
2026-02-27T17:00:00+00:00,5243.7,5250.7,5238.2,5243.2,313226.0,real_delta_india
2026-02-27T17:30:00+00:00,5242.9,5250.1,5236.29,5247.0,222970.0,real_delta_india
2026-02-27T18:00:00+00:00,5247.1,5251.5,5236.2,5243.5,271885.0,real_delta_india
2026-02-27T18:30:00+00:00,5242.5,5259.3,5239.8,5258.7,273776.0,real_delta_india
2026-02-27T19:00:00+00:00,5259.0,5265.6,5254.0,5262.3,231026.0,real_delta_india
2026-02-27T19:30:00+00:00,5262.6,5267.0,5259.4,5266.6,86144.0,real_delta_india
2026-02-27T20:00:00+00:00,5265.9,5280.4,5264.4,5273.3,147297.0,real_delta_india
2026-02-27T20:30:00+00:00,5272.7,5287.0,5271.0,5280.9,80793.0,real_delta_india
2026-02-27T21:00:00+00:00,5280.7,5281.8,5274.7,5279.6,26094.0,real_delta_india
2026-02-27T21:30:00+00:00,5280.1,5294.8,5278.7,5293.8,87163.0,real_delta_india
2026-02-27T22:00:00+00:00,5293.3,5302.9,5291.86,5302.4,93498.0,real_delta_india
2026-02-27T22:30:00+00:00,5302.3,5304.0,5296.8,5297.1,49990.0,real_delta_india
2026-02-27T23:00:00+00:00,5297.0,5297.0,5290.6,5292.3,64422.0,real_delta_india
2026-02-27T23:30:00+00:00,5292.3,5293.0,5288.0,5288.0,40431.0,real_delta_india
2026-02-28T00:00:00+00:00,5288.0,5288.9,5282.4,5287.4,59407.0,real_delta_india
2026-02-28T00:30:00+00:00,5287.3,5290.1,5286.0,5289.9,46015.0,real_delta_india
2026-02-28T01:00:00+00:00,5289.9,5302.6,5289.9,5302.6,43979.0,real_delta_india
2026-02-28T01:30:00+00:00,5302.9,5303.6,5295.7,5299.5,66562.0,real_delta_india
2026-02-28T02:00:00+00:00,5299.6,5303.9,5299.0,5301.0,55256.0,real_delta_india
2026-02-28T02:30:00+00:00,5301.0,5302.0,5300.0,5300.4,43649.0,real_delta_india
2026-02-28T03:00:00+00:00,5300.4,5303.9,5299.8,5303.6,39065.0,real_delta_india
2026-02-28T03:30:00+00:00,5303.3,5303.7,5301.2,5303.4,59518.0,real_delta_india
2026-02-28T04:00:00+00:00,5303.9,5309.4,5302.6,5309.3,106190.0,real_delta_india
2026-02-28T04:30:00+00:00,5309.2,5311.2,5306.17,5309.6,105940.0,real_delta_india
2026-02-28T05:00:00+00:00,5309.6,5312.2,5307.1,5312.0,54352.0,real_delta_india
2026-02-28T05:30:00+00:00,5312.0,5315.6,5311.1,5315.4,125583.0,real_delta_india
2026-02-28T06:00:00+00:00,5315.9,5341.9,5311.1,5337.2,357159.0,real_delta_india
2026-02-28T06:30:00+00:00,5337.2,5368.7,5315.5,5346.3,806449.0,real_delta_india
2026-02-28T07:00:00+00:00,5346.5,5353.9,5331.3,5349.2,505768.0,real_delta_india
2026-02-28T07:30:00+00:00,5349.4,5371.9,5349.3,5368.2,502853.0,real_delta_india
2026-02-28T08:00:00+00:00,5368.3,5418.9,5366.2,5417.71,1178736.0,real_delta_india
2026-02-28T08:30:00+00:00,5417.7,5434.0,5393.9,5429.3,789335.0,real_delta_india
2026-02-28T09:00:00+00:00,5429.4,5492.7,5417.0,5487.8,1545612.0,real_delta_india
2026-02-28T09:30:00+00:00,5487.9,5578.8,5463.5,5513.9,3417316.0,real_delta_india
2026-02-28T10:00:00+00:00,5515.2,5541.3,5471.1,5478.2,1864332.0,real_delta_india
2026-02-28T10:30:00+00:00,5478.7,5522.1,5472.5,5499.7,1330707.0,real_delta_india
2026-02-28T11:00:00+00:00,5499.7,5506.9,5450.4,5466.0,1430942.0,real_delta_india
2026-02-28T11:30:00+00:00,5465.1,5472.0,5445.3,5457.9,736470.0,real_delta_india
2026-02-28T12:00:00+00:00,5461.0,5501.0,5452.62,5477.8,1173713.0,real_delta_india
2026-02-28T12:30:00+00:00,5477.8,5478.3,5414.9,5422.0,1204824.0,real_delta_india
2026-02-28T13:00:00+00:00,5421.69,5442.7,5411.0,5428.2,1335764.0,real_delta_india
2026-02-28T13:30:00+00:00,5428.3,5441.0,5380.9,5382.5,1323213.0,real_delta_india
2026-02-28T14:00:00+00:00,5384.2,5400.0,5375.3,5394.4,714864.0,real_delta_india
2026-02-28T14:30:00+00:00,5394.5,5397.0,5379.5,5395.8,430050.0,real_delta_india
2026-02-28T15:00:00+00:00,5395.8,5427.2,5394.2,5424.7,867159.0,real_delta_india
2026-02-28T15:30:00+00:00,5424.7,5427.8,5400.8,5401.7,552726.0,real_delta_india
2026-02-28T16:00:00+00:00,5404.0,5418.3,5389.7,5409.6,594000.0,real_delta_india
2026-02-28T16:30:00+00:00,5409.6,5438.7,5408.7,5424.5,735165.0,real_delta_india
2026-02-28T17:00:00+00:00,5424.5,5425.0,5406.5,5412.7,373219.0,real_delta_india
2026-02-28T17:30:00+00:00,5412.1,5436.7,5412.0,5432.3,344520.0,real_delta_india
2026-02-28T18:00:00+00:00,5433.6,5433.9,5422.6,5427.7,182028.0,real_delta_india
2026-02-28T18:30:00+00:00,5427.7,5430.0,5407.0,5419.9,394403.0,real_delta_india
2026-02-28T19:00:00+00:00,5419.9,5433.6,5417.6,5432.3,268154.0,real_delta_india
2026-02-28T19:30:00+00:00,5432.3,5432.4,5387.5,5396.0,447637.0,real_delta_india
2026-02-28T20:00:00+00:00,5396.6,5416.4,5377.5,5384.4,356067.0,real_delta_india
2026-02-28T20:30:00+00:00,5384.0,5387.9,5353.2,5360.4,403661.0,real_delta_india
2026-02-28T21:00:00+00:00,5360.4,5382.5,5360.4,5381.4,137004.0,real_delta_india
2026-02-28T21:30:00+00:00,5381.3,5401.39,5380.7,5388.7,126912.0,real_delta_india
2026-02-28T22:00:00+00:00,5388.6,5388.6,5376.2,5379.2,50475.0,real_delta_india
2026-02-28T22:30:00+00:00,5381.2,5386.7,5361.38,5380.5,52907.0,real_delta_india
2026-02-28T23:00:00+00:00,5381.5,5384.3,5379.1,5381.6,35029.0,real_delta_india
2026-02-28T23:30:00+00:00,5380.5,5380.8,5365.5,5366.99,45241.0,real_delta_india
2026-03-01T00:00:00+00:00,5367.6,5381.0,5362.3,5381.0,40871.0,real_delta_india
2026-03-01T00:30:00+00:00,5381.39,5388.2,5376.0,5380.4,74231.0,real_delta_india
2026-03-01T01:00:00+00:00,5380.5,5391.0,5371.85,5389.8,46687.0,real_delta_india
2026-03-01T01:30:00+00:00,5387.8,5387.9,5355.6,5355.6,159692.0,real_delta_india
2026-03-01T02:00:00+00:00,5355.6,5355.6,5334.9,5345.2,422949.0,real_delta_india
2026-03-01T02:30:00+00:00,5345.2,5347.1,5312.0,5325.0,462739.0,real_delta_india
2026-03-01T03:00:00+00:00,5325.0,5327.2,5284.9,5299.1,549404.0,real_delta_india
2026-03-01T03:30:00+00:00,5299.5,5328.8,5291.1,5327.6,365447.0,real_delta_india
2026-03-01T04:00:00+00:00,5327.6,5343.3,5319.8,5339.3,331024.0,real_delta_india
2026-03-01T04:30:00+00:00,5339.5,5351.0,5333.5,5339.6,347523.0,real_delta_india
2026-03-01T05:00:00+00:00,5339.5,5340.0,5330.0,5331.1,167133.0,real_delta_india
2026-03-01T05:30:00+00:00,5331.1,5349.3,5329.8,5348.7,272936.0,real_delta_india
2026-03-01T06:00:00+00:00,5349.12,5353.2,5345.2,5347.2,246360.0,real_delta_india
2026-03-01T06:30:00+00:00,5347.1,5366.1,5346.2,5354.5,369871.0,real_delta_india
2026-03-01T07:00:00+00:00,5354.6,5368.7,5350.1,5351.4,252462.0,real_delta_india
2026-03-01T07:30:00+00:00,5351.2,5356.5,5345.5,5348.0,218094.0,real_delta_india
2026-03-01T08:00:00+00:00,5348.0,5361.6,5348.0,5360.9,153071.0,real_delta_india
2026-03-01T08:30:00+00:00,5361.1,5366.7,5360.7,5366.6,217256.0,real_delta_india
2026-03-01T09:00:00+00:00,5366.5,5384.7,5366.5,5382.8,462670.0,real_delta_india
2026-03-01T09:30:00+00:00,5382.8,5394.5,5377.6,5385.2,593877.0,real_delta_india
2026-03-01T10:00:00+00:00,5385.1,5416.0,5384.1,5408.1,595099.0,real_delta_india
2026-03-01T10:30:00+00:00,5407.0,5408.9,5376.08,5386.8,479752.0,real_delta_india
2026-03-01T11:00:00+00:00,5386.7,5387.8,5374.8,5381.1,213839.0,real_delta_india
2026-03-01T11:30:00+00:00,5381.2,5384.7,5374.1,5379.2,183180.0,real_delta_india
2026-03-01T12:00:00+00:00,5381.64,5393.0,5380.8,5393.0,271091.0,real_delta_india
2026-03-01T12:30:00+00:00,5392.8,5404.7,5391.0,5397.6,464051.0,real_delta_india
2026-03-01T13:00:00+00:00,5397.6,5407.8,5392.7,5403.5,222229.0,real_delta_india
2026-03-01T13:30:00+00:00,5403.6,5406.9,5378.1,5378.7,399436.0,real_delta_india
2026-03-01T14:00:00+00:00,5378.0,5403.2,5375.1,5400.9,493828.0,real_delta_india
2026-03-01T14:30:00+00:00,5400.8,5407.9,5398.0,5400.2,213213.0,real_delta_india
2026-03-01T15:00:00+00:00,5400.8,5403.1,5387.3,5397.0,304223.0,real_delta_india
2026-03-01T15:30:00+00:00,5396.5,5409.4,5396.0,5409.4,109647.0,real_delta_india
2026-03-01T16:00:00+00:00,5410.0,5419.0,5378.41,5388.4,542016.0,real_delta_india
2026-03-01T16:30:00+00:00,5388.4,5396.1,5388.1,5396.0,313631.0,real_delta_india
2026-03-01T17:00:00+00:00,5396.0,5399.6,5394.4,5397.4,149448.0,real_delta_india
2026-03-01T17:30:00+00:00,5397.5,5401.4,5395.7,5400.6,119906.0,real_delta_india
2026-03-01T18:00:00+00:00,5400.6,5404.3,5397.2,5399.6,176932.0,real_delta_india
2026-03-01T18:30:00+00:00,5399.5,5400.9,5393.9,5400.2,154817.0,real_delta_india
2026-03-01T19:00:00+00:00,5400.1,5405.4,5394.5,5401.1,187153.0,real_delta_india
2026-03-01T19:30:00+00:00,5401.1,5403.2,5397.6,5401.3,56079.0,real_delta_india
2026-03-01T20:00:00+00:00,5403.42,5410.6,5397.8,5405.8,137511.0,real_delta_india
2026-03-01T20:30:00+00:00,5405.8,5427.9,5403.0,5419.5,253923.0,real_delta_india
2026-03-01T21:00:00+00:00,5419.6,5427.6,5415.4,5423.7,186568.0,real_delta_india
2026-03-01T21:30:00+00:00,5422.0,5433.0,5419.7,5427.3,97167.0,real_delta_india
2026-03-01T22:00:00+00:00,5426.5,5427.9,5405.6,5417.7,128625.0,real_delta_india
2026-03-01T22:30:00+00:00,5417.9,5424.38,5408.0,5424.38,68713.0,real_delta_india
2026-03-01T23:00:00+00:00,5427.82,5429.2,5378.7,5390.3,590982.0,real_delta_india
2026-03-01T23:30:00+00:00,5389.3,5432.7,5388.2,5429.7,310023.0,real_delta_india
2026-03-02T00:00:00+00:00,5430.6,5430.6,5390.4,5400.5,179931.0,real_delta_india
2026-03-02T00:30:00+00:00,5400.5,5407.9,5381.38,5386.8,139666.0,real_delta_india
2026-03-02T01:00:00+00:00,5385.0,5385.0,5339.6,5345.0,720655.0,real_delta_india
2026-03-02T01:30:00+00:00,5346.0,5373.9,5344.0,5361.5,214516.0,real_delta_india
2026-03-02T02:00:00+00:00,5361.2,5373.6,5352.0,5367.2,286247.0,real_delta_india
2026-03-02T02:30:00+00:00,5367.6,5387.5,5365.5,5383.1,305445.0,real_delta_india
2026-03-02T03:00:00+00:00,5383.7,5397.1,5381.9,5392.5,198691.0,real_delta_india
2026-03-02T03:30:00+00:00,5392.7,5407.7,5392.0,5407.6,209966.0,real_delta_india
2026-03-02T04:00:00+00:00,5406.9,5407.2,5392.7,5398.8,315623.0,real_delta_india
2026-03-02T04:30:00+00:00,5398.8,5398.8,5382.0,5390.7,247331.0,real_delta_india
2026-03-02T05:00:00+00:00,5390.22,5390.22,5376.2,5382.3,226176.0,real_delta_india
2026-03-02T05:30:00+00:00,5382.8,5399.7,5381.3,5399.6,212247.0,real_delta_india
2026-03-02T06:00:00+00:00,5399.6,5415.5,5395.76,5415.4,402698.0,real_delta_india
2026-03-02T06:30:00+00:00,5415.7,5422.8,5408.9,5421.7,225585.0,real_delta_india
2026-03-02T07:00:00+00:00,5421.1,5452.7,5418.9,5442.8,621000.0,real_delta_india
2026-03-02T07:30:00+00:00,5442.75,5448.0,5435.5,5441.0,596237.0,real_delta_india
2026-03-02T08:00:00+00:00,5441.3,5450.0,5436.16,5449.6,244000.0,real_delta_india
2026-03-02T08:30:00+00:00,5449.6,5450.7,5423.7,5425.5,356808.0,real_delta_india
2026-03-02T09:00:00+00:00,5425.4,5432.6,5420.7,5427.4,390894.0,real_delta_india
2026-03-02T09:30:00+00:00,5427.6,5435.3,5422.4,5428.1,191762.0,real_delta_india
2026-03-02T10:00:00+00:00,5427.8,5427.8,5412.1,5422.2,354931.0,real_delta_india
2026-03-02T10:30:00+00:00,5422.0,5432.9,5414.0,5421.1,330267.0,real_delta_india
2026-03-02T11:00:00+00:00,5421.15,5426.0,5414.0,5420.7,344736.0,real_delta_india
2026-03-02T11:30:00+00:00,5420.8,5428.3,5405.6,5413.6,465157.0,real_delta_india
2026-03-02T12:00:00+00:00,5414.3,5423.9,5409.4,5420.4,221172.0,real_delta_india
2026-03-02T12:30:00+00:00,5420.9,5424.0,5410.6,5422.0,197104.0,real_delta_india
2026-03-02T13:00:00+00:00,5421.4,5433.7,5408.5,5425.1,586091.0,real_delta_india
2026-03-02T13:30:00+00:00,5425.8,5438.1,5415.2,5419.4,461920.0,real_delta_india
2026-03-02T14:00:00+00:00,5418.1,5419.6,5327.3,5355.8,1417514.0,real_delta_india
2026-03-02T14:30:00+00:00,5355.8,5373.4,5328.75,5350.0,1019755.0,real_delta_india
2026-03-02T15:00:00+00:00,5348.0,5364.7,5329.0,5343.4,529033.0,real_delta_india
2026-03-02T15:30:00+00:00,5342.1,5360.2,5319.3,5327.8,507232.0,real_delta_india
2026-03-02T16:00:00+00:00,5327.3,5327.3,5274.0,5323.3,1283334.0,real_delta_india
2026-03-02T16:30:00+00:00,5322.1,5324.9,5295.9,5305.2,503978.0,real_delta_india
2026-03-02T17:00:00+00:00,5305.1,5329.7,5302.99,5322.5,358456.0,real_delta_india
2026-03-02T17:30:00+00:00,5322.6,5338.1,5318.2,5326.3,427588.0,real_delta_india
2026-03-02T18:00:00+00:00,5326.8,5327.0,5307.1,5316.3,384414.0,real_delta_india
2026-03-02T18:30:00+00:00,5317.0,5334.2,5310.2,5334.1,352829.0,real_delta_india
2026-03-02T19:00:00+00:00,5334.0,5346.7,5332.6,5343.2,386633.0,real_delta_india
2026-03-02T19:30:00+00:00,5343.2,5346.2,5335.8,5341.7,100245.0,real_delta_india
2026-03-02T20:00:00+00:00,5341.6,5358.9,5339.3,5347.6,192528.0,real_delta_india
2026-03-02T20:30:00+00:00,5348.0,5358.7,5344.9,5346.1,131264.0,real_delta_india
2026-03-02T21:00:00+00:00,5346.6,5352.2,5346.4,5347.1,31802.0,real_delta_india
2026-03-02T21:30:00+00:00,5347.1,5347.3,5334.3,5334.8,57740.0,real_delta_india
2026-03-02T22:00:00+00:00,5335.1,5343.2,5328.0,5336.5,97450.0,real_delta_india
2026-03-02T22:30:00+00:00,5336.5,5339.4,5330.0,5330.1,36228.0,real_delta_india
2026-03-02T23:00:00+00:00,5341.1,5356.07,5337.9,5348.5,63828.0,real_delta_india
2026-03-02T23:30:00+00:00,5348.5,5358.6,5344.0,5358.6,57885.0,real_delta_india
2026-03-03T00:00:00+00:00,5358.3,5382.6,5349.6,5379.6,207825.0,real_delta_india
2026-03-03T00:30:00+00:00,5379.6,5382.0,5361.38,5363.9,122356.0,real_delta_india
2026-03-03T01:00:00+00:00,5367.0,5391.2,5367.0,5390.1,223721.0,real_delta_india
2026-03-03T01:30:00+00:00,5390.0,5391.8,5353.9,5355.3,273892.0,real_delta_india
2026-03-03T02:00:00+00:00,5354.8,5371.7,5348.5,5371.4,238818.0,real_delta_india
2026-03-03T02:30:00+00:00,5370.9,5379.0,5368.8,5377.4,165930.0,real_delta_india
2026-03-03T03:00:00+00:00,5377.7,5381.8,5373.1,5375.9,190114.0,real_delta_india
2026-03-03T03:30:00+00:00,5375.6,5377.2,5362.8,5369.5,198135.0,real_delta_india
2026-03-03T04:00:00+00:00,5369.6,5376.5,5361.4,5374.93,330551.0,real_delta_india
2026-03-03T04:30:00+00:00,5374.93,5377.0,5366.0,5366.81,229202.0,real_delta_india
2026-03-03T05:00:00+00:00,5366.5,5372.9,5360.7,5364.1,279782.0,real_delta_india
2026-03-03T05:30:00+00:00,5364.2,5364.2,5315.7,5328.6,844623.0,real_delta_india
2026-03-03T06:00:00+00:00,5329.2,5333.3,5294.2,5327.5,645349.0,real_delta_india
2026-03-03T06:30:00+00:00,5327.5,5329.0,5300.9,5319.1,434554.0,real_delta_india
2026-03-03T07:00:00+00:00,5318.7,5332.9,5314.9,5326.1,334544.0,real_delta_india
2026-03-03T07:30:00+00:00,5327.0,5343.0,5325.6,5339.0,400488.0,real_delta_india
2026-03-03T08:00:00+00:00,5339.0,5347.2,5322.7,5323.62,514814.0,real_delta_india
2026-03-03T08:30:00+00:00,5323.6,5325.1,5303.1,5307.2,446321.0,real_delta_india
2026-03-03T09:00:00+00:00,5307.7,5315.0,5241.0,5255.9,1036290.0,real_delta_india
2026-03-03T09:30:00+00:00,5257.4,5290.0,5256.2,5286.8,550812.0,real_delta_india
2026-03-03T10:00:00+00:00,5287.2,5297.7,5275.9,5286.5,310131.0,real_delta_india
2026-03-03T10:30:00+00:00,5286.0,5286.0,5248.4,5259.2,705731.0,real_delta_india
2026-03-03T11:00:00+00:00,5257.8,5272.6,5146.7,5149.8,1628146.0,real_delta_india
2026-03-03T11:30:00+00:00,5150.4,5177.3,5098.7,5164.4,1899208.0,real_delta_india
2026-03-03T12:00:00+00:00,5164.0,5220.2,5159.5,5215.8,1117273.0,real_delta_india
2026-03-03T12:30:00+00:00,5215.7,5235.6,5199.9,5233.8,750738.0,real_delta_india
2026-03-03T13:00:00+00:00,5231.7,5232.0,5161.5,5191.3,1274097.0,real_delta_india
2026-03-03T13:30:00+00:00,5190.0,5199.0,5143.6,5169.3,871944.0,real_delta_india
2026-03-03T14:00:00+00:00,5168.7,5186.3,5140.1,5159.8,824158.0,real_delta_india
2026-03-03T14:30:00+00:00,5158.3,5158.4,5041.0,5063.6,2678172.0,real_delta_india
2026-03-03T15:00:00+00:00,5064.2,5095.0,5025.1,5069.0,1710413.0,real_delta_india
2026-03-03T15:30:00+00:00,5068.4,5111.4,5063.5,5109.7,1195199.0,real_delta_india
2026-03-03T16:00:00+00:00,5109.8,5139.5,5105.7,5128.8,1408545.0,real_delta_india
2026-03-03T16:30:00+00:00,5127.5,5147.0,5114.6,5122.4,780578.0,real_delta_india
2026-03-03T17:00:00+00:00,5122.6,5123.4,5095.6,5097.7,875630.0,real_delta_india
2026-03-03T17:30:00+00:00,5096.9,5102.0,5080.1,5094.5,806704.0,real_delta_india
2026-03-03T18:00:00+00:00,5093.9,5130.7,5093.6,5127.3,706393.0,real_delta_india
2026-03-03T18:30:00+00:00,5127.4,5154.5,5121.5,5150.2,857128.0,real_delta_india
2026-03-03T19:00:00+00:00,5150.8,5162.0,5114.8,5120.5,798989.0,real_delta_india
2026-03-03T19:30:00+00:00,5121.8,5141.5,5113.4,5127.1,364653.0,real_delta_india
2026-03-03T20:00:00+00:00,5127.9,5144.0,5126.9,5136.4,128280.0,real_delta_india
2026-03-03T20:30:00+00:00,5137.9,5139.8,5100.2,5112.5,337728.0,real_delta_india
2026-03-03T21:00:00+00:00,5110.1,5124.3,5106.1,5106.1,141818.0,real_delta_india
2026-03-03T21:30:00+00:00,5107.8,5110.0,5100.7,5105.6,55611.0,real_delta_india
2026-03-03T22:00:00+00:00,5106.6,5116.9,5106.6,5115.5,62086.0,real_delta_india
2026-03-03T22:30:00+00:00,5117.5,5125.0,5113.4,5120.4,21799.0,real_delta_india
2026-03-03T23:00:00+00:00,5121.4,5149.9,5109.3,5145.4,80057.0,real_delta_india
2026-03-03T23:30:00+00:00,5145.6,5148.0,5135.4,5141.6,70359.0,real_delta_india
2026-03-04T00:00:00+00:00,5141.6,5143.7,5122.9,5140.1,91313.0,real_delta_india
2026-03-04T00:30:00+00:00,5140.7,5152.2,5137.3,5150.0,87418.0,real_delta_india
2026-03-04T01:00:00+00:00,5151.39,5175.0,5151.39,5158.6,261107.0,real_delta_india
2026-03-04T01:30:00+00:00,5158.0,5189.6,5155.1,5186.3,266962.0,real_delta_india
2026-03-04T02:00:00+00:00,5186.4,5200.0,5180.4,5187.5,311520.0,real_delta_india
2026-03-04T02:30:00+00:00,5186.8,5191.7,5165.7,5168.1,390298.0,real_delta_india
2026-03-04T03:00:00+00:00,5166.8,5180.6,5153.8,5174.5,373070.0,real_delta_india
2026-03-04T03:30:00+00:00,5174.56,5186.8,5163.7,5184.9,221252.0,real_delta_india
2026-03-04T04:00:00+00:00,5185.0,5191.6,5175.0,5179.2,270489.0,real_delta_india
2026-03-04T04:30:00+00:00,5179.1,5181.6,5165.45,5167.8,305414.0,real_delta_india
2026-03-04T05:00:00+00:00,5167.8,5177.4,5164.0,5166.8,191066.0,real_delta_india
2026-03-04T05:30:00+00:00,5166.8,5178.5,5166.1,5172.3,179620.0,real_delta_india
2026-03-04T06:00:00+00:00,5171.5,5171.5,5136.9,5146.1,594878.0,real_delta_india
2026-03-04T06:30:00+00:00,5145.0,5170.26,5144.9,5170.26,400528.0,real_delta_india
2026-03-04T07:00:00+00:00,5170.1,5185.3,5169.4,5180.5,414512.0,real_delta_india
2026-03-04T07:30:00+00:00,5178.7,5187.0,5175.9,5180.0,169333.0,real_delta_india
2026-03-04T08:00:00+00:00,5179.7,5184.1,5161.3,5180.1,375505.0,real_delta_india
2026-03-04T08:30:00+00:00,5179.9,5194.2,5178.8,5180.3,533691.0,real_delta_india
2026-03-04T09:00:00+00:00,5180.8,5189.6,5172.7,5182.0,303010.0,real_delta_india
2026-03-04T09:30:00+00:00,5182.3,5196.1,5181.1,5193.0,281932.0,real_delta_india
2026-03-04T10:00:00+00:00,5193.5,5213.1,5193.2,5198.5,686348.0,real_delta_india
2026-03-04T10:30:00+00:00,5198.8,5204.8,5191.4,5200.8,313325.0,real_delta_india
2026-03-04T11:00:00+00:00,5200.8,5207.4,5199.0,5205.4,196156.0,real_delta_india
2026-03-04T11:30:00+00:00,5205.7,5210.8,5198.3,5202.8,245351.0,real_delta_india
2026-03-04T12:00:00+00:00,5204.3,5216.5,5184.5,5187.7,718358.0,real_delta_india
2026-03-04T12:30:00+00:00,5187.9,5188.0,5167.2,5180.2,604014.0,real_delta_india
2026-03-04T13:00:00+00:00,5180.99,5206.3,5180.8,5200.3,535213.0,real_delta_india
2026-03-04T13:30:00+00:00,5200.6,5200.7,5176.3,5176.4,365791.0,real_delta_india
2026-03-04T14:00:00+00:00,5176.8,5189.7,5170.8,5175.2,561454.0,real_delta_india
2026-03-04T14:30:00+00:00,5175.9,5193.6,5149.31,5156.3,864241.0,real_delta_india
2026-03-04T15:00:00+00:00,5155.0,5170.0,5139.0,5165.4,1105811.0,real_delta_india
2026-03-04T15:30:00+00:00,5166.8,5174.3,5143.8,5160.6,988412.0,real_delta_india
2026-03-04T16:00:00+00:00,5160.7,5169.2,5146.5,5155.1,601496.0,real_delta_india
2026-03-04T16:30:00+00:00,5155.0,5166.3,5151.9,5157.3,241111.0,real_delta_india
2026-03-04T17:00:00+00:00,5156.9,5161.4,5130.4,5142.6,427991.0,real_delta_india
2026-03-04T17:30:00+00:00,5143.3,5154.3,5138.4,5148.0,255600.0,real_delta_india
2026-03-04T18:00:00+00:00,5147.6,5149.8,5117.2,5129.3,500077.0,real_delta_india
2026-03-04T18:30:00+00:00,5128.8,5141.0,5116.87,5140.3,282273.0,real_delta_india
2026-03-04T19:00:00+00:00,5140.3,5142.9,5131.5,5131.8,120291.0,real_delta_india
2026-03-04T19:30:00+00:00,5131.38,5146.5,5130.0,5143.4,119909.0,real_delta_india
2026-03-04T20:00:00+00:00,5144.3,5147.1,5133.6,5146.47,99743.0,real_delta_india
2026-03-04T20:30:00+00:00,5146.7,5155.0,5142.7,5145.2,232163.0,real_delta_india
2026-03-04T21:00:00+00:00,5144.4,5153.5,5144.4,5152.9,47382.0,real_delta_india
2026-03-04T21:30:00+00:00,5153.0,5154.5,5142.9,5154.5,89762.0,real_delta_india
2026-03-04T22:00:00+00:00,5153.9,5157.2,5152.5,5157.2,51047.0,real_delta_india
2026-03-04T22:30:00+00:00,5157.2,5162.4,5153.7,5159.3,27895.0,real_delta_india
2026-03-04T23:00:00+00:00,5161.8,5169.4,5160.0,5166.9,82862.0,real_delta_india
2026-03-04T23:30:00+00:00,5167.5,5179.5,5162.3,5178.4,170130.0,real_delta_india
2026-03-05T00:00:00+00:00,5179.87,5189.7,5172.0,5183.8,143500.0,real_delta_india
2026-03-05T00:30:00+00:00,5182.0,5185.2,5175.3,5183.1,83736.0,real_delta_india
2026-03-05T01:00:00+00:00,5183.8,5197.8,5181.0,5187.1,113466.0,real_delta_india
2026-03-05T01:30:00+00:00,5186.8,5186.9,5176.9,5180.4,86860.0,real_delta_india
2026-03-05T02:00:00+00:00,5180.4,5196.0,5180.4,5192.5,130919.0,real_delta_india
2026-03-05T02:30:00+00:00,5192.4,5199.0,5182.4,5199.0,115179.0,real_delta_india
2026-03-05T03:00:00+00:00,5199.3,5201.6,5190.5,5191.4,123593.0,real_delta_india
2026-03-05T03:30:00+00:00,5191.5,5197.6,5187.1,5188.9,125240.0,real_delta_india
2026-03-05T04:00:00+00:00,5188.5,5192.9,5181.4,5184.2,186373.0,real_delta_india
2026-03-05T04:30:00+00:00,5184.1,5185.9,5172.9,5178.4,199656.0,real_delta_india
2026-03-05T05:00:00+00:00,5178.5,5183.3,5175.8,5179.3,138779.0,real_delta_india
2026-03-05T05:30:00+00:00,5180.0,5180.4,5155.2,5155.4,302308.0,real_delta_india
2026-03-05T06:00:00+00:00,5155.9,5162.2,5130.9,5152.2,514691.0,real_delta_india
2026-03-05T06:30:00+00:00,5152.2,5175.0,5150.0,5174.7,326094.0,real_delta_india
2026-03-05T07:00:00+00:00,5174.4,5179.9,5166.0,5174.9,243792.0,real_delta_india
2026-03-05T07:30:00+00:00,5174.6,5175.2,5166.8,5170.0,207970.0,real_delta_india
2026-03-05T08:00:00+00:00,5169.8,5170.0,5148.3,5154.5,356343.0,real_delta_india
2026-03-05T08:30:00+00:00,5155.0,5178.9,5154.7,5176.0,300561.0,real_delta_india
2026-03-05T09:00:00+00:00,5175.1,5191.4,5173.3,5179.8,367308.0,real_delta_india
2026-03-05T09:30:00+00:00,5179.8,5180.1,5164.6,5171.0,250675.0,real_delta_india
2026-03-05T10:00:00+00:00,5170.64,5170.64,5158.5,5167.7,353791.0,real_delta_india
2026-03-05T10:30:00+00:00,5167.7,5173.3,5157.9,5170.5,224945.0,real_delta_india
2026-03-05T11:00:00+00:00,5170.5,5173.4,5166.5,5168.7,172178.0,real_delta_india
2026-03-05T11:30:00+00:00,5168.7,5171.4,5163.1,5168.82,133690.0,real_delta_india
2026-03-05T12:00:00+00:00,5169.9,5177.7,5168.9,5169.5,246574.0,real_delta_india
2026-03-05T12:30:00+00:00,5169.2,5174.1,5166.7,5167.5,178506.0,real_delta_india
2026-03-05T13:00:00+00:00,5167.5,5168.5,5093.4,5128.6,1246283.0,real_delta_india
2026-03-05T13:30:00+00:00,5128.7,5143.1,5118.3,5126.5,646129.0,real_delta_india
2026-03-05T14:00:00+00:00,5126.3,5136.7,5111.5,5127.7,630722.0,real_delta_india
2026-03-05T14:30:00+00:00,5127.8,5131.5,5100.0,5110.3,568823.0,real_delta_india
2026-03-05T15:00:00+00:00,5111.2,5126.7,5071.38,5097.0,816543.0,real_delta_india
2026-03-05T15:30:00+00:00,5096.9,5115.0,5088.6,5114.5,569083.0,real_delta_india
2026-03-05T16:00:00+00:00,5114.5,5116.0,5073.43,5076.6,629216.0,real_delta_india
2026-03-05T16:30:00+00:00,5076.6,5092.0,5066.4,5089.5,348724.0,real_delta_india
2026-03-05T17:00:00+00:00,5089.6,5100.4,5086.3,5088.6,293112.0,real_delta_india
2026-03-05T17:30:00+00:00,5087.6,5088.6,5068.0,5074.0,380546.0,real_delta_india
2026-03-05T18:00:00+00:00,5074.0,5088.0,5062.4,5083.9,391866.0,real_delta_india
2026-03-05T18:30:00+00:00,5083.9,5097.1,5080.9,5081.6,311317.0,real_delta_india
2026-03-05T19:00:00+00:00,5081.6,5092.9,5076.0,5080.4,205784.0,real_delta_india
2026-03-05T19:30:00+00:00,5080.1,5083.1,5069.6,5079.5,181747.0,real_delta_india
2026-03-05T20:00:00+00:00,5080.7,5107.3,5077.1,5093.5,161293.0,real_delta_india
2026-03-05T20:30:00+00:00,5094.0,5095.3,5086.6,5089.6,42711.0,real_delta_india
2026-03-05T21:00:00+00:00,5089.2,5097.1,5087.2,5091.1,25202.0,real_delta_india
2026-03-05T21:30:00+00:00,5093.8,5096.0,5085.0,5094.7,19267.0,real_delta_india
2026-03-05T22:00:00+00:00,5095.8,5098.6,5092.9,5098.6,22283.0,real_delta_india
2026-03-05T22:30:00+00:00,5098.6,5100.7,5097.0,5100.5,26722.0,real_delta_india
2026-03-05T23:00:00+00:00,5101.17,5111.87,5095.4,5103.1,50876.0,real_delta_india
2026-03-05T23:30:00+00:00,5103.4,5111.3,5096.4,5097.2,74530.0,real_delta_india
2026-03-06T00:00:00+00:00,5097.2,5108.3,5087.3,5106.5,67364.0,real_delta_india
2026-03-06T00:30:00+00:00,5106.5,5107.4,5089.6,5097.0,51819.0,real_delta_india
2026-03-06T01:00:00+00:00,5094.9,5100.5,5079.7,5098.7,93362.0,real_delta_india
2026-03-06T01:30:00+00:00,5097.5,5149.43,5097.5,5141.6,379365.0,real_delta_india
2026-03-06T02:00:00+00:00,5141.1,5144.7,5133.1,5137.5,136458.0,real_delta_india
2026-03-06T02:30:00+00:00,5137.9,5139.8,5130.8,5135.6,119630.0,real_delta_india
2026-03-06T03:00:00+00:00,5135.0,5148.6,5133.5,5144.2,184592.0,real_delta_india
2026-03-06T03:30:00+00:00,5144.2,5145.7,5137.6,5139.0,125800.0,real_delta_india
2026-03-06T04:00:00+00:00,5139.0,5143.5,5135.2,5136.4,114368.0,real_delta_india
2026-03-06T04:30:00+00:00,5136.8,5141.2,5133.0,5133.2,219225.0,real_delta_india
2026-03-06T05:00:00+00:00,5133.6,5136.0,5128.46,5135.2,262096.0,real_delta_india
2026-03-06T05:30:00+00:00,5134.1,5134.6,5120.2,5122.8,401691.0,real_delta_india
2026-03-06T06:00:00+00:00,5123.4,5129.9,5116.6,5127.1,275088.0,real_delta_india
2026-03-06T06:30:00+00:00,5127.1,5128.6,5122.0,5122.5,155702.0,real_delta_india
2026-03-06T07:00:00+00:00,5122.3,5126.0,5112.0,5121.8,268700.0,real_delta_india
2026-03-06T07:30:00+00:00,5120.9,5127.0,5116.0,5126.4,200411.0,real_delta_india
2026-03-06T08:00:00+00:00,5126.4,5130.0,5108.9,5110.0,335627.0,real_delta_india
2026-03-06T08:30:00+00:00,5109.7,5121.8,5106.4,5117.1,318329.0,real_delta_india
2026-03-06T09:00:00+00:00,5117.0,5117.1,5100.2,5106.5,298877.0,real_delta_india
2026-03-06T09:30:00+00:00,5106.5,5111.1,5092.8,5095.3,331315.0,real_delta_india
2026-03-06T10:00:00+00:00,5095.5,5101.39,5087.7,5097.8,293792.0,real_delta_india
2026-03-06T10:30:00+00:00,5097.3,5103.0,5091.0,5100.2,294446.0,real_delta_india
2026-03-06T11:00:00+00:00,5101.0,5106.6,5089.9,5104.2,227277.0,real_delta_india
2026-03-06T11:30:00+00:00,5104.1,5108.3,5073.0,5086.3,509083.0,real_delta_india
2026-03-06T12:00:00+00:00,5086.8,5104.9,5085.9,5097.6,274457.0,real_delta_india
2026-03-06T12:30:00+00:00,5097.89,5104.8,5088.95,5089.9,240916.0,real_delta_india
2026-03-06T13:00:00+00:00,5089.9,5094.8,5073.57,5090.7,426433.0,real_delta_india
2026-03-06T13:30:00+00:00,5092.2,5136.1,5081.9,5092.6,1467874.0,real_delta_india
2026-03-06T14:00:00+00:00,5091.0,5115.5,5089.8,5111.2,656443.0,real_delta_india
2026-03-06T14:30:00+00:00,5110.5,5138.2,5092.77,5136.7,614866.0,real_delta_india
2026-03-06T15:00:00+00:00,5136.7,5178.6,5135.5,5170.1,1941100.0,real_delta_india
2026-03-06T15:30:00+00:00,5170.1,5173.8,5142.0,5149.9,768411.0,real_delta_india
2026-03-06T16:00:00+00:00,5149.7,5162.77,5143.7,5152.0,511898.0,real_delta_india
2026-03-06T16:30:00+00:00,5152.6,5158.4,5136.85,5150.8,556213.0,real_delta_india
2026-03-06T17:00:00+00:00,5150.8,5154.5,5139.7,5151.9,247471.0,real_delta_india
2026-03-06T17:30:00+00:00,5151.1,5160.9,5143.3,5149.9,487756.0,real_delta_india
2026-03-06T18:00:00+00:00,5150.0,5159.8,5148.9,5159.4,320690.0,real_delta_india
2026-03-06T18:30:00+00:00,5158.7,5175.8,5158.3,5169.9,465014.0,real_delta_india
2026-03-06T19:00:00+00:00,5170.5,5182.7,5169.3,5172.3,317390.0,real_delta_india
2026-03-06T19:30:00+00:00,5172.3,5175.0,5164.0,5167.4,202065.0,real_delta_india
2026-03-06T20:00:00+00:00,5167.5,5169.1,5160.4,5161.8,99496.0,real_delta_india
2026-03-06T20:30:00+00:00,5162.1,5167.4,5157.0,5160.7,109711.0,real_delta_india
2026-03-06T21:00:00+00:00,5161.1,5179.1,5161.1,5177.1,119974.0,real_delta_india
2026-03-06T21:30:00+00:00,5177.2,5182.78,5176.0,5179.7,64519.0,real_delta_india
2026-03-06T22:00:00+00:00,5180.6,5187.7,5180.6,5184.3,77774.0,real_delta_india
2026-03-06T22:30:00+00:00,5184.3,5184.3,5179.4,5179.9,40871.0,real_delta_india
2026-03-06T23:00:00+00:00,5179.6,5181.6,5177.6,5178.5,74782.0,real_delta_india
2026-03-06T23:30:00+00:00,5178.5,5180.4,5175.0,5180.4,63222.0,real_delta_india
2026-03-07T00:00:00+00:00,5180.4,5185.0,5176.5,5178.3,31985.0,real_delta_india
2026-03-07T00:30:00+00:00,5178.4,5185.0,5178.4,5181.9,42088.0,real_delta_india
2026-03-07T01:00:00+00:00,5182.2,5184.9,5181.0,5181.6,42391.0,real_delta_india
2026-03-07T01:30:00+00:00,5181.6,5182.54,5177.6,5177.9,83530.0,real_delta_india
2026-03-07T02:00:00+00:00,5177.6,5178.6,5171.6,5171.6,87678.0,real_delta_india
2026-03-07T02:30:00+00:00,5171.9,5172.0,5162.4,5163.6,154627.0,real_delta_india
2026-03-07T03:00:00+00:00,5163.0,5172.7,5160.1,5172.6,128942.0,real_delta_india
2026-03-07T03:30:00+00:00,5172.6,5174.6,5166.3,5170.0,98945.0,real_delta_india
2026-03-07T04:00:00+00:00,5170.3,5178.7,5169.5,5177.12,124700.0,real_delta_india
2026-03-07T04:30:00+00:00,5177.12,5177.12,5173.8,5174.8,74202.0,real_delta_india
2026-03-07T05:00:00+00:00,5174.8,5174.9,5172.8,5174.8,55389.0,real_delta_india
2026-03-07T05:30:00+00:00,5174.8,5179.6,5174.7,5179.5,106876.0,real_delta_india
2026-03-07T06:00:00+00:00,5179.6,5182.5,5176.9,5177.0,144913.0,real_delta_india
2026-03-07T06:30:00+00:00,5177.1,5179.3,5176.4,5178.4,77014.0,real_delta_india
2026-03-07T07:00:00+00:00,5178.4,5185.3,5178.4,5183.9,133470.0,real_delta_india
2026-03-07T07:30:00+00:00,5183.9,5184.2,5180.6,5181.0,121034.0,real_delta_india
2026-03-07T08:00:00+00:00,5180.6,5180.9,5176.6,5180.5,98865.0,real_delta_india
2026-03-07T08:30:00+00:00,5180.5,5181.7,5175.1,5175.5,111392.0,real_delta_india
2026-03-07T09:00:00+00:00,5175.4,5177.6,5173.5,5177.4,118518.0,real_delta_india
2026-03-07T09:30:00+00:00,5177.4,5178.8,5173.4,5174.7,71926.0,real_delta_india
2026-03-07T10:00:00+00:00,5174.7,5179.1,5173.7,5178.6,113980.0,real_delta_india
2026-03-07T10:30:00+00:00,5178.5,5180.87,5178.5,5179.8,92372.0,real_delta_india
2026-03-07T11:00:00+00:00,5179.9,5180.9,5177.0,5179.5,40302.0,real_delta_india
2026-03-07T11:30:00+00:00,5179.5,5181.1,5177.8,5180.4,46988.0,real_delta_india
2026-03-07T12:00:00+00:00,5180.4,5182.4,5179.2,5180.0,80415.0,real_delta_india
2026-03-07T12:30:00+00:00,5180.0,5180.4,5177.4,5177.4,41139.0,real_delta_india
2026-03-07T13:00:00+00:00,5177.4,5180.2,5174.2,5178.7,61317.0,real_delta_india
2026-03-07T13:30:00+00:00,5178.4,5179.2,5177.4,5179.1,29629.0,real_delta_india
2026-03-07T14:00:00+00:00,5179.1,5181.2,5177.0,5180.3,90583.0,real_delta_india
2026-03-07T14:30:00+00:00,5180.2,5181.0,5178.3,5179.7,48224.0,real_delta_india
2026-03-07T15:00:00+00:00,5179.8,5181.5,5178.0,5178.4,46145.0,real_delta_india
2026-03-07T15:30:00+00:00,5178.3,5180.0,5178.3,5179.9,34483.0,real_delta_india
2026-03-07T16:00:00+00:00,5180.0,5181.0,5179.7,5179.9,48468.0,real_delta_india
2026-03-07T16:30:00+00:00,5179.9,5187.7,5179.7,5185.2,129605.0,real_delta_india
2026-03-07T17:00:00+00:00,5185.1,5185.9,5183.2,5184.9,103144.0,real_delta_india
2026-03-07T17:30:00+00:00,5184.8,5184.9,5182.2,5182.3,50668.0,real_delta_india
2026-03-07T18:00:00+00:00,5182.3,5182.4,5178.1,5180.3,63676.0,real_delta_india
2026-03-07T18:30:00+00:00,5180.4,5180.9,5179.4,5180.59,36016.0,real_delta_india
2026-03-07T19:00:00+00:00,5180.6,5181.7,5177.3,5177.4,59163.0,real_delta_india
2026-03-07T19:30:00+00:00,5178.1,5183.8,5165.3,5166.8,142869.0,real_delta_india
2026-03-07T20:00:00+00:00,5166.8,5168.0,5166.2,5167.8,50458.0,real_delta_india
2026-03-07T20:30:00+00:00,5167.9,5170.9,5167.7,5170.5,25309.0,real_delta_india
2026-03-07T21:00:00+00:00,5170.6,5172.8,5170.4,5172.2,8172.0,real_delta_india
2026-03-07T21:30:00+00:00,5172.2,5173.1,5171.8,5173.0,10462.0,real_delta_india
2026-03-07T22:00:00+00:00,5173.0,5175.7,5172.6,5174.9,19979.0,real_delta_india
2026-03-07T22:30:00+00:00,5174.8,5174.9,5173.2,5173.4,4428.0,real_delta_india
2026-03-07T23:00:00+00:00,5173.4,5176.6,5168.0,5170.2,18439.0,real_delta_india
2026-03-07T23:30:00+00:00,5170.1,5173.5,5169.9,5171.2,18315.0,real_delta_india
2026-03-08T00:00:00+00:00,5171.2,5171.6,5169.1,5169.3,11897.0,real_delta_india
2026-03-08T00:30:00+00:00,5169.3,5171.7,5169.3,5170.9,29532.0,real_delta_india
2026-03-08T01:00:00+00:00,5170.8,5174.7,5168.8,5174.3,36425.0,real_delta_india
2026-03-08T01:30:00+00:00,5174.3,5176.5,5174.3,5175.2,23486.0,real_delta_india
2026-03-08T02:00:00+00:00,5175.2,5175.2,5174.0,5174.5,24831.0,real_delta_india
2026-03-08T02:30:00+00:00,5174.6,5175.5,5173.2,5174.2,31058.0,real_delta_india
2026-03-08T03:00:00+00:00,5174.1,5175.4,5173.5,5175.1,26967.0,real_delta_india
2026-03-08T03:30:00+00:00,5175.1,5175.5,5173.4,5175.5,24157.0,real_delta_india
2026-03-08T04:00:00+00:00,5175.5,5175.6,5173.6,5175.4,25040.0,real_delta_india
2026-03-08T04:30:00+00:00,5175.4,5176.1,5174.0,5174.1,30791.0,real_delta_india
2026-03-08T05:00:00+00:00,5174.1,5175.3,5173.3,5175.3,29766.0,real_delta_india
2026-03-08T05:30:00+00:00,5175.3,5176.1,5174.9,5175.9,24613.0,real_delta_india
2026-03-08T06:00:00+00:00,5176.1,5176.4,5174.7,5175.4,42553.0,real_delta_india
2026-03-08T06:30:00+00:00,5175.4,5176.2,5175.3,5176.1,14504.0,real_delta_india
2026-03-08T07:00:00+00:00,5176.1,5177.4,5176.1,5176.4,32981.0,real_delta_india
2026-03-08T07:30:00+00:00,5176.4,5177.0,5175.8,5176.9,13294.0,real_delta_india
2026-03-08T08:00:00+00:00,5177.0,5177.0,5176.0,5176.3,15185.0,real_delta_india
2026-03-08T08:30:00+00:00,5176.2,5177.0,5175.6,5175.9,14482.0,real_delta_india
2026-03-08T09:00:00+00:00,5175.9,5175.9,5175.3,5175.9,38083.0,real_delta_india
2026-03-08T09:30:00+00:00,5175.8,5176.0,5168.3,5169.5,116021.0,real_delta_india
2026-03-08T10:00:00+00:00,5169.6,5170.7,5168.5,5169.9,57017.0,real_delta_india
2026-03-08T10:30:00+00:00,5169.9,5170.0,5168.3,5169.0,41312.0,real_delta_india
2026-03-08T11:00:00+00:00,5169.2,5171.7,5168.0,5171.3,42028.0,real_delta_india
2026-03-08T11:30:00+00:00,5171.3,5174.0,5171.3,5173.9,26903.0,real_delta_india
2026-03-08T12:00:00+00:00,5173.8,5175.5,5173.7,5174.61,47528.0,real_delta_india
2026-03-08T12:30:00+00:00,5174.7,5174.8,5170.4,5170.8,50287.0,real_delta_india
2026-03-08T13:00:00+00:00,5170.8,5171.5,5170.4,5170.4,19431.0,real_delta_india
2026-03-08T13:30:00+00:00,5170.4,5172.4,5169.7,5172.3,25786.0,real_delta_india
2026-03-08T14:00:00+00:00,5172.4,5173.9,5172.0,5173.3,16290.0,real_delta_india
2026-03-08T14:30:00+00:00,5173.2,5175.0,5172.7,5175.0,24113.0,real_delta_india
2026-03-08T15:00:00+00:00,5175.0,5175.3,5171.0,5171.3,43118.0,real_delta_india
2026-03-08T15:30:00+00:00,5171.3,5172.3,5170.6,5171.5,14129.0,real_delta_india
2026-03-08T16:00:00+00:00,5174.9,5176.0,5170.2,5170.52,34859.0,real_delta_india
2026-03-08T16:30:00+00:00,5170.5,5171.4,5167.6,5169.5,34818.0,real_delta_india
2026-03-08T17:00:00+00:00,5169.4,5170.1,5165.0,5166.4,45410.0,real_delta_india
2026-03-08T17:30:00+00:00,5166.3,5166.7,5164.2,5165.4,94775.0,real_delta_india
2026-03-08T18:00:00+00:00,5165.4,5166.2,5162.0,5163.0,115667.0,real_delta_india
2026-03-08T18:30:00+00:00,5162.7,5163.8,5161.9,5163.2,48014.0,real_delta_india
2026-03-08T19:00:00+00:00,5163.1,5165.1,5162.5,5164.5,43226.0,real_delta_india
2026-03-08T19:30:00+00:00,5164.5,5169.2,5164.4,5167.9,48880.0,real_delta_india
2026-03-08T20:00:00+00:00,5168.4,5169.7,5168.3,5169.7,22729.0,real_delta_india
2026-03-08T20:30:00+00:00,5169.5,5171.4,5169.5,5170.1,28738.0,real_delta_india
2026-03-08T21:00:00+00:00,5170.2,5172.0,5165.0,5165.0,53470.0,real_delta_india
2026-03-08T21:30:00+00:00,5165.1,5165.1,5154.5,5162.2,108361.0,real_delta_india
2026-03-08T22:00:00+00:00,5164.0,5190.0,5130.5,5157.0,349860.0,real_delta_india
2026-03-08T22:30:00+00:00,5156.3,5162.8,5113.4,5136.7,217327.0,real_delta_india
2026-03-08T23:00:00+00:00,5137.5,5141.0,5104.1,5114.3,171831.0,real_delta_india
2026-03-08T23:30:00+00:00,5114.4,5114.4,5053.98,5084.0,280347.0,real_delta_india
2026-03-09T00:00:00+00:00,5080.6,5087.2,5037.9,5054.5,328205.0,real_delta_india
2026-03-09T00:30:00+00:00,5055.4,5070.3,5044.8,5060.4,83259.0,real_delta_india
2026-03-09T01:00:00+00:00,5057.0,5093.3,5027.0,5079.3,488547.0,real_delta_india
2026-03-09T01:30:00+00:00,5078.2,5092.3,5073.6,5078.0,207078.0,real_delta_india
2026-03-09T02:00:00+00:00,5076.6,5100.6,5065.1,5085.9,235142.0,real_delta_india
2026-03-09T02:30:00+00:00,5086.0,5107.1,5085.7,5104.0,173520.0,real_delta_india
2026-03-09T03:00:00+00:00,5104.2,5108.3,5093.2,5093.2,128583.0,real_delta_india
2026-03-09T03:30:00+00:00,5092.77,5099.9,5089.6,5098.0,119726.0,real_delta_india
2026-03-09T04:00:00+00:00,5098.0,5102.77,5094.9,5098.3,86291.0,real_delta_india
2026-03-09T04:30:00+00:00,5098.0,5100.9,5094.0,5097.8,91172.0,real_delta_india
2026-03-09T05:00:00+00:00,5095.8,5113.4,5090.4,5106.5,246555.0,real_delta_india
2026-03-09T05:30:00+00:00,5104.1,5148.3,5104.1,5133.1,456729.0,real_delta_india
2026-03-09T06:00:00+00:00,5133.9,5140.5,5128.3,5133.9,154143.0,real_delta_india
2026-03-09T06:30:00+00:00,5133.8,5136.4,5106.5,5108.5,213811.0,real_delta_india
2026-03-09T07:00:00+00:00,5107.1,5116.5,5099.6,5116.0,208379.0,real_delta_india
2026-03-09T07:30:00+00:00,5116.0,5117.1,5103.7,5108.4,192730.0,real_delta_india
2026-03-09T08:00:00+00:00,5108.5,5118.9,5100.0,5100.0,183260.0,real_delta_india
2026-03-09T08:30:00+00:00,5100.0,5110.1,5096.6,5104.7,168924.0,real_delta_india
2026-03-09T09:00:00+00:00,5104.1,5131.6,5104.0,5131.0,280125.0,real_delta_india
2026-03-09T09:30:00+00:00,5130.8,5138.1,5107.4,5114.7,227723.0,real_delta_india
2026-03-09T10:00:00+00:00,5114.6,5119.36,5107.8,5107.8,98314.0,real_delta_india
2026-03-09T10:30:00+00:00,5108.7,5108.7,5093.1,5097.4,323245.0,real_delta_india
2026-03-09T11:00:00+00:00,5097.1,5103.4,5086.5,5092.4,379277.0,real_delta_india
2026-03-09T11:30:00+00:00,5092.4,5101.0,5089.9,5094.8,349409.0,real_delta_india
2026-03-09T12:00:00+00:00,5094.9,5116.0,5094.9,5115.7,364242.0,real_delta_india
2026-03-09T12:30:00+00:00,5115.7,5118.4,5098.9,5100.6,450172.0,real_delta_india
2026-03-09T13:00:00+00:00,5101.7,5104.8,5091.8,5100.7,362935.0,real_delta_india
2026-03-09T13:30:00+00:00,5100.0,5116.1,5074.7,5081.1,760687.0,real_delta_india
2026-03-09T14:00:00+00:00,5080.4,5094.2,5069.2,5090.4,373268.0,real_delta_india
2026-03-09T14:30:00+00:00,5088.7,5120.9,5088.7,5101.1,755746.0,real_delta_india
2026-03-09T15:00:00+00:00,5100.9,5105.2,5087.7,5104.7,346795.0,real_delta_india
2026-03-09T15:30:00+00:00,5104.7,5107.3,5098.7,5105.0,207537.0,real_delta_india
2026-03-09T16:00:00+00:00,5104.9,5113.0,5099.2,5108.6,230182.0,real_delta_india
2026-03-09T16:30:00+00:00,5108.3,5114.4,5106.7,5108.5,340760.0,real_delta_india
2026-03-09T17:00:00+00:00,5108.5,5110.3,5095.7,5099.5,454655.0,real_delta_india
2026-03-09T17:30:00+00:00,5099.4,5104.1,5094.4,5101.1,275601.0,real_delta_india
2026-03-09T18:00:00+00:00,5100.8,5112.3,5098.0,5111.3,146205.0,real_delta_india
2026-03-09T18:30:00+00:00,5111.7,5129.2,5110.1,5127.3,351954.0,real_delta_india
2026-03-09T19:00:00+00:00,5127.0,5149.0,5121.9,5144.8,350206.0,real_delta_india
2026-03-09T19:30:00+00:00,5144.5,5145.5,5130.2,5144.4,188026.0,real_delta_india
2026-03-09T20:00:00+00:00,5144.0,5150.1,5136.26,5139.1,110486.0,real_delta_india
2026-03-09T20:30:00+00:00,5139.7,5141.7,5137.0,5140.0,17510.0,real_delta_india
2026-03-09T21:00:00+00:00,5140.2,5140.5,5136.26,5140.1,20179.0,real_delta_india
2026-03-09T21:30:00+00:00,5139.9,5142.7,5138.5,5139.1,95138.0,real_delta_india
2026-03-09T22:00:00+00:00,5143.0,5151.8,5123.3,5133.4,153046.0,real_delta_india
2026-03-09T22:30:00+00:00,5132.5,5153.9,5130.8,5152.8,58819.0,real_delta_india
2026-03-09T23:00:00+00:00,5153.9,5157.1,5140.9,5145.0,72901.0,real_delta_india
2026-03-09T23:30:00+00:00,5146.4,5150.1,5138.4,5141.4,49919.0,real_delta_india
2026-03-10T00:00:00+00:00,5142.0,5142.0,5132.5,5134.0,58536.0,real_delta_india
2026-03-10T00:30:00+00:00,5134.1,5140.0,5127.8,5131.9,50425.0,real_delta_india
2026-03-10T01:00:00+00:00,5131.4,5166.7,5128.3,5158.7,240867.0,real_delta_india
2026-03-10T01:30:00+00:00,5157.7,5183.3,5153.3,5181.7,234438.0,real_delta_india
2026-03-10T02:00:00+00:00,5183.0,5183.9,5169.7,5178.7,146692.0,real_delta_india
2026-03-10T02:30:00+00:00,5178.7,5183.9,5163.4,5165.0,170501.0,real_delta_india
2026-03-10T03:00:00+00:00,5165.2,5171.6,5161.8,5165.3,156346.0,real_delta_india
2026-03-10T03:30:00+00:00,5165.3,5166.0,5155.5,5157.4,114227.0,real_delta_india
2026-03-10T04:00:00+00:00,5157.4,5167.3,5154.9,5164.2,222516.0,real_delta_india
2026-03-10T04:30:00+00:00,5164.1,5167.3,5163.5,5165.1,62308.0,real_delta_india
2026-03-10T05:00:00+00:00,5165.7,5173.8,5165.5,5170.1,130747.0,real_delta_india
2026-03-10T05:30:00+00:00,5170.7,5178.6,5167.2,5176.98,163683.0,real_delta_india
2026-03-10T06:00:00+00:00,5177.3,5179.6,5171.7,5174.7,146799.0,real_delta_india
2026-03-10T06:30:00+00:00,5175.3,5177.6,5173.2,5173.9,139995.0,real_delta_india
2026-03-10T07:00:00+00:00,5173.9,5177.6,5158.6,5168.8,254574.0,real_delta_india
2026-03-10T07:30:00+00:00,5168.9,5180.0,5151.06,5179.6,177391.0,real_delta_india
2026-03-10T08:00:00+00:00,5179.6,5183.27,5173.7,5181.6,250583.0,real_delta_india
2026-03-10T08:30:00+00:00,5182.0,5192.5,5181.3,5181.6,474048.0,real_delta_india
2026-03-10T09:00:00+00:00,5181.7,5186.8,5179.6,5183.9,224720.0,real_delta_india
2026-03-10T09:30:00+00:00,5184.4,5185.7,5178.3,5178.7,126549.0,real_delta_india
2026-03-10T10:00:00+00:00,5178.3,5179.3,5169.3,5170.2,207918.0,real_delta_india
2026-03-10T10:30:00+00:00,5169.7,5177.8,5155.2,5177.7,385025.0,real_delta_india
2026-03-10T11:00:00+00:00,5177.8,5195.3,5177.2,5185.5,432199.0,real_delta_india
2026-03-10T11:30:00+00:00,5186.2,5187.4,5176.0,5177.8,182241.0,real_delta_india
2026-03-10T12:00:00+00:00,5177.3,5183.5,5167.4,5183.0,183804.0,real_delta_india
2026-03-10T12:30:00+00:00,5183.1,5189.6,5181.4,5186.7,300885.0,real_delta_india
2026-03-10T13:00:00+00:00,5187.0,5231.1,5186.4,5223.5,1025215.0,real_delta_india
2026-03-10T13:30:00+00:00,5223.3,5223.4,5199.5,5208.2,1132637.0,real_delta_india
2026-03-10T14:00:00+00:00,5211.29,5216.3,5189.3,5209.9,978058.0,real_delta_india
2026-03-10T14:30:00+00:00,5209.7,5216.3,5206.2,5209.5,420080.0,real_delta_india
2026-03-10T15:00:00+00:00,5209.7,5229.2,5206.0,5226.3,658682.0,real_delta_india
2026-03-10T15:30:00+00:00,5226.9,5238.4,5225.9,5227.9,653806.0,real_delta_india
2026-03-10T16:00:00+00:00,5228.3,5235.6,5223.0,5232.1,328385.0,real_delta_india
2026-03-10T16:30:00+00:00,5232.0,5234.6,5224.3,5225.4,418053.0,real_delta_india
2026-03-10T17:00:00+00:00,5225.5,5233.5,5222.7,5231.9,272248.0,real_delta_india
2026-03-10T17:30:00+00:00,5231.8,5233.1,5225.4,5226.3,135503.0,real_delta_india
2026-03-10T18:00:00+00:00,5226.3,5226.3,5161.4,5202.0,1604605.0,real_delta_india
2026-03-10T18:30:00+00:00,5201.9,5206.2,5188.1,5190.1,326503.0,real_delta_india
2026-03-10T19:00:00+00:00,5190.0,5205.5,5183.2,5199.0,338231.0,real_delta_india
2026-03-10T19:30:00+00:00,5198.9,5198.9,5180.0,5196.1,198713.0,real_delta_india
2026-03-10T20:00:00+00:00,5196.6,5197.1,5190.1,5193.2,28782.0,real_delta_india
2026-03-10T20:30:00+00:00,5193.0,5197.4,5191.7,5191.7,23735.0,real_delta_india
2026-03-10T21:00:00+00:00,5190.5,5195.2,5188.5,5194.8,26274.0,real_delta_india
2026-03-10T21:30:00+00:00,5194.8,5196.0,5191.9,5193.1,10551.0,real_delta_india
2026-03-10T22:00:00+00:00,5193.1,5196.2,5184.2,5192.5,27864.0,real_delta_india
2026-03-10T22:30:00+00:00,5190.5,5192.8,5185.9,5188.4,25964.0,real_delta_india
2026-03-10T23:00:00+00:00,5188.9,5194.9,5188.0,5192.2,16126.0,real_delta_india
2026-03-10T23:30:00+00:00,5193.8,5195.6,5187.5,5195.6,12860.0,real_delta_india
2026-03-11T00:00:00+00:00,5195.89,5214.7,5185.4,5211.0,134399.0,real_delta_india
2026-03-11T00:30:00+00:00,5211.1,5216.7,5204.6,5214.0,101778.0,real_delta_india
2026-03-11T01:00:00+00:00,5214.3,5220.0,5208.2,5212.2,70355.0,real_delta_india
2026-03-11T01:30:00+00:00,5212.8,5216.4,5207.1,5207.1,44534.0,real_delta_india
2026-03-11T02:00:00+00:00,5206.9,5207.0,5193.4,5202.5,128078.0,real_delta_india
2026-03-11T02:30:00+00:00,5202.9,5218.4,5200.1,5215.0,142307.0,real_delta_india
2026-03-11T03:00:00+00:00,5215.5,5217.7,5203.9,5204.2,254372.0,real_delta_india
2026-03-11T03:30:00+00:00,5203.3,5207.8,5198.8,5202.1,331946.0,real_delta_india
2026-03-11T04:00:00+00:00,5202.0,5206.9,5198.9,5206.6,160702.0,real_delta_india
2026-03-11T04:30:00+00:00,5206.5,5206.6,5200.8,5203.2,78505.0,real_delta_india
2026-03-11T05:00:00+00:00,5203.1,5206.7,5199.0,5199.5,140520.0,real_delta_india
2026-03-11T05:30:00+00:00,5198.73,5202.5,5189.5,5197.2,251277.0,real_delta_india
2026-03-11T06:00:00+00:00,5197.2,5207.1,5194.38,5203.6,183429.0,real_delta_india
2026-03-11T06:30:00+00:00,5203.6,5203.7,5190.5,5195.0,228584.0,real_delta_india
2026-03-11T07:00:00+00:00,5194.0,5199.4,5192.3,5194.6,76711.0,real_delta_india
2026-03-11T07:30:00+00:00,5195.0,5195.8,5183.6,5192.5,286187.0,real_delta_india
2026-03-11T08:00:00+00:00,5192.2,5196.6,5179.4,5184.1,355300.0,real_delta_india
2026-03-11T08:30:00+00:00,5183.6,5186.0,5174.4,5185.8,231395.0,real_delta_india
2026-03-11T09:00:00+00:00,5185.0,5187.3,5177.6,5184.6,156652.0,real_delta_india
2026-03-11T09:30:00+00:00,5184.6,5194.0,5184.3,5185.9,156621.0,real_delta_india
2026-03-11T10:00:00+00:00,5185.3,5192.8,5183.5,5189.6,139973.0,real_delta_india
2026-03-11T10:30:00+00:00,5190.4,5190.4,5175.9,5185.1,311132.0,real_delta_india
2026-03-11T11:00:00+00:00,5184.9,5191.2,5177.7,5178.8,125601.0,real_delta_india
2026-03-11T11:30:00+00:00,5178.5,5187.0,5173.9,5178.5,159624.0,real_delta_india
2026-03-11T12:00:00+00:00,5177.3,5195.1,5175.1,5190.9,259514.0,real_delta_india
2026-03-11T12:30:00+00:00,5191.4,5196.7,5164.5,5166.5,649367.0,real_delta_india
2026-03-11T13:00:00+00:00,5165.9,5181.3,5161.0,5178.9,359646.0,real_delta_india
2026-03-11T13:30:00+00:00,5176.7,5176.7,5148.0,5174.5,581261.0,real_delta_india
2026-03-11T14:00:00+00:00,5174.4,5192.5,5172.3,5191.8,523526.0,real_delta_india
2026-03-11T14:30:00+00:00,5191.8,5192.9,5174.0,5180.5,521066.0,real_delta_india
2026-03-11T15:00:00+00:00,5180.5,5182.5,5167.7,5170.8,502188.0,real_delta_india
2026-03-11T15:30:00+00:00,5171.0,5173.7,5162.6,5166.1,269712.0,real_delta_india
2026-03-11T16:00:00+00:00,5166.0,5170.9,5163.5,5165.6,248893.0,real_delta_india
2026-03-11T16:30:00+00:00,5165.1,5175.9,5164.9,5173.4,287138.0,real_delta_india
2026-03-11T17:00:00+00:00,5173.4,5178.4,5168.5,5169.5,212867.0,real_delta_india
2026-03-11T17:30:00+00:00,5169.5,5169.9,5154.4,5167.4,303050.0,real_delta_india
2026-03-11T18:00:00+00:00,5167.9,5175.7,5167.3,5175.7,173743.0,real_delta_india
2026-03-11T18:30:00+00:00,5175.4,5176.1,5168.7,5170.9,298828.0,real_delta_india
2026-03-11T19:00:00+00:00,5170.8,5175.7,5167.8,5175.3,51666.0,real_delta_india
2026-03-11T19:30:00+00:00,5175.2,5181.9,5173.9,5181.4,111001.0,real_delta_india
2026-03-11T20:00:00+00:00,5181.4,5181.4,5173.6,5176.4,71504.0,real_delta_india
2026-03-11T20:30:00+00:00,5176.3,5176.4,5174.0,5174.0,33996.0,real_delta_india
2026-03-11T21:00:00+00:00,5175.2,5176.1,5173.9,5174.3,9569.0,real_delta_india
2026-03-11T21:30:00+00:00,5174.3,5176.1,5171.5,5171.7,10123.0,real_delta_india
2026-03-11T22:00:00+00:00,5174.5,5180.0,5164.4,5165.0,68473.0,real_delta_india
2026-03-11T22:30:00+00:00,5167.3,5167.4,5133.2,5142.3,233764.0,real_delta_india
2026-03-11T23:00:00+00:00,5143.9,5154.3,5143.7,5153.7,32386.0,real_delta_india
2026-03-11T23:30:00+00:00,5153.8,5154.9,5133.1,5133.3,34045.0,real_delta_india
2026-03-12T00:00:00+00:00,5133.3,5153.6,5125.5,5148.9,150537.0,real_delta_india
2026-03-12T00:30:00+00:00,5148.5,5156.3,5145.9,5148.0,46493.0,real_delta_india
2026-03-12T01:00:00+00:00,5148.0,5160.8,5148.0,5151.5,59427.0,real_delta_india
2026-03-12T01:30:00+00:00,5153.1,5167.1,5151.2,5163.9,88194.0,real_delta_india
2026-03-12T02:00:00+00:00,5163.9,5169.0,5161.8,5162.0,87817.0,real_delta_india
2026-03-12T02:30:00+00:00,5162.6,5165.7,5142.5,5147.0,185991.0,real_delta_india
2026-03-12T03:00:00+00:00,5147.0,5150.9,5143.3,5148.0,85473.0,real_delta_india
2026-03-12T03:30:00+00:00,5148.0,5150.3,5144.7,5149.1,62506.0,real_delta_india
2026-03-12T04:00:00+00:00,5149.6,5149.66,5146.0,5147.5,42089.0,real_delta_india
2026-03-12T04:30:00+00:00,5147.5,5147.6,5137.4,5138.7,270780.0,real_delta_india
2026-03-12T05:00:00+00:00,5138.7,5145.0,5134.0,5138.3,243235.0,real_delta_india
2026-03-12T05:30:00+00:00,5138.6,5152.5,5137.5,5150.3,233258.0,real_delta_india
2026-03-12T06:00:00+00:00,5151.0,5152.3,5143.5,5151.5,180617.0,real_delta_india
2026-03-12T06:30:00+00:00,5151.6,5165.6,5151.5,5162.2,476101.0,real_delta_india
2026-03-12T07:00:00+00:00,5161.7,5166.3,5160.3,5166.1,170330.0,real_delta_india
2026-03-12T07:30:00+00:00,5166.1,5180.83,5164.7,5178.7,384873.0,real_delta_india
2026-03-12T08:00:00+00:00,5178.7,5185.9,5174.3,5174.3,283952.0,real_delta_india
2026-03-12T08:30:00+00:00,5174.3,5178.6,5172.8,5175.5,87505.0,real_delta_india
2026-03-12T09:00:00+00:00,5175.69,5177.4,5171.3,5177.4,114897.0,real_delta_india
2026-03-12T09:30:00+00:00,5177.0,5186.2,5176.9,5184.6,234590.0,real_delta_india
2026-03-12T10:00:00+00:00,5184.2,5187.2,5176.9,5176.9,253574.0,real_delta_india
2026-03-12T10:30:00+00:00,5176.9,5179.0,5172.2,5177.2,155715.0,real_delta_india
2026-03-12T11:00:00+00:00,5177.4,5178.7,5169.2,5172.1,185651.0,real_delta_india
2026-03-12T11:30:00+00:00,5172.1,5175.9,5171.5,5173.8,113273.0,real_delta_india
2026-03-12T12:00:00+00:00,5174.07,5175.2,5160.6,5170.0,391546.0,real_delta_india
2026-03-12T12:30:00+00:00,5170.0,5180.8,5165.7,5176.5,267456.0,real_delta_india
2026-03-12T13:00:00+00:00,5176.5,5181.5,5157.5,5168.9,529676.0,real_delta_india
2026-03-12T13:30:00+00:00,5168.7,5168.7,5145.0,5149.8,587695.0,real_delta_india
2026-03-12T14:00:00+00:00,5149.8,5160.9,5149.1,5150.9,278452.0,real_delta_india
2026-03-12T14:30:00+00:00,5150.9,5152.0,5137.5,5143.0,505660.0,real_delta_india
2026-03-12T15:00:00+00:00,5142.6,5143.7,5110.5,5130.1,779289.0,real_delta_india
2026-03-12T15:30:00+00:00,5130.1,5136.0,5119.5,5131.8,433693.0,real_delta_india
2026-03-12T16:00:00+00:00,5131.9,5138.3,5122.9,5132.4,334881.0,real_delta_india
2026-03-12T16:30:00+00:00,5132.5,5138.65,5124.4,5126.1,206121.0,real_delta_india
2026-03-12T17:00:00+00:00,5125.9,5131.7,5116.5,5121.1,340614.0,real_delta_india
2026-03-12T17:30:00+00:00,5120.8,5122.0,5105.9,5108.89,509800.0,real_delta_india
2026-03-12T18:00:00+00:00,5108.89,5115.2,5104.6,5107.7,291166.0,real_delta_india
2026-03-12T18:30:00+00:00,5108.1,5108.1,5094.5,5098.5,426482.0,real_delta_india
2026-03-12T19:00:00+00:00,5098.4,5100.6,5084.6,5098.5,337746.0,real_delta_india
2026-03-12T19:30:00+00:00,5098.5,5100.8,5088.5,5091.4,124023.0,real_delta_india
2026-03-12T20:00:00+00:00,5091.2,5097.2,5081.1,5081.1,146697.0,real_delta_india
2026-03-12T20:30:00+00:00,5081.2,5090.3,5065.4,5089.3,254556.0,real_delta_india
2026-03-12T21:00:00+00:00,5089.9,5098.5,5089.9,5096.6,29890.0,real_delta_india
2026-03-12T21:30:00+00:00,5096.7,5103.6,5096.6,5099.3,42582.0,real_delta_india
2026-03-12T22:00:00+00:00,5098.31,5101.3,5085.6,5100.1,64930.0,real_delta_india
2026-03-12T22:30:00+00:00,5099.8,5104.5,5094.3,5104.4,50446.0,real_delta_india
2026-03-12T23:00:00+00:00,5104.8,5107.2,5099.3,5104.5,125329.0,real_delta_india
2026-03-12T23:30:00+00:00,5103.4,5109.9,5102.4,5107.6,44651.0,real_delta_india
2026-03-13T00:00:00+00:00,5107.38,5116.71,5106.79,5112.5,92854.0,real_delta_india
2026-03-13T00:30:00+00:00,5112.4,5117.5,5111.5,5116.6,91835.0,real_delta_india
2026-03-13T01:00:00+00:00,5117.7,5123.4,5117.3,5121.7,142233.0,real_delta_india
2026-03-13T01:30:00+00:00,5121.7,5125.0,5111.4,5125.0,114713.0,real_delta_india
2026-03-13T02:00:00+00:00,5125.32,5129.5,5117.5,5123.0,140941.0,real_delta_india
2026-03-13T02:30:00+00:00,5123.1,5123.5,5111.9,5113.4,87580.0,real_delta_india
2026-03-13T03:00:00+00:00,5113.0,5116.4,5109.0,5111.2,162842.0,real_delta_india
2026-03-13T03:30:00+00:00,5110.7,5116.5,5106.6,5116.2,137861.0,real_delta_india
2026-03-13T04:00:00+00:00,5116.2,5118.0,5103.6,5104.5,143160.0,real_delta_india
2026-03-13T04:30:00+00:00,5105.0,5106.0,5102.2,5103.8,120392.0,real_delta_india
2026-03-13T05:00:00+00:00,5103.8,5108.0,5102.4,5104.5,115072.0,real_delta_india
2026-03-13T05:30:00+00:00,5104.5,5109.3,5097.5,5101.4,176840.0,real_delta_india
2026-03-13T06:00:00+00:00,5102.0,5106.4,5088.2,5094.2,250520.0,real_delta_india
2026-03-13T06:30:00+00:00,5094.1,5096.7,5085.2,5087.0,232102.0,real_delta_india
2026-03-13T07:00:00+00:00,5087.5,5093.0,5073.2,5084.1,510827.0,real_delta_india
2026-03-13T07:30:00+00:00,5084.1,5091.7,5082.0,5084.9,208526.0,real_delta_india
2026-03-13T08:00:00+00:00,5083.6,5083.9,5063.2,5072.1,560430.0,real_delta_india
2026-03-13T08:30:00+00:00,5072.0,5086.9,5071.8,5085.9,286425.0,real_delta_india
2026-03-13T09:00:00+00:00,5086.3,5095.9,5082.9,5090.3,350205.0,real_delta_india
2026-03-13T09:30:00+00:00,5090.3,5091.6,5081.6,5088.5,197851.0,real_delta_india
2026-03-13T10:00:00+00:00,5088.4,5093.6,5084.8,5087.3,161763.0,real_delta_india
2026-03-13T10:30:00+00:00,5087.1,5094.9,5078.9,5092.3,250148.0,real_delta_india
2026-03-13T11:00:00+00:00,5092.4,5094.2,5083.6,5091.7,117329.0,real_delta_india
2026-03-13T11:30:00+00:00,5091.8,5103.28,5089.2,5103.28,223829.0,real_delta_india
2026-03-13T12:00:00+00:00,5103.8,5114.6,5101.0,5110.1,640189.0,real_delta_india
2026-03-13T12:30:00+00:00,5110.8,5117.3,5105.0,5113.4,359362.0,real_delta_india
2026-03-13T13:00:00+00:00,5113.5,5116.6,5103.3,5104.2,248449.0,real_delta_india
2026-03-13T13:30:00+00:00,5104.0,5111.5,5092.42,5097.3,546115.0,real_delta_india
2026-03-13T14:00:00+00:00,5097.4,5103.1,5078.54,5085.6,545255.0,real_delta_india
2026-03-13T14:30:00+00:00,5085.5,5087.0,5035.9,5041.0,1144122.0,real_delta_india
2026-03-13T15:00:00+00:00,5040.4,5069.2,5038.0,5063.0,572687.0,real_delta_india
2026-03-13T15:30:00+00:00,5062.8,5066.3,5030.6,5036.5,797362.0,real_delta_india
2026-03-13T16:00:00+00:00,5036.0,5044.1,5021.2,5043.0,873977.0,real_delta_india
2026-03-13T16:30:00+00:00,5042.9,5052.1,5042.4,5047.4,392541.0,real_delta_india
2026-03-13T17:00:00+00:00,5047.4,5062.2,5045.0,5058.7,462465.0,real_delta_india
2026-03-13T17:30:00+00:00,5058.6,5066.0,5042.4,5045.1,444997.0,real_delta_india
2026-03-13T18:00:00+00:00,5045.3,5050.6,5037.3,5042.0,304697.0,real_delta_india
2026-03-13T18:30:00+00:00,5042.2,5048.8,5041.4,5046.5,201034.0,real_delta_india
2026-03-13T19:00:00+00:00,5047.74,5049.6,5035.1,5037.1,141273.0,real_delta_india
2026-03-13T19:30:00+00:00,5037.1,5038.4,5009.2,5019.7,330646.0,real_delta_india
2026-03-13T20:00:00+00:00,5019.6,5024.0,5015.0,5015.8,124841.0,real_delta_india
2026-03-13T20:30:00+00:00,5015.3,5024.9,5015.0,5017.6,69946.0,real_delta_india
2026-03-13T21:00:00+00:00,5017.6,5020.2,5010.4,5012.7,72307.0,real_delta_india
2026-03-13T21:30:00+00:00,5012.7,5019.1,5011.2,5019.0,24095.0,real_delta_india
2026-03-13T22:00:00+00:00,5019.0,5022.8,5016.5,5022.7,26138.0,real_delta_india
2026-03-13T22:30:00+00:00,5023.0,5026.0,5022.2,5025.9,21205.0,real_delta_india
2026-03-13T23:00:00+00:00,5025.9,5030.6,5025.74,5025.9,25931.0,real_delta_india
2026-03-13T23:30:00+00:00,5026.0,5028.0,5024.8,5027.3,68481.0,real_delta_india
2026-03-14T00:00:00+00:00,5027.3,5035.2,5026.7,5035.2,45991.0,real_delta_india
2026-03-14T00:30:00+00:00,5035.1,5039.1,5035.0,5039.0,17870.0,real_delta_india
2026-03-14T01:00:00+00:00,5039.0,5039.1,5032.8,5035.2,72930.0,real_delta_india
2026-03-14T01:30:00+00:00,5035.2,5035.4,5031.3,5033.6,80343.0,real_delta_india
2026-03-14T02:00:00+00:00,5033.5,5033.8,5028.3,5028.8,41564.0,real_delta_india
2026-03-14T02:30:00+00:00,5028.7,5033.2,5028.7,5031.9,23170.0,real_delta_india
2026-03-14T03:00:00+00:00,5031.9,5033.1,5029.0,5029.9,111128.0,real_delta_india
2026-03-14T03:30:00+00:00,5030.0,5032.1,5029.1,5030.3,61737.0,real_delta_india
2026-03-14T04:00:00+00:00,5030.8,5045.87,5029.5,5041.8,101434.0,real_delta_india
2026-03-14T04:30:00+00:00,5041.8,5042.0,5035.7,5035.8,57795.0,real_delta_india
2026-03-14T05:00:00+00:00,5035.9,5036.5,5034.4,5035.1,49304.0,real_delta_india
2026-03-14T05:30:00+00:00,5035.2,5035.3,5035.0,5035.2,14936.0,real_delta_india
2026-03-14T06:00:00+00:00,5035.3,5037.9,5033.6,5033.9,26964.0,real_delta_india
2026-03-14T06:30:00+00:00,5033.8,5035.9,5031.4,5032.09,38687.0,real_delta_india
2026-03-14T07:00:00+00:00,5032.0,5032.3,5029.6,5029.9,81306.0,real_delta_india
2026-03-14T07:30:00+00:00,5029.9,5030.0,5029.2,5029.5,50055.0,real_delta_india
2026-03-14T08:00:00+00:00,5029.5,5032.0,5029.5,5030.7,49215.0,real_delta_india
2026-03-14T08:30:00+00:00,5030.7,5033.6,5030.4,5032.9,64288.0,real_delta_india
2026-03-14T09:00:00+00:00,5032.9,5032.9,5032.0,5032.6,26271.0,real_delta_india
2026-03-14T09:30:00+00:00,5032.0,5032.0,5029.5,5029.6,42483.0,real_delta_india
2026-03-14T10:00:00+00:00,5029.6,5029.7,5028.3,5028.4,23681.0,real_delta_india
2026-03-14T10:30:00+00:00,5028.5,5028.5,5027.1,5028.5,18233.0,real_delta_india
2026-03-14T11:00:00+00:00,5028.5,5029.7,5026.5,5026.6,26684.0,real_delta_india
2026-03-14T11:30:00+00:00,5026.6,5028.3,5025.9,5027.5,68226.0,real_delta_india
2026-03-14T12:00:00+00:00,5027.6,5028.6,5025.0,5025.7,55790.0,real_delta_india
2026-03-14T12:30:00+00:00,5025.7,5027.1,5025.5,5027.0,29493.0,real_delta_india
2026-03-14T13:00:00+00:00,5026.9,5027.3,5023.4,5023.9,32396.0,real_delta_india
2026-03-14T13:30:00+00:00,5024.0,5025.9,5023.6,5025.9,36647.0,real_delta_india
2026-03-14T14:00:00+00:00,5025.9,5026.5,5025.3,5025.4,23508.0,real_delta_india
2026-03-14T14:30:00+00:00,5025.6,5025.6,5024.1,5024.2,20256.0,real_delta_india
2026-03-14T15:00:00+00:00,5024.2,5029.2,5024.2,5028.8,42799.0,real_delta_india
2026-03-14T15:30:00+00:00,5028.7,5028.8,5026.67,5028.2,27267.0,real_delta_india
2026-03-14T16:00:00+00:00,5027.7,5027.7,5021.5,5022.0,43076.0,real_delta_india
2026-03-14T16:30:00+00:00,5022.0,5023.6,5021.1,5021.3,48341.0,real_delta_india
2026-03-14T17:00:00+00:00,5021.4,5023.1,5021.2,5023.1,15271.0,real_delta_india
2026-03-14T17:30:00+00:00,5023.0,5024.4,5023.0,5023.7,16114.0,real_delta_india
2026-03-14T18:00:00+00:00,5023.7,5024.1,5023.0,5023.0,13522.0,real_delta_india
2026-03-14T18:30:00+00:00,5023.1,5024.1,5023.1,5023.4,6655.0,real_delta_india
2026-03-14T19:00:00+00:00,5023.4,5025.5,5021.9,5025.5,13446.0,real_delta_india
2026-03-14T19:30:00+00:00,5025.5,5025.8,5025.4,5025.5,9043.0,real_delta_india
2026-03-14T20:00:00+00:00,5025.4,5025.5,5021.5,5021.5,8447.0,real_delta_india
2026-03-14T20:30:00+00:00,5021.6,5021.6,5018.2,5019.4,42713.0,real_delta_india
2026-03-14T21:00:00+00:00,5019.3,5020.7,5019.1,5020.3,5374.0,real_delta_india
2026-03-14T21:30:00+00:00,5020.2,5020.8,5019.4,5020.5,3115.0,real_delta_india
2026-03-14T22:00:00+00:00,5020.6,5020.8,5018.7,5020.1,3461.0,real_delta_india
2026-03-14T22:30:00+00:00,5020.1,5020.1,5018.0,5018.0,1986.0,real_delta_india
2026-03-14T23:00:00+00:00,5017.8,5020.4,5017.8,5019.3,15668.0,real_delta_india
2026-03-14T23:30:00+00:00,5019.3,5019.3,5018.3,5019.1,7363.0,real_delta_india
2026-03-15T00:00:00+00:00,5019.2,5022.3,5018.5,5022.3,9001.0,real_delta_india
2026-03-15T00:30:00+00:00,5022.3,5022.3,5019.7,5019.8,3241.0,real_delta_india
2026-03-15T01:00:00+00:00,5019.8,5019.8,5018.0,5018.2,6915.0,real_delta_india
2026-03-15T01:30:00+00:00,5018.2,5020.1,5017.9,5019.2,10413.0,real_delta_india
2026-03-15T02:00:00+00:00,5019.1,5019.4,5017.6,5018.0,4995.0,real_delta_india
2026-03-15T02:30:00+00:00,5018.0,5019.9,5017.6,5019.9,14700.0,real_delta_india
2026-03-15T03:00:00+00:00,5019.9,5020.1,5019.7,5019.8,16608.0,real_delta_india
2026-03-15T03:30:00+00:00,5019.9,5020.9,5019.8,5020.5,8913.0,real_delta_india
2026-03-15T04:00:00+00:00,5020.5,5021.6,5019.3,5019.6,18987.0,real_delta_india
2026-03-15T04:30:00+00:00,5019.6,5019.7,5018.6,5019.6,16537.0,real_delta_india
2026-03-15T05:00:00+00:00,5019.7,5019.7,5016.3,5016.4,30311.0,real_delta_india
2026-03-15T05:30:00+00:00,5016.5,5018.0,5016.0,5016.1,49123.0,real_delta_india
2026-03-15T06:00:00+00:00,5016.0,5016.5,5014.3,5014.3,73872.0,real_delta_india
2026-03-15T06:30:00+00:00,5014.3,5014.4,5012.3,5012.3,58855.0,real_delta_india
2026-03-15T07:00:00+00:00,5012.34,5013.2,5012.2,5012.7,36956.0,real_delta_india
2026-03-15T07:30:00+00:00,5012.8,5013.1,5012.0,5012.3,39648.0,real_delta_india
2026-03-15T08:00:00+00:00,5012.4,5015.6,5012.4,5015.6,35339.0,real_delta_india
2026-03-15T08:30:00+00:00,5015.6,5015.6,5013.1,5013.2,16593.0,real_delta_india
2026-03-15T09:00:00+00:00,5013.3,5013.3,5009.2,5009.9,88915.0,real_delta_india
2026-03-15T09:30:00+00:00,5010.0,5010.0,5005.3,5005.6,217858.0,real_delta_india
2026-03-15T10:00:00+00:00,5005.65,5005.9,5003.3,5003.6,118824.0,real_delta_india
2026-03-15T10:30:00+00:00,5003.6,5009.7,5003.4,5009.0,58994.0,real_delta_india
2026-03-15T11:00:00+00:00,5009.0,5013.7,5008.8,5013.0,77720.0,real_delta_india
2026-03-15T11:30:00+00:00,5012.9,5013.3,5011.4,5013.1,28150.0,real_delta_india
2026-03-15T12:00:00+00:00,5013.0,5013.5,5008.7,5009.2,43778.0,real_delta_india
2026-03-15T12:30:00+00:00,5009.2,5009.7,5005.7,5006.9,33885.0,real_delta_india
2026-03-15T13:00:00+00:00,5007.1,5008.9,5004.3,5008.7,59448.0,real_delta_india
2026-03-15T13:30:00+00:00,5009.0,5009.4,5005.6,5006.2,36327.0,real_delta_india
2026-03-15T14:00:00+00:00,5006.3,5008.9,5005.8,5008.9,43236.0,real_delta_india
2026-03-15T14:30:00+00:00,5008.9,5008.9,5003.3,5004.5,36034.0,real_delta_india
2026-03-15T15:00:00+00:00,5004.5,5004.7,5001.2,5001.7,94741.0,real_delta_india
2026-03-15T15:30:00+00:00,5001.6,5001.8,4998.1,4998.3,159918.0,real_delta_india
2026-03-15T16:00:00+00:00,4998.3,4999.1,4991.1,4991.6,137397.0,real_delta_india
2026-03-15T16:30:00+00:00,4991.6,4993.8,4989.5,4990.0,143817.0,real_delta_india
2026-03-15T17:00:00+00:00,4990.0,4994.6,4988.2,4994.0,160694.0,real_delta_india
2026-03-15T17:30:00+00:00,4994.3,4995.2,4991.6,4993.6,104350.0,real_delta_india
2026-03-15T18:00:00+00:00,4993.6,4993.6,4990.2,4992.3,65256.0,real_delta_india
2026-03-15T18:30:00+00:00,4992.3,4992.4,4988.98,4989.0,42189.0,real_delta_india
2026-03-15T19:00:00+00:00,4989.0,4989.0,4986.3,4986.7,54695.0,real_delta_india
2026-03-15T19:30:00+00:00,4986.7,4993.4,4985.0,4993.4,64749.0,real_delta_india
2026-03-15T20:00:00+00:00,4992.7,4993.1,4985.0,4992.6,63600.0,real_delta_india
2026-03-15T20:30:00+00:00,4993.1,4997.5,4992.3,4994.6,76487.0,real_delta_india
2026-03-15T21:00:00+00:00,4994.0,4996.0,4992.6,4995.1,25016.0,real_delta_india
2026-03-15T21:30:00+00:00,4995.6,4999.0,4995.6,4998.8,36779.0,real_delta_india
2026-03-15T22:00:00+00:00,4999.6,5021.4,4991.0,5008.5,357679.0,real_delta_india
2026-03-15T22:30:00+00:00,5008.3,5023.7,5007.2,5022.6,90149.0,real_delta_india
2026-03-15T23:00:00+00:00,5022.0,5024.1,4957.4,4982.6,335101.0,real_delta_india
2026-03-15T23:30:00+00:00,4982.5,4987.5,4965.1,4987.5,170046.0,real_delta_india
2026-03-16T00:00:00+00:00,4987.5,5017.5,4986.7,5007.9,242532.0,real_delta_india
2026-03-16T00:30:00+00:00,5008.3,5022.3,5007.08,5019.1,94429.0,real_delta_india
2026-03-16T01:00:00+00:00,5018.5,5018.5,4978.0,4982.4,274025.0,real_delta_india
2026-03-16T01:30:00+00:00,4981.9,5006.0,4977.0,5006.0,123944.0,real_delta_india
2026-03-16T02:00:00+00:00,5006.0,5008.1,4999.7,5003.0,71266.0,real_delta_india
2026-03-16T02:30:00+00:00,5002.4,5003.6,4988.7,4993.7,115132.0,real_delta_india
2026-03-16T03:00:00+00:00,4993.3,5000.0,4988.6,5000.0,84128.0,real_delta_india
2026-03-16T03:30:00+00:00,5000.2,5009.2,5000.0,5008.1,201261.0,real_delta_india
2026-03-16T04:00:00+00:00,5008.1,5014.5,5008.1,5010.0,147155.0,real_delta_india
2026-03-16T04:30:00+00:00,5010.3,5015.3,5001.5,5002.4,143292.0,real_delta_india
2026-03-16T05:00:00+00:00,5002.3,5005.0,4998.1,5001.1,175100.0,real_delta_india
2026-03-16T05:30:00+00:00,5000.7,5008.5,4994.1,5006.6,222685.0,real_delta_india
2026-03-16T06:00:00+00:00,5006.6,5028.3,5002.8,5018.7,449792.0,real_delta_india
2026-03-16T06:30:00+00:00,5018.6,5020.3,4999.1,5005.9,260510.0,real_delta_india
2026-03-16T07:00:00+00:00,5005.8,5008.8,4993.0,4996.8,302091.0,real_delta_india
2026-03-16T07:30:00+00:00,4996.9,5000.5,4984.5,4987.6,470605.0,real_delta_india
2026-03-16T08:00:00+00:00,4989.3,4995.7,4980.0,4987.0,302904.0,real_delta_india
2026-03-16T08:30:00+00:00,4986.9,4989.1,4976.4,4981.5,259133.0,real_delta_india
2026-03-16T09:00:00+00:00,4981.3,4981.59,4967.4,4978.4,286736.0,real_delta_india
2026-03-16T09:30:00+00:00,4978.3,4980.3,4962.0,4965.0,248856.0,real_delta_india
2026-03-16T10:00:00+00:00,4965.0,4981.0,4960.6,4976.0,369556.0,real_delta_india
2026-03-16T10:30:00+00:00,4976.4,4989.0,4971.4,4988.6,279849.0,real_delta_india
2026-03-16T11:00:00+00:00,4988.8,5011.1,4985.2,5008.0,474055.0,real_delta_india
2026-03-16T11:30:00+00:00,5008.0,5009.9,4985.3,4988.2,374470.0,real_delta_india
2026-03-16T12:00:00+00:00,4988.1,5015.9,4985.6,5013.1,476886.0,real_delta_india
2026-03-16T12:30:00+00:00,5013.1,5016.1,5003.7,5010.3,358228.0,real_delta_india
2026-03-16T13:00:00+00:00,5010.4,5020.6,5004.6,5012.7,323017.0,real_delta_india
2026-03-16T13:30:00+00:00,5012.0,5024.9,5009.6,5019.6,441327.0,real_delta_india
2026-03-16T14:00:00+00:00,5020.0,5028.5,5005.5,5005.5,554067.0,real_delta_india
2026-03-16T14:30:00+00:00,5005.5,5005.5,4978.1,4986.6,778906.0,real_delta_india
2026-03-16T15:00:00+00:00,4986.8,4996.2,4975.0,4982.1,652381.0,real_delta_india
2026-03-16T15:30:00+00:00,4982.6,4993.1,4973.5,4976.2,515543.0,real_delta_india
2026-03-16T16:00:00+00:00,4976.2,4989.2,4969.0,4970.6,528281.0,real_delta_india
2026-03-16T16:30:00+00:00,4971.3,4984.4,4966.3,4981.5,413663.0,real_delta_india
2026-03-16T17:00:00+00:00,4981.65,4994.1,4981.65,4986.5,349468.0,real_delta_india
2026-03-16T17:30:00+00:00,4986.5,4986.9,4976.1,4982.8,286806.0,real_delta_india
2026-03-16T18:00:00+00:00,4982.8,4998.28,4982.8,4996.8,280506.0,real_delta_india
2026-03-16T18:30:00+00:00,4997.0,5007.89,4996.7,5002.5,237440.0,real_delta_india
2026-03-16T19:00:00+00:00,5002.5,5010.0,4998.8,5000.8,187067.0,real_delta_india
2026-03-16T19:30:00+00:00,4999.8,5004.5,4997.6,5001.9,95156.0,real_delta_india
2026-03-16T20:00:00+00:00,5002.8,5010.1,4998.0,5004.2,60163.0,real_delta_india
2026-03-16T20:30:00+00:00,5003.5,5003.5,4996.2,4996.6,51700.0,real_delta_india
2026-03-16T21:00:00+00:00,4996.0,4996.1,4981.89,4985.6,59561.0,real_delta_india
2026-03-16T21:30:00+00:00,4985.8,4988.6,4977.16,4988.6,49773.0,real_delta_india
2026-03-16T22:00:00+00:00,4990.0,5002.16,4987.16,4989.0,46066.0,real_delta_india
2026-03-16T22:30:00+00:00,4987.5,4992.8,4986.9,4987.6,21919.0,real_delta_india
2026-03-16T23:00:00+00:00,4987.6,4996.3,4987.6,4995.4,91904.0,real_delta_india
2026-03-16T23:30:00+00:00,4995.4,5000.9,4992.2,4998.7,22947.0,real_delta_india
2026-03-17T00:00:00+00:00,4999.1,4999.1,4985.6,4988.8,51154.0,real_delta_india
2026-03-17T00:30:00+00:00,4989.1,4992.0,4984.2,4987.8,46097.0,real_delta_india
2026-03-17T01:00:00+00:00,4986.5,4997.7,4980.5,4996.9,58261.0,real_delta_india
2026-03-17T01:30:00+00:00,4996.7,5011.4,4995.1,5011.4,123424.0,real_delta_india
2026-03-17T02:00:00+00:00,5011.4,5011.7,5003.3,5008.1,71133.0,real_delta_india
2026-03-17T02:30:00+00:00,5008.1,5011.5,5005.2,5005.4,72726.0,real_delta_india
2026-03-17T03:00:00+00:00,5005.3,5015.3,5004.0,5014.9,94002.0,real_delta_india
2026-03-17T03:30:00+00:00,5014.9,5017.06,5008.3,5009.4,120610.0,real_delta_india
2026-03-17T04:00:00+00:00,5009.5,5018.6,5009.4,5018.6,120421.0,real_delta_india
2026-03-17T04:30:00+00:00,5018.0,5025.8,5016.0,5022.5,175625.0,real_delta_india
2026-03-17T05:00:00+00:00,5022.4,5029.1,5016.9,5021.0,223516.0,real_delta_india
2026-03-17T05:30:00+00:00,5021.2,5024.3,5006.9,5007.2,262297.0,real_delta_india
2026-03-17T06:00:00+00:00,5007.4,5009.1,4994.0,4999.9,316272.0,real_delta_india
2026-03-17T06:30:00+00:00,4999.4,5005.0,4997.9,4998.7,191054.0,real_delta_india
2026-03-17T07:00:00+00:00,4998.8,5007.2,4998.2,5005.2,168153.0,real_delta_india
2026-03-17T07:30:00+00:00,5005.17,5015.3,5005.17,5009.3,255929.0,real_delta_india
2026-03-17T08:00:00+00:00,5009.2,5016.9,5008.1,5009.7,118099.0,real_delta_india
2026-03-17T08:30:00+00:00,5009.9,5013.4,5007.5,5012.9,126255.0,real_delta_india
2026-03-17T09:00:00+00:00,5012.8,5013.6,5001.8,5008.0,129306.0,real_delta_india
2026-03-17T09:30:00+00:00,5007.8,5007.8,5000.3,5000.3,127607.0,real_delta_india
2026-03-17T10:00:00+00:00,5000.23,5004.9,4991.4,4993.0,329945.0,real_delta_india
2026-03-17T10:30:00+00:00,4993.3,4998.2,4983.0,4991.1,236999.0,real_delta_india
2026-03-17T11:00:00+00:00,4990.8,5000.4,4988.0,4997.6,176721.0,real_delta_india
2026-03-17T11:30:00+00:00,4997.6,5001.8,4992.8,4993.9,142057.0,real_delta_india
2026-03-17T12:00:00+00:00,4993.7,5010.1,4990.4,5009.7,245430.0,real_delta_india
2026-03-17T12:30:00+00:00,5009.6,5013.56,5001.0,5003.8,290737.0,real_delta_india
2026-03-17T13:00:00+00:00,5003.0,5010.3,5002.1,5003.8,194555.0,real_delta_india
2026-03-17T13:30:00+00:00,5005.2,5021.1,4997.8,5007.7,550911.0,real_delta_india
2026-03-17T14:00:00+00:00,5007.6,5011.1,4999.9,5001.0,197000.0,real_delta_india
2026-03-17T14:30:00+00:00,5000.9,5010.8,4995.5,5000.1,444004.0,real_delta_india
2026-03-17T15:00:00+00:00,5000.2,5009.2,4988.2,4989.0,446652.0,real_delta_india
2026-03-17T15:30:00+00:00,4989.0,4993.8,4968.6,4989.9,856477.0,real_delta_india
2026-03-17T16:00:00+00:00,4990.0,4995.8,4984.3,4995.7,474540.0,real_delta_india
2026-03-17T16:30:00+00:00,4995.6,4996.9,4989.0,4992.8,276157.0,real_delta_india
2026-03-17T17:00:00+00:00,4992.4,4998.9,4992.0,4993.6,211876.0,real_delta_india
2026-03-17T17:30:00+00:00,4993.7,4996.2,4987.3,4992.0,240281.0,real_delta_india
2026-03-17T18:00:00+00:00,4992.5,4997.7,4991.1,4994.6,131539.0,real_delta_india
2026-03-17T18:30:00+00:00,4993.9,4997.4,4989.9,4994.3,77087.0,real_delta_india
2026-03-17T19:00:00+00:00,4994.0,4995.3,4989.5,4990.4,67563.0,real_delta_india
2026-03-17T19:30:00+00:00,4990.5,4993.5,4987.5,4991.0,61650.0,real_delta_india
2026-03-17T20:00:00+00:00,4991.0,4996.2,4991.0,4994.6,17808.0,real_delta_india
2026-03-17T20:30:00+00:00,4994.9,4995.6,4991.9,4995.4,36450.0,real_delta_india
2026-03-17T21:00:00+00:00,4995.4,4996.3,4989.6,4991.5,11466.0,real_delta_india
2026-03-17T21:30:00+00:00,4991.4,4994.6,4990.7,4994.5,12737.0,real_delta_india
2026-03-17T22:00:00+00:00,4992.7,4994.4,4988.3,4991.3,12953.0,real_delta_india
2026-03-17T22:30:00+00:00,4989.7,4992.4,4984.9,4990.0,42211.0,real_delta_india
2026-03-17T23:00:00+00:00,4990.5,4992.2,4988.5,4989.7,26312.0,real_delta_india
2026-03-17T23:30:00+00:00,4989.7,4991.8,4989.7,4991.4,18223.0,real_delta_india
2026-03-18T00:00:00+00:00,4991.3,5002.9,4990.6,4993.0,107301.0,real_delta_india
2026-03-18T00:30:00+00:00,4992.7,4997.4,4990.3,4993.8,40128.0,real_delta_india
2026-03-18T01:00:00+00:00,4992.16,5005.7,4988.6,4998.9,70389.0,real_delta_india
2026-03-18T01:30:00+00:00,4998.8,4999.3,4982.0,4989.5,132282.0,real_delta_india
2026-03-18T02:00:00+00:00,4989.6,4996.7,4986.9,4992.1,63514.0,real_delta_india
2026-03-18T02:30:00+00:00,4992.4,4993.8,4981.1,4983.1,119652.0,real_delta_india
2026-03-18T03:00:00+00:00,4983.2,4987.8,4977.5,4986.6,111949.0,real_delta_india
2026-03-18T03:30:00+00:00,4986.6,4987.2,4979.9,4982.4,63749.0,real_delta_india
2026-03-18T04:00:00+00:00,4982.3,4983.5,4980.0,4980.7,80295.0,real_delta_india
2026-03-18T04:30:00+00:00,4980.7,4980.8,4972.0,4977.2,208124.0,real_delta_india
2026-03-18T05:00:00+00:00,4977.3,4982.4,4975.6,4980.7,122543.0,real_delta_india
2026-03-18T05:30:00+00:00,4981.1,4990.6,4978.1,4986.4,258999.0,real_delta_india
2026-03-18T06:00:00+00:00,4986.5,4998.7,4986.5,4997.0,218581.0,real_delta_india
2026-03-18T06:30:00+00:00,4996.9,5003.7,4996.9,4997.8,295577.0,real_delta_india
2026-03-18T07:00:00+00:00,4997.95,5002.9,4995.2,4998.1,216653.0,real_delta_india
2026-03-18T07:30:00+00:00,4998.2,4998.3,4981.2,4985.9,404890.0,real_delta_india
2026-03-18T08:00:00+00:00,4985.8,4987.7,4975.4,4980.3,284955.0,real_delta_india
2026-03-18T08:30:00+00:00,4980.4,4982.9,4970.6,4978.1,272299.0,real_delta_india
2026-03-18T09:00:00+00:00,4978.1,4985.8,4976.4,4983.3,206658.0,real_delta_india
2026-03-18T09:30:00+00:00,4983.3,4985.1,4981.6,4982.5,99181.0,real_delta_india
2026-03-18T10:00:00+00:00,4982.5,4982.5,4972.4,4974.3,185188.0,real_delta_india
2026-03-18T10:30:00+00:00,4974.2,4977.6,4951.0,4959.6,851446.0,real_delta_india
2026-03-18T11:00:00+00:00,4959.6,4964.7,4938.0,4939.6,930771.0,real_delta_india
2026-03-18T11:30:00+00:00,4939.5,4951.7,4917.7,4923.4,916167.0,real_delta_india
2026-03-18T12:00:00+00:00,4922.1,4924.5,4888.2,4894.6,1319677.0,real_delta_india
2026-03-18T12:30:00+00:00,4894.6,4894.6,4863.6,4873.4,1255517.0,real_delta_india
2026-03-18T13:00:00+00:00,4872.7,4872.7,4827.2,4855.7,1694505.0,real_delta_india
2026-03-18T13:30:00+00:00,4855.5,4879.8,4846.8,4871.6,911748.0,real_delta_india
2026-03-18T14:00:00+00:00,4871.6,4888.8,4846.7,4850.2,1207371.0,real_delta_india
2026-03-18T14:30:00+00:00,4849.5,4860.2,4845.7,4857.5,594582.0,real_delta_india
2026-03-18T15:00:00+00:00,4857.7,4868.8,4852.2,4861.3,553845.0,real_delta_india
2026-03-18T15:30:00+00:00,4861.3,4864.9,4850.8,4852.5,312991.0,real_delta_india
2026-03-18T16:00:00+00:00,4852.4,4872.6,4850.5,4872.0,465894.0,real_delta_india
2026-03-18T16:30:00+00:00,4871.7,4880.0,4864.1,4877.6,474954.0,real_delta_india
2026-03-18T17:00:00+00:00,4877.6,4886.9,4874.1,4881.3,353370.0,real_delta_india
2026-03-18T17:30:00+00:00,4881.3,4888.7,4877.4,4880.2,366029.0,real_delta_india
2026-03-18T18:00:00+00:00,4880.2,4889.5,4867.6,4876.2,764283.0,real_delta_india
2026-03-18T18:30:00+00:00,4875.7,4878.0,4842.3,4842.4,608908.0,real_delta_india
2026-03-18T19:00:00+00:00,4842.6,4854.3,4834.0,4838.7,448133.0,real_delta_india
2026-03-18T19:30:00+00:00,4839.9,4849.5,4828.73,4832.6,291198.0,real_delta_india
2026-03-18T20:00:00+00:00,4832.3,4837.3,4798.1,4800.4,646261.0,real_delta_india
2026-03-18T20:30:00+00:00,4799.9,4818.27,4798.0,4811.1,199994.0,real_delta_india
2026-03-18T21:00:00+00:00,4812.9,4817.26,4803.7,4804.7,53685.0,real_delta_india
2026-03-18T21:30:00+00:00,4804.5,4810.6,4797.0,4810.0,112323.0,real_delta_india
2026-03-18T22:00:00+00:00,4811.83,4822.6,4797.25,4807.01,163781.0,real_delta_india
2026-03-18T22:30:00+00:00,4806.4,4826.8,4801.0,4820.3,95935.0,real_delta_india
2026-03-18T23:00:00+00:00,4823.0,4828.6,4818.0,4825.4,71572.0,real_delta_india
2026-03-18T23:30:00+00:00,4824.7,4830.8,4820.2,4825.9,88798.0,real_delta_india
2026-03-19T00:00:00+00:00,4825.2,4835.7,4825.2,4832.5,89160.0,real_delta_india
2026-03-19T00:30:00+00:00,4834.0,4838.5,4828.2,4832.0,90891.0,real_delta_india
2026-03-19T01:00:00+00:00,4830.7,4841.7,4822.6,4833.7,115682.0,real_delta_india
2026-03-19T01:30:00+00:00,4833.8,4853.3,4832.0,4839.3,283990.0,real_delta_india
2026-03-19T02:00:00+00:00,4839.3,4846.5,4829.9,4844.9,201100.0,real_delta_india
2026-03-19T02:30:00+00:00,4844.9,4848.6,4839.9,4845.4,103554.0,real_delta_india
2026-03-19T03:00:00+00:00,4846.1,4852.3,4843.7,4848.1,220982.0,real_delta_india
2026-03-19T03:30:00+00:00,4847.9,4847.9,4837.5,4838.1,149795.0,real_delta_india
2026-03-19T04:00:00+00:00,4838.0,4841.8,4834.4,4837.92,229114.0,real_delta_india
2026-03-19T04:30:00+00:00,4837.92,4840.4,4833.3,4837.4,150857.0,real_delta_india
2026-03-19T05:00:00+00:00,4837.4,4842.7,4834.0,4834.6,161384.0,real_delta_india
2026-03-19T05:30:00+00:00,4834.4,4834.4,4816.5,4816.5,628610.0,real_delta_india
2026-03-19T06:00:00+00:00,4816.76,4830.3,4800.4,4800.9,505027.0,real_delta_india
2026-03-19T06:30:00+00:00,4800.7,4806.1,4735.1,4752.9,1705099.0,real_delta_india
2026-03-19T07:00:00+00:00,4753.2,4769.9,4745.0,4756.5,634707.0,real_delta_india
2026-03-19T07:30:00+00:00,4756.1,4758.8,4715.61,4715.7,853310.0,real_delta_india
2026-03-19T08:00:00+00:00,4716.0,4728.3,4690.6,4707.2,1068486.0,real_delta_india
2026-03-19T08:30:00+00:00,4707.0,4711.3,4676.2,4700.2,748453.0,real_delta_india
2026-03-19T09:00:00+00:00,4702.2,4714.1,4680.26,4701.2,635362.0,real_delta_india
2026-03-19T09:30:00+00:00,4700.2,4716.6,4689.6,4690.7,495291.0,real_delta_india
2026-03-19T10:00:00+00:00,4691.0,4711.5,4664.6,4677.4,623599.0,real_delta_india
2026-03-19T10:30:00+00:00,4676.3,4692.4,4659.0,4671.1,732712.0,real_delta_india
2026-03-19T11:00:00+00:00,4671.1,4690.8,4668.9,4679.1,448375.0,real_delta_india
2026-03-19T11:30:00+00:00,4678.6,4689.2,4645.3,4647.2,940948.0,real_delta_india
2026-03-19T12:00:00+00:00,4647.3,4648.3,4600.0,4605.6,1898855.0,real_delta_india
2026-03-19T12:30:00+00:00,4605.9,4616.1,4531.0,4573.7,2487142.0,real_delta_india
2026-03-19T13:00:00+00:00,4574.4,4582.4,4507.5,4577.7,2409675.0,real_delta_india
2026-03-19T13:30:00+00:00,4576.72,4619.3,4541.8,4619.12,1933467.0,real_delta_india
2026-03-19T14:00:00+00:00,4620.0,4646.9,4585.0,4585.9,1981513.0,real_delta_india
2026-03-19T14:30:00+00:00,4585.9,4629.1,4581.8,4603.9,1096412.0,real_delta_india
2026-03-19T15:00:00+00:00,4603.7,4639.1,4596.5,4606.2,1513982.0,real_delta_india
2026-03-19T15:30:00+00:00,4605.2,4613.25,4569.5,4599.4,1454003.0,real_delta_india
2026-03-19T16:00:00+00:00,4600.5,4629.6,4596.0,4605.0,1204229.0,real_delta_india
2026-03-19T16:30:00+00:00,4605.3,4613.3,4582.7,4591.5,1246878.0,real_delta_india
2026-03-19T17:00:00+00:00,4590.0,4619.6,4581.2,4609.8,990816.0,real_delta_india
2026-03-19T17:30:00+00:00,4609.6,4636.5,4607.0,4620.8,739503.0,real_delta_india
2026-03-19T18:00:00+00:00,4620.7,4623.8,4607.2,4614.7,493759.0,real_delta_india
2026-03-19T18:30:00+00:00,4614.3,4629.0,4603.2,4628.5,363096.0,real_delta_india
2026-03-19T19:00:00+00:00,4628.8,4669.2,4628.8,4647.7,820983.0,real_delta_india
2026-03-19T19:30:00+00:00,4650.0,4655.0,4636.5,4649.5,229165.0,real_delta_india
2026-03-19T20:00:00+00:00,4648.3,4666.4,4648.3,4662.4,223410.0,real_delta_india
2026-03-19T20:30:00+00:00,4663.1,4666.8,4654.5,4655.9,76995.0,real_delta_india
2026-03-19T21:00:00+00:00,4656.6,4666.3,4656.6,4659.3,54368.0,real_delta_india
2026-03-19T21:30:00+00:00,4659.3,4676.1,4658.0,4669.7,221748.0,real_delta_india
2026-03-19T22:00:00+00:00,4668.5,4683.5,4661.5,4673.4,171972.0,real_delta_india
2026-03-19T22:30:00+00:00,4672.7,4672.7,4642.0,4642.1,221223.0,real_delta_india
2026-03-19T23:00:00+00:00,4643.16,4656.4,4643.16,4651.5,113508.0,real_delta_india
2026-03-19T23:30:00+00:00,4651.5,4653.7,4641.8,4650.4,97917.0,real_delta_india
2026-03-20T00:00:00+00:00,4651.1,4670.0,4650.01,4656.3,204557.0,real_delta_india
2026-03-20T00:30:00+00:00,4654.8,4667.1,4651.9,4656.1,90300.0,real_delta_india
2026-03-20T01:00:00+00:00,4656.1,4683.7,4646.0,4667.5,285531.0,real_delta_india
2026-03-20T01:30:00+00:00,4667.6,4703.0,4667.6,4682.9,453421.0,real_delta_india
2026-03-20T02:00:00+00:00,4683.6,4693.4,4675.4,4687.4,387105.0,real_delta_india
2026-03-20T02:30:00+00:00,4687.3,4705.5,4682.9,4700.0,379393.0,real_delta_india
2026-03-20T03:00:00+00:00,4700.9,4736.7,4696.1,4735.5,798091.0,real_delta_india
2026-03-20T03:30:00+00:00,4735.4,4737.6,4723.0,4728.2,454642.0,real_delta_india
2026-03-20T04:00:00+00:00,4728.2,4729.6,4717.0,4723.2,438459.0,real_delta_india
2026-03-20T04:30:00+00:00,4724.7,4727.6,4715.2,4721.7,427260.0,real_delta_india
2026-03-20T05:00:00+00:00,4721.7,4724.9,4711.4,4720.4,686886.0,real_delta_india
2026-03-20T05:30:00+00:00,4720.3,4720.3,4685.0,4687.8,973016.0,real_delta_india
2026-03-20T06:00:00+00:00,4687.6,4700.25,4679.2,4685.9,729508.0,real_delta_india
2026-03-20T06:30:00+00:00,4686.91,4687.9,4659.0,4670.7,767226.0,real_delta_india
2026-03-20T07:00:00+00:00,4670.0,4690.6,4669.8,4689.2,504708.0,real_delta_india
2026-03-20T07:30:00+00:00,4689.7,4709.4,4686.8,4707.8,563419.0,real_delta_india
2026-03-20T08:00:00+00:00,4707.8,4734.8,4703.1,4721.2,901553.0,real_delta_india
2026-03-20T08:30:00+00:00,4721.0,4721.0,4686.4,4694.2,949131.0,real_delta_india
2026-03-20T09:00:00+00:00,4694.1,4700.4,4681.9,4689.5,714177.0,real_delta_india
2026-03-20T09:30:00+00:00,4689.5,4689.6,4658.1,4665.4,708156.0,real_delta_india
2026-03-20T10:00:00+00:00,4665.1,4668.4,4643.2,4654.3,956013.0,real_delta_india
2026-03-20T10:30:00+00:00,4654.5,4669.4,4640.2,4646.2,740753.0,real_delta_india
2026-03-20T11:00:00+00:00,4646.0,4671.2,4638.6,4666.3,777733.0,real_delta_india
2026-03-20T11:30:00+00:00,4667.26,4675.4,4657.5,4671.5,592462.0,real_delta_india
2026-03-20T12:00:00+00:00,4671.9,4695.2,4671.9,4678.7,975013.0,real_delta_india
2026-03-20T12:30:00+00:00,4678.7,4683.1,4662.8,4680.5,1063310.0,real_delta_india
2026-03-20T13:00:00+00:00,4680.4,4680.4,4655.4,4661.3,891876.0,real_delta_india
2026-03-20T13:30:00+00:00,4661.0,4666.5,4615.0,4618.3,2095402.0,real_delta_india
2026-03-20T14:00:00+00:00,4618.5,4625.8,4557.3,4565.0,2356345.0,real_delta_india
2026-03-20T14:30:00+00:00,4563.9,4591.8,4554.1,4571.4,1261271.0,real_delta_india
2026-03-20T15:00:00+00:00,4571.3,4586.5,4550.0,4570.2,810178.0,real_delta_india
2026-03-20T15:30:00+00:00,4570.5,4582.6,4552.7,4561.6,823471.0,real_delta_india
2026-03-20T16:00:00+00:00,4560.9,4617.8,4560.5,4591.3,1667454.0,real_delta_india
2026-03-20T16:30:00+00:00,4591.3,4600.6,4576.8,4592.1,1413437.0,real_delta_india
2026-03-20T17:00:00+00:00,4592.7,4609.1,4579.8,4582.8,932340.0,real_delta_india
2026-03-20T17:30:00+00:00,4582.8,4589.1,4565.8,4585.5,832289.0,real_delta_india
2026-03-20T18:00:00+00:00,4586.8,4590.2,4550.69,4568.4,842768.0,real_delta_india
2026-03-20T18:30:00+00:00,4568.4,4570.6,4493.4,4516.0,1880302.0,real_delta_india
2026-03-20T19:00:00+00:00,4515.9,4533.2,4503.9,4514.6,1401330.0,real_delta_india
2026-03-20T19:30:00+00:00,4516.3,4532.2,4509.2,4515.1,597899.0,real_delta_india
2026-03-20T20:00:00+00:00,4516.6,4527.0,4509.0,4513.7,470905.0,real_delta_india
2026-03-20T20:30:00+00:00,4513.2,4519.2,4504.7,4508.6,186940.0,real_delta_india
2026-03-20T21:00:00+00:00,4507.9,4519.1,4504.83,4518.2,229400.0,real_delta_india
2026-03-20T21:30:00+00:00,4518.3,4521.0,4512.8,4515.3,73406.0,real_delta_india
2026-03-20T22:00:00+00:00,4515.2,4517.5,4512.2,4512.2,59883.0,real_delta_india
2026-03-20T22:30:00+00:00,4512.1,4515.9,4510.8,4515.1,57038.0,real_delta_india
2026-03-20T23:00:00+00:00,4514.6,4514.9,4509.8,4510.0,25127.0,real_delta_india
2026-03-20T23:30:00+00:00,4509.7,4513.0,4505.0,4509.1,22797.0,real_delta_india
2026-03-21T00:00:00+00:00,4509.4,4517.2,4509.3,4517.2,35159.0,real_delta_india
2026-03-21T00:30:00+00:00,4517.2,4519.4,4513.0,4513.05,78702.0,real_delta_india
2026-03-21T01:00:00+00:00,4513.0,4522.0,4513.0,4521.5,66436.0,real_delta_india
2026-03-21T01:30:00+00:00,4521.5,4528.8,4520.3,4522.2,86774.0,real_delta_india
2026-03-21T02:00:00+00:00,4522.3,4523.2,4517.2,4518.3,89164.0,real_delta_india
2026-03-21T02:30:00+00:00,4518.3,4518.6,4513.8,4515.9,105276.0,real_delta_india
2026-03-21T03:00:00+00:00,4516.0,4516.6,4512.4,4514.3,74213.0,real_delta_india
2026-03-21T03:30:00+00:00,4514.2,4518.2,4513.1,4515.1,92262.0,real_delta_india
2026-03-21T04:00:00+00:00,4515.0,4517.0,4509.6,4510.3,136948.0,real_delta_india
2026-03-21T04:30:00+00:00,4510.4,4511.3,4504.8,4507.1,146746.0,real_delta_india
2026-03-21T05:00:00+00:00,4507.1,4510.0,4507.0,4508.4,96244.0,real_delta_india
2026-03-21T05:30:00+00:00,4508.5,4509.3,4506.2,4508.7,80334.0,real_delta_india
2026-03-21T06:00:00+00:00,4508.7,4512.3,4508.4,4511.4,95718.0,real_delta_india
2026-03-21T06:30:00+00:00,4511.3,4512.4,4509.6,4510.1,89005.0,real_delta_india
2026-03-21T07:00:00+00:00,4510.1,4511.7,4509.8,4510.3,59787.0,real_delta_india
2026-03-21T07:30:00+00:00,4510.3,4510.4,4504.2,4506.4,144126.0,real_delta_india
2026-03-21T08:00:00+00:00,4506.39,4507.4,4504.8,4506.0,63575.0,real_delta_india
2026-03-21T08:30:00+00:00,4505.9,4507.5,4502.4,4506.0,164414.0,real_delta_india
2026-03-21T09:00:00+00:00,4506.0,4506.1,4502.7,4503.5,78944.0,real_delta_india
2026-03-21T09:30:00+00:00,4503.6,4506.7,4502.6,4506.2,111217.0,real_delta_india
2026-03-21T10:00:00+00:00,4506.2,4509.9,4504.7,4507.1,119727.0,real_delta_india
2026-03-21T10:30:00+00:00,4507.1,4509.1,4505.2,4506.3,47676.0,real_delta_india
2026-03-21T11:00:00+00:00,4506.4,4509.6,4506.2,4508.4,46334.0,real_delta_india
2026-03-21T11:30:00+00:00,4508.5,4508.7,4504.2,4504.7,50714.0,real_delta_india
2026-03-21T12:00:00+00:00,4504.5,4506.6,4504.0,4505.8,165098.0,real_delta_india
2026-03-21T12:30:00+00:00,4505.4,4508.0,4504.5,4507.7,41093.0,real_delta_india
2026-03-21T13:00:00+00:00,4507.7,4508.2,4505.8,4506.4,49097.0,real_delta_india
2026-03-21T13:30:00+00:00,4506.0,4506.1,4504.3,4505.0,42085.0,real_delta_india
2026-03-21T14:00:00+00:00,4505.2,4506.0,4503.0,4505.4,50370.0,real_delta_india
2026-03-21T14:30:00+00:00,4505.5,4505.6,4503.8,4503.8,50021.0,real_delta_india
2026-03-21T15:00:00+00:00,4503.8,4514.9,4503.7,4507.4,129055.0,real_delta_india
2026-03-21T15:30:00+00:00,4507.4,4508.9,4506.1,4506.2,61560.0,real_delta_india
2026-03-21T16:00:00+00:00,4506.0,4507.9,4505.8,4507.1,43532.0,real_delta_india
2026-03-21T16:30:00+00:00,4507.1,4508.7,4506.6,4508.3,42377.0,real_delta_india
2026-03-21T17:00:00+00:00,4508.2,4511.1,4505.8,4509.51,41796.0,real_delta_india
2026-03-21T17:30:00+00:00,4509.51,4509.7,4505.8,4506.0,34595.0,real_delta_india
2026-03-21T18:00:00+00:00,4506.0,4508.6,4506.0,4507.6,13913.0,real_delta_india
2026-03-21T18:30:00+00:00,4507.7,4508.7,4506.7,4508.4,18720.0,real_delta_india
2026-03-21T19:00:00+00:00,4508.4,4509.2,4507.8,4508.6,12839.0,real_delta_india
2026-03-21T19:30:00+00:00,4508.7,4509.4,4508.1,4509.3,45981.0,real_delta_india
2026-03-21T20:00:00+00:00,4509.4,4509.6,4509.1,4509.6,10161.0,real_delta_india
2026-03-21T20:30:00+00:00,4509.5,4509.7,4506.7,4506.7,11928.0,real_delta_india
2026-03-21T21:00:00+00:00,4506.9,4509.4,4506.9,4509.4,4718.0,real_delta_india
2026-03-21T21:30:00+00:00,4509.4,4509.7,4507.2,4509.7,7202.0,real_delta_india
2026-03-21T22:00:00+00:00,4509.6,4509.6,4507.6,4508.3,4951.0,real_delta_india
2026-03-21T22:30:00+00:00,4508.4,4509.8,4508.4,4509.0,2699.0,real_delta_india
2026-03-21T23:00:00+00:00,4509.0,4509.0,4508.3,4508.3,358.0,real_delta_india
2026-03-21T23:30:00+00:00,4508.8,4508.8,4498.4,4501.0,186996.0,real_delta_india
2026-03-22T00:00:00+00:00,4501.6,4507.8,4498.0,4507.2,84888.0,real_delta_india
2026-03-22T00:30:00+00:00,4508.0,4508.8,4504.8,4505.7,46505.0,real_delta_india
2026-03-22T01:00:00+00:00,4505.7,4507.0,4501.8,4503.1,29877.0,real_delta_india
2026-03-22T01:30:00+00:00,4503.0,4503.3,4500.8,4501.1,25631.0,real_delta_india
2026-03-22T02:00:00+00:00,4501.1,4505.3,4500.3,4505.0,37770.0,real_delta_india
2026-03-22T02:30:00+00:00,4505.0,4505.5,4500.8,4502.5,50192.0,real_delta_india
2026-03-22T03:00:00+00:00,4502.5,4506.1,4501.7,4505.9,14017.0,real_delta_india
2026-03-22T03:30:00+00:00,4505.85,4506.4,4503.9,4504.9,47770.0,real_delta_india
2026-03-22T04:00:00+00:00,4504.9,4506.7,4502.7,4503.2,30036.0,real_delta_india
2026-03-22T04:30:00+00:00,4504.0,4506.1,4504.0,4505.0,14245.0,real_delta_india
2026-03-22T05:00:00+00:00,4505.0,4505.5,4503.4,4505.4,29747.0,real_delta_india
2026-03-22T05:30:00+00:00,4505.5,4506.5,4504.0,4506.5,17897.0,real_delta_india
2026-03-22T06:00:00+00:00,4506.5,4507.7,4506.1,4507.4,32008.0,real_delta_india
2026-03-22T06:30:00+00:00,4507.4,4507.6,4505.8,4506.3,23578.0,real_delta_india
2026-03-22T07:00:00+00:00,4506.5,4507.3,4505.9,4506.5,20078.0,real_delta_india
2026-03-22T07:30:00+00:00,4506.6,4506.6,4503.0,4503.4,45114.0,real_delta_india
2026-03-22T08:00:00+00:00,4503.4,4505.9,4502.5,4503.0,43519.0,real_delta_india
2026-03-22T08:30:00+00:00,4502.9,4503.4,4501.5,4503.2,54425.0,real_delta_india
2026-03-22T09:00:00+00:00,4503.1,4505.0,4502.5,4503.1,89289.0,real_delta_india
2026-03-22T09:30:00+00:00,4503.2,4505.7,4497.1,4498.8,129866.0,real_delta_india
2026-03-22T10:00:00+00:00,4498.5,4499.9,4486.9,4490.8,390932.0,real_delta_india
2026-03-22T10:30:00+00:00,4490.7,4490.9,4480.3,4484.7,209117.0,real_delta_india
2026-03-22T11:00:00+00:00,4484.6,4486.9,4474.0,4474.7,217458.0,real_delta_india
2026-03-22T11:30:00+00:00,4474.6,4478.1,4466.0,4475.9,457104.0,real_delta_india
2026-03-22T12:00:00+00:00,4475.8,4475.9,4452.5,4467.26,353252.0,real_delta_india
2026-03-22T12:30:00+00:00,4467.9,4475.0,4466.3,4475.0,139782.0,real_delta_india
2026-03-22T13:00:00+00:00,4475.4,4479.9,4475.3,4479.1,144680.0,real_delta_india
2026-03-22T13:30:00+00:00,4479.3,4481.0,4473.6,4477.4,189604.0,real_delta_india
2026-03-22T14:00:00+00:00,4477.5,4478.1,4467.4,4471.0,140900.0,real_delta_india
2026-03-22T14:30:00+00:00,4471.1,4473.76,4469.5,4473.76,75345.0,real_delta_india
2026-03-22T15:00:00+00:00,4473.5,4476.4,4472.8,4475.3,90055.0,real_delta_india
2026-03-22T15:30:00+00:00,4475.2,4477.5,4473.9,4475.2,59250.0,real_delta_india
2026-03-22T16:00:00+00:00,4475.2,4477.6,4475.0,4475.7,74476.0,real_delta_india
2026-03-22T16:30:00+00:00,4475.7,4478.3,4475.5,4477.6,31382.0,real_delta_india
2026-03-22T17:00:00+00:00,4477.7,4496.9,4477.7,4490.1,434039.0,real_delta_india
2026-03-22T17:30:00+00:00,4490.1,4493.7,4487.1,4491.4,101067.0,real_delta_india
2026-03-22T18:00:00+00:00,4491.7,4495.2,4491.2,4494.9,79812.0,real_delta_india
2026-03-22T18:30:00+00:00,4494.8,4494.8,4488.3,4494.5,87842.0,real_delta_india
2026-03-22T19:00:00+00:00,4494.6,4494.6,4488.2,4488.3,69481.0,real_delta_india
2026-03-22T19:30:00+00:00,4490.5,4491.4,4486.0,4486.0,67925.0,real_delta_india
2026-03-22T20:00:00+00:00,4485.9,4493.0,4485.9,4492.2,34616.0,real_delta_india
2026-03-22T20:30:00+00:00,4492.1,4492.1,4488.3,4488.7,15292.0,real_delta_india
2026-03-22T21:00:00+00:00,4488.3,4489.4,4479.1,4479.2,45068.0,real_delta_india
2026-03-22T21:30:00+00:00,4479.1,4485.4,4477.0,4477.9,54472.0,real_delta_india
2026-03-22T22:00:00+00:00,4477.0,4538.6,4447.7,4530.2,1007477.0,real_delta_india
2026-03-22T22:30:00+00:00,4529.1,4530.9,4495.0,4502.8,296365.0,real_delta_india
2026-03-22T23:00:00+00:00,4503.4,4514.7,4489.9,4492.7,192874.0,real_delta_india
2026-03-22T23:30:00+00:00,4489.2,4501.1,4460.8,4474.5,344065.0,real_delta_india
2026-03-23T00:00:00+00:00,4474.0,4481.2,4417.5,4433.8,601017.0,real_delta_india
2026-03-23T00:30:00+00:00,4436.7,4445.0,4332.0,4363.3,1160883.0,real_delta_india
2026-03-23T01:00:00+00:00,4362.3,4445.0,4341.8,4423.7,831322.0,real_delta_india
2026-03-23T01:30:00+00:00,4424.0,4455.8,4388.8,4394.3,555143.0,real_delta_india
2026-03-23T02:00:00+00:00,4394.3,4427.0,4390.0,4406.9,589775.0,real_delta_india
2026-03-23T02:30:00+00:00,4406.7,4407.5,4362.3,4368.9,755387.0,real_delta_india
2026-03-23T03:00:00+00:00,4369.0,4383.8,4354.8,4360.2,476853.0,real_delta_india
2026-03-23T03:30:00+00:00,4360.5,4373.0,4344.4,4361.0,629859.0,real_delta_india
2026-03-23T04:00:00+00:00,4362.92,4382.5,4362.9,4380.4,359201.0,real_delta_india
2026-03-23T04:30:00+00:00,4379.8,4389.86,4363.1,4378.5,504227.0,real_delta_india
2026-03-23T05:00:00+00:00,4378.6,4390.1,4363.4,4367.2,523631.0,real_delta_india
2026-03-23T05:30:00+00:00,4366.5,4366.5,4315.6,4325.9,1644870.0,real_delta_india
2026-03-23T06:00:00+00:00,4325.0,4325.0,4257.1,4260.0,2235157.0,real_delta_india
2026-03-23T06:30:00+00:00,4261.2,4270.0,4192.3,4244.1,3160951.0,real_delta_india
2026-03-23T07:00:00+00:00,4244.1,4244.1,4138.6,4175.3,3300035.0,real_delta_india
2026-03-23T07:30:00+00:00,4174.9,4250.8,4168.0,4224.4,2571157.0,real_delta_india
2026-03-23T08:00:00+00:00,4225.5,4273.4,4225.0,4246.4,2130535.0,real_delta_india
2026-03-23T08:30:00+00:00,4246.3,4285.7,4240.4,4268.3,1623766.0,real_delta_india
2026-03-23T09:00:00+00:00,4268.3,4318.8,4264.1,4318.0,1314111.0,real_delta_india
2026-03-23T09:30:00+00:00,4318.0,4321.9,4245.0,4269.1,1637189.0,real_delta_india
2026-03-23T10:00:00+00:00,4269.7,4291.2,4258.4,4282.7,1094583.0,real_delta_india
2026-03-23T10:30:00+00:00,4282.2,4296.5,4258.0,4283.1,1227020.0,real_delta_india
2026-03-23T11:00:00+00:00,4284.0,4460.0,4284.0,4403.3,3949553.0,real_delta_india
2026-03-23T11:30:00+00:00,4403.5,4435.3,4366.3,4382.4,2156844.0,real_delta_india
2026-03-23T12:00:00+00:00,4382.0,4409.7,4343.1,4394.0,1823701.0,real_delta_india
2026-03-23T12:30:00+00:00,4393.1,4491.5,4379.4,4477.2,2405218.0,real_delta_india
2026-03-23T13:00:00+00:00,4482.0,4483.7,4402.1,4408.6,2046400.0,real_delta_india
2026-03-23T13:30:00+00:00,4409.2,4468.0,4402.2,4453.4,1952673.0,real_delta_india
2026-03-23T14:00:00+00:00,4455.1,4508.4,4452.1,4484.9,1795298.0,real_delta_india
2026-03-23T14:30:00+00:00,4485.4,4502.4,4457.0,4460.6,1806367.0,real_delta_india
2026-03-23T15:00:00+00:00,4460.9,4486.6,4429.2,4446.6,1859068.0,real_delta_india
2026-03-23T15:30:00+00:00,4445.7,4457.7,4357.2,4369.4,2613909.0,real_delta_india
2026-03-23T16:00:00+00:00,4368.4,4395.2,4357.7,4362.0,2056805.0,real_delta_india
2026-03-23T16:30:00+00:00,4361.8,4399.4,4361.8,4383.7,1298895.0,real_delta_india
2026-03-23T17:00:00+00:00,4385.0,4421.7,4379.9,4412.9,1572384.0,real_delta_india
2026-03-23T17:30:00+00:00,4412.9,4446.7,4412.0,4435.1,1943499.0,real_delta_india
2026-03-23T18:00:00+00:00,4435.1,4439.1,4411.9,4433.9,843123.0,real_delta_india
2026-03-23T18:30:00+00:00,4435.0,4473.8,4434.4,4455.0,1339849.0,real_delta_india
2026-03-23T19:00:00+00:00,4456.0,4456.7,4400.24,4418.2,1075121.0,real_delta_india
2026-03-23T19:30:00+00:00,4416.7,4434.6,4404.4,4405.5,587551.0,real_delta_india
2026-03-23T20:00:00+00:00,4406.9,4421.7,4393.3,4417.2,457401.0,real_delta_india
2026-03-23T20:30:00+00:00,4417.6,4423.6,4407.4,4418.4,196582.0,real_delta_india
2026-03-23T21:00:00+00:00,4420.3,4421.2,4416.7,4417.7,96231.0,real_delta_india
2026-03-23T21:30:00+00:00,4417.5,4426.0,4416.6,4422.0,31847.0,real_delta_india
2026-03-23T22:00:00+00:00,4424.5,4432.4,4374.7,4422.2,268836.0,real_delta_india
2026-03-23T22:30:00+00:00,4423.0,4438.8,4407.2,4435.3,113689.0,real_delta_india
2026-03-23T23:00:00+00:00,4434.3,4453.3,4433.3,4447.6,128798.0,real_delta_india
2026-03-23T23:30:00+00:00,4447.9,4450.2,4427.25,4446.5,113036.0,real_delta_india
2026-03-24T00:00:00+00:00,4445.8,4451.1,4376.6,4386.2,355251.0,real_delta_india
2026-03-24T00:30:00+00:00,4390.2,4393.2,4342.0,4371.0,540205.0,real_delta_india
2026-03-24T01:00:00+00:00,4370.5,4380.5,4337.5,4364.9,500020.0,real_delta_india
2026-03-24T01:30:00+00:00,4365.8,4376.7,4319.9,4332.25,684889.0,real_delta_india
2026-03-24T02:00:00+00:00,4332.0,4360.0,4317.25,4359.4,952119.0,real_delta_india
2026-03-24T02:30:00+00:00,4360.0,4385.3,4354.0,4371.8,981101.0,real_delta_india
2026-03-24T03:00:00+00:00,4371.6,4373.7,4356.45,4372.03,476488.0,real_delta_india
2026-03-24T03:30:00+00:00,4371.9,4372.4,4343.6,4356.2,857536.0,real_delta_india
2026-03-24T04:00:00+00:00,4357.7,4366.2,4336.4,4344.4,651613.0,real_delta_india
2026-03-24T04:30:00+00:00,4342.7,4355.6,4339.5,4341.6,503842.0,real_delta_india
2026-03-24T05:00:00+00:00,4342.0,4352.5,4326.3,4340.5,726859.0,real_delta_india
2026-03-24T05:30:00+00:00,4341.0,4379.0,4329.4,4358.5,1085377.0,real_delta_india
2026-03-24T06:00:00+00:00,4355.2,4406.7,4355.0,4397.0,1499439.0,real_delta_india
2026-03-24T06:30:00+00:00,4396.46,4413.0,4383.2,4410.8,956055.0,real_delta_india
2026-03-24T07:00:00+00:00,4409.0,4434.0,4408.6,4419.6,1143229.0,real_delta_india
2026-03-24T07:30:00+00:00,4419.5,4439.2,4406.4,4423.1,982728.0,real_delta_india
2026-03-24T08:00:00+00:00,4422.51,4426.8,4397.7,4403.1,734884.0,real_delta_india
2026-03-24T08:30:00+00:00,4401.4,4419.9,4398.0,4416.6,613012.0,real_delta_india
2026-03-24T09:00:00+00:00,4417.2,4424.5,4401.9,4412.5,563520.0,real_delta_india
2026-03-24T09:30:00+00:00,4411.7,4435.1,4410.8,4430.7,576357.0,real_delta_india
2026-03-24T10:00:00+00:00,4431.4,4437.1,4420.2,4426.6,610649.0,real_delta_india
2026-03-24T10:30:00+00:00,4425.8,4445.6,4419.4,4442.3,739592.0,real_delta_india
2026-03-24T11:00:00+00:00,4442.3,4445.4,4384.4,4417.0,1447449.0,real_delta_india
2026-03-24T11:30:00+00:00,4417.0,4436.5,4397.9,4414.9,807328.0,real_delta_india
2026-03-24T12:00:00+00:00,4415.7,4431.5,4403.8,4409.2,961512.0,real_delta_india
2026-03-24T12:30:00+00:00,4408.5,4412.26,4371.2,4385.8,2064629.0,real_delta_india
2026-03-24T13:00:00+00:00,4385.0,4396.0,4364.5,4365.2,1199105.0,real_delta_india
2026-03-24T13:30:00+00:00,4364.3,4390.0,4359.0,4387.7,1352096.0,real_delta_india
2026-03-24T14:00:00+00:00,4386.7,4419.9,4386.6,4414.4,1638468.0,real_delta_india
2026-03-24T14:30:00+00:00,4414.3,4437.5,4405.8,4420.22,1678547.0,real_delta_india
2026-03-24T15:00:00+00:00,4420.1,4429.2,4403.3,4421.0,1033396.0,real_delta_india
2026-03-24T15:30:00+00:00,4422.2,4438.7,4417.7,4421.1,1244945.0,real_delta_india
2026-03-24T16:00:00+00:00,4420.9,4433.2,4412.1,4429.0,860816.0,real_delta_india
2026-03-24T16:30:00+00:00,4429.0,4434.0,4415.7,4427.9,656964.0,real_delta_india
2026-03-24T17:00:00+00:00,4428.0,4432.2,4394.8,4405.9,1234340.0,real_delta_india
2026-03-24T17:30:00+00:00,4404.0,4404.0,4377.0,4394.6,1410740.0,real_delta_india
2026-03-24T18:00:00+00:00,4394.6,4418.2,4389.9,4414.6,749475.0,real_delta_india
2026-03-24T18:30:00+00:00,4415.8,4431.0,4391.4,4397.1,829668.0,real_delta_india
2026-03-24T19:00:00+00:00,4395.9,4417.7,4395.9,4413.2,394590.0,real_delta_india
2026-03-24T19:30:00+00:00,4413.0,4413.7,4402.2,4407.5,221817.0,real_delta_india
2026-03-24T20:00:00+00:00,4406.4,4488.5,4403.5,4464.6,716968.0,real_delta_india
2026-03-24T20:30:00+00:00,4466.7,4491.5,4454.8,4483.6,527078.0,real_delta_india
2026-03-24T21:00:00+00:00,4483.8,4487.26,4471.9,4487.26,221260.0,real_delta_india
2026-03-24T21:30:00+00:00,4488.0,4503.6,4476.1,4483.4,363006.0,real_delta_india
2026-03-24T22:00:00+00:00,4484.0,4494.1,4475.0,4476.4,308275.0,real_delta_india
2026-03-24T22:30:00+00:00,4473.0,4485.8,4461.5,4485.7,336376.0,real_delta_india
2026-03-24T23:00:00+00:00,4486.3,4512.3,4475.3,4512.3,331574.0,real_delta_india
2026-03-24T23:30:00+00:00,4513.6,4553.0,4508.6,4546.8,463671.0,real_delta_india
2026-03-25T00:00:00+00:00,4548.5,4559.5,4540.1,4557.1,501374.0,real_delta_india
2026-03-25T00:30:00+00:00,4555.5,4573.9,4549.0,4563.8,416531.0,real_delta_india
2026-03-25T01:00:00+00:00,4565.0,4578.9,4553.2,4573.6,466639.0,real_delta_india
2026-03-25T01:30:00+00:00,4573.6,4597.0,4572.7,4590.1,593787.0,real_delta_india
2026-03-25T02:00:00+00:00,4590.7,4591.2,4573.8,4580.2,521825.0,real_delta_india
2026-03-25T02:30:00+00:00,4580.2,4597.7,4575.1,4576.7,531724.0,real_delta_india
2026-03-25T03:00:00+00:00,4576.8,4580.2,4565.3,4569.6,522883.0,real_delta_india
2026-03-25T03:30:00+00:00,4569.6,4571.8,4561.4,4564.0,507496.0,real_delta_india
2026-03-25T04:00:00+00:00,4562.9,4569.3,4559.4,4568.5,362162.0,real_delta_india
2026-03-25T04:30:00+00:00,4568.4,4568.8,4560.6,4566.7,195050.0,real_delta_india
2026-03-25T05:00:00+00:00,4566.7,4567.4,4548.5,4550.0,594465.0,real_delta_india
2026-03-25T05:30:00+00:00,4549.6,4561.8,4544.55,4550.66,625506.0,real_delta_india
2026-03-25T06:00:00+00:00,4550.8,4551.2,4529.58,4545.1,818374.0,real_delta_india
2026-03-25T06:30:00+00:00,4545.2,4550.8,4538.4,4540.0,410714.0,real_delta_india
2026-03-25T07:00:00+00:00,4540.0,4558.0,4540.0,4556.3,596274.0,real_delta_india
2026-03-25T07:30:00+00:00,4556.9,4557.0,4536.3,4539.4,549782.0,real_delta_india
2026-03-25T08:00:00+00:00,4540.1,4564.6,4535.3,4562.2,852069.0,real_delta_india
2026-03-25T08:30:00+00:00,4562.3,4563.9,4550.1,4554.0,554766.0,real_delta_india
2026-03-25T09:00:00+00:00,4554.0,4564.2,4551.6,4555.34,396236.0,real_delta_india
2026-03-25T09:30:00+00:00,4555.5,4556.8,4525.5,4547.1,1106665.0,real_delta_india
2026-03-25T10:00:00+00:00,4548.0,4555.8,4546.7,4550.1,452906.0,real_delta_india
2026-03-25T10:30:00+00:00,4550.1,4557.5,4546.0,4553.97,453863.0,real_delta_india
2026-03-25T11:00:00+00:00,4553.8,4577.7,4551.2,4575.0,921168.0,real_delta_india
2026-03-25T11:30:00+00:00,4575.4,4583.0,4569.2,4574.9,784762.0,real_delta_india
2026-03-25T12:00:00+00:00,4575.0,4579.6,4537.4,4544.7,1261702.0,real_delta_india
2026-03-25T12:30:00+00:00,4543.1,4551.5,4520.9,4542.25,1511120.0,real_delta_india
2026-03-25T13:00:00+00:00,4542.9,4567.26,4538.4,4564.9,1426187.0,real_delta_india
2026-03-25T13:30:00+00:00,4565.4,4572.7,4538.2,4541.4,1235362.0,real_delta_india
2026-03-25T14:00:00+00:00,4542.4,4558.8,4530.5,4558.3,1042531.0,real_delta_india
2026-03-25T14:30:00+00:00,4558.9,4578.9,4554.4,4566.3,1365750.0,real_delta_india
2026-03-25T15:00:00+00:00,4566.9,4568.7,4527.0,4560.0,1578166.0,real_delta_india
2026-03-25T15:30:00+00:00,4560.1,4565.2,4553.6,4558.9,756593.0,real_delta_india
2026-03-25T16:00:00+00:00,4558.7,4564.0,4545.7,4555.4,654824.0,real_delta_india
2026-03-25T16:30:00+00:00,4556.0,4561.5,4551.3,4556.8,510693.0,real_delta_india
2026-03-25T17:00:00+00:00,4556.5,4559.1,4544.0,4554.6,840435.0,real_delta_india
2026-03-25T17:30:00+00:00,4554.9,4564.9,4548.1,4552.6,767188.0,real_delta_india
2026-03-25T18:00:00+00:00,4552.7,4569.1,4547.7,4552.8,645210.0,real_delta_india
2026-03-25T18:30:00+00:00,4552.9,4559.0,4534.0,4540.0,695079.0,real_delta_india
2026-03-25T19:00:00+00:00,4538.9,4540.7,4492.4,4517.0,1619075.0,real_delta_india
2026-03-25T19:30:00+00:00,4516.8,4535.0,4509.5,4532.5,470903.0,real_delta_india
2026-03-25T20:00:00+00:00,4532.1,4542.1,4522.3,4523.9,333952.0,real_delta_india
2026-03-25T20:30:00+00:00,4523.0,4524.9,4499.0,4508.4,506883.0,real_delta_india
2026-03-25T21:00:00+00:00,4509.2,4524.2,4505.0,4519.3,218473.0,real_delta_india
2026-03-25T21:30:00+00:00,4518.8,4522.3,4515.9,4518.6,80590.0,real_delta_india
2026-03-25T22:00:00+00:00,4518.5,4534.0,4506.2,4514.2,261178.0,real_delta_india
2026-03-25T22:30:00+00:00,4515.5,4535.5,4512.25,4519.8,228417.0,real_delta_india
2026-03-25T23:00:00+00:00,4519.2,4520.6,4501.0,4508.5,262435.0,real_delta_india
2026-03-25T23:30:00+00:00,4508.6,4512.5,4492.5,4500.4,258840.0,real_delta_india
2026-03-26T00:00:00+00:00,4501.5,4534.9,4501.5,4525.7,452064.0,real_delta_india
2026-03-26T00:30:00+00:00,4525.0,4538.8,4523.7,4535.0,218407.0,real_delta_india
2026-03-26T01:00:00+00:00,4535.0,4542.6,4525.9,4532.8,328910.0,real_delta_india
2026-03-26T01:30:00+00:00,4534.0,4536.9,4521.8,4536.9,202830.0,real_delta_india
2026-03-26T02:00:00+00:00,4536.4,4537.8,4526.6,4528.9,273490.0,real_delta_india
2026-03-26T02:30:00+00:00,4528.5,4530.8,4506.3,4509.0,506715.0,real_delta_india
2026-03-26T03:00:00+00:00,4508.9,4514.3,4500.2,4506.5,427729.0,real_delta_india
2026-03-26T03:30:00+00:00,4507.0,4518.4,4507.0,4515.6,370712.0,real_delta_india
2026-03-26T04:00:00+00:00,4515.7,4522.0,4510.9,4521.0,417716.0,real_delta_india
2026-03-26T04:30:00+00:00,4521.1,4523.3,4516.2,4519.6,424987.0,real_delta_india
2026-03-26T05:00:00+00:00,4519.6,4520.64,4489.4,4493.1,1039632.0,real_delta_india
2026-03-26T05:30:00+00:00,4492.9,4495.0,4439.3,4439.3,2239834.0,real_delta_india
2026-03-26T06:00:00+00:00,4439.3,4451.5,4417.2,4442.6,2116167.0,real_delta_india
2026-03-26T06:30:00+00:00,4442.1,4460.0,4431.0,4457.5,1236777.0,real_delta_india
2026-03-26T07:00:00+00:00,4457.4,4460.9,4440.0,4448.9,1054702.0,real_delta_india
2026-03-26T07:30:00+00:00,4448.7,4465.5,4448.7,4453.3,1157540.0,real_delta_india
2026-03-26T08:00:00+00:00,4452.25,4459.4,4427.5,4430.4,1367576.0,real_delta_india
2026-03-26T08:30:00+00:00,4430.3,4442.6,4415.8,4431.3,1333523.0,real_delta_india
2026-03-26T09:00:00+00:00,4431.3,4439.2,4423.0,4433.8,533890.0,real_delta_india
2026-03-26T09:30:00+00:00,4432.5,4433.5,4417.6,4426.3,1135394.0,real_delta_india
2026-03-26T10:00:00+00:00,4426.6,4449.7,4420.7,4443.5,1256493.0,real_delta_india
2026-03-26T10:30:00+00:00,4444.0,4448.1,4426.1,4445.1,993477.0,real_delta_india
2026-03-26T11:00:00+00:00,4445.4,4456.6,4441.0,4446.2,908992.0,real_delta_india
2026-03-26T11:30:00+00:00,4446.4,4453.9,4422.57,4425.5,1246820.0,real_delta_india
2026-03-26T12:00:00+00:00,4425.2,4448.5,4420.0,4441.9,1218235.0,real_delta_india
2026-03-26T12:30:00+00:00,4441.0,4447.3,4432.1,4434.3,1070119.0,real_delta_india
2026-03-26T13:00:00+00:00,4433.0,4456.4,4425.3,4452.2,1362115.0,real_delta_india
2026-03-26T13:30:00+00:00,4450.7,4462.8,4432.5,4454.7,2180580.0,real_delta_india
2026-03-26T14:00:00+00:00,4456.3,4472.0,4440.3,4461.1,1593203.0,real_delta_india
2026-03-26T14:30:00+00:00,4461.1,4480.0,4449.3,4468.3,2145870.0,real_delta_india
2026-03-26T15:00:00+00:00,4468.4,4471.1,4449.4,4454.6,822366.0,real_delta_india
2026-03-26T15:30:00+00:00,4454.5,4455.1,4436.2,4440.5,1123974.0,real_delta_india
2026-03-26T16:00:00+00:00,4440.6,4443.7,4390.4,4399.8,2375536.0,real_delta_india
2026-03-26T16:30:00+00:00,4397.57,4397.57,4371.0,4393.0,2362941.0,real_delta_india
2026-03-26T17:00:00+00:00,4392.5,4405.3,4382.3,4387.2,1579388.0,real_delta_india
2026-03-26T17:30:00+00:00,4388.1,4396.7,4382.7,4385.8,830077.0,real_delta_india
2026-03-26T18:00:00+00:00,4386.2,4395.0,4372.9,4377.8,755031.0,real_delta_india
2026-03-26T18:30:00+00:00,4378.2,4401.3,4378.1,4398.7,856315.0,real_delta_india
2026-03-26T19:00:00+00:00,4400.0,4403.5,4383.2,4384.6,564774.0,real_delta_india
2026-03-26T19:30:00+00:00,4385.4,4391.9,4365.8,4370.9,671443.0,real_delta_india
2026-03-26T20:00:00+00:00,4369.9,4422.0,4358.2,4410.1,1363457.0,real_delta_india
2026-03-26T20:30:00+00:00,4410.1,4424.0,4379.1,4387.4,628672.0,real_delta_india
2026-03-26T21:00:00+00:00,4388.7,4398.7,4386.8,4396.6,139760.0,real_delta_india
2026-03-26T21:30:00+00:00,4396.5,4397.8,4393.3,4396.1,42054.0,real_delta_india
2026-03-26T22:00:00+00:00,4396.9,4410.8,4387.0,4402.5,149804.0,real_delta_india
2026-03-26T22:30:00+00:00,4400.7,4416.0,4399.0,4414.7,198119.0,real_delta_india
2026-03-26T23:00:00+00:00,4415.8,4417.3,4394.1,4402.4,77110.0,real_delta_india
2026-03-26T23:30:00+00:00,4403.7,4411.3,4400.0,4408.5,110187.0,real_delta_india
2026-03-27T00:00:00+00:00,4409.5,4414.3,4387.5,4394.2,298931.0,real_delta_india
2026-03-27T00:30:00+00:00,4394.8,4399.3,4380.5,4382.9,248830.0,real_delta_india
2026-03-27T01:00:00+00:00,4383.0,4410.2,4383.0,4409.6,462938.0,real_delta_india
2026-03-27T01:30:00+00:00,4410.0,4423.2,4408.3,4420.5,531863.0,real_delta_india
2026-03-27T02:00:00+00:00,4420.5,4442.6,4420.5,4434.8,854953.0,real_delta_india
2026-03-27T02:30:00+00:00,4434.2,4442.4,4429.4,4434.6,399111.0,real_delta_india
2026-03-27T03:00:00+00:00,4434.9,4438.4,4423.8,4437.5,414237.0,real_delta_india
2026-03-27T03:30:00+00:00,4437.4,4447.5,4432.9,4439.3,539147.0,real_delta_india
2026-03-27T04:00:00+00:00,4439.7,4441.3,4432.1,4435.1,337410.0,real_delta_india
2026-03-27T04:30:00+00:00,4435.3,4450.6,4435.3,4447.8,623962.0,real_delta_india
2026-03-27T05:00:00+00:00,4447.5,4451.6,4443.5,4446.0,471565.0,real_delta_india
2026-03-27T05:30:00+00:00,4446.5,4476.3,4446.5,4456.1,1414580.0,real_delta_india
2026-03-27T06:00:00+00:00,4455.8,4473.4,4453.2,4464.9,792505.0,real_delta_india
2026-03-27T06:30:00+00:00,4464.9,4470.0,4456.29,4460.6,458592.0,real_delta_india
2026-03-27T07:00:00+00:00,4460.6,4463.4,4449.1,4454.8,695874.0,real_delta_india
2026-03-27T07:30:00+00:00,4454.1,4457.5,4445.5,4448.5,561843.0,real_delta_india
2026-03-27T08:00:00+00:00,4448.6,4453.0,4432.1,4434.7,698015.0,real_delta_india
2026-03-27T08:30:00+00:00,4434.8,4440.9,4426.5,4426.7,756981.0,real_delta_india
2026-03-27T09:00:00+00:00,4427.1,4438.7,4421.7,4436.9,700488.0,real_delta_india
2026-03-27T09:30:00+00:00,4437.4,4440.0,4428.3,4430.2,559984.0,real_delta_india
2026-03-27T10:00:00+00:00,4430.2,4434.1,4424.2,4429.0,527872.0,real_delta_india
2026-03-27T10:30:00+00:00,4428.8,4430.0,4409.6,4413.7,1217694.0,real_delta_india
2026-03-27T11:00:00+00:00,4414.0,4415.9,4405.0,4415.1,830279.0,real_delta_india
2026-03-27T11:30:00+00:00,4414.7,4426.4,4413.3,4420.2,1049624.0,real_delta_india
2026-03-27T12:00:00+00:00,4419.2,4435.6,4412.8,4428.6,1238604.0,real_delta_india
2026-03-27T12:30:00+00:00,4428.6,4446.5,4424.3,4437.9,1336470.0,real_delta_india
2026-03-27T13:00:00+00:00,4438.3,4443.1,4419.2,4423.3,1396624.0,real_delta_india
2026-03-27T13:30:00+00:00,4422.4,4443.0,4413.3,4432.6,1321542.0,real_delta_india
2026-03-27T14:00:00+00:00,4431.0,4469.9,4430.6,4455.1,2073734.0,real_delta_india
2026-03-27T14:30:00+00:00,4453.3,4512.7,4451.6,4507.5,2397620.0,real_delta_india
2026-03-27T15:00:00+00:00,4507.6,4552.0,4500.0,4540.7,2654818.0,real_delta_india
2026-03-27T15:30:00+00:00,4540.9,4550.4,4519.9,4522.1,2077441.0,real_delta_india
2026-03-27T16:00:00+00:00,4522.7,4530.1,4516.0,4525.2,1051196.0,real_delta_india
2026-03-27T16:30:00+00:00,4525.0,4525.4,4503.5,4515.1,1611951.0,real_delta_india
2026-03-27T17:00:00+00:00,4514.5,4521.0,4484.1,4491.2,1647414.0,real_delta_india
2026-03-27T17:30:00+00:00,4491.2,4498.0,4483.5,4484.0,1047243.0,real_delta_india
2026-03-27T18:00:00+00:00,4483.7,4509.9,4483.7,4507.3,888230.0,real_delta_india
2026-03-27T18:30:00+00:00,4507.3,4527.26,4507.3,4517.4,1028888.0,real_delta_india
2026-03-27T19:00:00+00:00,4518.4,4524.0,4506.4,4521.1,632807.0,real_delta_india
2026-03-27T19:30:00+00:00,4522.7,4525.5,4502.4,4514.9,511529.0,real_delta_india
2026-03-27T20:00:00+00:00,4517.0,4521.0,4503.8,4506.8,251537.0,real_delta_india
2026-03-27T20:30:00+00:00,4505.9,4511.3,4489.9,4492.2,478543.0,real_delta_india
2026-03-27T21:00:00+00:00,4492.1,4495.3,4489.3,4492.5,94176.0,real_delta_india
2026-03-27T21:30:00+00:00,4492.6,4504.2,4492.6,4499.5,163561.0,real_delta_india
2026-03-27T22:00:00+00:00,4500.0,4500.1,4496.5,4496.7,33538.0,real_delta_india
2026-03-27T22:30:00+00:00,4496.7,4499.2,4495.8,4499.1,21780.0,real_delta_india
2026-03-27T23:00:00+00:00,4499.0,4499.1,4496.4,4498.0,15134.0,real_delta_india
2026-03-27T23:30:00+00:00,4497.9,4501.5,4496.6,4499.2,30081.0,real_delta_india
2026-03-28T00:00:00+00:00,4499.2,4500.2,4497.7,4499.9,15828.0,real_delta_india
2026-03-28T00:30:00+00:00,4499.9,4501.5,4499.9,4500.4,33457.0,real_delta_india
2026-03-28T01:00:00+00:00,4500.5,4500.7,4492.0,4492.0,92664.0,real_delta_india
2026-03-28T01:30:00+00:00,4492.1,4492.7,4487.2,4489.7,114846.0,real_delta_india
2026-03-28T02:00:00+00:00,4489.7,4492.1,4488.9,4489.2,59542.0,real_delta_india
2026-03-28T02:30:00+00:00,4489.1,4490.4,4486.8,4489.7,63143.0,real_delta_india
2026-03-28T03:00:00+00:00,4489.9,4491.6,4488.8,4491.2,51289.0,real_delta_india
2026-03-28T03:30:00+00:00,4491.3,4494.2,4491.2,4493.3,98193.0,real_delta_india
2026-03-28T04:00:00+00:00,4493.3,4493.4,4484.4,4487.8,186705.0,real_delta_india
2026-03-28T04:30:00+00:00,4487.8,4491.3,4486.5,4491.3,66549.0,real_delta_india
2026-03-28T05:00:00+00:00,4491.1,4504.3,4491.05,4503.8,369132.0,real_delta_india
2026-03-28T05:30:00+00:00,4503.8,4505.2,4501.9,4503.4,211701.0,real_delta_india
2026-03-28T06:00:00+00:00,4503.7,4507.6,4503.6,4505.7,166471.0,real_delta_india
2026-03-28T06:30:00+00:00,4505.7,4506.6,4503.0,4504.8,147456.0,real_delta_india
2026-03-28T07:00:00+00:00,4504.8,4504.9,4502.6,4504.0,109845.0,real_delta_india
2026-03-28T07:30:00+00:00,4504.0,4504.1,4500.9,4502.9,133511.0,real_delta_india
2026-03-28T08:00:00+00:00,4502.8,4502.8,4500.5,4502.5,93957.0,real_delta_india
2026-03-28T08:30:00+00:00,4502.5,4502.67,4500.8,4501.99,85976.0,real_delta_india
2026-03-28T09:00:00+00:00,4502.0,4503.8,4501.5,4503.2,59909.0,real_delta_india
2026-03-28T09:30:00+00:00,4503.2,4503.2,4500.0,4501.3,52339.0,real_delta_india
2026-03-28T10:00:00+00:00,4501.4,4501.8,4496.8,4498.1,170475.0,real_delta_india
2026-03-28T10:30:00+00:00,4498.1,4499.9,4497.5,4499.8,62524.0,real_delta_india
2026-03-28T11:00:00+00:00,4500.0,4501.6,4499.5,4500.1,110903.0,real_delta_india
2026-03-28T11:30:00+00:00,4500.0,4500.8,4499.0,4500.5,57426.0,real_delta_india
2026-03-28T12:00:00+00:00,4500.6,4505.7,4500.5,4501.7,133026.0,real_delta_india
2026-03-28T12:30:00+00:00,4501.6,4504.4,4501.2,4503.4,37540.0,real_delta_india
2026-03-28T13:00:00+00:00,4503.5,4504.4,4502.0,4502.3,52158.0,real_delta_india
2026-03-28T13:30:00+00:00,4502.3,4506.1,4501.0,4501.4,76340.0,real_delta_india
2026-03-28T14:00:00+00:00,4501.5,4503.7,4501.4,4502.4,29738.0,real_delta_india
2026-03-28T14:30:00+00:00,4502.4,4503.1,4500.0,4500.2,73524.0,real_delta_india
2026-03-28T15:00:00+00:00,4500.3,4502.3,4494.9,4495.6,207609.0,real_delta_india
2026-03-28T15:30:00+00:00,4496.1,4500.6,4494.3,4500.1,132025.0,real_delta_india
2026-03-28T16:00:00+00:00,4500.0,4500.5,4498.3,4499.4,61518.0,real_delta_india
2026-03-28T16:30:00+00:00,4499.4,4502.1,4499.0,4499.3,92525.0,real_delta_india
2026-03-28T17:00:00+00:00,4499.3,4502.6,4498.9,4500.2,63524.0,real_delta_india
2026-03-28T17:30:00+00:00,4500.3,4502.1,4499.2,4500.5,33651.0,real_delta_india
2026-03-28T18:00:00+00:00,4500.4,4504.5,4500.4,4500.4,41745.0,real_delta_india
2026-03-28T18:30:00+00:00,4500.5,4502.3,4498.3,4499.9,37287.0,real_delta_india
2026-03-28T19:00:00+00:00,4499.8,4500.1,4499.0,4499.4,41157.0,real_delta_india
2026-03-28T19:30:00+00:00,4499.3,4501.0,4498.6,4500.7,15786.0,real_delta_india
2026-03-28T20:00:00+00:00,4501.3,4502.4,4500.4,4501.5,10796.0,real_delta_india
2026-03-28T20:30:00+00:00,4501.4,4502.7,4501.1,4502.7,8015.0,real_delta_india
2026-03-28T21:00:00+00:00,4502.31,4502.31,4499.5,4500.8,7544.0,real_delta_india
2026-03-28T21:30:00+00:00,4500.8,4501.6,4498.7,4498.7,5219.0,real_delta_india
2026-03-28T22:00:00+00:00,4498.6,4501.2,4498.4,4499.7,8391.0,real_delta_india
2026-03-28T22:30:00+00:00,4499.7,4500.2,4498.8,4499.4,2518.0,real_delta_india
2026-03-28T23:00:00+00:00,4499.4,4499.7,4498.4,4498.8,2940.0,real_delta_india
2026-03-28T23:30:00+00:00,4498.9,4499.5,4498.3,4499.4,7955.0,real_delta_india
2026-03-29T00:00:00+00:00,4499.5,4500.7,4496.6,4497.2,10962.0,real_delta_india
2026-03-29T00:30:00+00:00,4497.3,4499.1,4495.3,4496.0,59486.0,real_delta_india
2026-03-29T01:00:00+00:00,4496.0,4497.7,4493.3,4494.5,74998.0,real_delta_india
2026-03-29T01:30:00+00:00,4493.7,4493.8,4488.7,4493.4,97528.0,real_delta_india
2026-03-29T02:00:00+00:00,4493.5,4494.7,4493.3,4494.7,13249.0,real_delta_india
2026-03-29T02:30:00+00:00,4494.7,4496.2,4494.6,4496.0,23087.0,real_delta_india
2026-03-29T03:00:00+00:00,4496.0,4497.26,4495.7,4496.3,36460.0,real_delta_india
2026-03-29T03:30:00+00:00,4496.2,4497.0,4494.6,4494.8,52654.0,real_delta_india
2026-03-29T04:00:00+00:00,4494.9,4494.9,4493.3,4493.8,23944.0,real_delta_india
2026-03-29T04:30:00+00:00,4493.8,4496.5,4493.2,4493.4,46070.0,real_delta_india
2026-03-29T05:00:00+00:00,4493.4,4494.7,4493.0,4494.2,15146.0,real_delta_india
2026-03-29T05:30:00+00:00,4494.2,4494.9,4493.6,4494.9,17404.0,real_delta_india
2026-03-29T06:00:00+00:00,4494.8,4494.9,4493.3,4494.0,20942.0,real_delta_india
2026-03-29T06:30:00+00:00,4494.0,4494.1,4493.5,4493.5,13347.0,real_delta_india
2026-03-29T07:00:00+00:00,4493.7,4493.7,4492.2,4492.6,28639.0,real_delta_india
2026-03-29T07:30:00+00:00,4492.7,4494.2,4492.6,4494.2,20706.0,real_delta_india
2026-03-29T08:00:00+00:00,4494.2,4494.6,4493.6,4493.8,21026.0,real_delta_india
2026-03-29T08:30:00+00:00,4493.9,4493.9,4490.3,4492.3,33009.0,real_delta_india
2026-03-29T09:00:00+00:00,4492.4,4493.6,4492.3,4493.0,27485.0,real_delta_india
2026-03-29T09:30:00+00:00,4493.0,4493.8,4488.0,4490.8,63855.0,real_delta_india
2026-03-29T10:00:00+00:00,4490.9,4492.5,4487.9,4490.4,41669.0,real_delta_india
2026-03-29T10:30:00+00:00,4490.4,4493.5,4489.8,4491.3,25661.0,real_delta_india
2026-03-29T11:00:00+00:00,4491.2,4493.16,4490.2,4492.1,28435.0,real_delta_india
2026-03-29T11:30:00+00:00,4492.0,4499.6,4491.4,4498.5,101230.0,real_delta_india
2026-03-29T12:00:00+00:00,4498.5,4499.8,4497.5,4499.8,28468.0,real_delta_india
2026-03-29T12:30:00+00:00,4499.8,4515.0,4499.7,4515.0,301536.0,real_delta_india
2026-03-29T13:00:00+00:00,4515.0,4516.7,4505.8,4508.7,154167.0,real_delta_india
2026-03-29T13:30:00+00:00,4508.9,4509.8,4505.6,4506.5,61163.0,real_delta_india
2026-03-29T14:00:00+00:00,4506.5,4510.1,4505.9,4506.0,100713.0,real_delta_india
2026-03-29T14:30:00+00:00,4506.3,4507.7,4505.6,4506.9,53954.0,real_delta_india
2026-03-29T15:00:00+00:00,4506.8,4508.0,4504.9,4507.0,64536.0,real_delta_india
2026-03-29T15:30:00+00:00,4507.0,4510.9,4506.4,4510.9,48976.0,real_delta_india
2026-03-29T16:00:00+00:00,4510.9,4516.5,4510.0,4512.6,130589.0,real_delta_india
2026-03-29T16:30:00+00:00,4512.7,4513.4,4511.9,4512.6,50534.0,real_delta_india
2026-03-29T17:00:00+00:00,4512.6,4516.1,4512.5,4515.2,108698.0,real_delta_india
2026-03-29T17:30:00+00:00,4515.3,4516.0,4513.0,4513.5,44706.0,real_delta_india
2026-03-29T18:00:00+00:00,4513.4,4515.5,4512.8,4515.4,29540.0,real_delta_india
2026-03-29T18:30:00+00:00,4515.4,4517.6,4515.3,4517.4,83283.0,real_delta_india
2026-03-29T19:00:00+00:00,4517.4,4518.8,4515.0,4515.1,108298.0,real_delta_india
2026-03-29T19:30:00+00:00,4515.1,4516.0,4513.3,4513.4,37072.0,real_delta_india
2026-03-29T20:00:00+00:00,4515.0,4518.7,4514.3,4515.3,8676.0,real_delta_india
2026-03-29T20:30:00+00:00,4515.3,4516.1,4512.7,4513.8,24496.0,real_delta_india
2026-03-29T21:00:00+00:00,4513.7,4515.7,4513.6,4515.7,5912.0,real_delta_india
2026-03-29T21:30:00+00:00,4516.1,4523.3,4515.4,4520.9,66888.0,real_delta_india
2026-03-29T22:00:00+00:00,4518.6,4518.6,4481.6,4511.7,434000.0,real_delta_india
2026-03-29T22:30:00+00:00,4511.8,4514.8,4484.1,4487.2,208473.0,real_delta_india
2026-03-29T23:00:00+00:00,4488.5,4496.1,4470.0,4477.25,245697.0,real_delta_india
2026-03-29T23:30:00+00:00,4475.5,4475.5,4448.0,4452.16,370545.0,real_delta_india
2026-03-30T00:00:00+00:00,4454.7,4472.7,4423.5,4455.6,636599.0,real_delta_india
2026-03-30T00:30:00+00:00,4455.5,4463.7,4434.2,4435.9,381371.0,real_delta_india
2026-03-30T01:00:00+00:00,4436.1,4471.1,4436.1,4454.8,405742.0,real_delta_india
2026-03-30T01:30:00+00:00,4455.3,4480.6,4452.25,4475.7,386329.0,real_delta_india
2026-03-30T02:00:00+00:00,4475.0,4481.0,4472.7,4479.4,226036.0,real_delta_india
2026-03-30T02:30:00+00:00,4479.4,4505.9,4466.1,4490.0,663877.0,real_delta_india
2026-03-30T03:00:00+00:00,4489.7,4525.6,4487.6,4514.0,714691.0,real_delta_india
2026-03-30T03:30:00+00:00,4514.0,4514.7,4501.8,4503.0,388020.0,real_delta_india
2026-03-30T04:00:00+00:00,4503.5,4505.8,4494.2,4498.6,319932.0,real_delta_india
2026-03-30T04:30:00+00:00,4498.7,4505.5,4492.5,4504.4,336650.0,real_delta_india
2026-03-30T05:00:00+00:00,4504.7,4521.8,4504.7,4511.8,526655.0,real_delta_india
2026-03-30T05:30:00+00:00,4511.9,4533.7,4511.0,4528.3,653248.0,real_delta_india
2026-03-30T06:00:00+00:00,4528.3,4541.7,4523.7,4535.4,673081.0,real_delta_india
2026-03-30T06:30:00+00:00,4534.8,4554.8,4532.2,4536.6,795480.0,real_delta_india
2026-03-30T07:00:00+00:00,4536.5,4538.4,4524.0,4525.1,717511.0,real_delta_india
2026-03-30T07:30:00+00:00,4524.9,4532.6,4519.3,4532.6,554068.0,real_delta_india
2026-03-30T08:00:00+00:00,4532.31,4542.4,4530.4,4534.8,588344.0,real_delta_india
2026-03-30T08:30:00+00:00,4534.8,4542.9,4534.7,4540.7,290904.0,real_delta_india
2026-03-30T09:00:00+00:00,4541.2,4542.94,4526.6,4530.7,391049.0,real_delta_india
2026-03-30T09:30:00+00:00,4530.14,4540.0,4525.6,4534.5,431220.0,real_delta_india
2026-03-30T10:00:00+00:00,4535.0,4541.5,4530.1,4533.7,284669.0,real_delta_india
2026-03-30T10:30:00+00:00,4533.0,4536.9,4530.9,4534.0,220124.0,real_delta_india
2026-03-30T11:00:00+00:00,4534.6,4549.0,4527.1,4544.4,744446.0,real_delta_india
2026-03-30T11:30:00+00:00,4544.6,4579.5,4538.9,4558.6,1616342.0,real_delta_india
2026-03-30T12:00:00+00:00,4559.1,4567.3,4545.9,4565.6,1008088.0,real_delta_india
2026-03-30T12:30:00+00:00,4565.6,4576.5,4563.7,4568.5,986689.0,real_delta_india
2026-03-30T13:00:00+00:00,4569.0,4577.0,4558.4,4565.5,758797.0,real_delta_india
2026-03-30T13:30:00+00:00,4565.5,4571.6,4516.1,4520.6,2466502.0,real_delta_india
2026-03-30T14:00:00+00:00,4521.2,4533.4,4510.9,4517.7,1680563.0,real_delta_india
2026-03-30T14:30:00+00:00,4517.5,4539.1,4516.3,4537.0,1352206.0,real_delta_india
2026-03-30T15:00:00+00:00,4538.0,4541.1,4522.8,4528.7,1104070.0,real_delta_india
2026-03-30T15:30:00+00:00,4529.0,4553.6,4525.5,4545.4,1378228.0,real_delta_india
2026-03-30T16:00:00+00:00,4545.3,4546.3,4533.2,4533.2,864644.0,real_delta_india
2026-03-30T16:30:00+00:00,4533.4,4544.4,4529.0,4536.8,781734.0,real_delta_india
2026-03-30T17:00:00+00:00,4536.4,4538.4,4517.7,4524.4,978980.0,real_delta_india
2026-03-30T17:30:00+00:00,4522.8,4525.8,4509.0,4512.2,1165404.0,real_delta_india
2026-03-30T18:00:00+00:00,4512.9,4520.2,4509.4,4512.2,655381.0,real_delta_india
2026-03-30T18:30:00+00:00,4512.2,4517.3,4497.8,4497.9,655519.0,real_delta_india
2026-03-30T19:00:00+00:00,4498.0,4503.0,4490.3,4498.95,640087.0,real_delta_india
2026-03-30T19:30:00+00:00,4499.6,4515.8,4495.9,4511.9,409231.0,real_delta_india
2026-03-30T20:00:00+00:00,4511.7,4513.9,4500.0,4502.1,107536.0,real_delta_india
2026-03-30T20:30:00+00:00,4503.8,4507.4,4498.2,4507.4,72743.0,real_delta_india
2026-03-30T21:00:00+00:00,4507.3,4511.51,4505.1,4509.3,47432.0,real_delta_india
2026-03-30T21:30:00+00:00,4509.3,4517.1,4509.2,4513.6,28672.0,real_delta_india
2026-03-30T22:00:00+00:00,4513.7,4520.7,4502.25,4511.4,114264.0,real_delta_india
2026-03-30T22:30:00+00:00,4511.8,4513.3,4506.9,4511.1,32261.0,real_delta_india
2026-03-30T23:00:00+00:00,4505.1,4506.5,4490.0,4502.5,155462.0,real_delta_india
2026-03-30T23:30:00+00:00,4502.4,4517.0,4500.0,4510.4,110158.0,real_delta_india
2026-03-31T00:00:00+00:00,4509.1,4524.2,4478.8,4507.1,545970.0,real_delta_india
2026-03-31T00:30:00+00:00,4508.0,4543.0,4502.3,4542.8,519081.0,real_delta_india
2026-03-31T01:00:00+00:00,4544.3,4580.5,4528.9,4575.0,875465.0,real_delta_india
2026-03-31T01:30:00+00:00,4576.5,4612.1,4573.9,4599.6,783755.0,real_delta_india
2026-03-31T02:00:00+00:00,4599.8,4601.0,4575.7,4578.0,550277.0,real_delta_india
2026-03-31T02:30:00+00:00,4578.0,4583.3,4561.3,4564.2,497912.0,real_delta_india
2026-03-31T03:00:00+00:00,4564.2,4573.0,4552.5,4557.8,450125.0,real_delta_india
2026-03-31T03:30:00+00:00,4557.8,4561.9,4546.8,4552.8,565742.0,real_delta_india
2026-03-31T04:00:00+00:00,4553.0,4564.0,4552.9,4556.8,484493.0,real_delta_india
2026-03-31T04:30:00+00:00,4556.8,4563.0,4555.9,4559.8,305823.0,real_delta_india
2026-03-31T05:00:00+00:00,4559.5,4565.8,4542.6,4556.3,927842.0,real_delta_india
2026-03-31T05:30:00+00:00,4556.2,4575.8,4553.9,4564.2,950401.0,real_delta_india
2026-03-31T06:00:00+00:00,4564.2,4564.2,4550.0,4556.6,664467.0,real_delta_india
2026-03-31T06:30:00+00:00,4557.6,4560.7,4551.4,4554.0,340659.0,real_delta_india
2026-03-31T07:00:00+00:00,4554.14,4559.6,4540.2,4549.3,831191.0,real_delta_india
2026-03-31T07:30:00+00:00,4549.4,4563.5,4549.0,4562.2,619639.0,real_delta_india
2026-03-31T08:00:00+00:00,4562.4,4570.9,4558.5,4570.9,732975.0,real_delta_india
2026-03-31T08:30:00+00:00,4571.0,4573.6,4565.1,4566.7,579431.0,real_delta_india
2026-03-31T09:00:00+00:00,4566.8,4570.0,4558.5,4559.4,486263.0,real_delta_india
2026-03-31T09:30:00+00:00,4559.4,4559.9,4548.4,4552.6,727314.0,real_delta_india
2026-03-31T10:00:00+00:00,4552.7,4559.0,4552.5,4557.5,299949.0,real_delta_india
2026-03-31T10:30:00+00:00,4557.5,4557.8,4527.4,4545.3,960536.0,real_delta_india
2026-03-31T11:00:00+00:00,4545.6,4579.4,4539.8,4572.7,1299446.0,real_delta_india
2026-03-31T11:30:00+00:00,4572.7,4589.9,4567.3,4579.2,1341743.0,real_delta_india
2026-03-31T12:00:00+00:00,4579.9,4594.2,4569.05,4577.4,1660804.0,real_delta_india
2026-03-31T12:30:00+00:00,4577.6,4586.8,4567.4,4571.8,861066.0,real_delta_india
2026-03-31T13:00:00+00:00,4573.3,4584.6,4565.3,4571.1,1099000.0,real_delta_india
2026-03-31T13:30:00+00:00,4571.0,4604.9,4566.5,4604.2,1606579.0,real_delta_india
2026-03-31T14:00:00+00:00,4603.2,4620.0,4600.0,4614.3,1784024.0,real_delta_india
2026-03-31T14:30:00+00:00,4614.4,4626.6,4590.3,4593.9,2024136.0,real_delta_india
2026-03-31T15:00:00+00:00,4593.9,4619.6,4593.9,4604.6,1387256.0,real_delta_india
2026-03-31T15:30:00+00:00,4604.6,4617.6,4602.3,4604.3,976484.0,real_delta_india
2026-03-31T16:00:00+00:00,4604.2,4614.2,4602.8,4611.7,596199.0,real_delta_india
2026-03-31T16:30:00+00:00,4611.8,4645.4,4609.1,4633.1,1892957.0,real_delta_india
2026-03-31T17:00:00+00:00,4634.5,4650.9,4630.9,4641.9,1146608.0,real_delta_india
2026-03-31T17:30:00+00:00,4641.9,4661.2,4639.9,4648.1,1573356.0,real_delta_india
2026-03-31T18:00:00+00:00,4648.2,4662.8,4647.4,4658.4,671870.0,real_delta_india
2026-03-31T18:30:00+00:00,4658.2,4664.2,4654.3,4659.9,471222.0,real_delta_india
2026-03-31T19:00:00+00:00,4660.9,4672.8,4654.5,4665.2,609974.0,real_delta_india
2026-03-31T19:30:00+00:00,4665.7,4678.0,4665.5,4675.1,391156.0,real_delta_india
2026-03-31T20:00:00+00:00,4674.9,4679.2,4661.0,4662.9,391227.0,real_delta_india
2026-03-31T20:30:00+00:00,4661.3,4666.8,4656.4,4661.4,201053.0,real_delta_india
2026-03-31T21:00:00+00:00,4661.1,4661.2,4649.3,4650.1,128796.0,real_delta_india
2026-03-31T21:30:00+00:00,4650.0,4658.0,4650.0,4653.7,106730.0,real_delta_india
2026-03-31T22:00:00+00:00,4657.9,4674.6,4654.22,4665.9,160487.0,real_delta_india
2026-03-31T22:30:00+00:00,4664.2,4685.0,4654.7,4673.0,316712.0,real_delta_india
2026-03-31T23:00:00+00:00,4671.0,4673.6,4662.8,4672.5,56136.0,real_delta_india
2026-03-31T23:30:00+00:00,4674.4,4689.8,4673.3,4686.2,182655.0,real_delta_india
2026-04-01T00:00:00+00:00,4685.4,4710.6,4684.1,4710.6,464856.0,real_delta_india
2026-04-01T00:30:00+00:00,4710.7,4710.8,4688.5,4700.4,284351.0,real_delta_india
2026-04-01T01:00:00+00:00,4700.57,4711.7,4679.1,4695.1,540734.0,real_delta_india
2026-04-01T01:30:00+00:00,4693.9,4694.6,4670.5,4680.7,380973.0,real_delta_india
2026-04-01T02:00:00+00:00,4681.3,4687.5,4671.9,4675.5,322763.0,real_delta_india
2026-04-01T02:30:00+00:00,4674.0,4677.3,4666.6,4672.9,325139.0,real_delta_india
2026-04-01T03:00:00+00:00,4672.9,4681.5,4671.6,4675.5,368679.0,real_delta_india
2026-04-01T03:30:00+00:00,4675.6,4677.3,4667.5,4670.2,254909.0,real_delta_india
2026-04-01T04:00:00+00:00,4670.1,4670.3,4657.0,4662.1,502199.0,real_delta_india
2026-04-01T04:30:00+00:00,4662.2,4670.9,4657.7,4665.6,416469.0,real_delta_india
2026-04-01T05:00:00+00:00,4666.0,4680.8,4664.7,4677.7,521050.0,real_delta_india
2026-04-01T05:30:00+00:00,4678.7,4693.7,4674.9,4675.1,874752.0,real_delta_india
2026-04-01T06:00:00+00:00,4674.81,4700.8,4673.4,4698.1,816408.0,real_delta_india
2026-04-01T06:30:00+00:00,4698.2,4720.0,4690.5,4718.0,1024491.0,real_delta_india
2026-04-01T07:00:00+00:00,4718.9,4719.8,4701.5,4711.2,596037.0,real_delta_india
2026-04-01T07:30:00+00:00,4710.5,4733.8,4698.7,4701.2,1042844.0,real_delta_india
2026-04-01T08:00:00+00:00,4699.8,4723.1,4698.8,4718.4,715035.0,real_delta_india
2026-04-01T08:30:00+00:00,4718.3,4726.8,4713.0,4715.3,533750.0,real_delta_india
2026-04-01T09:00:00+00:00,4715.3,4716.8,4701.9,4707.2,551133.0,real_delta_india
2026-04-01T09:30:00+00:00,4708.6,4716.6,4701.8,4712.1,488534.0,real_delta_india
2026-04-01T10:00:00+00:00,4711.56,4715.6,4702.09,4714.8,371159.0,real_delta_india
2026-04-01T10:30:00+00:00,4714.5,4725.9,4713.1,4718.9,758341.0,real_delta_india
2026-04-01T11:00:00+00:00,4718.6,4732.8,4716.1,4731.5,794177.0,real_delta_india
2026-04-01T11:30:00+00:00,4731.4,4748.9,4731.1,4738.5,1124758.0,real_delta_india
2026-04-01T12:00:00+00:00,4738.4,4739.6,4712.3,4723.0,1523243.0,real_delta_india
2026-04-01T12:30:00+00:00,4722.6,4740.4,4711.8,4712.0,1394361.0,real_delta_india
2026-04-01T13:00:00+00:00,4712.0,4728.7,4704.3,4722.7,1078245.0,real_delta_india
2026-04-01T13:30:00+00:00,4722.8,4735.0,4717.5,4725.4,935372.0,real_delta_india
2026-04-01T14:00:00+00:00,4721.9,4741.5,4711.0,4729.1,1089609.0,real_delta_india
2026-04-01T14:30:00+00:00,4729.1,4754.8,4722.1,4747.0,1272560.0,real_delta_india
2026-04-01T15:00:00+00:00,4747.3,4762.3,4745.4,4758.3,1515431.0,real_delta_india
2026-04-01T15:30:00+00:00,4758.2,4775.08,4755.3,4774.4,1063712.0,real_delta_india
2026-04-01T16:00:00+00:00,4774.5,4778.6,4759.9,4762.7,1240422.0,real_delta_india
2026-04-01T16:30:00+00:00,4762.6,4775.0,4761.5,4773.4,533916.0,real_delta_india
2026-04-01T17:00:00+00:00,4773.4,4780.1,4769.2,4770.7,852989.0,real_delta_india
2026-04-01T17:30:00+00:00,4770.5,4770.7,4759.0,4759.5,768318.0,real_delta_india
2026-04-01T18:00:00+00:00,4759.4,4760.0,4738.3,4739.7,943480.0,real_delta_india
2026-04-01T18:30:00+00:00,4739.8,4751.1,4729.0,4738.1,699346.0,real_delta_india
2026-04-01T19:00:00+00:00,4738.0,4753.5,4737.3,4750.1,341950.0,real_delta_india
2026-04-01T19:30:00+00:00,4751.1,4762.5,4743.9,4750.4,295790.0,real_delta_india
2026-04-01T20:00:00+00:00,4753.3,4756.9,4746.7,4747.5,87894.0,real_delta_india
2026-04-01T20:30:00+00:00,4747.6,4748.7,4741.0,4742.9,114044.0,real_delta_india
2026-04-01T21:00:00+00:00,4743.5,4747.0,4741.1,4743.6,81022.0,real_delta_india
2026-04-01T21:30:00+00:00,4743.6,4748.0,4742.7,4747.4,37325.0,real_delta_india
2026-04-01T22:00:00+00:00,4748.0,4757.2,4737.0,4755.9,84930.0,real_delta_india
2026-04-01T22:30:00+00:00,4756.4,4765.6,4755.0,4760.2,285220.0,real_delta_india
2026-04-01T23:00:00+00:00,4759.9,4781.3,4757.25,4777.2,198451.0,real_delta_india
2026-04-01T23:30:00+00:00,4778.0,4782.1,4761.6,4767.0,174731.0,real_delta_india
2026-04-02T00:00:00+00:00,4765.3,4780.7,4758.7,4773.1,295022.0,real_delta_india
2026-04-02T00:30:00+00:00,4773.0,4779.9,4767.9,4769.8,186769.0,real_delta_india
2026-04-02T01:00:00+00:00,4769.4,4769.4,4675.3,4688.5,1496326.0,real_delta_india
2026-04-02T01:30:00+00:00,4684.7,4699.0,4642.25,4684.5,1129511.0,real_delta_india
2026-04-02T02:00:00+00:00,4684.5,4692.26,4669.4,4679.2,506556.0,real_delta_india
2026-04-02T02:30:00+00:00,4678.9,4680.2,4647.25,4676.9,805412.0,real_delta_india
2026-04-02T03:00:00+00:00,4675.7,4687.6,4667.7,4681.46,580035.0,real_delta_india
2026-04-02T03:30:00+00:00,4681.5,4681.5,4664.3,4666.6,404163.0,real_delta_india
2026-04-02T04:00:00+00:00,4666.6,4670.0,4652.8,4655.9,615821.0,real_delta_india
2026-04-02T04:30:00+00:00,4655.9,4663.0,4648.5,4662.0,329803.0,real_delta_india
2026-04-02T05:00:00+00:00,4662.8,4669.1,4656.5,4665.7,450055.0,real_delta_india
2026-04-02T05:30:00+00:00,4665.7,4666.4,4578.6,4586.9,1934685.0,real_delta_india
2026-04-02T06:00:00+00:00,4588.0,4590.7,4548.1,4585.0,1700398.0,real_delta_india
2026-04-02T06:30:00+00:00,4582.4,4600.5,4576.0,4591.8,844377.0,real_delta_india
2026-04-02T07:00:00+00:00,4591.4,4619.9,4590.2,4613.6,983622.0,real_delta_india
2026-04-02T07:30:00+00:00,4613.5,4641.3,4611.9,4633.6,1156509.0,real_delta_india
2026-04-02T08:00:00+00:00,4633.6,4638.8,4620.9,4625.5,937852.0,real_delta_india
2026-04-02T08:30:00+00:00,4625.5,4633.9,4609.0,4612.0,831314.0,real_delta_india
2026-04-02T09:00:00+00:00,4611.3,4623.4,4604.5,4612.9,751189.0,real_delta_india
2026-04-02T09:30:00+00:00,4613.0,4619.0,4607.5,4614.9,300962.0,real_delta_india
2026-04-02T10:00:00+00:00,4615.1,4626.6,4597.6,4610.8,794787.0,real_delta_india
2026-04-02T10:30:00+00:00,4610.8,4621.8,4605.2,4614.3,615215.0,real_delta_india
2026-04-02T11:00:00+00:00,4613.9,4622.6,4607.6,4608.8,457206.0,real_delta_india
2026-04-02T11:30:00+00:00,4607.25,4610.1,4586.7,4591.8,1158676.0,real_delta_india
2026-04-02T12:00:00+00:00,4592.04,4620.3,4586.2,4617.1,1188029.0,real_delta_india
2026-04-02T12:30:00+00:00,4617.1,4617.1,4592.0,4592.6,851452.0,real_delta_india
2026-04-02T13:00:00+00:00,4593.1,4604.3,4572.3,4588.6,1477367.0,real_delta_india
2026-04-02T13:30:00+00:00,4589.5,4641.2,4577.1,4636.1,1719159.0,real_delta_india
2026-04-02T14:00:00+00:00,4636.3,4664.4,4622.0,4652.8,1874016.0,real_delta_india
2026-04-02T14:30:00+00:00,4653.3,4687.8,4649.3,4668.9,2022136.0,real_delta_india
2026-04-02T15:00:00+00:00,4668.8,4670.6,4646.1,4659.6,1438093.0,real_delta_india
2026-04-02T15:30:00+00:00,4659.6,4663.5,4641.0,4649.1,1236812.0,real_delta_india
2026-04-02T16:00:00+00:00,4648.5,4655.7,4632.7,4640.0,1130177.0,real_delta_india
2026-04-02T16:30:00+00:00,4639.9,4658.9,4639.6,4649.3,897173.0,real_delta_india
2026-04-02T17:00:00+00:00,4649.0,4656.4,4640.3,4640.8,569074.0,real_delta_india
2026-04-02T17:30:00+00:00,4640.21,4646.2,4634.5,4636.6,766995.0,real_delta_india
2026-04-02T18:00:00+00:00,4636.6,4646.3,4635.8,4639.8,363893.0,real_delta_india
2026-04-02T18:30:00+00:00,4640.4,4659.7,4640.4,4656.5,795862.0,real_delta_india
2026-04-02T19:00:00+00:00,4657.1,4670.8,4654.4,4655.0,728297.0,real_delta_india
2026-04-02T19:30:00+00:00,4654.5,4664.2,4651.2,4660.2,303585.0,real_delta_india
2026-04-02T20:00:00+00:00,4660.5,4665.1,4653.9,4658.0,136598.0,real_delta_india
2026-04-02T20:30:00+00:00,4657.6,4664.0,4656.4,4662.3,85028.0,real_delta_india
2026-04-02T21:00:00+00:00,4663.4,4664.7,4661.3,4662.5,53926.0,real_delta_india
2026-04-02T21:30:00+00:00,4662.4,4668.6,4662.4,4666.7,23136.0,real_delta_india
2026-04-02T22:00:00+00:00,4666.7,4669.3,4663.3,4664.8,52235.0,real_delta_india
2026-04-02T22:30:00+00:00,4665.2,4666.8,4662.3,4663.2,28476.0,real_delta_india
2026-04-02T23:00:00+00:00,4663.2,4666.8,4662.5,4666.5,21898.0,real_delta_india
2026-04-02T23:30:00+00:00,4666.6,4668.6,4663.6,4666.8,27397.0,real_delta_india
2026-04-03T00:00:00+00:00,4667.3,4667.8,4664.7,4665.9,23156.0,real_delta_india
2026-04-03T00:30:00+00:00,4665.9,4665.9,4662.6,4664.9,36203.0,real_delta_india
2026-04-03T01:00:00+00:00,4664.9,4664.9,4661.5,4664.6,48639.0,real_delta_india
2026-04-03T01:30:00+00:00,4664.6,4664.6,4657.4,4660.6,176386.0,real_delta_india
2026-04-03T02:00:00+00:00,4660.2,4663.1,4659.2,4660.2,107824.0,real_delta_india
2026-04-03T02:30:00+00:00,4660.2,4663.5,4659.5,4663.2,102227.0,real_delta_india
2026-04-03T03:00:00+00:00,4663.6,4664.0,4660.5,4660.9,75284.0,real_delta_india
2026-04-03T03:30:00+00:00,4660.8,4661.8,4660.0,4661.5,69551.0,real_delta_india
2026-04-03T04:00:00+00:00,4661.4,4663.7,4661.4,4663.7,42512.0,real_delta_india
2026-04-03T04:30:00+00:00,4663.7,4665.0,4662.7,4664.3,125547.0,real_delta_india
2026-04-03T05:00:00+00:00,4664.3,4665.1,4662.3,4662.9,64486.0,real_delta_india
2026-04-03T05:30:00+00:00,4662.86,4665.7,4660.6,4665.5,60112.0,real_delta_india
2026-04-03T06:00:00+00:00,4665.6,4667.2,4662.7,4664.0,81285.0,real_delta_india
2026-04-03T06:30:00+00:00,4664.1,4664.8,4661.7,4662.0,90478.0,real_delta_india
2026-04-03T07:00:00+00:00,4662.0,4662.6,4656.0,4657.8,208219.0,real_delta_india
2026-04-03T07:30:00+00:00,4657.9,4658.1,4655.9,4657.8,123177.0,real_delta_india
2026-04-03T08:00:00+00:00,4657.8,4662.5,4657.7,4662.1,106849.0,real_delta_india
2026-04-03T08:30:00+00:00,4662.0,4662.1,4659.0,4660.3,74602.0,real_delta_india
2026-04-03T09:00:00+00:00,4660.3,4660.7,4658.8,4659.2,40430.0,real_delta_india
2026-04-03T09:30:00+00:00,4659.3,4659.9,4658.0,4659.9,45195.0,real_delta_india
2026-04-03T10:00:00+00:00,4659.9,4661.0,4659.5,4660.1,61647.0,real_delta_india
2026-04-03T10:30:00+00:00,4660.0,4660.1,4659.2,4659.3,21780.0,real_delta_india
2026-04-03T11:00:00+00:00,4659.4,4660.3,4658.1,4659.7,49779.0,real_delta_india
2026-04-03T11:30:00+00:00,4659.7,4659.8,4658.5,4659.8,50116.0,real_delta_india
2026-04-03T12:00:00+00:00,4659.7,4662.6,4657.0,4660.2,71395.0,real_delta_india
2026-04-03T12:30:00+00:00,4663.57,4664.1,4641.4,4645.6,337205.0,real_delta_india
2026-04-03T13:00:00+00:00,4645.5,4647.2,4644.9,4645.2,160516.0,real_delta_india
2026-04-03T13:30:00+00:00,4645.1,4650.2,4644.4,4649.3,118750.0,real_delta_india
2026-04-03T14:00:00+00:00,4649.2,4650.0,4646.0,4649.0,89825.0,real_delta_india
2026-04-03T14:30:00+00:00,4649.1,4649.6,4645.8,4647.1,106605.0,real_delta_india
2026-04-03T15:00:00+00:00,4647.1,4648.8,4645.4,4647.6,60520.0,real_delta_india
2026-04-03T15:30:00+00:00,4647.6,4649.7,4647.1,4648.2,77065.0,real_delta_india
2026-04-03T16:00:00+00:00,4648.3,4651.4,4647.2,4650.9,103892.0,real_delta_india
2026-04-03T16:30:00+00:00,4651.0,4651.1,4648.7,4649.9,68564.0,real_delta_india
2026-04-03T17:00:00+00:00,4649.9,4649.9,4646.1,4646.4,79085.0,real_delta_india
2026-04-03T17:30:00+00:00,4646.3,4648.1,4645.5,4646.6,60659.0,real_delta_india
2026-04-03T18:00:00+00:00,4646.6,4646.8,4644.5,4645.2,68136.0,real_delta_india
2026-04-03T18:30:00+00:00,4645.1,4646.2,4643.6,4645.0,46800.0,real_delta_india
2026-04-03T19:00:00+00:00,4645.1,4647.4,4641.4,4646.2,37331.0,real_delta_india
2026-04-03T19:30:00+00:00,4646.1,4646.2,4643.5,4643.5,17410.0,real_delta_india
2026-04-03T20:00:00+00:00,4643.5,4644.2,4641.58,4643.4,19672.0,real_delta_india
2026-04-03T20:30:00+00:00,4643.3,4644.4,4642.5,4643.7,3156.0,real_delta_india
2026-04-03T21:00:00+00:00,4643.9,4647.4,4643.9,4644.1,19830.0,real_delta_india
2026-04-03T21:30:00+00:00,4645.4,4646.8,4645.0,4645.8,1947.0,real_delta_india
2026-04-03T22:00:00+00:00,4645.7,4645.8,4644.1,4645.0,3608.0,real_delta_india
2026-04-03T22:30:00+00:00,4644.9,4646.4,4644.2,4644.5,2833.0,real_delta_india
2026-04-03T23:00:00+00:00,4644.6,4646.4,4644.5,4646.3,2940.0,real_delta_india
2026-04-03T23:30:00+00:00,4646.3,4648.0,4646.3,4646.8,16824.0,real_delta_india
2026-04-04T00:00:00+00:00,4646.8,4647.0,4644.9,4646.6,2425.0,real_delta_india
2026-04-04T00:30:00+00:00,4646.6,4648.8,4646.0,4646.2,15374.0,real_delta_india
2026-04-04T01:00:00+00:00,4646.2,4651.6,4646.2,4650.6,58378.0,real_delta_india
2026-04-04T01:30:00+00:00,4649.8,4651.7,4649.3,4651.7,33727.0,real_delta_india
2026-04-04T02:00:00+00:00,4651.7,4652.3,4650.0,4650.1,29443.0,real_delta_india
2026-04-04T02:30:00+00:00,4650.1,4651.3,4649.8,4651.3,36210.0,real_delta_india
2026-04-04T03:00:00+00:00,4651.26,4651.6,4648.91,4651.0,12648.0,real_delta_india
2026-04-04T03:30:00+00:00,4651.0,4651.4,4650.8,4651.3,18764.0,real_delta_india
2026-04-04T04:00:00+00:00,4651.2,4651.3,4648.34,4650.58,27012.0,real_delta_india
2026-04-04T04:30:00+00:00,4650.6,4650.6,4649.3,4649.3,14777.0,real_delta_india
2026-04-04T05:00:00+00:00,4649.2,4649.3,4648.7,4649.1,11530.0,real_delta_india
2026-04-04T05:30:00+00:00,4649.04,4649.1,4648.3,4648.91,34092.0,real_delta_india
2026-04-04T06:00:00+00:00,4648.9,4651.1,4648.8,4651.0,28824.0,real_delta_india
2026-04-04T06:30:00+00:00,4651.0,4651.4,4649.6,4649.8,24928.0,real_delta_india
2026-04-04T07:00:00+00:00,4649.9,4650.1,4649.3,4649.8,20502.0,real_delta_india
2026-04-04T07:30:00+00:00,4649.7,4649.8,4648.3,4648.3,13512.0,real_delta_india
2026-04-04T08:00:00+00:00,4648.3,4648.4,4646.8,4647.2,31318.0,real_delta_india
2026-04-04T08:30:00+00:00,4647.2,4647.6,4647.1,4647.6,9422.0,real_delta_india
2026-04-04T09:00:00+00:00,4647.6,4647.6,4646.9,4647.0,18544.0,real_delta_india
2026-04-04T09:30:00+00:00,4646.9,4649.1,4646.6,4648.8,33907.0,real_delta_india
2026-04-04T10:00:00+00:00,4648.8,4651.4,4648.7,4650.0,51557.0,real_delta_india
2026-04-04T10:30:00+00:00,4649.9,4652.8,4649.9,4652.3,59489.0,real_delta_india
2026-04-04T11:00:00+00:00,4652.3,4654.4,4652.3,4653.5,54368.0,real_delta_india
2026-04-04T11:30:00+00:00,4653.5,4653.63,4648.4,4650.3,66509.0,real_delta_india
2026-04-04T12:00:00+00:00,4650.3,4653.0,4650.2,4652.6,35050.0,real_delta_india
2026-04-04T12:30:00+00:00,4652.6,4653.1,4652.6,4653.0,13245.0,real_delta_india
2026-04-04T13:00:00+00:00,4653.0,4653.4,4651.9,4652.1,32777.0,real_delta_india
2026-04-04T13:30:00+00:00,4652.1,4653.7,4651.9,4653.6,22905.0,real_delta_india
2026-04-04T14:00:00+00:00,4653.9,4654.9,4652.1,4652.2,33748.0,real_delta_india
2026-04-04T14:30:00+00:00,4652.2,4654.3,4652.1,4654.3,43644.0,real_delta_india
2026-04-04T15:00:00+00:00,4654.4,4655.9,4652.2,4652.3,91075.0,real_delta_india
2026-04-04T15:30:00+00:00,4652.2,4654.2,4652.1,4654.0,66272.0,real_delta_india
2026-04-04T16:00:00+00:00,4654.2,4656.2,4654.1,4655.8,49415.0,real_delta_india
2026-04-04T16:30:00+00:00,4655.9,4656.0,4655.2,4655.3,30804.0,real_delta_india
2026-04-04T17:00:00+00:00,4655.4,4655.4,4654.7,4655.2,39104.0,real_delta_india
2026-04-04T17:30:00+00:00,4655.1,4655.2,4649.7,4650.4,48949.0,real_delta_india
2026-04-04T18:00:00+00:00,4650.3,4651.2,4649.4,4651.1,45603.0,real_delta_india
2026-04-04T18:30:00+00:00,4651.1,4651.2,4648.2,4649.4,20662.0,real_delta_india
2026-04-04T19:00:00+00:00,4649.0,4650.3,4647.4,4648.1,61466.0,real_delta_india
2026-04-04T19:30:00+00:00,4647.8,4647.9,4647.2,4647.9,12264.0,real_delta_india
2026-04-04T20:00:00+00:00,4647.8,4648.6,4646.2,4648.4,26777.0,real_delta_india
2026-04-04T20:30:00+00:00,4648.4,4649.2,4648.0,4649.1,7327.0,real_delta_india
2026-04-04T21:00:00+00:00,4649.1,4649.5,4647.4,4648.3,2830.0,real_delta_india
2026-04-04T21:30:00+00:00,4648.6,4648.8,4648.5,4648.6,4277.0,real_delta_india
2026-04-04T22:00:00+00:00,4648.6,4648.9,4647.7,4648.65,5825.0,real_delta_india
2026-04-04T22:30:00+00:00,4648.6,4648.9,4648.6,4648.7,4583.0,real_delta_india
2026-04-04T23:00:00+00:00,4648.5,4648.8,4647.9,4647.9,3114.0,real_delta_india
2026-04-04T23:30:00+00:00,4648.0,4648.5,4646.6,4646.7,19447.0,real_delta_india
2026-04-05T00:00:00+00:00,4646.8,4647.3,4645.7,4647.1,19275.0,real_delta_india
2026-04-05T00:30:00+00:00,4648.4,4649.7,4646.5,4647.7,13222.0,real_delta_india
2026-04-05T01:00:00+00:00,4647.7,4648.7,4647.3,4647.6,3489.0,real_delta_india
2026-04-05T01:30:00+00:00,4647.7,4647.9,4647.6,4647.7,2614.0,real_delta_india
2026-04-05T02:00:00+00:00,4647.6,4649.1,4647.6,4648.9,13321.0,real_delta_india
2026-04-05T02:30:00+00:00,4648.9,4649.0,4648.5,4648.8,7098.0,real_delta_india
2026-04-05T03:00:00+00:00,4648.8,4648.8,4648.5,4648.7,6999.0,real_delta_india
2026-04-05T03:30:00+00:00,4648.6,4649.0,4648.6,4648.7,5722.0,real_delta_india
2026-04-05T04:00:00+00:00,4648.7,4648.7,4648.5,4648.6,8721.0,real_delta_india
2026-04-05T04:30:00+00:00,4648.6,4649.0,4648.6,4648.7,8244.0,real_delta_india
2026-04-05T05:00:00+00:00,4648.6,4648.7,4648.6,4648.7,2043.0,real_delta_india
2026-04-05T05:30:00+00:00,4648.7,4648.7,4647.94,4648.0,15928.0,real_delta_india
2026-04-05T06:00:00+00:00,4648.0,4650.1,4647.0,4649.95,36458.0,real_delta_india
2026-04-05T06:30:00+00:00,4649.95,4650.4,4648.0,4648.1,19840.0,real_delta_india
2026-04-05T07:00:00+00:00,4648.2,4648.2,4646.4,4646.8,26713.0,real_delta_india
2026-04-05T07:30:00+00:00,4646.8,4647.4,4646.7,4646.7,19312.0,real_delta_india
2026-04-05T08:00:00+00:00,4646.6,4648.42,4646.4,4647.97,20428.0,real_delta_india
2026-04-05T08:30:00+00:00,4648.0,4648.8,4646.8,4647.3,13158.0,real_delta_india
2026-04-05T09:00:00+00:00,4647.2,4648.2,4647.2,4648.2,7663.0,real_delta_india
2026-04-05T09:30:00+00:00,4648.2,4648.5,4646.5,4646.5,19418.0,real_delta_india
2026-04-05T10:00:00+00:00,4646.6,4646.7,4638.6,4640.9,110984.0,real_delta_india
2026-04-05T10:30:00+00:00,4640.8,4641.9,4640.4,4640.5,25716.0,real_delta_india
2026-04-05T11:00:00+00:00,4640.5,4640.5,4636.9,4636.92,96052.0,real_delta_india
2026-04-05T11:30:00+00:00,4636.9,4637.1,4631.6,4635.9,107735.0,real_delta_india
2026-04-05T12:00:00+00:00,4635.8,4635.8,4616.1,4618.6,322523.0,real_delta_india
2026-04-05T12:30:00+00:00,4618.6,4628.5,4618.6,4626.4,266480.0,real_delta_india
2026-04-05T13:00:00+00:00,4626.31,4637.1,4624.7,4634.1,143190.0,real_delta_india
2026-04-05T13:30:00+00:00,4634.0,4634.0,4626.2,4628.6,91807.0,real_delta_india
2026-04-05T14:00:00+00:00,4628.7,4634.0,4628.6,4631.4,70236.0,real_delta_india
2026-04-05T14:30:00+00:00,4631.4,4633.6,4630.6,4632.5,26873.0,real_delta_india
2026-04-05T15:00:00+00:00,4632.6,4634.4,4631.6,4632.9,57113.0,real_delta_india
2026-04-05T15:30:00+00:00,4633.5,4636.2,4630.6,4632.7,81817.0,real_delta_india
2026-04-05T16:00:00+00:00,4630.8,4633.9,4616.6,4623.4,161570.0,real_delta_india
2026-04-05T16:30:00+00:00,4623.5,4623.5,4620.0,4620.7,95007.0,real_delta_india
2026-04-05T17:00:00+00:00,4620.7,4620.8,4617.0,4618.1,79583.0,real_delta_india
2026-04-05T17:30:00+00:00,4618.1,4619.5,4616.0,4617.0,133027.0,real_delta_india
2026-04-05T18:00:00+00:00,4617.0,4618.8,4616.5,4618.8,69879.0,real_delta_india
2026-04-05T18:30:00+00:00,4618.7,4622.9,4618.7,4620.3,117616.0,real_delta_india
2026-04-05T19:00:00+00:00,4620.3,4625.8,4620.3,4624.0,74506.0,real_delta_india
2026-04-05T19:30:00+00:00,4624.0,4626.0,4621.3,4625.7,34112.0,real_delta_india
2026-04-05T20:00:00+00:00,4622.0,4623.0,4614.9,4618.0,91853.0,real_delta_india
2026-04-05T20:30:00+00:00,4618.4,4623.1,4617.3,4621.7,19642.0,real_delta_india
2026-04-05T21:00:00+00:00,4622.0,4625.6,4621.6,4623.5,11080.0,real_delta_india
2026-04-05T21:30:00+00:00,4623.3,4627.7,4614.1,4622.6,51980.0,real_delta_india
2026-04-05T22:00:00+00:00,4627.26,4647.7,4601.5,4618.7,494354.0,real_delta_india
2026-04-05T22:30:00+00:00,4619.6,4634.6,4607.1,4629.0,259773.0,real_delta_india
2026-04-05T23:00:00+00:00,4629.1,4632.9,4597.99,4598.5,179370.0,real_delta_india
2026-04-05T23:30:00+00:00,4597.8,4606.1,4592.3,4598.4,512726.0,real_delta_india
2026-04-06T00:00:00+00:00,4597.8,4613.1,4585.6,4589.2,516359.0,real_delta_india
2026-04-06T00:30:00+00:00,4590.0,4612.6,4589.5,4608.7,258572.0,real_delta_india
2026-04-06T01:00:00+00:00,4609.8,4630.9,4609.3,4628.2,453855.0,real_delta_india
2026-04-06T01:30:00+00:00,4628.2,4628.5,4608.9,4612.6,180994.0,real_delta_india
2026-04-06T02:00:00+00:00,4612.7,4656.7,4611.2,4646.9,487446.0,real_delta_india
2026-04-06T02:30:00+00:00,4647.7,4652.2,4631.9,4633.9,275328.0,real_delta_india
2026-04-06T03:00:00+00:00,4633.5,4633.5,4612.2,4617.2,483195.0,real_delta_india
2026-04-06T03:30:00+00:00,4616.9,4628.5,4613.2,4626.6,340586.0,real_delta_india
2026-04-06T04:00:00+00:00,4626.6,4635.0,4626.6,4632.3,350509.0,real_delta_india
2026-04-06T04:30:00+00:00,4631.6,4677.89,4628.8,4644.4,357994.0,real_delta_india
2026-04-06T05:00:00+00:00,4644.5,4664.4,4644.3,4653.0,969605.0,real_delta_india
2026-04-06T05:30:00+00:00,4652.9,4654.7,4639.5,4640.9,631703.0,real_delta_india
2026-04-06T06:00:00+00:00,4640.9,4650.2,4631.6,4642.6,648323.0,real_delta_india
2026-04-06T06:30:00+00:00,4643.0,4654.3,4638.8,4651.8,475664.0,real_delta_india
2026-04-06T07:00:00+00:00,4652.4,4652.5,4632.2,4636.5,769994.0,real_delta_india
2026-04-06T07:30:00+00:00,4636.5,4674.0,4636.3,4669.7,1113058.0,real_delta_india
2026-04-06T08:00:00+00:00,4670.6,4681.0,4667.0,4676.2,790935.0,real_delta_india
2026-04-06T08:30:00+00:00,4675.7,4682.0,4674.8,4680.4,374391.0,real_delta_india
2026-04-06T09:00:00+00:00,4681.7,4689.4,4681.4,4686.2,676429.0,real_delta_india
2026-04-06T09:30:00+00:00,4686.9,4690.9,4674.6,4677.2,599072.0,real_delta_india
2026-04-06T10:00:00+00:00,4677.2,4681.8,4669.8,4672.9,405718.0,real_delta_india
2026-04-06T10:30:00+00:00,4673.1,4680.0,4667.71,4674.8,459159.0,real_delta_india
2026-04-06T11:00:00+00:00,4674.7,4680.5,4669.5,4672.4,343648.0,real_delta_india
2026-04-06T11:30:00+00:00,4672.4,4677.3,4662.5,4663.5,639237.0,real_delta_india
2026-04-06T12:00:00+00:00,4664.0,4670.0,4645.0,4650.9,1263879.0,real_delta_india
2026-04-06T12:30:00+00:00,4651.3,4665.0,4651.2,4659.5,907151.0,real_delta_india
2026-04-06T13:00:00+00:00,4659.7,4661.1,4644.6,4652.2,934928.0,real_delta_india
2026-04-06T13:30:00+00:00,4654.7,4665.7,4646.0,4664.7,1012789.0,real_delta_india
2026-04-06T14:00:00+00:00,4665.82,4676.7,4645.6,4669.8,1341189.0,real_delta_india
2026-04-06T14:30:00+00:00,4670.1,4679.6,4659.05,4666.7,915822.0,real_delta_india
2026-04-06T15:00:00+00:00,4666.6,4667.8,4639.5,4651.5,1198918.0,real_delta_india
2026-04-06T15:30:00+00:00,4651.5,4653.9,4636.9,4651.7,998720.0,real_delta_india
2026-04-06T16:00:00+00:00,4652.1,4655.8,4646.0,4649.3,541222.0,real_delta_india
2026-04-06T16:30:00+00:00,4649.6,4654.8,4642.4,4644.0,461660.0,real_delta_india
2026-04-06T17:00:00+00:00,4644.1,4645.0,4630.3,4640.6,829035.0,real_delta_india
2026-04-06T17:30:00+00:00,4640.6,4645.6,4636.4,4638.3,330122.0,real_delta_india
2026-04-06T18:00:00+00:00,4638.5,4650.9,4635.6,4643.7,354931.0,real_delta_india
2026-04-06T18:30:00+00:00,4643.8,4646.4,4633.1,4641.0,379969.0,real_delta_india
2026-04-06T19:00:00+00:00,4641.1,4642.0,4630.4,4634.2,232356.0,real_delta_india
2026-04-06T19:30:00+00:00,4634.2,4640.6,4633.2,4638.9,110209.0,real_delta_india
2026-04-06T20:00:00+00:00,4638.9,4642.3,4636.5,4641.4,56791.0,real_delta_india
2026-04-06T20:30:00+00:00,4641.4,4641.9,4634.2,4634.4,70956.0,real_delta_india
2026-04-06T21:00:00+00:00,4636.3,4639.4,4635.8,4637.3,27281.0,real_delta_india
2026-04-06T21:30:00+00:00,4637.0,4637.0,4632.3,4636.5,20781.0,real_delta_india
2026-04-06T22:00:00+00:00,4636.7,4650.3,4635.2,4644.3,137937.0,real_delta_india
2026-04-06T22:30:00+00:00,4645.2,4646.3,4638.9,4639.8,22483.0,real_delta_india
2026-04-06T23:00:00+00:00,4639.8,4642.6,4636.2,4637.6,63151.0,real_delta_india
2026-04-06T23:30:00+00:00,4636.4,4642.3,4634.4,4641.9,100241.0,real_delta_india
2026-04-07T00:00:00+00:00,4641.2,4644.0,4633.6,4641.9,75269.0,real_delta_india
2026-04-07T00:30:00+00:00,4641.8,4644.6,4638.0,4638.6,101822.0,real_delta_india
2026-04-07T01:00:00+00:00,4638.0,4647.3,4612.2,4636.0,680045.0,real_delta_india
2026-04-07T01:30:00+00:00,4635.9,4642.9,4601.0,4610.4,671496.0,real_delta_india
2026-04-07T02:00:00+00:00,4609.9,4617.4,4603.3,4617.1,246089.0,real_delta_india
2026-04-07T02:30:00+00:00,4617.1,4633.8,4616.9,4631.6,304136.0,real_delta_india
2026-04-07T03:00:00+00:00,4631.5,4634.3,4622.2,4624.6,241313.0,real_delta_india
2026-04-07T03:30:00+00:00,4624.6,4633.5,4624.4,4632.2,177340.0,real_delta_india
2026-04-07T04:00:00+00:00,4632.9,4634.1,4627.3,4632.6,304535.0,real_delta_india
2026-04-07T04:30:00+00:00,4632.6,4645.8,4632.0,4641.3,538124.0,real_delta_india
2026-04-07T05:00:00+00:00,4641.5,4642.8,4614.6,4616.4,591278.0,real_delta_india
2026-04-07T05:30:00+00:00,4615.8,4626.3,4608.0,4624.5,618570.0,real_delta_india
2026-04-07T06:00:00+00:00,4624.6,4629.0,4619.8,4623.8,369148.0,real_delta_india
2026-04-07T06:30:00+00:00,4623.9,4638.4,4623.3,4635.7,409373.0,real_delta_india
2026-04-07T07:00:00+00:00,4636.3,4638.7,4622.5,4623.6,410481.0,real_delta_india
2026-04-07T07:30:00+00:00,4623.7,4629.56,4621.0,4629.1,239580.0,real_delta_india
2026-04-07T08:00:00+00:00,4629.1,4672.1,4627.3,4660.8,1097688.0,real_delta_india
2026-04-07T08:30:00+00:00,4660.2,4669.6,4660.0,4664.4,468430.0,real_delta_india
2026-04-07T09:00:00+00:00,4664.4,4676.39,4664.4,4669.7,693205.0,real_delta_india
2026-04-07T09:30:00+00:00,4669.2,4669.3,4643.8,4655.0,941602.0,real_delta_india
2026-04-07T10:00:00+00:00,4655.32,4663.0,4641.5,4650.6,617651.0,real_delta_india
2026-04-07T10:30:00+00:00,4651.6,4654.9,4634.0,4636.3,630200.0,real_delta_india
2026-04-07T11:00:00+00:00,4636.7,4640.3,4615.7,4631.6,982196.0,real_delta_india
2026-04-07T11:30:00+00:00,4631.1,4645.9,4631.0,4642.6,601313.0,real_delta_india
2026-04-07T12:00:00+00:00,4642.8,4653.4,4634.6,4650.7,807642.0,real_delta_india
2026-04-07T12:30:00+00:00,4650.6,4652.3,4631.2,4636.2,1186160.0,real_delta_india
2026-04-07T13:00:00+00:00,4635.9,4647.5,4632.9,4642.5,457841.0,real_delta_india
2026-04-07T13:30:00+00:00,4643.0,4647.4,4621.5,4628.8,782401.0,real_delta_india
2026-04-07T14:00:00+00:00,4628.0,4632.7,4592.9,4628.6,2024063.0,real_delta_india
2026-04-07T14:30:00+00:00,4628.4,4643.5,4615.2,4617.2,1317936.0,real_delta_india
2026-04-07T15:00:00+00:00,4617.1,4636.6,4611.1,4636.6,850932.0,real_delta_india
2026-04-07T15:30:00+00:00,4636.5,4643.4,4626.2,4640.4,777898.0,real_delta_india
2026-04-07T16:00:00+00:00,4640.8,4652.1,4638.1,4648.4,803543.0,real_delta_india
2026-04-07T16:30:00+00:00,4648.7,4649.3,4641.5,4642.2,377593.0,real_delta_india
2026-04-07T17:00:00+00:00,4641.94,4657.0,4640.2,4646.2,781668.0,real_delta_india
2026-04-07T17:30:00+00:00,4646.71,4669.9,4646.71,4659.6,1033795.0,real_delta_india
2026-04-07T18:00:00+00:00,4660.5,4669.3,4660.5,4665.0,584897.0,real_delta_india
2026-04-07T18:30:00+00:00,4665.4,4669.3,4642.8,4646.9,606104.0,real_delta_india
2026-04-07T19:00:00+00:00,4648.0,4685.0,4646.6,4671.2,830986.0,real_delta_india
2026-04-07T19:30:00+00:00,4670.6,4701.1,4665.4,4684.63,612647.0,real_delta_india
2026-04-07T20:00:00+00:00,4685.6,4696.2,4682.0,4692.7,361409.0,real_delta_india
2026-04-07T20:30:00+00:00,4693.6,4698.1,4685.8,4689.4,405425.0,real_delta_india
2026-04-07T21:00:00+00:00,4688.9,4698.0,4685.9,4689.9,89826.0,real_delta_india
2026-04-07T21:30:00+00:00,4689.9,4700.1,4689.2,4695.1,80977.0,real_delta_india
2026-04-07T22:00:00+00:00,4700.0,4731.2,4698.4,4716.7,566608.0,real_delta_india
2026-04-07T22:30:00+00:00,4716.9,4798.3,4699.47,4796.3,769552.0,real_delta_india
2026-04-07T23:00:00+00:00,4797.2,4805.5,4781.7,4792.2,425866.0,real_delta_india
2026-04-07T23:30:00+00:00,4792.8,4810.8,4781.8,4809.0,290682.0,real_delta_india
2026-04-08T00:00:00+00:00,4808.5,4833.5,4797.8,4800.2,706863.0,real_delta_india
2026-04-08T00:30:00+00:00,4800.1,4802.1,4785.4,4793.9,447836.0,real_delta_india
2026-04-08T01:00:00+00:00,4796.7,4799.1,4770.1,4771.7,575701.0,real_delta_india
2026-04-08T01:30:00+00:00,4771.1,4790.0,4766.5,4787.0,430305.0,real_delta_india
2026-04-08T02:00:00+00:00,4787.5,4799.6,4783.4,4787.2,327314.0,real_delta_india
2026-04-08T02:30:00+00:00,4787.2,4794.8,4775.6,4780.1,396918.0,real_delta_india
2026-04-08T03:00:00+00:00,4780.3,4781.6,4772.9,4780.5,276611.0,real_delta_india
2026-04-08T03:30:00+00:00,4779.2,4780.7,4772.1,4774.1,207822.0,real_delta_india
2026-04-08T04:00:00+00:00,4774.2,4780.0,4767.0,4778.6,401259.0,real_delta_india
2026-04-08T04:30:00+00:00,4778.7,4783.3,4774.7,4779.5,407687.0,real_delta_india
2026-04-08T05:00:00+00:00,4779.6,4792.7,4777.3,4792.7,530777.0,real_delta_india
2026-04-08T05:30:00+00:00,4792.7,4818.0,4789.9,4804.0,976720.0,real_delta_india
2026-04-08T06:00:00+00:00,4803.5,4811.1,4797.0,4811.0,612931.0,real_delta_india
2026-04-08T06:30:00+00:00,4811.6,4815.2,4795.8,4796.2,531825.0,real_delta_india
2026-04-08T07:00:00+00:00,4796.2,4796.8,4786.0,4794.2,526448.0,real_delta_india
2026-04-08T07:30:00+00:00,4794.3,4795.9,4782.9,4790.1,524065.0,real_delta_india
2026-04-08T08:00:00+00:00,4789.8,4796.0,4778.1,4786.0,346802.0,real_delta_india
2026-04-08T08:30:00+00:00,4786.5,4786.9,4770.1,4774.5,453544.0,real_delta_india
2026-04-08T09:00:00+00:00,4774.4,4786.7,4773.2,4779.3,382235.0,real_delta_india
2026-04-08T09:30:00+00:00,4779.33,4783.5,4757.1,4764.1,811418.0,real_delta_india
2026-04-08T10:00:00+00:00,4764.3,4771.4,4752.3,4763.6,813694.0,real_delta_india
2026-04-08T10:30:00+00:00,4763.6,4775.5,4761.6,4763.7,680350.0,real_delta_india
2026-04-08T11:00:00+00:00,4763.7,4778.9,4761.1,4773.9,796160.0,real_delta_india
2026-04-08T11:30:00+00:00,4773.4,4781.61,4760.0,4778.3,611569.0,real_delta_india
2026-04-08T12:00:00+00:00,4778.6,4786.9,4748.2,4764.1,1624014.0,real_delta_india
2026-04-08T12:30:00+00:00,4764.2,4782.2,4763.7,4780.7,889801.0,real_delta_india
2026-04-08T13:00:00+00:00,4781.8,4787.3,4769.8,4771.0,858050.0,real_delta_india
2026-04-08T13:30:00+00:00,4771.9,4775.0,4749.0,4759.6,1377611.0,real_delta_india
2026-04-08T14:00:00+00:00,4757.7,4771.5,4743.5,4749.6,922936.0,real_delta_india
2026-04-08T14:30:00+00:00,4749.1,4750.0,4714.5,4717.2,1528886.0,real_delta_india
2026-04-08T15:00:00+00:00,4717.8,4738.3,4715.9,4732.4,965297.0,real_delta_india
2026-04-08T15:30:00+00:00,4732.4,4743.7,4732.2,4737.9,493302.0,real_delta_india
2026-04-08T16:00:00+00:00,4737.8,4744.2,4726.8,4730.8,640225.0,real_delta_india
2026-04-08T16:30:00+00:00,4732.0,4746.56,4729.4,4741.2,621961.0,real_delta_india
2026-04-08T17:00:00+00:00,4741.2,4745.5,4727.1,4732.5,888086.0,real_delta_india
2026-04-08T17:30:00+00:00,4732.4,4735.9,4714.8,4716.2,981601.0,real_delta_india
2026-04-08T18:00:00+00:00,4717.0,4727.1,4701.5,4704.9,1191896.0,real_delta_india
2026-04-08T18:30:00+00:00,4706.4,4708.0,4686.82,4688.0,791360.0,real_delta_india
2026-04-08T19:00:00+00:00,4687.0,4700.0,4681.1,4691.4,647425.0,real_delta_india
2026-04-08T19:30:00+00:00,4691.2,4714.2,4691.2,4713.5,443848.0,real_delta_india
2026-04-08T20:00:00+00:00,4714.4,4714.6,4703.9,4705.7,222738.0,real_delta_india
2026-04-08T20:30:00+00:00,4705.8,4707.7,4700.4,4703.7,80307.0,real_delta_india
2026-04-08T21:00:00+00:00,4705.1,4709.6,4705.1,4709.6,25451.0,real_delta_india
2026-04-08T21:30:00+00:00,4709.6,4715.0,4707.6,4710.7,61429.0,real_delta_india
2026-04-08T22:00:00+00:00,4711.7,4715.9,4688.9,4696.2,106077.0,real_delta_india
2026-04-08T22:30:00+00:00,4697.4,4703.1,4691.5,4701.6,87128.0,real_delta_india
2026-04-08T23:00:00+00:00,4701.6,4701.7,4690.6,4695.3,127334.0,real_delta_india
2026-04-08T23:30:00+00:00,4694.5,4702.7,4691.5,4699.9,70395.0,real_delta_india
2026-04-09T00:00:00+00:00,4699.8,4699.8,4682.7,4691.9,208532.0,real_delta_india
2026-04-09T00:30:00+00:00,4691.6,4702.3,4690.4,4690.8,147400.0,real_delta_india
2026-04-09T01:00:00+00:00,4690.4,4706.4,4684.0,4689.4,432933.0,real_delta_india
2026-04-09T01:30:00+00:00,4689.1,4712.1,4689.0,4712.0,356127.0,real_delta_india
2026-04-09T02:00:00+00:00,4712.8,4712.9,4706.0,4710.4,197412.0,real_delta_india
2026-04-09T02:30:00+00:00,4710.3,4717.0,4702.8,4704.3,363447.0,real_delta_india
2026-04-09T03:00:00+00:00,4704.3,4704.9,4690.6,4697.2,442077.0,real_delta_india
2026-04-09T03:30:00+00:00,4697.7,4701.0,4693.1,4696.7,279100.0,real_delta_india
2026-04-09T04:00:00+00:00,4696.9,4706.2,4695.7,4700.7,270647.0,real_delta_india
2026-04-09T04:30:00+00:00,4700.7,4708.6,4698.4,4704.7,202290.0,real_delta_india
2026-04-09T05:00:00+00:00,4703.5,4711.0,4696.18,4710.8,339073.0,real_delta_india
2026-04-09T05:30:00+00:00,4710.85,4711.2,4693.0,4699.1,384756.0,real_delta_india
2026-04-09T06:00:00+00:00,4699.3,4709.7,4698.8,4703.1,375125.0,real_delta_india
2026-04-09T06:30:00+00:00,4703.9,4707.6,4690.9,4699.6,341369.0,real_delta_india
2026-04-09T07:00:00+00:00,4699.8,4715.8,4693.9,4695.4,438444.0,real_delta_india
2026-04-09T07:30:00+00:00,4695.4,4716.0,4695.4,4709.2,450327.0,real_delta_india
2026-04-09T08:00:00+00:00,4710.5,4713.7,4706.8,4707.9,159888.0,real_delta_india
2026-04-09T08:30:00+00:00,4708.0,4719.8,4707.6,4713.5,474519.0,real_delta_india
2026-04-09T09:00:00+00:00,4713.0,4720.5,4710.5,4716.8,436554.0,real_delta_india
2026-04-09T09:30:00+00:00,4716.6,4719.9,4711.4,4716.9,324931.0,real_delta_india
2026-04-09T10:00:00+00:00,4716.8,4725.7,4710.2,4724.5,537055.0,real_delta_india
2026-04-09T10:30:00+00:00,4725.0,4732.0,4723.0,4727.4,638343.0,real_delta_india
2026-04-09T11:00:00+00:00,4727.4,4732.2,4724.4,4730.7,423713.0,real_delta_india
2026-04-09T11:30:00+00:00,4731.0,4742.4,4728.1,4741.6,868796.0,real_delta_india
2026-04-09T12:00:00+00:00,4741.7,4744.7,4721.8,4724.4,1045326.0,real_delta_india
2026-04-09T12:30:00+00:00,4724.79,4734.0,4722.5,4731.7,562151.0,real_delta_india
2026-04-09T13:00:00+00:00,4731.3,4744.0,4725.78,4738.2,942329.0,real_delta_india
2026-04-09T13:30:00+00:00,4738.6,4761.7,4736.7,4749.7,1664010.0,real_delta_india
2026-04-09T14:00:00+00:00,4750.0,4761.0,4745.4,4750.1,903129.0,real_delta_india
2026-04-09T14:30:00+00:00,4750.7,4755.4,4735.1,4755.0,1069819.0,real_delta_india
2026-04-09T15:00:00+00:00,4755.0,4771.6,4747.1,4764.0,1288806.0,real_delta_india
2026-04-09T15:30:00+00:00,4764.1,4782.2,4763.3,4778.5,1099201.0,real_delta_india
2026-04-09T16:00:00+00:00,4778.6,4787.2,4772.6,4776.7,766586.0,real_delta_india
2026-04-09T16:30:00+00:00,4777.4,4779.4,4768.4,4772.0,662985.0,real_delta_india
2026-04-09T17:00:00+00:00,4772.3,4782.4,4770.8,4776.5,644019.0,real_delta_india
2026-04-09T17:30:00+00:00,4777.9,4784.7,4771.2,4781.8,604117.0,real_delta_india
2026-04-09T18:00:00+00:00,4781.6,4781.6,4762.5,4766.1,754155.0,real_delta_india
2026-04-09T18:30:00+00:00,4766.0,4766.0,4754.4,4758.2,634987.0,real_delta_india
2026-04-09T19:00:00+00:00,4758.7,4767.7,4755.8,4758.8,317506.0,real_delta_india
2026-04-09T19:30:00+00:00,4759.1,4763.0,4752.1,4754.3,209684.0,real_delta_india
2026-04-09T20:00:00+00:00,4754.6,4759.0,4752.7,4757.0,147242.0,real_delta_india
2026-04-09T20:30:00+00:00,4756.9,4758.0,4748.4,4753.0,176512.0,real_delta_india
2026-04-09T21:00:00+00:00,4752.3,4754.8,4748.4,4751.4,52816.0,real_delta_india
2026-04-09T21:30:00+00:00,4751.4,4752.9,4746.71,4752.8,29544.0,real_delta_india
2026-04-09T22:00:00+00:00,4753.1,4761.8,4747.0,4747.0,93720.0,real_delta_india
2026-04-09T22:30:00+00:00,4746.0,4748.8,4742.4,4747.0,140865.0,real_delta_india
2026-04-09T23:00:00+00:00,4746.8,4746.8,4740.7,4740.9,79852.0,real_delta_india
2026-04-09T23:30:00+00:00,4740.9,4746.9,4740.9,4746.3,56050.0,real_delta_india
2026-04-10T00:00:00+00:00,4745.8,4746.1,4734.1,4737.2,293805.0,real_delta_india
2026-04-10T00:30:00+00:00,4737.3,4745.7,4737.3,4745.7,141280.0,real_delta_india
2026-04-10T01:00:00+00:00,4744.3,4749.4,4741.1,4744.7,134799.0,real_delta_india
2026-04-10T01:30:00+00:00,4744.6,4757.3,4743.1,4746.3,264928.0,real_delta_india
2026-04-10T02:00:00+00:00,4746.8,4747.0,4725.1,4727.2,466163.0,real_delta_india
2026-04-10T02:30:00+00:00,4727.2,4734.1,4721.4,4734.0,333255.0,real_delta_india
2026-04-10T03:00:00+00:00,4734.1,4742.7,4734.0,4737.1,325984.0,real_delta_india
2026-04-10T03:30:00+00:00,4737.0,4750.0,4737.0,4747.0,356791.0,real_delta_india
2026-04-10T04:00:00+00:00,4747.0,4751.6,4745.9,4746.7,512086.0,real_delta_india
2026-04-10T04:30:00+00:00,4746.7,4746.8,4739.7,4740.0,330387.0,real_delta_india
2026-04-10T05:00:00+00:00,4740.2,4745.3,4739.8,4742.3,263291.0,real_delta_india
2026-04-10T05:30:00+00:00,4741.7,4749.6,4741.7,4746.9,314111.0,real_delta_india
2026-04-10T06:00:00+00:00,4746.17,4746.17,4733.6,4737.0,559300.0,real_delta_india
2026-04-10T06:30:00+00:00,4737.2,4739.8,4726.6,4730.0,551746.0,real_delta_india
2026-04-10T07:00:00+00:00,4729.3,4738.0,4724.8,4736.1,448032.0,real_delta_india
2026-04-10T07:30:00+00:00,4736.2,4738.5,4730.0,4730.7,364240.0,real_delta_india
2026-04-10T08:00:00+00:00,4730.6,4734.7,4724.4,4728.9,332691.0,real_delta_india
2026-04-10T08:30:00+00:00,4728.5,4733.7,4713.5,4723.5,623736.0,real_delta_india
2026-04-10T09:00:00+00:00,4724.5,4741.1,4723.6,4730.1,548881.0,real_delta_india
2026-04-10T09:30:00+00:00,4730.4,4734.5,4727.6,4734.0,191074.0,real_delta_india
2026-04-10T10:00:00+00:00,4733.8,4742.1,4725.0,4738.6,518384.0,real_delta_india
2026-04-10T10:30:00+00:00,4738.5,4740.3,4735.0,4738.9,244521.0,real_delta_india
2026-04-10T11:00:00+00:00,4739.0,4745.0,4735.8,4743.7,346135.0,real_delta_india
2026-04-10T11:30:00+00:00,4743.8,4750.0,4741.3,4749.4,432086.0,real_delta_india
2026-04-10T12:00:00+00:00,4749.4,4752.3,4741.6,4746.5,652107.0,real_delta_india
2026-04-10T12:30:00+00:00,4746.7,4762.6,4745.0,4753.0,1167960.0,real_delta_india
2026-04-10T13:00:00+00:00,4752.6,4760.0,4747.9,4756.5,624030.0,real_delta_india
2026-04-10T13:30:00+00:00,4756.6,4759.2,4746.0,4756.0,458350.0,real_delta_india
2026-04-10T14:00:00+00:00,4756.0,4773.5,4749.9,4771.6,1100514.0,real_delta_india
2026-04-10T14:30:00+00:00,4771.7,4775.0,4752.1,4754.8,1059932.0,real_delta_india
2026-04-10T15:00:00+00:00,4754.7,4767.2,4749.8,4756.9,727452.0,real_delta_india
2026-04-10T15:30:00+00:00,4756.8,4758.3,4737.5,4742.9,863363.0,real_delta_india
2026-04-10T16:00:00+00:00,4743.0,4746.2,4730.8,4741.0,798964.0,real_delta_india
2026-04-10T16:30:00+00:00,4741.0,4748.0,4738.8,4745.9,358449.0,real_delta_india
2026-04-10T17:00:00+00:00,4746.0,4750.7,4741.4,4744.7,484108.0,real_delta_india
2026-04-10T17:30:00+00:00,4744.0,4747.2,4740.8,4743.4,272462.0,real_delta_india
2026-04-10T18:00:00+00:00,4743.41,4750.9,4735.0,4747.8,478529.0,real_delta_india
2026-04-10T18:30:00+00:00,4748.3,4754.7,4746.0,4748.7,339786.0,real_delta_india
2026-04-10T19:00:00+00:00,4748.6,4752.8,4745.9,4746.5,124409.0,real_delta_india
2026-04-10T19:30:00+00:00,4745.36,4747.6,4740.4,4741.3,116090.0,real_delta_india
2026-04-10T20:00:00+00:00,4741.4,4741.5,4726.7,4730.2,223622.0,real_delta_india
2026-04-10T20:30:00+00:00,4731.6,4736.9,4731.5,4734.9,64771.0,real_delta_india
2026-04-10T21:00:00+00:00,4732.7,4735.6,4732.7,4734.9,23650.0,real_delta_india
2026-04-10T21:30:00+00:00,4734.9,4743.2,4732.7,4734.9,13288.0,real_delta_india
2026-04-10T22:00:00+00:00,4735.2,4736.6,4733.9,4734.2,19921.0,real_delta_india
2026-04-10T22:30:00+00:00,4734.2,4739.2,4731.8,4733.0,12170.0,real_delta_india
2026-04-10T23:00:00+00:00,4733.1,4733.5,4732.4,4732.7,11213.0,real_delta_india
2026-04-10T23:30:00+00:00,4732.65,4732.65,4730.1,4731.8,25307.0,real_delta_india
2026-04-11T00:00:00+00:00,4730.7,4731.3,4728.5,4728.6,42303.0,real_delta_india
2026-04-11T00:30:00+00:00,4728.7,4728.9,4728.2,4728.7,30700.0,real_delta_india
2026-04-11T01:00:00+00:00,4729.3,4729.4,4727.7,4728.5,51115.0,real_delta_india
2026-04-11T01:30:00+00:00,4728.5,4731.0,4727.9,4730.8,40382.0,real_delta_india
2026-04-11T02:00:00+00:00,4730.9,4731.3,4730.7,4730.8,31716.0,real_delta_india
2026-04-11T02:30:00+00:00,4730.9,4731.3,4729.5,4729.7,46835.0,real_delta_india
2026-04-11T03:00:00+00:00,4729.9,4730.0,4728.1,4729.3,18850.0,real_delta_india
2026-04-11T03:30:00+00:00,4729.3,4729.3,4728.5,4728.8,33506.0,real_delta_india
2026-04-11T04:00:00+00:00,4728.8,4729.1,4727.4,4728.3,56032.0,real_delta_india
2026-04-11T04:30:00+00:00,4728.3,4729.9,4728.2,4729.8,42071.0,real_delta_india
2026-04-11T05:00:00+00:00,4729.9,4729.9,4724.5,4728.8,59813.0,real_delta_india
2026-04-11T05:30:00+00:00,4729.0,4730.9,4728.9,4730.5,25839.0,real_delta_india
2026-04-11T06:00:00+00:00,4731.0,4731.0,4730.1,4730.6,31372.0,real_delta_india
2026-04-11T06:30:00+00:00,4730.7,4730.7,4729.8,4730.0,20116.0,real_delta_india
2026-04-11T07:00:00+00:00,4730.0,4730.5,4729.8,4730.1,31762.0,real_delta_india
2026-04-11T07:30:00+00:00,4730.1,4730.3,4729.9,4730.1,16160.0,real_delta_india
2026-04-11T08:00:00+00:00,4730.2,4732.4,4729.8,4732.2,28359.0,real_delta_india
2026-04-11T08:30:00+00:00,4732.2,4732.5,4732.0,4732.4,23234.0,real_delta_india
2026-04-11T09:00:00+00:00,4732.39,4732.39,4730.7,4731.2,23098.0,real_delta_india
2026-04-11T09:30:00+00:00,4731.3,4732.9,4731.0,4731.9,16053.0,real_delta_india
2026-04-11T10:00:00+00:00,4732.1,4732.6,4731.0,4731.2,10163.0,real_delta_india
2026-04-11T10:30:00+00:00,4731.2,4731.2,4729.9,4730.1,15622.0,real_delta_india
2026-04-11T11:00:00+00:00,4730.1,4730.1,4728.5,4729.0,19542.0,real_delta_india
2026-04-11T11:30:00+00:00,4729.1,4730.0,4728.5,4728.6,22890.0,real_delta_india
2026-04-11T12:00:00+00:00,4728.6,4729.4,4728.2,4728.5,15723.0,real_delta_india
2026-04-11T12:30:00+00:00,4728.5,4728.6,4727.9,4728.5,14712.0,real_delta_india
2026-04-11T13:00:00+00:00,4728.5,4728.5,4727.5,4728.1,31882.0,real_delta_india
2026-04-11T13:30:00+00:00,4728.0,4728.3,4727.5,4728.1,12929.0,real_delta_india
2026-04-11T14:00:00+00:00,4728.1,4738.3,4728.1,4735.1,59361.0,real_delta_india
2026-04-11T14:30:00+00:00,4735.7,4735.7,4731.6,4732.0,27972.0,real_delta_india
2026-04-11T15:00:00+00:00,4732.1,4732.6,4731.2,4731.8,14503.0,real_delta_india
2026-04-11T15:30:00+00:00,4732.3,4733.6,4732.1,4733.4,24903.0,real_delta_india
2026-04-11T16:00:00+00:00,4733.7,4734.7,4731.0,4731.2,69687.0,real_delta_india
2026-04-11T16:30:00+00:00,4731.3,4736.9,4731.2,4732.1,56343.0,real_delta_india
2026-04-11T17:00:00+00:00,4732.1,4733.8,4727.3,4728.0,65958.0,real_delta_india
2026-04-11T17:30:00+00:00,4728.3,4728.8,4725.7,4728.5,70362.0,real_delta_india
2026-04-11T18:00:00+00:00,4728.5,4729.6,4727.0,4729.6,27225.0,real_delta_india
2026-04-11T18:30:00+00:00,4729.6,4737.6,4728.9,4735.0,81532.0,real_delta_india
2026-04-11T19:00:00+00:00,4734.9,4736.3,4732.5,4733.5,48458.0,real_delta_india
2026-04-11T19:30:00+00:00,4732.8,4735.6,4732.5,4734.1,26486.0,real_delta_india
2026-04-11T20:00:00+00:00,4734.0,4734.8,4732.65,4734.6,12362.0,real_delta_india
2026-04-11T20:30:00+00:00,4734.5,4734.6,4733.2,4734.3,9186.0,real_delta_india
2026-04-11T21:00:00+00:00,4734.4,4735.7,4734.3,4734.8,5323.0,real_delta_india
2026-04-11T21:30:00+00:00,4735.2,4736.0,4734.4,4734.6,1692.0,real_delta_india
2026-04-11T22:00:00+00:00,4734.2,4734.6,4732.1,4732.5,16997.0,real_delta_india
2026-04-11T22:30:00+00:00,4731.9,4732.4,4731.8,4732.3,2258.0,real_delta_india
2026-04-11T23:00:00+00:00,4732.3,4732.3,4730.5,4732.1,35738.0,real_delta_india
2026-04-11T23:30:00+00:00,4732.1,4732.1,4730.0,4730.6,10449.0,real_delta_india
2026-04-12T00:00:00+00:00,4730.5,4732.6,4730.5,4732.6,13767.0,real_delta_india
2026-04-12T00:30:00+00:00,4732.6,4733.1,4732.6,4733.1,3672.0,real_delta_india
2026-04-12T01:00:00+00:00,4733.3,4733.6,4733.3,4733.5,3419.0,real_delta_india
2026-04-12T01:30:00+00:00,4733.5,4733.6,4714.72,4714.8,156576.0,real_delta_india
2026-04-12T02:00:00+00:00,4714.9,4716.4,4706.5,4713.4,139946.0,real_delta_india
2026-04-12T02:30:00+00:00,4714.3,4716.8,4713.7,4716.6,33787.0,real_delta_india
2026-04-12T03:00:00+00:00,4716.5,4717.5,4714.3,4714.3,86976.0,real_delta_india
2026-04-12T03:30:00+00:00,4715.1,4719.4,4714.2,4716.9,47115.0,real_delta_india
2026-04-12T04:00:00+00:00,4716.9,4717.5,4712.6,4713.7,36848.0,real_delta_india
2026-04-12T04:30:00+00:00,4713.6,4713.7,4710.0,4711.0,58086.0,real_delta_india
2026-04-12T05:00:00+00:00,4710.9,4711.0,4709.0,4710.4,42688.0,real_delta_india
2026-04-12T05:30:00+00:00,4710.4,4711.0,4708.7,4710.8,108947.0,real_delta_india
2026-04-12T06:00:00+00:00,4710.8,4710.8,4703.9,4708.0,60827.0,real_delta_india
2026-04-12T06:30:00+00:00,4708.0,4708.1,4705.8,4706.1,27106.0,real_delta_india
2026-04-12T07:00:00+00:00,4706.1,4711.0,4704.0,4708.3,55069.0,real_delta_india
2026-04-12T07:30:00+00:00,4708.6,4714.6,4708.5,4711.7,97769.0,real_delta_india
2026-04-12T08:00:00+00:00,4711.7,4712.7,4709.5,4712.7,38416.0,real_delta_india
2026-04-12T08:30:00+00:00,4712.6,4714.6,4711.7,4714.1,39962.0,real_delta_india
2026-04-12T09:00:00+00:00,4714.1,4714.2,4711.2,4712.1,36481.0,real_delta_india
2026-04-12T09:30:00+00:00,4712.1,4714.7,4706.4,4709.03,32138.0,real_delta_india
2026-04-12T10:00:00+00:00,4708.5,4710.1,4707.9,4709.1,16847.0,real_delta_india
2026-04-12T10:30:00+00:00,4709.0,4710.1,4706.8,4707.9,33024.0,real_delta_india
2026-04-12T11:00:00+00:00,4707.86,4708.0,4705.0,4706.6,28354.0,real_delta_india
2026-04-12T11:30:00+00:00,4706.8,4708.4,4706.7,4708.2,12571.0,real_delta_india
2026-04-12T12:00:00+00:00,4706.84,4708.2,4706.1,4706.2,36915.0,real_delta_india
2026-04-12T12:30:00+00:00,4706.1,4706.2,4697.3,4698.2,112210.0,real_delta_india
2026-04-12T13:00:00+00:00,4697.7,4697.8,4691.9,4692.5,153509.0,real_delta_india
2026-04-12T13:30:00+00:00,4692.4,4693.4,4684.7,4685.41,135613.0,real_delta_india
2026-04-12T14:00:00+00:00,4685.41,4691.5,4683.7,4689.6,142441.0,real_delta_india
2026-04-12T14:30:00+00:00,4689.7,4691.6,4687.4,4688.4,60086.0,real_delta_india
2026-04-12T15:00:00+00:00,4688.5,4691.5,4687.8,4688.4,62458.0,real_delta_india
2026-04-12T15:30:00+00:00,4688.2,4691.2,4688.1,4689.4,46580.0,real_delta_india
2026-04-12T16:00:00+00:00,4689.1,4690.3,4682.6,4689.9,194541.0,real_delta_india
2026-04-12T16:30:00+00:00,4689.9,4690.3,4688.1,4689.0,48505.0,real_delta_india
2026-04-12T17:00:00+00:00,4689.1,4689.2,4688.9,4688.9,322.0,real_delta_india
2026-04-12T17:30:00+00:00,4688.9,4688.9,4688.9,4688.9,0.0,real_delta_india
2026-04-12T18:00:00+00:00,4688.9,4688.9,4688.9,4688.9,0.0,real_delta_india
2026-04-12T18:30:00+00:00,4688.9,4688.9,4688.9,4688.9,0.0,real_delta_india
2026-04-12T19:00:00+00:00,4691.2,4692.0,4691.2,4691.5,19698.0,real_delta_india
2026-04-12T19:30:00+00:00,4691.4,4693.0,4690.1,4690.5,75027.0,real_delta_india
2026-04-12T20:00:00+00:00,4690.0,4692.0,4686.0,4689.9,62366.0,real_delta_india
2026-04-12T20:30:00+00:00,4690.1,4692.7,4689.1,4689.4,50392.0,real_delta_india
2026-04-12T21:00:00+00:00,4690.1,4690.6,4689.5,4689.7,3314.0,real_delta_india
2026-04-12T21:30:00+00:00,4689.8,4692.0,4684.6,4686.6,22327.0,real_delta_india
2026-04-12T22:00:00+00:00,4684.71,4684.71,4626.7,4629.7,494182.0,real_delta_india
2026-04-12T22:30:00+00:00,4629.9,4641.8,4629.3,4640.8,112691.0,real_delta_india
2026-04-12T23:00:00+00:00,4637.2,4641.1,4628.0,4636.6,132217.0,real_delta_india
2026-04-12T23:30:00+00:00,4635.8,4653.5,4633.3,4652.5,150314.0,real_delta_india
2026-04-13T00:00:00+00:00,4653.5,4657.0,4646.7,4655.5,91237.0,real_delta_india
2026-04-13T00:30:00+00:00,4654.6,4678.0,4653.2,4675.9,222841.0,real_delta_india
2026-04-13T01:00:00+00:00,4677.2,4699.9,4674.9,4694.9,541678.0,real_delta_india
2026-04-13T01:30:00+00:00,4695.2,4705.2,4688.5,4700.0,350064.0,real_delta_india
2026-04-13T02:00:00+00:00,4700.7,4702.8,4697.1,4697.6,221608.0,real_delta_india
2026-04-13T02:30:00+00:00,4697.6,4704.9,4688.7,4698.4,196787.0,real_delta_india
2026-04-13T03:00:00+00:00,4698.4,4699.4,4690.2,4696.8,107479.0,real_delta_india
2026-04-13T03:30:00+00:00,4696.8,4702.3,4695.3,4696.3,149218.0,real_delta_india
2026-04-13T04:00:00+00:00,4696.6,4696.7,4687.3,4690.9,289417.0,real_delta_india
2026-04-13T04:30:00+00:00,4691.0,4702.5,4688.0,4701.1,277960.0,real_delta_india
2026-04-13T05:00:00+00:00,4701.1,4703.9,4695.1,4698.8,311991.0,real_delta_india
2026-04-13T05:30:00+00:00,4699.1,4707.8,4696.7,4706.6,334931.0,real_delta_india
2026-04-13T06:00:00+00:00,4706.8,4710.0,4702.3,4709.8,375632.0,real_delta_india
2026-04-13T06:30:00+00:00,4709.8,4711.3,4700.5,4704.5,273180.0,real_delta_india
2026-04-13T07:00:00+00:00,4704.8,4716.7,4704.6,4709.9,511466.0,real_delta_india
2026-04-13T07:30:00+00:00,4710.0,4718.3,4707.5,4713.9,358264.0,real_delta_india
2026-04-13T08:00:00+00:00,4713.7,4718.2,4709.5,4711.9,237939.0,real_delta_india
2026-04-13T08:30:00+00:00,4711.25,4715.4,4701.3,4704.5,358328.0,real_delta_india
2026-04-13T09:00:00+00:00,4704.3,4709.2,4694.3,4694.3,421412.0,real_delta_india
2026-04-13T09:30:00+00:00,4695.4,4699.4,4692.0,4695.9,275341.0,real_delta_india
2026-04-13T10:00:00+00:00,4696.1,4700.0,4689.4,4693.1,329241.0,real_delta_india
2026-04-13T10:30:00+00:00,4693.6,4705.0,4692.3,4703.7,366008.0,real_delta_india
2026-04-13T11:00:00+00:00,4704.5,4710.5,4699.7,4702.7,435113.0,real_delta_india
2026-04-13T11:30:00+00:00,4702.1,4704.0,4685.3,4688.8,784352.0,real_delta_india
2026-04-13T12:00:00+00:00,4688.2,4701.2,4685.3,4692.6,830007.0,real_delta_india
2026-04-13T12:30:00+00:00,4692.4,4706.0,4690.1,4703.6,706721.0,real_delta_india
2026-04-13T13:00:00+00:00,4703.9,4717.7,4703.9,4713.6,1090378.0,real_delta_india
2026-04-13T13:30:00+00:00,4715.0,4726.9,4703.0,4712.7,1486442.0,real_delta_india
2026-04-13T14:00:00+00:00,4713.3,4713.4,4691.4,4696.74,781822.0,real_delta_india
2026-04-13T14:30:00+00:00,4696.74,4705.1,4690.6,4698.2,570278.0,real_delta_india
2026-04-13T15:00:00+00:00,4698.2,4699.0,4679.1,4684.3,836410.0,real_delta_india
2026-04-13T15:30:00+00:00,4683.8,4697.9,4682.3,4694.8,513649.0,real_delta_india
2026-04-13T16:00:00+00:00,4695.0,4714.5,4690.1,4711.5,750856.0,real_delta_india
2026-04-13T16:30:00+00:00,4711.0,4727.4,4710.0,4714.7,993804.0,real_delta_india
2026-04-13T17:00:00+00:00,4715.03,4731.1,4707.3,4724.6,1229695.0,real_delta_india
2026-04-13T17:30:00+00:00,4724.5,4729.1,4710.9,4713.5,674870.0,real_delta_india
2026-04-13T18:00:00+00:00,4713.5,4716.3,4706.0,4709.3,260557.0,real_delta_india
2026-04-13T18:30:00+00:00,4709.6,4722.7,4709.5,4720.7,272530.0,real_delta_india
2026-04-13T19:00:00+00:00,4721.2,4726.7,4713.7,4726.3,211200.0,real_delta_india
2026-04-13T19:30:00+00:00,4726.3,4729.9,4722.5,4724.0,215260.0,real_delta_india
2026-04-13T20:00:00+00:00,4724.6,4726.4,4720.8,4721.0,72337.0,real_delta_india
2026-04-13T20:30:00+00:00,4721.0,4723.3,4720.05,4722.2,34753.0,real_delta_india
2026-04-13T21:00:00+00:00,4723.6,4724.2,4721.8,4723.1,46009.0,real_delta_india
2026-04-13T21:30:00+00:00,4724.9,4731.1,4720.3,4724.2,50873.0,real_delta_india
2026-04-13T22:00:00+00:00,4724.2,4736.03,4724.2,4730.9,165293.0,real_delta_india
2026-04-13T22:30:00+00:00,4732.0,4742.0,4729.4,4741.1,188997.0,real_delta_india
2026-04-13T23:00:00+00:00,4743.0,4749.5,4736.1,4737.0,172421.0,real_delta_india
2026-04-13T23:30:00+00:00,4737.2,4743.0,4735.0,4739.2,140197.0,real_delta_india
2026-04-14T00:00:00+00:00,4739.2,4746.1,4734.2,4743.0,255933.0,real_delta_india
2026-04-14T00:30:00+00:00,4743.0,4756.0,4742.9,4750.9,302135.0,real_delta_india
2026-04-14T01:00:00+00:00,4751.1,4759.0,4744.5,4751.9,320596.0,real_delta_india
2026-04-14T01:30:00+00:00,4750.6,4753.1,4743.2,4746.0,340133.0,real_delta_india
2026-04-14T02:00:00+00:00,4746.1,4752.7,4744.0,4748.9,172180.0,real_delta_india
2026-04-14T02:30:00+00:00,4748.35,4757.8,4744.2,4755.8,232471.0,real_delta_india
2026-04-14T03:00:00+00:00,4755.8,4756.3,4748.1,4750.3,119028.0,real_delta_india
2026-04-14T03:30:00+00:00,4750.3,4752.8,4747.8,4748.7,106782.0,real_delta_india
2026-04-14T04:00:00+00:00,4748.6,4757.07,4748.6,4755.3,189341.0,real_delta_india
2026-04-14T04:30:00+00:00,4755.5,4755.81,4751.5,4754.4,162779.0,real_delta_india
2026-04-14T05:00:00+00:00,4754.4,4754.5,4743.9,4746.4,452622.0,real_delta_india
2026-04-14T05:30:00+00:00,4746.4,4748.0,4739.0,4741.2,476748.0,real_delta_india
2026-04-14T06:00:00+00:00,4742.4,4749.8,4742.4,4749.6,358313.0,real_delta_india
2026-04-14T06:30:00+00:00,4749.4,4765.0,4746.2,4764.4,936094.0,real_delta_india
2026-04-14T07:00:00+00:00,4764.4,4778.9,4752.3,4756.0,1125520.0,real_delta_india
2026-04-14T07:30:00+00:00,4756.4,4762.6,4754.95,4760.0,395852.0,real_delta_india
2026-04-14T08:00:00+00:00,4759.9,4767.6,4756.8,4767.3,429244.0,real_delta_india
2026-04-14T08:30:00+00:00,4767.3,4771.0,4764.4,4768.2,319974.0,real_delta_india
2026-04-14T09:00:00+00:00,4769.0,4771.0,4761.5,4762.3,200677.0,real_delta_india
2026-04-14T09:30:00+00:00,4762.3,4764.6,4755.8,4761.1,521723.0,real_delta_india
2026-04-14T10:00:00+00:00,4761.8,4770.0,4761.6,4766.3,273722.0,real_delta_india
2026-04-14T10:30:00+00:00,4766.2,4767.0,4738.5,4750.1,790975.0,real_delta_india
2026-04-14T11:00:00+00:00,4750.0,4764.5,4748.9,4760.2,345583.0,real_delta_india
2026-04-14T11:30:00+00:00,4760.2,4764.5,4753.7,4756.7,507332.0,real_delta_india
2026-04-14T12:00:00+00:00,4757.3,4759.7,4745.9,4750.5,411851.0,real_delta_india
2026-04-14T12:30:00+00:00,4750.7,4757.9,4745.7,4753.5,301729.0,real_delta_india
2026-04-14T13:00:00+00:00,4754.07,4774.5,4754.07,4764.5,806220.0,real_delta_india
2026-04-14T13:30:00+00:00,4765.4,4786.2,4762.7,4777.0,1027551.0,real_delta_india
2026-04-14T14:00:00+00:00,4778.0,4792.5,4774.3,4791.0,1320444.0,real_delta_india
2026-04-14T14:30:00+00:00,4790.9,4798.7,4776.8,4784.3,1130957.0,real_delta_india
2026-04-14T15:00:00+00:00,4784.3,4787.9,4773.3,4785.3,720794.0,real_delta_india
2026-04-14T15:30:00+00:00,4785.5,4798.2,4785.5,4790.7,583250.0,real_delta_india
2026-04-14T16:00:00+00:00,4790.4,4801.29,4788.3,4798.7,681377.0,real_delta_india
2026-04-14T16:30:00+00:00,4798.8,4802.1,4790.1,4790.9,722177.0,real_delta_india
2026-04-14T17:00:00+00:00,4790.9,4815.4,4790.6,4808.4,1125556.0,real_delta_india
2026-04-14T17:30:00+00:00,4808.9,4823.25,4808.6,4816.9,738061.0,real_delta_india
2026-04-14T18:00:00+00:00,4816.8,4824.0,4814.2,4818.39,513916.0,real_delta_india
2026-04-14T18:30:00+00:00,4818.39,4825.8,4811.5,4825.4,299420.0,real_delta_india
2026-04-14T19:00:00+00:00,4825.7,4833.9,4825.3,4830.5,455759.0,real_delta_india
2026-04-14T19:30:00+00:00,4830.3,4836.2,4828.2,4834.8,204981.0,real_delta_india
2026-04-14T20:00:00+00:00,4834.7,4835.4,4827.9,4828.5,123948.0,real_delta_india
2026-04-14T20:30:00+00:00,4829.2,4830.4,4826.7,4827.9,65838.0,real_delta_india
2026-04-14T21:00:00+00:00,4827.04,4834.4,4823.2,4827.4,98247.0,real_delta_india
2026-04-14T21:30:00+00:00,4827.4,4827.4,4816.0,4824.8,80773.0,real_delta_india
2026-04-14T22:00:00+00:00,4824.8,4838.82,4824.7,4827.3,150979.0,real_delta_india
2026-04-14T22:30:00+00:00,4827.0,4830.0,4822.12,4824.8,41044.0,real_delta_india
2026-04-14T23:00:00+00:00,4823.3,4831.0,4822.7,4824.3,26097.0,real_delta_india
2026-04-14T23:30:00+00:00,4824.1,4832.1,4823.2,4824.3,48589.0,real_delta_india
2026-04-15T00:00:00+00:00,4824.8,4828.2,4817.9,4821.7,87408.0,real_delta_india
2026-04-15T00:30:00+00:00,4821.6,4824.9,4815.3,4823.0,114360.0,real_delta_india
2026-04-15T01:00:00+00:00,4823.0,4859.1,4817.5,4840.0,555379.0,real_delta_india
2026-04-15T01:30:00+00:00,4840.6,4840.6,4829.5,4835.4,252236.0,real_delta_india
2026-04-15T02:00:00+00:00,4835.4,4841.0,4821.7,4824.3,290222.0,real_delta_india
2026-04-15T02:30:00+00:00,4823.4,4823.4,4810.9,4813.6,457694.0,real_delta_india
2026-04-15T03:00:00+00:00,4814.0,4818.5,4807.8,4817.8,410018.0,real_delta_india
2026-04-15T03:30:00+00:00,4817.2,4819.4,4813.6,4814.0,150254.0,real_delta_india
2026-04-15T04:00:00+00:00,4814.0,4816.4,4810.8,4814.0,209095.0,real_delta_india
2026-04-15T04:30:00+00:00,4814.0,4817.5,4812.4,4815.9,147472.0,real_delta_india
2026-04-15T05:00:00+00:00,4816.8,4819.4,4813.0,4815.3,250493.0,real_delta_india
2026-04-15T05:30:00+00:00,4815.2,4816.7,4800.8,4807.7,696955.0,real_delta_india
2026-04-15T06:00:00+00:00,4807.8,4811.78,4802.8,4804.2,306818.0,real_delta_india
2026-04-15T06:30:00+00:00,4804.2,4810.1,4800.2,4800.66,359869.0,real_delta_india
2026-04-15T07:00:00+00:00,4800.1,4804.4,4793.1,4800.66,619501.0,real_delta_india
2026-04-15T07:30:00+00:00,4800.4,4803.5,4795.0,4799.3,232727.0,real_delta_india
2026-04-15T08:00:00+00:00,4799.0,4803.0,4794.0,4798.6,267225.0,real_delta_india
2026-04-15T08:30:00+00:00,4798.6,4809.31,4794.8,4806.8,262900.0,real_delta_india
2026-04-15T09:00:00+00:00,4806.7,4807.7,4782.9,4787.3,653216.0,real_delta_india
2026-04-15T09:30:00+00:00,4786.7,4792.0,4776.7,4787.2,404981.0,real_delta_india
2026-04-15T10:00:00+00:00,4786.8,4791.9,4779.8,4782.4,395617.0,real_delta_india
2026-04-15T10:30:00+00:00,4782.7,4794.0,4782.1,4790.2,228647.0,real_delta_india
2026-04-15T11:00:00+00:00,4790.0,4796.8,4785.6,4794.2,343609.0,real_delta_india
2026-04-15T11:30:00+00:00,4794.2,4804.0,4792.3,4802.1,472080.0,real_delta_india
2026-04-15T12:00:00+00:00,4802.0,4805.5,4797.0,4802.0,409034.0,real_delta_india
2026-04-15T12:30:00+00:00,4802.0,4805.2,4798.7,4801.75,372511.0,real_delta_india
2026-04-15T13:00:00+00:00,4801.75,4812.3,4798.9,4812.2,511488.0,real_delta_india
2026-04-15T13:30:00+00:00,4812.2,4821.0,4805.6,4819.6,762672.0,real_delta_india
2026-04-15T14:00:00+00:00,4819.7,4821.2,4811.2,4815.3,896038.0,real_delta_india
2026-04-15T14:30:00+00:00,4815.3,4815.3,4802.6,4804.1,569253.0,real_delta_india
2026-04-15T15:00:00+00:00,4804.5,4804.9,4788.0,4788.1,723292.0,real_delta_india
2026-04-15T15:30:00+00:00,4788.1,4796.8,4777.9,4791.1,745127.0,real_delta_india
2026-04-15T16:00:00+00:00,4791.0,4800.9,4790.2,4799.8,379615.0,real_delta_india
2026-04-15T16:30:00+00:00,4800.0,4802.0,4789.9,4793.6,498567.0,real_delta_india
2026-04-15T17:00:00+00:00,4793.3,4797.2,4786.5,4790.5,443465.0,real_delta_india
2026-04-15T17:30:00+00:00,4790.6,4792.0,4781.8,4782.6,574503.0,real_delta_india
2026-04-15T18:00:00+00:00,4782.8,4790.9,4781.4,4785.0,423989.0,real_delta_india
2026-04-15T18:30:00+00:00,4785.0,4792.7,4785.0,4790.3,205919.0,real_delta_india
2026-04-15T19:00:00+00:00,4790.3,4793.5,4788.2,4792.9,220897.0,real_delta_india
2026-04-15T19:30:00+00:00,4792.9,4792.9,4785.0,4785.4,125168.0,real_delta_india
2026-04-15T20:00:00+00:00,4786.5,4786.5,4781.8,4782.5,84175.0,real_delta_india
2026-04-15T20:30:00+00:00,4782.1,4783.1,4777.5,4779.6,102590.0,real_delta_india
2026-04-15T21:00:00+00:00,4780.0,4789.7,4779.0,4781.6,89019.0,real_delta_india
2026-04-15T21:30:00+00:00,4780.5,4785.2,4776.1,4784.0,114946.0,real_delta_india
2026-04-15T22:00:00+00:00,4783.8,4790.1,4781.0,4788.9,51827.0,real_delta_india
2026-04-15T22:30:00+00:00,4789.4,4797.6,4786.8,4795.8,111219.0,real_delta_india
2026-04-15T23:00:00+00:00,4794.8,4801.8,4794.6,4800.5,167420.0,real_delta_india
2026-04-15T23:30:00+00:00,4801.85,4812.0,4801.85,4809.1,266047.0,real_delta_india
2026-04-16T00:00:00+00:00,4809.2,4817.7,4809.2,4811.8,171219.0,real_delta_india
2026-04-16T00:30:00+00:00,4811.5,4823.3,4806.8,4819.5,536400.0,real_delta_india
2026-04-16T01:00:00+00:00,4818.0,4821.8,4808.1,4809.7,207837.0,real_delta_india
2026-04-16T01:30:00+00:00,4810.3,4811.4,4798.6,4803.5,212005.0,real_delta_india
2026-04-16T02:00:00+00:00,4803.9,4810.0,4803.3,4804.3,266577.0,real_delta_india
2026-04-16T02:30:00+00:00,4804.3,4806.9,4798.6,4805.3,221163.0,real_delta_india
2026-04-16T03:00:00+00:00,4805.2,4813.3,4805.0,4809.2,184169.0,real_delta_india
2026-04-16T03:30:00+00:00,4809.2,4812.4,4805.0,4809.3,141575.0,real_delta_india
2026-04-16T04:00:00+00:00,4809.4,4814.55,4808.0,4812.19,112449.0,real_delta_india
2026-04-16T04:30:00+00:00,4812.19,4818.6,4810.4,4818.1,192507.0,real_delta_india
2026-04-16T05:00:00+00:00,4818.1,4823.4,4816.9,4818.0,414630.0,real_delta_india
2026-04-16T05:30:00+00:00,4818.42,4819.02,4807.5,4807.8,423380.0,real_delta_india
2026-04-16T06:00:00+00:00,4807.9,4813.5,4801.0,4802.2,415793.0,real_delta_india
2026-04-16T06:30:00+00:00,4802.4,4815.5,4801.5,4813.4,352179.0,real_delta_india
2026-04-16T07:00:00+00:00,4813.3,4815.3,4804.0,4813.4,225422.0,real_delta_india
2026-04-16T07:30:00+00:00,4813.4,4814.7,4804.0,4806.5,159679.0,real_delta_india
2026-04-16T08:00:00+00:00,4806.6,4806.6,4794.0,4798.6,524589.0,real_delta_india
2026-04-16T08:30:00+00:00,4798.1,4800.5,4793.4,4800.3,224840.0,real_delta_india
2026-04-16T09:00:00+00:00,4800.3,4804.0,4797.2,4798.8,270111.0,real_delta_india
2026-04-16T09:30:00+00:00,4798.9,4801.4,4793.4,4798.6,224367.0,real_delta_india
2026-04-16T10:00:00+00:00,4798.6,4800.9,4792.8,4794.2,252589.0,real_delta_india
2026-04-16T10:30:00+00:00,4794.1,4803.1,4791.9,4802.8,403696.0,real_delta_india
2026-04-16T11:00:00+00:00,4803.1,4806.6,4801.5,4802.1,342909.0,real_delta_india
2026-04-16T11:30:00+00:00,4802.1,4808.3,4801.7,4807.7,338139.0,real_delta_india
2026-04-16T12:00:00+00:00,4808.6,4809.0,4798.7,4802.4,527139.0,real_delta_india
2026-04-16T12:30:00+00:00,4802.0,4806.71,4798.7,4802.2,228380.0,real_delta_india
2026-04-16T13:00:00+00:00,4802.6,4808.3,4801.1,4802.6,196523.0,real_delta_india
2026-04-16T13:30:00+00:00,4802.7,4810.8,4773.0,4782.9,1325578.0,real_delta_india
2026-04-16T14:00:00+00:00,4781.3,4793.8,4774.1,4787.0,879995.0,real_delta_india
2026-04-16T14:30:00+00:00,4787.2,4788.4,4762.4,4776.7,1053913.0,real_delta_india
2026-04-16T15:00:00+00:00,4776.1,4799.5,4775.9,4789.3,881417.0,real_delta_india
2026-04-16T15:30:00+00:00,4788.7,4796.9,4785.5,4793.7,393685.0,real_delta_india
2026-04-16T16:00:00+00:00,4794.4,4795.9,4783.7,4784.7,306448.0,real_delta_india
2026-04-16T16:30:00+00:00,4785.0,4785.7,4770.6,4777.2,612764.0,real_delta_india
2026-04-16T17:00:00+00:00,4777.3,4780.5,4770.6,4771.2,573816.0,real_delta_india
2026-04-16T17:30:00+00:00,4771.1,4775.4,4766.2,4774.1,761300.0,real_delta_india
2026-04-16T18:00:00+00:00,4774.1,4780.5,4771.4,4773.6,260662.0,real_delta_india
2026-04-16T18:30:00+00:00,4774.0,4779.6,4773.4,4776.9,146028.0,real_delta_india
2026-04-16T19:00:00+00:00,4777.5,4781.6,4776.2,4777.7,189577.0,real_delta_india
2026-04-16T19:30:00+00:00,4777.6,4784.9,4777.21,4780.3,180130.0,real_delta_india
2026-04-16T20:00:00+00:00,4780.9,4780.9,4774.5,4774.5,83512.0,real_delta_india
2026-04-16T20:30:00+00:00,4774.5,4778.3,4772.3,4777.1,30950.0,real_delta_india
2026-04-16T21:00:00+00:00,4777.1,4777.2,4763.7,4764.3,160280.0,real_delta_india
2026-04-16T21:30:00+00:00,4764.4,4769.6,4764.3,4769.44,26085.0,real_delta_india
2026-04-16T22:00:00+00:00,4772.2,4780.6,4772.2,4778.4,68927.0,real_delta_india
2026-04-16T22:30:00+00:00,4778.5,4781.8,4775.7,4780.1,24175.0,real_delta_india
2026-04-16T23:00:00+00:00,4780.0,4780.2,4776.2,4778.1,40012.0,real_delta_india
2026-04-16T23:30:00+00:00,4778.1,4779.8,4773.7,4773.8,27234.0,real_delta_india
2026-04-17T00:00:00+00:00,4772.3,4773.0,4766.8,4772.2,77529.0,real_delta_india
2026-04-17T00:30:00+00:00,4772.7,4781.2,4772.7,4776.2,100938.0,real_delta_india
2026-04-17T01:00:00+00:00,4775.8,4775.9,4750.5,4751.7,357054.0,real_delta_india
2026-04-17T01:30:00+00:00,4751.7,4770.8,4751.4,4770.2,174573.0,real_delta_india
2026-04-17T02:00:00+00:00,4770.3,4773.5,4767.8,4768.4,138644.0,real_delta_india
2026-04-17T02:30:00+00:00,4768.2,4774.1,4765.0,4765.3,167018.0,real_delta_india
2026-04-17T03:00:00+00:00,4765.3,4777.4,4765.3,4774.1,204354.0,real_delta_india
2026-04-17T03:30:00+00:00,4773.8,4776.3,4771.1,4772.7,147226.0,real_delta_india
2026-04-17T04:00:00+00:00,4772.7,4776.6,4771.9,4775.9,115430.0,real_delta_india
2026-04-17T04:30:00+00:00,4775.9,4786.7,4775.6,4785.7,374802.0,real_delta_india
2026-04-17T05:00:00+00:00,4785.7,4787.9,4782.4,4785.4,392198.0,real_delta_india
2026-04-17T05:30:00+00:00,4785.4,4786.6,4776.8,4777.7,399649.0,real_delta_india
2026-04-17T06:00:00+00:00,4777.7,4777.8,4767.8,4768.1,508756.0,real_delta_india
2026-04-17T06:30:00+00:00,4768.1,4772.0,4763.5,4769.42,439987.0,real_delta_india
2026-04-17T07:00:00+00:00,4769.3,4776.2,4767.7,4774.4,397421.0,real_delta_india
2026-04-17T07:30:00+00:00,4774.4,4777.2,4763.7,4768.1,417194.0,real_delta_india
2026-04-17T08:00:00+00:00,4768.2,4774.5,4765.8,4767.6,177607.0,real_delta_india
2026-04-17T08:30:00+00:00,4767.6,4780.4,4767.5,4779.9,348027.0,real_delta_india
2026-04-17T09:00:00+00:00,4779.9,4784.0,4775.8,4780.2,296307.0,real_delta_india
2026-04-17T09:30:00+00:00,4780.2,4781.8,4774.3,4775.0,226649.0,real_delta_india
2026-04-17T10:00:00+00:00,4774.9,4775.8,4770.3,4771.6,263405.0,real_delta_india
2026-04-17T10:30:00+00:00,4771.0,4771.2,4765.1,4770.0,331012.0,real_delta_india
2026-04-17T11:00:00+00:00,4770.3,4775.9,4766.9,4775.6,159390.0,real_delta_india
2026-04-17T11:30:00+00:00,4775.6,4792.2,4773.5,4782.8,418036.0,real_delta_india
2026-04-17T12:00:00+00:00,4783.2,4802.4,4781.5,4801.3,783322.0,real_delta_india
2026-04-17T12:30:00+00:00,4802.0,4829.5,4799.5,4827.8,1224277.0,real_delta_india
2026-04-17T13:00:00+00:00,4828.3,4869.3,4816.8,4834.6,2015669.0,real_delta_india
2026-04-17T13:30:00+00:00,4834.1,4862.1,4831.3,4860.3,1162615.0,real_delta_india
2026-04-17T14:00:00+00:00,4860.7,4865.6,4841.4,4852.2,785412.0,real_delta_india
2026-04-17T14:30:00+00:00,4852.4,4864.1,4850.4,4854.3,427515.0,real_delta_india
2026-04-17T15:00:00+00:00,4854.0,4860.5,4843.8,4845.9,383252.0,real_delta_india
2026-04-17T15:30:00+00:00,4846.0,4853.0,4836.0,4847.8,509185.0,real_delta_india
2026-04-17T16:00:00+00:00,4848.0,4854.0,4844.9,4849.4,282952.0,real_delta_india
2026-04-17T16:30:00+00:00,4849.3,4854.1,4846.5,4848.4,226969.0,real_delta_india
2026-04-17T17:00:00+00:00,4848.5,4851.2,4833.7,4839.3,457676.0,real_delta_india
2026-04-17T17:30:00+00:00,4838.6,4844.0,4835.4,4843.4,205978.0,real_delta_india
2026-04-17T18:00:00+00:00,4843.9,4848.2,4839.8,4841.7,275432.0,real_delta_india
2026-04-17T18:30:00+00:00,4841.5,4846.8,4836.3,4839.0,171884.0,real_delta_india
2026-04-17T19:00:00+00:00,4838.2,4838.6,4834.2,4835.8,120770.0,real_delta_india
2026-04-17T19:30:00+00:00,4836.0,4840.9,4833.1,4834.7,121913.0,real_delta_india
2026-04-17T20:00:00+00:00,4833.3,4835.0,4825.6,4827.5,148798.0,real_delta_india
2026-04-17T20:30:00+00:00,4827.6,4827.7,4812.1,4813.2,273252.0,real_delta_india
2026-04-17T21:00:00+00:00,4812.8,4815.2,4812.3,4813.9,62903.0,real_delta_india
2026-04-17T21:30:00+00:00,4814.0,4818.3,4813.3,4814.2,49052.0,real_delta_india
2026-04-17T22:00:00+00:00,4814.6,4823.9,4813.5,4814.7,40223.0,real_delta_india
2026-04-17T22:30:00+00:00,4814.6,4816.2,4812.9,4813.0,13038.0,real_delta_india
2026-04-17T23:00:00+00:00,4813.1,4817.5,4813.0,4815.7,7183.0,real_delta_india
2026-04-17T23:30:00+00:00,4815.8,4820.1,4815.5,4818.3,23051.0,real_delta_india
2026-04-18T00:00:00+00:00,4818.3,4825.3,4817.6,4825.0,32649.0,real_delta_india
2026-04-18T00:30:00+00:00,4825.0,4825.3,4822.7,4824.9,32007.0,real_delta_india
2026-04-18T01:00:00+00:00,4824.9,4827.2,4823.2,4823.2,24591.0,real_delta_india
2026-04-18T01:30:00+00:00,4823.4,4823.9,4821.7,4822.8,27583.0,real_delta_india
2026-04-18T02:00:00+00:00,4823.1,4826.2,4821.1,4822.15,53061.0,real_delta_india
2026-04-18T02:30:00+00:00,4822.15,4822.15,4819.3,4819.5,24051.0,real_delta_india
2026-04-18T03:00:00+00:00,4819.6,4819.6,4816.0,4816.2,41391.0,real_delta_india
2026-04-18T03:30:00+00:00,4816.3,4816.5,4812.2,4813.0,98410.0,real_delta_india
2026-04-18T04:00:00+00:00,4813.0,4816.2,4812.9,4815.3,114525.0,real_delta_india
2026-04-18T04:30:00+00:00,4815.3,4815.3,4810.6,4810.9,93845.0,real_delta_india
2026-04-18T05:00:00+00:00,4811.01,4811.2,4805.7,4807.5,104443.0,real_delta_india
2026-04-18T05:30:00+00:00,4807.5,4810.0,4807.0,4809.8,47250.0,real_delta_india
2026-04-18T06:00:00+00:00,4809.8,4811.9,4809.6,4810.9,95404.0,real_delta_india
2026-04-18T06:30:00+00:00,4810.9,4812.1,4809.4,4811.8,49366.0,real_delta_india
2026-04-18T07:00:00+00:00,4811.8,4812.4,4810.2,4811.0,91167.0,real_delta_india
2026-04-18T07:30:00+00:00,4810.94,4811.0,4806.8,4807.4,64177.0,real_delta_india
2026-04-18T08:00:00+00:00,4807.3,4809.3,4806.2,4806.8,69057.0,real_delta_india
2026-04-18T08:30:00+00:00,4806.8,4806.8,4800.0,4804.4,216826.0,real_delta_india
2026-04-18T09:00:00+00:00,4804.3,4804.7,4800.2,4804.2,68941.0,real_delta_india
2026-04-18T09:30:00+00:00,4804.2,4807.4,4802.2,4802.2,41632.0,real_delta_india
2026-04-18T10:00:00+00:00,4802.2,4802.3,4798.3,4800.6,104308.0,real_delta_india
2026-04-18T10:30:00+00:00,4800.5,4801.0,4797.5,4798.2,57677.0,real_delta_india
2026-04-18T11:00:00+00:00,4798.2,4798.4,4795.1,4796.6,115013.0,real_delta_india
2026-04-18T11:30:00+00:00,4796.6,4797.3,4790.2,4791.3,128316.0,real_delta_india
2026-04-18T12:00:00+00:00,4790.2,4791.7,4787.8,4789.0,215874.0,real_delta_india
2026-04-18T12:30:00+00:00,4789.1,4789.1,4784.1,4786.5,73985.0,real_delta_india
2026-04-18T13:00:00+00:00,4786.5,4790.2,4786.5,4789.1,86162.0,real_delta_india
2026-04-18T13:30:00+00:00,4789.2,4789.2,4785.2,4788.2,70811.0,real_delta_india
2026-04-18T14:00:00+00:00,4787.9,4791.4,4787.5,4790.8,83312.0,real_delta_india
2026-04-18T14:30:00+00:00,4790.8,4792.4,4789.3,4791.3,53009.0,real_delta_india
2026-04-18T15:00:00+00:00,4791.3,4796.5,4791.3,4791.9,128639.0,real_delta_india
2026-04-18T15:30:00+00:00,4791.9,4791.9,4789.7,4790.3,57861.0,real_delta_india
2026-04-18T16:00:00+00:00,4790.3,4795.4,4786.8,4795.3,91687.0,real_delta_india
2026-04-18T16:30:00+00:00,4795.3,4795.4,4791.4,4791.9,49182.0,real_delta_india
2026-04-18T17:00:00+00:00,4792.0,4794.3,4790.7,4794.3,23365.0,real_delta_india
2026-04-18T17:30:00+00:00,4794.4,4795.2,4792.2,4793.0,46360.0,real_delta_india
2026-04-18T18:00:00+00:00,4793.0,4793.4,4788.8,4789.6,32558.0,real_delta_india
2026-04-18T18:30:00+00:00,4789.5,4789.5,4776.6,4782.5,227943.0,real_delta_india
2026-04-18T19:00:00+00:00,4782.5,4790.9,4778.9,4778.9,34954.0,real_delta_india
2026-04-18T19:30:00+00:00,4778.7,4785.1,4773.5,4785.0,66127.0,real_delta_india
2026-04-18T20:00:00+00:00,4785.2,4788.9,4783.6,4787.4,14086.0,real_delta_india
2026-04-18T20:30:00+00:00,4786.5,4787.0,4785.2,4786.6,3138.0,real_delta_india
2026-04-18T21:00:00+00:00,4786.8,4787.4,4782.7,4782.9,10613.0,real_delta_india
2026-04-18T21:30:00+00:00,4782.9,4783.3,4776.7,4782.8,7551.0,real_delta_india
2026-04-18T22:00:00+00:00,4782.8,4783.7,4780.2,4782.7,747.0,real_delta_india
2026-04-18T22:30:00+00:00,4782.6,4783.7,4781.0,4783.4,13207.0,real_delta_india
2026-04-18T23:00:00+00:00,4783.5,4784.8,4775.3,4777.4,11125.0,real_delta_india
2026-04-18T23:30:00+00:00,4777.4,4777.4,4772.0,4772.6,29910.0,real_delta_india
2026-04-19T00:00:00+00:00,4771.84,4772.9,4766.8,4767.2,87502.0,real_delta_india
2026-04-19T00:30:00+00:00,4767.3,4771.4,4763.0,4770.9,74590.0,real_delta_india
2026-04-19T01:00:00+00:00,4770.9,4776.2,4770.9,4773.3,85164.0,real_delta_india
2026-04-19T01:30:00+00:00,4773.3,4776.5,4767.0,4773.6,124251.0,real_delta_india
2026-04-19T02:00:00+00:00,4774.2,4777.2,4774.1,4774.6,27810.0,real_delta_india
2026-04-19T02:30:00+00:00,4774.9,4776.4,4773.4,4773.5,78032.0,real_delta_india
2026-04-19T03:00:00+00:00,4773.5,4773.5,4765.4,4770.2,71027.0,real_delta_india
2026-04-19T03:30:00+00:00,4770.5,4781.7,4770.5,4776.3,69401.0,real_delta_india
2026-04-19T04:00:00+00:00,4776.4,4790.2,4775.8,4786.6,150066.0,real_delta_india
2026-04-19T04:30:00+00:00,4786.7,4786.7,4778.0,4779.7,124709.0,real_delta_india
2026-04-19T05:00:00+00:00,4779.3,4779.3,4777.0,4778.3,41374.0,real_delta_india
2026-04-19T05:30:00+00:00,4778.3,4779.9,4777.0,4777.5,47882.0,real_delta_india
2026-04-19T06:00:00+00:00,4777.0,4777.0,4766.24,4775.0,141762.0,real_delta_india
2026-04-19T06:30:00+00:00,4775.9,4777.2,4773.6,4775.7,40124.0,real_delta_india
2026-04-19T07:00:00+00:00,4775.7,4776.5,4767.5,4774.5,99798.0,real_delta_india
2026-04-19T07:30:00+00:00,4774.7,4780.2,4774.1,4779.6,76007.0,real_delta_india
2026-04-19T08:00:00+00:00,4779.1,4780.0,4776.5,4778.5,52329.0,real_delta_india
2026-04-19T08:30:00+00:00,4778.6,4782.9,4777.5,4781.4,63669.0,real_delta_india
2026-04-19T09:00:00+00:00,4781.4,4781.4,4773.2,4776.8,62334.0,real_delta_india
2026-04-19T09:30:00+00:00,4776.9,4777.0,4771.9,4772.3,61796.0,real_delta_india
2026-04-19T10:00:00+00:00,4772.4,4776.9,4772.1,4774.5,27710.0,real_delta_india
2026-04-19T10:30:00+00:00,4774.6,4775.7,4773.0,4775.7,28701.0,real_delta_india
2026-04-19T11:00:00+00:00,4775.7,4778.3,4774.2,4777.5,39902.0,real_delta_india
2026-04-19T11:30:00+00:00,4777.45,4781.7,4775.3,4779.2,65118.0,real_delta_india
2026-04-19T12:00:00+00:00,4778.09,4781.8,4777.0,4780.9,60285.0,real_delta_india
2026-04-19T12:30:00+00:00,4781.0,4783.6,4778.0,4781.9,83605.0,real_delta_india
2026-04-19T13:00:00+00:00,4782.0,4793.2,4782.0,4789.8,146983.0,real_delta_india
2026-04-19T13:30:00+00:00,4790.0,4793.0,4789.9,4790.3,96239.0,real_delta_india
2026-04-19T14:00:00+00:00,4790.4,4790.5,4784.7,4787.3,95026.0,real_delta_india
2026-04-19T14:30:00+00:00,4787.2,4789.6,4786.4,4789.2,70415.0,real_delta_india
2026-04-19T15:00:00+00:00,4789.5,4789.7,4787.6,4789.3,43795.0,real_delta_india
2026-04-19T15:30:00+00:00,4789.3,4790.7,4787.8,4789.3,52901.0,real_delta_india
2026-04-19T16:00:00+00:00,4789.2,4796.2,4787.1,4793.1,96557.0,real_delta_india
2026-04-19T16:30:00+00:00,4793.08,4794.0,4788.9,4790.2,69027.0,real_delta_india
2026-04-19T17:00:00+00:00,4788.9,4788.9,4782.05,4785.2,171617.0,real_delta_india
2026-04-19T17:30:00+00:00,4785.2,4786.8,4777.1,4778.8,103948.0,real_delta_india
2026-04-19T18:00:00+00:00,4778.9,4780.1,4775.6,4776.7,110232.0,real_delta_india
2026-04-19T18:30:00+00:00,4776.7,4777.0,4775.8,4775.9,54848.0,real_delta_india
2026-04-19T19:00:00+00:00,4775.9,4781.1,4774.9,4780.2,69062.0,real_delta_india
2026-04-19T19:30:00+00:00,4780.3,4780.3,4776.0,4779.57,13578.0,real_delta_india
2026-04-19T20:00:00+00:00,4774.22,4775.8,4766.1,4767.8,171004.0,real_delta_india
2026-04-19T20:30:00+00:00,4767.9,4769.2,4765.9,4766.3,45519.0,real_delta_india
2026-04-19T21:00:00+00:00,4766.1,4766.1,4762.4,4763.2,102629.0,real_delta_india
2026-04-19T21:30:00+00:00,4763.1,4766.2,4761.2,4761.5,116133.0,real_delta_india
2026-04-19T22:00:00+00:00,4761.07,4773.5,4744.1,4763.6,292054.0,real_delta_india
2026-04-19T22:30:00+00:00,4763.7,4769.1,4759.5,4759.7,61093.0,real_delta_india
2026-04-19T23:00:00+00:00,4758.09,4760.4,4752.8,4753.0,95769.0,real_delta_india
2026-04-19T23:30:00+00:00,4752.9,4756.6,4723.3,4738.0,339163.0,real_delta_india
2026-04-20T00:00:00+00:00,4736.4,4750.0,4728.1,4749.5,119457.0,real_delta_india
2026-04-20T00:30:00+00:00,4749.3,4757.0,4744.9,4755.2,207831.0,real_delta_india
2026-04-20T01:00:00+00:00,4755.3,4783.83,4755.3,4783.2,280472.0,real_delta_india
2026-04-20T01:30:00+00:00,4783.1,4793.5,4782.3,4787.2,192833.0,real_delta_india
2026-04-20T02:00:00+00:00,4787.2,4788.2,4777.8,4779.5,149347.0,real_delta_india
2026-04-20T02:30:00+00:00,4779.7,4781.0,4772.6,4776.6,125892.0,real_delta_india
2026-04-20T03:00:00+00:00,4776.8,4777.5,4769.3,4775.7,184946.0,real_delta_india
2026-04-20T03:30:00+00:00,4775.7,4776.7,4770.3,4771.7,107204.0,real_delta_india
2026-04-20T04:00:00+00:00,4771.7,4775.2,4771.2,4774.14,71426.0,real_delta_india
2026-04-20T04:30:00+00:00,4773.8,4773.8,4767.6,4768.6,226629.0,real_delta_india
2026-04-20T05:00:00+00:00,4768.94,4772.4,4764.3,4766.7,171539.0,real_delta_india
2026-04-20T05:30:00+00:00,4767.45,4774.5,4759.77,4769.9,411504.0,real_delta_india
2026-04-20T06:00:00+00:00,4769.76,4772.7,4764.5,4766.1,282040.0,real_delta_india
2026-04-20T06:30:00+00:00,4766.9,4777.2,4766.4,4776.9,253965.0,real_delta_india
2026-04-20T07:00:00+00:00,4777.59,4788.8,4774.46,4780.4,480630.0,real_delta_india
2026-04-20T07:30:00+00:00,4781.3,4781.8,4770.4,4772.3,417844.0,real_delta_india
2026-04-20T08:00:00+00:00,4772.0,4775.5,4768.7,4775.0,222127.0,real_delta_india
2026-04-20T08:30:00+00:00,4774.7,4778.4,4772.0,4778.3,115496.0,real_delta_india
2026-04-20T09:00:00+00:00,4778.3,4781.0,4776.0,4776.1,96991.0,real_delta_india
2026-04-20T09:30:00+00:00,4777.0,4780.4,4768.5,4775.6,282463.0,real_delta_india
2026-04-20T10:00:00+00:00,4775.6,4783.8,4773.8,4782.0,188342.0,real_delta_india
2026-04-20T10:30:00+00:00,4782.0,4783.6,4777.5,4778.6,74767.0,real_delta_india
2026-04-20T11:00:00+00:00,4778.8,4779.0,4770.3,4772.7,227964.0,real_delta_india
2026-04-20T11:30:00+00:00,4772.5,4792.7,4772.0,4792.4,405603.0,real_delta_india
2026-04-20T12:00:00+00:00,4792.2,4803.7,4785.0,4788.1,866382.0,real_delta_india
2026-04-20T12:30:00+00:00,4788.8,4791.2,4781.5,4785.0,413565.0,real_delta_india
2026-04-20T13:00:00+00:00,4785.0,4806.2,4781.6,4805.5,614930.0,real_delta_india
2026-04-20T13:30:00+00:00,4805.5,4807.0,4798.39,4799.9,354264.0,real_delta_india
2026-04-20T14:00:00+00:00,4799.9,4808.1,4788.9,4803.9,688370.0,real_delta_india
2026-04-20T14:30:00+00:00,4804.7,4808.3,4775.5,4786.7,704787.0,real_delta_india
2026-04-20T15:00:00+00:00,4786.6,4792.1,4775.0,4791.9,600721.0,real_delta_india
2026-04-20T15:30:00+00:00,4789.0,4791.3,4778.2,4782.4,249571.0,real_delta_india
2026-04-20T16:00:00+00:00,4782.3,4785.5,4776.4,4784.3,211546.0,real_delta_india
2026-04-20T16:30:00+00:00,4784.9,4790.0,4783.1,4789.4,189520.0,real_delta_india
2026-04-20T17:00:00+00:00,4789.6,4793.1,4784.2,4789.0,217661.0,real_delta_india
2026-04-20T17:30:00+00:00,4789.0,4791.6,4783.4,4786.9,205647.0,real_delta_india
2026-04-20T18:00:00+00:00,4787.26,4796.1,4787.26,4795.2,210808.0,real_delta_india
2026-04-20T18:30:00+00:00,4795.1,4798.4,4792.9,4796.0,176290.0,real_delta_india
2026-04-20T19:00:00+00:00,4796.5,4802.7,4796.5,4798.5,167321.0,real_delta_india
2026-04-20T19:30:00+00:00,4798.5,4798.6,4792.5,4794.9,71908.0,real_delta_india
2026-04-20T20:00:00+00:00,4795.8,4798.4,4794.9,4797.3,62946.0,real_delta_india
2026-04-20T20:30:00+00:00,4797.4,4802.9,4795.3,4801.2,54823.0,real_delta_india
2026-04-20T21:00:00+00:00,4801.7,4801.8,4798.0,4800.3,36885.0,real_delta_india
2026-04-20T21:30:00+00:00,4800.4,4804.4,4800.2,4803.8,29504.0,real_delta_india
2026-04-20T22:00:00+00:00,4804.79,4813.6,4803.9,4809.8,178475.0,real_delta_india
2026-04-20T22:30:00+00:00,4809.2,4812.4,4807.0,4809.2,35506.0,real_delta_india
2026-04-20T23:00:00+00:00,4811.6,4811.6,4805.9,4806.7,58979.0,real_delta_india
2026-04-20T23:30:00+00:00,4806.3,4806.3,4802.2,4804.0,130371.0,real_delta_india
2026-04-21T00:00:00+00:00,4803.8,4812.2,4801.7,4801.7,128304.0,real_delta_india
2026-04-21T00:30:00+00:00,4801.8,4807.1,4798.7,4805.5,92925.0,real_delta_india
2026-04-21T01:00:00+00:00,4804.0,4805.7,4795.7,4799.5,81830.0,real_delta_india
2026-04-21T01:30:00+00:00,4799.5,4800.5,4788.7,4792.2,176802.0,real_delta_india
2026-04-21T02:00:00+00:00,4792.1,4792.3,4785.2,4789.3,115457.0,real_delta_india
2026-04-21T02:30:00+00:00,4789.12,4789.12,4784.0,4787.92,109414.0,real_delta_india
2026-04-21T03:00:00+00:00,4787.92,4788.5,4777.0,4780.8,178737.0,real_delta_india
2026-04-21T03:30:00+00:00,4780.7,4782.4,4775.0,4779.32,136320.0,real_delta_india
2026-04-21T04:00:00+00:00,4779.4,4780.0,4773.4,4774.1,164812.0,real_delta_india
2026-04-21T04:30:00+00:00,4774.0,4775.7,4771.0,4771.9,183160.0,real_delta_india
2026-04-21T05:00:00+00:00,4771.4,4775.1,4768.7,4770.8,286003.0,real_delta_india
2026-04-21T05:30:00+00:00,4771.1,4780.0,4767.9,4769.79,360388.0,real_delta_india
2026-04-21T06:00:00+00:00,4769.2,4773.5,4760.27,4763.0,406757.0,real_delta_india
2026-04-21T06:30:00+00:00,4763.9,4767.9,4760.6,4764.2,179629.0,real_delta_india
2026-04-21T07:00:00+00:00,4763.9,4772.5,4758.2,4768.7,297946.0,real_delta_india
2026-04-21T07:30:00+00:00,4768.9,4776.8,4767.3,4770.5,193641.0,real_delta_india
2026-04-21T08:00:00+00:00,4770.9,4774.0,4761.0,4772.7,260951.0,real_delta_india
2026-04-21T08:30:00+00:00,4771.4,4777.6,4770.4,4772.8,258983.0,real_delta_india
2026-04-21T09:00:00+00:00,4772.6,4773.2,4767.1,4768.0,152271.0,real_delta_india
2026-04-21T09:30:00+00:00,4768.0,4774.6,4768.0,4769.8,76052.0,real_delta_india
2026-04-21T10:00:00+00:00,4769.8,4771.6,4767.0,4768.7,78300.0,real_delta_india
2026-04-21T10:30:00+00:00,4768.6,4776.0,4768.6,4774.9,118634.0,real_delta_india
2026-04-21T11:00:00+00:00,4775.2,4775.8,4762.5,4769.0,228511.0,real_delta_india
2026-04-21T11:30:00+00:00,4769.3,4783.4,4769.3,4780.4,395917.0,real_delta_india
2026-04-21T12:00:00+00:00,4780.9,4782.6,4766.4,4768.4,530978.0,real_delta_india
2026-04-21T12:30:00+00:00,4767.83,4775.9,4754.6,4764.8,678906.0,real_delta_india
2026-04-21T13:00:00+00:00,4764.8,4769.1,4748.9,4761.3,875087.0,real_delta_india
2026-04-21T13:30:00+00:00,4760.2,4779.6,4755.9,4764.2,891719.0,real_delta_india
2026-04-21T14:00:00+00:00,4764.9,4768.8,4757.1,4760.0,378130.0,real_delta_india
2026-04-21T14:30:00+00:00,4759.7,4761.1,4712.3,4726.1,1517272.0,real_delta_india
2026-04-21T15:00:00+00:00,4726.1,4743.3,4715.0,4729.7,782672.0,real_delta_india
2026-04-21T15:30:00+00:00,4729.7,4737.0,4723.9,4729.0,378125.0,real_delta_india
2026-04-21T16:00:00+00:00,4729.1,4733.02,4707.6,4709.3,839642.0,real_delta_india
2026-04-21T16:30:00+00:00,4708.8,4716.1,4696.9,4699.1,623768.0,real_delta_india
2026-04-21T17:00:00+00:00,4698.6,4706.0,4686.0,4688.8,680531.0,real_delta_india
2026-04-21T17:30:00+00:00,4688.7,4710.7,4686.3,4698.1,705461.0,real_delta_india
2026-04-21T18:00:00+00:00,4698.4,4701.6,4680.1,4684.1,730940.0,real_delta_india
2026-04-21T18:30:00+00:00,4684.5,4700.5,4684.5,4696.6,440317.0,real_delta_india
2026-04-21T19:00:00+00:00,4697.2,4703.0,4693.3,4701.3,223102.0,real_delta_india
2026-04-21T19:30:00+00:00,4701.3,4701.9,4657.0,4667.6,635068.0,real_delta_india
2026-04-21T20:00:00+00:00,4666.3,4700.0,4659.3,4694.7,223843.0,real_delta_india
2026-04-21T20:30:00+00:00,4694.5,4707.18,4694.1,4706.6,133129.0,real_delta_india
2026-04-21T21:00:00+00:00,4707.3,4711.2,4705.6,4709.5,72748.0,real_delta_india
2026-04-21T21:30:00+00:00,4709.5,4713.9,4709.0,4713.9,79832.0,real_delta_india
2026-04-21T22:00:00+00:00,4713.8,4716.47,4704.1,4706.7,73700.0,real_delta_india
2026-04-21T22:30:00+00:00,4707.0,4708.3,4703.1,4706.8,26470.0,real_delta_india
2026-04-21T23:00:00+00:00,4706.8,4721.5,4706.7,4718.5,117427.0,real_delta_india
2026-04-21T23:30:00+00:00,4718.25,4727.5,4717.3,4725.5,81405.0,real_delta_india
2026-04-22T00:00:00+00:00,4726.3,4733.0,4726.2,4728.4,122234.0,real_delta_india
2026-04-22T00:30:00+00:00,4728.75,4731.9,4724.5,4725.0,89955.0,real_delta_india
2026-04-22T01:00:00+00:00,4726.0,4733.8,4721.6,4729.8,190196.0,real_delta_india
2026-04-22T01:30:00+00:00,4730.9,4739.8,4730.5,4737.7,228747.0,real_delta_india
2026-04-22T02:00:00+00:00,4738.4,4743.8,4735.9,4742.16,174134.0,real_delta_india
2026-04-22T02:30:00+00:00,4742.16,4743.7,4736.6,4741.2,185952.0,real_delta_india
2026-04-22T03:00:00+00:00,4741.5,4748.7,4739.0,4748.0,249870.0,real_delta_india
2026-04-22T03:30:00+00:00,4748.1,4750.0,4742.0,4743.0,200712.0,real_delta_india
2026-04-22T04:00:00+00:00,4743.0,4744.4,4739.0,4740.2,180305.0,real_delta_india
2026-04-22T04:30:00+00:00,4740.2,4743.7,4737.2,4739.6,223730.0,real_delta_india
2026-04-22T05:00:00+00:00,4739.6,4756.6,4737.4,4751.0,547595.0,real_delta_india
2026-04-22T05:30:00+00:00,4751.5,4757.3,4749.6,4753.1,275405.0,real_delta_india
2026-04-22T06:00:00+00:00,4753.0,4753.0,4745.1,4751.3,239248.0,real_delta_india
2026-04-22T06:30:00+00:00,4751.75,4753.0,4748.1,4752.3,139683.0,real_delta_india
2026-04-22T07:00:00+00:00,4752.6,4757.1,4747.6,4751.4,328270.0,real_delta_india
2026-04-22T07:30:00+00:00,4750.8,4752.1,4746.0,4746.4,190182.0,real_delta_india
2026-04-22T08:00:00+00:00,4746.7,4747.5,4739.5,4739.5,351821.0,real_delta_india
2026-04-22T08:30:00+00:00,4739.4,4744.0,4738.2,4742.7,279015.0,real_delta_india
2026-04-22T09:00:00+00:00,4742.7,4747.9,4742.3,4743.0,207190.0,real_delta_india
2026-04-22T09:30:00+00:00,4743.0,4747.7,4739.5,4741.9,250565.0,real_delta_india
2026-04-22T10:00:00+00:00,4742.0,4744.1,4732.8,4741.2,545466.0,real_delta_india
2026-04-22T10:30:00+00:00,4741.2,4745.6,4740.2,4744.3,213209.0,real_delta_india
2026-04-22T11:00:00+00:00,4744.32,4745.7,4741.4,4742.3,137771.0,real_delta_india
2026-04-22T11:30:00+00:00,4742.2,4744.4,4733.9,4735.5,335961.0,real_delta_india
2026-04-22T12:00:00+00:00,4736.0,4743.9,4733.2,4738.1,306552.0,real_delta_india
2026-04-22T12:30:00+00:00,4737.34,4738.7,4727.8,4728.6,384089.0,real_delta_india
2026-04-22T13:00:00+00:00,4728.7,4735.1,4721.7,4734.4,555220.0,real_delta_india
2026-04-22T13:30:00+00:00,4734.8,4744.5,4727.3,4737.2,594317.0,real_delta_india
2026-04-22T14:00:00+00:00,4737.69,4741.1,4726.7,4727.1,509064.0,real_delta_india
2026-04-22T14:30:00+00:00,4727.2,4727.7,4714.63,4719.0,802336.0,real_delta_india
2026-04-22T15:00:00+00:00,4719.4,4723.2,4713.8,4718.0,474685.0,real_delta_india
2026-04-22T15:30:00+00:00,4718.5,4719.4,4709.9,4712.6,459201.0,real_delta_india
2026-04-22T16:00:00+00:00,4713.4,4718.9,4708.6,4710.4,323764.0,real_delta_india
2026-04-22T16:30:00+00:00,4710.4,4717.2,4708.3,4713.3,262638.0,real_delta_india
2026-04-22T17:00:00+00:00,4713.2,4724.6,4713.2,4719.3,518321.0,real_delta_india
2026-04-22T17:30:00+00:00,4719.9,4722.9,4718.0,4721.9,245359.0,real_delta_india
2026-04-22T18:00:00+00:00,4721.9,4722.9,4714.9,4715.5,333459.0,real_delta_india
2026-04-22T18:30:00+00:00,4715.6,4733.1,4715.1,4726.0,545425.0,real_delta_india
2026-04-22T19:00:00+00:00,4725.9,4729.2,4721.47,4728.8,167846.0,real_delta_india
2026-04-22T19:30:00+00:00,4728.7,4728.7,4722.1,4724.7,69496.0,real_delta_india
2026-04-22T20:00:00+00:00,4725.1,4725.1,4719.9,4722.4,43591.0,real_delta_india
2026-04-22T20:30:00+00:00,4722.5,4725.3,4721.7,4724.6,21262.0,real_delta_india
2026-04-22T21:00:00+00:00,4724.6,4727.3,4724.5,4726.5,14326.0,real_delta_india
2026-04-22T21:30:00+00:00,4727.6,4730.3,4727.5,4729.3,27215.0,real_delta_india
2026-04-22T22:00:00+00:00,4728.7,4728.9,4718.65,4718.65,55050.0,real_delta_india
2026-04-22T22:30:00+00:00,4719.0,4720.5,4711.9,4712.5,58113.0,real_delta_india
2026-04-22T23:00:00+00:00,4712.6,4713.4,4709.0,4710.7,120828.0,real_delta_india
2026-04-22T23:30:00+00:00,4711.0,4712.5,4709.0,4711.2,35082.0,real_delta_india
2026-04-23T00:00:00+00:00,4711.0,4723.9,4678.5,4723.9,536862.0,real_delta_india
2026-04-23T00:30:00+00:00,4724.2,4735.8,4724.2,4730.0,195429.0,real_delta_india
2026-04-23T01:00:00+00:00,4730.3,4732.1,4711.2,4712.2,210734.0,real_delta_india
2026-04-23T01:30:00+00:00,4711.6,4719.1,4706.0,4706.4,158342.0,real_delta_india
2026-04-23T02:00:00+00:00,4706.5,4707.0,4689.1,4697.3,326298.0,real_delta_india
2026-04-23T02:30:00+00:00,4696.9,4697.8,4681.7,4683.2,269115.0,real_delta_india
2026-04-23T03:00:00+00:00,4683.4,4691.7,4682.6,4686.2,190634.0,real_delta_india
2026-04-23T03:30:00+00:00,4686.3,4691.0,4684.1,4687.8,133648.0,real_delta_india
2026-04-23T04:00:00+00:00,4687.3,4690.4,4684.3,4688.3,106900.0,real_delta_india
2026-04-23T04:30:00+00:00,4689.4,4690.4,4682.9,4687.9,110664.0,real_delta_india
2026-04-23T05:00:00+00:00,4687.9,4695.1,4687.4,4690.5,255508.0,real_delta_india
2026-04-23T05:30:00+00:00,4689.0,4698.2,4676.9,4696.4,468354.0,real_delta_india
2026-04-23T06:00:00+00:00,4696.8,4700.8,4693.9,4697.3,243942.0,real_delta_india
2026-04-23T06:30:00+00:00,4697.3,4705.0,4694.9,4698.1,227243.0,real_delta_india
2026-04-23T07:00:00+00:00,4698.2,4699.7,4689.3,4691.5,331747.0,real_delta_india
2026-04-23T07:30:00+00:00,4691.3,4705.4,4689.7,4704.2,232017.0,real_delta_india
2026-04-23T08:00:00+00:00,4703.9,4709.2,4700.0,4700.0,271607.0,real_delta_india
2026-04-23T08:30:00+00:00,4700.3,4701.0,4687.3,4689.1,362510.0,real_delta_india
2026-04-23T09:00:00+00:00,4689.1,4689.4,4681.1,4687.2,394959.0,real_delta_india
2026-04-23T09:30:00+00:00,4687.1,4688.4,4680.5,4682.4,188186.0,real_delta_india
2026-04-23T10:00:00+00:00,4682.4,4686.8,4670.6,4673.6,694686.0,real_delta_india
2026-04-23T10:30:00+00:00,4673.1,4683.0,4671.2,4682.6,312291.0,real_delta_india
2026-04-23T11:00:00+00:00,4682.8,4689.3,4682.1,4685.0,339453.0,real_delta_india
2026-04-23T11:30:00+00:00,4685.5,4705.7,4683.1,4705.1,644331.0,real_delta_india
2026-04-23T12:00:00+00:00,4705.1,4723.5,4705.1,4717.5,1007981.0,real_delta_india
2026-04-23T12:30:00+00:00,4718.0,4727.5,4715.3,4724.4,491155.0,real_delta_india
2026-04-23T13:00:00+00:00,4725.0,4725.0,4709.0,4712.0,456914.0,real_delta_india
2026-04-23T13:30:00+00:00,4711.45,4725.6,4708.9,4709.3,517907.0,real_delta_india
2026-04-23T14:00:00+00:00,4709.6,4720.2,4702.4,4716.7,696135.0,real_delta_india
2026-04-23T14:30:00+00:00,4717.1,4721.9,4712.1,4719.3,416447.0,real_delta_india
2026-04-23T15:00:00+00:00,4719.3,4725.9,4712.6,4719.5,373274.0,real_delta_india
2026-04-23T15:30:00+00:00,4719.0,4720.0,4703.5,4706.9,485481.0,real_delta_india
2026-04-23T16:00:00+00:00,4706.8,4710.8,4702.9,4709.0,333645.0,real_delta_india
2026-04-23T16:30:00+00:00,4709.0,4722.0,4708.5,4717.7,420632.0,real_delta_india
2026-04-23T17:00:00+00:00,4717.6,4718.8,4691.8,4693.4,949576.0,real_delta_india
2026-04-23T17:30:00+00:00,4693.8,4700.0,4653.8,4696.0,1527009.0,real_delta_india
2026-04-23T18:00:00+00:00,4696.31,4708.4,4695.0,4702.7,310404.0,real_delta_india
2026-04-23T18:30:00+00:00,4702.3,4706.0,4686.8,4688.3,348567.0,real_delta_india
2026-04-23T19:00:00+00:00,4687.0,4690.6,4681.1,4686.9,269952.0,real_delta_india
2026-04-23T19:30:00+00:00,4687.2,4688.1,4677.8,4685.3,120508.0,real_delta_india
2026-04-23T20:00:00+00:00,4683.1,4685.3,4675.5,4677.2,43152.0,real_delta_india
2026-04-23T20:30:00+00:00,4677.3,4681.3,4676.4,4680.8,52108.0,real_delta_india
2026-04-23T21:00:00+00:00,4681.8,4685.3,4681.7,4684.6,13600.0,real_delta_india
2026-04-23T21:30:00+00:00,4684.6,4690.3,4684.5,4690.3,25539.0,real_delta_india
2026-04-23T22:00:00+00:00,4689.6,4691.3,4681.3,4681.4,21243.0,real_delta_india
2026-04-23T22:30:00+00:00,4681.7,4684.4,4678.6,4681.3,17067.0,real_delta_india
2026-04-23T23:00:00+00:00,4682.0,4683.8,4675.7,4682.6,29565.0,real_delta_india
2026-04-23T23:30:00+00:00,4682.8,4687.8,4681.2,4682.6,44257.0,real_delta_india
2026-04-24T00:00:00+00:00,4685.0,4693.2,4679.2,4692.7,127277.0,real_delta_india
2026-04-24T00:30:00+00:00,4693.2,4695.3,4685.5,4691.9,117302.0,real_delta_india
2026-04-24T01:00:00+00:00,4693.27,4698.0,4684.9,4687.0,142338.0,real_delta_india
2026-04-24T01:30:00+00:00,4686.7,4689.1,4678.6,4687.4,110575.0,real_delta_india
2026-04-24T02:00:00+00:00,4687.4,4687.9,4671.0,4672.3,155146.0,real_delta_india
2026-04-24T02:30:00+00:00,4672.8,4678.4,4662.3,4666.1,245376.0,real_delta_india
2026-04-24T03:00:00+00:00,4665.0,4666.9,4657.9,4662.9,204508.0,real_delta_india
2026-04-24T03:30:00+00:00,4663.4,4666.7,4660.41,4660.8,142424.0,real_delta_india
2026-04-24T04:00:00+00:00,4660.1,4663.3,4649.3,4649.6,559412.0,real_delta_india
2026-04-24T04:30:00+00:00,4649.3,4665.7,4648.4,4663.8,359773.0,real_delta_india
2026-04-24T05:00:00+00:00,4664.3,4667.8,4658.8,4665.5,208762.0,real_delta_india
2026-04-24T05:30:00+00:00,4665.7,4675.17,4665.5,4674.8,347755.0,real_delta_india
2026-04-24T06:00:00+00:00,4675.17,4675.7,4660.1,4660.9,452075.0,real_delta_india
2026-04-24T06:30:00+00:00,4661.5,4666.0,4657.4,4661.8,344517.0,real_delta_india
2026-04-24T07:00:00+00:00,4661.8,4673.2,4660.7,4672.8,272583.0,real_delta_india
2026-04-24T07:30:00+00:00,4672.7,4683.5,4670.6,4682.1,369758.0,real_delta_india
2026-04-24T08:00:00+00:00,4682.0,4685.0,4674.8,4676.4,408698.0,real_delta_india
2026-04-24T08:30:00+00:00,4676.9,4681.1,4674.3,4679.5,220760.0,real_delta_india
2026-04-24T09:00:00+00:00,4679.8,4684.3,4671.1,4671.9,352925.0,real_delta_india
2026-04-24T09:30:00+00:00,4672.1,4677.1,4668.4,4671.3,294885.0,real_delta_india
2026-04-24T10:00:00+00:00,4671.3,4673.8,4668.8,4671.1,159599.0,real_delta_india
2026-04-24T10:30:00+00:00,4671.0,4671.0,4664.3,4666.6,262809.0,real_delta_india
2026-04-24T11:00:00+00:00,4667.1,4704.5,4667.0,4703.3,979188.0,real_delta_india
2026-04-24T11:30:00+00:00,4704.0,4704.7,4690.2,4694.1,508367.0,real_delta_india
2026-04-24T12:00:00+00:00,4694.8,4699.0,4688.9,4697.6,321956.0,real_delta_india
2026-04-24T12:30:00+00:00,4697.6,4698.3,4678.5,4689.0,671345.0,real_delta_india
2026-04-24T13:00:00+00:00,4689.0,4692.5,4681.8,4685.0,276012.0,real_delta_india
2026-04-24T13:30:00+00:00,4685.82,4704.2,4678.0,4698.41,741195.0,real_delta_india
2026-04-24T14:00:00+00:00,4698.5,4725.0,4694.2,4710.6,1197553.0,real_delta_india
2026-04-24T14:30:00+00:00,4710.6,4717.4,4708.5,4712.1,575890.0,real_delta_india
2026-04-24T15:00:00+00:00,4712.2,4712.9,4705.2,4708.1,476899.0,real_delta_india
2026-04-24T15:30:00+00:00,4708.2,4719.6,4702.43,4712.6,567626.0,real_delta_india
2026-04-24T16:00:00+00:00,4712.5,4714.8,4704.9,4709.5,348274.0,real_delta_india
2026-04-24T16:30:00+00:00,4709.6,4713.7,4706.1,4712.9,310881.0,real_delta_india
2026-04-24T17:00:00+00:00,4712.68,4715.1,4708.3,4708.9,262991.0,real_delta_india
2026-04-24T17:30:00+00:00,4708.9,4713.1,4705.5,4709.5,382522.0,real_delta_india
2026-04-24T18:00:00+00:00,4709.3,4710.5,4703.3,4703.5,187763.0,real_delta_india
2026-04-24T18:30:00+00:00,4703.6,4709.1,4702.3,4709.0,180049.0,real_delta_india
2026-04-24T19:00:00+00:00,4708.9,4712.1,4703.9,4705.1,134869.0,real_delta_india
2026-04-24T19:30:00+00:00,4705.5,4706.7,4700.0,4703.1,119134.0,real_delta_india
2026-04-24T20:00:00+00:00,4702.7,4702.7,4691.6,4694.1,189491.0,real_delta_india
2026-04-24T20:30:00+00:00,4693.9,4695.9,4691.3,4694.9,51302.0,real_delta_india
2026-04-24T21:00:00+00:00,4694.8,4694.9,4691.0,4691.8,19565.0,real_delta_india
2026-04-24T21:30:00+00:00,4691.8,4693.0,4690.5,4693.0,21889.0,real_delta_india
2026-04-24T22:00:00+00:00,4692.6,4696.0,4692.6,4695.0,17423.0,real_delta_india
2026-04-24T22:30:00+00:00,4695.0,4697.1,4693.7,4696.0,24462.0,real_delta_india
2026-04-24T23:00:00+00:00,4695.3,4695.6,4695.0,4695.1,5590.0,real_delta_india
2026-04-24T23:30:00+00:00,4695.1,4695.2,4694.3,4694.6,21265.0,real_delta_india
2026-04-25T00:00:00+00:00,4694.6,4696.7,4694.4,4696.0,23908.0,real_delta_india
2026-04-25T00:30:00+00:00,4696.2,4696.9,4696.0,4696.8,30789.0,real_delta_india
2026-04-25T01:00:00+00:00,4696.7,4696.8,4696.5,4696.6,8219.0,real_delta_india
2026-04-25T01:30:00+00:00,4696.6,4696.7,4696.5,4696.5,8861.0,real_delta_india
2026-04-25T02:00:00+00:00,4696.5,4697.1,4696.5,4696.8,22433.0,real_delta_india
2026-04-25T02:30:00+00:00,4696.6,4696.7,4696.6,4696.6,6497.0,real_delta_india
2026-04-25T03:00:00+00:00,4696.6,4696.7,4696.3,4696.5,15653.0,real_delta_india
2026-04-25T03:30:00+00:00,4696.6,4696.7,4696.5,4696.6,11132.0,real_delta_india
2026-04-25T04:00:00+00:00,4696.5,4696.6,4696.3,4696.6,8405.0,real_delta_india
2026-04-25T04:30:00+00:00,4696.6,4698.6,4695.9,4698.1,77948.0,real_delta_india
2026-04-25T05:00:00+00:00,4698.2,4698.3,4697.6,4697.82,26118.0,real_delta_india
2026-04-25T05:30:00+00:00,4697.7,4698.2,4697.1,4697.9,38960.0,real_delta_india
2026-04-25T06:00:00+00:00,4697.8,4697.8,4696.2,4697.1,20775.0,real_delta_india
2026-04-25T06:30:00+00:00,4697.1,4698.0,4697.0,4697.6,18497.0,real_delta_india
2026-04-25T07:00:00+00:00,4697.7,4697.9,4694.1,4694.1,25066.0,real_delta_india
2026-04-25T07:30:00+00:00,4694.1,4694.9,4693.8,4694.8,14911.0,real_delta_india
2026-04-25T08:00:00+00:00,4694.8,4697.3,4694.8,4697.0,9250.0,real_delta_india
2026-04-25T08:30:00+00:00,4697.2,4699.1,4696.9,4698.8,29822.0,real_delta_india
2026-04-25T09:00:00+00:00,4699.1,4700.2,4698.0,4698.2,24752.0,real_delta_india
2026-04-25T09:30:00+00:00,4698.1,4701.0,4698.1,4700.0,27438.0,real_delta_india
2026-04-25T10:00:00+00:00,4700.0,4700.0,4699.6,4700.0,12124.0,real_delta_india
2026-04-25T10:30:00+00:00,4700.0,4700.2,4699.4,4699.9,19409.0,real_delta_india
2026-04-25T11:00:00+00:00,4699.9,4700.0,4698.9,4698.9,8824.0,real_delta_india
2026-04-25T11:30:00+00:00,4698.9,4699.7,4698.0,4699.0,20997.0,real_delta_india
2026-04-25T12:00:00+00:00,4698.3,4698.4,4697.6,4697.9,15491.0,real_delta_india
2026-04-25T12:30:00+00:00,4697.8,4697.9,4696.5,4696.5,49921.0,real_delta_india
2026-04-25T13:00:00+00:00,4696.5,4698.0,4696.4,4697.5,23087.0,real_delta_india
2026-04-25T13:30:00+00:00,4697.57,4698.5,4697.57,4698.3,15709.0,real_delta_india
2026-04-25T14:00:00+00:00,4698.3,4698.5,4697.2,4697.6,20158.0,real_delta_india
2026-04-25T14:30:00+00:00,4697.6,4698.0,4697.5,4698.0,9799.0,real_delta_india
2026-04-25T15:00:00+00:00,4698.0,4698.1,4697.6,4698.0,15901.0,real_delta_india
2026-04-25T15:30:00+00:00,4697.9,4698.3,4695.3,4695.7,53137.0,real_delta_india
2026-04-25T16:00:00+00:00,4695.6,4695.7,4691.9,4691.9,52390.0,real_delta_india
2026-04-25T16:30:00+00:00,4692.1,4693.6,4690.0,4693.3,116254.0,real_delta_india
2026-04-25T17:00:00+00:00,4693.28,4694.15,4692.9,4693.6,27037.0,real_delta_india
2026-04-25T17:30:00+00:00,4693.7,4694.1,4693.2,4693.4,25045.0,real_delta_india
2026-04-25T18:00:00+00:00,4693.4,4694.4,4693.4,4693.9,18730.0,real_delta_india
2026-04-25T18:30:00+00:00,4693.8,4694.3,4693.8,4694.0,10678.0,real_delta_india
2026-04-25T19:00:00+00:00,4694.0,4694.0,4693.1,4693.2,2799.0,real_delta_india
2026-04-25T19:30:00+00:00,4693.3,4693.3,4693.0,4693.2,3567.0,real_delta_india
2026-04-25T20:00:00+00:00,4693.3,4693.3,4693.2,4693.3,2668.0,real_delta_india
2026-04-25T20:30:00+00:00,4693.2,4693.6,4693.2,4693.6,3124.0,real_delta_india
2026-04-25T21:00:00+00:00,4693.6,4693.6,4693.5,4693.6,1527.0,real_delta_india
2026-04-25T21:30:00+00:00,4693.6,4693.6,4692.7,4692.8,4420.0,real_delta_india
2026-04-25T22:00:00+00:00,4692.0,4693.5,4692.0,4693.4,457.0,real_delta_india
2026-04-25T22:30:00+00:00,4693.1,4693.1,4692.6,4692.7,2609.0,real_delta_india
2026-04-25T23:00:00+00:00,4692.7,4692.7,4691.3,4691.4,8319.0,real_delta_india
2026-04-25T23:30:00+00:00,4690.58,4691.7,4687.1,4687.3,27493.0,real_delta_india
2026-04-26T00:00:00+00:00,4688.0,4688.0,4686.0,4686.1,13664.0,real_delta_india
2026-04-26T00:30:00+00:00,4686.1,4689.0,4685.8,4688.7,13814.0,real_delta_india
2026-04-26T01:00:00+00:00,4688.8,4690.4,4688.7,4690.1,11268.0,real_delta_india
2026-04-26T01:30:00+00:00,4690.0,4690.4,4690.0,4690.3,6180.0,real_delta_india
2026-04-26T02:00:00+00:00,4690.4,4690.4,4690.3,4690.4,4341.0,real_delta_india
2026-04-26T02:30:00+00:00,4690.4,4690.8,4690.1,4690.5,11513.0,real_delta_india
2026-04-26T03:00:00+00:00,4690.5,4690.5,4690.4,4690.5,4205.0,real_delta_india
2026-04-26T03:30:00+00:00,4690.5,4690.6,4689.6,4690.0,12140.0,real_delta_india
2026-04-26T04:00:00+00:00,4689.96,4690.4,4689.2,4690.2,42973.0,real_delta_india
2026-04-26T04:30:00+00:00,4690.2,4692.6,4690.2,4691.8,8774.0,real_delta_india
2026-04-26T05:00:00+00:00,4691.8,4692.8,4690.7,4691.9,16214.0,real_delta_india
2026-04-26T05:30:00+00:00,4691.8,4692.1,4689.0,4689.1,18296.0,real_delta_india
2026-04-26T06:00:00+00:00,4689.2,4689.2,4688.1,4688.6,44949.0,real_delta_india
2026-04-26T06:30:00+00:00,4688.5,4690.5,4688.5,4690.4,5371.0,real_delta_india
2026-04-26T07:00:00+00:00,4690.4,4690.4,4689.6,4689.8,4123.0,real_delta_india
2026-04-26T07:30:00+00:00,4689.8,4690.8,4689.8,4690.8,9371.0,real_delta_india
2026-04-26T08:00:00+00:00,4690.78,4693.3,4690.78,4692.4,23187.0,real_delta_india
2026-04-26T08:30:00+00:00,4692.4,4693.6,4692.1,4693.0,15355.0,real_delta_india
2026-04-26T09:00:00+00:00,4692.9,4693.2,4690.2,4691.2,10361.0,real_delta_india
2026-04-26T09:30:00+00:00,4691.1,4692.1,4690.1,4691.5,6547.0,real_delta_india
2026-04-26T10:00:00+00:00,4691.7,4692.0,4691.6,4692.0,2491.0,real_delta_india
2026-04-26T10:30:00+00:00,4691.9,4692.2,4691.8,4692.0,9716.0,real_delta_india
2026-04-26T11:00:00+00:00,4692.0,4693.2,4691.4,4693.0,7989.0,real_delta_india
2026-04-26T11:30:00+00:00,4693.1,4695.0,4693.0,4694.5,20339.0,real_delta_india
2026-04-26T12:00:00+00:00,4694.6,4696.2,4694.5,4696.0,31537.0,real_delta_india
2026-04-26T12:30:00+00:00,4695.9,4696.5,4695.8,4695.9,15186.0,real_delta_india
2026-04-26T13:00:00+00:00,4695.8,4697.55,4695.6,4697.4,20235.0,real_delta_india
2026-04-26T13:30:00+00:00,4697.4,4699.1,4697.3,4698.7,17344.0,real_delta_india
2026-04-26T14:00:00+00:00,4698.6,4703.2,4698.6,4702.6,92376.0,real_delta_india
2026-04-26T14:30:00+00:00,4702.6,4703.4,4702.0,4702.5,36418.0,real_delta_india
2026-04-26T15:00:00+00:00,4702.5,4703.5,4699.0,4699.0,42963.0,real_delta_india
2026-04-26T15:30:00+00:00,4699.2,4700.4,4698.8,4700.2,41173.0,real_delta_india
2026-04-26T16:00:00+00:00,4700.3,4702.5,4697.3,4698.1,33849.0,real_delta_india
2026-04-26T16:30:00+00:00,4698.1,4699.2,4698.1,4698.7,10290.0,real_delta_india
2026-04-26T17:00:00+00:00,4698.8,4702.5,4698.7,4702.0,52042.0,real_delta_india
2026-04-26T17:30:00+00:00,4702.3,4706.1,4702.3,4704.6,46044.0,real_delta_india
2026-04-26T18:00:00+00:00,4704.5,4707.8,4704.5,4705.6,50222.0,real_delta_india
2026-04-26T18:30:00+00:00,4705.8,4705.8,4704.3,4705.1,16683.0,real_delta_india
2026-04-26T19:00:00+00:00,4705.0,4706.7,4701.9,4703.8,16274.0,real_delta_india
2026-04-26T19:30:00+00:00,4703.2,4705.3,4702.8,4704.9,15075.0,real_delta_india
2026-04-26T20:00:00+00:00,4705.1,4706.9,4703.5,4703.8,12486.0,real_delta_india
2026-04-26T20:30:00+00:00,4703.7,4703.7,4698.7,4700.0,8119.0,real_delta_india
2026-04-26T21:00:00+00:00,4700.0,4700.2,4699.4,4699.6,2501.0,real_delta_india
2026-04-26T21:30:00+00:00,4699.6,4701.3,4694.48,4699.5,19611.0,real_delta_india
2026-04-26T22:00:00+00:00,4697.61,4697.61,4669.5,4676.3,284994.0,real_delta_india
2026-04-26T22:30:00+00:00,4675.8,4676.4,4671.1,4674.7,74211.0,real_delta_india
2026-04-26T23:00:00+00:00,4672.9,4674.4,4667.4,4667.6,88402.0,real_delta_india
2026-04-26T23:30:00+00:00,4667.4,4672.6,4665.0,4670.8,91442.0,real_delta_india
2026-04-27T00:00:00+00:00,4670.7,4670.7,4663.0,4670.2,142307.0,real_delta_india
2026-04-27T00:30:00+00:00,4669.8,4685.9,4665.7,4685.6,239440.0,real_delta_india
2026-04-27T01:00:00+00:00,4685.9,4696.2,4679.0,4686.3,253803.0,real_delta_india
2026-04-27T01:30:00+00:00,4686.2,4694.0,4684.8,4689.7,201032.0,real_delta_india
2026-04-27T02:00:00+00:00,4691.2,4694.8,4683.1,4692.6,98867.0,real_delta_india
2026-04-27T02:30:00+00:00,4692.1,4710.4,4691.4,4705.5,267730.0,real_delta_india
2026-04-27T03:00:00+00:00,4705.0,4708.7,4701.9,4702.3,171984.0,real_delta_india
2026-04-27T03:30:00+00:00,4702.2,4715.8,4702.2,4710.9,227653.0,real_delta_india
2026-04-27T04:00:00+00:00,4710.8,4714.1,4709.8,4713.0,104303.0,real_delta_india
2026-04-27T04:30:00+00:00,4713.0,4715.8,4708.4,4710.8,155395.0,real_delta_india
2026-04-27T05:00:00+00:00,4711.0,4711.1,4701.4,4704.1,281724.0,real_delta_india
2026-04-27T05:30:00+00:00,4702.6,4702.6,4694.3,4695.2,287739.0,real_delta_india
2026-04-27T06:00:00+00:00,4695.7,4701.2,4694.7,4699.2,211582.0,real_delta_india
2026-04-27T06:30:00+00:00,4699.1,4701.1,4694.7,4698.0,200161.0,real_delta_india
2026-04-27T07:00:00+00:00,4697.4,4703.5,4696.0,4700.8,261060.0,real_delta_india
2026-04-27T07:30:00+00:00,4700.8,4702.2,4696.0,4698.4,220053.0,real_delta_india
2026-04-27T08:00:00+00:00,4697.0,4699.3,4694.6,4695.4,93150.0,real_delta_india
2026-04-27T08:30:00+00:00,4694.53,4700.5,4690.8,4693.0,309437.0,real_delta_india
2026-04-27T09:00:00+00:00,4693.1,4694.2,4688.7,4688.8,214121.0,real_delta_india
2026-04-27T09:30:00+00:00,4688.9,4692.0,4686.4,4690.6,209171.0,real_delta_india
2026-04-27T10:00:00+00:00,4690.6,4693.6,4686.8,4691.1,114435.0,real_delta_india
2026-04-27T10:30:00+00:00,4691.2,4696.9,4691.2,4695.0,167329.0,real_delta_india
2026-04-27T11:00:00+00:00,4695.0,4695.0,4687.3,4692.6,177371.0,real_delta_india
2026-04-27T11:30:00+00:00,4692.4,4695.2,4686.97,4691.0,129212.0,real_delta_india
2026-04-27T12:00:00+00:00,4691.0,4698.5,4688.4,4692.0,365489.0,real_delta_india
2026-04-27T12:30:00+00:00,4692.3,4693.0,4683.3,4685.8,510871.0,real_delta_india
2026-04-27T13:00:00+00:00,4685.6,4688.8,4679.8,4685.6,406854.0,real_delta_india
2026-04-27T13:30:00+00:00,4685.6,4688.0,4676.0,4682.9,438571.0,real_delta_india
2026-04-27T14:00:00+00:00,4682.9,4683.2,4674.0,4676.7,326660.0,real_delta_india
2026-04-27T14:30:00+00:00,4676.4,4684.2,4664.45,4665.9,693466.0,real_delta_india
2026-04-27T15:00:00+00:00,4666.4,4668.4,4655.3,4668.2,845734.0,real_delta_india
2026-04-27T15:30:00+00:00,4668.2,4670.7,4656.4,4658.8,494087.0,real_delta_india
2026-04-27T16:00:00+00:00,4658.7,4665.1,4656.0,4663.2,343206.0,real_delta_india
2026-04-27T16:30:00+00:00,4663.4,4667.0,4662.3,4664.6,169641.0,real_delta_india
2026-04-27T17:00:00+00:00,4665.5,4668.23,4657.5,4667.7,415828.0,real_delta_india
2026-04-27T17:30:00+00:00,4667.8,4673.5,4667.2,4670.4,423351.0,real_delta_india
2026-04-27T18:00:00+00:00,4670.2,4674.3,4667.8,4673.2,248814.0,real_delta_india
2026-04-27T18:30:00+00:00,4672.9,4673.6,4669.7,4669.7,161206.0,real_delta_india
2026-04-27T19:00:00+00:00,4670.2,4672.0,4667.0,4671.5,89091.0,real_delta_india
2026-04-27T19:30:00+00:00,4671.5,4671.6,4666.2,4670.1,79173.0,real_delta_india
2026-04-27T20:00:00+00:00,4670.3,4670.5,4666.8,4670.0,18244.0,real_delta_india
2026-04-27T20:30:00+00:00,4670.0,4671.8,4668.5,4671.79,22967.0,real_delta_india
2026-04-27T21:00:00+00:00,4671.79,4673.4,4671.79,4673.0,75712.0,real_delta_india
2026-04-27T21:30:00+00:00,4673.1,4676.4,4672.2,4675.1,81768.0,real_delta_india
2026-04-27T22:00:00+00:00,4674.2,4679.8,4673.0,4678.4,66224.0,real_delta_india
2026-04-27T22:30:00+00:00,4678.1,4678.4,4675.7,4676.7,16145.0,real_delta_india
2026-04-27T23:00:00+00:00,4676.6,4679.3,4675.3,4679.0,73805.0,real_delta_india
2026-04-27T23:30:00+00:00,4678.9,4682.9,4678.9,4680.3,75992.0,real_delta_india
2026-04-28T00:00:00+00:00,4680.7,4689.0,4680.0,4682.1,125258.0,real_delta_india
2026-04-28T00:30:00+00:00,4682.3,4682.6,4678.2,4678.5,76126.0,real_delta_india
2026-04-28T01:00:00+00:00,4677.6,4678.1,4672.5,4675.0,138296.0,real_delta_india
2026-04-28T01:30:00+00:00,4675.0,4679.2,4658.3,4659.8,288468.0,real_delta_india
2026-04-28T02:00:00+00:00,4658.4,4669.2,4655.5,4664.5,256066.0,real_delta_india
2026-04-28T02:30:00+00:00,4664.0,4664.1,4656.0,4658.4,130629.0,real_delta_india
2026-04-28T03:00:00+00:00,4658.3,4664.5,4658.0,4663.5,126943.0,real_delta_india
2026-04-28T03:30:00+00:00,4663.6,4664.0,4658.2,4660.0,120337.0,real_delta_india
2026-04-28T04:00:00+00:00,4660.0,4660.0,4654.9,4656.4,294621.0,real_delta_india
2026-04-28T04:30:00+00:00,4656.3,4659.3,4655.2,4656.9,120920.0,real_delta_india
2026-04-28T05:00:00+00:00,4656.9,4657.3,4639.7,4648.2,814383.0,real_delta_india
2026-04-28T05:30:00+00:00,4648.2,4648.2,4616.4,4624.6,826403.0,real_delta_india
2026-04-28T06:00:00+00:00,4624.1,4634.3,4614.2,4623.5,499515.0,real_delta_india
2026-04-28T06:30:00+00:00,4623.7,4626.2,4615.4,4621.0,293120.0,real_delta_india
2026-04-28T07:00:00+00:00,4620.0,4630.4,4619.2,4621.3,216713.0,real_delta_india
2026-04-28T07:30:00+00:00,4621.4,4626.8,4613.2,4624.55,280660.0,real_delta_india
2026-04-28T08:00:00+00:00,4624.67,4625.0,4607.7,4618.1,275774.0,real_delta_india
2026-04-28T08:30:00+00:00,4618.2,4626.3,4616.0,4621.8,175161.0,real_delta_india
2026-04-28T09:00:00+00:00,4621.7,4621.7,4606.0,4610.0,236796.0,real_delta_india
2026-04-28T09:30:00+00:00,4609.3,4609.5,4597.6,4598.1,390751.0,real_delta_india
2026-04-28T10:00:00+00:00,4598.0,4608.6,4598.0,4605.0,321986.0,real_delta_india
2026-04-28T10:30:00+00:00,4604.3,4607.7,4596.0,4596.9,234079.0,real_delta_india
2026-04-28T11:00:00+00:00,4596.4,4601.7,4586.4,4591.9,750552.0,real_delta_india
2026-04-28T11:30:00+00:00,4592.3,4592.7,4548.7,4557.0,1424579.0,real_delta_india
2026-04-28T12:00:00+00:00,4556.8,4590.0,4548.9,4573.3,1026141.0,real_delta_india
2026-04-28T12:30:00+00:00,4572.9,4592.4,4563.7,4586.7,679969.0,real_delta_india
2026-04-28T13:00:00+00:00,4586.1,4586.1,4565.5,4575.5,827727.0,real_delta_india
2026-04-28T13:30:00+00:00,4574.5,4585.8,4565.2,4574.3,729319.0,real_delta_india
2026-04-28T14:00:00+00:00,4573.7,4574.1,4559.7,4566.2,540842.0,real_delta_india
2026-04-28T14:30:00+00:00,4566.3,4572.3,4552.9,4568.7,552539.0,real_delta_india
2026-04-28T15:00:00+00:00,4569.4,4575.6,4561.9,4570.8,441636.0,real_delta_india
2026-04-28T15:30:00+00:00,4570.9,4579.9,4565.3,4579.7,290253.0,real_delta_india
2026-04-28T16:00:00+00:00,4580.0,4580.5,4572.0,4576.6,331722.0,real_delta_india
2026-04-28T16:30:00+00:00,4576.3,4588.05,4573.6,4585.7,535312.0,real_delta_india
2026-04-28T17:00:00+00:00,4585.6,4590.4,4580.39,4587.8,435374.0,real_delta_india
2026-04-28T17:30:00+00:00,4588.1,4594.8,4586.6,4587.1,372395.0,real_delta_india
2026-04-28T18:00:00+00:00,4587.1,4592.7,4584.9,4591.7,211676.0,real_delta_india
2026-04-28T18:30:00+00:00,4591.7,4591.7,4585.5,4587.1,98195.0,real_delta_india
2026-04-28T19:00:00+00:00,4586.8,4590.4,4586.2,4589.2,83643.0,real_delta_india
2026-04-28T19:30:00+00:00,4589.1,4592.65,4587.4,4588.5,92608.0,real_delta_india
2026-04-28T20:00:00+00:00,4588.8,4591.3,4583.6,4586.1,67348.0,real_delta_india
2026-04-28T20:30:00+00:00,4586.1,4590.8,4586.1,4590.7,27289.0,real_delta_india
2026-04-28T21:00:00+00:00,4589.6,4591.4,4588.8,4590.3,15691.0,real_delta_india
2026-04-28T21:30:00+00:00,4590.2,4592.6,4589.3,4592.4,11747.0,real_delta_india
2026-04-28T22:00:00+00:00,4592.1,4592.7,4588.3,4588.3,28598.0,real_delta_india
2026-04-28T22:30:00+00:00,4588.9,4590.0,4585.1,4585.5,26029.0,real_delta_india
2026-04-28T23:00:00+00:00,4586.3,4586.3,4581.6,4584.0,37979.0,real_delta_india
2026-04-28T23:30:00+00:00,4584.8,4588.0,4580.8,4587.4,47342.0,real_delta_india
2026-04-29T00:00:00+00:00,4587.8,4602.5,4587.8,4591.8,389490.0,real_delta_india
2026-04-29T00:30:00+00:00,4591.9,4596.7,4587.9,4591.6,102731.0,real_delta_india
2026-04-29T01:00:00+00:00,4590.5,4590.5,4568.6,4573.1,416265.0,real_delta_india
2026-04-29T01:30:00+00:00,4572.0,4583.5,4571.8,4576.7,177180.0,real_delta_india
2026-04-29T02:00:00+00:00,4576.8,4594.8,4576.8,4590.5,175902.0,real_delta_india
2026-04-29T02:30:00+00:00,4589.72,4592.3,4583.2,4584.4,188309.0,real_delta_india
2026-04-29T03:00:00+00:00,4584.6,4594.7,4583.9,4590.7,193729.0,real_delta_india
2026-04-29T03:30:00+00:00,4590.1,4590.1,4584.1,4586.3,154036.0,real_delta_india
2026-04-29T04:00:00+00:00,4586.3,4593.6,4586.3,4591.2,195989.0,real_delta_india
2026-04-29T04:30:00+00:00,4591.2,4595.8,4591.2,4593.8,308525.0,real_delta_india
2026-04-29T05:00:00+00:00,4593.9,4597.5,4588.7,4590.9,359113.0,real_delta_india
2026-04-29T05:30:00+00:00,4591.5,4592.8,4582.4,4582.5,398612.0,real_delta_india
2026-04-29T06:00:00+00:00,4582.2,4588.8,4573.5,4575.8,455965.0,real_delta_india
2026-04-29T06:30:00+00:00,4575.7,4577.6,4572.0,4575.8,167018.0,real_delta_india
2026-04-29T07:00:00+00:00,4575.8,4580.0,4562.5,4567.2,575555.0,real_delta_india
2026-04-29T07:30:00+00:00,4567.2,4569.9,4559.6,4560.32,340740.0,real_delta_india
2026-04-29T08:00:00+00:00,4562.5,4565.1,4556.3,4559.2,381714.0,real_delta_india
2026-04-29T08:30:00+00:00,4557.7,4568.5,4550.1,4564.8,514408.0,real_delta_india
2026-04-29T09:00:00+00:00,4565.0,4571.6,4558.0,4558.0,336681.0,real_delta_india
2026-04-29T09:30:00+00:00,4557.63,4561.4,4544.2,4548.6,710852.0,real_delta_india
2026-04-29T10:00:00+00:00,4548.4,4565.0,4548.4,4562.7,669875.0,real_delta_india
2026-04-29T10:30:00+00:00,4563.9,4568.4,4557.2,4562.0,429489.0,real_delta_india
2026-04-29T11:00:00+00:00,4562.6,4565.2,4557.7,4558.2,231455.0,real_delta_india
2026-04-29T11:30:00+00:00,4557.7,4564.2,4552.2,4555.3,391189.0,real_delta_india
2026-04-29T12:00:00+00:00,4554.35,4561.0,4552.4,4553.0,382948.0,real_delta_india
2026-04-29T12:30:00+00:00,4552.5,4552.5,4534.5,4537.7,1090434.0,real_delta_india
2026-04-29T13:00:00+00:00,4538.5,4545.9,4527.6,4531.73,737155.0,real_delta_india
2026-04-29T13:30:00+00:00,4531.0,4532.3,4504.9,4517.6,1597012.0,real_delta_india
2026-04-29T14:00:00+00:00,4517.2,4531.4,4513.0,4526.6,640956.0,real_delta_india
2026-04-29T14:30:00+00:00,4526.6,4536.1,4525.0,4532.6,663016.0,real_delta_india
2026-04-29T15:00:00+00:00,4532.8,4540.6,4529.2,4536.3,600499.0,real_delta_india
2026-04-29T15:30:00+00:00,4536.3,4551.3,4534.2,4540.5,806577.0,real_delta_india
2026-04-29T16:00:00+00:00,4541.1,4557.3,4540.6,4553.2,546508.0,real_delta_india
2026-04-29T16:30:00+00:00,4553.0,4553.0,4538.5,4539.9,542574.0,real_delta_india
2026-04-29T17:00:00+00:00,4540.0,4548.2,4537.2,4540.6,500606.0,real_delta_india
2026-04-29T17:30:00+00:00,4541.1,4542.7,4536.6,4542.4,401001.0,real_delta_india
2026-04-29T18:00:00+00:00,4542.8,4547.1,4520.2,4529.1,1413485.0,real_delta_india
2026-04-29T18:30:00+00:00,4529.1,4537.0,4514.3,4532.7,635093.0,real_delta_india
2026-04-29T19:00:00+00:00,4535.5,4545.9,4529.4,4538.1,363110.0,real_delta_india
2026-04-29T19:30:00+00:00,4538.5,4544.0,4532.7,4540.8,158254.0,real_delta_india
2026-04-29T20:00:00+00:00,4541.1,4547.06,4535.4,4537.1,58121.0,real_delta_india
2026-04-29T20:30:00+00:00,4537.7,4540.9,4536.6,4539.5,23119.0,real_delta_india
2026-04-29T21:00:00+00:00,4541.0,4542.6,4540.6,4541.1,11141.0,real_delta_india
2026-04-29T21:30:00+00:00,4541.2,4546.9,4541.1,4544.4,28015.0,real_delta_india
2026-04-29T22:00:00+00:00,4541.0,4543.5,4534.5,4542.5,44078.0,real_delta_india
2026-04-29T22:30:00+00:00,4542.9,4545.1,4540.9,4545.0,13441.0,real_delta_india
2026-04-29T23:00:00+00:00,4546.8,4548.9,4544.0,4545.3,27684.0,real_delta_india
2026-04-29T23:30:00+00:00,4544.8,4554.7,4544.5,4554.7,88452.0,real_delta_india
2026-04-30T00:00:00+00:00,4554.1,4562.2,4550.1,4555.85,206566.0,real_delta_india
2026-04-30T00:30:00+00:00,4556.5,4567.5,4555.3,4562.6,135966.0,real_delta_india
2026-04-30T01:00:00+00:00,4563.1,4573.4,4558.9,4572.2,289278.0,real_delta_india
2026-04-30T01:30:00+00:00,4572.4,4574.3,4563.2,4571.2,166530.0,real_delta_india
2026-04-30T02:00:00+00:00,4571.1,4573.5,4564.19,4564.4,161259.0,real_delta_india
2026-04-30T02:30:00+00:00,4565.2,4565.2,4551.8,4557.5,303238.0,real_delta_india
2026-04-30T03:00:00+00:00,4557.4,4561.4,4555.2,4555.7,127729.0,real_delta_india
2026-04-30T03:30:00+00:00,4555.7,4556.3,4548.7,4549.4,247558.0,real_delta_india
2026-04-30T04:00:00+00:00,4549.1,4549.2,4537.8,4539.8,261603.0,real_delta_india
2026-04-30T04:30:00+00:00,4539.6,4540.9,4533.3,4533.9,282320.0,real_delta_india
2026-04-30T05:00:00+00:00,4533.9,4551.0,4533.9,4547.7,269757.0,real_delta_india
2026-04-30T05:30:00+00:00,4547.1,4560.6,4546.3,4554.0,451004.0,real_delta_india
2026-04-30T06:00:00+00:00,4554.0,4561.7,4551.0,4560.5,343669.0,real_delta_india
2026-04-30T06:30:00+00:00,4560.5,4582.42,4560.5,4580.1,654814.0,real_delta_india
2026-04-30T07:00:00+00:00,4580.27,4586.8,4575.8,4581.9,481833.0,real_delta_india
2026-04-30T07:30:00+00:00,4582.2,4595.4,4578.8,4589.3,513265.0,real_delta_india
2026-04-30T08:00:00+00:00,4589.72,4618.9,4588.5,4607.8,1086763.0,real_delta_india
2026-04-30T08:30:00+00:00,4607.8,4610.6,4604.4,4607.6,210938.0,real_delta_india
2026-04-30T09:00:00+00:00,4607.3,4616.6,4606.3,4615.9,283269.0,real_delta_india
2026-04-30T09:30:00+00:00,4615.9,4622.2,4609.4,4615.9,434010.0,real_delta_india
2026-04-30T10:00:00+00:00,4616.0,4633.75,4614.1,4633.7,661436.0,real_delta_india
2026-04-30T10:30:00+00:00,4633.9,4636.2,4623.9,4629.3,418081.0,real_delta_india
2026-04-30T11:00:00+00:00,4630.0,4636.1,4622.0,4628.6,620854.0,real_delta_india
2026-04-30T11:30:00+00:00,4628.5,4628.9,4618.4,4620.7,460968.0,real_delta_india
2026-04-30T12:00:00+00:00,4621.5,4629.1,4620.6,4621.5,645181.0,real_delta_india
2026-04-30T12:30:00+00:00,4621.23,4630.4,4617.0,4629.5,556850.0,real_delta_india
2026-04-30T13:00:00+00:00,4629.4,4636.4,4624.3,4625.0,657677.0,real_delta_india
2026-04-30T13:30:00+00:00,4624.0,4625.9,4601.7,4602.2,1445579.0,real_delta_india
2026-04-30T14:00:00+00:00,4602.0,4615.4,4600.6,4613.3,666483.0,real_delta_india
2026-04-30T14:30:00+00:00,4612.0,4613.9,4601.1,4610.4,509855.0,real_delta_india
2026-04-30T15:00:00+00:00,4610.7,4614.8,4605.3,4613.6,242222.0,real_delta_india
2026-04-30T15:30:00+00:00,4613.6,4616.6,4603.0,4605.5,367010.0,real_delta_india
2026-04-30T16:00:00+00:00,4605.4,4606.7,4595.3,4598.2,715322.0,real_delta_india
2026-04-30T16:30:00+00:00,4598.2,4607.9,4596.8,4599.1,596284.0,real_delta_india
2026-04-30T17:00:00+00:00,4599.1,4611.7,4599.0,4608.5,563030.0,real_delta_india
2026-04-30T17:30:00+00:00,4608.9,4612.2,4606.0,4608.2,163479.0,real_delta_india
2026-04-30T18:00:00+00:00,4607.7,4616.0,4607.7,4611.8,378829.0,real_delta_india
2026-04-30T18:30:00+00:00,4612.3,4615.0,4610.3,4613.7,115415.0,real_delta_india
2026-04-30T19:00:00+00:00,4613.7,4618.3,4607.6,4608.0,343660.0,real_delta_india
2026-04-30T19:30:00+00:00,4608.43,4612.8,4604.8,4607.0,146589.0,real_delta_india
2026-04-30T20:00:00+00:00,4607.5,4609.7,4606.1,4607.1,41411.0,real_delta_india
2026-04-30T20:30:00+00:00,4606.6,4611.3,4606.3,4611.3,51631.0,real_delta_india
2026-04-30T21:00:00+00:00,4611.3,4611.3,4608.3,4609.7,8397.0,real_delta_india
2026-04-30T21:30:00+00:00,4609.4,4610.12,4609.1,4609.8,7982.0,real_delta_india
2026-04-30T22:00:00+00:00,4613.7,4622.5,4613.7,4620.3,141014.0,real_delta_india
2026-04-30T22:30:00+00:00,4621.2,4621.2,4616.7,4620.4,46059.0,real_delta_india
2026-04-30T23:00:00+00:00,4619.5,4620.8,4617.9,4620.8,50457.0,real_delta_india
2026-04-30T23:30:00+00:00,4620.8,4623.08,4615.6,4616.2,81660.0,real_delta_india
2026-05-01T00:00:00+00:00,4615.0,4620.5,4610.6,4612.9,96927.0,real_delta_india
2026-05-01T00:30:00+00:00,4612.5,4614.8,4608.9,4609.9,75485.0,real_delta_india
2026-05-01T01:00:00+00:00,4609.1,4609.8,4603.9,4605.1,133141.0,real_delta_india
2026-05-01T01:30:00+00:00,4605.2,4611.0,4605.1,4610.2,72587.0,real_delta_india
2026-05-01T02:00:00+00:00,4610.2,4624.2,4609.3,4617.4,256070.0,real_delta_india
2026-05-01T02:30:00+00:00,4617.4,4619.3,4606.0,4607.6,255059.0,real_delta_india
2026-05-01T03:00:00+00:00,4608.0,4616.2,4606.5,4615.9,252979.0,real_delta_india
2026-05-01T03:30:00+00:00,4616.0,4620.7,4613.2,4614.5,178768.0,real_delta_india
2026-05-01T04:00:00+00:00,4614.9,4617.5,4606.0,4606.3,236683.0,real_delta_india
2026-05-01T04:30:00+00:00,4606.31,4606.5,4598.5,4598.5,528372.0,real_delta_india
2026-05-01T05:00:00+00:00,4598.7,4605.74,4597.0,4604.7,381128.0,real_delta_india
2026-05-01T05:30:00+00:00,4604.7,4605.2,4592.7,4594.3,591356.0,real_delta_india
2026-05-01T06:00:00+00:00,4594.6,4597.19,4583.2,4583.7,747924.0,real_delta_india
2026-05-01T06:30:00+00:00,4584.1,4587.1,4581.5,4585.2,551086.0,real_delta_india
2026-05-01T07:00:00+00:00,4584.9,4588.8,4575.6,4583.7,659677.0,real_delta_india
2026-05-01T07:30:00+00:00,4583.6,4583.6,4568.0,4570.5,705685.0,real_delta_india
2026-05-01T08:00:00+00:00,4571.2,4574.4,4559.6,4560.7,796071.0,real_delta_india
2026-05-01T08:30:00+00:00,4560.4,4566.16,4558.6,4561.6,558358.0,real_delta_india
2026-05-01T09:00:00+00:00,4562.1,4565.3,4558.2,4564.1,475614.0,real_delta_india
2026-05-01T09:30:00+00:00,4563.3,4567.2,4554.5,4556.9,524846.0,real_delta_india
2026-05-01T10:00:00+00:00,4556.5,4567.3,4556.3,4566.69,473497.0,real_delta_india
2026-05-01T10:30:00+00:00,4567.5,4571.2,4560.9,4561.5,529694.0,real_delta_india
2026-05-01T11:00:00+00:00,4562.6,4571.4,4557.5,4567.1,598778.0,real_delta_india
2026-05-01T11:30:00+00:00,4566.1,4574.7,4565.8,4574.2,688806.0,real_delta_india
2026-05-01T12:00:00+00:00,4574.2,4601.0,4570.1,4596.4,1377569.0,real_delta_india
2026-05-01T12:30:00+00:00,4596.5,4596.8,4582.0,4583.7,613628.0,real_delta_india
2026-05-01T13:00:00+00:00,4583.0,4590.5,4580.2,4582.5,524901.0,real_delta_india
2026-05-01T13:30:00+00:00,4582.6,4620.6,4580.1,4618.5,1640063.0,real_delta_india
2026-05-01T14:00:00+00:00,4618.7,4650.0,4618.3,4632.6,1815352.0,real_delta_india
2026-05-01T14:30:00+00:00,4632.9,4634.4,4617.1,4621.7,872554.0,real_delta_india
2026-05-01T15:00:00+00:00,4622.6,4628.1,4608.0,4623.5,662091.0,real_delta_india
2026-05-01T15:30:00+00:00,4625.07,4634.6,4619.9,4630.0,528868.0,real_delta_india
2026-05-01T16:00:00+00:00,4629.9,4636.2,4624.3,4624.9,543820.0,real_delta_india
2026-05-01T16:30:00+00:00,4624.7,4629.1,4620.4,4626.1,372053.0,real_delta_india
2026-05-01T17:00:00+00:00,4625.6,4630.0,4617.6,4618.7,282727.0,real_delta_india
2026-05-01T17:30:00+00:00,4618.7,4622.4,4615.0,4618.1,437283.0,real_delta_india
2026-05-01T18:00:00+00:00,4618.23,4619.0,4602.6,4612.9,623082.0,real_delta_india
2026-05-01T18:30:00+00:00,4611.3,4614.3,4605.5,4612.0,199054.0,real_delta_india
2026-05-01T19:00:00+00:00,4612.8,4616.1,4609.2,4613.7,149864.0,real_delta_india
2026-05-01T19:30:00+00:00,4613.7,4613.7,4599.0,4599.6,243403.0,real_delta_india
2026-05-01T20:00:00+00:00,4600.3,4605.8,4597.2,4602.1,179173.0,real_delta_india
2026-05-01T20:30:00+00:00,4602.2,4604.1,4599.83,4601.5,57536.0,real_delta_india
2026-05-01T21:00:00+00:00,4601.3,4601.3,4598.7,4600.9,36713.0,real_delta_india
2026-05-01T21:30:00+00:00,4600.8,4606.0,4600.8,4602.4,51171.0,real_delta_india
2026-05-01T22:00:00+00:00,4602.4,4602.6,4601.6,4601.6,17373.0,real_delta_india
2026-05-01T22:30:00+00:00,4601.7,4601.8,4601.5,4601.8,8541.0,real_delta_india
2026-05-01T23:00:00+00:00,4601.8,4602.1,4601.4,4601.7,30820.0,real_delta_india
2026-05-01T23:30:00+00:00,4601.6,4603.6,4601.37,4601.8,10239.0,real_delta_india
2026-05-02T00:00:00+00:00,4602.4,4602.7,4602.3,4602.6,4013.0,real_delta_india
2026-05-02T00:30:00+00:00,4602.6,4602.7,4600.4,4601.4,12679.0,real_delta_india
2026-05-02T01:00:00+00:00,4601.4,4601.6,4601.3,4601.5,18502.0,real_delta_india
2026-05-02T01:30:00+00:00,4601.5,4602.5,4601.3,4601.3,22086.0,real_delta_india
2026-05-02T02:00:00+00:00,4601.3,4601.5,4600.6,4601.0,27623.0,real_delta_india
2026-05-02T02:30:00+00:00,4601.1,4603.1,4601.0,4603.0,29318.0,real_delta_india
2026-05-02T03:00:00+00:00,4602.9,4603.0,4602.8,4603.0,16975.0,real_delta_india
2026-05-02T03:30:00+00:00,4603.0,4603.1,4602.7,4602.9,27897.0,real_delta_india
2026-05-02T04:00:00+00:00,4603.0,4603.0,4601.2,4601.8,26320.0,real_delta_india
2026-05-02T04:30:00+00:00,4601.7,4601.9,4600.1,4600.4,21019.0,real_delta_india
2026-05-02T05:00:00+00:00,4600.5,4600.7,4599.8,4600.6,78052.0,real_delta_india
2026-05-02T05:30:00+00:00,4600.6,4600.6,4599.8,4600.1,24285.0,real_delta_india
2026-05-02T06:00:00+00:00,4600.4,4600.6,4599.6,4599.9,37034.0,real_delta_india
2026-05-02T06:30:00+00:00,4600.0,4600.2,4599.5,4599.8,30352.0,real_delta_india
2026-05-02T07:00:00+00:00,4599.8,4602.7,4599.8,4601.5,48641.0,real_delta_india
2026-05-02T07:30:00+00:00,4601.5,4601.5,4599.6,4600.0,29663.0,real_delta_india
2026-05-02T08:00:00+00:00,4599.7,4599.9,4599.2,4599.8,34564.0,real_delta_india
2026-05-02T08:30:00+00:00,4599.8,4600.2,4599.4,4600.1,27014.0,real_delta_india
2026-05-02T09:00:00+00:00,4600.1,4600.7,4599.9,4600.4,13455.0,real_delta_india
2026-05-02T09:30:00+00:00,4600.5,4601.2,4600.4,4600.8,8295.0,real_delta_india
2026-05-02T10:00:00+00:00,4600.9,4601.7,4600.8,4601.4,20274.0,real_delta_india
2026-05-02T10:30:00+00:00,4601.4,4601.6,4601.2,4601.3,11141.0,real_delta_india
2026-05-02T11:00:00+00:00,4601.4,4601.5,4601.3,4601.4,8029.0,real_delta_india
2026-05-02T11:30:00+00:00,4600.5,4600.8,4600.1,4600.7,14578.0,real_delta_india
2026-05-02T12:00:00+00:00,4600.8,4601.5,4600.8,4601.2,28334.0,real_delta_india
2026-05-02T12:30:00+00:00,4601.3,4602.3,4601.1,4602.2,14478.0,real_delta_india
2026-05-02T13:00:00+00:00,4602.3,4603.4,4602.0,4602.8,36844.0,real_delta_india
2026-05-02T13:30:00+00:00,4602.8,4602.8,4600.1,4600.5,24720.0,real_delta_india
2026-05-02T14:00:00+00:00,4600.5,4600.8,4600.3,4600.5,20740.0,real_delta_india
2026-05-02T14:30:00+00:00,4600.5,4600.5,4600.0,4600.3,9728.0,real_delta_india
2026-05-02T15:00:00+00:00,4600.2,4600.3,4600.1,4600.2,6195.0,real_delta_india
2026-05-02T15:30:00+00:00,4600.2,4600.3,4600.0,4600.1,13608.0,real_delta_india
2026-05-02T16:00:00+00:00,4600.2,4600.2,4599.9,4600.0,31123.0,real_delta_india
2026-05-02T16:30:00+00:00,4600.1,4600.3,4600.1,4600.1,7142.0,real_delta_india
2026-05-02T17:00:00+00:00,4600.2,4600.2,4600.1,4600.1,2248.0,real_delta_india
2026-05-02T17:30:00+00:00,4600.1,4600.2,4595.6,4596.6,74661.0,real_delta_india
2026-05-02T18:00:00+00:00,4596.6,4596.7,4596.1,4596.6,19994.0,real_delta_india
2026-05-02T18:30:00+00:00,4596.6,4597.0,4596.4,4596.8,9218.0,real_delta_india
2026-05-02T19:00:00+00:00,4596.8,4596.9,4596.4,4596.9,18831.0,real_delta_india
2026-05-02T19:30:00+00:00,4596.9,4597.1,4596.9,4596.9,5759.0,real_delta_india
2026-05-02T20:00:00+00:00,4597.0,4597.0,4596.7,4597.0,7943.0,real_delta_india
2026-05-02T20:30:00+00:00,4596.9,4597.0,4596.9,4597.0,1255.0,real_delta_india
2026-05-02T21:00:00+00:00,4597.0,4597.7,4596.9,4597.7,486.0,real_delta_india
2026-05-02T21:30:00+00:00,4597.7,4599.6,4595.9,4595.9,14835.0,real_delta_india
2026-05-02T22:00:00+00:00,4595.8,4596.2,4593.6,4593.7,36687.0,real_delta_india
2026-05-02T22:30:00+00:00,4594.0,4597.2,4594.0,4597.2,12815.0,real_delta_india
2026-05-02T23:00:00+00:00,4597.2,4597.2,4595.4,4596.3,6515.0,real_delta_india
2026-05-02T23:30:00+00:00,4596.3,4596.3,4595.2,4595.3,1834.0,real_delta_india
2026-05-03T00:00:00+00:00,4595.2,4595.9,4595.2,4595.8,7931.0,real_delta_india
2026-05-03T00:30:00+00:00,4595.7,4595.8,4594.0,4594.4,8266.0,real_delta_india
2026-05-03T01:00:00+00:00,4594.3,4594.5,4593.9,4594.1,11862.0,real_delta_india
2026-05-03T01:30:00+00:00,4594.1,4594.3,4593.8,4594.3,5557.0,real_delta_india
2026-05-03T02:00:00+00:00,4594.3,4594.8,4594.2,4594.7,8037.0,real_delta_india
2026-05-03T02:30:00+00:00,4594.8,4595.5,4594.6,4595.5,16230.0,real_delta_india
2026-05-03T03:00:00+00:00,4595.4,4596.5,4595.3,4595.9,32238.0,real_delta_india
2026-05-03T03:30:00+00:00,4596.0,4597.0,4595.8,4596.9,12662.0,real_delta_india
2026-05-03T04:00:00+00:00,4596.9,4598.1,4596.8,4598.0,11218.0,real_delta_india
2026-05-03T04:30:00+00:00,4597.9,4598.5,4597.8,4598.3,11574.0,real_delta_india
2026-05-03T05:00:00+00:00,4598.3,4598.8,4598.2,4598.3,24140.0,real_delta_india
2026-05-03T05:30:00+00:00,4598.3,4600.5,4598.2,4600.0,27674.0,real_delta_india
2026-05-03T06:00:00+00:00,4599.9,4600.5,4599.9,4599.9,21423.0,real_delta_india
2026-05-03T06:30:00+00:00,4600.0,4600.5,4599.8,4599.9,33168.0,real_delta_india
2026-05-03T07:00:00+00:00,4600.0,4600.7,4599.9,4600.5,6966.0,real_delta_india
2026-05-03T07:30:00+00:00,4600.5,4601.0,4600.3,4600.4,26200.0,real_delta_india
2026-05-03T08:00:00+00:00,4600.5,4604.9,4600.2,4604.4,51756.0,real_delta_india
2026-05-03T08:30:00+00:00,4604.3,4604.6,4601.7,4602.0,43648.0,real_delta_india
2026-05-03T09:00:00+00:00,4603.0,4605.6,4602.9,4605.2,128263.0,real_delta_india
2026-05-03T09:30:00+00:00,4605.1,4606.4,4604.6,4606.3,43254.0,real_delta_india
2026-05-03T10:00:00+00:00,4606.3,4606.6,4605.4,4605.8,30549.0,real_delta_india
2026-05-03T10:30:00+00:00,4605.7,4605.8,4604.0,4604.6,11843.0,real_delta_india
2026-05-03T11:00:00+00:00,4604.5,4609.3,4604.5,4608.5,38169.0,real_delta_india
2026-05-03T11:30:00+00:00,4608.6,4610.6,4606.0,4610.0,49143.0,real_delta_india
2026-05-03T12:00:00+00:00,4609.7,4614.7,4609.7,4612.5,51439.0,real_delta_india
2026-05-03T12:30:00+00:00,4612.3,4614.5,4611.3,4613.9,19875.0,real_delta_india
2026-05-03T13:00:00+00:00,4613.1,4614.0,4612.7,4613.1,33988.0,real_delta_india
2026-05-03T13:30:00+00:00,4613.0,4613.7,4610.4,4611.6,29314.0,real_delta_india
2026-05-03T14:00:00+00:00,4611.7,4615.9,4611.6,4615.7,61572.0,real_delta_india
2026-05-03T14:30:00+00:00,4615.7,4616.0,4611.0,4614.3,112094.0,real_delta_india
2026-05-03T15:00:00+00:00,4614.6,4616.8,4614.5,4616.7,78603.0,real_delta_india
2026-05-03T15:30:00+00:00,4616.7,4617.1,4614.2,4614.89,78224.0,real_delta_india
2026-05-03T16:00:00+00:00,4614.89,4618.9,4614.89,4616.1,106441.0,real_delta_india
2026-05-03T16:30:00+00:00,4616.1,4616.2,4614.2,4614.3,20456.0,real_delta_india
2026-05-03T17:00:00+00:00,4614.2,4614.3,4609.8,4611.9,98000.0,real_delta_india
2026-05-03T17:30:00+00:00,4611.9,4614.5,4611.9,4612.5,32829.0,real_delta_india
2026-05-03T18:00:00+00:00,4611.8,4617.3,4610.7,4614.2,48849.0,real_delta_india
2026-05-03T18:30:00+00:00,4614.2,4616.5,4613.6,4614.0,13948.0,real_delta_india
2026-05-03T19:00:00+00:00,4614.7,4617.3,4613.7,4617.2,13198.0,real_delta_india
2026-05-03T19:30:00+00:00,4617.2,4620.4,4615.6,4617.4,35971.0,real_delta_india
2026-05-03T20:00:00+00:00,4618.6,4619.1,4615.7,4617.7,43824.0,real_delta_india
2026-05-03T20:30:00+00:00,4617.7,4620.8,4616.2,4620.6,43245.0,real_delta_india
2026-05-03T21:00:00+00:00,4621.09,4633.0,4621.09,4623.3,141373.0,real_delta_india
2026-05-03T21:30:00+00:00,4625.25,4636.7,4625.25,4630.6,43847.0,real_delta_india
2026-05-03T22:00:00+00:00,4628.0,4628.0,4604.5,4611.0,199205.0,real_delta_india
2026-05-03T22:30:00+00:00,4611.1,4618.0,4608.0,4608.8,155410.0,real_delta_india
2026-05-03T23:00:00+00:00,4608.2,4610.4,4602.1,4606.8,107520.0,real_delta_india
2026-05-03T23:30:00+00:00,4607.9,4609.3,4602.4,4603.7,79203.0,real_delta_india
2026-05-04T00:00:00+00:00,4602.0,4607.5,4593.1,4597.6,249759.0,real_delta_india
2026-05-04T00:30:00+00:00,4597.6,4604.8,4596.3,4604.0,129232.0,real_delta_india
2026-05-04T01:00:00+00:00,4604.6,4605.1,4586.8,4586.8,310360.0,real_delta_india
2026-05-04T01:30:00+00:00,4586.12,4605.5,4585.8,4605.0,254046.0,real_delta_india
2026-05-04T02:00:00+00:00,4605.0,4610.0,4584.8,4585.5,378083.0,real_delta_india
2026-05-04T02:30:00+00:00,4585.4,4603.2,4583.9,4598.0,447172.0,real_delta_india
2026-05-04T03:00:00+00:00,4597.5,4603.7,4596.4,4601.2,188753.0,real_delta_india
2026-05-04T03:30:00+00:00,4600.5,4608.6,4591.8,4607.3,377795.0,real_delta_india
2026-05-04T04:00:00+00:00,4607.3,4607.3,4598.6,4599.7,210915.0,real_delta_india
2026-05-04T04:30:00+00:00,4599.9,4604.1,4596.2,4596.9,182556.0,real_delta_india
2026-05-04T05:00:00+00:00,4596.4,4603.9,4587.8,4587.9,409898.0,real_delta_india
2026-05-04T05:30:00+00:00,4588.2,4593.9,4585.1,4591.9,323974.0,real_delta_india
2026-05-04T06:00:00+00:00,4591.8,4592.9,4581.1,4586.4,566061.0,real_delta_india
2026-05-04T06:30:00+00:00,4587.0,4588.2,4577.0,4581.1,479718.0,real_delta_india
2026-05-04T07:00:00+00:00,4581.0,4585.5,4575.6,4577.2,193896.0,real_delta_india
2026-05-04T07:30:00+00:00,4577.93,4582.8,4569.7,4570.7,499531.0,real_delta_india
2026-05-04T08:00:00+00:00,4571.2,4573.6,4567.4,4568.4,428606.0,real_delta_india
2026-05-04T08:30:00+00:00,4568.3,4573.84,4567.2,4568.9,184438.0,real_delta_india
2026-05-04T09:00:00+00:00,4569.2,4577.8,4569.2,4574.4,245533.0,real_delta_india
2026-05-04T09:30:00+00:00,4574.8,4578.0,4565.9,4568.9,485330.0,real_delta_india
2026-05-04T10:00:00+00:00,4568.9,4569.2,4520.6,4539.8,1627235.0,real_delta_india
2026-05-04T10:30:00+00:00,4539.8,4561.0,4538.1,4556.1,855869.0,real_delta_india
2026-05-04T11:00:00+00:00,4557.8,4564.3,4555.0,4556.9,302228.0,real_delta_india
2026-05-04T11:30:00+00:00,4555.6,4556.5,4545.5,4554.0,706909.0,real_delta_india
2026-05-04T12:00:00+00:00,4554.1,4572.5,4553.6,4561.5,763008.0,real_delta_india
2026-05-04T12:30:00+00:00,4561.6,4568.6,4555.1,4561.9,408672.0,real_delta_india
2026-05-04T13:00:00+00:00,4561.2,4568.3,4550.5,4554.5,512358.0,real_delta_india
2026-05-04T13:30:00+00:00,4554.3,4563.0,4549.3,4557.1,510218.0,real_delta_india
2026-05-04T14:00:00+00:00,4556.6,4574.7,4546.8,4563.6,872643.0,real_delta_india
2026-05-04T14:30:00+00:00,4563.8,4574.6,4552.7,4554.1,703355.0,real_delta_india
2026-05-04T15:00:00+00:00,4553.5,4558.8,4508.4,4531.5,1792088.0,real_delta_india
2026-05-04T15:30:00+00:00,4531.9,4536.9,4507.8,4516.3,1018654.0,real_delta_india
2026-05-04T16:00:00+00:00,4516.2,4522.1,4496.6,4510.4,1163047.0,real_delta_india
2026-05-04T16:30:00+00:00,4510.3,4514.7,4502.4,4506.9,474096.0,real_delta_india
2026-05-04T17:00:00+00:00,4507.39,4526.7,4507.39,4518.9,695815.0,real_delta_india
2026-05-04T17:30:00+00:00,4518.9,4522.1,4517.0,4518.5,279909.0,real_delta_india
2026-05-04T18:00:00+00:00,4517.7,4520.7,4505.1,4507.4,425293.0,real_delta_india
2026-05-04T18:30:00+00:00,4508.6,4512.1,4506.1,4511.6,113127.0,real_delta_india
2026-05-04T19:00:00+00:00,4512.5,4521.0,4507.3,4518.3,163450.0,real_delta_india
2026-05-04T19:30:00+00:00,4518.1,4522.6,4511.5,4513.0,115194.0,real_delta_india
2026-05-04T20:00:00+00:00,4513.7,4514.1,4507.8,4511.3,41222.0,real_delta_india
2026-05-04T20:30:00+00:00,4512.4,4519.1,4511.1,4518.6,39347.0,real_delta_india
2026-05-04T21:00:00+00:00,4518.7,4520.2,4517.9,4520.2,24632.0,real_delta_india
2026-05-04T21:30:00+00:00,4520.2,4522.2,4518.9,4521.3,20513.0,real_delta_india
2026-05-04T22:00:00+00:00,4519.6,4519.6,4515.7,4516.0,8984.0,real_delta_india
2026-05-04T22:30:00+00:00,4516.1,4517.7,4511.6,4512.9,19236.0,real_delta_india
2026-05-04T23:00:00+00:00,4513.2,4516.2,4511.8,4515.8,13512.0,real_delta_india
2026-05-04T23:30:00+00:00,4515.7,4515.7,4512.4,4514.5,18841.0,real_delta_india
2026-05-05T00:00:00+00:00,4514.5,4522.9,4509.0,4511.3,103532.0,real_delta_india
2026-05-05T00:30:00+00:00,4511.5,4525.8,4510.9,4524.7,173168.0,real_delta_india
2026-05-05T01:00:00+00:00,4524.1,4534.5,4520.5,4532.9,336574.0,real_delta_india
2026-05-05T01:30:00+00:00,4532.8,4536.3,4528.5,4534.9,273533.0,real_delta_india
2026-05-05T02:00:00+00:00,4535.0,4536.3,4529.4,4535.6,171015.0,real_delta_india
2026-05-05T02:30:00+00:00,4535.6,4540.3,4533.8,4533.8,216983.0,real_delta_india
2026-05-05T03:00:00+00:00,4533.8,4536.8,4530.9,4531.7,180431.0,real_delta_india
2026-05-05T03:30:00+00:00,4531.4,4532.7,4526.3,4528.4,254519.0,real_delta_india
2026-05-05T04:00:00+00:00,4528.1,4529.3,4523.0,4523.5,261955.0,real_delta_india
2026-05-05T04:30:00+00:00,4523.5,4530.8,4522.25,4528.0,231814.0,real_delta_india
2026-05-05T05:00:00+00:00,4527.6,4538.8,4525.6,4533.5,369752.0,real_delta_india
2026-05-05T05:30:00+00:00,4533.6,4544.4,4533.37,4538.6,460628.0,real_delta_india
2026-05-05T06:00:00+00:00,4538.9,4545.0,4527.2,4530.9,410498.0,real_delta_india
2026-05-05T06:30:00+00:00,4530.1,4543.9,4530.0,4540.8,294860.0,real_delta_india
2026-05-05T07:00:00+00:00,4540.8,4548.4,4540.5,4541.0,509281.0,real_delta_india
2026-05-05T07:30:00+00:00,4541.6,4551.5,4536.3,4538.4,501486.0,real_delta_india
2026-05-05T08:00:00+00:00,4538.5,4546.9,4538.3,4544.3,260264.0,real_delta_india
2026-05-05T08:30:00+00:00,4543.4,4551.3,4540.5,4550.8,182802.0,real_delta_india
2026-05-05T09:00:00+00:00,4550.8,4552.3,4545.0,4545.0,263954.0,real_delta_india
2026-05-05T09:30:00+00:00,4544.74,4550.2,4543.2,4547.7,154210.0,real_delta_india
2026-05-05T10:00:00+00:00,4548.0,4548.9,4538.4,4540.0,251794.0,real_delta_india
2026-05-05T10:30:00+00:00,4540.0,4546.1,4532.5,4537.02,404215.0,real_delta_india
2026-05-05T11:00:00+00:00,4536.5,4548.8,4531.9,4547.7,467017.0,real_delta_india
2026-05-05T11:30:00+00:00,4547.6,4556.2,4547.0,4553.0,471923.0,real_delta_india
2026-05-05T12:00:00+00:00,4553.0,4564.9,4546.0,4564.6,783358.0,real_delta_india
2026-05-05T12:30:00+00:00,4564.5,4564.6,4552.3,4554.4,509816.0,real_delta_india
2026-05-05T13:00:00+00:00,4554.6,4575.0,4554.6,4566.8,758202.0,real_delta_india
2026-05-05T13:30:00+00:00,4566.8,4573.0,4561.4,4568.8,423483.0,real_delta_india
2026-05-05T14:00:00+00:00,4569.1,4575.7,4556.1,4573.6,813580.0,real_delta_india
2026-05-05T14:30:00+00:00,4573.3,4574.58,4565.2,4571.3,539084.0,real_delta_india
2026-05-05T15:00:00+00:00,4571.4,4572.8,4564.6,4567.8,246471.0,real_delta_india
2026-05-05T15:30:00+00:00,4568.2,4569.5,4558.0,4558.6,361638.0,real_delta_india
2026-05-05T16:00:00+00:00,4558.5,4558.6,4546.7,4549.1,790116.0,real_delta_india
2026-05-05T16:30:00+00:00,4549.3,4552.3,4543.9,4551.0,663719.0,real_delta_india
2026-05-05T17:00:00+00:00,4551.0,4552.3,4543.0,4548.3,616166.0,real_delta_india
2026-05-05T17:30:00+00:00,4548.4,4552.6,4545.8,4549.6,441532.0,real_delta_india
2026-05-05T18:00:00+00:00,4549.3,4554.9,4547.9,4551.5,503413.0,real_delta_india
2026-05-05T18:30:00+00:00,4551.5,4554.2,4546.9,4550.0,221224.0,real_delta_india
2026-05-05T19:00:00+00:00,4550.4,4550.4,4544.7,4545.8,229416.0,real_delta_india
2026-05-05T19:30:00+00:00,4545.9,4547.7,4541.7,4544.9,167481.0,real_delta_india
2026-05-05T20:00:00+00:00,4545.0,4549.6,4543.9,4548.9,109184.0,real_delta_india
2026-05-05T20:30:00+00:00,4548.9,4549.5,4545.9,4546.9,46803.0,real_delta_india
2026-05-05T21:00:00+00:00,4547.5,4549.2,4547.3,4548.3,11822.0,real_delta_india
2026-05-05T21:30:00+00:00,4548.1,4552.3,4545.6,4545.8,47061.0,real_delta_india
2026-05-05T22:00:00+00:00,4545.0,4546.4,4536.2,4536.9,122194.0,real_delta_india
2026-05-05T22:30:00+00:00,4536.9,4565.0,4536.0,4560.8,245690.0,real_delta_india
2026-05-05T23:00:00+00:00,4561.6,4578.8,4559.4,4570.0,310961.0,real_delta_india
2026-05-05T23:30:00+00:00,4569.9,4583.5,4567.3,4581.2,237638.0,real_delta_india
2026-05-06T00:00:00+00:00,4582.0,4591.1,4575.7,4589.4,261112.0,real_delta_india
2026-05-06T00:30:00+00:00,4589.3,4607.2,4589.3,4606.2,304086.0,real_delta_india
2026-05-06T01:00:00+00:00,4607.0,4612.5,4597.6,4611.8,385206.0,real_delta_india
2026-05-06T01:30:00+00:00,4611.7,4615.4,4607.9,4612.7,257380.0,real_delta_india
2026-05-06T02:00:00+00:00,4612.8,4622.4,4612.5,4615.9,250432.0,real_delta_india
2026-05-06T02:30:00+00:00,4616.2,4629.2,4613.0,4627.4,415782.0,real_delta_india
2026-05-06T03:00:00+00:00,4626.5,4637.0,4625.4,4631.8,498088.0,real_delta_india
2026-05-06T03:30:00+00:00,4631.8,4639.6,4629.1,4631.4,489444.0,real_delta_india
2026-05-06T04:00:00+00:00,4631.3,4641.0,4630.3,4641.0,524544.0,real_delta_india
2026-05-06T04:30:00+00:00,4640.3,4641.0,4634.7,4636.7,327518.0,real_delta_india
2026-05-06T05:00:00+00:00,4636.7,4643.6,4636.7,4637.5,435855.0,real_delta_india
2026-05-06T05:30:00+00:00,4637.5,4649.37,4631.3,4648.9,872468.0,real_delta_india
2026-05-06T06:00:00+00:00,4648.8,4651.7,4643.6,4651.2,531408.0,real_delta_india
2026-05-06T06:30:00+00:00,4650.8,4656.3,4645.9,4655.6,461613.0,real_delta_india
2026-05-06T07:00:00+00:00,4656.63,4656.9,4644.3,4653.4,484031.0,real_delta_india
2026-05-06T07:30:00+00:00,4653.4,4668.4,4649.4,4668.0,896034.0,real_delta_india
2026-05-06T08:00:00+00:00,4668.0,4669.5,4662.6,4664.1,350061.0,real_delta_india
2026-05-06T08:30:00+00:00,4664.0,4690.1,4658.5,4687.0,825934.0,real_delta_india
2026-05-06T09:00:00+00:00,4687.8,4695.5,4677.0,4686.2,558719.0,real_delta_india
2026-05-06T09:30:00+00:00,4686.5,4693.3,4682.7,4690.6,439001.0,real_delta_india
2026-05-06T10:00:00+00:00,4690.7,4694.1,4684.1,4692.3,321473.0,real_delta_india
2026-05-06T10:30:00+00:00,4692.4,4710.94,4692.3,4706.7,853389.0,real_delta_india
2026-05-06T11:00:00+00:00,4705.0,4709.3,4693.1,4693.7,528420.0,real_delta_india
2026-05-06T11:30:00+00:00,4693.8,4702.6,4678.8,4679.8,969905.0,real_delta_india
2026-05-06T12:00:00+00:00,4679.9,4680.0,4649.2,4671.4,1758175.0,real_delta_india
2026-05-06T12:30:00+00:00,4671.8,4673.3,4664.6,4670.9,512010.0,real_delta_india
2026-05-06T13:00:00+00:00,4670.1,4679.2,4657.9,4673.1,685088.0,real_delta_india
2026-05-06T13:30:00+00:00,4672.9,4694.0,4669.2,4688.6,899088.0,real_delta_india
2026-05-06T14:00:00+00:00,4688.0,4703.2,4684.5,4691.5,1016008.0,real_delta_india
2026-05-06T14:30:00+00:00,4691.9,4699.7,4686.6,4688.8,665420.0,real_delta_india
2026-05-06T15:00:00+00:00,4688.9,4691.1,4678.5,4681.5,811995.0,real_delta_india
2026-05-06T15:30:00+00:00,4681.3,4683.5,4673.8,4674.4,495352.0,real_delta_india
2026-05-06T16:00:00+00:00,4673.8,4674.3,4668.2,4673.5,732123.0,real_delta_india
2026-05-06T16:30:00+00:00,4674.1,4678.0,4665.6,4668.3,480726.0,real_delta_india
2026-05-06T17:00:00+00:00,4668.6,4673.5,4665.3,4668.6,274230.0,real_delta_india
2026-05-06T17:30:00+00:00,4668.3,4670.5,4664.8,4669.9,370380.0,real_delta_india
2026-05-06T18:00:00+00:00,4669.9,4676.6,4667.95,4674.2,356507.0,real_delta_india
2026-05-06T18:30:00+00:00,4674.1,4675.6,4670.7,4672.3,160028.0,real_delta_india
2026-05-06T19:00:00+00:00,4672.54,4686.4,4672.5,4684.6,477693.0,real_delta_india
2026-05-06T19:30:00+00:00,4684.0,4684.3,4678.5,4678.7,146466.0,real_delta_india
2026-05-06T20:00:00+00:00,4678.6,4684.3,4678.3,4678.7,59555.0,real_delta_india
2026-05-06T20:30:00+00:00,4678.9,4679.4,4671.6,4678.0,87160.0,real_delta_india
2026-05-06T21:00:00+00:00,4678.5,4679.8,4678.4,4679.5,32903.0,real_delta_india
2026-05-06T21:30:00+00:00,4679.5,4680.6,4678.6,4678.6,22465.0,real_delta_india
2026-05-06T22:00:00+00:00,4681.4,4685.0,4675.4,4679.8,36990.0,real_delta_india
2026-05-06T22:30:00+00:00,4679.7,4684.8,4679.7,4680.0,69812.0,real_delta_india
2026-05-06T23:00:00+00:00,4680.2,4682.6,4676.3,4678.0,15981.0,real_delta_india
2026-05-06T23:30:00+00:00,4678.7,4684.6,4677.2,4684.5,59351.0,real_delta_india
2026-05-07T00:00:00+00:00,4683.9,4686.5,4676.3,4678.5,124707.0,real_delta_india
2026-05-07T00:30:00+00:00,4678.3,4678.5,4670.9,4674.3,109527.0,real_delta_india
2026-05-07T01:00:00+00:00,4673.6,4701.6,4671.2,4690.4,441953.0,real_delta_india
2026-05-07T01:30:00+00:00,4688.7,4706.3,4688.7,4701.0,371538.0,real_delta_india
2026-05-07T02:00:00+00:00,4700.4,4703.8,4687.6,4688.5,265793.0,real_delta_india
2026-05-07T02:30:00+00:00,4688.1,4695.9,4685.7,4694.0,216394.0,real_delta_india
2026-05-07T03:00:00+00:00,4693.0,4696.0,4690.0,4690.3,193049.0,real_delta_india
2026-05-07T03:30:00+00:00,4690.3,4690.7,4684.1,4684.6,252415.0,real_delta_india
2026-05-07T04:00:00+00:00,4684.7,4685.9,4680.2,4682.0,286823.0,real_delta_india
2026-05-07T04:30:00+00:00,4682.0,4684.7,4678.03,4682.4,273149.0,real_delta_india
2026-05-07T05:00:00+00:00,4682.5,4687.0,4680.6,4681.6,348584.0,real_delta_india
2026-05-07T05:30:00+00:00,4681.6,4692.3,4680.8,4687.6,346744.0,real_delta_india
2026-05-07T06:00:00+00:00,4687.0,4703.2,4687.0,4702.9,589853.0,real_delta_india
2026-05-07T06:30:00+00:00,4702.6,4734.5,4701.8,4724.1,1374060.0,real_delta_india
2026-05-07T07:00:00+00:00,4723.5,4735.3,4716.2,4724.7,708040.0,real_delta_india
2026-05-07T07:30:00+00:00,4724.8,4730.5,4723.8,4729.3,197017.0,real_delta_india
2026-05-07T08:00:00+00:00,4729.2,4739.05,4720.7,4726.6,658780.0,real_delta_india
2026-05-07T08:30:00+00:00,4727.0,4728.0,4717.5,4717.5,259378.0,real_delta_india
2026-05-07T09:00:00+00:00,4717.5,4725.8,4708.4,4723.1,642035.0,real_delta_india
2026-05-07T09:30:00+00:00,4723.1,4727.2,4714.2,4717.6,431657.0,real_delta_india
2026-05-07T10:00:00+00:00,4717.0,4723.9,4715.5,4720.5,359827.0,real_delta_india
2026-05-07T10:30:00+00:00,4720.6,4728.2,4717.0,4725.0,372752.0,real_delta_india
2026-05-07T11:00:00+00:00,4725.3,4725.9,4716.4,4721.3,480191.0,real_delta_india
2026-05-07T11:30:00+00:00,4721.4,4732.0,4720.8,4730.9,422873.0,real_delta_india
2026-05-07T12:00:00+00:00,4731.0,4736.1,4721.6,4726.4,518349.0,real_delta_india
2026-05-07T12:30:00+00:00,4727.5,4741.8,4726.6,4739.0,644792.0,real_delta_india
2026-05-07T13:00:00+00:00,4739.0,4739.0,4720.3,4734.4,737614.0,real_delta_india
2026-05-07T13:30:00+00:00,4733.9,4746.8,4727.1,4735.4,770234.0,real_delta_india
2026-05-07T14:00:00+00:00,4736.7,4748.0,4731.5,4746.8,747955.0,real_delta_india
2026-05-07T14:30:00+00:00,4746.1,4752.5,4737.4,4752.4,887584.0,real_delta_india
2026-05-07T15:00:00+00:00,4752.4,4754.2,4725.7,4728.6,1343059.0,real_delta_india
2026-05-07T15:30:00+00:00,4729.8,4736.0,4714.8,4717.6,851989.0,real_delta_india
2026-05-07T16:00:00+00:00,4717.2,4718.6,4693.9,4710.3,1337622.0,real_delta_india
2026-05-07T16:30:00+00:00,4710.4,4710.4,4701.0,4705.9,482729.0,real_delta_india
2026-05-07T17:00:00+00:00,4705.9,4710.1,4680.42,4690.6,827370.0,real_delta_india
2026-05-07T17:30:00+00:00,4690.7,4704.2,4686.24,4703.7,423486.0,real_delta_india
2026-05-07T18:00:00+00:00,4704.1,4704.8,4697.6,4704.1,336134.0,real_delta_india
2026-05-07T18:30:00+00:00,4704.0,4707.2,4687.8,4701.3,410243.0,real_delta_india
2026-05-07T19:00:00+00:00,4701.8,4704.5,4690.0,4696.6,115504.0,real_delta_india
2026-05-07T19:30:00+00:00,4696.9,4703.34,4696.0,4696.0,68733.0,real_delta_india
2026-05-07T20:00:00+00:00,4696.0,4711.3,4696.0,4705.0,161671.0,real_delta_india
2026-05-07T20:30:00+00:00,4705.0,4706.8,4678.4,4678.6,170189.0,real_delta_india
2026-05-07T21:00:00+00:00,4678.9,4688.1,4678.8,4684.9,62962.0,real_delta_india
2026-05-07T21:30:00+00:00,4684.9,4685.7,4675.1,4678.3,57576.0,real_delta_india
2026-05-07T22:00:00+00:00,4678.0,4689.6,4672.1,4684.2,58351.0,real_delta_india
2026-05-07T22:30:00+00:00,4683.0,4684.0,4672.9,4676.4,83878.0,real_delta_india
2026-05-07T23:00:00+00:00,4677.2,4688.8,4677.2,4688.0,93787.0,real_delta_india
2026-05-07T23:30:00+00:00,4687.7,4695.8,4685.5,4695.0,81384.0,real_delta_india
2026-05-08T00:00:00+00:00,4695.05,4700.2,4685.1,4687.8,213908.0,real_delta_india
2026-05-08T00:30:00+00:00,4688.0,4698.1,4687.0,4691.5,95022.0,real_delta_india
2026-05-08T01:00:00+00:00,4693.0,4708.3,4693.0,4703.2,289671.0,real_delta_india
2026-05-08T01:30:00+00:00,4703.0,4714.0,4695.1,4711.5,354438.0,real_delta_india
2026-05-08T02:00:00+00:00,4712.0,4720.7,4707.8,4711.4,533769.0,real_delta_india
2026-05-08T02:30:00+00:00,4710.99,4712.2,4697.6,4702.7,352372.0,real_delta_india
2026-05-08T03:00:00+00:00,4703.4,4711.7,4700.6,4710.4,243080.0,real_delta_india
2026-05-08T03:30:00+00:00,4710.5,4720.9,4707.8,4709.4,473208.0,real_delta_india
2026-05-08T04:00:00+00:00,4709.2,4712.8,4702.9,4707.2,457160.0,real_delta_india
2026-05-08T04:30:00+00:00,4707.1,4707.4,4698.3,4700.6,344711.0,real_delta_india
2026-05-08T05:00:00+00:00,4700.8,4709.2,4699.5,4708.9,212483.0,real_delta_india
2026-05-08T05:30:00+00:00,4709.0,4719.9,4709.0,4717.3,533600.0,real_delta_india
2026-05-08T06:00:00+00:00,4717.2,4723.6,4703.7,4722.5,536209.0,real_delta_india
2026-05-08T06:30:00+00:00,4722.5,4723.2,4710.6,4715.29,468315.0,real_delta_india
2026-05-08T07:00:00+00:00,4714.3,4715.0,4688.7,4698.4,912504.0,real_delta_india
2026-05-08T07:30:00+00:00,4697.8,4703.5,4693.0,4698.3,373669.0,real_delta_india
2026-05-08T08:00:00+00:00,4698.3,4711.5,4696.7,4706.1,488147.0,real_delta_india
2026-05-08T08:30:00+00:00,4706.0,4712.2,4705.5,4705.6,295354.0,real_delta_india
2026-05-08T09:00:00+00:00,4706.3,4712.9,4703.6,4708.0,308854.0,real_delta_india
2026-05-08T09:30:00+00:00,4708.5,4708.5,4698.0,4702.6,286080.0,real_delta_india
2026-05-08T10:00:00+00:00,4702.2,4714.4,4702.2,4711.7,292535.0,real_delta_india
2026-05-08T10:30:00+00:00,4711.7,4718.0,4705.7,4710.2,489105.0,real_delta_india
2026-05-08T11:00:00+00:00,4710.82,4717.19,4709.8,4713.7,274302.0,real_delta_india
2026-05-08T11:30:00+00:00,4713.8,4714.6,4703.1,4706.7,200601.0,real_delta_india
2026-05-08T12:00:00+00:00,4707.1,4708.5,4693.7,4699.6,524865.0,real_delta_india
2026-05-08T12:30:00+00:00,4700.0,4720.0,4694.0,4712.2,1060738.0,real_delta_india
2026-05-08T13:00:00+00:00,4712.1,4717.3,4705.6,4715.4,386946.0,real_delta_india
2026-05-08T13:30:00+00:00,4716.3,4736.7,4716.3,4736.5,1292040.0,real_delta_india
2026-05-08T14:00:00+00:00,4736.8,4739.3,4708.0,4708.0,1143288.0,real_delta_india
2026-05-08T14:30:00+00:00,4707.8,4715.7,4703.7,4707.2,514808.0,real_delta_india
2026-05-08T15:00:00+00:00,4706.1,4710.7,4695.3,4703.6,767279.0,real_delta_india
2026-05-08T15:30:00+00:00,4703.6,4705.0,4693.6,4698.3,498813.0,real_delta_india
2026-05-08T16:00:00+00:00,4698.9,4708.6,4697.0,4707.7,380946.0,real_delta_india
2026-05-08T16:30:00+00:00,4708.3,4710.1,4701.6,4702.9,400578.0,real_delta_india
2026-05-08T17:00:00+00:00,4702.9,4711.9,4702.5,4710.5,370232.0,real_delta_india
2026-05-08T17:30:00+00:00,4710.6,4712.0,4709.3,4710.2,278860.0,real_delta_india
2026-05-08T18:00:00+00:00,4710.6,4718.1,4710.6,4715.1,449415.0,real_delta_india
2026-05-08T18:30:00+00:00,4714.67,4715.2,4710.4,4713.4,127752.0,real_delta_india
2026-05-08T19:00:00+00:00,4713.1,4715.9,4712.1,4714.5,57562.0,real_delta_india
2026-05-08T19:30:00+00:00,4713.7,4717.4,4712.3,4714.2,79347.0,real_delta_india
2026-05-08T20:00:00+00:00,4714.6,4715.0,4707.2,4707.8,103321.0,real_delta_india
2026-05-08T20:30:00+00:00,4708.2,4709.8,4706.0,4707.2,36885.0,real_delta_india
2026-05-08T21:00:00+00:00,4707.1,4708.5,4706.2,4706.3,31969.0,real_delta_india
2026-05-08T21:30:00+00:00,4706.2,4706.3,4705.5,4705.8,22659.0,real_delta_india
2026-05-08T22:00:00+00:00,4706.1,4706.3,4705.2,4705.9,6787.0,real_delta_india
2026-05-08T22:30:00+00:00,4706.0,4706.3,4705.0,4705.2,19096.0,real_delta_india
2026-05-08T23:00:00+00:00,4705.2,4705.4,4705.1,4705.2,5626.0,real_delta_india
2026-05-08T23:30:00+00:00,4705.2,4705.3,4704.8,4704.9,17403.0,real_delta_india
2026-05-09T00:00:00+00:00,4704.8,4704.8,4703.4,4703.4,26716.0,real_delta_india
2026-05-09T00:30:00+00:00,4703.4,4705.6,4703.4,4705.4,35711.0,real_delta_india
2026-05-09T01:00:00+00:00,4705.3,4707.9,4705.3,4705.6,30864.0,real_delta_india
2026-05-09T01:30:00+00:00,4705.5,4708.2,4705.5,4708.1,16251.0,real_delta_india
2026-05-09T02:00:00+00:00,4708.1,4711.4,4708.0,4708.4,36077.0,real_delta_india
2026-05-09T02:30:00+00:00,4707.8,4708.7,4707.3,4707.7,24005.0,real_delta_india
2026-05-09T03:00:00+00:00,4707.8,4707.8,4703.5,4704.0,30551.0,real_delta_india
2026-05-09T03:30:00+00:00,4704.0,4706.1,4703.0,4704.7,51090.0,real_delta_india
2026-05-09T04:00:00+00:00,4704.7,4706.5,4704.7,4705.3,108712.0,real_delta_india
2026-05-09T04:30:00+00:00,4705.2,4705.3,4703.7,4705.0,28128.0,real_delta_india
2026-05-09T05:00:00+00:00,4704.9,4707.1,4704.5,4707.0,86872.0,real_delta_india
2026-05-09T05:30:00+00:00,4707.1,4707.1,4704.4,4704.6,46159.0,real_delta_india
2026-05-09T06:00:00+00:00,4704.6,4705.1,4704.0,4704.3,50237.0,real_delta_india
2026-05-09T06:30:00+00:00,4704.4,4704.4,4703.3,4703.4,23774.0,real_delta_india
2026-05-09T07:00:00+00:00,4703.4,4703.6,4703.0,4703.4,31318.0,real_delta_india
2026-05-09T07:30:00+00:00,4703.5,4704.2,4703.4,4703.8,22110.0,real_delta_india
2026-05-09T08:00:00+00:00,4703.7,4703.9,4702.2,4703.6,72023.0,real_delta_india
2026-05-09T08:30:00+00:00,4704.0,4704.3,4703.6,4703.7,13907.0,real_delta_india
2026-05-09T09:00:00+00:00,4703.6,4703.9,4701.9,4702.2,27659.0,real_delta_india
2026-05-09T09:30:00+00:00,4702.2,4702.5,4701.9,4702.3,21108.0,real_delta_india
2026-05-09T10:00:00+00:00,4702.2,4702.3,4701.1,4701.7,40431.0,real_delta_india
2026-05-09T10:30:00+00:00,4701.7,4702.7,4701.5,4702.3,14505.0,real_delta_india
2026-05-09T11:00:00+00:00,4702.4,4702.4,4701.8,4701.9,6681.0,real_delta_india
2026-05-09T11:30:00+00:00,4701.9,4703.3,4701.9,4702.9,10492.0,real_delta_india
2026-05-09T12:00:00+00:00,4703.0,4703.7,4702.7,4703.6,17613.0,real_delta_india
2026-05-09T12:30:00+00:00,4703.5,4704.5,4703.5,4703.95,18945.0,real_delta_india
2026-05-09T13:00:00+00:00,4704.0,4704.0,4701.0,4701.5,14311.0,real_delta_india
2026-05-09T13:30:00+00:00,4701.4,4702.4,4701.3,4702.0,11339.0,real_delta_india
2026-05-09T14:00:00+00:00,4702.0,4703.6,4702.0,4702.9,13177.0,real_delta_india
2026-05-09T14:30:00+00:00,4702.9,4702.9,4701.9,4702.0,6383.0,real_delta_india
2026-05-09T15:00:00+00:00,4702.0,4702.1,4701.4,4701.7,6910.0,real_delta_india
2026-05-09T15:30:00+00:00,4701.7,4702.8,4701.6,4702.7,9864.0,real_delta_india
2026-05-09T16:00:00+00:00,4702.8,4703.1,4702.7,4703.0,7813.0,real_delta_india
2026-05-09T16:30:00+00:00,4703.0,4703.0,4702.6,4703.0,10990.0,real_delta_india
2026-05-09T17:00:00+00:00,4702.9,4703.8,4702.8,4703.5,15711.0,real_delta_india
2026-05-09T17:30:00+00:00,4703.7,4707.4,4703.7,4706.3,49688.0,real_delta_india
2026-05-09T18:00:00+00:00,4706.2,4708.8,4705.8,4708.8,31131.0,real_delta_india
2026-05-09T18:30:00+00:00,4708.8,4708.9,4708.6,4708.9,13177.0,real_delta_india
2026-05-09T19:00:00+00:00,4708.9,4708.9,4706.6,4707.0,13071.0,real_delta_india
2026-05-09T19:30:00+00:00,4706.9,4709.6,4706.9,4709.6,20402.0,real_delta_india
2026-05-09T20:00:00+00:00,4709.6,4711.6,4709.4,4711.3,22545.0,real_delta_india
2026-05-09T20:30:00+00:00,4711.3,4711.3,4710.9,4711.2,12202.0,real_delta_india
2026-05-09T21:00:00+00:00,4711.28,4711.3,4711.2,4711.3,3980.0,real_delta_india
2026-05-09T21:30:00+00:00,4711.3,4713.6,4711.2,4713.2,19600.0,real_delta_india
2026-05-09T22:00:00+00:00,4713.3,4713.3,4710.6,4710.9,5005.0,real_delta_india
2026-05-09T22:30:00+00:00,4710.9,4712.4,4710.9,4712.4,3083.0,real_delta_india
2026-05-09T23:00:00+00:00,4712.4,4712.4,4708.6,4709.7,5741.0,real_delta_india
2026-05-09T23:30:00+00:00,4709.7,4709.8,4709.6,4709.7,3163.0,real_delta_india
2026-05-10T00:00:00+00:00,4710.9,4712.4,4710.8,4712.4,980.0,real_delta_india
2026-05-10T00:30:00+00:00,4712.4,4712.4,4710.1,4710.8,4911.0,real_delta_india
2026-05-10T01:00:00+00:00,4710.7,4710.8,4710.3,4710.8,9395.0,real_delta_india
2026-05-10T01:30:00+00:00,4710.8,4710.8,4706.4,4708.8,12100.0,real_delta_india
2026-05-10T02:00:00+00:00,4709.0,4710.7,4708.9,4710.6,5348.0,real_delta_india
2026-05-10T02:30:00+00:00,4710.7,4710.9,4710.0,4710.9,22991.0,real_delta_india
2026-05-10T03:00:00+00:00,4710.9,4714.2,4710.8,4713.9,26888.0,real_delta_india
2026-05-10T03:30:00+00:00,4713.9,4714.0,4713.8,4713.9,12831.0,real_delta_india
2026-05-10T04:00:00+00:00,4713.9,4714.0,4711.5,4713.9,15958.0,real_delta_india
2026-05-10T04:30:00+00:00,4713.8,4714.0,4711.8,4712.3,42094.0,real_delta_india
2026-05-10T05:00:00+00:00,4712.8,4713.6,4712.0,4713.6,11796.0,real_delta_india
2026-05-10T05:30:00+00:00,4713.1,4713.1,4711.2,4712.6,13747.0,real_delta_india
2026-05-10T06:00:00+00:00,4712.6,4713.8,4711.6,4713.2,12234.0,real_delta_india
2026-05-10T06:30:00+00:00,4713.2,4713.2,4711.0,4711.9,7785.0,real_delta_india
2026-05-10T07:00:00+00:00,4712.0,4712.0,4711.1,4711.3,22089.0,real_delta_india
2026-05-10T07:30:00+00:00,4711.4,4711.5,4707.8,4708.1,36406.0,real_delta_india
2026-05-10T08:00:00+00:00,4708.1,4708.3,4706.8,4707.9,23938.0,real_delta_india
2026-05-10T08:30:00+00:00,4707.8,4710.5,4706.4,4709.9,52941.0,real_delta_india
2026-05-10T09:00:00+00:00,4709.91,4712.3,4709.91,4710.5,70497.0,real_delta_india
2026-05-10T09:30:00+00:00,4710.6,4712.1,4708.9,4708.9,53517.0,real_delta_india
2026-05-10T10:00:00+00:00,4709.0,4711.1,4708.9,4710.3,15133.0,real_delta_india
2026-05-10T10:30:00+00:00,4710.3,4710.7,4709.4,4710.1,2920.0,real_delta_india
2026-05-10T11:00:00+00:00,4710.2,4711.8,4709.6,4711.8,38233.0,real_delta_india
2026-05-10T11:30:00+00:00,4711.8,4715.2,4710.2,4714.5,40511.0,real_delta_india
2026-05-10T12:00:00+00:00,4714.8,4715.9,4713.7,4714.0,55164.0,real_delta_india
2026-05-10T12:30:00+00:00,4714.1,4715.3,4713.2,4714.8,25188.0,real_delta_india
2026-05-10T13:00:00+00:00,4714.8,4720.6,4714.7,4719.3,90790.0,real_delta_india
2026-05-10T13:30:00+00:00,4719.3,4719.4,4717.4,4717.4,16247.0,real_delta_india
2026-05-10T14:00:00+00:00,4717.4,4717.5,4715.2,4715.3,57237.0,real_delta_india
2026-05-10T14:30:00+00:00,4715.4,4717.6,4715.0,4717.3,47131.0,real_delta_india
2026-05-10T15:00:00+00:00,4717.4,4719.3,4717.3,4719.1,29012.0,real_delta_india
2026-05-10T15:30:00+00:00,4719.2,4720.4,4718.0,4720.0,77389.0,real_delta_india
2026-05-10T16:00:00+00:00,4720.1,4720.3,4717.4,4718.3,61561.0,real_delta_india
2026-05-10T16:30:00+00:00,4718.4,4718.7,4716.7,4718.0,42702.0,real_delta_india
2026-05-10T17:00:00+00:00,4718.0,4718.0,4716.6,4717.9,21561.0,real_delta_india
2026-05-10T17:30:00+00:00,4718.0,4722.5,4718.0,4722.1,90195.0,real_delta_india
2026-05-10T18:00:00+00:00,4722.1,4722.6,4717.6,4718.4,55612.0,real_delta_india
2026-05-10T18:30:00+00:00,4718.4,4718.7,4716.8,4718.1,26752.0,real_delta_india
2026-05-10T19:00:00+00:00,4718.0,4719.1,4713.5,4716.9,89989.0,real_delta_india
2026-05-10T19:30:00+00:00,4716.6,4716.6,4715.2,4716.0,20136.0,real_delta_india
2026-05-10T20:00:00+00:00,4715.9,4715.9,4709.7,4710.0,59871.0,real_delta_india
2026-05-10T20:30:00+00:00,4710.0,4710.0,4697.0,4702.4,134070.0,real_delta_india
2026-05-10T21:00:00+00:00,4702.3,4706.4,4700.9,4701.0,52111.0,real_delta_india
2026-05-10T21:30:00+00:00,4701.2,4703.0,4696.0,4696.75,44490.0,real_delta_india
2026-05-10T22:00:00+00:00,4704.0,4704.0,4672.0,4686.2,316280.0,real_delta_india
2026-05-10T22:30:00+00:00,4685.0,4686.2,4679.8,4685.1,81305.0,real_delta_india
2026-05-10T23:00:00+00:00,4684.95,4689.7,4682.2,4686.6,113017.0,real_delta_india
2026-05-10T23:30:00+00:00,4687.1,4691.7,4682.9,4683.7,80112.0,real_delta_india
2026-05-11T00:00:00+00:00,4683.7,4683.9,4669.4,4676.5,282725.0,real_delta_india
2026-05-11T00:30:00+00:00,4677.3,4685.4,4663.1,4676.0,322303.0,real_delta_india
2026-05-11T01:00:00+00:00,4677.2,4697.0,4668.0,4691.5,356547.0,real_delta_india
2026-05-11T01:30:00+00:00,4691.0,4693.7,4673.4,4677.9,303472.0,real_delta_india
2026-05-11T02:00:00+00:00,4679.3,4685.47,4671.5,4681.1,159038.0,real_delta_india
2026-05-11T02:30:00+00:00,4681.1,4692.5,4670.5,4673.7,346020.0,real_delta_india
2026-05-11T03:00:00+00:00,4673.6,4682.2,4668.9,4681.4,270665.0,real_delta_india
2026-05-11T03:30:00+00:00,4681.9,4681.9,4669.0,4671.3,245611.0,real_delta_india
2026-05-11T04:00:00+00:00,4671.5,4672.0,4663.3,4664.1,281786.0,real_delta_india
2026-05-11T04:30:00+00:00,4664.1,4668.7,4660.8,4665.6,288286.0,real_delta_india
2026-05-11T05:00:00+00:00,4665.5,4669.2,4664.0,4664.9,209518.0,real_delta_india
2026-05-11T05:30:00+00:00,4665.0,4673.4,4642.5,4646.6,1056386.0,real_delta_india
2026-05-11T06:00:00+00:00,4646.6,4664.0,4643.8,4661.33,467024.0,real_delta_india
2026-05-11T06:30:00+00:00,4661.33,4673.8,4661.33,4671.7,387137.0,real_delta_india
2026-05-11T07:00:00+00:00,4672.8,4673.2,4665.7,4669.0,249039.0,real_delta_india
2026-05-11T07:30:00+00:00,4669.1,4670.8,4658.1,4661.7,328143.0,real_delta_india
2026-05-11T08:00:00+00:00,4661.7,4672.2,4658.1,4666.0,529664.0,real_delta_india
2026-05-11T08:30:00+00:00,4665.87,4669.0,4660.3,4660.7,198688.0,real_delta_india
2026-05-11T09:00:00+00:00,4660.8,4663.6,4651.6,4652.2,295197.0,real_delta_india
2026-05-11T09:30:00+00:00,4652.5,4659.2,4645.8,4651.6,483845.0,real_delta_india
2026-05-11T10:00:00+00:00,4651.7,4660.2,4651.7,4657.6,273325.0,real_delta_india
2026-05-11T10:30:00+00:00,4658.1,4662.0,4654.7,4659.1,280276.0,real_delta_india
2026-05-11T11:00:00+00:00,4658.7,4666.5,4658.2,4665.3,362790.0,real_delta_india
2026-05-11T11:30:00+00:00,4665.3,4671.0,4663.9,4667.5,378114.0,real_delta_india
2026-05-11T12:00:00+00:00,4668.7,4688.8,4661.6,4685.2,969593.0,real_delta_india
2026-05-11T12:30:00+00:00,4684.3,4694.8,4680.7,4693.1,800387.0,real_delta_india
2026-05-11T13:00:00+00:00,4693.8,4727.8,4693.1,4720.7,2189102.0,real_delta_india
2026-05-11T13:30:00+00:00,4720.8,4738.8,4720.8,4726.23,1389180.0,real_delta_india
2026-05-11T14:00:00+00:00,4726.0,4728.5,4709.3,4714.9,1454877.0,real_delta_india
2026-05-11T14:30:00+00:00,4714.8,4724.3,4705.4,4716.5,1017410.0,real_delta_india
2026-05-11T15:00:00+00:00,4716.4,4727.3,4713.8,4721.7,656446.0,real_delta_india
2026-05-11T15:30:00+00:00,4721.8,4723.4,4714.5,4721.0,518534.0,real_delta_india
2026-05-11T16:00:00+00:00,4721.1,4722.6,4711.5,4712.2,467993.0,real_delta_india
2026-05-11T16:30:00+00:00,4712.9,4715.0,4698.3,4704.5,940461.0,real_delta_india
2026-05-11T17:00:00+00:00,4705.5,4711.6,4705.3,4708.0,484408.0,real_delta_india
2026-05-11T17:30:00+00:00,4708.0,4714.3,4707.5,4712.6,474565.0,real_delta_india
2026-05-11T18:00:00+00:00,4712.7,4716.6,4709.3,4716.1,295897.0,real_delta_india
2026-05-11T18:30:00+00:00,4716.0,4718.4,4713.1,4713.9,317641.0,real_delta_india
2026-05-11T19:00:00+00:00,4713.8,4716.3,4711.6,4712.2,195129.0,real_delta_india
2026-05-11T19:30:00+00:00,4712.5,4724.4,4711.4,4721.4,262678.0,real_delta_india
2026-05-11T20:00:00+00:00,4722.4,4725.0,4717.3,4722.2,100057.0,real_delta_india
2026-05-11T20:30:00+00:00,4722.5,4725.2,4720.8,4722.1,42754.0,real_delta_india
2026-05-11T21:00:00+00:00,4721.2,4721.4,4718.1,4718.1,13719.0,real_delta_india
2026-05-11T21:30:00+00:00,4717.5,4723.7,4715.5,4721.9,35778.0,real_delta_india
2026-05-11T22:00:00+00:00,4724.0,4730.2,4724.0,4726.5,122100.0,real_delta_india
2026-05-11T22:30:00+00:00,4727.0,4741.6,4725.7,4737.4,355548.0,real_delta_india
2026-05-11T23:00:00+00:00,4738.4,4741.8,4731.5,4739.5,341758.0,real_delta_india
2026-05-11T23:30:00+00:00,4739.1,4756.76,4738.0,4755.0,376912.0,real_delta_india
2026-05-12T00:00:00+00:00,4753.4,4760.7,4741.6,4750.2,534492.0,real_delta_india
2026-05-12T00:30:00+00:00,4749.3,4751.0,4736.5,4737.3,274381.0,real_delta_india
2026-05-12T01:00:00+00:00,4736.0,4742.6,4721.9,4723.5,646620.0,real_delta_india
2026-05-12T01:30:00+00:00,4723.5,4727.0,4708.5,4715.4,421787.0,real_delta_india
2026-05-12T02:00:00+00:00,4715.4,4722.3,4714.1,4716.3,322683.0,real_delta_india
2026-05-12T02:30:00+00:00,4717.5,4721.4,4712.3,4719.3,183214.0,real_delta_india
2026-05-12T03:00:00+00:00,4719.0,4721.2,4712.1,4712.9,199170.0,real_delta_india
2026-05-12T03:30:00+00:00,4713.0,4716.0,4706.4,4708.4,326420.0,real_delta_india
2026-05-12T04:00:00+00:00,4708.4,4718.6,4707.5,4710.9,353292.0,real_delta_india
2026-05-12T04:30:00+00:00,4710.8,4715.1,4700.7,4704.1,470165.0,real_delta_india
2026-05-12T05:00:00+00:00,4703.8,4707.9,4698.1,4704.0,402057.0,real_delta_india
2026-05-12T05:30:00+00:00,4703.9,4711.4,4700.0,4703.1,435311.0,real_delta_india
2026-05-12T06:00:00+00:00,4703.0,4703.0,4685.9,4686.5,882833.0,real_delta_india
2026-05-12T06:30:00+00:00,4687.3,4694.5,4683.8,4686.7,370783.0,real_delta_india
2026-05-12T07:00:00+00:00,4686.6,4689.3,4676.9,4688.3,502188.0,real_delta_india
2026-05-12T07:30:00+00:00,4688.3,4693.5,4686.2,4690.1,356999.0,real_delta_india
2026-05-12T08:00:00+00:00,4691.3,4697.4,4686.8,4692.3,449646.0,real_delta_india
2026-05-12T08:30:00+00:00,4693.3,4696.2,4688.8,4692.9,239850.0,real_delta_india
2026-05-12T09:00:00+00:00,4692.3,4692.3,4687.8,4688.7,158833.0,real_delta_india
2026-05-12T09:30:00+00:00,4689.0,4694.7,4685.6,4690.3,213786.0,real_delta_india
2026-05-12T10:00:00+00:00,4690.9,4699.1,4690.2,4690.9,454914.0,real_delta_india
2026-05-12T10:30:00+00:00,4690.9,4690.9,4677.1,4683.7,602975.0,real_delta_india
2026-05-12T11:00:00+00:00,4685.0,4689.5,4677.1,4689.5,351212.0,real_delta_india
2026-05-12T11:30:00+00:00,4689.8,4699.5,4688.1,4697.3,533379.0,real_delta_india
2026-05-12T12:00:00+00:00,4697.2,4699.6,4687.5,4689.75,747835.0,real_delta_india
2026-05-12T12:30:00+00:00,4689.9,4704.5,4682.6,4698.4,1173102.0,real_delta_india
2026-05-12T13:00:00+00:00,4697.9,4701.1,4672.5,4684.4,1124618.0,real_delta_india
2026-05-12T13:30:00+00:00,4684.0,4694.0,4670.0,4672.2,1066429.0,real_delta_india
2026-05-12T14:00:00+00:00,4673.2,4687.8,4670.0,4676.2,858957.0,real_delta_india
2026-05-12T14:30:00+00:00,4676.3,4681.3,4662.6,4666.0,1082543.0,real_delta_india
2026-05-12T15:00:00+00:00,4666.7,4669.4,4635.0,4652.2,1731627.0,real_delta_india
2026-05-12T15:30:00+00:00,4652.38,4665.3,4650.1,4661.5,735325.0,real_delta_india
2026-05-12T16:00:00+00:00,4661.5,4669.8,4659.1,4663.1,759698.0,real_delta_india
2026-05-12T16:30:00+00:00,4663.1,4668.3,4660.2,4665.7,493782.0,real_delta_india
2026-05-12T17:00:00+00:00,4665.9,4676.9,4665.9,4673.4,701298.0,real_delta_india
2026-05-12T17:30:00+00:00,4673.7,4676.0,4670.9,4673.8,305694.0,real_delta_india
2026-05-12T18:00:00+00:00,4673.9,4682.1,4671.1,4680.0,381919.0,real_delta_india
2026-05-12T18:30:00+00:00,4679.8,4693.6,4679.6,4691.1,628516.0,real_delta_india
2026-05-12T19:00:00+00:00,4691.1,4699.9,4691.0,4699.4,353901.0,real_delta_india
2026-05-12T19:30:00+00:00,4700.0,4709.7,4699.4,4709.7,520433.0,real_delta_india
2026-05-12T20:00:00+00:00,4709.92,4713.0,4705.2,4705.8,295276.0,real_delta_india
2026-05-12T20:30:00+00:00,4705.8,4708.0,4705.1,4707.8,70246.0,real_delta_india
2026-05-12T21:00:00+00:00,4707.8,4707.8,4703.4,4703.6,74324.0,real_delta_india
2026-05-12T21:30:00+00:00,4703.6,4704.1,4702.1,4702.6,45313.0,real_delta_india
2026-05-12T22:00:00+00:00,4705.0,4711.9,4705.0,4707.0,151705.0,real_delta_india
2026-05-12T22:30:00+00:00,4708.3,4712.7,4707.1,4708.4,62152.0,real_delta_india
2026-05-12T23:00:00+00:00,4707.8,4715.4,4707.2,4713.7,138202.0,real_delta_india
2026-05-12T23:30:00+00:00,4712.1,4715.2,4708.0,4709.9,58680.0,real_delta_india
2026-05-13T00:00:00+00:00,4709.8,4719.62,4707.4,4715.6,208690.0,real_delta_india
2026-05-13T00:30:00+00:00,4715.7,4717.2,4706.1,4706.4,154207.0,real_delta_india
2026-05-13T01:00:00+00:00,4706.2,4708.1,4695.2,4696.1,401997.0,real_delta_india
2026-05-13T01:30:00+00:00,4695.8,4703.6,4693.5,4694.8,270835.0,real_delta_india
2026-05-13T02:00:00+00:00,4694.8,4699.7,4691.0,4693.1,302030.0,real_delta_india
2026-05-13T02:30:00+00:00,4692.8,4692.8,4682.4,4685.5,357934.0,real_delta_india
2026-05-13T03:00:00+00:00,4685.3,4693.4,4682.6,4692.8,301547.0,real_delta_india
2026-05-13T03:30:00+00:00,4692.9,4698.6,4688.1,4689.8,311292.0,real_delta_india
2026-05-13T04:00:00+00:00,4689.86,4696.5,4688.5,4695.6,233785.0,real_delta_india
2026-05-13T04:30:00+00:00,4695.7,4697.4,4691.3,4694.0,228310.0,real_delta_india
2026-05-13T05:00:00+00:00,4694.1,4701.3,4690.1,4691.4,496341.0,real_delta_india
2026-05-13T05:30:00+00:00,4691.0,4697.0,4686.3,4696.2,317825.0,real_delta_india
2026-05-13T06:00:00+00:00,4696.1,4707.4,4695.4,4700.8,624772.0,real_delta_india
2026-05-13T06:30:00+00:00,4700.8,4705.5,4692.4,4694.1,476095.0,real_delta_india
2026-05-13T07:00:00+00:00,4694.6,4701.0,4689.8,4700.0,514729.0,real_delta_india
2026-05-13T07:30:00+00:00,4700.0,4700.0,4694.0,4695.9,173311.0,real_delta_india
2026-05-13T08:00:00+00:00,4695.0,4696.5,4688.0,4689.8,301859.0,real_delta_india
2026-05-13T08:30:00+00:00,4690.0,4694.9,4687.8,4693.2,380897.0,real_delta_india
2026-05-13T09:00:00+00:00,4693.3,4693.7,4678.6,4682.0,736145.0,real_delta_india
2026-05-13T09:30:00+00:00,4681.9,4693.4,4679.4,4693.3,478076.0,real_delta_india
2026-05-13T10:00:00+00:00,4693.3,4702.5,4691.1,4691.8,664880.0,real_delta_india
2026-05-13T10:30:00+00:00,4691.8,4692.1,4686.3,4686.8,359796.0,real_delta_india
2026-05-13T11:00:00+00:00,4686.8,4693.3,4683.7,4691.1,477317.0,real_delta_india
2026-05-13T11:30:00+00:00,4691.0,4697.8,4690.8,4691.4,441429.0,real_delta_india
2026-05-13T12:00:00+00:00,4690.9,4694.4,4676.5,4677.5,628271.0,real_delta_india
2026-05-13T12:30:00+00:00,4679.08,4679.1,4670.2,4676.4,846618.0,real_delta_india
2026-05-13T13:00:00+00:00,4676.9,4686.2,4676.9,4681.1,589973.0,real_delta_india
2026-05-13T13:30:00+00:00,4680.46,4683.2,4663.3,4672.4,1408217.0,real_delta_india
2026-05-13T14:00:00+00:00,4672.0,4679.1,4666.5,4678.2,591001.0,real_delta_india
2026-05-13T14:30:00+00:00,4678.2,4684.6,4672.2,4674.8,823650.0,real_delta_india
2026-05-13T15:00:00+00:00,4674.4,4684.9,4674.4,4684.5,478122.0,real_delta_india
2026-05-13T15:30:00+00:00,4684.3,4692.9,4680.5,4687.7,761608.0,real_delta_india
2026-05-13T16:00:00+00:00,4687.6,4702.1,4687.5,4699.4,846859.0,real_delta_india
2026-05-13T16:30:00+00:00,4699.4,4699.7,4687.4,4688.4,496240.0,real_delta_india
2026-05-13T17:00:00+00:00,4688.3,4693.6,4688.3,4690.4,436496.0,real_delta_india
2026-05-13T17:30:00+00:00,4690.8,4690.8,4677.7,4678.3,703095.0,real_delta_india
2026-05-13T18:00:00+00:00,4678.3,4687.1,4677.2,4685.3,473399.0,real_delta_india
2026-05-13T18:30:00+00:00,4684.9,4685.7,4671.6,4677.4,315901.0,real_delta_india
2026-05-13T19:00:00+00:00,4677.4,4682.6,4676.9,4680.5,198796.0,real_delta_india
2026-05-13T19:30:00+00:00,4680.5,4682.4,4674.61,4679.3,101327.0,real_delta_india
2026-05-13T20:00:00+00:00,4679.3,4683.9,4677.3,4682.5,94057.0,real_delta_india
2026-05-13T20:30:00+00:00,4682.4,4683.7,4680.2,4680.5,32354.0,real_delta_india
2026-05-13T21:00:00+00:00,4680.2,4681.6,4679.2,4681.5,25738.0,real_delta_india
2026-05-13T21:30:00+00:00,4681.6,4681.8,4680.7,4681.2,16933.0,real_delta_india
2026-05-13T22:00:00+00:00,4682.7,4687.3,4680.0,4687.3,57487.0,real_delta_india
2026-05-13T22:30:00+00:00,4687.42,4691.6,4687.1,4690.4,69884.0,real_delta_india
2026-05-13T23:00:00+00:00,4691.0,4693.0,4688.3,4688.9,42709.0,real_delta_india
2026-05-13T23:30:00+00:00,4688.8,4688.9,4684.4,4687.3,33310.0,real_delta_india
2026-05-14T00:00:00+00:00,4687.3,4695.1,4680.2,4690.3,228523.0,real_delta_india
2026-05-14T00:30:00+00:00,4691.6,4696.7,4683.9,4695.6,130474.0,real_delta_india
2026-05-14T01:00:00+00:00,4695.9,4697.0,4675.7,4685.3,335038.0,real_delta_india
2026-05-14T01:30:00+00:00,4683.5,4685.7,4675.0,4679.2,201808.0,real_delta_india
2026-05-14T02:00:00+00:00,4679.3,4683.9,4677.9,4683.3,95883.0,real_delta_india
2026-05-14T02:30:00+00:00,4681.9,4689.3,4671.14,4675.9,251668.0,real_delta_india
2026-05-14T03:00:00+00:00,4675.9,4682.2,4672.0,4681.3,205712.0,real_delta_india
2026-05-14T03:30:00+00:00,4680.7,4680.7,4664.3,4665.2,321437.0,real_delta_india
2026-05-14T04:00:00+00:00,4665.1,4696.0,4660.0,4691.8,648251.0,real_delta_india
2026-05-14T04:30:00+00:00,4691.4,4701.0,4690.4,4691.9,521648.0,real_delta_india
2026-05-14T05:00:00+00:00,4691.9,4693.4,4683.6,4683.9,370565.0,real_delta_india
2026-05-14T05:30:00+00:00,4683.74,4692.5,4680.1,4680.9,415531.0,real_delta_india
2026-05-14T06:00:00+00:00,4680.7,4685.2,4677.5,4682.0,449324.0,real_delta_india
2026-05-14T06:30:00+00:00,4682.0,4692.0,4680.7,4690.4,481599.0,real_delta_india
2026-05-14T07:00:00+00:00,4689.1,4695.9,4684.7,4695.0,409567.0,real_delta_india
2026-05-14T07:30:00+00:00,4694.9,4708.0,4682.0,4683.9,852728.0,real_delta_india
2026-05-14T08:00:00+00:00,4684.2,4694.8,4684.1,4693.5,255022.0,real_delta_india
2026-05-14T08:30:00+00:00,4693.5,4696.5,4684.3,4684.5,320236.0,real_delta_india
2026-05-14T09:00:00+00:00,4684.6,4688.8,4681.3,4682.7,189592.0,real_delta_india
2026-05-14T09:30:00+00:00,4682.2,4692.0,4679.5,4689.8,279154.0,real_delta_india
2026-05-14T10:00:00+00:00,4689.7,4694.8,4684.0,4688.2,237587.0,real_delta_india
2026-05-14T10:30:00+00:00,4689.1,4689.4,4682.8,4687.4,153349.0,real_delta_india
2026-05-14T11:00:00+00:00,4688.0,4689.6,4681.0,4683.3,160669.0,real_delta_india
2026-05-14T11:30:00+00:00,4683.7,4694.8,4682.0,4686.0,435628.0,real_delta_india
2026-05-14T12:00:00+00:00,4685.0,4698.0,4683.9,4693.0,491895.0,real_delta_india
2026-05-14T12:30:00+00:00,4693.3,4700.0,4687.0,4695.7,492731.0,real_delta_india
2026-05-14T13:00:00+00:00,4695.7,4698.0,4680.0,4680.0,493523.0,real_delta_india
2026-05-14T13:30:00+00:00,4680.0,4682.5,4658.9,4670.7,1772328.0,real_delta_india
2026-05-14T14:00:00+00:00,4670.43,4690.9,4670.0,4682.13,837190.0,real_delta_india
2026-05-14T14:30:00+00:00,4682.4,4683.3,4672.4,4672.5,589628.0,real_delta_india
2026-05-14T15:00:00+00:00,4672.6,4681.6,4670.0,4678.7,428343.0,real_delta_india
2026-05-14T15:30:00+00:00,4678.2,4681.6,4674.0,4678.6,280223.0,real_delta_india
2026-05-14T16:00:00+00:00,4679.2,4679.6,4668.1,4670.7,607419.0,real_delta_india
2026-05-14T16:30:00+00:00,4670.7,4672.9,4664.5,4672.5,557832.0,real_delta_india
2026-05-14T17:00:00+00:00,4672.5,4676.2,4670.7,4671.8,460008.0,real_delta_india
2026-05-14T17:30:00+00:00,4672.0,4676.0,4670.9,4672.4,298279.0,real_delta_india
2026-05-14T18:00:00+00:00,4671.8,4672.4,4662.9,4667.1,490608.0,real_delta_india
2026-05-14T18:30:00+00:00,4668.0,4668.6,4660.8,4665.8,295635.0,real_delta_india
2026-05-14T19:00:00+00:00,4665.7,4665.7,4657.2,4658.0,190044.0,real_delta_india
2026-05-14T19:30:00+00:00,4658.0,4660.1,4648.0,4649.1,484933.0,real_delta_india
2026-05-14T20:00:00+00:00,4649.0,4651.7,4642.2,4643.3,237168.0,real_delta_india
2026-05-14T20:30:00+00:00,4643.3,4648.7,4640.2,4648.0,120989.0,real_delta_india
2026-05-14T21:00:00+00:00,4648.8,4654.0,4648.7,4653.0,62609.0,real_delta_india
2026-05-14T21:30:00+00:00,4653.1,4655.5,4652.0,4652.7,74449.0,real_delta_india
2026-05-14T22:00:00+00:00,4651.42,4653.9,4643.1,4653.8,123658.0,real_delta_india
2026-05-14T22:30:00+00:00,4654.0,4657.5,4654.0,4657.1,46343.0,real_delta_india
2026-05-14T23:00:00+00:00,4657.1,4658.8,4651.5,4658.8,58896.0,real_delta_india
2026-05-14T23:30:00+00:00,4658.5,4660.1,4642.41,4647.1,274253.0,real_delta_india
2026-05-15T00:00:00+00:00,4646.8,4652.2,4625.1,4626.6,537796.0,real_delta_india
2026-05-15T00:30:00+00:00,4626.4,4626.5,4611.0,4626.0,533961.0,real_delta_india
2026-05-15T01:00:00+00:00,4625.6,4626.5,4605.1,4606.1,526789.0,real_delta_india
2026-05-15T01:30:00+00:00,4606.1,4618.9,4602.9,4609.0,500228.0,real_delta_india
2026-05-15T02:00:00+00:00,4609.3,4613.3,4604.7,4606.8,316007.0,real_delta_india
2026-05-15T02:30:00+00:00,4608.6,4617.3,4604.9,4611.6,347383.0,real_delta_india
2026-05-15T03:00:00+00:00,4611.98,4615.4,4604.9,4607.3,342823.0,real_delta_india
2026-05-15T03:30:00+00:00,4607.6,4612.2,4602.2,4610.6,382591.0,real_delta_india
2026-05-15T04:00:00+00:00,4609.9,4615.6,4603.0,4605.8,314110.0,real_delta_india
2026-05-15T04:30:00+00:00,4605.9,4609.2,4600.2,4600.5,470317.0,real_delta_india
2026-05-15T05:00:00+00:00,4600.7,4601.3,4577.0,4584.87,1353419.0,real_delta_india
2026-05-15T05:30:00+00:00,4584.1,4584.9,4556.0,4557.2,1405087.0,real_delta_india
2026-05-15T06:00:00+00:00,4556.4,4575.9,4554.5,4572.3,829037.0,real_delta_india
2026-05-15T06:30:00+00:00,4572.4,4578.2,4563.3,4568.3,530792.0,real_delta_india
2026-05-15T07:00:00+00:00,4568.5,4586.1,4565.2,4580.3,741360.0,real_delta_india
2026-05-15T07:30:00+00:00,4580.4,4581.7,4569.0,4571.0,443056.0,real_delta_india
2026-05-15T08:00:00+00:00,4572.0,4572.3,4553.4,4558.2,742523.0,real_delta_india
2026-05-15T08:30:00+00:00,4558.3,4563.6,4550.7,4553.4,696409.0,real_delta_india
2026-05-15T09:00:00+00:00,4554.0,4563.3,4540.3,4554.4,843368.0,real_delta_india
2026-05-15T09:30:00+00:00,4554.3,4556.3,4532.2,4546.6,1006317.0,real_delta_india
2026-05-15T10:00:00+00:00,4546.7,4562.7,4544.7,4552.8,801291.0,real_delta_india
2026-05-15T10:30:00+00:00,4553.4,4572.1,4550.8,4565.5,849936.0,real_delta_india
2026-05-15T11:00:00+00:00,4566.1,4570.9,4560.0,4562.8,432248.0,real_delta_india
2026-05-15T11:30:00+00:00,4562.8,4562.8,4551.8,4554.3,642900.0,real_delta_india
2026-05-15T12:00:00+00:00,4554.2,4560.1,4546.9,4557.1,854892.0,real_delta_india
2026-05-15T12:30:00+00:00,4556.6,4557.2,4545.5,4548.3,598491.0,real_delta_india
2026-05-15T13:00:00+00:00,4548.3,4559.4,4538.0,4551.3,966087.0,real_delta_india
2026-05-15T13:30:00+00:00,4551.4,4552.4,4515.0,4535.1,1679886.0,real_delta_india
2026-05-15T14:00:00+00:00,4536.0,4563.9,4527.5,4556.9,1287779.0,real_delta_india
2026-05-15T14:30:00+00:00,4557.2,4567.0,4547.7,4563.9,1215997.0,real_delta_india
2026-05-15T15:00:00+00:00,4564.0,4564.6,4545.3,4548.3,805465.0,real_delta_india
2026-05-15T15:30:00+00:00,4549.0,4551.9,4537.2,4542.0,482882.0,real_delta_india
2026-05-15T16:00:00+00:00,4543.9,4546.0,4532.83,4543.9,607213.0,real_delta_india
2026-05-15T16:30:00+00:00,4544.7,4550.7,4544.0,4547.2,586795.0,real_delta_india
2026-05-15T17:00:00+00:00,4547.9,4564.95,4546.2,4558.8,1056421.0,real_delta_india
2026-05-15T17:30:00+00:00,4558.8,4564.4,4558.8,4561.3,487642.0,real_delta_india
2026-05-15T18:00:00+00:00,4561.3,4564.9,4554.6,4559.6,365059.0,real_delta_india
2026-05-15T18:30:00+00:00,4559.9,4564.2,4555.1,4561.8,253302.0,real_delta_india
2026-05-15T19:00:00+00:00,4561.9,4562.2,4552.1,4552.7,288891.0,real_delta_india
2026-05-15T19:30:00+00:00,4553.6,4557.8,4549.2,4549.8,188720.0,real_delta_india
2026-05-15T20:00:00+00:00,4549.7,4549.8,4536.6,4540.4,364319.0,real_delta_india
2026-05-15T20:30:00+00:00,4541.7,4545.4,4538.0,4541.8,108302.0,real_delta_india
2026-05-15T21:00:00+00:00,4541.2,4541.3,4538.8,4540.3,26279.0,real_delta_india
2026-05-15T21:30:00+00:00,4540.4,4540.4,4537.5,4539.0,31741.0,real_delta_india
2026-05-15T22:00:00+00:00,4541.2,4543.8,4541.2,4542.0,8425.0,real_delta_india
2026-05-15T22:30:00+00:00,4542.1,4542.1,4540.6,4540.6,19882.0,real_delta_india
2026-05-15T23:00:00+00:00,4540.4,4543.3,4539.9,4542.2,18553.0,real_delta_india
2026-05-15T23:30:00+00:00,4541.0,4541.4,4539.2,4540.5,39726.0,real_delta_india
2026-05-16T00:00:00+00:00,4540.5,4541.6,4540.0,4541.1,57382.0,real_delta_india
2026-05-16T00:30:00+00:00,4541.0,4543.8,4541.0,4541.3,20508.0,real_delta_india
2026-05-16T01:00:00+00:00,4541.3,4542.9,4540.0,4540.0,23315.0,real_delta_india
2026-05-16T01:30:00+00:00,4540.1,4540.2,4539.0,4539.7,56611.0,real_delta_india
2026-05-16T02:00:00+00:00,4539.8,4541.3,4538.9,4540.8,66520.0,real_delta_india
2026-05-16T02:30:00+00:00,4540.8,4541.9,4540.7,4541.4,25403.0,real_delta_india
2026-05-16T03:00:00+00:00,4541.4,4541.7,4541.1,4541.3,27250.0,real_delta_india
2026-05-16T03:30:00+00:00,4541.4,4541.4,4540.7,4541.1,12345.0,real_delta_india
2026-05-16T04:00:00+00:00,4540.0,4541.7,4539.16,4540.3,25947.0,real_delta_india
2026-05-16T04:30:00+00:00,4540.2,4542.6,4538.6,4542.2,51561.0,real_delta_india
2026-05-16T05:00:00+00:00,4542.3,4545.1,4542.2,4543.6,114828.0,real_delta_india
2026-05-16T05:30:00+00:00,4543.6,4544.1,4541.5,4543.3,49149.0,real_delta_india
2026-05-16T06:00:00+00:00,4543.3,4543.4,4540.8,4542.4,31349.0,real_delta_india
2026-05-16T06:30:00+00:00,4542.3,4543.3,4537.9,4538.5,57641.0,real_delta_india
2026-05-16T07:00:00+00:00,4538.4,4538.5,4523.1,4530.5,296864.0,real_delta_india
2026-05-16T07:30:00+00:00,4530.4,4535.0,4530.0,4534.5,138103.0,real_delta_india
2026-05-16T08:00:00+00:00,4534.4,4535.2,4532.4,4534.9,55744.0,real_delta_india
2026-05-16T08:30:00+00:00,4534.6,4535.5,4533.2,4533.3,67024.0,real_delta_india
2026-05-16T09:00:00+00:00,4533.2,4533.3,4527.7,4527.8,156357.0,real_delta_india
2026-05-16T09:30:00+00:00,4528.1,4533.3,4527.7,4531.6,90647.0,real_delta_india
2026-05-16T10:00:00+00:00,4531.6,4531.6,4521.1,4526.5,108491.0,real_delta_india
2026-05-16T10:30:00+00:00,4526.6,4529.0,4526.5,4527.3,39441.0,real_delta_india
2026-05-16T11:00:00+00:00,4527.5,4529.1,4515.1,4518.7,154858.0,real_delta_india
2026-05-16T11:30:00+00:00,4518.8,4524.8,4517.2,4524.4,76724.0,real_delta_india
2026-05-16T12:00:00+00:00,4524.4,4527.8,4523.0,4527.2,66706.0,real_delta_india
2026-05-16T12:30:00+00:00,4527.3,4528.2,4527.1,4527.8,67419.0,real_delta_india
2026-05-16T13:00:00+00:00,4527.9,4530.0,4525.9,4528.4,57761.0,real_delta_india
2026-05-16T13:30:00+00:00,4528.4,4529.5,4524.0,4527.4,59111.0,real_delta_india
2026-05-16T14:00:00+00:00,4527.4,4528.0,4525.8,4527.0,36299.0,real_delta_india
2026-05-16T14:30:00+00:00,4527.0,4531.1,4526.9,4529.7,59736.0,real_delta_india
2026-05-16T15:00:00+00:00,4529.8,4531.4,4528.9,4529.0,56909.0,real_delta_india
2026-05-16T15:30:00+00:00,4529.0,4534.9,4529.0,4532.3,102619.0,real_delta_india
2026-05-16T16:00:00+00:00,4532.4,4533.2,4531.5,4533.2,30179.0,real_delta_india
2026-05-16T16:30:00+00:00,4533.2,4533.7,4530.4,4532.0,53981.0,real_delta_india
2026-05-16T17:00:00+00:00,4533.2,4534.1,4532.0,4532.2,15613.0,real_delta_india
2026-05-16T17:30:00+00:00,4532.2,4534.0,4532.0,4533.1,23742.0,real_delta_india
2026-05-16T18:00:00+00:00,4532.2,4533.4,4532.1,4533.3,15665.0,real_delta_india
2026-05-16T18:30:00+00:00,4533.2,4537.4,4533.2,4537.0,64327.0,real_delta_india
2026-05-16T19:00:00+00:00,4537.0,4537.0,4536.1,4536.7,16930.0,real_delta_india
2026-05-16T19:30:00+00:00,4536.7,4536.9,4533.7,4534.1,13814.0,real_delta_india
2026-05-16T20:00:00+00:00,4534.2,4536.9,4534.2,4536.8,6868.0,real_delta_india
2026-05-16T20:30:00+00:00,4535.8,4535.8,4533.1,4533.4,5020.0,real_delta_india
2026-05-16T21:00:00+00:00,4533.4,4533.7,4531.2,4532.7,18820.0,real_delta_india
2026-05-16T21:30:00+00:00,4532.69,4532.69,4530.0,4530.2,8280.0,real_delta_india
2026-05-16T22:00:00+00:00,4530.1,4533.2,4529.9,4533.2,8782.0,real_delta_india
2026-05-16T22:30:00+00:00,4533.5,4536.0,4533.1,4535.9,10143.0,real_delta_india
2026-05-16T23:00:00+00:00,4536.0,4536.1,4535.3,4535.3,8084.0,real_delta_india
2026-05-16T23:30:00+00:00,4535.5,4535.6,4534.62,4534.62,1490.0,real_delta_india
2026-05-17T00:00:00+00:00,4534.4,4536.3,4534.4,4536.0,6315.0,real_delta_india
2026-05-17T00:30:00+00:00,4536.2,4536.3,4532.6,4532.6,25216.0,real_delta_india
2026-05-17T01:00:00+00:00,4532.5,4532.7,4531.0,4531.4,32238.0,real_delta_india
2026-05-17T01:30:00+00:00,4531.4,4531.5,4528.3,4530.0,36435.0,real_delta_india
2026-05-17T02:00:00+00:00,4530.0,4530.1,4528.6,4529.5,22501.0,real_delta_india
2026-05-17T02:30:00+00:00,4529.4,4530.4,4529.1,4530.4,7926.0,real_delta_india
2026-05-17T03:00:00+00:00,4530.3,4532.7,4530.2,4532.1,22883.0,real_delta_india
2026-05-17T03:30:00+00:00,4532.0,4533.5,4531.3,4533.1,6421.0,real_delta_india
2026-05-17T04:00:00+00:00,4533.2,4533.4,4532.5,4532.7,21428.0,real_delta_india
2026-05-17T04:30:00+00:00,4532.7,4532.8,4532.0,4532.3,11145.0,real_delta_india
2026-05-17T05:00:00+00:00,4532.2,4532.3,4529.9,4530.0,17132.0,real_delta_india
2026-05-17T05:30:00+00:00,4530.4,4530.4,4526.0,4526.1,43518.0,real_delta_india
2026-05-17T06:00:00+00:00,4526.5,4527.7,4525.1,4525.8,66136.0,real_delta_india
2026-05-17T06:30:00+00:00,4525.9,4526.6,4524.8,4526.2,45265.0,real_delta_india
2026-05-17T07:00:00+00:00,4526.3,4530.0,4526.2,4529.5,41955.0,real_delta_india
2026-05-17T07:30:00+00:00,4529.6,4529.8,4529.0,4529.0,14307.0,real_delta_india
2026-05-17T08:00:00+00:00,4529.0,4529.8,4529.0,4529.6,16837.0,real_delta_india
2026-05-17T08:30:00+00:00,4529.5,4530.5,4529.4,4529.6,17972.0,real_delta_india
2026-05-17T09:00:00+00:00,4529.7,4530.8,4529.5,4529.7,18356.0,real_delta_india
2026-05-17T09:30:00+00:00,4529.7,4531.3,4529.7,4531.2,13411.0,real_delta_india
2026-05-17T10:00:00+00:00,4531.1,4531.5,4530.7,4531.5,47332.0,real_delta_india
2026-05-17T10:30:00+00:00,4531.5,4536.4,4531.4,4535.0,79213.0,real_delta_india
2026-05-17T11:00:00+00:00,4535.1,4535.1,4532.7,4533.1,35843.0,real_delta_india
2026-05-17T11:30:00+00:00,4533.1,4535.7,4532.9,4535.3,27237.0,real_delta_india
2026-05-17T12:00:00+00:00,4535.3,4536.1,4535.3,4535.9,19367.0,real_delta_india
2026-05-17T12:30:00+00:00,4535.9,4536.4,4535.85,4536.2,33014.0,real_delta_india
2026-05-17T13:00:00+00:00,4536.2,4536.3,4533.5,4533.8,36386.0,real_delta_india
2026-05-17T13:30:00+00:00,4533.8,4539.6,4533.8,4538.0,73254.0,real_delta_india
2026-05-17T14:00:00+00:00,4538.1,4538.6,4533.2,4534.8,108659.0,real_delta_india
2026-05-17T14:30:00+00:00,4534.8,4539.0,4534.5,4536.8,56291.0,real_delta_india
2026-05-17T15:00:00+00:00,4536.8,4540.65,4535.0,4540.3,61357.0,real_delta_india
2026-05-17T15:30:00+00:00,4540.4,4541.7,4538.7,4539.4,53038.0,real_delta_india
2026-05-17T16:00:00+00:00,4539.4,4539.6,4537.2,4538.0,29361.0,real_delta_india
2026-05-17T16:30:00+00:00,4538.0,4540.2,4537.3,4537.7,59469.0,real_delta_india
2026-05-17T17:00:00+00:00,4537.7,4537.7,4534.2,4535.2,56815.0,real_delta_india
2026-05-17T17:30:00+00:00,4535.2,4535.5,4534.5,4535.0,18440.0,real_delta_india
2026-05-17T18:00:00+00:00,4535.0,4535.1,4532.6,4534.6,63801.0,real_delta_india
2026-05-17T18:30:00+00:00,4533.8,4537.2,4532.8,4536.7,50724.0,real_delta_india
2026-05-17T19:00:00+00:00,4536.7,4537.0,4529.2,4529.2,97952.0,real_delta_india
2026-05-17T19:30:00+00:00,4529.2,4529.3,4526.7,4528.5,43157.0,real_delta_india
2026-05-17T20:00:00+00:00,4528.5,4528.6,4527.8,4528.0,24936.0,real_delta_india
2026-05-17T20:30:00+00:00,4528.0,4530.4,4526.0,4526.0,27473.0,real_delta_india
2026-05-17T21:00:00+00:00,4525.5,4530.2,4524.9,4530.2,27596.0,real_delta_india
2026-05-17T21:30:00+00:00,4530.2,4536.4,4530.0,4530.0,51864.0,real_delta_india
2026-05-17T22:00:00+00:00,4528.0,4552.4,4528.0,4540.8,245335.0,real_delta_india
2026-05-17T22:30:00+00:00,4538.8,4550.1,4538.7,4542.1,150890.0,real_delta_india
2026-05-17T23:00:00+00:00,4543.5,4544.3,4534.8,4536.3,65447.0,real_delta_india
2026-05-17T23:30:00+00:00,4535.2,4540.9,4529.3,4534.0,143328.0,real_delta_india
2026-05-18T00:00:00+00:00,4536.6,4539.1,4511.6,4513.5,363332.0,real_delta_india
2026-05-18T00:30:00+00:00,4512.2,4515.4,4477.1,4511.3,1079939.0,real_delta_india
2026-05-18T01:00:00+00:00,4508.0,4508.1,4486.8,4500.7,288764.0,real_delta_india
2026-05-18T01:30:00+00:00,4499.5,4531.0,4496.5,4521.1,451228.0,real_delta_india
2026-05-18T02:00:00+00:00,4520.0,4535.9,4518.0,4530.2,315944.0,real_delta_india
2026-05-18T02:30:00+00:00,4529.0,4537.2,4525.1,4528.7,225145.0,real_delta_india
2026-05-18T03:00:00+00:00,4529.0,4532.8,4522.5,4531.5,217751.0,real_delta_india
2026-05-18T03:30:00+00:00,4531.96,4542.9,4521.45,4536.7,482370.0,real_delta_india
2026-05-18T04:00:00+00:00,4537.2,4543.9,4526.4,4529.1,318183.0,real_delta_india
2026-05-18T04:30:00+00:00,4528.3,4540.2,4528.08,4536.0,261090.0,real_delta_india
2026-05-18T05:00:00+00:00,4536.5,4545.4,4528.4,4543.0,418821.0,real_delta_india
2026-05-18T05:30:00+00:00,4544.57,4546.6,4526.3,4527.4,339150.0,real_delta_india
2026-05-18T06:00:00+00:00,4526.1,4541.7,4526.0,4532.4,304296.0,real_delta_india
2026-05-18T06:30:00+00:00,4532.1,4541.8,4529.8,4541.6,255904.0,real_delta_india
2026-05-18T07:00:00+00:00,4541.99,4545.3,4533.5,4545.0,338189.0,real_delta_india
2026-05-18T07:30:00+00:00,4545.1,4553.5,4536.0,4541.8,768337.0,real_delta_india
2026-05-18T08:00:00+00:00,4541.6,4546.7,4538.5,4542.6,285611.0,real_delta_india
2026-05-18T08:30:00+00:00,4543.0,4551.0,4541.2,4545.6,199184.0,real_delta_india
2026-05-18T09:00:00+00:00,4545.0,4546.5,4536.9,4540.4,252504.0,real_delta_india
2026-05-18T09:30:00+00:00,4540.4,4541.6,4534.9,4538.0,218606.0,real_delta_india
2026-05-18T10:00:00+00:00,4538.0,4539.8,4531.8,4534.8,433459.0,real_delta_india
2026-05-18T10:30:00+00:00,4535.4,4543.2,4528.3,4535.1,425434.0,real_delta_india
2026-05-18T11:00:00+00:00,4536.0,4536.9,4526.4,4531.4,290148.0,real_delta_india
2026-05-18T11:30:00+00:00,4532.1,4565.43,4531.6,4551.2,993492.0,real_delta_india
2026-05-18T12:00:00+00:00,4550.9,4557.0,4546.2,4550.5,651868.0,real_delta_india
2026-05-18T12:30:00+00:00,4550.5,4574.7,4550.5,4573.0,1190683.0,real_delta_india
2026-05-18T13:00:00+00:00,4573.4,4577.9,4563.6,4572.6,588068.0,real_delta_india
2026-05-18T13:30:00+00:00,4572.7,4583.8,4564.3,4576.1,1002338.0,real_delta_india
2026-05-18T14:00:00+00:00,4575.7,4575.7,4555.9,4562.43,1197798.0,real_delta_india
2026-05-18T14:30:00+00:00,4562.43,4564.1,4538.6,4547.0,1248610.0,real_delta_india
2026-05-18T15:00:00+00:00,4547.1,4548.2,4533.3,4535.9,629380.0,real_delta_india
2026-05-18T15:30:00+00:00,4535.89,4546.3,4534.4,4543.6,352340.0,real_delta_india
2026-05-18T16:00:00+00:00,4544.4,4552.5,4536.0,4538.3,547024.0,real_delta_india
2026-05-18T16:30:00+00:00,4538.4,4556.0,4536.1,4552.2,577784.0,real_delta_india
2026-05-18T17:00:00+00:00,4552.1,4560.1,4550.6,4556.0,431618.0,real_delta_india
2026-05-18T17:30:00+00:00,4556.0,4556.0,4547.2,4548.2,475020.0,real_delta_india
2026-05-18T18:00:00+00:00,4547.9,4548.7,4537.5,4542.1,429604.0,real_delta_india
2026-05-18T18:30:00+00:00,4543.1,4544.9,4536.0,4538.15,230653.0,real_delta_india
2026-05-18T19:00:00+00:00,4538.3,4565.7,4538.1,4552.6,306521.0,real_delta_india
2026-05-18T19:30:00+00:00,4552.54,4563.8,4551.8,4559.3,237060.0,real_delta_india
2026-05-18T20:00:00+00:00,4560.71,4567.2,4559.2,4564.5,98627.0,real_delta_india
2026-05-18T20:30:00+00:00,4564.9,4566.6,4562.9,4566.5,39064.0,real_delta_india
2026-05-18T21:00:00+00:00,4566.5,4566.6,4565.7,4565.9,9170.0,real_delta_india
2026-05-18T21:30:00+00:00,4566.0,4569.7,4565.0,4565.5,17631.0,real_delta_india
2026-05-18T22:00:00+00:00,4567.5,4573.9,4567.2,4572.9,57427.0,real_delta_india
2026-05-18T22:30:00+00:00,4572.9,4576.8,4572.5,4572.8,69032.0,real_delta_india
2026-05-18T23:00:00+00:00,4576.7,4587.0,4575.5,4584.0,103517.0,real_delta_india
2026-05-18T23:30:00+00:00,4583.9,4585.4,4577.6,4580.5,97869.0,real_delta_india
2026-05-19T00:00:00+00:00,4580.9,4587.1,4567.7,4572.5,246103.0,real_delta_india
2026-05-19T00:30:00+00:00,4572.5,4574.4,4560.9,4562.2,189344.0,real_delta_india
2026-05-19T01:00:00+00:00,4561.0,4567.0,4553.6,4557.9,237817.0,real_delta_india
2026-05-19T01:30:00+00:00,4557.1,4570.6,4554.6,4562.7,189461.0,real_delta_india
2026-05-19T02:00:00+00:00,4562.1,4562.1,4551.4,4560.0,251027.0,real_delta_india
2026-05-19T02:30:00+00:00,4559.1,4559.1,4546.2,4547.9,277478.0,real_delta_india
2026-05-19T03:00:00+00:00,4547.6,4552.2,4544.4,4549.6,255207.0,real_delta_india
2026-05-19T03:30:00+00:00,4549.6,4555.2,4544.8,4545.9,251709.0,real_delta_india
2026-05-19T04:00:00+00:00,4545.1,4545.8,4539.6,4540.7,339504.0,real_delta_india
2026-05-19T04:30:00+00:00,4541.2,4545.1,4539.1,4543.6,253673.0,real_delta_india
2026-05-19T05:00:00+00:00,4543.9,4547.8,4531.4,4539.9,572360.0,real_delta_india
2026-05-19T05:30:00+00:00,4538.98,4545.1,4534.2,4543.3,423133.0,real_delta_india
2026-05-19T06:00:00+00:00,4542.3,4554.4,4535.9,4549.0,552254.0,real_delta_india
2026-05-19T06:30:00+00:00,4548.8,4553.8,4545.4,4549.3,414542.0,real_delta_india
2026-05-19T07:00:00+00:00,4547.3,4556.6,4544.6,4546.8,371495.0,real_delta_india
2026-05-19T07:30:00+00:00,4549.7,4559.6,4543.8,4557.8,458229.0,real_delta_india
2026-05-19T08:00:00+00:00,4558.0,4559.5,4538.7,4540.6,550212.0,real_delta_india
2026-05-19T08:30:00+00:00,4540.5,4550.2,4539.6,4545.1,200449.0,real_delta_india
2026-05-19T09:00:00+00:00,4544.7,4548.0,4539.2,4542.5,190243.0,real_delta_india
2026-05-19T09:30:00+00:00,4542.1,4546.3,4539.2,4543.7,218629.0,real_delta_india
2026-05-19T10:00:00+00:00,4543.7,4544.4,4538.8,4542.1,111136.0,real_delta_india
2026-05-19T10:30:00+00:00,4543.0,4546.2,4528.0,4545.7,821525.0,real_delta_india
2026-05-19T11:00:00+00:00,4545.9,4548.9,4538.4,4541.4,426346.0,real_delta_india
2026-05-19T11:30:00+00:00,4541.4,4544.8,4533.0,4533.5,262002.0,real_delta_india
2026-05-19T12:00:00+00:00,4533.4,4548.0,4530.5,4545.6,526429.0,real_delta_india
2026-05-19T12:30:00+00:00,4545.0,4548.8,4538.3,4540.4,468704.0,real_delta_india
2026-05-19T13:00:00+00:00,4540.2,4540.3,4497.0,4498.0,1924508.0,real_delta_india
2026-05-19T13:30:00+00:00,4498.0,4517.2,4471.2,4509.9,2477278.0,real_delta_india
2026-05-19T14:00:00+00:00,4508.5,4520.3,4491.9,4496.3,1570787.0,real_delta_india
2026-05-19T14:30:00+00:00,4497.3,4504.9,4492.72,4500.0,1184961.0,real_delta_india
2026-05-19T15:00:00+00:00,4500.06,4510.7,4496.5,4504.8,910972.0,real_delta_india
2026-05-19T15:30:00+00:00,4504.5,4514.7,4504.5,4514.1,574030.0,real_delta_india
2026-05-19T16:00:00+00:00,4514.4,4517.9,4502.7,4514.4,588116.0,real_delta_india
2026-05-19T16:30:00+00:00,4513.9,4517.9,4511.2,4514.8,346681.0,real_delta_india
2026-05-19T17:00:00+00:00,4514.0,4517.5,4510.0,4513.9,343568.0,real_delta_india
2026-05-19T17:30:00+00:00,4513.3,4514.1,4505.1,4507.4,583248.0,real_delta_india
2026-05-19T18:00:00+00:00,4507.4,4510.1,4501.8,4503.0,285539.0,real_delta_india
2026-05-19T18:30:00+00:00,4502.67,4507.1,4497.3,4499.9,237508.0,real_delta_india
2026-05-19T19:00:00+00:00,4500.9,4504.1,4493.1,4494.7,347272.0,real_delta_india
2026-05-19T19:30:00+00:00,4495.6,4496.7,4489.0,4490.3,289145.0,real_delta_india
2026-05-19T20:00:00+00:00,4490.6,4494.8,4488.8,4493.6,117357.0,real_delta_india
2026-05-19T20:30:00+00:00,4493.5,4493.5,4489.1,4489.8,52124.0,real_delta_india
2026-05-19T21:00:00+00:00,4489.8,4494.2,4489.6,4494.1,22751.0,real_delta_india
2026-05-19T21:30:00+00:00,4494.0,4500.2,4494.0,4494.8,102299.0,real_delta_india
2026-05-19T22:00:00+00:00,4493.0,4493.3,4484.4,4486.1,142040.0,real_delta_india
2026-05-19T22:30:00+00:00,4484.6,4491.6,4484.2,4490.5,77278.0,real_delta_india
2026-05-19T23:00:00+00:00,4489.9,4495.8,4487.1,4493.0,62511.0,real_delta_india
2026-05-19T23:30:00+00:00,4493.7,4501.9,4493.0,4494.8,170473.0,real_delta_india
2026-05-20T00:00:00+00:00,4494.4,4507.4,4486.4,4507.4,226477.0,real_delta_india
2026-05-20T00:30:00+00:00,4507.4,4513.9,4505.1,4506.9,181223.0,real_delta_india
2026-05-20T01:00:00+00:00,4510.5,4510.56,4480.28,4480.7,327718.0,real_delta_india
2026-05-20T01:30:00+00:00,4480.7,4494.0,4462.9,4488.7,964649.0,real_delta_india
2026-05-20T02:00:00+00:00,4488.9,4493.3,4482.6,4488.4,401125.0,real_delta_india
2026-05-20T02:30:00+00:00,4488.5,4489.5,4467.0,4472.8,722843.0,real_delta_india
2026-05-20T03:00:00+00:00,4473.0,4474.7,4462.2,4470.5,360006.0,real_delta_india
2026-05-20T03:30:00+00:00,4470.0,4474.4,4466.5,4472.3,181153.0,real_delta_india
2026-05-20T04:00:00+00:00,4473.62,4479.8,4470.7,4473.5,401590.0,real_delta_india
2026-05-20T04:30:00+00:00,4473.7,4474.0,4465.2,4469.8,261833.0,real_delta_india
2026-05-20T05:00:00+00:00,4470.5,4483.7,4470.5,4478.0,520375.0,real_delta_india
2026-05-20T05:30:00+00:00,4477.6,4486.6,4472.8,4480.5,498325.0,real_delta_india
2026-05-20T06:00:00+00:00,4479.68,4486.2,4476.7,4480.5,372932.0,real_delta_india
2026-05-20T06:30:00+00:00,4480.6,4486.7,4471.2,4483.6,528970.0,real_delta_india
2026-05-20T07:00:00+00:00,4483.0,4493.0,4481.4,4490.2,619700.0,real_delta_india
2026-05-20T07:30:00+00:00,4490.1,4493.8,4483.0,4485.4,384826.0,real_delta_india
2026-05-20T08:00:00+00:00,4485.4,4493.5,4483.9,4493.1,290296.0,real_delta_india
2026-05-20T08:30:00+00:00,4493.3,4496.7,4484.9,4490.8,516999.0,real_delta_india
2026-05-20T09:00:00+00:00,4490.8,4493.2,4480.3,4481.2,343027.0,real_delta_india
2026-05-20T09:30:00+00:00,4481.3,4496.7,4480.5,4490.6,461688.0,real_delta_india
2026-05-20T10:00:00+00:00,4490.6,4498.4,4490.6,4495.6,310692.0,real_delta_india
2026-05-20T10:30:00+00:00,4495.4,4502.8,4495.3,4500.5,456698.0,real_delta_india
2026-05-20T11:00:00+00:00,4500.5,4506.4,4497.2,4505.0,371345.0,real_delta_india
2026-05-20T11:30:00+00:00,4504.6,4505.3,4495.9,4502.9,296896.0,real_delta_india
2026-05-20T12:00:00+00:00,4502.5,4505.0,4497.9,4502.7,275054.0,real_delta_india
2026-05-20T12:30:00+00:00,4503.7,4509.2,4498.7,4501.0,514980.0,real_delta_india
2026-05-20T13:00:00+00:00,4501.0,4508.9,4492.96,4492.96,538308.0,real_delta_india
2026-05-20T13:30:00+00:00,4492.67,4496.2,4486.0,4487.1,927803.0,real_delta_india
2026-05-20T14:00:00+00:00,4487.69,4513.94,4473.3,4508.69,2154154.0,real_delta_india
2026-05-20T14:30:00+00:00,4509.6,4538.0,4509.5,4532.0,2074091.0,real_delta_india
2026-05-20T15:00:00+00:00,4531.6,4552.6,4522.7,4528.9,1558863.0,real_delta_india
2026-05-20T15:30:00+00:00,4529.1,4538.7,4526.6,4528.1,627639.0,real_delta_india
2026-05-20T16:00:00+00:00,4528.1,4534.4,4523.9,4525.3,644507.0,real_delta_india
2026-05-20T16:30:00+00:00,4525.6,4535.4,4524.9,4534.0,540488.0,real_delta_india
2026-05-20T17:00:00+00:00,4534.2,4538.7,4530.3,4532.4,338659.0,real_delta_india
2026-05-20T17:30:00+00:00,4533.4,4535.7,4529.8,4531.7,296824.0,real_delta_india
2026-05-20T18:00:00+00:00,4530.2,4535.5,4530.1,4533.7,213778.0,real_delta_india
2026-05-20T18:30:00+00:00,4534.0,4543.8,4534.0,4541.2,572356.0,real_delta_india
2026-05-20T19:00:00+00:00,4541.5,4543.9,4541.2,4543.1,120863.0,real_delta_india
2026-05-20T19:30:00+00:00,4544.0,4548.9,4542.9,4543.8,239295.0,real_delta_india
2026-05-20T20:00:00+00:00,4544.1,4547.9,4540.7,4544.3,66901.0,real_delta_india
2026-05-20T20:30:00+00:00,4544.6,4544.7,4540.7,4542.3,53274.0,real_delta_india
2026-05-20T21:00:00+00:00,4541.6,4542.8,4538.1,4538.7,56344.0,real_delta_india
2026-05-20T21:30:00+00:00,4538.6,4538.8,4537.2,4538.6,23534.0,real_delta_india
2026-05-20T22:00:00+00:00,4538.6,4543.6,4532.2,4535.7,81698.0,real_delta_india
2026-05-20T22:30:00+00:00,4536.0,4541.1,4534.8,4536.9,57594.0,real_delta_india
2026-05-20T23:00:00+00:00,4537.1,4538.0,4532.5,4535.1,77369.0,real_delta_india
2026-05-20T23:30:00+00:00,4535.8,4544.1,4535.7,4543.1,41454.0,real_delta_india
2026-05-21T00:00:00+00:00,4544.1,4550.3,4535.3,4540.8,209549.0,real_delta_india
2026-05-21T00:30:00+00:00,4541.1,4545.7,4537.9,4542.6,54464.0,real_delta_india
2026-05-21T01:00:00+00:00,4543.5,4564.0,4537.8,4563.1,618821.0,real_delta_india
2026-05-21T01:30:00+00:00,4560.8,4566.9,4555.3,4556.9,296176.0,real_delta_india
2026-05-21T02:00:00+00:00,4557.2,4560.6,4539.0,4539.0,424067.0,real_delta_india
2026-05-21T02:30:00+00:00,4539.4,4541.0,4529.9,4531.6,524684.0,real_delta_india
2026-05-21T03:00:00+00:00,4531.6,4537.7,4529.9,4533.1,298350.0,real_delta_india
2026-05-21T03:30:00+00:00,4533.1,4535.0,4525.1,4525.5,412743.0,real_delta_india
2026-05-21T04:00:00+00:00,4525.3,4536.7,4524.8,4535.8,295797.0,real_delta_india
2026-05-21T04:30:00+00:00,4536.0,4536.9,4530.1,4535.7,317197.0,real_delta_india
2026-05-21T05:00:00+00:00,4535.9,4537.0,4520.2,4520.86,652577.0,real_delta_india
2026-05-21T05:30:00+00:00,4520.6,4527.4,4516.4,4525.8,573527.0,real_delta_india
2026-05-21T06:00:00+00:00,4525.0,4536.4,4524.8,4529.5,670851.0,real_delta_india
2026-05-21T06:30:00+00:00,4529.8,4532.0,4517.5,4519.5,506415.0,real_delta_india
2026-05-21T07:00:00+00:00,4519.7,4523.1,4512.4,4512.7,522619.0,real_delta_india
2026-05-21T07:30:00+00:00,4512.8,4522.2,4512.4,4519.0,427591.0,real_delta_india
2026-05-21T08:00:00+00:00,4519.0,4535.0,4517.9,4535.0,692441.0,real_delta_india
2026-05-21T08:30:00+00:00,4533.88,4534.0,4525.4,4531.2,302512.0,real_delta_india
2026-05-21T09:00:00+00:00,4530.6,4541.0,4530.0,4535.6,517701.0,real_delta_india
2026-05-21T09:30:00+00:00,4535.6,4540.9,4527.3,4529.1,436277.0,real_delta_india
2026-05-21T10:00:00+00:00,4529.0,4534.6,4510.7,4517.8,797024.0,real_delta_india
2026-05-21T10:30:00+00:00,4517.8,4518.0,4505.4,4511.2,963846.0,real_delta_india
2026-05-21T11:00:00+00:00,4511.3,4520.0,4509.8,4513.8,439984.0,real_delta_india
2026-05-21T11:30:00+00:00,4514.0,4516.6,4508.0,4513.3,558485.0,real_delta_india
2026-05-21T12:00:00+00:00,4513.7,4518.7,4504.3,4506.81,630678.0,real_delta_india
2026-05-21T12:30:00+00:00,4506.7,4517.2,4502.3,4503.9,727796.0,real_delta_india
2026-05-21T13:00:00+00:00,4503.0,4511.9,4497.0,4501.0,945684.0,real_delta_india
2026-05-21T13:30:00+00:00,4501.9,4521.49,4491.0,4515.2,1709956.0,real_delta_india
2026-05-21T14:00:00+00:00,4515.3,4517.3,4500.0,4507.9,980036.0,real_delta_india
2026-05-21T14:30:00+00:00,4508.8,4512.2,4503.6,4510.6,490079.0,real_delta_india
2026-05-21T15:00:00+00:00,4510.6,4515.9,4499.2,4505.2,619819.0,real_delta_india
2026-05-21T15:30:00+00:00,4505.2,4513.5,4505.2,4512.34,355303.0,real_delta_india
2026-05-21T16:00:00+00:00,4512.34,4521.4,4512.34,4516.5,806214.0,real_delta_india
2026-05-21T16:30:00+00:00,4516.8,4520.2,4515.8,4518.6,468046.0,real_delta_india
2026-05-21T17:00:00+00:00,4518.8,4544.4,4513.2,4540.2,2038897.0,real_delta_india
2026-05-21T17:30:00+00:00,4540.4,4556.1,4537.6,4548.6,1306369.0,real_delta_india
2026-05-21T18:00:00+00:00,4548.5,4552.6,4540.4,4545.9,616703.0,real_delta_india
2026-05-21T18:30:00+00:00,4545.5,4546.2,4525.47,4529.5,636258.0,real_delta_india
2026-05-21T19:00:00+00:00,4529.77,4538.8,4528.5,4535.5,294405.0,real_delta_india
2026-05-21T19:30:00+00:00,4535.5,4540.5,4532.8,4539.9,128356.0,real_delta_india
2026-05-21T20:00:00+00:00,4539.6,4541.0,4537.3,4537.4,41806.0,real_delta_india
2026-05-21T20:30:00+00:00,4538.3,4539.2,4536.7,4539.2,31926.0,real_delta_india
2026-05-21T21:00:00+00:00,4539.1,4541.4,4539.1,4540.8,28566.0,real_delta_india
2026-05-21T21:30:00+00:00,4540.7,4540.7,4540.1,4540.1,4075.0,real_delta_india
2026-05-21T22:00:00+00:00,4540.6,4542.2,4537.7,4537.7,60364.0,real_delta_india
2026-05-21T22:30:00+00:00,4538.5,4540.0,4537.3,4538.2,33744.0,real_delta_india
2026-05-21T23:00:00+00:00,4540.8,4540.8,4534.8,4536.2,74514.0,real_delta_india
2026-05-21T23:30:00+00:00,4536.3,4536.3,4529.3,4531.5,50689.0,real_delta_india
2026-05-22T00:00:00+00:00,4531.8,4532.8,4526.7,4532.1,69944.0,real_delta_india
2026-05-22T00:30:00+00:00,4532.8,4536.4,4522.8,4523.7,144631.0,real_delta_india
2026-05-22T01:00:00+00:00,4524.0,4532.1,4521.23,4525.9,262809.0,real_delta_india
2026-05-22T01:30:00+00:00,4524.4,4528.6,4519.0,4523.7,233901.0,real_delta_india
2026-05-22T02:00:00+00:00,4523.4,4525.9,4520.2,4521.7,131167.0,real_delta_india
2026-05-22T02:30:00+00:00,4520.4,4525.1,4517.6,4521.8,290859.0,real_delta_india
2026-05-22T03:00:00+00:00,4521.7,4523.1,4518.0,4519.9,131907.0,real_delta_india
2026-05-22T03:30:00+00:00,4520.0,4527.0,4520.0,4526.6,208994.0,real_delta_india
2026-05-22T04:00:00+00:00,4526.7,4530.2,4524.7,4530.0,273093.0,real_delta_india
2026-05-22T04:30:00+00:00,4529.5,4529.6,4523.7,4525.1,334701.0,real_delta_india
2026-05-22T05:00:00+00:00,4525.1,4526.8,4521.3,4524.0,272603.0,real_delta_india
2026-05-22T05:30:00+00:00,4523.74,4531.8,4506.5,4509.5,815328.0,real_delta_india
2026-05-22T06:00:00+00:00,4510.2,4523.1,4509.5,4522.6,577639.0,real_delta_india
2026-05-22T06:30:00+00:00,4522.5,4525.1,4519.2,4523.5,316858.0,real_delta_india
2026-05-22T07:00:00+00:00,4523.3,4523.3,4517.4,4522.0,152447.0,real_delta_india
2026-05-22T07:30:00+00:00,4521.8,4522.1,4514.0,4518.8,280301.0,real_delta_india
2026-05-22T08:00:00+00:00,4519.3,4528.0,4518.9,4523.4,303965.0,real_delta_india
2026-05-22T08:30:00+00:00,4523.9,4524.0,4515.2,4519.1,169390.0,real_delta_india
2026-05-22T09:00:00+00:00,4519.1,4522.0,4513.1,4514.2,339667.0,real_delta_india
2026-05-22T09:30:00+00:00,4514.6,4531.8,4513.1,4528.7,484800.0,real_delta_india
2026-05-22T10:00:00+00:00,4528.8,4532.8,4522.3,4522.3,482939.0,real_delta_india
2026-05-22T10:30:00+00:00,4522.3,4522.9,4509.3,4513.9,711086.0,real_delta_india
2026-05-22T11:00:00+00:00,4513.9,4516.3,4511.4,4511.9,287646.0,real_delta_india
2026-05-22T11:30:00+00:00,4511.9,4523.0,4511.2,4519.1,557287.0,real_delta_india
2026-05-22T12:00:00+00:00,4518.6,4534.1,4517.5,4521.3,771564.0,real_delta_india
2026-05-22T12:30:00+00:00,4521.5,4528.2,4515.0,4528.0,560785.0,real_delta_india
2026-05-22T13:00:00+00:00,4528.0,4532.4,4519.42,4519.5,846802.0,real_delta_india
2026-05-22T13:30:00+00:00,4519.9,4524.5,4510.2,4514.7,1101844.0,real_delta_india
2026-05-22T14:00:00+00:00,4512.4,4512.4,4491.45,4499.8,1695448.0,real_delta_india
2026-05-22T14:30:00+00:00,4499.9,4507.0,4498.6,4501.5,660489.0,real_delta_india
2026-05-22T15:00:00+00:00,4501.7,4517.23,4500.8,4517.0,946880.0,real_delta_india
2026-05-22T15:30:00+00:00,4517.2,4521.2,4513.8,4519.2,692489.0,real_delta_india
2026-05-22T16:00:00+00:00,4519.2,4523.6,4515.8,4523.3,493309.0,real_delta_india
2026-05-22T16:30:00+00:00,4523.3,4526.0,4512.0,4513.9,662610.0,real_delta_india
2026-05-22T17:00:00+00:00,4514.0,4524.6,4511.9,4524.5,503217.0,real_delta_india
2026-05-22T17:30:00+00:00,4524.8,4526.1,4517.3,4517.6,401922.0,real_delta_india
2026-05-22T18:00:00+00:00,4517.7,4517.9,4511.2,4515.1,313426.0,real_delta_india
2026-05-22T18:30:00+00:00,4514.6,4518.4,4512.1,4514.1,243629.0,real_delta_india
2026-05-22T19:00:00+00:00,4514.0,4514.3,4506.5,4506.9,339522.0,real_delta_india
2026-05-22T19:30:00+00:00,4506.9,4508.6,4503.8,4507.1,283092.0,real_delta_india
2026-05-22T20:00:00+00:00,4506.95,4508.2,4504.2,4507.9,45793.0,real_delta_india
2026-05-22T20:30:00+00:00,4507.9,4508.4,4503.3,4506.8,96573.0,real_delta_india
2026-05-22T21:00:00+00:00,4506.2,4509.1,4504.8,4508.0,65287.0,real_delta_india
2026-05-22T21:30:00+00:00,4508.2,4512.0,4508.2,4510.7,47070.0,real_delta_india
2026-05-22T22:00:00+00:00,4511.0,4511.1,4507.3,4508.5,6634.0,real_delta_india
2026-05-22T22:30:00+00:00,4508.6,4508.6,4506.0,4506.8,24042.0,real_delta_india
2026-05-22T23:00:00+00:00,4506.2,4506.4,4504.8,4504.8,21825.0,real_delta_india
2026-05-22T23:30:00+00:00,4504.9,4504.9,4500.1,4501.7,78209.0,real_delta_india
2026-05-23T00:00:00+00:00,4501.6,4504.3,4500.5,4502.5,26933.0,real_delta_india
2026-05-23T00:30:00+00:00,4502.5,4504.7,4501.1,4504.6,22205.0,real_delta_india
2026-05-23T01:00:00+00:00,4504.6,4506.9,4504.4,4505.8,29912.0,real_delta_india
2026-05-23T01:30:00+00:00,4505.8,4508.9,4505.8,4507.5,43603.0,real_delta_india
2026-05-23T02:00:00+00:00,4507.6,4507.6,4506.3,4506.5,28443.0,real_delta_india
2026-05-23T02:30:00+00:00,4506.6,4511.2,4506.5,4510.9,42433.0,real_delta_india
2026-05-23T03:00:00+00:00,4510.9,4514.5,4510.8,4512.1,87491.0,real_delta_india
2026-05-23T03:30:00+00:00,4512.0,4512.1,4508.8,4511.2,34202.0,real_delta_india
2026-05-23T04:00:00+00:00,4511.3,4513.3,4511.0,4512.8,49960.0,real_delta_india
2026-05-23T04:30:00+00:00,4512.8,4513.0,4511.3,4511.6,25486.0,real_delta_india
2026-05-23T05:00:00+00:00,4511.6,4511.7,4511.2,4511.5,56724.0,real_delta_india
2026-05-23T05:30:00+00:00,4511.4,4513.6,4510.9,4511.5,32764.0,real_delta_india
2026-05-23T06:00:00+00:00,4511.5,4513.21,4511.5,4513.1,22311.0,real_delta_india
2026-05-23T06:30:00+00:00,4513.1,4515.5,4511.2,4514.5,116179.0,real_delta_india
2026-05-23T07:00:00+00:00,4514.5,4515.3,4511.1,4513.8,52392.0,real_delta_india
2026-05-23T07:30:00+00:00,4513.7,4513.8,4501.9,4504.7,232664.0,real_delta_india
2026-05-23T08:00:00+00:00,4504.7,4504.7,4500.6,4504.4,112087.0,real_delta_india
2026-05-23T08:30:00+00:00,4504.5,4506.5,4502.4,4506.1,89392.0,real_delta_india
2026-05-23T09:00:00+00:00,4506.3,4506.5,4505.2,4506.1,46008.0,real_delta_india
2026-05-23T09:30:00+00:00,4506.3,4507.2,4504.9,4505.5,56543.0,real_delta_india
2026-05-23T10:00:00+00:00,4505.4,4505.6,4505.0,4505.5,28395.0,real_delta_india
2026-05-23T10:30:00+00:00,4505.5,4505.5,4502.4,4503.0,76796.0,real_delta_india
2026-05-23T11:00:00+00:00,4503.0,4504.3,4503.0,4504.3,27340.0,real_delta_india
2026-05-23T11:30:00+00:00,4504.19,4504.19,4500.0,4502.42,114665.0,real_delta_india
2026-05-23T12:00:00+00:00,4502.5,4503.5,4500.2,4501.0,63144.0,real_delta_india
2026-05-23T12:30:00+00:00,4501.0,4502.3,4500.9,4502.2,38381.0,real_delta_india
2026-05-23T13:00:00+00:00,4502.2,4506.6,4502.2,4506.6,71907.0,real_delta_india
2026-05-23T13:30:00+00:00,4506.5,4507.5,4505.6,4506.3,62903.0,real_delta_india
2026-05-23T14:00:00+00:00,4506.4,4509.8,4506.3,4509.3,68842.0,real_delta_india
2026-05-23T14:30:00+00:00,4509.3,4512.7,4509.3,4511.5,114725.0,real_delta_india
2026-05-23T15:00:00+00:00,4511.4,4512.5,4509.6,4512.0,82349.0,real_delta_india
2026-05-23T15:30:00+00:00,4512.0,4512.0,4508.6,4510.6,32718.0,real_delta_india
2026-05-23T16:00:00+00:00,4510.7,4511.9,4508.8,4509.1,40129.0,real_delta_india
2026-05-23T16:30:00+00:00,4509.0,4511.5,4508.5,4511.4,49216.0,real_delta_india
2026-05-23T17:00:00+00:00,4511.3,4513.3,4511.0,4511.51,72306.0,real_delta_india
2026-05-23T17:30:00+00:00,4511.51,4511.6,4511.1,4511.4,41151.0,real_delta_india
2026-05-23T18:00:00+00:00,4511.5,4515.7,4511.4,4514.0,90138.0,real_delta_india
2026-05-23T18:30:00+00:00,4514.0,4515.8,4513.4,4514.9,77340.0,real_delta_india
2026-05-23T19:00:00+00:00,4514.8,4518.4,4514.8,4517.2,70194.0,real_delta_india
2026-05-23T19:30:00+00:00,4517.0,4517.0,4516.5,4516.8,1580.0,real_delta_india
2026-05-23T20:00:00+00:00,4516.8,4516.8,4516.8,4516.8,0.0,real_delta_india
2026-05-23T20:30:00+00:00,4526.0,4529.2,4523.4,4528.7,114839.0,real_delta_india
2026-05-23T21:00:00+00:00,4528.7,4530.0,4521.0,4521.0,55259.0,real_delta_india
2026-05-23T21:30:00+00:00,4520.25,4521.9,4517.3,4519.3,61251.0,real_delta_india
2026-05-23T22:00:00+00:00,4519.3,4524.6,4519.3,4521.7,4611.0,real_delta_india
2026-05-23T22:30:00+00:00,4521.8,4528.7,4521.7,4528.3,22161.0,real_delta_india
2026-05-23T23:00:00+00:00,4528.8,4532.0,4528.3,4531.27,22153.0,real_delta_india
2026-05-23T23:30:00+00:00,4531.27,4531.3,4529.2,4531.0,21510.0,real_delta_india
2026-05-24T00:00:00+00:00,4531.2,4534.4,4530.3,4534.3,58473.0,real_delta_india
2026-05-24T00:30:00+00:00,4534.3,4543.4,4533.6,4537.0,119539.0,real_delta_india
2026-05-24T01:00:00+00:00,4537.1,4546.0,4537.1,4544.3,88489.0,real_delta_india
2026-05-24T01:30:00+00:00,4544.45,4546.6,4543.0,4545.9,129404.0,real_delta_india
2026-05-24T02:00:00+00:00,4546.0,4548.4,4537.4,4541.4,163299.0,real_delta_india
2026-05-24T02:30:00+00:00,4541.4,4542.3,4538.6,4541.9,53935.0,real_delta_india
2026-05-24T03:00:00+00:00,4541.9,4547.1,4541.8,4544.9,97372.0,real_delta_india
2026-05-24T03:30:00+00:00,4545.0,4546.5,4540.6,4541.4,97016.0,real_delta_india
2026-05-24T04:00:00+00:00,4542.0,4546.0,4539.8,4540.1,59573.0,real_delta_india
2026-05-24T04:30:00+00:00,4540.1,4541.9,4539.5,4540.2,43556.0,real_delta_india
2026-05-24T05:00:00+00:00,4540.2,4542.7,4539.7,4542.7,29208.0,real_delta_india
2026-05-24T05:30:00+00:00,4542.6,4548.4,4542.6,4547.8,121792.0,real_delta_india
2026-05-24T06:00:00+00:00,4547.8,4550.3,4542.2,4543.4,170384.0,real_delta_india
2026-05-24T06:30:00+00:00,4543.2,4544.5,4541.6,4542.9,114204.0,real_delta_india
2026-05-24T07:00:00+00:00,4542.9,4545.2,4541.9,4544.2,60763.0,real_delta_india
2026-05-24T07:30:00+00:00,4544.1,4546.9,4543.2,4543.2,53172.0,real_delta_india
2026-05-24T08:00:00+00:00,4543.6,4546.4,4542.5,4544.8,54400.0,real_delta_india
2026-05-24T08:30:00+00:00,4544.8,4544.8,4543.6,4543.8,25764.0,real_delta_india
2026-05-24T09:00:00+00:00,4543.8,4544.7,4541.2,4541.8,92373.0,real_delta_india
2026-05-24T09:30:00+00:00,4541.8,4543.5,4541.7,4542.3,50247.0,real_delta_india
2026-05-24T10:00:00+00:00,4542.9,4544.6,4541.7,4542.2,44165.0,real_delta_india
2026-05-24T10:30:00+00:00,4541.8,4541.9,4538.0,4538.2,130178.0,real_delta_india
2026-05-24T11:00:00+00:00,4538.2,4540.2,4538.0,4539.5,97877.0,real_delta_india
2026-05-24T11:30:00+00:00,4539.5,4539.5,4536.6,4537.0,96523.0,real_delta_india
2026-05-24T12:00:00+00:00,4537.0,4537.1,4534.0,4534.4,109747.0,real_delta_india
2026-05-24T12:30:00+00:00,4534.2,4534.7,4532.8,4533.2,97578.0,real_delta_india
2026-05-24T13:00:00+00:00,4533.3,4536.0,4532.7,4534.0,151256.0,real_delta_india
2026-05-24T13:30:00+00:00,4534.0,4534.1,4530.5,4532.4,120562.0,real_delta_india
2026-05-24T14:00:00+00:00,4532.4,4534.4,4518.7,4524.2,346683.0,real_delta_india
2026-05-24T14:30:00+00:00,4524.15,4527.5,4523.9,4524.6,83201.0,real_delta_india
2026-05-24T15:00:00+00:00,4524.4,4526.3,4521.2,4525.3,86491.0,real_delta_india
2026-05-24T15:30:00+00:00,4525.3,4526.3,4523.3,4524.8,45143.0,real_delta_india
2026-05-24T16:00:00+00:00,4524.8,4529.1,4524.0,4527.9,63816.0,real_delta_india
2026-05-24T16:30:00+00:00,4527.9,4528.6,4526.1,4528.3,61315.0,real_delta_india
2026-05-24T17:00:00+00:00,4528.3,4528.3,4521.4,4523.7,70861.0,real_delta_india
2026-05-24T17:30:00+00:00,4523.7,4523.7,4521.7,4523.2,71789.0,real_delta_india
2026-05-24T18:00:00+00:00,4523.0,4523.7,4520.6,4521.2,64189.0,real_delta_india
2026-05-24T18:30:00+00:00,4521.6,4522.9,4521.0,4521.9,23296.0,real_delta_india
2026-05-24T19:00:00+00:00,4522.0,4522.26,4519.2,4519.8,27685.0,real_delta_india
2026-05-24T19:30:00+00:00,4519.9,4521.5,4518.7,4521.0,28574.0,real_delta_india
2026-05-24T20:00:00+00:00,4521.0,4523.5,4520.1,4523.3,30619.0,real_delta_india
2026-05-24T20:30:00+00:00,4523.5,4523.7,4521.5,4521.7,48497.0,real_delta_india
2026-05-24T21:00:00+00:00,4521.7,4526.8,4520.5,4526.4,34706.0,real_delta_india
2026-05-24T21:30:00+00:00,4526.2,4526.3,4518.2,4521.4,36049.0,real_delta_india
2026-05-24T22:00:00+00:00,4526.27,4554.9,4526.27,4550.2,338819.0,real_delta_india
2026-05-24T22:30:00+00:00,4552.6,4562.6,4552.2,4561.0,124099.0,real_delta_india
2026-05-24T23:00:00+00:00,4561.17,4573.3,4561.17,4570.6,265857.0,real_delta_india
2026-05-24T23:30:00+00:00,4570.9,4575.8,4563.25,4563.3,145948.0,real_delta_india
2026-05-25T00:00:00+00:00,4564.0,4570.8,4562.4,4566.8,149132.0,real_delta_india
2026-05-25T00:30:00+00:00,4567.85,4575.3,4562.9,4566.2,165895.0,real_delta_india
2026-05-25T01:00:00+00:00,4565.7,4571.9,4557.2,4569.0,334781.0,real_delta_india
2026-05-25T01:30:00+00:00,4568.4,4569.8,4555.9,4556.9,303563.0,real_delta_india
2026-05-25T02:00:00+00:00,4557.2,4562.7,4554.4,4557.3,187159.0,real_delta_india
2026-05-25T02:30:00+00:00,4557.25,4564.6,4555.0,4556.0,210293.0,real_delta_india
2026-05-25T03:00:00+00:00,4556.6,4559.4,4555.2,4555.9,100174.0,real_delta_india
2026-05-25T03:30:00+00:00,4555.9,4558.5,4552.1,4554.2,207020.0,real_delta_india
2026-05-25T04:00:00+00:00,4554.2,4559.6,4554.1,4558.9,144543.0,real_delta_india
2026-05-25T04:30:00+00:00,4558.9,4559.7,4554.4,4559.3,196187.0,real_delta_india
2026-05-25T05:00:00+00:00,4559.2,4561.2,4549.5,4549.6,455693.0,real_delta_india
2026-05-25T05:30:00+00:00,4549.5,4555.8,4547.4,4549.0,369227.0,real_delta_india
2026-05-25T06:00:00+00:00,4548.5,4552.0,4545.0,4549.0,427704.0,real_delta_india
2026-05-25T06:30:00+00:00,4548.8,4557.2,4548.1,4556.8,330448.0,real_delta_india
2026-05-25T07:00:00+00:00,4557.1,4559.3,4548.5,4549.9,625446.0,real_delta_india
2026-05-25T07:30:00+00:00,4549.7,4560.4,4549.3,4559.9,364083.0,real_delta_india
2026-05-25T08:00:00+00:00,4559.9,4560.0,4549.89,4550.6,374965.0,real_delta_india
2026-05-25T08:30:00+00:00,4550.7,4553.8,4549.9,4552.4,176723.0,real_delta_india
2026-05-25T09:00:00+00:00,4552.2,4554.5,4551.0,4554.1,96374.0,real_delta_india
2026-05-25T09:30:00+00:00,4554.0,4563.79,4553.9,4562.5,441786.0,real_delta_india
2026-05-25T10:00:00+00:00,4562.7,4567.3,4562.7,4565.0,546035.0,real_delta_india
2026-05-25T10:30:00+00:00,4565.0,4566.3,4562.2,4562.2,253642.0,real_delta_india
2026-05-25T11:00:00+00:00,4562.5,4569.0,4560.4,4565.0,471464.0,real_delta_india
2026-05-25T11:30:00+00:00,4565.1,4569.9,4563.04,4563.04,224414.0,real_delta_india
2026-05-25T12:00:00+00:00,4562.6,4562.7,4548.6,4556.6,931715.0,real_delta_india
2026-05-25T12:30:00+00:00,4556.6,4565.1,4556.2,4561.9,639013.0,real_delta_india
2026-05-25T13:00:00+00:00,4561.5,4565.5,4556.1,4558.4,527598.0,real_delta_india
2026-05-25T13:30:00+00:00,4557.8,4561.3,4555.9,4559.0,214429.0,real_delta_india
2026-05-25T14:00:00+00:00,4559.1,4564.9,4558.2,4562.9,334338.0,real_delta_india
2026-05-25T14:30:00+00:00,4562.8,4563.9,4559.8,4561.4,290370.0,real_delta_india
2026-05-25T15:00:00+00:00,4561.6,4570.19,4560.3,4568.6,650358.0,real_delta_india
2026-05-25T15:30:00+00:00,4568.4,4568.4,4561.9,4564.5,299477.0,real_delta_india
2026-05-25T16:00:00+00:00,4564.0,4565.0,4562.7,4563.5,236237.0,real_delta_india
2026-05-25T16:30:00+00:00,4563.5,4570.3,4563.4,4569.5,361819.0,real_delta_india
2026-05-25T17:00:00+00:00,4569.6,4572.4,4565.5,4566.0,516545.0,real_delta_india
2026-05-25T17:30:00+00:00,4566.0,4566.1,4558.4,4560.7,460799.0,real_delta_india
2026-05-25T18:00:00+00:00,4560.7,4565.0,4559.7,4563.7,344960.0,real_delta_india
2026-05-25T18:30:00+00:00,4564.9,4564.9,4562.2,4563.5,61028.0,real_delta_india
2026-05-25T19:00:00+00:00,4563.5,4563.5,4562.4,4562.8,40059.0,real_delta_india
2026-05-25T19:30:00+00:00,4562.9,4563.1,4561.1,4562.5,62157.0,real_delta_india
2026-05-25T20:00:00+00:00,4562.6,4564.0,4562.5,4564.0,8105.0,real_delta_india
2026-05-25T20:30:00+00:00,4565.0,4565.3,4564.0,4564.8,17338.0,real_delta_india
2026-05-25T21:00:00+00:00,4565.7,4565.8,4564.2,4564.8,27709.0,real_delta_india
2026-05-25T21:30:00+00:00,4564.8,4564.8,4561.5,4561.8,36143.0,real_delta_india
2026-05-25T22:00:00+00:00,4562.7,4567.6,4562.7,4566.0,56364.0,real_delta_india
2026-05-25T22:30:00+00:00,4565.7,4568.2,4562.0,4565.9,60792.0,real_delta_india
2026-05-25T23:00:00+00:00,4566.5,4573.1,4561.0,4561.6,157018.0,real_delta_india
2026-05-25T23:30:00+00:00,4561.0,4561.8,4549.0,4553.3,304160.0,real_delta_india
2026-05-26T00:00:00+00:00,4552.0,4552.0,4535.85,4541.4,369485.0,real_delta_india
2026-05-26T00:30:00+00:00,4541.9,4544.8,4534.6,4543.2,232336.0,real_delta_india
2026-05-26T01:00:00+00:00,4543.2,4543.2,4536.0,4537.3,201791.0,real_delta_india
2026-05-26T01:30:00+00:00,4537.3,4537.3,4522.4,4531.7,379612.0,real_delta_india
2026-05-26T02:00:00+00:00,4531.9,4534.3,4530.2,4531.7,140917.0,real_delta_india
2026-05-26T02:30:00+00:00,4531.7,4535.1,4527.5,4529.8,278102.0,real_delta_india
2026-05-26T03:00:00+00:00,4529.3,4539.9,4529.2,4538.42,314410.0,real_delta_india
2026-05-26T03:30:00+00:00,4538.5,4541.2,4537.5,4539.1,209747.0,real_delta_india
2026-05-26T04:00:00+00:00,4539.4,4539.8,4530.7,4531.3,416248.0,real_delta_india
2026-05-26T04:30:00+00:00,4531.2,4531.3,4521.3,4524.0,602010.0,real_delta_india
2026-05-26T05:00:00+00:00,4523.5,4529.6,4520.8,4529.0,411952.0,real_delta_india
2026-05-26T05:30:00+00:00,4528.9,4532.9,4522.1,4525.9,374501.0,real_delta_india
2026-05-26T06:00:00+00:00,4525.9,4534.0,4525.8,4528.8,337879.0,real_delta_india
2026-05-26T06:30:00+00:00,4528.4,4532.0,4527.2,4529.9,181985.0,real_delta_india
2026-05-26T07:00:00+00:00,4530.6,4531.4,4521.0,4528.7,322487.0,real_delta_india
2026-05-26T07:30:00+00:00,4528.4,4537.3,4521.2,4536.6,536598.0,real_delta_india
2026-05-26T08:00:00+00:00,4536.3,4536.7,4520.8,4522.3,382723.0,real_delta_india
2026-05-26T08:30:00+00:00,4522.2,4526.59,4519.3,4522.5,427232.0,real_delta_india
2026-05-26T09:00:00+00:00,4523.9,4526.2,4519.1,4525.3,236463.0,real_delta_india
2026-05-26T09:30:00+00:00,4525.2,4525.4,4513.6,4522.8,667840.0,real_delta_india
2026-05-26T10:00:00+00:00,4522.6,4535.4,4519.5,4533.1,708474.0,real_delta_india
2026-05-26T10:30:00+00:00,4533.5,4539.4,4531.5,4534.1,486999.0,real_delta_india
2026-05-26T11:00:00+00:00,4534.1,4535.8,4523.8,4524.4,454162.0,real_delta_india
2026-05-26T11:30:00+00:00,4524.4,4524.4,4506.0,4509.0,1280624.0,real_delta_india
2026-05-26T12:00:00+00:00,4508.7,4517.0,4506.8,4508.5,540815.0,real_delta_india
2026-05-26T12:30:00+00:00,4508.2,4524.0,4502.7,4521.2,1160277.0,real_delta_india
2026-05-26T13:00:00+00:00,4520.1,4527.1,4516.0,4522.5,802552.0,real_delta_india
2026-05-26T13:30:00+00:00,4522.6,4530.3,4513.7,4515.1,856033.0,real_delta_india
2026-05-26T14:00:00+00:00,4516.0,4521.2,4510.1,4517.7,673999.0,real_delta_india
2026-05-26T14:30:00+00:00,4518.0,4523.8,4513.3,4515.8,464048.0,real_delta_india
2026-05-26T15:00:00+00:00,4515.8,4515.9,4505.8,4508.0,769613.0,real_delta_india
2026-05-26T15:30:00+00:00,4508.1,4512.0,4504.4,4508.7,562371.0,real_delta_india
2026-05-26T16:00:00+00:00,4508.8,4510.2,4502.6,4509.6,594454.0,real_delta_india
2026-05-26T16:30:00+00:00,4510.1,4513.8,4505.4,4507.6,514209.0,real_delta_india
2026-05-26T17:00:00+00:00,4507.6,4509.6,4502.75,4503.5,375780.0,real_delta_india
2026-05-26T17:30:00+00:00,4503.4,4504.2,4494.0,4494.4,1041054.0,real_delta_india
2026-05-26T18:00:00+00:00,4494.4,4500.0,4486.3,4499.3,723187.0,real_delta_india
2026-05-26T18:30:00+00:00,4499.3,4503.0,4498.8,4502.5,149572.0,real_delta_india
2026-05-26T19:00:00+00:00,4503.0,4508.0,4501.4,4506.7,180221.0,real_delta_india
2026-05-26T19:30:00+00:00,4506.7,4513.1,4505.3,4512.7,164780.0,real_delta_india
2026-05-26T20:00:00+00:00,4512.9,4514.9,4511.0,4511.1,167547.0,real_delta_india
2026-05-26T20:30:00+00:00,4511.1,4513.0,4509.0,4511.0,105901.0,real_delta_india
2026-05-26T21:00:00+00:00,4509.5,4511.3,4509.5,4510.6,21245.0,real_delta_india
2026-05-26T21:30:00+00:00,4510.3,4511.3,4509.1,4509.2,14291.0,real_delta_india
2026-05-26T22:00:00+00:00,4509.1,4513.0,4507.1,4509.2,56391.0,real_delta_india
2026-05-26T22:30:00+00:00,4509.6,4515.2,4503.3,4514.0,74392.0,real_delta_india
2026-05-26T23:00:00+00:00,4513.9,4516.98,4509.8,4516.2,82564.0,real_delta_india
2026-05-26T23:30:00+00:00,4516.6,4530.0,4516.1,4522.7,210702.0,real_delta_india
2026-05-27T00:00:00+00:00,4522.0,4528.5,4518.1,4521.4,78358.0,real_delta_india
2026-05-27T00:30:00+00:00,4521.67,4525.4,4519.5,4520.1,63313.0,real_delta_india
2026-05-27T01:00:00+00:00,4520.0,4525.0,4517.9,4520.3,136729.0,real_delta_india
2026-05-27T01:30:00+00:00,4519.8,4520.6,4512.6,4514.0,188739.0,real_delta_india
2026-05-27T02:00:00+00:00,4514.3,4514.6,4505.7,4511.0,288433.0,real_delta_india
2026-05-27T02:30:00+00:00,4510.8,4513.1,4505.2,4511.5,222373.0,real_delta_india
2026-05-27T03:00:00+00:00,4511.5,4516.8,4511.4,4513.1,217039.0,real_delta_india
2026-05-27T03:30:00+00:00,4513.1,4513.6,4503.7,4504.4,321518.0,real_delta_india
2026-05-27T04:00:00+00:00,4504.3,4510.1,4503.0,4506.4,228662.0,real_delta_india
2026-05-27T04:30:00+00:00,4505.9,4521.5,4503.7,4516.1,479343.0,real_delta_india
2026-05-27T05:00:00+00:00,4516.0,4519.4,4508.7,4513.9,324130.0,real_delta_india
2026-05-27T05:30:00+00:00,4513.9,4514.2,4499.5,4505.0,708188.0,real_delta_india
2026-05-27T06:00:00+00:00,4505.0,4506.5,4492.3,4494.9,404062.0,real_delta_india
2026-05-27T06:30:00+00:00,4494.6,4498.7,4488.8,4494.3,682674.0,real_delta_india
2026-05-27T07:00:00+00:00,4495.0,4497.9,4486.6,4489.7,667839.0,real_delta_india
2026-05-27T07:30:00+00:00,4490.4,4492.6,4478.0,4482.5,772367.0,real_delta_india
2026-05-27T08:00:00+00:00,4482.5,4495.5,4482.5,4492.9,424229.0,real_delta_india
2026-05-27T08:30:00+00:00,4492.8,4499.7,4490.0,4498.3,452072.0,real_delta_india
2026-05-27T09:00:00+00:00,4497.9,4498.5,4490.9,4493.0,222695.0,real_delta_india
2026-05-27T09:30:00+00:00,4493.1,4496.8,4489.9,4493.7,273165.0,real_delta_india
2026-05-27T10:00:00+00:00,4493.7,4493.7,4481.6,4482.0,514078.0,real_delta_india
2026-05-27T10:30:00+00:00,4482.2,4482.2,4449.1,4452.8,2060844.0,real_delta_india
2026-05-27T11:00:00+00:00,4453.1,4459.3,4446.7,4448.2,999149.0,real_delta_india
2026-05-27T11:30:00+00:00,4448.5,4452.2,4434.1,4437.4,1208608.0,real_delta_india
2026-05-27T12:00:00+00:00,4437.8,4471.6,4437.3,4462.2,1399950.0,real_delta_india
2026-05-27T12:30:00+00:00,4461.8,4467.4,4445.9,4446.9,951734.0,real_delta_india
2026-05-27T13:00:00+00:00,4446.5,4448.3,4407.9,4411.5,1943731.0,real_delta_india
2026-05-27T13:30:00+00:00,4412.1,4438.9,4412.1,4432.7,1159438.0,real_delta_india
2026-05-27T14:00:00+00:00,4434.39,4457.9,4431.9,4447.2,1307473.0,real_delta_india
2026-05-27T14:30:00+00:00,4447.1,4451.0,4436.1,4436.1,645054.0,real_delta_india
2026-05-27T15:00:00+00:00,4436.8,4441.4,4432.0,4440.6,618788.0,real_delta_india
2026-05-27T15:30:00+00:00,4441.2,4446.2,4436.1,4440.9,580105.0,real_delta_india
2026-05-27T16:00:00+00:00,4440.9,4452.0,4439.9,4451.6,593911.0,real_delta_india
2026-05-27T16:30:00+00:00,4451.1,4457.1,4449.7,4453.4,515628.0,real_delta_india
2026-05-27T17:00:00+00:00,4453.1,4454.2,4445.2,4453.0,549984.0,real_delta_india
2026-05-27T17:30:00+00:00,4452.8,4455.7,4450.9,4452.3,317505.0,real_delta_india
2026-05-27T18:00:00+00:00,4451.5,4461.0,4449.7,4458.1,435682.0,real_delta_india
2026-05-27T18:30:00+00:00,4458.1,4458.7,4453.9,4456.4,204727.0,real_delta_india
2026-05-27T19:00:00+00:00,4456.7,4457.3,4452.4,4454.0,121578.0,real_delta_india
2026-05-27T19:30:00+00:00,4454.0,4458.3,4451.9,4453.5,49928.0,real_delta_india
2026-05-27T20:00:00+00:00,4452.9,4461.1,4452.9,4457.4,104198.0,real_delta_india
2026-05-27T20:30:00+00:00,4457.2,4457.7,4453.5,4457.7,65586.0,real_delta_india
2026-05-27T21:00:00+00:00,4458.8,4459.0,4456.5,4456.5,21083.0,real_delta_india
2026-05-27T21:30:00+00:00,4457.0,4457.0,4451.7,4453.8,24097.0,real_delta_india
2026-05-27T22:00:00+00:00,4456.2,4464.5,4456.2,4459.3,88156.0,real_delta_india
2026-05-27T22:30:00+00:00,4456.3,4460.9,4454.6,4455.3,83922.0,real_delta_india
2026-05-27T23:00:00+00:00,4454.2,4456.0,4448.2,4449.3,89388.0,real_delta_india
2026-05-27T23:30:00+00:00,4449.5,4452.7,4443.8,4446.8,96630.0,real_delta_india
2026-05-28T00:00:00+00:00,4446.5,4451.8,4443.3,4446.1,88648.0,real_delta_india
2026-05-28T00:30:00+00:00,4445.5,4456.2,4443.1,4455.2,164430.0,real_delta_india
2026-05-28T01:00:00+00:00,4455.2,4457.0,4418.6,4421.4,474119.0,real_delta_india
2026-05-28T01:30:00+00:00,4421.1,4427.3,4411.2,4413.3,412841.0,real_delta_india
2026-05-28T02:00:00+00:00,4414.2,4416.1,4402.4,4410.9,575040.0,real_delta_india
2026-05-28T02:30:00+00:00,4411.2,4414.7,4396.6,4399.5,695382.0,real_delta_india
2026-05-28T03:00:00+00:00,4399.4,4401.9,4386.9,4392.6,758613.0,real_delta_india
2026-05-28T03:30:00+00:00,4392.55,4392.55,4372.0,4377.9,1161882.0,real_delta_india
2026-05-28T04:00:00+00:00,4377.9,4385.4,4371.4,4372.8,830507.0,real_delta_india
2026-05-28T04:30:00+00:00,4373.4,4381.1,4373.4,4379.6,466508.0,real_delta_india
2026-05-28T05:00:00+00:00,4379.6,4385.9,4373.4,4383.9,577092.0,real_delta_india
2026-05-28T05:30:00+00:00,4384.5,4399.4,4381.4,4392.3,749338.0,real_delta_india
2026-05-28T06:00:00+00:00,4392.5,4394.4,4380.0,4385.7,707352.0,real_delta_india
2026-05-28T06:30:00+00:00,4385.8,4390.7,4383.1,4390.1,399534.0,real_delta_india
2026-05-28T07:00:00+00:00,4390.1,4400.3,4390.1,4397.0,855523.0,real_delta_india
2026-05-28T07:30:00+00:00,4397.0,4397.9,4388.3,4393.1,612820.0,real_delta_india
2026-05-28T08:00:00+00:00,4392.9,4399.6,4391.6,4393.0,515781.0,real_delta_india
2026-05-28T08:30:00+00:00,4393.2,4397.9,4390.0,4390.4,354488.0,real_delta_india
2026-05-28T09:00:00+00:00,4390.4,4401.0,4390.4,4398.4,506705.0,real_delta_india
2026-05-28T09:30:00+00:00,4398.3,4398.9,4392.9,4396.6,373587.0,real_delta_india
2026-05-28T10:00:00+00:00,4396.9,4405.7,4395.5,4403.8,847802.0,real_delta_india
2026-05-28T10:30:00+00:00,4403.5,4404.4,4379.7,4386.3,1272480.0,real_delta_india
2026-05-28T11:00:00+00:00,4386.23,4392.7,4384.8,4386.6,459693.0,real_delta_india
2026-05-28T11:30:00+00:00,4386.6,4391.9,4382.7,4389.3,519271.0,real_delta_india
2026-05-28T12:00:00+00:00,4389.5,4394.74,4383.0,4386.8,737939.0,real_delta_india
2026-05-28T12:30:00+00:00,4386.5,4433.0,4386.3,4431.7,1746529.0,real_delta_india
2026-05-28T13:00:00+00:00,4432.4,4437.2,4423.7,4427.0,1198848.0,real_delta_india
2026-05-28T13:30:00+00:00,4427.0,4432.4,4416.0,4428.2,1002240.0,real_delta_india
2026-05-28T14:00:00+00:00,4428.4,4465.9,4418.5,4453.8,2017087.0,real_delta_india
2026-05-28T14:30:00+00:00,4454.4,4472.1,4446.8,4462.0,1496200.0,real_delta_india
2026-05-28T15:00:00+00:00,4462.2,4474.9,4461.7,4469.3,816206.0,real_delta_india
2026-05-28T15:30:00+00:00,4469.9,4477.3,4469.5,4473.6,593270.0,real_delta_india
2026-05-28T16:00:00+00:00,4473.6,4493.2,4470.0,4490.5,1179317.0,real_delta_india
2026-05-28T16:30:00+00:00,4492.0,4500.1,4488.0,4500.0,1059560.0,real_delta_india
2026-05-28T17:00:00+00:00,4500.0,4503.9,4489.6,4490.3,912153.0,real_delta_india
2026-05-28T17:30:00+00:00,4490.6,4497.7,4490.6,4496.4,449204.0,real_delta_india
2026-05-28T18:00:00+00:00,4496.7,4503.9,4493.9,4495.15,548722.0,real_delta_india
2026-05-28T18:30:00+00:00,4495.3,4495.3,4486.9,4489.4,467965.0,real_delta_india
2026-05-28T19:00:00+00:00,4489.5,4492.3,4487.3,4489.7,143934.0,real_delta_india
2026-05-28T19:30:00+00:00,4489.8,4490.8,4485.9,4487.2,163498.0,real_delta_india
2026-05-28T20:00:00+00:00,4486.9,4489.7,4484.2,4488.2,178272.0,real_delta_india
2026-05-28T20:30:00+00:00,4488.2,4489.2,4483.6,4483.9,38648.0,real_delta_india
2026-05-28T21:00:00+00:00,4483.51,4484.7,4481.4,4483.6,136202.0,real_delta_india
2026-05-28T21:30:00+00:00,4483.6,4484.3,4482.7,4483.2,8593.0,real_delta_india
2026-05-28T22:00:00+00:00,4484.0,4488.1,4481.8,4484.1,75754.0,real_delta_india
2026-05-28T22:30:00+00:00,4483.8,4484.6,4480.0,4480.0,123904.0,real_delta_india
2026-05-28T23:00:00+00:00,4480.0,4485.5,4480.0,4481.3,47380.0,real_delta_india
2026-05-28T23:30:00+00:00,4481.6,4484.9,4478.0,4483.8,129336.0,real_delta_india
2026-05-29T00:00:00+00:00,4482.4,4489.4,4482.0,4488.5,176680.0,real_delta_india
2026-05-29T00:30:00+00:00,4488.8,4488.8,4481.7,4483.7,90300.0,real_delta_india
2026-05-29T01:00:00+00:00,4485.0,4507.9,4482.2,4497.5,617724.0,real_delta_india
2026-05-29T01:30:00+00:00,4497.1,4499.1,4492.2,4496.1,306545.0,real_delta_india
2026-05-29T02:00:00+00:00,4495.7,4500.1,4491.6,4493.0,168692.0,real_delta_india
2026-05-29T02:30:00+00:00,4493.0,4497.7,4488.0,4492.0,274374.0,real_delta_india
2026-05-29T03:00:00+00:00,4490.3,4491.6,4485.5,4486.1,307808.0,real_delta_india
2026-05-29T03:30:00+00:00,4486.7,4491.0,4485.1,4490.1,138649.0,real_delta_india
2026-05-29T04:00:00+00:00,4490.22,4501.1,4490.1,4499.4,357342.0,real_delta_india
2026-05-29T04:30:00+00:00,4499.2,4504.9,4497.6,4504.1,327204.0,real_delta_india
2026-05-29T05:00:00+00:00,4504.74,4506.6,4501.0,4501.7,256639.0,real_delta_india
2026-05-29T05:30:00+00:00,4501.83,4507.1,4494.5,4505.2,490389.0,real_delta_india
2026-05-29T06:00:00+00:00,4506.0,4512.58,4501.8,4507.7,693472.0,real_delta_india
2026-05-29T06:30:00+00:00,4507.7,4514.7,4502.3,4513.6,367436.0,real_delta_india
2026-05-29T07:00:00+00:00,4513.48,4513.6,4502.5,4505.2,448365.0,real_delta_india
2026-05-29T07:30:00+00:00,4505.2,4515.8,4504.1,4514.47,582093.0,real_delta_india
2026-05-29T08:00:00+00:00,4514.47,4514.5,4503.5,4507.5,414787.0,real_delta_india
2026-05-29T08:30:00+00:00,4508.3,4508.5,4502.0,4506.1,296211.0,real_delta_india
2026-05-29T09:00:00+00:00,4506.1,4522.5,4504.7,4519.5,784923.0,real_delta_india
2026-05-29T09:30:00+00:00,4519.7,4529.0,4516.0,4522.0,586507.0,real_delta_india
2026-05-29T10:00:00+00:00,4521.8,4521.8,4516.2,4521.4,440562.0,real_delta_india
2026-05-29T10:30:00+00:00,4521.3,4532.0,4520.7,4527.5,623879.0,real_delta_india
2026-05-29T11:00:00+00:00,4527.5,4529.1,4517.7,4519.3,361849.0,real_delta_india
2026-05-29T11:30:00+00:00,4519.3,4528.0,4517.0,4527.9,439907.0,real_delta_india
2026-05-29T12:00:00+00:00,4527.9,4527.9,4510.8,4512.9,919416.0,real_delta_india
2026-05-29T12:30:00+00:00,4512.9,4514.4,4502.9,4513.8,872077.0,real_delta_india
2026-05-29T13:00:00+00:00,4513.08,4518.8,4508.0,4517.6,612440.0,real_delta_india
2026-05-29T13:30:00+00:00,4516.9,4529.2,4513.0,4525.3,1017077.0,real_delta_india
2026-05-29T14:00:00+00:00,4525.8,4540.56,4515.0,4518.6,1558670.0,real_delta_india
2026-05-29T14:30:00+00:00,4517.8,4557.7,4514.44,4551.4,1587839.0,real_delta_india
2026-05-29T15:00:00+00:00,4551.4,4579.37,4551.0,4564.0,1857008.0,real_delta_india
2026-05-29T15:30:00+00:00,4563.3,4568.8,4545.5,4557.0,971046.0,real_delta_india
2026-05-29T16:00:00+00:00,4557.0,4558.4,4546.8,4548.3,409504.0,real_delta_india
2026-05-29T16:30:00+00:00,4548.34,4559.2,4546.7,4552.9,534247.0,real_delta_india
2026-05-29T17:00:00+00:00,4553.1,4554.0,4547.1,4548.4,306921.0,real_delta_india
2026-05-29T17:30:00+00:00,4547.7,4548.3,4538.3,4539.9,540828.0,real_delta_india
2026-05-29T18:00:00+00:00,4539.9,4546.2,4539.6,4544.2,248035.0,real_delta_india
2026-05-29T18:30:00+00:00,4544.7,4547.5,4536.7,4540.9,315518.0,real_delta_india
2026-05-29T19:00:00+00:00,4540.0,4545.6,4538.8,4541.8,114389.0,real_delta_india
2026-05-29T19:30:00+00:00,4542.0,4542.2,4530.1,4532.1,315154.0,real_delta_india
2026-05-29T20:00:00+00:00,4534.2,4536.4,4530.5,4531.1,81548.0,real_delta_india
2026-05-29T20:30:00+00:00,4531.3,4531.6,4526.1,4526.1,83033.0,real_delta_india
2026-05-29T21:00:00+00:00,4526.6,4527.7,4523.0,4524.1,58852.0,real_delta_india
2026-05-29T21:30:00+00:00,4524.1,4527.0,4522.1,4526.4,23119.0,real_delta_india
2026-05-29T22:00:00+00:00,4526.6,4527.6,4524.6,4525.5,8301.0,real_delta_india
2026-05-29T22:30:00+00:00,4525.5,4530.3,4525.5,4529.3,41112.0,real_delta_india
2026-05-29T23:00:00+00:00,4528.8,4529.5,4525.6,4527.1,27683.0,real_delta_india
2026-05-29T23:30:00+00:00,4527.1,4531.4,4526.4,4529.8,31107.0,real_delta_india
2026-05-30T00:00:00+00:00,4530.2,4532.6,4530.0,4531.2,43472.0,real_delta_india
2026-05-30T00:30:00+00:00,4531.0,4531.0,4527.3,4528.6,26436.0,real_delta_india
2026-05-30T01:00:00+00:00,4528.8,4530.3,4527.7,4530.3,36316.0,real_delta_india
2026-05-30T01:30:00+00:00,4530.3,4532.0,4528.7,4530.8,21808.0,real_delta_india
2026-05-30T02:00:00+00:00,4531.0,4531.2,4529.0,4529.4,34393.0,real_delta_india
2026-05-30T02:30:00+00:00,4529.4,4530.7,4528.5,4530.7,18866.0,real_delta_india
2026-05-30T03:00:00+00:00,4530.0,4530.5,4527.5,4530.4,25359.0,real_delta_india
2026-05-30T03:30:00+00:00,4530.2,4530.4,4528.0,4528.0,15353.0,real_delta_india
2026-05-30T04:00:00+00:00,4528.1,4528.2,4520.4,4521.1,141212.0,real_delta_india
2026-05-30T04:30:00+00:00,4521.1,4528.1,4521.1,4527.0,88121.0,real_delta_india
2026-05-30T05:00:00+00:00,4527.0,4528.7,4523.8,4525.9,55966.0,real_delta_india
2026-05-30T05:30:00+00:00,4525.9,4525.9,4525.6,4525.9,17587.0,real_delta_india
2026-05-30T06:00:00+00:00,4526.67,4529.2,4522.5,4524.6,65146.0,real_delta_india
2026-05-30T06:30:00+00:00,4524.4,4527.5,4524.0,4527.0,33274.0,real_delta_india
2026-05-30T07:00:00+00:00,4527.0,4527.1,4524.1,4524.4,12765.0,real_delta_india
2026-05-30T07:30:00+00:00,4524.1,4524.4,4523.1,4523.5,23185.0,real_delta_india
2026-05-30T08:00:00+00:00,4523.5,4526.3,4523.1,4525.6,35482.0,real_delta_india
2026-05-30T08:30:00+00:00,4525.6,4526.5,4525.0,4525.6,41684.0,real_delta_india
2026-05-30T09:00:00+00:00,4525.6,4528.4,4525.6,4528.4,73027.0,real_delta_india
2026-05-30T09:30:00+00:00,4528.4,4530.7,4525.2,4527.7,157928.0,real_delta_india
2026-05-30T10:00:00+00:00,4527.9,4530.0,4526.8,4529.4,40929.0,real_delta_india
2026-05-30T10:30:00+00:00,4529.4,4529.4,4527.1,4529.3,48620.0,real_delta_india
2026-05-30T11:00:00+00:00,4529.3,4529.3,4526.0,4526.2,24644.0,real_delta_india
2026-05-30T11:30:00+00:00,4526.5,4527.3,4524.1,4525.7,92292.0,real_delta_india
2026-05-30T12:00:00+00:00,4525.6,4529.27,4524.8,4528.6,38304.0,real_delta_india
2026-05-30T12:30:00+00:00,4528.6,4529.1,4524.1,4524.5,106474.0,real_delta_india
2026-05-30T13:00:00+00:00,4524.5,4526.6,4524.4,4526.1,52582.0,real_delta_india
2026-05-30T13:30:00+00:00,4526.1,4526.1,4521.8,4524.3,121092.0,real_delta_india
2026-05-30T14:00:00+00:00,4524.3,4526.5,4524.2,4524.87,56966.0,real_delta_india
2026-05-30T14:30:00+00:00,4524.87,4524.87,4523.6,4523.7,43869.0,real_delta_india
2026-05-30T15:00:00+00:00,4523.75,4525.0,4522.7,4524.5,80269.0,real_delta_india
2026-05-30T15:30:00+00:00,4524.5,4524.5,4522.9,4524.0,31026.0,real_delta_india
2026-05-30T16:00:00+00:00,4524.5,4524.5,4522.9,4523.1,17589.0,real_delta_india
2026-05-30T16:30:00+00:00,4523.1,4523.3,4522.1,4522.7,22083.0,real_delta_india
2026-05-30T17:00:00+00:00,4522.51,4522.9,4520.5,4521.2,62931.0,real_delta_india
2026-05-30T17:30:00+00:00,4521.0,4523.2,4520.5,4522.7,58604.0,real_delta_india
2026-05-30T18:00:00+00:00,4521.8,4522.8,4521.0,4521.3,21808.0,real_delta_india
2026-05-30T18:30:00+00:00,4521.5,4521.9,4521.4,4521.7,5889.0,real_delta_india
2026-05-30T19:00:00+00:00,4521.7,4521.7,4519.8,4520.2,48508.0,real_delta_india
2026-05-30T19:30:00+00:00,4520.2,4523.0,4519.9,4522.9,40050.0,real_delta_india
2026-05-30T20:00:00+00:00,4522.9,4523.2,4520.9,4520.9,11480.0,real_delta_india
2026-05-30T20:30:00+00:00,4520.8,4521.0,4520.4,4520.6,8432.0,real_delta_india
2026-05-30T21:00:00+00:00,4520.3,4520.5,4519.1,4519.3,38577.0,real_delta_india
2026-05-30T21:30:00+00:00,4519.5,4522.2,4518.7,4521.1,18630.0,real_delta_india
2026-05-30T22:00:00+00:00,4520.9,4521.6,4517.8,4519.2,17103.0,real_delta_india
2026-05-30T22:30:00+00:00,4519.0,4519.0,4517.7,4517.8,5522.0,real_delta_india
2026-05-30T23:00:00+00:00,4518.3,4519.3,4517.5,4518.25,9968.0,real_delta_india
2026-05-30T23:30:00+00:00,4519.3,4519.6,4519.2,4519.2,4962.0,real_delta_india
2026-05-31T00:00:00+00:00,4519.4,4520.1,4518.6,4520.1,15676.0,real_delta_india
2026-05-31T00:30:00+00:00,4519.6,4519.6,4518.6,4518.9,7078.0,real_delta_india
2026-05-31T01:00:00+00:00,4518.9,4524.0,4518.6,4522.2,49050.0,real_delta_india
2026-05-31T01:30:00+00:00,4521.7,4522.0,4520.7,4520.9,13699.0,real_delta_india
2026-05-31T02:00:00+00:00,4520.81,4522.1,4517.8,4518.2,58115.0,real_delta_india
2026-05-31T02:30:00+00:00,4518.0,4519.7,4518.0,4519.5,29775.0,real_delta_india
2026-05-31T03:00:00+00:00,4519.5,4519.8,4518.17,4519.0,34128.0,real_delta_india
2026-05-31T03:30:00+00:00,4519.1,4519.3,4518.8,4518.9,15230.0,real_delta_india
2026-05-31T04:00:00+00:00,4518.9,4519.1,4518.0,4518.2,28649.0,real_delta_india
2026-05-31T04:30:00+00:00,4518.2,4518.2,4516.3,4517.0,48355.0,real_delta_india
2026-05-31T05:00:00+00:00,4517.0,4528.0,4516.8,4527.5,204773.0,real_delta_india
2026-05-31T05:30:00+00:00,4527.6,4529.5,4526.5,4529.1,112820.0,real_delta_india
2026-05-31T06:00:00+00:00,4529.1,4529.1,4525.6,4527.5,60233.0,real_delta_india
2026-05-31T06:30:00+00:00,4527.7,4529.3,4527.5,4529.3,26193.0,real_delta_india
2026-05-31T07:00:00+00:00,4529.3,4529.3,4527.9,4528.3,50502.0,real_delta_india
2026-05-31T07:30:00+00:00,4528.1,4530.1,4527.2,4529.6,86892.0,real_delta_india
2026-05-31T08:00:00+00:00,4529.9,4532.0,4529.61,4530.4,70689.0,real_delta_india
2026-05-31T08:30:00+00:00,4530.47,4530.47,4528.2,4529.0,33087.0,real_delta_india
2026-05-31T09:00:00+00:00,4528.8,4529.6,4528.6,4529.0,23215.0,real_delta_india
2026-05-31T09:30:00+00:00,4529.2,4529.2,4525.9,4528.0,81492.0,real_delta_india
2026-05-31T10:00:00+00:00,4528.2,4531.5,4527.2,4527.7,22368.0,real_delta_india
2026-05-31T10:30:00+00:00,4527.7,4528.55,4525.7,4526.8,25119.0,real_delta_india
2026-05-31T11:00:00+00:00,4527.0,4528.0,4526.7,4528.0,18795.0,real_delta_india
2026-05-31T11:30:00+00:00,4527.8,4528.8,4527.6,4528.6,20552.0,real_delta_india
2026-05-31T12:00:00+00:00,4528.8,4532.6,4528.6,4531.3,72032.0,real_delta_india
2026-05-31T12:30:00+00:00,4531.3,4532.2,4531.0,4531.8,32058.0,real_delta_india
2026-05-31T13:00:00+00:00,4531.8,4532.0,4530.7,4530.7,26395.0,real_delta_india
2026-05-31T13:30:00+00:00,4530.9,4531.1,4526.9,4528.6,37511.0,real_delta_india
2026-05-31T14:00:00+00:00,4528.6,4529.9,4525.8,4527.5,47188.0,real_delta_india
2026-05-31T14:30:00+00:00,4527.7,4529.2,4526.4,4526.6,37634.0,real_delta_india
2026-05-31T15:00:00+00:00,4526.6,4528.2,4525.3,4527.2,102475.0,real_delta_india
2026-05-31T15:30:00+00:00,4527.2,4527.4,4526.0,4526.8,22380.0,real_delta_india
2026-05-31T16:00:00+00:00,4526.8,4528.2,4526.5,4527.8,21801.0,real_delta_india
2026-05-31T16:30:00+00:00,4527.8,4530.6,4527.7,4530.5,62078.0,real_delta_india
2026-05-31T17:00:00+00:00,4530.5,4530.8,4527.0,4527.9,51496.0,real_delta_india
2026-05-31T17:30:00+00:00,4527.6,4530.0,4527.6,4529.9,54275.0,real_delta_india
2026-05-31T18:00:00+00:00,4529.9,4529.9,4527.5,4528.5,17817.0,real_delta_india
2026-05-31T18:30:00+00:00,4528.5,4529.8,4528.3,4529.5,6010.0,real_delta_india
2026-05-31T19:00:00+00:00,4529.7,4530.0,4529.4,4529.6,21821.0,real_delta_india
2026-05-31T19:30:00+00:00,4529.6,4529.8,4525.3,4526.8,33471.0,real_delta_india
2026-05-31T20:00:00+00:00,4526.7,4526.7,4523.2,4525.0,63618.0,real_delta_india
2026-05-31T20:30:00+00:00,4524.99,4526.0,4523.8,4523.8,10560.0,real_delta_india
2026-05-31T21:00:00+00:00,4524.0,4525.5,4522.0,4525.5,43185.0,real_delta_india
2026-05-31T21:30:00+00:00,4525.2,4529.0,4520.3,4523.4,59902.0,real_delta_india
2026-05-31T22:00:00+00:00,4521.5,4525.8,4509.0,4524.1,231554.0,real_delta_india
2026-05-31T22:30:00+00:00,4524.72,4529.3,4521.2,4524.8,41113.0,real_delta_india
2026-05-31T23:00:00+00:00,4525.4,4534.3,4525.4,4534.0,133647.0,real_delta_india
2026-05-31T23:30:00+00:00,4534.7,4534.9,4528.0,4531.1,88614.0,real_delta_india
2026-06-01T00:00:00+00:00,4530.0,4536.7,4528.5,4533.3,98081.0,real_delta_india
2026-06-01T00:30:00+00:00,4533.5,4534.4,4525.0,4529.0,145306.0,real_delta_india
2026-06-01T01:00:00+00:00,4530.05,4530.05,4517.6,4519.3,245909.0,real_delta_india
2026-06-01T01:30:00+00:00,4519.1,4523.9,4513.4,4514.7,145011.0,real_delta_india
2026-06-01T02:00:00+00:00,4514.7,4523.4,4513.0,4519.6,140017.0,real_delta_india
2026-06-01T02:30:00+00:00,4518.6,4520.2,4508.8,4508.9,276757.0,real_delta_india
2026-06-01T03:00:00+00:00,4509.8,4512.84,4504.0,4509.5,330793.0,real_delta_india
2026-06-01T03:30:00+00:00,4509.3,4512.7,4500.3,4505.7,323115.0,real_delta_india
2026-06-01T04:00:00+00:00,4505.9,4509.0,4503.0,4505.8,204835.0,real_delta_india
2026-06-01T04:30:00+00:00,4505.8,4507.65,4499.6,4504.6,329047.0,real_delta_india
2026-06-01T05:00:00+00:00,4504.9,4512.0,4503.4,4508.8,366872.0,real_delta_india
2026-06-01T05:30:00+00:00,4508.8,4514.9,4502.4,4507.8,401785.0,real_delta_india
2026-06-01T06:00:00+00:00,4508.3,4509.2,4496.8,4504.5,611073.0,real_delta_india
2026-06-01T06:30:00+00:00,4504.5,4505.3,4492.0,4494.4,518442.0,real_delta_india
2026-06-01T07:00:00+00:00,4494.1,4501.7,4493.1,4495.4,406188.0,real_delta_india
2026-06-01T07:30:00+00:00,4496.0,4497.9,4485.0,4494.8,525162.0,real_delta_india
2026-06-01T08:00:00+00:00,4495.0,4496.0,4483.0,4488.5,415541.0,real_delta_india
2026-06-01T08:30:00+00:00,4488.5,4494.5,4484.9,4489.9,237488.0,real_delta_india
2026-06-01T09:00:00+00:00,4490.4,4498.5,4489.7,4489.7,321937.0,real_delta_india
2026-06-01T09:30:00+00:00,4489.44,4491.9,4483.3,4488.3,287720.0,real_delta_india
2026-06-01T10:00:00+00:00,4489.3,4495.55,4489.2,4493.6,266282.0,real_delta_india
2026-06-01T10:30:00+00:00,4493.6,4502.9,4493.1,4495.59,522249.0,real_delta_india
2026-06-01T11:00:00+00:00,4496.5,4504.0,4493.0,4502.6,364447.0,real_delta_india
2026-06-01T11:30:00+00:00,4502.6,4504.2,4497.2,4498.2,418069.0,real_delta_india
2026-06-01T12:00:00+00:00,4498.3,4501.3,4490.3,4497.8,773097.0,real_delta_india
2026-06-01T12:30:00+00:00,4497.8,4502.3,4490.9,4494.9,426703.0,real_delta_india
2026-06-01T13:00:00+00:00,4495.3,4495.7,4457.8,4460.5,1727124.0,real_delta_india
2026-06-01T13:30:00+00:00,4461.0,4472.3,4444.9,4446.3,1116954.0,real_delta_india
2026-06-01T14:00:00+00:00,4445.7,4462.0,4444.1,4452.8,1070279.0,real_delta_india
2026-06-01T14:30:00+00:00,4453.4,4458.0,4449.1,4455.21,405766.0,real_delta_india
2026-06-01T15:00:00+00:00,4455.5,4467.1,4453.4,4465.0,842602.0,real_delta_india
2026-06-01T15:30:00+00:00,4465.0,4476.2,4464.7,4470.7,918748.0,real_delta_india
2026-06-01T16:00:00+00:00,4470.5,4474.4,4459.8,4465.2,717767.0,real_delta_india
2026-06-01T16:30:00+00:00,4466.64,4478.5,4464.7,4476.9,532634.0,real_delta_india
2026-06-01T17:00:00+00:00,4476.9,4479.4,4468.3,4479.3,424713.0,real_delta_india
2026-06-01T17:30:00+00:00,4479.3,4490.9,4476.6,4483.4,790996.0,real_delta_india
2026-06-01T18:00:00+00:00,4483.4,4485.4,4481.5,4482.4,299955.0,real_delta_india
2026-06-01T18:30:00+00:00,4482.4,4483.7,4480.4,4481.9,171160.0,real_delta_india
2026-06-01T19:00:00+00:00,4482.1,4483.1,4479.3,4480.0,143091.0,real_delta_india
2026-06-01T19:30:00+00:00,4479.8,4480.7,4474.7,4476.6,198392.0,real_delta_india
2026-06-01T20:00:00+00:00,4476.4,4479.7,4476.4,4478.5,44857.0,real_delta_india
2026-06-01T20:30:00+00:00,4478.2,4479.6,4476.3,4478.7,39610.0,real_delta_india
2026-06-01T21:00:00+00:00,4478.9,4479.0,4477.4,4478.1,22016.0,real_delta_india
2026-06-01T21:30:00+00:00,4478.1,4480.5,4476.3,4478.3,15817.0,real_delta_india
2026-06-01T22:00:00+00:00,4478.3,4479.8,4475.3,4476.8,30883.0,real_delta_india
2026-06-01T22:30:00+00:00,4476.1,4479.5,4475.0,4478.0,18327.0,real_delta_india
2026-06-01T23:00:00+00:00,4479.5,4480.8,4475.8,4480.6,27624.0,real_delta_india
2026-06-01T23:30:00+00:00,4480.7,4480.7,4473.2,4478.5,100084.0,real_delta_india
2026-06-02T00:00:00+00:00,4476.1,4485.9,4471.2,4485.4,266415.0,real_delta_india
2026-06-02T00:30:00+00:00,4485.4,4489.3,4473.6,4474.6,226033.0,real_delta_india
2026-06-02T01:00:00+00:00,4474.5,4484.0,4467.3,4477.3,302757.0,real_delta_india
2026-06-02T01:30:00+00:00,4480.1,4481.0,4457.4,4466.9,260689.0,real_delta_india
2026-06-02T02:00:00+00:00,4467.1,4475.5,4464.6,4473.5,203545.0,real_delta_india
2026-06-02T02:30:00+00:00,4473.9,4477.7,4466.5,4477.6,224520.0,real_delta_india
2026-06-02T03:00:00+00:00,4477.6,4489.39,4477.3,4487.5,382420.0,real_delta_india
2026-06-02T03:30:00+00:00,4487.2,4491.0,4484.8,4490.9,331002.0,real_delta_india
2026-06-02T04:00:00+00:00,4490.7,4500.9,4490.0,4496.1,568743.0,real_delta_india
2026-06-02T04:30:00+00:00,4496.2,4508.2,4495.2,4507.4,440737.0,real_delta_india
2026-06-02T05:00:00+00:00,4507.4,4513.2,4504.9,4510.3,495898.0,real_delta_india
2026-06-02T05:30:00+00:00,4510.3,4518.6,4506.3,4507.2,601465.0,real_delta_india
2026-06-02T06:00:00+00:00,4508.6,4525.2,4507.9,4524.0,745297.0,real_delta_india
2026-06-02T06:30:00+00:00,4524.9,4528.15,4522.2,4525.9,384177.0,real_delta_india
2026-06-02T07:00:00+00:00,4525.8,4530.0,4522.1,4522.5,474257.0,real_delta_india
2026-06-02T07:30:00+00:00,4522.7,4525.0,4518.02,4524.8,392064.0,real_delta_india
2026-06-02T08:00:00+00:00,4525.0,4528.9,4520.1,4521.0,310967.0,real_delta_india
2026-06-02T08:30:00+00:00,4521.2,4522.7,4515.0,4515.5,310300.0,real_delta_india
2026-06-02T09:00:00+00:00,4515.7,4524.6,4514.0,4516.2,506649.0,real_delta_india
2026-06-02T09:30:00+00:00,4516.4,4520.0,4510.2,4518.6,504739.0,real_delta_india
2026-06-02T10:00:00+00:00,4518.6,4521.7,4514.4,4517.8,223394.0,real_delta_india
2026-06-02T10:30:00+00:00,4518.1,4523.4,4515.5,4522.6,244951.0,real_delta_india
2026-06-02T11:00:00+00:00,4523.0,4524.0,4517.5,4519.9,201911.0,real_delta_india
2026-06-02T11:30:00+00:00,4520.0,4521.0,4516.1,4517.0,207346.0,real_delta_india
2026-06-02T12:00:00+00:00,4518.1,4523.7,4513.9,4519.6,387000.0,real_delta_india
2026-06-02T12:30:00+00:00,4519.6,4522.8,4503.6,4504.4,1049654.0,real_delta_india
2026-06-02T13:00:00+00:00,4504.8,4514.4,4500.0,4500.7,987049.0,real_delta_india
2026-06-02T13:30:00+00:00,4500.7,4505.0,4494.4,4495.0,848925.0,real_delta_india
2026-06-02T14:00:00+00:00,4494.7,4498.8,4482.1,4487.5,1093973.0,real_delta_india
2026-06-02T14:30:00+00:00,4487.2,4499.9,4487.2,4497.5,715362.0,real_delta_india
2026-06-02T15:00:00+00:00,4497.3,4502.6,4495.3,4499.2,554013.0,real_delta_india
2026-06-02T15:30:00+00:00,4498.4,4501.0,4493.3,4493.9,433112.0,real_delta_india
2026-06-02T16:00:00+00:00,4494.1,4495.5,4484.3,4484.6,561502.0,real_delta_india
2026-06-02T16:30:00+00:00,4484.6,4486.3,4481.0,4485.9,538669.0,real_delta_india
2026-06-02T17:00:00+00:00,4485.9,4488.3,4481.0,4484.9,495842.0,real_delta_india
2026-06-02T17:30:00+00:00,4485.5,4486.4,4476.5,4479.2,687429.0,real_delta_india
2026-06-02T18:00:00+00:00,4479.39,4484.01,4478.2,4482.44,266160.0,real_delta_india
2026-06-02T18:30:00+00:00,4482.44,4483.4,4473.3,4480.8,240388.0,real_delta_india
2026-06-02T19:00:00+00:00,4480.8,4482.0,4478.4,4481.9,73603.0,real_delta_india
2026-06-02T19:30:00+00:00,4482.0,4483.4,4475.9,4481.4,167425.0,real_delta_india
2026-06-02T20:00:00+00:00,4481.6,4484.7,4479.7,4483.0,103158.0,real_delta_india
2026-06-02T20:30:00+00:00,4483.0,4484.2,4480.8,4482.6,33497.0,real_delta_india
2026-06-02T21:00:00+00:00,4482.9,4482.9,4480.4,4482.1,8463.0,real_delta_india
2026-06-02T21:30:00+00:00,4482.1,4482.1,4476.68,4477.1,13689.0,real_delta_india
2026-06-02T22:00:00+00:00,4481.21,4484.8,4480.1,4481.8,71959.0,real_delta_india
2026-06-02T22:30:00+00:00,4482.4,4482.4,4475.3,4475.3,53986.0,real_delta_india
2026-06-02T23:00:00+00:00,4475.3,4477.6,4453.3,4457.1,348400.0,real_delta_india
2026-06-02T23:30:00+00:00,4458.3,4466.0,4453.1,4466.0,110930.0,real_delta_india
2026-06-03T00:00:00+00:00,4467.3,4474.2,4465.5,4474.2,149085.0,real_delta_india
2026-06-03T00:30:00+00:00,4474.26,4487.3,4473.1,4478.2,391993.0,real_delta_india
2026-06-03T01:00:00+00:00,4478.5,4478.9,4457.0,4461.0,347365.0,real_delta_india
2026-06-03T01:30:00+00:00,4460.53,4468.7,4458.2,4467.7,233848.0,real_delta_india
2026-06-03T02:00:00+00:00,4467.5,4473.3,4464.9,4470.8,204441.0,real_delta_india
2026-06-03T02:30:00+00:00,4470.8,4476.7,4466.7,4473.6,239613.0,real_delta_india
2026-06-03T03:00:00+00:00,4473.8,4478.5,4473.8,4474.5,147114.0,real_delta_india
2026-06-03T03:30:00+00:00,4474.4,4475.9,4471.4,4473.1,135564.0,real_delta_india
2026-06-03T04:00:00+00:00,4473.1,4476.5,4466.5,4466.7,194444.0,real_delta_india
2026-06-03T04:30:00+00:00,4466.8,4467.0,4459.1,4460.3,221135.0,real_delta_india
2026-06-03T05:00:00+00:00,4460.1,4466.1,4458.5,4460.8,367101.0,real_delta_india
2026-06-03T05:30:00+00:00,4459.0,4459.6,4448.8,4449.1,778396.0,real_delta_india
2026-06-03T06:00:00+00:00,4450.4,4461.9,4449.6,4454.1,482990.0,real_delta_india
2026-06-03T06:30:00+00:00,4453.9,4456.3,4448.1,4453.7,486582.0,real_delta_india
2026-06-03T07:00:00+00:00,4453.5,4462.3,4448.2,4448.4,416921.0,real_delta_india
2026-06-03T07:30:00+00:00,4448.5,4455.8,4445.9,4446.7,350954.0,real_delta_india
2026-06-03T08:00:00+00:00,4446.5,4451.3,4443.0,4448.5,284129.0,real_delta_india
2026-06-03T08:30:00+00:00,4448.5,4449.9,4432.0,4435.1,542044.0,real_delta_india
2026-06-03T09:00:00+00:00,4435.0,4449.4,4431.6,4432.3,593414.0,real_delta_india
2026-06-03T09:30:00+00:00,4432.3,4440.1,4431.7,4434.0,443171.0,real_delta_india
2026-06-03T10:00:00+00:00,4435.1,4458.9,4433.3,4453.4,848746.0,real_delta_india
2026-06-03T10:30:00+00:00,4453.1,4455.2,4446.6,4451.8,368223.0,real_delta_india
2026-06-03T11:00:00+00:00,4453.0,4459.9,4451.5,4456.0,366362.0,real_delta_india
2026-06-03T11:30:00+00:00,4456.3,4458.7,4451.6,4455.6,286804.0,real_delta_india
2026-06-03T12:00:00+00:00,4454.9,4456.4,4444.7,4445.3,563475.0,real_delta_india
2026-06-03T12:30:00+00:00,4445.5,4458.9,4441.4,4452.1,1087241.0,real_delta_india
2026-06-03T13:00:00+00:00,4452.1,4456.5,4439.0,4442.3,939091.0,real_delta_india
2026-06-03T13:30:00+00:00,4442.2,4446.3,4421.1,4438.9,1433602.0,real_delta_india
2026-06-03T14:00:00+00:00,4438.5,4450.84,4434.8,4444.7,900510.0,real_delta_india
2026-06-03T14:30:00+00:00,4444.8,4451.6,4439.5,4449.2,495769.0,real_delta_india
2026-06-03T15:00:00+00:00,4449.2,4450.4,4433.0,4437.7,601835.0,real_delta_india
2026-06-03T15:30:00+00:00,4437.2,4438.8,4428.7,4433.8,560017.0,real_delta_india
2026-06-03T16:00:00+00:00,4434.4,4435.6,4426.0,4429.2,474575.0,real_delta_india
2026-06-03T16:30:00+00:00,4429.2,4434.8,4427.3,4434.2,385461.0,real_delta_india
2026-06-03T17:00:00+00:00,4434.5,4440.4,4430.7,4431.7,551476.0,real_delta_india
2026-06-03T17:30:00+00:00,4430.7,4435.3,4428.8,4432.8,465754.0,real_delta_india
2026-06-03T18:00:00+00:00,4433.0,4433.9,4428.4,4432.3,161258.0,real_delta_india
2026-06-03T18:30:00+00:00,4433.0,4436.1,4430.1,4435.0,130125.0,real_delta_india
2026-06-03T19:00:00+00:00,4435.0,4445.9,4434.1,4440.5,413890.0,real_delta_india
2026-06-03T19:30:00+00:00,4440.9,4441.9,4436.1,4436.7,78641.0,real_delta_india
2026-06-03T20:00:00+00:00,4436.84,4437.8,4431.1,4432.8,64484.0,real_delta_india
2026-06-03T20:30:00+00:00,4432.6,4432.8,4423.8,4425.9,115144.0,real_delta_india
2026-06-03T21:00:00+00:00,4425.7,4432.9,4425.2,4432.9,50046.0,real_delta_india
2026-06-03T21:30:00+00:00,4432.7,4439.9,4432.1,4439.7,38640.0,real_delta_india
2026-06-03T22:00:00+00:00,4431.8,4433.9,4416.8,4424.8,213792.0,real_delta_india
2026-06-03T22:30:00+00:00,4426.3,4443.1,4426.0,4438.6,64301.0,real_delta_india
2026-06-03T23:00:00+00:00,4440.6,4442.5,4436.1,4441.9,32136.0,real_delta_india
2026-06-03T23:30:00+00:00,4441.6,4454.4,4437.1,4447.8,226943.0,real_delta_india
2026-06-04T00:00:00+00:00,4446.0,4455.5,4438.7,4440.9,161654.0,real_delta_india
2026-06-04T00:30:00+00:00,4440.8,4442.9,4434.3,4438.9,184691.0,real_delta_india
2026-06-04T01:00:00+00:00,4437.24,4461.9,4433.5,4455.1,524553.0,real_delta_india
2026-06-04T01:30:00+00:00,4455.1,4458.5,4446.2,4454.8,256528.0,real_delta_india
2026-06-04T02:00:00+00:00,4455.7,4456.6,4446.1,4450.6,234270.0,real_delta_india
2026-06-04T02:30:00+00:00,4451.2,4467.4,4448.2,4466.1,423317.0,real_delta_india
2026-06-04T03:00:00+00:00,4466.3,4468.5,4457.7,4460.4,406267.0,real_delta_india
2026-06-04T03:30:00+00:00,4461.7,4462.9,4449.9,4460.5,385449.0,real_delta_india
2026-06-04T04:00:00+00:00,4460.6,4471.1,4458.5,4470.0,410438.0,real_delta_india
2026-06-04T04:30:00+00:00,4470.0,4478.0,4470.0,4475.5,481599.0,real_delta_india
2026-06-04T05:00:00+00:00,4475.5,4476.4,4465.2,4468.1,491031.0,real_delta_india
2026-06-04T05:30:00+00:00,4467.9,4469.9,4461.4,4463.4,366345.0,real_delta_india
2026-06-04T06:00:00+00:00,4463.4,4471.4,4461.3,4466.0,457185.0,real_delta_india
2026-06-04T06:30:00+00:00,4466.8,4470.9,4458.5,4463.0,486662.0,real_delta_india
2026-06-04T07:00:00+00:00,4463.0,4465.7,4456.6,4460.0,529047.0,real_delta_india
2026-06-04T07:30:00+00:00,4459.6,4461.9,4454.6,4456.3,253528.0,real_delta_india
2026-06-04T08:00:00+00:00,4456.6,4461.8,4453.0,4457.7,339025.0,real_delta_india
2026-06-04T08:30:00+00:00,4458.06,4463.4,4454.99,4458.0,238882.0,real_delta_india
2026-06-04T09:00:00+00:00,4458.0,4463.4,4456.2,4459.0,219949.0,real_delta_india
2026-06-04T09:30:00+00:00,4459.0,4469.9,4456.3,4465.6,449049.0,real_delta_india
2026-06-04T10:00:00+00:00,4465.7,4466.9,4459.3,4461.6,346900.0,real_delta_india
2026-06-04T10:30:00+00:00,4461.6,4468.4,4460.8,4467.7,236893.0,real_delta_india
2026-06-04T11:00:00+00:00,4468.3,4485.4,4463.5,4484.5,875022.0,real_delta_india
2026-06-04T11:30:00+00:00,4484.8,4508.4,4476.6,4505.6,1459813.0,real_delta_india
2026-06-04T12:00:00+00:00,4507.2,4508.7,4484.6,4493.2,1100057.0,real_delta_india
2026-06-04T12:30:00+00:00,4495.0,4503.8,4492.3,4498.3,893677.0,real_delta_india
2026-06-04T13:00:00+00:00,4497.0,4504.1,4494.4,4498.5,606546.0,real_delta_india
2026-06-04T13:30:00+00:00,4498.5,4508.4,4490.3,4490.7,873918.0,real_delta_india
2026-06-04T14:00:00+00:00,4491.1,4495.2,4480.0,4481.8,1160167.0,real_delta_india
2026-06-04T14:30:00+00:00,4481.7,4481.8,4454.9,4463.0,1771150.0,real_delta_india
2026-06-04T15:00:00+00:00,4462.9,4472.8,4461.4,4469.1,659683.0,real_delta_india
2026-06-04T15:30:00+00:00,4469.2,4476.5,4468.4,4475.4,499199.0,real_delta_india
2026-06-04T16:00:00+00:00,4475.4,4482.8,4473.1,4481.2,499509.0,real_delta_india
2026-06-04T16:30:00+00:00,4481.1,4481.4,4477.3,4480.3,275861.0,real_delta_india
2026-06-04T17:00:00+00:00,4480.3,4480.3,4470.5,4473.2,562838.0,real_delta_india
2026-06-04T17:30:00+00:00,4473.3,4476.9,4470.8,4473.3,279528.0,real_delta_india
2026-06-04T18:00:00+00:00,4473.3,4477.0,4471.6,4474.8,160903.0,real_delta_india
2026-06-04T18:30:00+00:00,4474.4,4475.3,4469.5,4473.88,269928.0,real_delta_india
2026-06-04T19:00:00+00:00,4474.3,4479.1,4471.7,4475.4,137552.0,real_delta_india
2026-06-04T19:30:00+00:00,4475.4,4477.4,4473.2,4476.4,44863.0,real_delta_india
2026-06-04T20:00:00+00:00,4476.4,4476.4,4471.5,4471.9,24583.0,real_delta_india
2026-06-04T20:30:00+00:00,4471.7,4471.7,4468.8,4469.4,68717.0,real_delta_india
2026-06-04T21:00:00+00:00,4469.1,4470.4,4468.9,4469.7,9361.0,real_delta_india
2026-06-04T21:30:00+00:00,4468.65,4468.7,4463.9,4465.7,66742.0,real_delta_india
2026-06-04T22:00:00+00:00,4466.5,4472.5,4465.5,4471.8,68172.0,real_delta_india
2026-06-04T22:30:00+00:00,4471.8,4473.2,4462.9,4463.4,37148.0,real_delta_india
2026-06-04T23:00:00+00:00,4463.6,4466.9,4458.4,4462.6,98910.0,real_delta_india
2026-06-04T23:30:00+00:00,4462.9,4462.9,4455.91,4456.6,52509.0,real_delta_india
2026-06-05T00:00:00+00:00,4456.0,4459.7,4446.65,4452.0,263530.0,real_delta_india
2026-06-05T00:30:00+00:00,4452.2,4461.2,4452.2,4455.1,165991.0,real_delta_india
2026-06-05T01:00:00+00:00,4455.2,4463.7,4445.2,4452.5,299050.0,real_delta_india
2026-06-05T01:30:00+00:00,4453.6,4454.6,4439.0,4441.4,328429.0,real_delta_india
2026-06-05T02:00:00+00:00,4442.5,4449.31,4437.6,4445.8,232080.0,real_delta_india
2026-06-05T02:30:00+00:00,4445.6,4446.0,4433.7,4435.8,463878.0,real_delta_india
2026-06-05T03:00:00+00:00,4435.6,4437.2,4429.4,4431.2,309878.0,real_delta_india
2026-06-05T03:30:00+00:00,4431.4,4436.3,4430.2,4430.9,228157.0,real_delta_india
2026-06-05T04:00:00+00:00,4430.9,4434.7,4428.7,4431.1,328622.0,real_delta_india
2026-06-05T04:30:00+00:00,4431.4,4437.1,4428.3,4435.8,430899.0,real_delta_india
2026-06-05T05:00:00+00:00,4436.0,4440.7,4434.2,4436.7,470518.0,real_delta_india
2026-06-05T05:30:00+00:00,4437.2,4439.5,4429.1,4430.2,427247.0,real_delta_india
2026-06-05T06:00:00+00:00,4430.2,4433.5,4418.39,4430.5,694643.0,real_delta_india
2026-06-05T06:30:00+00:00,4430.2,4444.7,4430.0,4441.8,568067.0,real_delta_india
2026-06-05T07:00:00+00:00,4441.1,4456.1,4440.7,4456.0,616618.0,real_delta_india
2026-06-05T07:30:00+00:00,4456.1,4457.27,4450.7,4452.5,309883.0,real_delta_india
2026-06-05T08:00:00+00:00,4452.0,4455.12,4448.6,4455.0,348953.0,real_delta_india
2026-06-05T08:30:00+00:00,4455.5,4456.7,4450.2,4451.2,207206.0,real_delta_india
2026-06-05T09:00:00+00:00,4451.4,4459.5,4448.1,4453.3,435045.0,real_delta_india
2026-06-05T09:30:00+00:00,4453.8,4458.2,4450.6,4455.0,214427.0,real_delta_india
2026-06-05T10:00:00+00:00,4454.7,4457.0,4452.8,4455.3,127036.0,real_delta_india
2026-06-05T10:30:00+00:00,4455.4,4456.9,4451.0,4456.1,176078.0,real_delta_india
2026-06-05T11:00:00+00:00,4456.1,4456.2,4448.5,4454.4,303136.0,real_delta_india
2026-06-05T11:30:00+00:00,4454.6,4463.0,4452.1,4458.3,464547.0,real_delta_india
2026-06-05T12:00:00+00:00,4458.5,4465.5,4452.8,4456.9,861153.0,real_delta_india
2026-06-05T12:30:00+00:00,4456.8,4457.2,4399.5,4400.3,2825511.0,real_delta_india
2026-06-05T13:00:00+00:00,4399.46,4414.4,4394.8,4399.3,1610734.0,real_delta_india
2026-06-05T13:30:00+00:00,4398.22,4403.1,4360.0,4360.8,1883821.0,real_delta_india
2026-06-05T14:00:00+00:00,4360.9,4374.0,4345.7,4353.9,1424901.0,real_delta_india
2026-06-05T14:30:00+00:00,4353.9,4366.6,4340.6,4366.1,1099456.0,real_delta_india
2026-06-05T15:00:00+00:00,4366.1,4368.6,4343.3,4348.0,862420.0,real_delta_india
2026-06-05T15:30:00+00:00,4349.1,4351.0,4329.1,4330.5,882686.0,real_delta_india
2026-06-05T16:00:00+00:00,4330.5,4334.8,4321.4,4327.2,985761.0,real_delta_india
2026-06-05T16:30:00+00:00,4326.8,4343.2,4319.5,4342.4,835173.0,real_delta_india
2026-06-05T17:00:00+00:00,4342.6,4344.8,4332.9,4338.9,517625.0,real_delta_india
2026-06-05T17:30:00+00:00,4338.8,4344.4,4334.6,4337.0,385716.0,real_delta_india
2026-06-05T18:00:00+00:00,4337.3,4337.9,4318.8,4322.1,679235.0,real_delta_india
2026-06-05T18:30:00+00:00,4320.2,4322.3,4311.4,4317.7,541160.0,real_delta_india
2026-06-05T19:00:00+00:00,4317.2,4319.0,4307.8,4317.9,510758.0,real_delta_india
2026-06-05T19:30:00+00:00,4318.7,4319.1,4308.4,4314.3,130363.0,real_delta_india
2026-06-05T20:00:00+00:00,4314.5,4322.3,4307.9,4319.2,130897.0,real_delta_india
2026-06-05T20:30:00+00:00,4319.1,4327.4,4318.8,4325.3,124067.0,real_delta_india
2026-06-05T21:00:00+00:00,4325.6,4330.8,4325.6,4329.9,54750.0,real_delta_india
2026-06-05T21:30:00+00:00,4330.2,4333.0,4330.0,4333.0,28584.0,real_delta_india
2026-06-05T22:00:00+00:00,4332.8,4334.8,4327.0,4329.0,22315.0,real_delta_india
2026-06-05T22:30:00+00:00,4328.6,4328.8,4323.3,4323.3,38011.0,real_delta_india
2026-06-05T23:00:00+00:00,4322.9,4322.9,4316.0,4316.9,22522.0,real_delta_india
2026-06-05T23:30:00+00:00,4316.3,4318.9,4316.0,4317.6,48288.0,real_delta_india
2026-06-06T00:00:00+00:00,4318.1,4325.7,4317.9,4324.7,41328.0,real_delta_india
2026-06-06T00:30:00+00:00,4325.1,4330.4,4324.9,4329.4,39690.0,real_delta_india
2026-06-06T01:00:00+00:00,4329.6,4329.7,4320.9,4323.8,60472.0,real_delta_india
2026-06-06T01:30:00+00:00,4323.7,4324.0,4317.1,4317.9,55026.0,real_delta_india
2026-06-06T02:00:00+00:00,4317.9,4318.3,4314.1,4314.6,73184.0,real_delta_india
2026-06-06T02:30:00+00:00,4314.6,4318.3,4313.3,4318.0,62031.0,real_delta_india
2026-06-06T03:00:00+00:00,4317.1,4318.1,4310.9,4312.0,70418.0,real_delta_india
2026-06-06T03:30:00+00:00,4312.2,4315.6,4311.2,4311.7,45121.0,real_delta_india
2026-06-06T04:00:00+00:00,4311.7,4312.7,4306.4,4307.7,161653.0,real_delta_india
2026-06-06T04:30:00+00:00,4307.1,4307.3,4298.9,4299.4,220025.0,real_delta_india
2026-06-06T05:00:00+00:00,4299.2,4300.9,4288.5,4298.3,286303.0,real_delta_india
2026-06-06T05:30:00+00:00,4298.3,4305.1,4297.5,4304.8,155490.0,real_delta_india
2026-06-06T06:00:00+00:00,4304.8,4311.1,4303.3,4309.6,139486.0,real_delta_india
2026-06-06T06:30:00+00:00,4309.6,4310.4,4300.4,4300.8,139598.0,real_delta_india
2026-06-06T07:00:00+00:00,4300.8,4308.0,4299.6,4303.6,126716.0,real_delta_india
2026-06-06T07:30:00+00:00,4303.4,4307.3,4302.8,4303.4,56418.0,real_delta_india
2026-06-06T08:00:00+00:00,4303.4,4305.2,4300.5,4304.1,53604.0,real_delta_india
2026-06-06T08:30:00+00:00,4304.3,4305.9,4299.6,4301.1,72763.0,real_delta_india
2026-06-06T09:00:00+00:00,4301.1,4302.9,4299.8,4302.4,39563.0,real_delta_india
2026-06-06T09:30:00+00:00,4302.2,4302.4,4297.4,4297.8,76127.0,real_delta_india
2026-06-06T10:00:00+00:00,4297.8,4298.0,4291.0,4293.3,119596.0,real_delta_india
2026-06-06T10:30:00+00:00,4293.3,4293.5,4288.1,4290.7,185760.0,real_delta_india
2026-06-06T11:00:00+00:00,4290.4,4293.3,4290.2,4292.6,108846.0,real_delta_india
2026-06-06T11:30:00+00:00,4292.9,4295.9,4291.1,4295.8,62029.0,real_delta_india
2026-06-06T12:00:00+00:00,4295.6,4297.9,4292.0,4292.2,92805.0,real_delta_india
2026-06-06T12:30:00+00:00,4292.4,4298.0,4290.6,4294.1,111587.0,real_delta_india
2026-06-06T13:00:00+00:00,4294.1,4296.1,4293.0,4293.7,85061.0,real_delta_india
2026-06-06T13:30:00+00:00,4294.0,4297.4,4292.1,4295.2,71459.0,real_delta_india
2026-06-06T14:00:00+00:00,4295.2,4296.9,4293.6,4294.2,38469.0,real_delta_india
2026-06-06T14:30:00+00:00,4294.2,4295.3,4289.9,4290.6,95612.0,real_delta_india
2026-06-06T15:00:00+00:00,4290.6,4292.16,4288.7,4290.9,101005.0,real_delta_india
2026-06-06T15:30:00+00:00,4290.9,4291.1,4287.6,4288.1,121019.0,real_delta_india
2026-06-06T16:00:00+00:00,4288.1,4291.1,4287.8,4288.0,108814.0,real_delta_india
2026-06-06T16:30:00+00:00,4287.7,4289.3,4286.3,4288.5,80619.0,real_delta_india
2026-06-06T17:00:00+00:00,4288.9,4294.7,4288.6,4294.1,111094.0,real_delta_india
2026-06-06T17:30:00+00:00,4294.1,4295.7,4292.4,4294.6,69965.0,real_delta_india
2026-06-06T18:00:00+00:00,4294.8,4295.3,4293.1,4294.9,22742.0,real_delta_india
2026-06-06T18:30:00+00:00,4294.83,4295.8,4291.2,4291.4,57315.0,real_delta_india
2026-06-06T19:00:00+00:00,4291.4,4293.3,4289.4,4292.1,52475.0,real_delta_india
2026-06-06T19:30:00+00:00,4292.3,4292.3,4290.0,4290.7,36604.0,real_delta_india
2026-06-06T20:00:00+00:00,4290.9,4290.9,4290.0,4290.2,11262.0,real_delta_india
2026-06-06T20:30:00+00:00,4290.4,4290.7,4289.4,4290.3,10244.0,real_delta_india
2026-06-06T21:00:00+00:00,4290.3,4290.8,4288.7,4288.9,7144.0,real_delta_india
2026-06-06T21:30:00+00:00,4289.1,4289.5,4286.8,4287.0,13261.0,real_delta_india
2026-06-06T22:00:00+00:00,4286.8,4291.7,4286.8,4288.3,7610.0,real_delta_india
2026-06-06T22:30:00+00:00,4288.1,4290.5,4288.0,4288.9,20169.0,real_delta_india
2026-06-06T23:00:00+00:00,4289.8,4290.0,4289.8,4289.8,1008.0,real_delta_india
2026-06-06T23:30:00+00:00,4291.0,4297.8,4290.8,4297.8,24481.0,real_delta_india
2026-06-07T00:00:00+00:00,4297.7,4297.9,4293.3,4293.8,13966.0,real_delta_india
2026-06-07T00:30:00+00:00,4293.0,4296.8,4293.0,4296.3,11783.0,real_delta_india
2026-06-07T01:00:00+00:00,4296.1,4299.5,4295.9,4299.3,63548.0,real_delta_india
2026-06-07T01:30:00+00:00,4299.1,4307.0,4299.1,4305.2,82410.0,real_delta_india
2026-06-07T02:00:00+00:00,4305.1,4305.1,4302.7,4302.85,27670.0,real_delta_india
2026-06-07T02:30:00+00:00,4303.4,4308.5,4303.4,4307.7,48780.0,real_delta_india
2026-06-07T03:00:00+00:00,4307.7,4308.3,4305.1,4307.3,78001.0,real_delta_india
2026-06-07T03:30:00+00:00,4307.3,4307.5,4301.2,4304.6,99759.0,real_delta_india
2026-06-07T04:00:00+00:00,4304.6,4304.8,4299.0,4299.5,35407.0,real_delta_india
2026-06-07T04:30:00+00:00,4299.5,4304.4,4298.2,4304.1,49110.0,real_delta_india
2026-06-07T05:00:00+00:00,4304.1,4305.8,4301.93,4302.9,65786.0,real_delta_india
2026-06-07T05:30:00+00:00,4302.9,4303.3,4301.0,4303.3,61938.0,real_delta_india
2026-06-07T06:00:00+00:00,4303.3,4304.0,4302.4,4303.7,38555.0,real_delta_india
2026-06-07T06:30:00+00:00,4303.9,4310.7,4303.7,4309.8,137326.0,real_delta_india
2026-06-07T07:00:00+00:00,4309.8,4310.7,4307.4,4308.5,81043.0,real_delta_india
2026-06-07T07:30:00+00:00,4308.7,4310.9,4307.8,4310.84,55241.0,real_delta_india
2026-06-07T08:00:00+00:00,4310.6,4312.9,4307.9,4312.7,119974.0,real_delta_india
2026-06-07T08:30:00+00:00,4312.7,4318.3,4310.7,4317.9,170720.0,real_delta_india
2026-06-07T09:00:00+00:00,4317.9,4320.7,4313.2,4315.7,144818.0,real_delta_india
2026-06-07T09:30:00+00:00,4315.7,4315.7,4308.4,4313.2,140409.0,real_delta_india
2026-06-07T10:00:00+00:00,4313.4,4313.4,4308.4,4310.2,56518.0,real_delta_india
2026-06-07T10:30:00+00:00,4310.4,4310.4,4306.5,4307.6,94425.0,real_delta_india
2026-06-07T11:00:00+00:00,4307.6,4307.6,4305.3,4306.1,94411.0,real_delta_india
2026-06-07T11:30:00+00:00,4306.1,4309.6,4304.5,4308.8,80175.0,real_delta_india
2026-06-07T12:00:00+00:00,4308.5,4308.5,4301.93,4302.5,142624.0,real_delta_india
2026-06-07T12:30:00+00:00,4302.7,4304.4,4301.1,4301.7,87891.0,real_delta_india
2026-06-07T13:00:00+00:00,4301.4,4301.6,4291.5,4294.8,193130.0,real_delta_india
2026-06-07T13:30:00+00:00,4294.8,4297.6,4292.9,4296.3,69901.0,real_delta_india
2026-06-07T14:00:00+00:00,4295.8,4305.2,4295.8,4301.9,211533.0,real_delta_india
2026-06-07T14:30:00+00:00,4301.6,4303.8,4297.4,4299.9,115291.0,real_delta_india
2026-06-07T15:00:00+00:00,4299.9,4304.2,4299.3,4301.3,69005.0,real_delta_india
2026-06-07T15:30:00+00:00,4301.5,4304.0,4300.6,4301.3,58673.0,real_delta_india
2026-06-07T16:00:00+00:00,4301.0,4307.5,4301.0,4305.3,89248.0,real_delta_india
2026-06-07T16:30:00+00:00,4304.9,4307.2,4304.7,4306.2,31791.0,real_delta_india
2026-06-07T17:00:00+00:00,4306.0,4308.8,4306.0,4306.4,60325.0,real_delta_india
2026-06-07T17:30:00+00:00,4306.6,4306.7,4305.8,4306.1,28424.0,real_delta_india
2026-06-07T18:00:00+00:00,4306.4,4308.9,4306.1,4306.5,42449.0,real_delta_india
2026-06-07T18:30:00+00:00,4306.3,4306.7,4303.8,4303.8,30123.0,real_delta_india
2026-06-07T19:00:00+00:00,4303.7,4303.9,4293.7,4295.6,170275.0,real_delta_india
2026-06-07T19:30:00+00:00,4295.0,4304.4,4294.4,4301.9,55203.0,real_delta_india
2026-06-07T20:00:00+00:00,4300.7,4306.1,4299.8,4305.4,81110.0,real_delta_india
2026-06-07T20:30:00+00:00,4304.1,4304.1,4299.4,4299.7,8410.0,real_delta_india
2026-06-07T21:00:00+00:00,4299.7,4307.8,4299.7,4307.8,21670.0,real_delta_india
2026-06-07T21:30:00+00:00,4307.6,4313.8,4302.8,4302.8,82429.0,real_delta_india
2026-06-07T22:00:00+00:00,4308.01,4322.6,4300.5,4307.5,205853.0,real_delta_india
2026-06-07T22:30:00+00:00,4307.7,4319.0,4307.0,4310.9,74910.0,real_delta_india
2026-06-07T23:00:00+00:00,4308.7,4325.0,4308.4,4325.0,106732.0,real_delta_india
2026-06-07T23:30:00+00:00,4325.0,4336.2,4324.6,4332.9,194841.0,real_delta_india
2026-06-08T00:00:00+00:00,4331.1,4343.3,4330.4,4341.9,200756.0,real_delta_india
2026-06-08T00:30:00+00:00,4341.9,4342.5,4330.2,4332.9,200271.0,real_delta_india
2026-06-08T01:00:00+00:00,4332.0,4335.0,4300.8,4302.8,517227.0,real_delta_india
2026-06-08T01:30:00+00:00,4302.0,4318.9,4290.0,4316.3,442816.0,real_delta_india
2026-06-08T02:00:00+00:00,4316.53,4321.1,4303.2,4306.1,355987.0,real_delta_india
2026-06-08T02:30:00+00:00,4306.0,4310.9,4299.4,4302.0,338297.0,real_delta_india
2026-06-08T03:00:00+00:00,4302.4,4305.6,4296.5,4298.1,340816.0,real_delta_india
2026-06-08T03:30:00+00:00,4299.0,4307.1,4295.8,4307.0,258721.0,real_delta_india
2026-06-08T04:00:00+00:00,4307.4,4311.6,4304.3,4309.7,238055.0,real_delta_india
2026-06-08T04:30:00+00:00,4310.0,4310.0,4298.2,4302.7,290862.0,real_delta_india
2026-06-08T05:00:00+00:00,4302.6,4305.1,4295.0,4300.5,298724.0,real_delta_india
2026-06-08T05:30:00+00:00,4301.8,4301.8,4259.1,4282.1,1260807.0,real_delta_india
2026-06-08T06:00:00+00:00,4283.7,4300.0,4283.5,4295.0,692174.0,real_delta_india
2026-06-08T06:30:00+00:00,4295.4,4296.2,4283.8,4290.8,501388.0,real_delta_india
2026-06-08T07:00:00+00:00,4290.7,4306.7,4285.6,4296.2,672179.0,real_delta_india
2026-06-08T07:30:00+00:00,4296.0,4300.9,4284.6,4285.7,521484.0,real_delta_india
2026-06-08T08:00:00+00:00,4286.0,4287.5,4276.1,4278.1,413234.0,real_delta_india
2026-06-08T08:30:00+00:00,4278.3,4284.4,4276.5,4279.6,264517.0,real_delta_india
2026-06-08T09:00:00+00:00,4279.8,4282.8,4269.5,4270.5,400881.0,real_delta_india
2026-06-08T09:30:00+00:00,4270.1,4291.5,4262.8,4283.3,864538.0,real_delta_india
2026-06-08T10:00:00+00:00,4284.0,4286.8,4275.9,4283.6,303371.0,real_delta_india
2026-06-08T10:30:00+00:00,4283.6,4294.6,4281.9,4291.5,505969.0,real_delta_india
2026-06-08T11:00:00+00:00,4291.6,4320.3,4286.8,4314.6,1394960.0,real_delta_india
2026-06-08T11:30:00+00:00,4315.9,4322.4,4311.3,4320.2,852665.0,real_delta_india
2026-06-08T12:00:00+00:00,4320.0,4323.2,4309.0,4318.6,706466.0,real_delta_india
2026-06-08T12:30:00+00:00,4318.8,4328.7,4316.8,4322.4,810552.0,real_delta_india
2026-06-08T13:00:00+00:00,4322.9,4324.2,4310.7,4320.5,605222.0,real_delta_india
2026-06-08T13:30:00+00:00,4321.8,4335.2,4315.7,4316.8,1060325.0,real_delta_india
2026-06-08T14:00:00+00:00,4316.96,4320.1,4305.8,4311.6,1114593.0,real_delta_india
2026-06-08T14:30:00+00:00,4311.5,4322.8,4306.7,4321.6,913600.0,real_delta_india
2026-06-08T15:00:00+00:00,4322.1,4327.3,4312.9,4320.0,746562.0,real_delta_india
2026-06-08T15:30:00+00:00,4319.8,4333.8,4318.4,4330.7,645381.0,real_delta_india
2026-06-08T16:00:00+00:00,4330.7,4333.0,4326.8,4328.8,352571.0,real_delta_india
2026-06-08T16:30:00+00:00,4329.3,4334.5,4325.7,4328.4,466511.0,real_delta_india
2026-06-08T17:00:00+00:00,4328.48,4330.0,4321.8,4326.84,410429.0,real_delta_india
2026-06-08T17:30:00+00:00,4327.0,4327.2,4319.7,4326.6,406934.0,real_delta_india
2026-06-08T18:00:00+00:00,4326.7,4333.9,4326.7,4330.9,286866.0,real_delta_india
2026-06-08T18:30:00+00:00,4331.1,4332.3,4321.2,4321.8,225031.0,real_delta_india
2026-06-08T19:00:00+00:00,4322.6,4326.2,4315.6,4316.9,217338.0,real_delta_india
2026-06-08T19:30:00+00:00,4317.5,4319.4,4313.0,4316.4,200166.0,real_delta_india
2026-06-08T20:00:00+00:00,4316.6,4319.0,4313.8,4314.9,56819.0,real_delta_india
2026-06-08T20:30:00+00:00,4315.7,4319.6,4315.4,4319.5,23592.0,real_delta_india
2026-06-08T21:00:00+00:00,4319.49,4324.7,4319.0,4323.7,72771.0,real_delta_india
2026-06-08T21:30:00+00:00,4323.4,4325.9,4323.1,4325.7,26089.0,real_delta_india
2026-06-08T22:00:00+00:00,4322.6,4322.6,4313.0,4315.0,52216.0,real_delta_india
2026-06-08T22:30:00+00:00,4314.5,4317.9,4314.5,4317.7,31647.0,real_delta_india
2026-06-08T23:00:00+00:00,4317.9,4318.0,4310.0,4310.0,73485.0,real_delta_india
2026-06-08T23:30:00+00:00,4310.0,4311.7,4302.2,4306.3,308539.0,real_delta_india
2026-06-09T00:00:00+00:00,4306.7,4312.1,4304.0,4306.8,147589.0,real_delta_india
2026-06-09T00:30:00+00:00,4305.6,4310.5,4303.2,4308.6,162197.0,real_delta_india
2026-06-09T01:00:00+00:00,4309.7,4325.6,4307.1,4323.1,421870.0,real_delta_india
2026-06-09T01:30:00+00:00,4324.1,4327.2,4321.5,4324.5,238094.0,real_delta_india
2026-06-09T02:00:00+00:00,4324.9,4324.9,4317.0,4324.1,229869.0,real_delta_india
2026-06-09T02:30:00+00:00,4324.1,4328.8,4320.5,4323.6,180581.0,real_delta_india
2026-06-09T03:00:00+00:00,4323.9,4330.7,4320.3,4325.3,263979.0,real_delta_india
2026-06-09T03:30:00+00:00,4325.3,4330.3,4323.0,4325.8,159165.0,real_delta_india
2026-06-09T04:00:00+00:00,4325.3,4327.5,4318.1,4319.4,246634.0,real_delta_india
2026-06-09T04:30:00+00:00,4319.2,4321.0,4314.2,4320.5,425573.0,real_delta_india
2026-06-09T05:00:00+00:00,4320.8,4325.1,4318.2,4320.9,356813.0,real_delta_india
2026-06-09T05:30:00+00:00,4320.05,4340.0,4320.0,4333.3,799810.0,real_delta_india
2026-06-09T06:00:00+00:00,4333.3,4337.5,4328.5,4328.9,351113.0,real_delta_india
2026-06-09T06:30:00+00:00,4328.9,4329.4,4321.0,4321.6,471472.0,real_delta_india
2026-06-09T07:00:00+00:00,4320.8,4324.2,4313.0,4320.9,573126.0,real_delta_india
2026-06-09T07:30:00+00:00,4320.9,4320.9,4311.1,4313.8,403120.0,real_delta_india
2026-06-09T08:00:00+00:00,4313.73,4323.0,4308.3,4321.1,495243.0,real_delta_india
2026-06-09T08:30:00+00:00,4321.0,4322.1,4312.7,4313.2,298663.0,real_delta_india
2026-06-09T09:00:00+00:00,4313.4,4322.4,4312.0,4313.5,309513.0,real_delta_india
2026-06-09T09:30:00+00:00,4314.7,4321.0,4312.9,4319.6,262248.0,real_delta_india
2026-06-09T10:00:00+00:00,4319.6,4324.3,4312.9,4322.2,238419.0,real_delta_india
2026-06-09T10:30:00+00:00,4322.5,4327.5,4317.5,4327.0,244169.0,real_delta_india
2026-06-09T11:00:00+00:00,4327.2,4327.6,4323.0,4325.3,310586.0,real_delta_india
2026-06-09T11:30:00+00:00,4325.7,4330.7,4323.9,4326.7,352084.0,real_delta_india
2026-06-09T12:00:00+00:00,4326.9,4331.2,4322.0,4322.0,423043.0,real_delta_india
2026-06-09T12:30:00+00:00,4322.3,4330.5,4321.7,4327.2,522741.0,real_delta_india
2026-06-09T13:00:00+00:00,4328.0,4331.7,4317.7,4319.0,495453.0,real_delta_india
2026-06-09T13:30:00+00:00,4319.1,4351.6,4312.82,4317.2,1744831.0,real_delta_india
2026-06-09T14:00:00+00:00,4317.6,4323.7,4293.2,4306.3,1673703.0,real_delta_india
2026-06-09T14:30:00+00:00,4305.8,4306.9,4267.8,4290.1,1838631.0,real_delta_india
2026-06-09T15:00:00+00:00,4290.5,4291.4,4268.2,4269.9,784210.0,real_delta_india
2026-06-09T15:30:00+00:00,4269.7,4278.0,4254.3,4265.1,1687902.0,real_delta_india
2026-06-09T16:00:00+00:00,4265.0,4272.7,4245.5,4256.4,1405115.0,real_delta_india
2026-06-09T16:30:00+00:00,4255.9,4260.6,4228.0,4244.6,1265237.0,real_delta_india
2026-06-09T17:00:00+00:00,4244.9,4260.7,4244.1,4256.6,902956.0,real_delta_india
2026-06-09T17:30:00+00:00,4256.6,4261.5,4249.4,4255.0,648933.0,real_delta_india
2026-06-09T18:00:00+00:00,4255.4,4265.8,4252.2,4262.6,526296.0,real_delta_india
2026-06-09T18:30:00+00:00,4262.9,4265.9,4255.4,4263.3,254465.0,real_delta_india
2026-06-09T19:00:00+00:00,4263.3,4263.8,4246.4,4250.3,373137.0,real_delta_india
2026-06-09T19:30:00+00:00,4250.5,4253.1,4243.2,4251.1,219175.0,real_delta_india
2026-06-09T20:00:00+00:00,4251.4,4254.6,4249.7,4252.8,58811.0,real_delta_india
2026-06-09T20:30:00+00:00,4252.6,4255.0,4251.6,4254.0,60746.0,real_delta_india
2026-06-09T21:00:00+00:00,4254.3,4254.3,4253.4,4253.6,15935.0,real_delta_india
2026-06-09T21:30:00+00:00,4253.0,4253.0,4248.0,4248.4,21169.0,real_delta_india
2026-06-09T22:00:00+00:00,4245.0,4248.1,4243.9,4247.0,45087.0,real_delta_india
2026-06-09T22:30:00+00:00,4248.4,4248.4,4225.96,4229.4,298864.0,real_delta_india
2026-06-09T23:00:00+00:00,4229.2,4238.0,4215.4,4216.3,287528.0,real_delta_india
2026-06-09T23:30:00+00:00,4216.5,4221.3,4203.8,4214.5,428149.0,real_delta_india
2026-06-10T00:00:00+00:00,4214.5,4220.5,4210.8,4212.04,183891.0,real_delta_india
2026-06-10T00:30:00+00:00,4211.8,4213.7,4193.2,4210.9,626486.0,real_delta_india
2026-06-10T01:00:00+00:00,4211.8,4211.8,4181.4,4195.8,817036.0,real_delta_india
2026-06-10T01:30:00+00:00,4195.8,4200.7,4180.2,4185.1,549700.0,real_delta_india
2026-06-10T02:00:00+00:00,4184.4,4186.6,4173.9,4183.0,502405.0,real_delta_india
2026-06-10T02:30:00+00:00,4183.4,4187.6,4169.0,4170.1,442549.0,real_delta_india
2026-06-10T03:00:00+00:00,4170.1,4178.0,4168.7,4173.6,293591.0,real_delta_india
2026-06-10T03:30:00+00:00,4173.6,4182.5,4172.6,4180.7,371447.0,real_delta_india
2026-06-10T04:00:00+00:00,4181.0,4183.9,4170.5,4171.1,343001.0,real_delta_india
2026-06-10T04:30:00+00:00,4171.1,4172.4,4168.0,4171.9,376163.0,real_delta_india
2026-06-10T05:00:00+00:00,4171.6,4182.6,4170.0,4182.6,403348.0,real_delta_india
2026-06-10T05:30:00+00:00,4183.24,4204.0,4177.5,4200.8,1115366.0,real_delta_india
2026-06-10T06:00:00+00:00,4201.3,4216.5,4201.1,4207.2,764966.0,real_delta_india
2026-06-10T06:30:00+00:00,4208.0,4208.3,4196.5,4198.6,659127.0,real_delta_india
2026-06-10T07:00:00+00:00,4198.4,4202.3,4188.3,4189.8,857605.0,real_delta_india
2026-06-10T07:30:00+00:00,4190.0,4191.8,4178.0,4183.4,810115.0,real_delta_india
2026-06-10T08:00:00+00:00,4182.2,4183.2,4158.4,4169.1,1516731.0,real_delta_india
2026-06-10T08:30:00+00:00,4169.4,4175.2,4163.3,4165.7,681500.0,real_delta_india
2026-06-10T09:00:00+00:00,4166.7,4171.3,4161.7,4163.1,547819.0,real_delta_india
2026-06-10T09:30:00+00:00,4164.4,4175.7,4160.4,4166.0,610906.0,real_delta_india
2026-06-10T10:00:00+00:00,4166.0,4168.13,4152.7,4163.0,1035200.0,real_delta_india
2026-06-10T10:30:00+00:00,4162.3,4174.2,4161.0,4171.2,586733.0,real_delta_india
2026-06-10T11:00:00+00:00,4172.0,4172.2,4150.0,4161.1,810308.0,real_delta_india
2026-06-10T11:30:00+00:00,4160.8,4163.3,4142.2,4144.7,1246973.0,real_delta_india
2026-06-10T12:00:00+00:00,4144.7,4148.0,4130.0,4138.7,1635554.0,real_delta_india
2026-06-10T12:30:00+00:00,4138.3,4174.3,4138.3,4145.8,2134558.0,real_delta_india
2026-06-10T13:00:00+00:00,4144.56,4156.0,4131.8,4148.2,1426227.0,real_delta_india
2026-06-10T13:30:00+00:00,4146.0,4181.9,4141.2,4175.1,1823281.0,real_delta_india
2026-06-10T14:00:00+00:00,4176.0,4176.5,4156.3,4157.7,1703916.0,real_delta_india
2026-06-10T14:30:00+00:00,4157.7,4159.6,4115.8,4123.8,2574954.0,real_delta_india
2026-06-10T15:00:00+00:00,4123.8,4135.9,4112.0,4127.5,2013125.0,real_delta_india
2026-06-10T15:30:00+00:00,4126.8,4130.0,4106.6,4128.3,1541256.0,real_delta_india
2026-06-10T16:00:00+00:00,4128.6,4134.0,4122.3,4126.2,716047.0,real_delta_india
2026-06-10T16:30:00+00:00,4126.0,4129.9,4113.9,4120.9,770909.0,real_delta_india
2026-06-10T17:00:00+00:00,4120.9,4132.6,4110.0,4110.8,1165897.0,real_delta_india
2026-06-10T17:30:00+00:00,4111.1,4115.29,4102.4,4113.5,1216415.0,real_delta_india
2026-06-10T18:00:00+00:00,4114.0,4122.2,4110.8,4113.5,633281.0,real_delta_india
2026-06-10T18:30:00+00:00,4112.7,4113.0,4099.1,4104.1,753527.0,real_delta_india
2026-06-10T19:00:00+00:00,4104.3,4104.9,4083.0,4086.4,1220275.0,real_delta_india
2026-06-10T19:30:00+00:00,4086.4,4094.0,4083.7,4086.1,556093.0,real_delta_india
2026-06-10T20:00:00+00:00,4086.0,4086.4,4072.2,4080.0,561234.0,real_delta_india
2026-06-10T20:30:00+00:00,4078.5,4079.6,4067.9,4072.6,250215.0,real_delta_india
2026-06-10T21:00:00+00:00,4072.1,4074.5,4069.4,4073.0,84055.0,real_delta_india
2026-06-10T21:30:00+00:00,4073.5,4076.8,4073.5,4075.2,69835.0,real_delta_india
2026-06-10T22:00:00+00:00,4075.3,4076.1,4035.7,4044.6,915907.0,real_delta_india
2026-06-10T22:30:00+00:00,4045.3,4068.7,4045.1,4046.4,596579.0,real_delta_india
2026-06-10T23:00:00+00:00,4046.4,4064.9,4023.7,4061.9,573175.0,real_delta_india
2026-06-10T23:30:00+00:00,4061.4,4065.2,4045.2,4048.3,396760.0,real_delta_india
2026-06-11T00:00:00+00:00,4048.5,4074.0,4038.4,4069.2,628534.0,real_delta_india
2026-06-11T00:30:00+00:00,4069.8,4080.3,4062.3,4078.5,529015.0,real_delta_india
2026-06-11T01:00:00+00:00,4078.0,4108.9,4068.5,4104.3,1015837.0,real_delta_india
2026-06-11T01:30:00+00:00,4104.8,4118.2,4098.2,4101.2,946015.0,real_delta_india
2026-06-11T02:00:00+00:00,4101.6,4102.1,4082.7,4083.2,604890.0,real_delta_india
2026-06-11T02:30:00+00:00,4083.6,4086.6,4055.4,4070.8,915568.0,real_delta_india
2026-06-11T03:00:00+00:00,4071.0,4081.0,4060.4,4066.4,595955.0,real_delta_india
2026-06-11T03:30:00+00:00,4066.6,4080.0,4066.3,4077.4,409097.0,real_delta_india
2026-06-11T04:00:00+00:00,4077.4,4088.8,4075.29,4081.4,600501.0,real_delta_india
2026-06-11T04:30:00+00:00,4082.0,4089.1,4078.0,4085.5,572133.0,real_delta_india
2026-06-11T05:00:00+00:00,4085.9,4086.0,4074.8,4077.4,404371.0,real_delta_india
2026-06-11T05:30:00+00:00,4077.84,4107.4,4077.84,4094.8,1231971.0,real_delta_india
2026-06-11T06:00:00+00:00,4095.0,4095.24,4078.05,4087.7,860848.0,real_delta_india
2026-06-11T06:30:00+00:00,4088.1,4097.3,4084.2,4094.8,559285.0,real_delta_india
2026-06-11T07:00:00+00:00,4095.6,4110.8,4092.8,4108.6,560528.0,real_delta_india
2026-06-11T07:30:00+00:00,4108.3,4110.96,4100.6,4105.7,697940.0,real_delta_india
2026-06-11T08:00:00+00:00,4105.8,4113.8,4098.8,4099.6,688196.0,real_delta_india
2026-06-11T08:30:00+00:00,4099.6,4101.4,4086.4,4086.4,765096.0,real_delta_india
2026-06-11T09:00:00+00:00,4086.0,4090.2,4080.3,4080.8,648227.0,real_delta_india
2026-06-11T09:30:00+00:00,4080.9,4098.1,4078.4,4092.0,672092.0,real_delta_india
2026-06-11T10:00:00+00:00,4092.4,4094.9,4086.9,4088.3,471110.0,real_delta_india
2026-06-11T10:30:00+00:00,4088.7,4093.7,4087.8,4090.8,221294.0,real_delta_india
2026-06-11T11:00:00+00:00,4090.6,4093.9,4084.1,4091.0,357177.0,real_delta_india
2026-06-11T11:30:00+00:00,4091.3,4096.6,4081.2,4082.0,514357.0,real_delta_india
2026-06-11T12:00:00+00:00,4082.5,4088.0,4061.6,4068.3,1308861.0,real_delta_india
2026-06-11T12:30:00+00:00,4067.9,4085.6,4057.2,4082.0,1342797.0,real_delta_india
2026-06-11T13:00:00+00:00,4082.0,4085.1,4071.7,4077.2,585028.0,real_delta_india
2026-06-11T13:30:00+00:00,4077.4,4094.4,4068.1,4085.2,1504176.0,real_delta_india
2026-06-11T14:00:00+00:00,4085.2,4086.7,4055.7,4075.7,1762520.0,real_delta_india
2026-06-11T14:30:00+00:00,4075.7,4083.2,4071.2,4073.5,1072785.0,real_delta_india
2026-06-11T15:00:00+00:00,4073.5,4090.0,4071.0,4082.8,1329617.0,real_delta_india
2026-06-11T15:30:00+00:00,4082.8,4094.9,4078.6,4089.3,747908.0,real_delta_india
2026-06-11T16:00:00+00:00,4089.7,4106.8,4078.9,4079.6,1589892.0,real_delta_india
2026-06-11T16:30:00+00:00,4079.6,4088.6,4078.1,4079.3,831926.0,real_delta_india
2026-06-11T17:00:00+00:00,4079.3,4101.1,4070.3,4100.2,1662747.0,real_delta_india
2026-06-11T17:30:00+00:00,4100.5,4165.6,4100.5,4145.7,3949384.0,real_delta_india
2026-06-11T18:00:00+00:00,4146.2,4158.9,4126.5,4147.6,1578864.0,real_delta_india
2026-06-11T18:30:00+00:00,4148.1,4166.4,4145.9,4156.5,950858.0,real_delta_india
2026-06-11T19:00:00+00:00,4157.7,4191.7,4157.7,4187.9,1309967.0,real_delta_india
2026-06-11T19:30:00+00:00,4188.91,4211.5,4188.91,4200.1,1140596.0,real_delta_india
2026-06-11T20:00:00+00:00,4201.6,4209.0,4200.3,4203.7,411162.0,real_delta_india
2026-06-11T20:30:00+00:00,4203.7,4205.6,4197.9,4202.7,228118.0,real_delta_india
2026-06-11T21:00:00+00:00,4203.37,4204.4,4198.4,4198.7,77900.0,real_delta_india
2026-06-11T21:30:00+00:00,4198.8,4201.0,4196.3,4200.8,59509.0,real_delta_india
2026-06-11T22:00:00+00:00,4202.13,4209.4,4196.5,4204.1,179381.0,real_delta_india
2026-06-11T22:30:00+00:00,4205.3,4237.9,4202.9,4234.4,556011.0,real_delta_india
2026-06-11T23:00:00+00:00,4236.9,4236.9,4205.8,4206.7,200941.0,real_delta_india
2026-06-11T23:30:00+00:00,4208.5,4216.9,4206.5,4211.8,253098.0,real_delta_india
2026-06-12T00:00:00+00:00,4212.9,4222.0,4200.1,4213.4,288157.0,real_delta_india
2026-06-12T00:30:00+00:00,4213.1,4220.4,4192.0,4199.4,451901.0,real_delta_india
2026-06-12T01:00:00+00:00,4200.0,4202.2,4171.8,4172.5,807633.0,real_delta_india
2026-06-12T01:30:00+00:00,4172.3,4183.8,4164.2,4179.5,754169.0,real_delta_india
2026-06-12T02:00:00+00:00,4179.4,4192.4,4176.6,4181.7,396346.0,real_delta_india
2026-06-12T02:30:00+00:00,4181.4,4186.4,4175.5,4184.2,379571.0,real_delta_india
2026-06-12T03:00:00+00:00,4183.9,4196.6,4182.6,4196.1,563290.0,real_delta_india
2026-06-12T03:30:00+00:00,4195.9,4197.3,4189.0,4190.9,472884.0,real_delta_india
2026-06-12T04:00:00+00:00,4190.7,4193.7,4184.0,4186.0,425495.0,real_delta_india
2026-06-12T04:30:00+00:00,4186.1,4191.7,4183.1,4183.5,480640.0,real_delta_india
2026-06-12T05:00:00+00:00,4185.0,4185.95,4175.5,4180.9,535260.0,real_delta_india
2026-06-12T05:30:00+00:00,4180.3,4180.6,4165.1,4167.4,707835.0,real_delta_india
2026-06-12T06:00:00+00:00,4167.4,4178.8,4167.4,4175.9,548733.0,real_delta_india
2026-06-12T06:30:00+00:00,4174.76,4177.0,4165.8,4176.8,582083.0,real_delta_india
2026-06-12T07:00:00+00:00,4176.89,4176.89,4167.7,4168.0,503150.0,real_delta_india
2026-06-12T07:30:00+00:00,4168.0,4185.7,4161.6,4185.7,1130105.0,real_delta_india
2026-06-12T08:00:00+00:00,4186.35,4212.5,4184.0,4206.2,1833777.0,real_delta_india
2026-06-12T08:30:00+00:00,4206.9,4216.9,4203.8,4211.8,843200.0,real_delta_india
2026-06-12T09:00:00+00:00,4211.8,4218.0,4210.1,4212.4,491359.0,real_delta_india
2026-06-12T09:30:00+00:00,4211.9,4219.4,4210.5,4212.6,568803.0,real_delta_india
2026-06-12T10:00:00+00:00,4211.6,4216.0,4194.2,4198.3,1022070.0,real_delta_india
2026-06-12T10:30:00+00:00,4198.5,4210.4,4198.0,4202.8,738690.0,real_delta_india
2026-06-12T11:00:00+00:00,4203.1,4204.1,4193.9,4194.3,571756.0,real_delta_india
2026-06-12T11:30:00+00:00,4194.6,4206.9,4189.7,4198.6,927332.0,real_delta_india
2026-06-12T12:00:00+00:00,4198.7,4206.4,4191.6,4192.1,756621.0,real_delta_india
2026-06-12T12:30:00+00:00,4192.7,4193.7,4181.3,4184.8,1102065.0,real_delta_india
2026-06-12T13:00:00+00:00,4184.6,4198.63,4179.54,4195.2,811105.0,real_delta_india
2026-06-12T13:30:00+00:00,4194.5,4201.8,4174.5,4177.7,1591037.0,real_delta_india
2026-06-12T14:00:00+00:00,4177.7,4191.4,4175.3,4181.0,747629.0,real_delta_india
2026-06-12T14:30:00+00:00,4181.2,4199.9,4170.6,4196.1,1325858.0,real_delta_india
2026-06-12T15:00:00+00:00,4196.5,4227.2,4193.0,4216.9,2257425.0,real_delta_india
2026-06-12T15:30:00+00:00,4217.2,4220.0,4198.0,4202.6,1346708.0,real_delta_india
2026-06-12T16:00:00+00:00,4203.1,4224.6,4199.5,4210.0,862634.0,real_delta_india
2026-06-12T16:30:00+00:00,4209.3,4212.4,4204.1,4208.0,550260.0,real_delta_india
2026-06-12T17:00:00+00:00,4209.0,4217.2,4206.3,4210.4,772493.0,real_delta_india
2026-06-12T17:30:00+00:00,4210.4,4215.0,4205.0,4212.3,317930.0,real_delta_india
2026-06-12T18:00:00+00:00,4212.3,4224.9,4208.8,4217.92,710594.0,real_delta_india
2026-06-12T18:30:00+00:00,4217.7,4220.2,4205.3,4206.4,391641.0,real_delta_india
2026-06-12T19:00:00+00:00,4206.4,4210.0,4199.4,4200.0,390041.0,real_delta_india
2026-06-12T19:30:00+00:00,4200.0,4203.1,4192.9,4203.1,339970.0,real_delta_india
2026-06-12T20:00:00+00:00,4202.8,4207.4,4200.9,4205.1,107560.0,real_delta_india
2026-06-12T20:30:00+00:00,4204.4,4209.9,4203.2,4209.9,98272.0,real_delta_india
2026-06-12T21:00:00+00:00,4209.2,4209.8,4203.5,4206.4,84767.0,real_delta_india
2026-06-12T21:30:00+00:00,4205.5,4206.2,4203.7,4204.2,2556.0,real_delta_india
2026-06-12T22:00:00+00:00,4203.9,4205.5,4202.2,4202.7,35423.0,real_delta_india
2026-06-12T22:30:00+00:00,4202.4,4207.3,4201.5,4205.9,47845.0,real_delta_india
2026-06-12T23:00:00+00:00,4205.0,4205.7,4204.1,4205.3,10847.0,real_delta_india
2026-06-12T23:30:00+00:00,4204.8,4208.6,4204.8,4208.6,16230.0,real_delta_india
2026-06-13T00:00:00+00:00,4208.4,4208.6,4206.9,4207.0,9269.0,real_delta_india
2026-06-13T00:30:00+00:00,4207.0,4208.4,4207.0,4207.0,37935.0,real_delta_india
2026-06-13T01:00:00+00:00,4206.57,4206.9,4205.3,4205.7,13363.0,real_delta_india
2026-06-13T01:30:00+00:00,4205.7,4209.1,4205.5,4209.1,30998.0,real_delta_india
2026-06-13T02:00:00+00:00,4209.1,4209.1,4206.4,4207.4,19706.0,real_delta_india
2026-06-13T02:30:00+00:00,4207.4,4207.4,4204.0,4205.4,50995.0,real_delta_india
2026-06-13T03:00:00+00:00,4205.8,4206.4,4204.3,4204.3,28006.0,real_delta_india
2026-06-13T03:30:00+00:00,4204.3,4207.4,4203.9,4206.5,82123.0,real_delta_india
2026-06-13T04:00:00+00:00,4206.3,4207.8,4206.3,4207.0,27292.0,real_delta_india
2026-06-13T04:30:00+00:00,4207.2,4211.2,4207.0,4209.6,123600.0,real_delta_india
2026-06-13T05:00:00+00:00,4209.6,4209.7,4208.1,4208.5,49700.0,real_delta_india
2026-06-13T05:30:00+00:00,4208.5,4208.8,4207.6,4208.2,25529.0,real_delta_india
2026-06-13T06:00:00+00:00,4208.0,4209.4,4207.2,4209.3,36094.0,real_delta_india
2026-06-13T06:30:00+00:00,4209.1,4211.5,4208.7,4211.1,96802.0,real_delta_india
2026-06-13T07:00:00+00:00,4211.1,4213.4,4210.6,4212.9,93835.0,real_delta_india
2026-06-13T07:30:00+00:00,4212.9,4214.5,4211.0,4211.7,104848.0,real_delta_india
2026-06-13T08:00:00+00:00,4211.5,4212.8,4210.5,4211.3,42392.0,real_delta_india
2026-06-13T08:30:00+00:00,4211.1,4212.0,4208.6,4209.3,51622.0,real_delta_india
2026-06-13T09:00:00+00:00,4209.2,4211.0,4208.2,4210.9,51822.0,real_delta_india
2026-06-13T09:30:00+00:00,4210.8,4211.0,4209.5,4209.8,26679.0,real_delta_india
2026-06-13T10:00:00+00:00,4209.6,4209.7,4208.3,4209.1,20157.0,real_delta_india
2026-06-13T10:30:00+00:00,4209.3,4209.7,4208.1,4208.7,38896.0,real_delta_india
2026-06-13T11:00:00+00:00,4208.8,4209.4,4208.0,4209.2,21805.0,real_delta_india
2026-06-13T11:30:00+00:00,4209.4,4209.9,4209.2,4209.6,26958.0,real_delta_india
2026-06-13T12:00:00+00:00,4209.6,4212.7,4209.6,4212.5,29893.0,real_delta_india
2026-06-13T12:30:00+00:00,4212.7,4213.9,4212.5,4213.8,46964.0,real_delta_india
2026-06-13T13:00:00+00:00,4213.77,4215.2,4212.1,4214.8,115906.0,real_delta_india
2026-06-13T13:30:00+00:00,4215.0,4215.0,4212.8,4214.0,39863.0,real_delta_india
2026-06-13T14:00:00+00:00,4214.0,4214.2,4208.8,4209.8,66538.0,real_delta_india
2026-06-13T14:30:00+00:00,4209.79,4211.9,4209.7,4211.9,68340.0,real_delta_india
2026-06-13T15:00:00+00:00,4211.9,4216.9,4211.7,4216.7,55575.0,real_delta_india
2026-06-13T15:30:00+00:00,4216.7,4216.9,4213.7,4216.0,74848.0,real_delta_india
2026-06-13T16:00:00+00:00,4215.3,4216.1,4213.6,4213.8,45895.0,real_delta_india
2026-06-13T16:30:00+00:00,4213.8,4218.3,4197.4,4215.4,158407.0,real_delta_india
2026-06-13T17:00:00+00:00,4215.4,4215.6,4213.7,4215.1,33009.0,real_delta_india
2026-06-13T17:30:00+00:00,4215.2,4215.4,4212.5,4213.0,25612.0,real_delta_india
2026-06-13T18:00:00+00:00,4213.2,4213.2,4210.7,4212.7,24423.0,real_delta_india
2026-06-13T18:30:00+00:00,4212.7,4214.9,4212.5,4213.5,46223.0,real_delta_india
2026-06-13T19:00:00+00:00,4213.5,4213.5,4212.6,4212.8,11962.0,real_delta_india
2026-06-13T19:30:00+00:00,4212.8,4215.9,4212.6,4215.6,27183.0,real_delta_india
2026-06-13T20:00:00+00:00,4215.8,4216.6,4215.6,4215.8,9055.0,real_delta_india
2026-06-13T20:30:00+00:00,4215.6,4215.8,4215.0,4215.8,7321.0,real_delta_india
2026-06-13T21:00:00+00:00,4215.8,4218.6,4215.6,4217.4,20460.0,real_delta_india
2026-06-13T21:30:00+00:00,4217.2,4224.3,4216.7,4224.2,65280.0,real_delta_india
2026-06-13T22:00:00+00:00,4224.0,4224.9,4222.0,4222.5,31626.0,real_delta_india
2026-06-13T22:30:00+00:00,4223.2,4223.2,4222.5,4222.5,2475.0,real_delta_india
2026-06-13T23:00:00+00:00,4222.4,4222.4,4218.6,4220.9,31076.0,real_delta_india
2026-06-13T23:30:00+00:00,4220.9,4221.6,4218.1,4219.5,3780.0,real_delta_india
2026-06-14T00:00:00+00:00,4219.1,4220.9,4218.1,4220.9,7202.0,real_delta_india
2026-06-14T00:30:00+00:00,4220.9,4223.4,4220.6,4223.4,11124.0,real_delta_india
2026-06-14T01:00:00+00:00,4223.4,4223.4,4222.2,4222.3,27146.0,real_delta_india
2026-06-14T01:30:00+00:00,4222.5,4222.6,4220.2,4220.2,15717.0,real_delta_india
2026-06-14T02:00:00+00:00,4220.4,4221.3,4218.1,4221.2,32734.0,real_delta_india
2026-06-14T02:30:00+00:00,4221.4,4222.3,4221.2,4222.3,24825.0,real_delta_india
2026-06-14T03:00:00+00:00,4222.1,4222.3,4219.3,4219.3,29487.0,real_delta_india
2026-06-14T03:30:00+00:00,4219.3,4220.9,4217.2,4220.9,34682.0,real_delta_india
2026-06-14T04:00:00+00:00,4220.7,4220.9,4220.0,4220.1,7818.0,real_delta_india
2026-06-14T04:30:00+00:00,4220.1,4223.0,4220.0,4222.4,49176.0,real_delta_india
2026-06-14T05:00:00+00:00,4222.4,4224.2,4222.2,4222.9,36173.0,real_delta_india
2026-06-14T05:30:00+00:00,4222.7,4224.1,4222.6,4222.8,21948.0,real_delta_india
2026-06-14T06:00:00+00:00,4223.2,4225.0,4222.9,4224.2,43136.0,real_delta_india
2026-06-14T06:30:00+00:00,4224.6,4224.6,4223.6,4224.0,44556.0,real_delta_india
2026-06-14T07:00:00+00:00,4223.8,4224.2,4223.3,4223.3,18006.0,real_delta_india
2026-06-14T07:30:00+00:00,4223.5,4223.7,4223.4,4223.5,9460.0,real_delta_india
2026-06-14T08:00:00+00:00,4224.0,4230.5,4224.0,4228.7,118844.0,real_delta_india
2026-06-14T08:30:00+00:00,4228.9,4229.7,4226.7,4227.2,30496.0,real_delta_india
2026-06-14T09:00:00+00:00,4227.4,4227.8,4225.4,4227.2,37897.0,real_delta_india
2026-06-14T09:30:00+00:00,4227.6,4230.0,4225.8,4225.8,43258.0,real_delta_india
2026-06-14T10:00:00+00:00,4225.8,4228.0,4224.5,4227.0,34241.0,real_delta_india
2026-06-14T10:30:00+00:00,4227.3,4228.4,4220.3,4220.6,62878.0,real_delta_india
2026-06-14T11:00:00+00:00,4220.8,4221.9,4220.1,4221.4,54836.0,real_delta_india
2026-06-14T11:30:00+00:00,4221.4,4223.7,4221.2,4223.1,54090.0,real_delta_india
2026-06-14T12:00:00+00:00,4222.8,4225.6,4222.3,4224.7,25914.0,real_delta_india
2026-06-14T12:30:00+00:00,4224.7,4224.7,4217.6,4219.0,71410.0,real_delta_india
2026-06-14T13:00:00+00:00,4219.0,4221.3,4216.3,4217.1,83286.0,real_delta_india
2026-06-14T13:30:00+00:00,4217.3,4217.7,4214.5,4214.9,46014.0,real_delta_india
2026-06-14T14:00:00+00:00,4215.2,4217.8,4214.2,4214.4,86019.0,real_delta_india
2026-06-14T14:30:00+00:00,4214.4,4224.0,4213.0,4223.8,194412.0,real_delta_india
2026-06-14T15:00:00+00:00,4224.0,4226.5,4221.5,4223.2,179269.0,real_delta_india
2026-06-14T15:30:00+00:00,4223.0,4223.0,4218.7,4219.2,61208.0,real_delta_india
2026-06-14T16:00:00+00:00,4219.2,4223.7,4218.0,4223.2,62232.0,real_delta_india
2026-06-14T16:30:00+00:00,4223.4,4223.4,4220.3,4221.1,34989.0,real_delta_india
2026-06-14T17:00:00+00:00,4221.1,4222.6,4221.0,4221.6,26656.0,real_delta_india
2026-06-14T17:30:00+00:00,4221.55,4222.6,4219.8,4220.0,42508.0,real_delta_india
2026-06-14T18:00:00+00:00,4220.0,4220.0,4215.91,4217.4,78553.0,real_delta_india
2026-06-14T18:30:00+00:00,4217.4,4219.4,4216.3,4219.1,20716.0,real_delta_india
2026-06-14T19:00:00+00:00,4219.1,4219.4,4217.5,4218.58,26322.0,real_delta_india
2026-06-14T19:30:00+00:00,4218.9,4220.9,4218.9,4219.8,14757.0,real_delta_india
2026-06-14T20:00:00+00:00,4219.8,4220.6,4217.0,4219.9,20554.0,real_delta_india
2026-06-14T20:30:00+00:00,4219.3,4225.9,4219.1,4221.7,59358.0,real_delta_india
2026-06-14T21:00:00+00:00,4222.0,4249.3,4222.0,4239.8,279167.0,real_delta_india
2026-06-14T21:30:00+00:00,4242.8,4277.2,4242.8,4277.2,336483.0,real_delta_india
2026-06-14T22:00:00+00:00,4271.1,4300.51,4260.4,4280.4,556446.0,real_delta_india
2026-06-14T22:30:00+00:00,4278.3,4284.4,4273.6,4278.3,142649.0,real_delta_india
2026-06-14T23:00:00+00:00,4278.3,4279.6,4273.1,4274.6,112701.0,real_delta_india
2026-06-14T23:30:00+00:00,4275.36,4286.5,4274.2,4285.9,187611.0,real_delta_india
2026-06-15T00:00:00+00:00,4285.7,4298.35,4284.7,4291.0,326433.0,real_delta_india
2026-06-15T00:30:00+00:00,4291.9,4296.0,4282.0,4282.8,227150.0,real_delta_india
2026-06-15T01:00:00+00:00,4283.4,4295.6,4277.5,4294.0,315057.0,real_delta_india
2026-06-15T01:30:00+00:00,4294.4,4308.6,4291.3,4306.1,744605.0,real_delta_india
2026-06-15T02:00:00+00:00,4306.5,4320.4,4306.5,4317.5,606700.0,real_delta_india
2026-06-15T02:30:00+00:00,4317.7,4324.6,4316.6,4318.2,404537.0,real_delta_india
2026-06-15T03:00:00+00:00,4318.4,4320.0,4310.4,4313.5,374734.0,real_delta_india
2026-06-15T03:30:00+00:00,4313.1,4317.0,4311.2,4314.0,281754.0,real_delta_india
2026-06-15T04:00:00+00:00,4314.0,4316.1,4310.8,4316.0,186699.0,real_delta_india
2026-06-15T04:30:00+00:00,4316.0,4318.5,4314.2,4316.9,241733.0,real_delta_india
2026-06-15T05:00:00+00:00,4316.9,4322.1,4313.1,4318.7,334951.0,real_delta_india
2026-06-15T05:30:00+00:00,4319.0,4321.4,4297.8,4299.8,1135025.0,real_delta_india
2026-06-15T06:00:00+00:00,4299.6,4302.2,4293.2,4295.2,567229.0,real_delta_india
2026-06-15T06:30:00+00:00,4295.2,4300.0,4292.1,4297.9,459740.0,real_delta_india
2026-06-15T07:00:00+00:00,4298.8,4308.4,4295.9,4306.7,740952.0,real_delta_india
2026-06-15T07:30:00+00:00,4307.1,4313.4,4301.9,4312.4,654976.0,real_delta_india
2026-06-15T08:00:00+00:00,4312.2,4320.2,4311.2,4316.8,664931.0,real_delta_india
2026-06-15T08:30:00+00:00,4317.0,4333.0,4315.8,4323.0,1232667.0,real_delta_india
2026-06-15T09:00:00+00:00,4323.0,4331.9,4322.7,4327.6,524978.0,real_delta_india
2026-06-15T09:30:00+00:00,4327.2,4329.8,4323.91,4325.9,307671.0,real_delta_india
2026-06-15T10:00:00+00:00,4326.0,4329.2,4324.4,4326.8,167704.0,real_delta_india
2026-06-15T10:30:00+00:00,4326.2,4330.2,4323.9,4327.4,262019.0,real_delta_india
2026-06-15T11:00:00+00:00,4326.9,4330.6,4325.0,4330.2,253624.0,real_delta_india
2026-06-15T11:30:00+00:00,4330.8,4336.5,4320.8,4323.6,1345454.0,real_delta_india
2026-06-15T12:00:00+00:00,4323.6,4326.4,4313.7,4325.3,1267779.0,real_delta_india
2026-06-15T12:30:00+00:00,4326.0,4338.0,4323.8,4337.2,1148662.0,real_delta_india
2026-06-15T13:00:00+00:00,4337.4,4345.1,4328.8,4341.7,1180580.0,real_delta_india
2026-06-15T13:30:00+00:00,4342.6,4356.4,4341.6,4342.4,1904269.0,real_delta_india
2026-06-15T14:00:00+00:00,4342.8,4356.5,4341.1,4349.9,1382217.0,real_delta_india
2026-06-15T14:30:00+00:00,4350.8,4352.7,4340.5,4343.6,670340.0,real_delta_india
2026-06-15T15:00:00+00:00,4343.6,4346.6,4335.8,4341.2,1098718.0,real_delta_india
2026-06-15T15:30:00+00:00,4341.2,4347.4,4336.5,4343.9,658654.0,real_delta_india
2026-06-15T16:00:00+00:00,4343.7,4345.5,4326.1,4329.7,1124250.0,real_delta_india
2026-06-15T16:30:00+00:00,4329.7,4329.7,4320.8,4325.8,1086194.0,real_delta_india
2026-06-15T17:00:00+00:00,4325.6,4325.6,4315.8,4317.3,1488345.0,real_delta_india
2026-06-15T17:30:00+00:00,4316.7,4316.7,4307.3,4311.8,1097274.0,real_delta_india
2026-06-15T18:00:00+00:00,4312.0,4316.6,4304.8,4312.7,870843.0,real_delta_india
2026-06-15T18:30:00+00:00,4312.8,4314.9,4309.4,4312.8,348859.0,real_delta_india
2026-06-15T19:00:00+00:00,4313.0,4313.9,4308.3,4308.9,371719.0,real_delta_india
2026-06-15T19:30:00+00:00,4310.0,4311.5,4303.4,4307.4,197209.0,real_delta_india
2026-06-15T20:00:00+00:00,4307.9,4308.7,4298.5,4300.1,463404.0,real_delta_india
2026-06-15T20:30:00+00:00,4300.1,4300.3,4295.2,4297.5,330002.0,real_delta_india
2026-06-15T21:00:00+00:00,4298.5,4300.2,4297.5,4299.7,49912.0,real_delta_india
2026-06-15T21:30:00+00:00,4299.7,4300.6,4296.4,4296.4,27937.0,real_delta_india
2026-06-15T22:00:00+00:00,4296.4,4302.6,4293.95,4295.7,136320.0,real_delta_india
2026-06-15T22:30:00+00:00,4296.5,4301.8,4294.6,4299.4,98648.0,real_delta_india
2026-06-15T23:00:00+00:00,4299.4,4303.8,4299.4,4302.7,87179.0,real_delta_india
2026-06-15T23:30:00+00:00,4303.5,4306.5,4300.6,4303.4,197092.0,real_delta_india
2026-06-16T00:00:00+00:00,4302.6,4306.0,4295.0,4296.2,182057.0,real_delta_india
2026-06-16T00:30:00+00:00,4296.2,4308.0,4295.8,4307.0,232193.0,real_delta_india
2026-06-16T01:00:00+00:00,4306.2,4313.2,4304.3,4306.3,400288.0,real_delta_india
2026-06-16T01:30:00+00:00,4308.0,4308.4,4300.4,4301.3,239402.0,real_delta_india
2026-06-16T02:00:00+00:00,4301.9,4301.9,4296.0,4300.2,353503.0,real_delta_india
2026-06-16T02:30:00+00:00,4300.0,4307.7,4297.6,4306.5,376675.0,real_delta_india
2026-06-16T03:00:00+00:00,4306.5,4310.73,4304.1,4309.6,249199.0,real_delta_india
2026-06-16T03:30:00+00:00,4310.3,4321.1,4308.6,4319.9,590818.0,real_delta_india
2026-06-16T04:00:00+00:00,4319.9,4320.9,4310.7,4311.1,520940.0,real_delta_india
2026-06-16T04:30:00+00:00,4310.8,4312.8,4308.3,4310.0,337658.0,real_delta_india
2026-06-16T05:00:00+00:00,4310.0,4316.98,4309.4,4314.6,376906.0,real_delta_india
2026-06-16T05:30:00+00:00,4314.9,4317.7,4302.5,4303.7,704259.0,real_delta_india
2026-06-16T06:00:00+00:00,4304.0,4307.7,4301.5,4305.3,284797.0,real_delta_india
2026-06-16T06:30:00+00:00,4305.5,4313.2,4303.2,4313.1,363826.0,real_delta_india
2026-06-16T07:00:00+00:00,4313.3,4317.8,4311.5,4317.5,657959.0,real_delta_india
2026-06-16T07:30:00+00:00,4317.5,4323.8,4314.1,4323.0,840832.0,real_delta_india
2026-06-16T08:00:00+00:00,4323.4,4329.8,4320.9,4329.2,717234.0,real_delta_india
2026-06-16T08:30:00+00:00,4329.0,4335.6,4326.8,4334.4,723548.0,real_delta_india
2026-06-16T09:00:00+00:00,4334.4,4336.2,4325.9,4326.3,563352.0,real_delta_india
2026-06-16T09:30:00+00:00,4326.6,4335.4,4326.6,4332.3,547997.0,real_delta_india
2026-06-16T10:00:00+00:00,4332.4,4333.6,4329.8,4331.8,282384.0,real_delta_india
2026-06-16T10:30:00+00:00,4331.8,4336.5,4329.6,4336.0,337692.0,real_delta_india
2026-06-16T11:00:00+00:00,4335.7,4336.8,4326.3,4329.8,648140.0,real_delta_india
2026-06-16T11:30:00+00:00,4329.3,4329.3,4321.9,4328.5,594756.0,real_delta_india
2026-06-16T12:00:00+00:00,4328.3,4332.6,4325.1,4330.84,1007988.0,real_delta_india
2026-06-16T12:30:00+00:00,4331.0,4342.1,4329.5,4341.8,1381674.0,real_delta_india
2026-06-16T13:00:00+00:00,4341.7,4341.7,4319.13,4321.8,1540911.0,real_delta_india
2026-06-16T13:30:00+00:00,4322.1,4327.8,4319.4,4319.6,920792.0,real_delta_india
2026-06-16T14:00:00+00:00,4319.5,4325.7,4304.1,4306.2,1517142.0,real_delta_india
2026-06-16T14:30:00+00:00,4306.0,4315.11,4299.7,4310.0,1461914.0,real_delta_india
2026-06-16T15:00:00+00:00,4310.1,4315.7,4307.9,4312.4,821770.0,real_delta_india
2026-06-16T15:30:00+00:00,4312.7,4331.4,4309.7,4323.2,1296792.0,real_delta_india
2026-06-16T16:00:00+00:00,4323.0,4334.2,4322.0,4332.0,990453.0,real_delta_india
2026-06-16T16:30:00+00:00,4332.1,4333.2,4326.4,4327.2,751522.0,real_delta_india
2026-06-16T17:00:00+00:00,4327.0,4328.2,4313.4,4322.5,1331528.0,real_delta_india
2026-06-16T17:30:00+00:00,4322.5,4328.6,4321.6,4328.3,696710.0,real_delta_india
2026-06-16T18:00:00+00:00,4328.0,4331.1,4326.7,4328.8,376682.0,real_delta_india
2026-06-16T18:30:00+00:00,4329.0,4330.4,4323.6,4326.2,372239.0,real_delta_india
2026-06-16T19:00:00+00:00,4326.0,4330.2,4324.0,4327.9,232809.0,real_delta_india
2026-06-16T19:30:00+00:00,4327.1,4327.8,4319.4,4321.6,188114.0,real_delta_india
2026-06-16T20:00:00+00:00,4321.1,4322.6,4319.2,4321.9,72624.0,real_delta_india
2026-06-16T20:30:00+00:00,4321.6,4323.2,4319.9,4320.8,48089.0,real_delta_india
2026-06-16T21:00:00+00:00,4320.9,4321.3,4320.0,4320.3,13618.0,real_delta_india
2026-06-16T21:30:00+00:00,4320.1,4321.5,4319.7,4321.3,21808.0,real_delta_india
2026-06-16T22:00:00+00:00,4321.9,4322.8,4316.5,4317.4,74553.0,real_delta_india
2026-06-16T22:30:00+00:00,4317.72,4322.8,4317.72,4322.2,40522.0,real_delta_india
2026-06-16T23:00:00+00:00,4321.9,4325.5,4321.3,4323.9,70865.0,real_delta_india
2026-06-16T23:30:00+00:00,4323.9,4324.1,4316.3,4318.0,33765.0,real_delta_india
2026-06-17T00:00:00+00:00,4318.0,4328.9,4315.8,4324.8,154887.0,real_delta_india
2026-06-17T00:30:00+00:00,4324.6,4326.6,4319.5,4323.4,80558.0,real_delta_india
2026-06-17T01:00:00+00:00,4323.0,4336.8,4321.69,4330.6,359274.0,real_delta_india
2026-06-17T01:30:00+00:00,4330.6,4331.1,4323.4,4329.0,248831.0,real_delta_india
2026-06-17T02:00:00+00:00,4329.0,4332.2,4327.4,4328.1,215560.0,real_delta_india
2026-06-17T02:30:00+00:00,4328.9,4331.7,4318.0,4319.9,435459.0,real_delta_india
2026-06-17T03:00:00+00:00,4319.5,4322.0,4316.7,4319.5,193742.0,real_delta_india
2026-06-17T03:30:00+00:00,4319.5,4321.0,4318.0,4319.9,152833.0,real_delta_india
2026-06-17T04:00:00+00:00,4319.9,4320.7,4311.5,4311.7,421974.0,real_delta_india
2026-06-17T04:30:00+00:00,4312.4,4314.0,4306.4,4314.0,616543.0,real_delta_india
2026-06-17T05:00:00+00:00,4314.4,4315.3,4308.0,4314.2,429555.0,real_delta_india
2026-06-17T05:30:00+00:00,4314.5,4320.7,4311.2,4313.3,498732.0,real_delta_india
2026-06-17T06:00:00+00:00,4313.1,4316.8,4307.7,4311.9,393286.0,real_delta_india
2026-06-17T06:30:00+00:00,4312.2,4318.7,4309.8,4318.7,267489.0,real_delta_india
2026-06-17T07:00:00+00:00,4318.5,4320.0,4313.6,4315.68,377019.0,real_delta_india
2026-06-17T07:30:00+00:00,4315.4,4319.1,4311.9,4312.2,263782.0,real_delta_india
2026-06-17T08:00:00+00:00,4312.3,4314.3,4307.6,4311.5,341294.0,real_delta_india
2026-06-17T08:30:00+00:00,4311.2,4312.8,4305.0,4312.3,490058.0,real_delta_india
2026-06-17T09:00:00+00:00,4312.3,4320.2,4308.9,4319.1,387691.0,real_delta_india
2026-06-17T09:30:00+00:00,4319.6,4323.0,4313.5,4316.3,493069.0,real_delta_india
2026-06-17T10:00:00+00:00,4316.6,4317.7,4313.6,4316.0,212540.0,real_delta_india
2026-06-17T10:30:00+00:00,4316.2,4322.1,4314.4,4318.0,258799.0,real_delta_india
2026-06-17T11:00:00+00:00,4318.0,4319.2,4314.6,4315.5,255162.0,real_delta_india
2026-06-17T11:30:00+00:00,4315.7,4315.8,4308.2,4310.5,424929.0,real_delta_india
2026-06-17T12:00:00+00:00,4310.7,4314.3,4307.7,4312.3,419517.0,real_delta_india
2026-06-17T12:30:00+00:00,4311.6,4322.1,4310.2,4320.7,627886.0,real_delta_india
2026-06-17T13:00:00+00:00,4320.7,4325.7,4312.1,4323.26,1198685.0,real_delta_india
2026-06-17T13:30:00+00:00,4323.26,4332.5,4319.7,4327.0,1254536.0,real_delta_india
2026-06-17T14:00:00+00:00,4327.2,4349.2,4323.4,4347.3,1506724.0,real_delta_india
2026-06-17T14:30:00+00:00,4347.6,4351.0,4319.1,4331.3,1774391.0,real_delta_india
2026-06-17T15:00:00+00:00,4331.9,4345.9,4330.3,4341.7,798218.0,real_delta_india
2026-06-17T15:30:00+00:00,4341.9,4351.5,4341.5,4349.9,677893.0,real_delta_india
2026-06-17T16:00:00+00:00,4350.8,4353.9,4347.8,4353.0,1325759.0,real_delta_india
2026-06-17T16:30:00+00:00,4353.0,4353.0,4342.5,4346.3,1070403.0,real_delta_india
2026-06-17T17:00:00+00:00,4346.2,4350.9,4342.0,4348.5,764883.0,real_delta_india
2026-06-17T17:30:00+00:00,4348.5,4369.0,4348.3,4366.0,2000436.0,real_delta_india
2026-06-17T18:00:00+00:00,4366.5,4366.5,4270.8,4283.3,4785174.0,real_delta_india
2026-06-17T18:30:00+00:00,4283.8,4321.7,4263.0,4277.5,3305313.0,real_delta_india
2026-06-17T19:00:00+00:00,4277.1,4287.2,4219.91,4221.5,2479935.0,real_delta_india
2026-06-17T19:30:00+00:00,4221.1,4239.6,4212.3,4229.2,1375657.0,real_delta_india
2026-06-17T20:00:00+00:00,4228.1,4259.77,4228.0,4251.1,617907.0,real_delta_india
2026-06-17T20:30:00+00:00,4250.4,4256.6,4248.0,4249.0,108905.0,real_delta_india
2026-06-17T21:00:00+00:00,4249.0,4249.9,4244.1,4247.2,64318.0,real_delta_india
2026-06-17T21:30:00+00:00,4247.2,4249.9,4246.1,4246.8,53567.0,real_delta_india
2026-06-17T22:00:00+00:00,4246.8,4261.11,4246.0,4256.8,129968.0,real_delta_india
2026-06-17T22:30:00+00:00,4256.6,4261.1,4253.2,4257.7,97015.0,real_delta_india
2026-06-17T23:00:00+00:00,4256.5,4273.0,4254.6,4270.5,309845.0,real_delta_india
2026-06-17T23:30:00+00:00,4269.7,4271.5,4260.0,4269.3,134269.0,real_delta_india
2026-06-18T00:00:00+00:00,4270.0,4290.4,4268.5,4290.4,389756.0,real_delta_india
2026-06-18T00:30:00+00:00,4290.4,4303.8,4289.6,4297.9,439204.0,real_delta_india
2026-06-18T01:00:00+00:00,4298.7,4316.6,4296.5,4306.8,571988.0,real_delta_india
2026-06-18T01:30:00+00:00,4307.3,4313.8,4305.0,4306.2,288215.0,real_delta_india
2026-06-18T02:00:00+00:00,4306.8,4318.2,4305.0,4312.7,515707.0,real_delta_india
2026-06-18T02:30:00+00:00,4313.5,4314.2,4299.7,4300.5,329275.0,real_delta_india
2026-06-18T03:00:00+00:00,4300.2,4304.9,4298.5,4303.5,234592.0,real_delta_india
2026-06-18T03:30:00+00:00,4303.4,4310.5,4303.4,4308.6,343646.0,real_delta_india
2026-06-18T04:00:00+00:00,4308.0,4312.2,4300.3,4301.4,473793.0,real_delta_india
2026-06-18T04:30:00+00:00,4301.4,4306.0,4297.2,4302.9,374787.0,real_delta_india
2026-06-18T05:00:00+00:00,4302.7,4310.1,4300.0,4310.1,401927.0,real_delta_india
2026-06-18T05:30:00+00:00,4310.31,4312.7,4290.6,4296.1,868471.0,real_delta_india
2026-06-18T06:00:00+00:00,4297.0,4298.4,4284.9,4292.7,680105.0,real_delta_india
2026-06-18T06:30:00+00:00,4292.9,4295.7,4287.5,4295.2,355347.0,real_delta_india
2026-06-18T07:00:00+00:00,4295.4,4298.6,4289.9,4296.5,710434.0,real_delta_india
2026-06-18T07:30:00+00:00,4296.5,4296.5,4276.5,4277.6,856073.0,real_delta_india
2026-06-18T08:00:00+00:00,4278.0,4281.9,4272.5,4273.5,548496.0,real_delta_india
2026-06-18T08:30:00+00:00,4273.7,4277.6,4255.8,4257.1,837733.0,real_delta_india
2026-06-18T09:00:00+00:00,4257.3,4264.0,4250.3,4257.3,890927.0,real_delta_india
2026-06-18T09:30:00+00:00,4256.6,4263.4,4253.2,4259.0,376995.0,real_delta_india
2026-06-18T10:00:00+00:00,4259.0,4262.4,4252.5,4258.3,478979.0,real_delta_india
2026-06-18T10:30:00+00:00,4258.74,4259.9,4245.0,4246.2,574256.0,real_delta_india
2026-06-18T11:00:00+00:00,4246.2,4246.3,4230.4,4238.8,1214880.0,real_delta_india
2026-06-18T11:30:00+00:00,4239.0,4240.3,4229.5,4231.4,547976.0,real_delta_india
2026-06-18T12:00:00+00:00,4231.6,4258.7,4230.2,4246.0,1549695.0,real_delta_india
2026-06-18T12:30:00+00:00,4245.8,4248.5,4231.4,4237.6,915308.0,real_delta_india
2026-06-18T13:00:00+00:00,4237.6,4255.1,4235.5,4254.3,1392355.0,real_delta_india
2026-06-18T13:30:00+00:00,4255.0,4267.9,4241.6,4246.5,2094893.0,real_delta_india
2026-06-18T14:00:00+00:00,4246.8,4248.7,4227.6,4237.4,1498956.0,real_delta_india
2026-06-18T14:30:00+00:00,4237.4,4246.7,4233.3,4244.6,868147.0,real_delta_india
2026-06-18T15:00:00+00:00,4245.3,4246.6,4225.3,4227.3,1030843.0,real_delta_india
2026-06-18T15:30:00+00:00,4227.0,4227.0,4214.8,4217.5,1348321.0,real_delta_india
2026-06-18T16:00:00+00:00,4217.4,4224.9,4214.3,4217.3,906156.0,real_delta_india
2026-06-18T16:30:00+00:00,4217.3,4221.4,4207.1,4212.4,2053538.0,real_delta_india
2026-06-18T17:00:00+00:00,4212.71,4225.0,4211.8,4219.1,1394786.0,real_delta_india
2026-06-18T17:30:00+00:00,4219.1,4225.9,4215.2,4222.8,578013.0,real_delta_india
2026-06-18T18:00:00+00:00,4223.0,4225.5,4219.0,4219.5,345276.0,real_delta_india
2026-06-18T18:30:00+00:00,4218.5,4218.9,4212.7,4212.7,443451.0,real_delta_india
2026-06-18T19:00:00+00:00,4212.6,4212.8,4195.3,4197.9,1165123.0,real_delta_india
2026-06-18T19:30:00+00:00,4197.9,4211.1,4193.5,4210.5,554690.0,real_delta_india
2026-06-18T20:00:00+00:00,4209.7,4213.0,4208.2,4212.3,179133.0,real_delta_india
2026-06-18T20:30:00+00:00,4211.8,4211.8,4201.6,4203.0,149381.0,real_delta_india
2026-06-18T21:00:00+00:00,4202.6,4207.1,4202.1,4207.0,72754.0,real_delta_india
2026-06-18T21:30:00+00:00,4207.7,4213.0,4207.1,4207.1,32007.0,real_delta_india
2026-06-18T22:00:00+00:00,4203.8,4206.1,4196.8,4198.0,101135.0,real_delta_india
2026-06-18T22:30:00+00:00,4198.1,4202.8,4197.2,4201.4,48824.0,real_delta_india
2026-06-18T23:00:00+00:00,4201.4,4201.4,4186.0,4189.0,390672.0,real_delta_india
2026-06-18T23:30:00+00:00,4188.6,4190.9,4179.7,4181.1,167800.0,real_delta_india
2026-06-19T00:00:00+00:00,4181.5,4190.0,4177.6,4178.4,235164.0,real_delta_india
2026-06-19T00:30:00+00:00,4178.6,4186.4,4178.6,4185.2,156567.0,real_delta_india
2026-06-19T01:00:00+00:00,4185.0,4188.2,4177.66,4183.7,220161.0,real_delta_india
2026-06-19T01:30:00+00:00,4183.7,4183.7,4176.2,4177.2,199975.0,real_delta_india
2026-06-19T02:00:00+00:00,4178.0,4178.6,4167.5,4171.3,419848.0,real_delta_india
2026-06-19T02:30:00+00:00,4171.3,4175.3,4164.4,4170.0,421693.0,real_delta_india
2026-06-19T03:00:00+00:00,4170.0,4170.2,4157.5,4159.3,639137.0,real_delta_india
2026-06-19T03:30:00+00:00,4160.2,4160.4,4139.9,4145.5,588699.0,real_delta_india
2026-06-19T04:00:00+00:00,4145.5,4147.4,4135.0,4139.9,799237.0,real_delta_india
2026-06-19T04:30:00+00:00,4140.9,4140.9,4118.4,4118.9,835109.0,real_delta_india
2026-06-19T05:00:00+00:00,4118.7,4128.5,4115.1,4128.43,957388.0,real_delta_india
2026-06-19T05:30:00+00:00,4128.43,4137.4,4125.7,4135.9,754789.0,real_delta_india
2026-06-19T06:00:00+00:00,4135.79,4142.8,4129.1,4136.6,648635.0,real_delta_india
2026-06-19T06:30:00+00:00,4137.9,4145.7,4127.2,4143.7,867988.0,real_delta_india
2026-06-19T07:00:00+00:00,4143.7,4155.0,4142.9,4145.7,994422.0,real_delta_india
2026-06-19T07:30:00+00:00,4146.7,4156.6,4145.7,4152.0,639093.0,real_delta_india
2026-06-19T08:00:00+00:00,4152.0,4171.8,4149.8,4170.0,1211695.0,real_delta_india
2026-06-19T08:30:00+00:00,4170.3,4172.4,4158.0,4162.7,980889.0,real_delta_india
2026-06-19T09:00:00+00:00,4162.7,4164.3,4156.0,4156.3,716812.0,real_delta_india
2026-06-19T09:30:00+00:00,4156.8,4160.6,4154.5,4156.7,354524.0,real_delta_india
2026-06-19T10:00:00+00:00,4156.4,4156.4,4145.7,4146.9,916071.0,real_delta_india
2026-06-19T10:30:00+00:00,4146.62,4147.9,4142.1,4143.0,783526.0,real_delta_india
2026-06-19T11:00:00+00:00,4143.0,4143.2,4135.0,4136.5,795064.0,real_delta_india
2026-06-19T11:30:00+00:00,4137.0,4149.5,4135.1,4146.7,855476.0,real_delta_india
2026-06-19T12:00:00+00:00,4147.0,4153.8,4143.8,4144.2,1024578.0,real_delta_india
2026-06-19T12:30:00+00:00,4144.2,4174.5,4139.7,4173.1,1859295.0,real_delta_india
2026-06-19T13:00:00+00:00,4173.7,4176.7,4154.7,4158.2,1563190.0,real_delta_india
2026-06-19T13:30:00+00:00,4158.6,4161.9,4145.42,4147.0,862010.0,real_delta_india
2026-06-19T14:00:00+00:00,4147.0,4149.5,4138.5,4145.3,1009079.0,real_delta_india
2026-06-19T14:30:00+00:00,4145.3,4147.2,4138.2,4145.2,808655.0,real_delta_india
2026-06-19T15:00:00+00:00,4145.2,4150.1,4144.7,4147.0,713860.0,real_delta_india
2026-06-19T15:30:00+00:00,4147.0,4150.1,4143.1,4146.7,354337.0,real_delta_india
2026-06-19T16:00:00+00:00,4147.5,4147.5,4140.4,4142.7,807989.0,real_delta_india
2026-06-19T16:30:00+00:00,4142.7,4153.0,4142.1,4149.6,1134123.0,real_delta_india
2026-06-19T17:00:00+00:00,4149.7,4154.6,4149.1,4152.2,414958.0,real_delta_india
2026-06-19T17:30:00+00:00,4152.4,4155.0,4151.2,4154.45,180260.0,real_delta_india
2026-06-19T18:00:00+00:00,4153.8,4155.0,4145.61,4151.9,265931.0,real_delta_india
2026-06-19T18:30:00+00:00,4151.9,4153.5,4149.0,4150.6,56698.0,real_delta_india
2026-06-19T19:00:00+00:00,4150.6,4152.2,4148.8,4149.9,72555.0,real_delta_india
2026-06-19T19:30:00+00:00,4149.9,4154.8,4149.7,4154.3,31715.0,real_delta_india
2026-06-19T20:00:00+00:00,4154.0,4154.9,4152.7,4153.7,42453.0,real_delta_india
2026-06-19T20:30:00+00:00,4153.5,4156.0,4150.6,4155.5,44039.0,real_delta_india
2026-06-19T21:00:00+00:00,4155.5,4155.6,4154.0,4155.2,20971.0,real_delta_india
2026-06-19T21:30:00+00:00,4154.3,4154.3,4150.5,4151.0,17742.0,real_delta_india
2026-06-19T22:00:00+00:00,4150.8,4154.0,4150.4,4154.0,38536.0,real_delta_india
2026-06-19T22:30:00+00:00,4153.8,4156.1,4152.7,4154.3,19590.0,real_delta_india
2026-06-19T23:00:00+00:00,4154.1,4155.2,4151.4,4151.5,8326.0,real_delta_india
2026-06-19T23:30:00+00:00,4151.5,4154.8,4150.9,4151.8,18246.0,real_delta_india
2026-06-20T00:00:00+00:00,4151.6,4153.8,4149.5,4153.8,32949.0,real_delta_india
2026-06-20T00:30:00+00:00,4153.8,4157.6,4153.3,4154.9,87538.0,real_delta_india
2026-06-20T01:00:00+00:00,4154.8,4155.0,4151.4,4151.6,45506.0,real_delta_india
2026-06-20T01:30:00+00:00,4151.6,4154.5,4151.1,4152.7,38731.0,real_delta_india
2026-06-20T02:00:00+00:00,4152.5,4152.5,4149.6,4150.2,19996.0,real_delta_india
2026-06-20T02:30:00+00:00,4151.3,4151.8,4150.1,4151.8,32282.0,real_delta_india
2026-06-20T03:00:00+00:00,4151.2,4152.6,4148.6,4152.5,42283.0,real_delta_india
2026-06-20T03:30:00+00:00,4152.5,4152.9,4150.4,4150.7,20186.0,real_delta_india
2026-06-20T04:00:00+00:00,4151.0,4152.6,4150.6,4152.4,18852.0,real_delta_india
2026-06-20T04:30:00+00:00,4152.4,4153.4,4152.2,4153.0,32964.0,real_delta_india
2026-06-20T05:00:00+00:00,4153.2,4155.6,4152.9,4154.2,69166.0,real_delta_india
2026-06-20T05:30:00+00:00,4154.5,4154.6,4153.3,4153.9,30835.0,real_delta_india
2026-06-20T06:00:00+00:00,4153.9,4156.1,4153.7,4156.0,38412.0,real_delta_india
2026-06-20T06:30:00+00:00,4156.0,4156.0,4153.7,4154.8,31998.0,real_delta_india
2026-06-20T07:00:00+00:00,4154.8,4154.8,4151.2,4152.6,37656.0,real_delta_india
2026-06-20T07:30:00+00:00,4153.1,4154.1,4152.4,4153.0,22459.0,real_delta_india
2026-06-20T08:00:00+00:00,4153.0,4153.2,4151.7,4152.9,37502.0,real_delta_india
2026-06-20T08:30:00+00:00,4152.9,4152.9,4151.8,4151.8,16846.0,real_delta_india
2026-06-20T09:00:00+00:00,4151.8,4153.4,4151.8,4153.4,14411.0,real_delta_india
2026-06-20T09:30:00+00:00,4153.6,4154.4,4151.6,4152.3,60650.0,real_delta_india
2026-06-20T10:00:00+00:00,4152.3,4152.5,4150.0,4150.1,49236.0,real_delta_india
2026-06-20T10:30:00+00:00,4150.3,4150.7,4148.7,4150.7,60023.0,real_delta_india
2026-06-20T11:00:00+00:00,4150.7,4153.1,4150.5,4151.1,19704.0,real_delta_india
2026-06-20T11:30:00+00:00,4151.0,4152.4,4150.8,4151.4,14915.0,real_delta_india
2026-06-20T12:00:00+00:00,4151.87,4153.5,4151.5,4153.5,15403.0,real_delta_india
2026-06-20T12:30:00+00:00,4153.2,4153.3,4151.8,4152.1,12664.0,real_delta_india
2026-06-20T13:00:00+00:00,4152.3,4152.4,4145.0,4147.3,124486.0,real_delta_india
2026-06-20T13:30:00+00:00,4147.3,4147.6,4144.7,4147.3,72413.0,real_delta_india
2026-06-20T14:00:00+00:00,4147.0,4150.7,4145.7,4145.9,60791.0,real_delta_india
2026-06-20T14:30:00+00:00,4145.9,4156.7,4145.7,4152.8,209346.0,real_delta_india
2026-06-20T15:00:00+00:00,4152.6,4158.0,4152.3,4156.7,152033.0,real_delta_india
2026-06-20T15:30:00+00:00,4156.7,4157.0,4154.2,4154.8,73536.0,real_delta_india
2026-06-20T16:00:00+00:00,4155.0,4155.0,4151.0,4151.0,64710.0,real_delta_india
2026-06-20T16:30:00+00:00,4151.1,4151.3,4148.2,4148.2,87145.0,real_delta_india
2026-06-20T17:00:00+00:00,4148.5,4149.4,4148.0,4148.9,53014.0,real_delta_india
2026-06-20T17:30:00+00:00,4149.3,4150.8,4147.1,4148.2,33993.0,real_delta_india
2026-06-20T18:00:00+00:00,4148.2,4150.0,4148.0,4150.0,24486.0,real_delta_india
2026-06-20T18:30:00+00:00,4149.8,4150.8,4149.8,4150.8,18002.0,real_delta_india
2026-06-20T19:00:00+00:00,4150.8,4151.0,4150.1,4150.7,24782.0,real_delta_india
2026-06-20T19:30:00+00:00,4150.7,4150.7,4150.2,4150.6,10385.0,real_delta_india
2026-06-20T20:00:00+00:00,4150.7,4151.0,4150.6,4150.8,4878.0,real_delta_india
2026-06-20T20:30:00+00:00,4150.8,4150.8,4150.6,4150.8,2047.0,real_delta_india
2026-06-20T21:00:00+00:00,4150.8,4152.7,4148.5,4148.5,9864.0,real_delta_india
2026-06-20T21:30:00+00:00,4148.9,4150.4,4148.9,4150.2,4160.0,real_delta_india
2026-06-20T22:00:00+00:00,4150.2,4152.5,4150.2,4151.2,6705.0,real_delta_india
2026-06-20T22:30:00+00:00,4151.4,4152.0,4150.3,4150.6,3077.0,real_delta_india
2026-06-20T23:00:00+00:00,4150.4,4151.4,4149.9,4150.1,2920.0,real_delta_india
2026-06-20T23:30:00+00:00,4150.3,4150.7,4149.4,4150.4,10962.0,real_delta_india
2026-06-21T00:00:00+00:00,4150.1,4151.4,4150.1,4151.2,8094.0,real_delta_india
2026-06-21T00:30:00+00:00,4151.0,4151.1,4149.8,4149.8,8245.0,real_delta_india
2026-06-21T01:00:00+00:00,4149.3,4149.8,4149.1,4149.5,6821.0,real_delta_india
2026-06-21T01:30:00+00:00,4149.5,4150.8,4149.5,4150.2,5715.0,real_delta_india
2026-06-21T02:00:00+00:00,4150.2,4152.1,4150.2,4152.0,6754.0,real_delta_india
2026-06-21T02:30:00+00:00,4151.9,4153.1,4151.5,4152.66,16699.0,real_delta_india
2026-06-21T03:00:00+00:00,4152.66,4155.3,4152.66,4154.8,38491.0,real_delta_india
2026-06-21T03:30:00+00:00,4154.77,4154.88,4153.3,4154.5,20181.0,real_delta_india
2026-06-21T04:00:00+00:00,4154.3,4155.5,4152.1,4153.9,19678.0,real_delta_india
2026-06-21T04:30:00+00:00,4154.1,4154.1,4152.0,4152.1,26301.0,real_delta_india
2026-06-21T05:00:00+00:00,4152.1,4154.5,4151.6,4154.4,28162.0,real_delta_india
2026-06-21T05:30:00+00:00,4154.2,4159.6,4153.3,4158.3,56729.0,real_delta_india
2026-06-21T06:00:00+00:00,4158.5,4159.6,4156.1,4159.3,97021.0,real_delta_india
2026-06-21T06:30:00+00:00,4159.3,4162.3,4159.0,4159.5,147100.0,real_delta_india
2026-06-21T07:00:00+00:00,4159.7,4160.6,4159.5,4159.9,33437.0,real_delta_india
2026-06-21T07:30:00+00:00,4160.0,4160.5,4156.6,4156.8,53009.0,real_delta_india
2026-06-21T08:00:00+00:00,4156.7,4160.0,4156.7,4158.1,32225.0,real_delta_india
2026-06-21T08:30:00+00:00,4158.1,4158.1,4152.8,4155.1,77121.0,real_delta_india
2026-06-21T09:00:00+00:00,4155.1,4155.4,4151.4,4155.2,60229.0,real_delta_india
2026-06-21T09:30:00+00:00,4155.2,4159.0,4155.0,4158.0,55759.0,real_delta_india
2026-06-21T10:00:00+00:00,4158.0,4158.2,4155.4,4157.6,10432.0,real_delta_india
2026-06-21T10:30:00+00:00,4157.6,4159.0,4156.8,4157.8,17721.0,real_delta_india
2026-06-21T11:00:00+00:00,4157.8,4158.9,4156.2,4156.2,32598.0,real_delta_india
2026-06-21T11:30:00+00:00,4156.0,4156.1,4153.2,4153.3,44121.0,real_delta_india
2026-06-21T12:00:00+00:00,4153.3,4155.5,4152.5,4152.8,39298.0,real_delta_india
2026-06-21T12:30:00+00:00,4152.8,4157.8,4152.6,4157.8,16733.0,real_delta_india
2026-06-21T13:00:00+00:00,4157.6,4160.5,4156.2,4159.1,55860.0,real_delta_india
2026-06-21T13:30:00+00:00,4159.4,4159.4,4156.3,4158.6,27890.0,real_delta_india
2026-06-21T14:00:00+00:00,4158.4,4159.9,4157.8,4158.0,21876.0,real_delta_india
2026-06-21T14:30:00+00:00,4158.1,4158.3,4154.7,4156.7,35992.0,real_delta_india
2026-06-21T15:00:00+00:00,4156.6,4159.7,4156.4,4159.7,45788.0,real_delta_india
2026-06-21T15:30:00+00:00,4159.6,4160.5,4158.4,4158.9,62961.0,real_delta_india
2026-06-21T16:00:00+00:00,4159.1,4159.3,4157.1,4158.5,52920.0,real_delta_india
2026-06-21T16:30:00+00:00,4158.3,4158.3,4155.9,4156.3,49574.0,real_delta_india
2026-06-21T17:00:00+00:00,4156.3,4156.9,4155.2,4156.8,48983.0,real_delta_india
2026-06-21T17:30:00+00:00,4156.8,4159.4,4155.8,4159.2,28482.0,real_delta_india
2026-06-21T18:00:00+00:00,4159.4,4159.4,4154.4,4156.2,59655.0,real_delta_india
2026-06-21T18:30:00+00:00,4156.2,4158.1,4155.4,4156.5,21275.0,real_delta_india
2026-06-21T19:00:00+00:00,4156.7,4160.5,4155.6,4160.35,52608.0,real_delta_india
2026-06-21T19:30:00+00:00,4160.2,4160.5,4157.6,4158.6,36494.0,real_delta_india
2026-06-21T20:00:00+00:00,4158.6,4158.8,4157.1,4157.1,8451.0,real_delta_india
2026-06-21T20:30:00+00:00,4157.1,4157.1,4155.4,4155.6,40384.0,real_delta_india
2026-06-21T21:00:00+00:00,4155.0,4155.8,4150.8,4155.8,57794.0,real_delta_india
2026-06-21T21:30:00+00:00,4155.92,4156.2,4151.7,4153.2,7386.0,real_delta_india
2026-06-21T22:00:00+00:00,4150.4,4153.4,4135.9,4146.0,922829.0,real_delta_india
2026-06-21T22:30:00+00:00,4145.2,4150.0,4143.9,4149.6,175718.0,real_delta_india
2026-06-21T23:00:00+00:00,4149.5,4157.8,4147.7,4150.0,61847.0,real_delta_india
2026-06-21T23:30:00+00:00,4148.55,4148.55,4130.0,4132.9,278778.0,real_delta_india
2026-06-22T00:00:00+00:00,4133.6,4163.4,4133.6,4159.8,375786.0,real_delta_india
2026-06-22T00:30:00+00:00,4160.0,4193.4,4158.9,4192.7,586655.0,real_delta_india
2026-06-22T01:00:00+00:00,4194.24,4213.0,4194.2,4202.1,761276.0,real_delta_india
2026-06-22T01:30:00+00:00,4201.0,4201.0,4183.3,4184.9,510751.0,real_delta_india
2026-06-22T02:00:00+00:00,4184.7,4188.9,4177.8,4183.5,374748.0,real_delta_india
2026-06-22T02:30:00+00:00,4183.5,4194.4,4181.9,4183.2,330139.0,real_delta_india
2026-06-22T03:00:00+00:00,4183.8,4184.5,4169.0,4175.0,675760.0,real_delta_india
2026-06-22T03:30:00+00:00,4175.0,4175.6,4165.7,4166.2,292040.0,real_delta_india
2026-06-22T04:00:00+00:00,4166.2,4174.0,4166.0,4171.4,338472.0,real_delta_india
2026-06-22T04:30:00+00:00,4171.4,4177.6,4169.6,4177.3,342845.0,real_delta_india
2026-06-22T05:00:00+00:00,4177.3,4188.6,4175.1,4188.0,519579.0,real_delta_india
2026-06-22T05:30:00+00:00,4188.5,4192.6,4184.4,4187.6,582813.0,real_delta_india
2026-06-22T06:00:00+00:00,4187.3,4194.6,4185.2,4190.9,345251.0,real_delta_india
2026-06-22T06:30:00+00:00,4190.6,4200.7,4189.3,4191.4,592381.0,real_delta_india
2026-06-22T07:00:00+00:00,4191.8,4194.5,4189.9,4190.6,361874.0,real_delta_india
2026-06-22T07:30:00+00:00,4190.6,4192.9,4181.6,4183.9,745212.0,real_delta_india
2026-06-22T08:00:00+00:00,4184.0,4188.5,4181.9,4185.2,503895.0,real_delta_india
2026-06-22T08:30:00+00:00,4184.1,4190.8,4182.7,4190.6,317316.0,real_delta_india
2026-06-22T09:00:00+00:00,4191.0,4202.8,4189.4,4196.9,779785.0,real_delta_india
2026-06-22T09:30:00+00:00,4196.9,4202.81,4194.8,4200.9,402111.0,real_delta_india
2026-06-22T10:00:00+00:00,4201.1,4207.3,4200.7,4202.7,580226.0,real_delta_india
2026-06-22T10:30:00+00:00,4202.5,4203.6,4196.2,4196.5,442043.0,real_delta_india
2026-06-22T11:00:00+00:00,4197.1,4208.4,4196.1,4197.0,660447.0,real_delta_india
2026-06-22T11:30:00+00:00,4197.0,4200.3,4194.4,4200.3,617628.0,real_delta_india
2026-06-22T12:00:00+00:00,4200.0,4204.4,4198.7,4201.1,593172.0,real_delta_india
2026-06-22T12:30:00+00:00,4200.9,4201.4,4184.6,4185.9,1193368.0,real_delta_india
2026-06-22T13:00:00+00:00,4185.9,4191.7,4179.4,4181.0,1266670.0,real_delta_india
2026-06-22T13:30:00+00:00,4180.7,4198.2,4176.2,4193.6,1529303.0,real_delta_india
2026-06-22T14:00:00+00:00,4193.5,4203.1,4184.2,4185.1,1273870.0,real_delta_india
2026-06-22T14:30:00+00:00,4184.8,4197.8,4179.6,4190.4,988578.0,real_delta_india
2026-06-22T15:00:00+00:00,4190.0,4192.9,4180.1,4180.7,478753.0,real_delta_india
2026-06-22T15:30:00+00:00,4181.0,4182.4,4162.4,4174.2,1748452.0,real_delta_india
2026-06-22T16:00:00+00:00,4175.2,4176.0,4166.6,4175.1,539528.0,real_delta_india
2026-06-22T16:30:00+00:00,4175.1,4186.0,4173.8,4182.7,573711.0,real_delta_india
2026-06-22T17:00:00+00:00,4182.75,4184.0,4175.7,4177.0,479276.0,real_delta_india
2026-06-22T17:30:00+00:00,4177.0,4177.4,4169.3,4175.2,476954.0,real_delta_india
2026-06-22T18:00:00+00:00,4175.7,4182.6,4174.7,4180.2,247264.0,real_delta_india
2026-06-22T18:30:00+00:00,4180.8,4184.4,4178.3,4183.0,140772.0,real_delta_india
2026-06-22T19:00:00+00:00,4183.5,4185.8,4180.0,4180.0,165753.0,real_delta_india
2026-06-22T19:30:00+00:00,4180.0,4183.7,4176.35,4182.8,157328.0,real_delta_india
2026-06-22T20:00:00+00:00,4183.2,4185.9,4180.8,4182.4,58959.0,real_delta_india
2026-06-22T20:30:00+00:00,4182.2,4185.2,4181.9,4183.5,38412.0,real_delta_india
2026-06-22T21:00:00+00:00,4184.6,4185.1,4182.7,4183.3,23055.0,real_delta_india
2026-06-22T21:30:00+00:00,4183.3,4183.6,4175.9,4180.1,37919.0,real_delta_india
2026-06-22T22:00:00+00:00,4182.92,4185.1,4182.5,4184.2,30243.0,real_delta_india
2026-06-22T22:30:00+00:00,4184.0,4184.7,4180.0,4181.7,33926.0,real_delta_india
2026-06-22T23:00:00+00:00,4181.8,4183.8,4181.72,4183.0,50168.0,real_delta_india
2026-06-22T23:30:00+00:00,4182.8,4187.4,4179.0,4179.7,145989.0,real_delta_india
2026-06-23T00:00:00+00:00,4179.0,4183.0,4170.0,4175.7,294074.0,real_delta_india
2026-06-23T00:30:00+00:00,4176.0,4186.7,4175.2,4185.3,114665.0,real_delta_india
2026-06-23T01:00:00+00:00,4184.5,4189.7,4164.0,4171.5,541025.0,real_delta_india
2026-06-23T01:30:00+00:00,4171.3,4171.6,4142.4,4154.5,973595.0,real_delta_india
2026-06-23T02:00:00+00:00,4155.0,4156.1,4140.9,4155.3,510304.0,real_delta_india
2026-06-23T02:30:00+00:00,4154.0,4154.0,4139.3,4140.2,435806.0,real_delta_india
2026-06-23T03:00:00+00:00,4140.5,4141.7,4123.7,4133.7,945803.0,real_delta_india
2026-06-23T03:30:00+00:00,4134.4,4138.6,4126.9,4138.2,477892.0,real_delta_india
2026-06-23T04:00:00+00:00,4138.4,4140.8,4131.3,4133.9,491758.0,real_delta_india
2026-06-23T04:30:00+00:00,4133.3,4134.6,4109.1,4112.0,1050827.0,real_delta_india
2026-06-23T05:00:00+00:00,4112.3,4131.0,4109.7,4119.3,862271.0,real_delta_india
2026-06-23T05:30:00+00:00,4119.1,4126.4,4110.0,4113.7,887071.0,real_delta_india
2026-06-23T06:00:00+00:00,4114.83,4119.0,4102.5,4107.6,944795.0,real_delta_india
2026-06-23T06:30:00+00:00,4107.4,4113.5,4103.3,4107.7,721274.0,real_delta_india
2026-06-23T07:00:00+00:00,4107.5,4118.5,4104.3,4113.0,713602.0,real_delta_india
2026-06-23T07:30:00+00:00,4112.8,4113.7,4090.8,4093.5,1098464.0,real_delta_india
2026-06-23T08:00:00+00:00,4092.9,4094.3,4086.0,4092.0,772652.0,real_delta_india
2026-06-23T08:30:00+00:00,4091.4,4105.6,4090.6,4099.17,854983.0,real_delta_india
2026-06-23T09:00:00+00:00,4099.17,4110.8,4098.1,4106.7,650561.0,real_delta_india
2026-06-23T09:30:00+00:00,4106.8,4114.6,4106.6,4114.4,454497.0,real_delta_india
2026-06-23T10:00:00+00:00,4115.0,4126.3,4115.0,4122.9,977872.0,real_delta_india
2026-06-23T10:30:00+00:00,4122.4,4124.3,4111.5,4112.1,514518.0,real_delta_india
2026-06-23T11:00:00+00:00,4112.1,4124.0,4109.9,4118.4,673739.0,real_delta_india
2026-06-23T11:30:00+00:00,4119.0,4120.2,4111.0,4115.0,693314.0,real_delta_india
2026-06-23T12:00:00+00:00,4114.5,4118.8,4103.3,4106.6,1074992.0,real_delta_india
2026-06-23T12:30:00+00:00,4106.6,4113.5,4103.3,4104.0,722276.0,real_delta_india
2026-06-23T13:00:00+00:00,4104.0,4109.9,4096.0,4106.5,1027599.0,real_delta_india
2026-06-23T13:30:00+00:00,4105.8,4132.3,4100.6,4128.6,1815368.0,real_delta_india
2026-06-23T14:00:00+00:00,4127.7,4136.5,4119.4,4122.8,1411305.0,real_delta_india
2026-06-23T14:30:00+00:00,4122.93,4122.93,4113.9,4121.3,900107.0,real_delta_india
2026-06-23T15:00:00+00:00,4121.1,4126.7,4114.0,4117.4,953892.0,real_delta_india
2026-06-23T15:30:00+00:00,4117.7,4131.3,4117.4,4128.53,815154.0,real_delta_india
2026-06-23T16:00:00+00:00,4128.6,4129.7,4122.4,4126.0,491756.0,real_delta_india
2026-06-23T16:30:00+00:00,4125.7,4133.0,4120.6,4123.9,500331.0,real_delta_india
2026-06-23T17:00:00+00:00,4123.2,4128.6,4118.5,4121.5,592716.0,real_delta_india
2026-06-23T17:30:00+00:00,4121.4,4123.0,4117.3,4119.2,275640.0,real_delta_india
2026-06-23T18:00:00+00:00,4118.7,4120.9,4110.5,4110.5,458401.0,real_delta_india
2026-06-23T18:30:00+00:00,4110.7,4112.9,4103.6,4107.6,426398.0,real_delta_india
2026-06-23T19:00:00+00:00,4107.6,4116.2,4107.1,4113.4,348299.0,real_delta_india
2026-06-23T19:30:00+00:00,4113.1,4115.5,4103.7,4103.7,163252.0,real_delta_india
2026-06-23T20:00:00+00:00,4103.3,4104.8,4099.2,4103.3,290523.0,real_delta_india
2026-06-23T20:30:00+00:00,4103.3,4104.3,4101.5,4103.6,54997.0,real_delta_india
2026-06-23T21:00:00+00:00,4104.7,4109.8,4104.7,4109.8,94786.0,real_delta_india
2026-06-23T21:30:00+00:00,4109.8,4113.9,4108.5,4109.8,80922.0,real_delta_india
2026-06-23T22:00:00+00:00,4109.3,4109.3,4098.0,4100.9,124132.0,real_delta_india
2026-06-23T22:30:00+00:00,4099.8,4100.3,4090.9,4096.9,145970.0,real_delta_india
2026-06-23T23:00:00+00:00,4095.71,4095.71,4087.8,4090.6,157557.0,real_delta_india
2026-06-23T23:30:00+00:00,4090.6,4094.2,4074.4,4092.0,458968.0,real_delta_india
2026-06-24T00:00:00+00:00,4092.6,4104.3,4087.6,4094.2,417818.0,real_delta_india
2026-06-24T00:30:00+00:00,4093.5,4093.8,4088.2,4092.6,237011.0,real_delta_india
2026-06-24T01:00:00+00:00,4090.3,4095.1,4063.2,4092.1,1044805.0,real_delta_india
2026-06-24T01:30:00+00:00,4092.0,4096.0,4077.1,4084.1,532876.0,real_delta_india
2026-06-24T02:00:00+00:00,4084.1,4090.1,4066.8,4068.7,687381.0,real_delta_india
2026-06-24T02:30:00+00:00,4068.7,4071.2,4048.7,4057.5,1033425.0,real_delta_india
2026-06-24T03:00:00+00:00,4057.29,4060.5,4047.1,4053.1,667234.0,real_delta_india
2026-06-24T03:30:00+00:00,4053.0,4067.1,4052.5,4058.9,609130.0,real_delta_india
2026-06-24T04:00:00+00:00,4059.1,4063.0,4051.3,4060.0,481653.0,real_delta_india
2026-06-24T04:30:00+00:00,4060.0,4064.8,4059.7,4063.1,252965.0,real_delta_india
2026-06-24T05:00:00+00:00,4063.1,4072.8,4058.5,4071.2,524672.0,real_delta_india
2026-06-24T05:30:00+00:00,4071.6,4083.3,4069.8,4072.5,840851.0,real_delta_india
2026-06-24T06:00:00+00:00,4074.2,4093.8,4074.2,4084.5,1040167.0,real_delta_india
2026-06-24T06:30:00+00:00,4083.1,4091.0,4080.81,4083.3,442143.0,real_delta_india
2026-06-24T07:00:00+00:00,4083.4,4087.0,4078.8,4080.7,322718.0,real_delta_india
2026-06-24T07:30:00+00:00,4080.7,4083.6,4070.1,4070.2,883011.0,real_delta_india
2026-06-24T08:00:00+00:00,4071.0,4077.6,4069.55,4077.6,454420.0,real_delta_india
2026-06-24T08:30:00+00:00,4077.8,4084.3,4072.4,4072.78,642401.0,real_delta_india
2026-06-24T09:00:00+00:00,4073.0,4076.2,4065.4,4066.6,708514.0,real_delta_india
2026-06-24T09:30:00+00:00,4067.6,4070.4,4061.4,4062.3,811094.0,real_delta_india
2026-06-24T10:00:00+00:00,4062.3,4064.0,4053.0,4059.4,754675.0,real_delta_india
2026-06-24T10:30:00+00:00,4059.2,4065.6,4053.0,4054.6,893834.0,real_delta_india
2026-06-24T11:00:00+00:00,4054.5,4057.2,4036.2,4042.8,1383475.0,real_delta_india
2026-06-24T11:30:00+00:00,4043.6,4055.7,4038.1,4045.2,1133921.0,real_delta_india
2026-06-24T12:00:00+00:00,4046.5,4047.5,4007.2,4016.0,2357352.0,real_delta_india
2026-06-24T12:30:00+00:00,4016.3,4021.2,3988.5,3988.7,3140892.0,real_delta_india
2026-06-24T13:00:00+00:00,3989.0,3997.7,3966.7,3979.1,3371367.0,real_delta_india
2026-06-24T13:30:00+00:00,3978.9,4038.3,3978.2,4033.9,3003710.0,real_delta_india
2026-06-24T14:00:00+00:00,4034.3,4037.3,4009.6,4020.2,1998928.0,real_delta_india
2026-06-24T14:30:00+00:00,4020.5,4031.2,4000.0,4006.0,1584135.0,real_delta_india
2026-06-24T15:00:00+00:00,4006.0,4013.5,3995.1,4012.8,1309626.0,real_delta_india
2026-06-24T15:30:00+00:00,4012.8,4013.4,3996.4,3998.9,956355.0,real_delta_india
2026-06-24T16:00:00+00:00,3999.1,4013.0,3992.0,4012.4,1065758.0,real_delta_india
2026-06-24T16:30:00+00:00,4012.2,4019.5,4001.7,4002.2,1146232.0,real_delta_india
2026-06-24T17:00:00+00:00,4002.2,4007.3,3984.8,3986.0,1323963.0,real_delta_india
2026-06-24T17:30:00+00:00,3985.2,3986.0,3968.5,3969.0,1248703.0,real_delta_india
2026-06-24T18:00:00+00:00,3969.1,3989.9,3954.6,3987.8,2015679.0,real_delta_india
2026-06-24T18:30:00+00:00,3988.0,3991.3,3972.9,3978.0,669892.0,real_delta_india
2026-06-24T19:00:00+00:00,3978.6,3983.2,3969.8,3982.3,437017.0,real_delta_india
2026-06-24T19:30:00+00:00,3982.8,3989.0,3977.5,3986.8,247001.0,real_delta_india
2026-06-24T20:00:00+00:00,3985.3,4001.9,3983.2,3998.8,454118.0,real_delta_india
2026-06-24T20:30:00+00:00,3998.0,4000.2,3993.1,3999.2,151435.0,real_delta_india
2026-06-24T21:00:00+00:00,3998.2,4004.6,3997.9,4004.6,88130.0,real_delta_india
2026-06-24T21:30:00+00:00,4004.6,4008.3,4004.4,4007.7,129096.0,real_delta_india
2026-06-24T22:00:00+00:00,4007.7,4007.7,3999.4,4001.58,103669.0,real_delta_india
2026-06-24T22:30:00+00:00,4001.4,4005.6,3992.7,3995.3,102965.0,real_delta_india
2026-06-24T23:00:00+00:00,3995.3,3999.6,3990.8,3998.1,77007.0,real_delta_india
2026-06-24T23:30:00+00:00,3997.8,4017.2,3997.6,4010.6,268599.0,real_delta_india
2026-06-25T00:00:00+00:00,4010.6,4015.5,3993.8,3994.6,346819.0,real_delta_india
2026-06-25T00:30:00+00:00,3994.8,3999.1,3977.0,3990.3,647152.0,real_delta_india
2026-06-25T01:00:00+00:00,3990.0,4003.8,3982.0,3988.9,549762.0,real_delta_india
2026-06-25T01:30:00+00:00,3989.8,3994.3,3971.9,3975.9,522939.0,real_delta_india
2026-06-25T02:00:00+00:00,3976.2,3989.9,3962.9,3985.9,738471.0,real_delta_india
2026-06-25T02:30:00+00:00,3983.49,3987.1,3974.1,3983.2,393052.0,real_delta_india
2026-06-25T03:00:00+00:00,3982.4,3988.3,3966.4,3975.1,474263.0,real_delta_india
2026-06-25T03:30:00+00:00,3974.7,3999.6,3969.9,3994.1,524974.0,real_delta_india
2026-06-25T04:00:00+00:00,3994.3,3996.4,3986.0,3992.8,322121.0,real_delta_india
2026-06-25T04:30:00+00:00,3993.0,3996.5,3982.1,3995.2,533902.0,real_delta_india
2026-06-25T05:00:00+00:00,3994.9,3999.9,3988.9,3994.0,830039.0,real_delta_india
2026-06-25T05:30:00+00:00,3993.54,3996.0,3980.0,3985.8,731708.0,real_delta_india
2026-06-25T06:00:00+00:00,3985.7,3987.8,3973.7,3984.5,727159.0,real_delta_india
2026-06-25T06:30:00+00:00,3983.9,3984.24,3976.1,3977.4,390124.0,real_delta_india
2026-06-25T07:00:00+00:00,3976.9,3989.1,3973.1,3985.9,688010.0,real_delta_india
2026-06-25T07:30:00+00:00,3985.3,3989.1,3971.7,3987.7,535158.0,real_delta_india
2026-06-25T08:00:00+00:00,3987.1,4000.7,3984.4,3993.8,806102.0,real_delta_india
2026-06-25T08:30:00+00:00,3994.2,4001.5,3987.8,3988.7,621627.0,real_delta_india
2026-06-25T09:00:00+00:00,3989.0,3995.3,3988.8,3993.2,201493.0,real_delta_india
2026-06-25T09:30:00+00:00,3993.5,3996.9,3987.0,3987.6,307313.0,real_delta_india
2026-06-25T10:00:00+00:00,3987.3,3989.0,3983.0,3988.6,454968.0,real_delta_india
2026-06-25T10:30:00+00:00,3988.6,3988.8,3980.9,3983.6,294544.0,real_delta_india
2026-06-25T11:00:00+00:00,3983.8,3986.1,3975.0,3977.1,442400.0,real_delta_india
2026-06-25T11:30:00+00:00,3977.1,3986.9,3973.7,3979.4,526851.0,real_delta_india
2026-06-25T12:00:00+00:00,3980.2,3985.4,3978.0,3983.1,367028.0,real_delta_india
2026-06-25T12:30:00+00:00,3984.0,4018.2,3983.38,4010.5,2911188.0,real_delta_india
2026-06-25T13:00:00+00:00,4011.64,4032.9,4011.0,4019.3,2503165.0,real_delta_india
2026-06-25T13:30:00+00:00,4019.2,4026.3,3996.7,3997.3,2592007.0,real_delta_india
2026-06-25T14:00:00+00:00,3997.8,4024.9,3995.1,4023.4,1638803.0,real_delta_india
2026-06-25T14:30:00+00:00,4022.0,4026.0,4008.1,4008.3,889597.0,real_delta_india
2026-06-25T15:00:00+00:00,4008.8,4036.0,4001.0,4022.6,1764957.0,real_delta_india
2026-06-25T15:30:00+00:00,4022.8,4038.31,4017.3,4036.7,1052043.0,real_delta_india
2026-06-25T16:00:00+00:00,4037.3,4040.6,4030.2,4036.7,1145152.0,real_delta_india
2026-06-25T16:30:00+00:00,4036.7,4036.8,4019.4,4024.6,1124132.0,real_delta_india
2026-06-25T17:00:00+00:00,4024.4,4031.7,4022.6,4028.3,477155.0,real_delta_india
2026-06-25T17:30:00+00:00,4028.3,4032.8,4025.6,4030.8,493383.0,real_delta_india
2026-06-25T18:00:00+00:00,4031.3,4039.7,4022.2,4039.6,615165.0,real_delta_india
2026-06-25T18:30:00+00:00,4039.6,4039.6,4025.2,4030.3,406070.0,real_delta_india
2026-06-25T19:00:00+00:00,4030.7,4038.9,4028.0,4031.3,189460.0,real_delta_india
2026-06-25T19:30:00+00:00,4031.1,4032.4,4017.5,4022.6,286622.0,real_delta_india
2026-06-25T20:00:00+00:00,4022.2,4030.3,4021.7,4024.2,136460.0,real_delta_india
2026-06-25T20:30:00+00:00,4023.9,4023.9,4018.6,4021.7,70543.0,real_delta_india
2026-06-25T21:00:00+00:00,4021.4,4023.0,4019.9,4022.1,28272.0,real_delta_india
2026-06-25T21:30:00+00:00,4022.3,4027.2,4022.3,4025.3,26304.0,real_delta_india
2026-06-25T22:00:00+00:00,4026.0,4026.0,4014.5,4019.7,125660.0,real_delta_india
2026-06-25T22:30:00+00:00,4020.5,4030.6,4018.0,4020.9,76632.0,real_delta_india
2026-06-25T23:00:00+00:00,4021.3,4025.5,4017.2,4025.0,43787.0,real_delta_india
2026-06-25T23:30:00+00:00,4024.3,4025.5,4008.7,4009.9,169993.0,real_delta_india
2026-06-26T00:00:00+00:00,4009.8,4018.8,4007.2,4010.8,228459.0,real_delta_india
2026-06-26T00:30:00+00:00,4012.5,4020.1,4009.1,4016.0,138194.0,real_delta_india
2026-06-26T01:00:00+00:00,4015.2,4024.3,4010.1,4016.9,184559.0,real_delta_india
2026-06-26T01:30:00+00:00,4017.7,4020.57,4010.5,4016.9,173838.0,real_delta_india
2026-06-26T02:00:00+00:00,4017.4,4019.4,3998.6,4002.9,621200.0,real_delta_india
2026-06-26T02:30:00+00:00,4002.9,4004.2,3978.9,3986.9,963434.0,real_delta_india
2026-06-26T03:00:00+00:00,3986.5,3995.8,3982.79,3991.6,548378.0,real_delta_india
2026-06-26T03:30:00+00:00,3991.7,4001.87,3989.5,4000.0,478237.0,real_delta_india
2026-06-26T04:00:00+00:00,3999.8,4008.1,3995.0,4004.1,500824.0,real_delta_india
2026-06-26T04:30:00+00:00,4003.8,4009.5,3997.8,4006.1,495041.0,real_delta_india
2026-06-26T05:00:00+00:00,4006.1,4014.3,4001.3,4012.3,610620.0,real_delta_india
2026-06-26T05:30:00+00:00,4012.8,4017.2,4001.3,4003.8,727824.0,real_delta_india
2026-06-26T06:00:00+00:00,4003.8,4021.1,4001.9,4020.9,1049280.0,real_delta_india
2026-06-26T06:30:00+00:00,4020.7,4029.1,4017.1,4028.7,714948.0,real_delta_india
2026-06-26T07:00:00+00:00,4026.8,4035.7,4023.7,4034.0,609529.0,real_delta_india
2026-06-26T07:30:00+00:00,4033.8,4035.6,4023.7,4026.8,590234.0,real_delta_india
2026-06-26T08:00:00+00:00,4026.6,4031.0,4021.1,4030.7,653337.0,real_delta_india
2026-06-26T08:30:00+00:00,4030.8,4032.9,4025.1,4025.9,370169.0,real_delta_india
2026-06-26T09:00:00+00:00,4025.8,4045.9,4025.0,4043.7,988108.0,real_delta_india
2026-06-26T09:30:00+00:00,4043.3,4048.7,4039.7,4041.8,958758.0,real_delta_india
2026-06-26T10:00:00+00:00,4042.0,4046.3,4036.3,4042.2,671502.0,real_delta_india
2026-06-26T10:30:00+00:00,4042.2,4048.6,4041.0,4048.6,689283.0,real_delta_india
2026-06-26T11:00:00+00:00,4048.6,4049.2,4040.2,4045.6,785710.0,real_delta_india
2026-06-26T11:30:00+00:00,4046.5,4048.71,4035.4,4038.3,807616.0,real_delta_india
2026-06-26T12:00:00+00:00,4038.3,4045.3,4035.1,4040.2,975030.0,real_delta_india
2026-06-26T12:30:00+00:00,4039.7,4054.5,4028.1,4052.4,1767146.0,real_delta_india
2026-06-26T13:00:00+00:00,4053.0,4058.5,4036.6,4050.8,2241060.0,real_delta_india
2026-06-26T13:30:00+00:00,4050.09,4071.6,4039.3,4068.6,1622931.0,real_delta_india
2026-06-26T14:00:00+00:00,4069.7,4086.4,4062.7,4076.8,1678940.0,real_delta_india
2026-06-26T14:30:00+00:00,4077.3,4085.0,4069.2,4073.8,1257222.0,real_delta_india
2026-06-26T15:00:00+00:00,4074.0,4077.7,4068.8,4077.1,742215.0,real_delta_india
2026-06-26T15:30:00+00:00,4077.4,4088.5,4075.0,4083.3,1010872.0,real_delta_india
2026-06-26T16:00:00+00:00,4083.6,4085.9,4075.9,4078.8,483344.0,real_delta_india
2026-06-26T16:30:00+00:00,4079.5,4085.1,4074.6,4076.9,477577.0,real_delta_india
2026-06-26T17:00:00+00:00,4076.9,4079.6,4073.2,4073.7,329653.0,real_delta_india
2026-06-26T17:30:00+00:00,4074.2,4075.9,4065.7,4067.0,670630.0,real_delta_india
2026-06-26T18:00:00+00:00,4067.3,4071.7,4064.2,4066.3,606967.0,real_delta_india
2026-06-26T18:30:00+00:00,4066.4,4068.6,4059.7,4060.4,312052.0,real_delta_india
2026-06-26T19:00:00+00:00,4060.4,4062.8,4058.0,4059.1,284887.0,real_delta_india
2026-06-26T19:30:00+00:00,4059.1,4067.5,4059.0,4064.73,246863.0,real_delta_india
2026-06-26T20:00:00+00:00,4064.8,4065.8,4058.7,4065.8,103566.0,real_delta_india
2026-06-26T20:30:00+00:00,4065.2,4082.3,4060.3,4081.0,241336.0,real_delta_india
2026-06-26T21:00:00+00:00,4080.5,4080.5,4074.9,4077.4,170155.0,real_delta_india
2026-06-26T21:30:00+00:00,4077.4,4077.4,4075.6,4076.0,30197.0,real_delta_india
2026-06-26T22:00:00+00:00,4075.8,4076.3,4073.9,4074.6,18189.0,real_delta_india
2026-06-26T22:30:00+00:00,4075.3,4080.2,4075.1,4077.8,61596.0,real_delta_india
2026-06-26T23:00:00+00:00,4077.6,4080.9,4076.6,4080.2,22415.0,real_delta_india
2026-06-26T23:30:00+00:00,4080.4,4080.6,4077.1,4079.0,48424.0,real_delta_india
2026-06-27T00:00:00+00:00,4079.0,4080.7,4075.4,4075.4,15373.0,real_delta_india
2026-06-27T00:30:00+00:00,4075.6,4076.5,4073.8,4074.6,61401.0,real_delta_india
2026-06-27T01:00:00+00:00,4074.1,4077.0,4074.1,4076.5,46348.0,real_delta_india
2026-06-27T01:30:00+00:00,4076.3,4079.6,4075.2,4077.8,40518.0,real_delta_india
2026-06-27T02:00:00+00:00,4077.8,4078.8,4077.3,4078.6,31262.0,real_delta_india
2026-06-27T02:30:00+00:00,4078.8,4078.8,4075.8,4076.8,51687.0,real_delta_india
2026-06-27T03:00:00+00:00,4076.6,4079.8,4076.3,4077.6,26957.0,real_delta_india
2026-06-27T03:30:00+00:00,4077.6,4078.8,4076.4,4077.0,35896.0,real_delta_india
2026-06-27T04:00:00+00:00,4076.8,4080.1,4076.5,4079.4,40388.0,real_delta_india
2026-06-27T04:30:00+00:00,4079.4,4080.0,4074.8,4074.9,86149.0,real_delta_india
2026-06-27T05:00:00+00:00,4074.9,4076.5,4074.6,4075.3,44945.0,real_delta_india
2026-06-27T05:30:00+00:00,4075.3,4075.8,4074.7,4075.5,32173.0,real_delta_india
2026-06-27T06:00:00+00:00,4075.7,4076.62,4075.3,4076.1,30304.0,real_delta_india
2026-06-27T06:30:00+00:00,4077.0,4079.7,4077.0,4079.0,64505.0,real_delta_india
2026-06-27T07:00:00+00:00,4079.0,4079.5,4077.6,4079.2,44124.0,real_delta_india
2026-06-27T07:30:00+00:00,4079.2,4079.2,4076.3,4077.9,37845.0,real_delta_india
2026-06-27T08:00:00+00:00,4077.6,4078.6,4077.5,4078.4,34769.0,real_delta_india
2026-06-27T08:30:00+00:00,4078.4,4078.4,4077.0,4077.3,45511.0,real_delta_india
2026-06-27T09:00:00+00:00,4077.5,4078.1,4077.2,4078.1,58204.0,real_delta_india
2026-06-27T09:30:00+00:00,4077.9,4078.2,4076.9,4077.5,34562.0,real_delta_india
2026-06-27T10:00:00+00:00,4077.2,4078.6,4077.2,4078.4,24106.0,real_delta_india
2026-06-27T10:30:00+00:00,4078.4,4078.6,4077.7,4077.9,22615.0,real_delta_india
2026-06-27T11:00:00+00:00,4077.71,4078.3,4075.6,4075.8,58037.0,real_delta_india
2026-06-27T11:30:00+00:00,4075.6,4078.8,4075.5,4077.9,92332.0,real_delta_india
2026-06-27T12:00:00+00:00,4078.1,4078.2,4076.5,4077.3,32890.0,real_delta_india
2026-06-27T12:30:00+00:00,4077.3,4078.7,4075.4,4076.1,152045.0,real_delta_india
2026-06-27T13:00:00+00:00,4076.3,4076.9,4075.1,4075.7,37958.0,real_delta_india
2026-06-27T13:30:00+00:00,4075.7,4078.3,4075.5,4077.6,52828.0,real_delta_india
2026-06-27T14:00:00+00:00,4077.8,4078.3,4077.1,4077.6,15004.0,real_delta_india
2026-06-27T14:30:00+00:00,4077.6,4077.8,4075.7,4075.7,63535.0,real_delta_india
2026-06-27T15:00:00+00:00,4075.7,4078.6,4075.7,4077.46,71209.0,real_delta_india
2026-06-27T15:30:00+00:00,4077.6,4078.7,4076.3,4077.3,61641.0,real_delta_india
2026-06-27T16:00:00+00:00,4077.2,4077.4,4076.6,4076.7,10214.0,real_delta_india
2026-06-27T16:30:00+00:00,4076.7,4078.6,4076.7,4078.3,26275.0,real_delta_india
2026-06-27T17:00:00+00:00,4078.1,4078.1,4070.6,4072.0,187809.0,real_delta_india
2026-06-27T17:30:00+00:00,4072.0,4074.2,4071.6,4073.8,56091.0,real_delta_india
2026-06-27T18:00:00+00:00,4073.2,4074.9,4071.7,4072.5,45854.0,real_delta_india
2026-06-27T18:30:00+00:00,4072.5,4072.7,4071.3,4072.1,73536.0,real_delta_india
2026-06-27T19:00:00+00:00,4072.87,4073.7,4069.4,4070.9,67146.0,real_delta_india
2026-06-27T19:30:00+00:00,4070.9,4070.9,4068.0,4069.7,41640.0,real_delta_india
2026-06-27T20:00:00+00:00,4069.9,4072.6,4069.7,4072.2,15244.0,real_delta_india
2026-06-27T20:30:00+00:00,4072.0,4073.13,4071.7,4071.9,5079.0,real_delta_india
2026-06-27T21:00:00+00:00,4073.13,4075.55,4071.5,4075.3,16650.0,real_delta_india
2026-06-27T21:30:00+00:00,4075.55,4077.4,4071.9,4071.9,21367.0,real_delta_india
2026-06-27T22:00:00+00:00,4072.2,4073.0,4069.4,4071.6,12232.0,real_delta_india
2026-06-27T22:30:00+00:00,4072.1,4073.2,4071.9,4073.2,1883.0,real_delta_india
2026-06-27T23:00:00+00:00,4073.4,4074.5,4069.4,4069.8,11148.0,real_delta_india
2026-06-27T23:30:00+00:00,4069.8,4072.4,4069.6,4072.4,5020.0,real_delta_india
2026-06-28T00:00:00+00:00,4072.4,4075.0,4072.4,4074.6,5021.0,real_delta_india
2026-06-28T00:30:00+00:00,4075.1,4075.1,4072.5,4074.2,6824.0,real_delta_india
2026-06-28T01:00:00+00:00,4075.1,4075.2,4072.8,4074.4,14869.0,real_delta_india
2026-06-28T01:30:00+00:00,4074.7,4074.8,4073.6,4074.4,10206.0,real_delta_india
2026-06-28T02:00:00+00:00,4074.6,4075.6,4073.8,4074.3,8147.0,real_delta_india
2026-06-28T02:30:00+00:00,4074.3,4074.8,4074.1,4074.6,10055.0,real_delta_india
2026-06-28T03:00:00+00:00,4075.0,4075.8,4074.8,4075.6,21923.0,real_delta_india
2026-06-28T03:30:00+00:00,4075.4,4075.6,4072.1,4072.8,28671.0,real_delta_india
2026-06-28T04:00:00+00:00,4072.8,4074.1,4072.6,4074.0,6765.0,real_delta_india
2026-06-28T04:30:00+00:00,4074.0,4074.2,4073.3,4073.6,37207.0,real_delta_india
2026-06-28T05:00:00+00:00,4073.8,4074.7,4071.8,4072.3,13308.0,real_delta_india
2026-06-28T05:30:00+00:00,4072.3,4074.0,4071.7,4073.8,14749.0,real_delta_india
2026-06-28T06:00:00+00:00,4074.0,4075.2,4073.1,4073.7,42577.0,real_delta_india
2026-06-28T06:30:00+00:00,4073.7,4073.8,4069.1,4069.5,56426.0,real_delta_india
2026-06-28T07:00:00+00:00,4069.5,4073.8,4069.43,4071.5,88638.0,real_delta_india
2026-06-28T07:30:00+00:00,4071.6,4072.15,4071.0,4071.9,30125.0,real_delta_india
2026-06-28T08:00:00+00:00,4072.1,4072.5,4071.6,4072.0,4811.0,real_delta_india
2026-06-28T08:30:00+00:00,4072.0,4074.6,4072.0,4074.2,60498.0,real_delta_india
2026-06-28T09:00:00+00:00,4074.3,4074.3,4072.5,4074.2,45194.0,real_delta_india
2026-06-28T09:30:00+00:00,4074.2,4074.8,4073.2,4074.7,7103.0,real_delta_india
2026-06-28T10:00:00+00:00,4074.5,4075.6,4072.9,4073.4,21860.0,real_delta_india
2026-06-28T10:30:00+00:00,4073.5,4073.6,4072.3,4072.4,4904.0,real_delta_india
2026-06-28T11:00:00+00:00,4072.4,4073.6,4070.6,4072.6,63127.0,real_delta_india
2026-06-28T11:30:00+00:00,4072.1,4073.0,4071.6,4071.8,6350.0,real_delta_india
2026-06-28T12:00:00+00:00,4071.8,4073.7,4071.8,4073.3,10045.0,real_delta_india
2026-06-28T12:30:00+00:00,4074.3,4074.3,4073.2,4074.0,9425.0,real_delta_india
2026-06-28T13:00:00+00:00,4073.0,4073.6,4071.5,4071.5,11164.0,real_delta_india
2026-06-28T13:30:00+00:00,4071.7,4072.5,4071.4,4072.5,17346.0,real_delta_india
2026-06-28T14:00:00+00:00,4072.5,4072.8,4071.4,4071.4,8052.0,real_delta_india
2026-06-28T14:30:00+00:00,4071.2,4071.4,4069.1,4070.4,38556.0,real_delta_india
2026-06-28T15:00:00+00:00,4069.5,4070.6,4069.5,4070.4,25757.0,real_delta_india
2026-06-28T15:30:00+00:00,4070.4,4071.5,4070.2,4071.1,10952.0,real_delta_india
2026-06-28T16:00:00+00:00,4070.9,4071.5,4070.8,4071.1,29321.0,real_delta_india
2026-06-28T16:30:00+00:00,4070.9,4071.1,4069.5,4070.5,22445.0,real_delta_india
2026-06-28T17:00:00+00:00,4070.2,4071.3,4067.6,4071.3,67354.0,real_delta_india
2026-06-28T17:30:00+00:00,4071.3,4072.7,4068.5,4071.7,199064.0,real_delta_india
2026-06-28T18:00:00+00:00,4071.7,4071.8,4070.3,4071.8,56009.0,real_delta_india
2026-06-28T18:30:00+00:00,4071.6,4071.6,4071.4,4071.6,5071.0,real_delta_india
2026-06-28T19:00:00+00:00,4070.3,4071.4,4070.2,4071.4,3390.0,real_delta_india
2026-06-28T19:30:00+00:00,4071.6,4072.2,4068.9,4071.0,33327.0,real_delta_india
2026-06-28T20:00:00+00:00,4071.2,4074.1,4071.2,4073.9,13327.0,real_delta_india
2026-06-28T20:30:00+00:00,4073.9,4075.4,4073.9,4074.4,31681.0,real_delta_india
2026-06-28T21:00:00+00:00,4074.5,4075.8,4072.7,4075.6,19650.0,real_delta_india
2026-06-28T21:30:00+00:00,4075.8,4075.9,4069.1,4074.0,97150.0,real_delta_india
2026-06-28T22:00:00+00:00,4074.23,4078.36,4046.63,4052.4,338644.0,real_delta_india
2026-06-28T22:30:00+00:00,4052.8,4061.4,4049.5,4057.6,111831.0,real_delta_india
2026-06-28T23:00:00+00:00,4058.0,4062.5,4048.9,4050.2,99986.0,real_delta_india
2026-06-28T23:30:00+00:00,4049.1,4059.26,4045.4,4056.0,208434.0,real_delta_india
2026-06-29T00:00:00+00:00,4055.8,4058.28,4041.9,4042.0,213373.0,real_delta_india
2026-06-29T00:30:00+00:00,4042.0,4066.47,4041.9,4064.6,311610.0,real_delta_india
2026-06-29T01:00:00+00:00,4062.37,4067.8,4047.9,4053.1,512208.0,real_delta_india
2026-06-29T01:30:00+00:00,4053.1,4060.0,4049.2,4054.9,296577.0,real_delta_india
2026-06-29T02:00:00+00:00,4054.9,4063.4,4052.8,4062.1,201158.0,real_delta_india
2026-06-29T02:30:00+00:00,4062.9,4064.1,4053.0,4059.9,302488.0,real_delta_india
2026-06-29T03:00:00+00:00,4059.1,4069.4,4058.8,4066.3,264477.0,real_delta_india
2026-06-29T03:30:00+00:00,4066.8,4066.8,4059.0,4062.2,241511.0,real_delta_india
2026-06-29T04:00:00+00:00,4062.6,4062.6,4056.3,4058.9,114441.0,real_delta_india
2026-06-29T04:30:00+00:00,4058.9,4058.9,4043.2,4045.4,549555.0,real_delta_india
2026-06-29T05:00:00+00:00,4045.4,4049.9,4040.8,4041.8,483165.0,real_delta_india
2026-06-29T05:30:00+00:00,4042.0,4050.8,4032.95,4048.4,812667.0,real_delta_india
2026-06-29T06:00:00+00:00,4048.5,4056.5,4048.4,4053.8,605323.0,real_delta_india
2026-06-29T06:30:00+00:00,4053.0,4057.9,4047.85,4055.3,373019.0,real_delta_india
2026-06-29T07:00:00+00:00,4055.5,4059.6,4049.5,4058.7,323496.0,real_delta_india
2026-06-29T07:30:00+00:00,4059.0,4061.3,4053.4,4054.7,303125.0,real_delta_india
2026-06-29T08:00:00+00:00,4054.7,4058.73,4052.9,4054.4,287754.0,real_delta_india
2026-06-29T08:30:00+00:00,4054.2,4058.73,4037.5,4040.4,616361.0,real_delta_india
2026-06-29T09:00:00+00:00,4041.55,4048.7,4039.0,4040.6,515722.0,real_delta_india
2026-06-29T09:30:00+00:00,4041.9,4043.7,4020.0,4026.5,1142657.0,real_delta_india
2026-06-29T10:00:00+00:00,4026.5,4034.3,4022.7,4032.2,614859.0,real_delta_india
2026-06-29T10:30:00+00:00,4032.2,4033.3,4026.4,4031.4,363146.0,real_delta_india
2026-06-29T11:00:00+00:00,4031.7,4033.1,4022.1,4026.4,455757.0,real_delta_india
2026-06-29T11:30:00+00:00,4026.4,4038.1,4025.0,4035.2,641625.0,real_delta_india
2026-06-29T12:00:00+00:00,4035.2,4046.3,4032.1,4033.0,1413683.0,real_delta_india
2026-06-29T12:30:00+00:00,4033.6,4042.5,4033.1,4037.7,951052.0,real_delta_india
2026-06-29T13:00:00+00:00,4038.5,4045.8,4034.0,4034.0,874489.0,real_delta_india
2026-06-29T13:30:00+00:00,4033.4,4039.5,4022.3,4026.8,1140024.0,real_delta_india
2026-06-29T14:00:00+00:00,4027.4,4029.57,3995.84,4019.2,2136548.0,real_delta_india
2026-06-29T14:30:00+00:00,4019.9,4024.6,4010.4,4019.5,799542.0,real_delta_india
2026-06-29T15:00:00+00:00,4019.6,4020.5,4009.4,4018.0,692212.0,real_delta_india
2026-06-29T15:30:00+00:00,4017.7,4025.3,4010.8,4022.2,728779.0,real_delta_india
2026-06-29T16:00:00+00:00,4022.0,4023.7,4016.8,4016.9,429885.0,real_delta_india
2026-06-29T16:30:00+00:00,4017.1,4023.1,4012.7,4018.3,559731.0,real_delta_india
2026-06-29T17:00:00+00:00,4018.7,4027.0,4017.72,4019.6,718082.0,real_delta_india
2026-06-29T17:30:00+00:00,4019.6,4020.0,4015.8,4016.6,433837.0,real_delta_india
2026-06-29T18:00:00+00:00,4016.8,4020.7,4015.8,4016.8,445039.0,real_delta_india
2026-06-29T18:30:00+00:00,4016.8,4017.0,4007.3,4008.5,480395.0,real_delta_india
2026-06-29T19:00:00+00:00,4008.5,4012.7,4002.0,4012.7,455921.0,real_delta_india
2026-06-29T19:30:00+00:00,4013.0,4015.4,4009.03,4012.6,249981.0,real_delta_india
2026-06-29T20:00:00+00:00,4011.5,4014.3,4009.4,4014.1,76006.0,real_delta_india
2026-06-29T20:30:00+00:00,4014.2,4014.2,4010.9,4013.5,70351.0,real_delta_india
2026-06-29T21:00:00+00:00,4013.2,4014.6,4011.9,4013.5,12999.0,real_delta_india
2026-06-29T21:30:00+00:00,4014.0,4018.5,4013.7,4015.4,54321.0,real_delta_india
2026-06-29T22:00:00+00:00,4015.0,4016.5,4010.7,4010.8,52019.0,real_delta_india
2026-06-29T22:30:00+00:00,4010.3,4011.3,4004.67,4008.7,78467.0,real_delta_india
2026-06-29T23:00:00+00:00,4009.2,4015.97,4009.2,4011.4,48485.0,real_delta_india
2026-06-29T23:30:00+00:00,4012.4,4015.6,4008.3,4010.2,51003.0,real_delta_india
2026-06-30T00:00:00+00:00,4009.2,4009.25,3998.8,4001.0,339468.0,real_delta_india
2026-06-30T00:30:00+00:00,4000.9,4001.3,3976.4,3983.7,1035362.0,real_delta_india
2026-06-30T01:00:00+00:00,3980.3,3980.7,3941.2,3976.0,1767930.0,real_delta_india
2026-06-30T01:30:00+00:00,3975.7,3976.8,3958.6,3964.1,455914.0,real_delta_india
2026-06-30T02:00:00+00:00,3966.0,3969.3,3950.0,3960.4,702148.0,real_delta_india
2026-06-30T02:30:00+00:00,3960.1,3967.5,3951.9,3960.1,534444.0,real_delta_india
2026-06-30T03:00:00+00:00,3961.7,3968.8,3961.0,3963.0,288014.0,real_delta_india
2026-06-30T03:30:00+00:00,3962.9,3967.8,3958.5,3966.2,309215.0,real_delta_india
2026-06-30T04:00:00+00:00,3966.5,3979.8,3966.2,3979.4,580767.0,real_delta_india
2026-06-30T04:30:00+00:00,3979.4,3996.0,3979.4,3983.6,1032086.0,real_delta_india
2026-06-30T05:00:00+00:00,3983.6,3987.9,3976.6,3979.6,644696.0,real_delta_india
2026-06-30T05:30:00+00:00,3979.0,3981.4,3972.1,3975.2,487366.0,real_delta_india
2026-06-30T06:00:00+00:00,3975.7,4010.6,3975.6,4009.6,1134831.0,real_delta_india
2026-06-30T06:30:00+00:00,4009.3,4029.6,4008.9,4026.4,1521249.0,real_delta_india
2026-06-30T07:00:00+00:00,4025.9,4030.1,4019.4,4024.3,558677.0,real_delta_india
2026-06-30T07:30:00+00:00,4023.86,4027.0,4020.3,4026.4,397790.0,real_delta_india
2026-06-30T08:00:00+00:00,4026.3,4032.1,4014.8,4019.7,942139.0,real_delta_india
2026-06-30T08:30:00+00:00,4019.9,4020.9,4008.6,4010.5,757175.0,real_delta_india
2026-06-30T09:00:00+00:00,4010.5,4017.3,4009.9,4012.0,474203.0,real_delta_india
2026-06-30T09:30:00+00:00,4012.4,4019.3,4007.3,4019.3,641095.0,real_delta_india
2026-06-30T10:00:00+00:00,4019.5,4024.2,4017.8,4023.9,642851.0,real_delta_india
2026-06-30T10:30:00+00:00,4023.9,4027.3,4020.9,4025.4,406772.0,real_delta_india
2026-06-30T11:00:00+00:00,4025.4,4030.3,4020.1,4027.4,626158.0,real_delta_india
2026-06-30T11:30:00+00:00,4027.6,4032.0,4023.3,4028.0,682941.0,real_delta_india
2026-06-30T12:00:00+00:00,4028.1,4028.7,4009.3,4010.9,1356013.0,real_delta_india
2026-06-30T12:30:00+00:00,4011.0,4016.6,4002.9,4004.9,1409868.0,real_delta_india
2026-06-30T13:00:00+00:00,4005.0,4029.5,4004.0,4018.7,1568411.0,real_delta_india
2026-06-30T13:30:00+00:00,4018.74,4028.5,4007.5,4025.4,1442433.0,real_delta_india
2026-06-30T14:00:00+00:00,4023.97,4058.6,4020.4,4049.1,2359154.0,real_delta_india
2026-06-30T14:30:00+00:00,4048.9,4053.6,4032.3,4033.0,1226927.0,real_delta_india
2026-06-30T15:00:00+00:00,4032.6,4034.4,4017.0,4024.5,1746949.0,real_delta_india
2026-06-30T15:30:00+00:00,4024.6,4031.1,4022.8,4025.0,755060.0,real_delta_india
2026-06-30T16:00:00+00:00,4025.0,4026.3,4021.2,4024.9,750441.0,real_delta_india
2026-06-30T16:30:00+00:00,4024.9,4028.6,4020.4,4021.0,738739.0,real_delta_india
2026-06-30T17:00:00+00:00,4020.8,4022.4,4014.9,4020.0,1277008.0,real_delta_india
2026-06-30T17:30:00+00:00,4020.0,4026.3,4019.6,4024.8,536597.0,real_delta_india
2026-06-30T18:00:00+00:00,4025.2,4028.6,4024.73,4026.6,374509.0,real_delta_india
2026-06-30T18:30:00+00:00,4026.3,4027.1,4022.2,4023.5,242480.0,real_delta_india
2026-06-30T19:00:00+00:00,4023.5,4023.8,4015.5,4015.9,236250.0,real_delta_india
2026-06-30T19:30:00+00:00,4015.5,4017.7,4010.2,4011.7,439655.0,real_delta_india
2026-06-30T20:00:00+00:00,4011.4,4015.4,4006.8,4007.1,213799.0,real_delta_india
2026-06-30T20:30:00+00:00,4007.3,4007.8,4002.2,4003.4,309153.0,real_delta_india
2026-06-30T21:00:00+00:00,4004.3,4006.6,4000.7,4006.2,175449.0,real_delta_india
2026-06-30T21:30:00+00:00,4006.2,4008.2,4005.6,4008.1,44608.0,real_delta_india
2026-06-30T22:00:00+00:00,4007.7,4011.5,4006.8,4008.0,98772.0,real_delta_india
2026-06-30T22:30:00+00:00,4007.9,4011.6,4005.7,4006.5,272951.0,real_delta_india
2026-06-30T23:00:00+00:00,4007.18,4012.1,4003.0,4005.5,207365.0,real_delta_india
2026-06-30T23:30:00+00:00,4005.5,4006.5,4000.1,4000.4,163368.0,real_delta_india
2026-07-01T00:00:00+00:00,4000.4,4004.4,3996.0,3997.1,483695.0,real_delta_india
2026-07-01T00:30:00+00:00,3997.1,4000.2,3987.6,3991.4,593597.0,real_delta_india
2026-07-01T01:00:00+00:00,3990.0,3993.0,3971.07,3981.5,1067054.0,real_delta_india
2026-07-01T01:30:00+00:00,3982.0,3985.4,3971.0,3974.6,602360.0,real_delta_india
2026-07-01T02:00:00+00:00,3974.6,3979.6,3966.9,3977.5,829550.0,real_delta_india
2026-07-01T02:30:00+00:00,3977.4,3982.5,3975.8,3977.2,506394.0,real_delta_india
2026-07-01T03:00:00+00:00,3976.8,3985.7,3976.8,3979.4,588091.0,real_delta_india
2026-07-01T03:30:00+00:00,3979.2,3980.3,3973.6,3979.0,454538.0,real_delta_india
2026-07-01T04:00:00+00:00,3979.4,3979.5,3973.2,3976.0,303406.0,real_delta_india
2026-07-01T04:30:00+00:00,3976.0,3980.6,3972.0,3977.7,719881.0,real_delta_india
2026-07-01T05:00:00+00:00,3977.11,3977.4,3969.1,3973.0,623120.0,real_delta_india
2026-07-01T05:30:00+00:00,3972.2,3979.0,3969.5,3975.1,480048.0,real_delta_india
2026-07-01T06:00:00+00:00,3975.0,3977.0,3961.2,3966.1,1269600.0,real_delta_india
2026-07-01T06:30:00+00:00,3966.1,3972.1,3961.7,3969.8,821858.0,real_delta_india
2026-07-01T07:00:00+00:00,3970.0,3971.5,3957.7,3961.8,1100953.0,real_delta_india
2026-07-01T07:30:00+00:00,3962.2,3975.63,3958.0,3973.8,864076.0,real_delta_india
2026-07-01T08:00:00+00:00,3973.51,3980.9,3968.0,3976.7,803479.0,real_delta_india
2026-07-01T08:30:00+00:00,3976.6,3977.7,3970.0,3972.2,489802.0,real_delta_india
2026-07-01T09:00:00+00:00,3972.1,3977.6,3970.7,3976.3,271033.0,real_delta_india
2026-07-01T09:30:00+00:00,3976.3,3983.4,3975.5,3982.8,505505.0,real_delta_india
2026-07-01T10:00:00+00:00,3982.6,3988.2,3978.0,3983.2,822914.0,real_delta_india
2026-07-01T10:30:00+00:00,3983.1,3995.1,3982.7,3994.1,924054.0,real_delta_india
2026-07-01T11:00:00+00:00,3994.81,4023.1,3994.81,4021.9,1918210.0,real_delta_india
2026-07-01T11:30:00+00:00,4021.9,4029.7,4018.3,4024.7,1040814.0,real_delta_india
2026-07-01T12:00:00+00:00,4025.6,4027.9,4014.1,4020.6,1476595.0,real_delta_india
2026-07-01T12:30:00+00:00,4020.0,4026.9,4018.0,4018.5,581724.0,real_delta_india
2026-07-01T13:00:00+00:00,4018.7,4042.5,4007.2,4042.0,2672850.0,real_delta_india
2026-07-01T13:30:00+00:00,4040.7,4099.6,4036.2,4081.2,3645052.0,real_delta_india
2026-07-01T14:00:00+00:00,4081.83,4098.2,4073.2,4091.9,1815627.0,real_delta_india
2026-07-01T14:30:00+00:00,4092.2,4106.8,4077.3,4084.9,2448511.0,real_delta_india
2026-07-01T15:00:00+00:00,4084.7,4085.7,4070.7,4075.8,1269627.0,real_delta_india
2026-07-01T15:30:00+00:00,4076.0,4080.3,4068.9,4073.0,1058230.0,real_delta_india
2026-07-01T16:00:00+00:00,4073.6,4080.2,4071.8,4072.8,696407.0,real_delta_india
2026-07-01T16:30:00+00:00,4074.2,4074.9,4060.9,4061.6,1365073.0,real_delta_india
2026-07-01T17:00:00+00:00,4062.0,4064.3,4058.0,4059.0,963407.0,real_delta_india
2026-07-01T17:30:00+00:00,4059.95,4064.4,4059.5,4060.1,465745.0,real_delta_india
2026-07-01T18:00:00+00:00,4060.1,4062.6,4052.9,4052.9,680214.0,real_delta_india
2026-07-01T18:30:00+00:00,4054.0,4058.0,4050.4,4054.1,441821.0,real_delta_india
2026-07-01T19:00:00+00:00,4053.9,4060.5,4049.2,4051.6,476079.0,real_delta_india
2026-07-01T19:30:00+00:00,4051.2,4052.0,4028.6,4032.6,753493.0,real_delta_india
2026-07-01T20:00:00+00:00,4032.9,4034.5,4022.5,4033.9,454856.0,real_delta_india
2026-07-01T20:30:00+00:00,4034.2,4034.6,4026.3,4027.4,109368.0,real_delta_india
2026-07-01T21:00:00+00:00,4027.9,4032.5,4027.6,4031.8,65062.0,real_delta_india
2026-07-01T21:30:00+00:00,4031.6,4034.7,4031.5,4034.3,114259.0,real_delta_india
2026-07-01T22:00:00+00:00,4033.4,4035.5,4030.1,4034.1,92046.0,real_delta_india
2026-07-01T22:30:00+00:00,4033.7,4040.5,4033.0,4040.5,150208.0,real_delta_india
2026-07-01T23:00:00+00:00,4040.1,4040.3,4028.7,4031.16,184014.0,real_delta_india
2026-07-01T23:30:00+00:00,4031.2,4033.9,4027.1,4028.8,136452.0,real_delta_india
2026-07-02T00:00:00+00:00,4029.2,4043.2,4025.2,4040.3,405223.0,real_delta_india
2026-07-02T00:30:00+00:00,4041.4,4047.7,4032.5,4047.0,363299.0,real_delta_india
2026-07-02T01:00:00+00:00,4046.6,4062.8,4045.7,4048.1,642722.0,real_delta_india
2026-07-02T01:30:00+00:00,4049.4,4050.8,4040.5,4045.2,364383.0,real_delta_india
2026-07-02T02:00:00+00:00,4044.9,4049.0,4036.5,4046.1,523060.0,real_delta_india
2026-07-02T02:30:00+00:00,4046.0,4057.1,4042.2,4054.0,487401.0,real_delta_india
2026-07-02T03:00:00+00:00,4054.0,4062.5,4051.3,4061.3,380414.0,real_delta_india
2026-07-02T03:30:00+00:00,4061.1,4069.3,4057.9,4065.0,739755.0,real_delta_india
2026-07-02T04:00:00+00:00,4065.0,4067.7,4059.0,4059.94,418960.0,real_delta_india
2026-07-02T04:30:00+00:00,4060.5,4061.0,4055.4,4055.8,374258.0,real_delta_india
2026-07-02T05:00:00+00:00,4055.8,4057.0,4048.9,4051.6,737114.0,real_delta_india
2026-07-02T05:30:00+00:00,4051.5,4063.2,4047.8,4061.6,944045.0,real_delta_india
2026-07-02T06:00:00+00:00,4061.7,4074.8,4061.7,4069.2,1178786.0,real_delta_india
2026-07-02T06:30:00+00:00,4069.3,4071.09,4060.9,4067.7,657042.0,real_delta_india
2026-07-02T07:00:00+00:00,4067.6,4068.0,4055.4,4058.0,652442.0,real_delta_india
2026-07-02T07:30:00+00:00,4057.8,4069.9,4056.0,4059.3,779261.0,real_delta_india
2026-07-02T08:00:00+00:00,4059.3,4072.5,4056.7,4070.2,812844.0,real_delta_india
2026-07-02T08:30:00+00:00,4070.2,4075.4,4068.2,4071.5,435595.0,real_delta_india
2026-07-02T09:00:00+00:00,4071.67,4072.9,4061.5,4062.5,460935.0,real_delta_india
2026-07-02T09:30:00+00:00,4063.0,4068.5,4059.0,4061.7,592977.0,real_delta_india
2026-07-02T10:00:00+00:00,4061.8,4064.6,4058.6,4062.2,647035.0,real_delta_india
2026-07-02T10:30:00+00:00,4062.1,4064.8,4056.2,4063.2,563965.0,real_delta_india
2026-07-02T11:00:00+00:00,4063.2,4063.4,4053.0,4060.2,789393.0,real_delta_india
2026-07-02T11:30:00+00:00,4060.3,4067.8,4057.1,4062.1,984516.0,real_delta_india
2026-07-02T12:00:00+00:00,4062.0,4069.3,4057.5,4060.8,1235479.0,real_delta_india
2026-07-02T12:30:00+00:00,4061.04,4134.0,4061.04,4109.9,4852743.0,real_delta_india
2026-07-02T13:00:00+00:00,4111.67,4122.5,4102.3,4105.5,1573520.0,real_delta_india
2026-07-02T13:30:00+00:00,4105.55,4135.5,4102.2,4127.6,2384688.0,real_delta_india
2026-07-02T14:00:00+00:00,4128.0,4128.6,4106.2,4108.3,1993946.0,real_delta_india
2026-07-02T14:30:00+00:00,4108.2,4121.2,4106.5,4120.7,1200524.0,real_delta_india
2026-07-02T15:00:00+00:00,4120.7,4123.17,4106.5,4114.6,1065757.0,real_delta_india
2026-07-02T15:30:00+00:00,4114.7,4122.7,4114.7,4120.3,466185.0,real_delta_india
2026-07-02T16:00:00+00:00,4120.5,4121.6,4107.4,4108.2,676517.0,real_delta_india
2026-07-02T16:30:00+00:00,4108.4,4112.8,4092.4,4109.5,2346196.0,real_delta_india
2026-07-02T17:00:00+00:00,4109.6,4112.1,4103.0,4104.3,768660.0,real_delta_india
2026-07-02T17:30:00+00:00,4103.7,4106.4,4097.5,4098.5,785670.0,real_delta_india
2026-07-02T18:00:00+00:00,4098.5,4115.7,4098.2,4115.4,1052543.0,real_delta_india
2026-07-02T18:30:00+00:00,4115.4,4118.9,4112.4,4113.7,506204.0,real_delta_india
2026-07-02T19:00:00+00:00,4114.0,4115.9,4101.0,4105.5,418155.0,real_delta_india
2026-07-02T19:30:00+00:00,4105.0,4116.0,4103.7,4113.6,335109.0,real_delta_india
2026-07-02T20:00:00+00:00,4113.3,4117.6,4109.5,4116.5,88974.0,real_delta_india
2026-07-02T20:30:00+00:00,4116.7,4117.5,4112.7,4116.6,86969.0,real_delta_india
2026-07-02T21:00:00+00:00,4115.4,4116.3,4115.0,4115.5,39595.0,real_delta_india
2026-07-02T21:30:00+00:00,4115.5,4117.4,4115.5,4117.4,21575.0,real_delta_india
2026-07-02T22:00:00+00:00,4117.4,4119.7,4115.4,4115.7,99894.0,real_delta_india
2026-07-02T22:30:00+00:00,4117.3,4118.0,4115.5,4117.2,24945.0,real_delta_india
2026-07-02T23:00:00+00:00,4116.9,4122.3,4116.6,4121.1,88983.0,real_delta_india
2026-07-02T23:30:00+00:00,4121.7,4125.0,4115.1,4120.6,140809.0,real_delta_india
2026-07-03T00:00:00+00:00,4119.6,4134.0,4117.1,4130.1,360196.0,real_delta_india
2026-07-03T00:30:00+00:00,4130.8,4143.2,4126.2,4140.2,645872.0,real_delta_india
2026-07-03T01:00:00+00:00,4140.2,4184.2,4139.6,4177.1,1544857.0,real_delta_india
2026-07-03T01:30:00+00:00,4177.4,4185.4,4164.5,4171.9,887767.0,real_delta_india
2026-07-03T02:00:00+00:00,4171.6,4173.8,4166.1,4168.3,291235.0,real_delta_india
2026-07-03T02:30:00+00:00,4169.1,4176.3,4167.7,4173.4,296970.0,real_delta_india
2026-07-03T03:00:00+00:00,4173.5,4173.9,4169.1,4171.1,250468.0,real_delta_india
2026-07-03T03:30:00+00:00,4170.6,4172.2,4163.8,4164.7,415394.0,real_delta_india
2026-07-03T04:00:00+00:00,4164.7,4172.5,4162.6,4168.1,487248.0,real_delta_india
2026-07-03T04:30:00+00:00,4167.9,4168.1,4163.4,4167.3,326004.0,real_delta_india
2026-07-03T05:00:00+00:00,4167.3,4171.1,4163.5,4166.3,287115.0,real_delta_india
2026-07-03T05:30:00+00:00,4166.0,4171.8,4158.2,4160.5,677412.0,real_delta_india
2026-07-03T06:00:00+00:00,4160.5,4160.7,4150.7,4154.6,951700.0,real_delta_india
2026-07-03T06:30:00+00:00,4154.6,4164.1,4154.6,4162.5,702573.0,real_delta_india
2026-07-03T07:00:00+00:00,4163.1,4170.4,4159.1,4164.2,945701.0,real_delta_india
2026-07-03T07:30:00+00:00,4164.5,4172.0,4164.0,4166.4,591822.0,real_delta_india
2026-07-03T08:00:00+00:00,4168.8,4175.0,4167.8,4172.6,552041.0,real_delta_india
2026-07-03T08:30:00+00:00,4173.5,4176.9,4167.6,4170.9,691505.0,real_delta_india
2026-07-03T09:00:00+00:00,4171.1,4172.3,4161.8,4163.3,664758.0,real_delta_india
2026-07-03T09:30:00+00:00,4162.6,4165.9,4159.5,4163.6,630882.0,real_delta_india
2026-07-03T10:00:00+00:00,4163.5,4172.1,4161.9,4169.1,558175.0,real_delta_india
2026-07-03T10:30:00+00:00,4169.3,4170.3,4166.1,4168.0,334640.0,real_delta_india
2026-07-03T11:00:00+00:00,4167.9,4176.2,4166.6,4172.8,570999.0,real_delta_india
2026-07-03T11:30:00+00:00,4173.0,4176.1,4168.3,4170.9,606588.0,real_delta_india
2026-07-03T12:00:00+00:00,4170.9,4173.9,4163.3,4166.3,1185237.0,real_delta_india
2026-07-03T12:30:00+00:00,4166.3,4169.3,4163.1,4168.0,619043.0,real_delta_india
2026-07-03T13:00:00+00:00,4169.33,4171.3,4155.6,4162.8,1071583.0,real_delta_india
2026-07-03T13:30:00+00:00,4162.8,4162.8,4155.2,4156.2,631998.0,real_delta_india
2026-07-03T14:00:00+00:00,4156.2,4158.15,4146.1,4157.3,1173736.0,real_delta_india
2026-07-03T14:30:00+00:00,4157.3,4162.5,4154.1,4161.9,747530.0,real_delta_india
2026-07-03T15:00:00+00:00,4161.6,4165.4,4158.9,4159.0,692072.0,real_delta_india
2026-07-03T15:30:00+00:00,4159.1,4160.33,4155.5,4156.2,332795.0,real_delta_india
2026-07-03T16:00:00+00:00,4156.0,4157.8,4152.6,4157.14,526343.0,real_delta_india
2026-07-03T16:30:00+00:00,4157.14,4167.4,4157.14,4165.8,724835.0,real_delta_india
2026-07-03T17:00:00+00:00,4165.0,4166.8,4164.5,4166.4,197524.0,real_delta_india
2026-07-03T17:30:00+00:00,4166.56,4166.6,4164.2,4165.3,192770.0,real_delta_india
2026-07-03T18:00:00+00:00,4165.3,4165.6,4164.1,4165.2,120699.0,real_delta_india
2026-07-03T18:30:00+00:00,4165.2,4166.8,4164.4,4166.3,88015.0,real_delta_india
2026-07-03T19:00:00+00:00,4166.3,4167.8,4165.7,4167.2,55490.0,real_delta_india
2026-07-03T19:30:00+00:00,4167.0,4168.6,4166.5,4167.0,75151.0,real_delta_india
2026-07-03T20:00:00+00:00,4167.2,4171.1,4167.2,4170.4,155567.0,real_delta_india
2026-07-03T20:30:00+00:00,4170.4,4170.9,4167.3,4167.8,59977.0,real_delta_india
2026-07-03T21:00:00+00:00,4168.3,4170.1,4167.3,4169.1,21446.0,real_delta_india
2026-07-03T21:30:00+00:00,4168.1,4169.4,4168.1,4169.3,22884.0,real_delta_india
2026-07-03T22:00:00+00:00,4169.3,4169.3,4164.2,4164.2,50997.0,real_delta_india
2026-07-03T22:30:00+00:00,4164.4,4167.1,4163.7,4166.8,15501.0,real_delta_india
2026-07-03T23:00:00+00:00,4167.0,4168.0,4166.5,4168.0,14136.0,real_delta_india
2026-07-03T23:30:00+00:00,4168.0,4168.4,4165.0,4165.0,16375.0,real_delta_india
2026-07-04T00:00:00+00:00,4165.0,4166.1,4157.6,4158.4,142748.0,real_delta_india
2026-07-04T00:30:00+00:00,4158.4,4159.0,4154.8,4157.3,157876.0,real_delta_india
2026-07-04T01:00:00+00:00,4157.3,4159.4,4155.9,4159.1,93320.0,real_delta_india
2026-07-04T01:30:00+00:00,4158.8,4160.0,4158.8,4159.6,39575.0,real_delta_india
2026-07-04T02:00:00+00:00,4159.6,4159.9,4159.0,4159.9,28620.0,real_delta_india
2026-07-04T02:30:00+00:00,4159.7,4160.0,4159.0,4159.9,33776.0,real_delta_india
2026-07-04T03:00:00+00:00,4159.7,4160.8,4159.7,4160.8,29452.0,real_delta_india
2026-07-04T03:30:00+00:00,4160.8,4163.0,4160.5,4162.09,63320.0,real_delta_india
2026-07-04T04:00:00+00:00,4162.09,4163.2,4161.5,4162.3,49549.0,real_delta_india
2026-07-04T04:30:00+00:00,4162.3,4163.2,4162.0,4162.7,32168.0,real_delta_india
2026-07-04T05:00:00+00:00,4162.9,4162.9,4159.8,4160.4,89703.0,real_delta_india
2026-07-04T05:30:00+00:00,4160.4,4160.8,4158.3,4158.8,73607.0,real_delta_india
2026-07-04T06:00:00+00:00,4158.8,4160.1,4158.3,4159.6,45844.0,real_delta_india
2026-07-04T06:30:00+00:00,4159.3,4160.5,4159.3,4160.0,13618.0,real_delta_india
2026-07-04T07:00:00+00:00,4160.2,4160.9,4159.9,4160.3,24921.0,real_delta_india
2026-07-04T07:30:00+00:00,4160.1,4160.8,4159.6,4160.1,32644.0,real_delta_india
2026-07-04T08:00:00+00:00,4160.4,4161.8,4160.4,4161.8,51447.0,real_delta_india
2026-07-04T08:30:00+00:00,4161.8,4164.9,4161.6,4162.1,126090.0,real_delta_india
2026-07-04T09:00:00+00:00,4162.1,4167.58,4162.1,4166.3,174346.0,real_delta_india
2026-07-04T09:30:00+00:00,4166.3,4166.3,4165.2,4165.5,55980.0,real_delta_india
2026-07-04T10:00:00+00:00,4165.7,4165.9,4165.4,4165.8,17724.0,real_delta_india
2026-07-04T10:30:00+00:00,4165.8,4166.2,4165.5,4165.8,30122.0,real_delta_india
2026-07-04T11:00:00+00:00,4166.0,4166.0,4162.5,4163.0,105410.0,real_delta_india
2026-07-04T11:30:00+00:00,4163.1,4164.6,4161.9,4162.3,56963.0,real_delta_india
2026-07-04T12:00:00+00:00,4162.1,4162.4,4161.9,4162.3,26114.0,real_delta_india
2026-07-04T12:30:00+00:00,4162.3,4163.0,4161.9,4162.7,32339.0,real_delta_india
2026-07-04T13:00:00+00:00,4162.7,4164.5,4161.6,4164.1,28651.0,real_delta_india
2026-07-04T13:30:00+00:00,4164.1,4164.1,4162.7,4162.9,15850.0,real_delta_india
2026-07-04T14:00:00+00:00,4163.2,4163.6,4161.0,4161.3,53527.0,real_delta_india
2026-07-04T14:30:00+00:00,4161.3,4163.0,4161.3,4162.7,27184.0,real_delta_india
2026-07-04T15:00:00+00:00,4162.8,4167.2,4162.7,4165.6,81184.0,real_delta_india
2026-07-04T15:30:00+00:00,4165.4,4166.5,4165.0,4166.3,74800.0,real_delta_india
2026-07-04T16:00:00+00:00,4166.1,4166.3,4165.0,4165.33,30472.0,real_delta_india
2026-07-04T16:30:00+00:00,4165.33,4165.33,4163.2,4163.4,32487.0,real_delta_india
2026-07-04T17:00:00+00:00,4163.6,4165.7,4161.7,4165.5,76613.0,real_delta_india
2026-07-04T17:30:00+00:00,4165.7,4168.5,4165.5,4168.0,60433.0,real_delta_india
2026-07-04T18:00:00+00:00,4168.0,4168.0,4165.1,4165.6,30519.0,real_delta_india
2026-07-04T18:30:00+00:00,4165.6,4165.8,4160.8,4162.0,56101.0,real_delta_india
2026-07-04T19:00:00+00:00,4161.8,4164.0,4160.3,4162.7,32933.0,real_delta_india
2026-07-04T19:30:00+00:00,4162.7,4163.6,4161.5,4161.5,26709.0,real_delta_india
2026-07-04T20:00:00+00:00,4161.5,4164.2,4161.4,4162.6,11168.0,real_delta_india
2026-07-04T20:30:00+00:00,4162.6,4163.5,4162.4,4163.3,7972.0,real_delta_india
2026-07-04T21:00:00+00:00,4163.5,4163.6,4161.8,4163.5,19576.0,real_delta_india
2026-07-04T21:30:00+00:00,4163.5,4164.8,4163.3,4164.8,25579.0,real_delta_india
2026-07-04T22:00:00+00:00,4164.6,4165.3,4163.7,4164.3,4069.0,real_delta_india
2026-07-04T22:30:00+00:00,4163.8,4164.5,4163.7,4164.3,3872.0,real_delta_india
2026-07-04T23:00:00+00:00,4164.5,4164.6,4162.1,4163.4,8891.0,real_delta_india
2026-07-04T23:30:00+00:00,4165.1,4165.3,4164.4,4165.0,7807.0,real_delta_india
2026-07-05T00:00:00+00:00,4164.8,4164.8,4164.0,4164.0,10265.0,real_delta_india
2026-07-05T00:30:00+00:00,4164.0,4164.3,4162.0,4162.0,15853.0,real_delta_india
2026-07-05T01:00:00+00:00,4162.0,4165.2,4161.9,4164.3,39957.0,real_delta_india
2026-07-05T01:30:00+00:00,4164.1,4164.3,4163.9,4164.2,13734.0,real_delta_india
2026-07-05T02:00:00+00:00,4164.2,4164.3,4160.7,4161.4,49865.0,real_delta_india
2026-07-05T02:30:00+00:00,4161.4,4161.6,4159.6,4160.0,41512.0,real_delta_india
2026-07-05T03:00:00+00:00,4160.0,4162.3,4160.0,4161.8,20344.0,real_delta_india
2026-07-05T03:30:00+00:00,4161.3,4161.3,4160.4,4160.5,24472.0,real_delta_india
2026-07-05T04:00:00+00:00,4160.5,4162.1,4160.5,4161.6,9801.0,real_delta_india
2026-07-05T04:30:00+00:00,4161.6,4162.9,4161.6,4162.7,26585.0,real_delta_india
2026-07-05T05:00:00+00:00,4162.7,4162.9,4161.7,4162.1,17427.0,real_delta_india
2026-07-05T05:30:00+00:00,4162.3,4163.1,4161.7,4161.8,10492.0,real_delta_india
2026-07-05T06:00:00+00:00,4161.8,4163.3,4161.3,4163.1,25647.0,real_delta_india
2026-07-05T06:30:00+00:00,4163.1,4163.1,4162.7,4162.8,8522.0,real_delta_india
2026-07-05T07:00:00+00:00,4163.1,4163.1,4161.8,4162.4,7206.0,real_delta_india
2026-07-05T07:30:00+00:00,4162.4,4163.4,4161.5,4163.3,15524.0,real_delta_india
2026-07-05T08:00:00+00:00,4163.3,4164.0,4162.6,4164.0,14645.0,real_delta_india
2026-07-05T08:30:00+00:00,4164.0,4164.1,4163.3,4163.8,26018.0,real_delta_india
2026-07-05T09:00:00+00:00,4164.0,4164.2,4163.3,4163.5,10681.0,real_delta_india
2026-07-05T09:30:00+00:00,4163.5,4163.7,4162.2,4162.8,42638.0,real_delta_india
2026-07-05T10:00:00+00:00,4162.8,4164.9,4162.2,4164.6,56983.0,real_delta_india
2026-07-05T10:30:00+00:00,4164.4,4165.1,4164.3,4164.9,15433.0,real_delta_india
2026-07-05T11:00:00+00:00,4164.9,4165.3,4164.9,4164.9,23372.0,real_delta_india
2026-07-05T11:30:00+00:00,4165.1,4167.6,4164.9,4167.4,35400.0,real_delta_india
2026-07-05T12:00:00+00:00,4167.41,4167.9,4165.8,4166.4,48911.0,real_delta_india
2026-07-05T12:30:00+00:00,4166.4,4166.4,4165.6,4166.4,21721.0,real_delta_india
2026-07-05T13:00:00+00:00,4166.1,4166.4,4166.0,4166.1,13109.0,real_delta_india
2026-07-05T13:30:00+00:00,4166.1,4166.3,4163.9,4164.5,47999.0,real_delta_india
2026-07-05T14:00:00+00:00,4164.5,4165.6,4164.5,4165.6,15257.0,real_delta_india
2026-07-05T14:30:00+00:00,4165.3,4165.6,4165.0,4165.4,6640.0,real_delta_india
2026-07-05T15:00:00+00:00,4165.1,4166.6,4165.1,4166.3,22162.0,real_delta_india
2026-07-05T15:30:00+00:00,4166.3,4166.7,4164.0,4164.6,20689.0,real_delta_india
2026-07-05T16:00:00+00:00,4164.6,4164.9,4163.6,4164.5,49656.0,real_delta_india
2026-07-05T16:30:00+00:00,4163.7,4165.4,4163.6,4165.1,37747.0,real_delta_india
2026-07-05T17:00:00+00:00,4165.3,4167.2,4164.8,4166.6,47378.0,real_delta_india
2026-07-05T17:30:00+00:00,4166.6,4167.2,4165.6,4165.8,15771.0,real_delta_india
2026-07-05T18:00:00+00:00,4165.8,4165.8,4164.7,4165.4,27703.0,real_delta_india
2026-07-05T18:30:00+00:00,4165.4,4166.7,4165.0,4166.0,10724.0,real_delta_india
2026-07-05T19:00:00+00:00,4166.3,4166.6,4165.7,4166.4,6997.0,real_delta_india
2026-07-05T19:30:00+00:00,4166.6,4167.1,4165.9,4166.3,10377.0,real_delta_india
2026-07-05T20:00:00+00:00,4166.5,4173.1,4166.3,4170.4,69388.0,real_delta_india
2026-07-05T20:30:00+00:00,4170.5,4171.4,4170.5,4171.4,10276.0,real_delta_india
2026-07-05T21:00:00+00:00,4171.3,4172.0,4170.5,4171.8,29830.0,real_delta_india
2026-07-05T21:30:00+00:00,4171.8,4175.9,4170.7,4174.3,75352.0,real_delta_india
2026-07-05T22:00:00+00:00,4174.3,4178.5,4166.0,4177.6,111715.0,real_delta_india
2026-07-05T22:30:00+00:00,4176.7,4182.4,4174.9,4180.1,147461.0,real_delta_india
2026-07-05T23:00:00+00:00,4180.1,4192.3,4178.9,4191.2,253122.0,real_delta_india
2026-07-05T23:30:00+00:00,4191.1,4192.2,4169.7,4174.8,270575.0,real_delta_india
2026-07-06T00:00:00+00:00,4175.7,4176.5,4162.72,4166.2,282430.0,real_delta_india
2026-07-06T00:30:00+00:00,4166.0,4180.4,4165.8,4172.3,382313.0,real_delta_india
2026-07-06T01:00:00+00:00,4171.7,4184.0,4164.6,4180.9,486553.0,real_delta_india
2026-07-06T01:30:00+00:00,4182.38,4193.0,4176.6,4177.2,558781.0,real_delta_india
2026-07-06T02:00:00+00:00,4177.4,4178.3,4167.1,4169.4,398165.0,real_delta_india
2026-07-06T02:30:00+00:00,4168.6,4169.9,4160.2,4166.3,492920.0,real_delta_india
2026-07-06T03:00:00+00:00,4165.7,4167.8,4154.25,4158.0,537203.0,real_delta_india
2026-07-06T03:30:00+00:00,4158.4,4160.9,4150.9,4156.3,458621.0,real_delta_india
2026-07-06T04:00:00+00:00,4156.4,4156.8,4150.9,4153.0,227698.0,real_delta_india
2026-07-06T04:30:00+00:00,4153.0,4154.0,4148.6,4151.1,359329.0,real_delta_india
2026-07-06T05:00:00+00:00,4151.1,4152.1,4141.0,4143.2,666783.0,real_delta_india
2026-07-06T05:30:00+00:00,4143.2,4150.6,4134.74,4137.5,756186.0,real_delta_india
2026-07-06T06:00:00+00:00,4138.2,4147.6,4136.2,4146.6,596599.0,real_delta_india
2026-07-06T06:30:00+00:00,4146.8,4150.0,4139.16,4141.7,400146.0,real_delta_india
2026-07-06T07:00:00+00:00,4140.8,4146.2,4138.1,4144.5,321427.0,real_delta_india
2026-07-06T07:30:00+00:00,4144.5,4157.1,4142.5,4155.6,770562.0,real_delta_india
2026-07-06T08:00:00+00:00,4155.5,4156.7,4145.0,4146.0,442314.0,real_delta_india
2026-07-06T08:30:00+00:00,4145.6,4147.1,4138.3,4142.3,487259.0,real_delta_india
2026-07-06T09:00:00+00:00,4141.9,4142.3,4133.2,4135.3,533562.0,real_delta_india
2026-07-06T09:30:00+00:00,4135.47,4137.0,4128.2,4135.9,691090.0,real_delta_india
2026-07-06T10:00:00+00:00,4135.9,4143.2,4133.5,4140.4,593123.0,real_delta_india
2026-07-06T10:30:00+00:00,4140.1,4147.3,4140.1,4145.8,442095.0,real_delta_india
2026-07-06T11:00:00+00:00,4146.2,4151.1,4143.1,4147.1,562446.0,real_delta_india
2026-07-06T11:30:00+00:00,4147.1,4150.1,4142.8,4146.0,346145.0,real_delta_india
2026-07-06T12:00:00+00:00,4145.7,4149.7,4135.8,4136.5,878137.0,real_delta_india
2026-07-06T12:30:00+00:00,4136.5,4136.9,4122.9,4131.9,1505834.0,real_delta_india
2026-07-06T13:00:00+00:00,4131.9,4140.0,4128.9,4133.6,975734.0,real_delta_india
2026-07-06T13:30:00+00:00,4133.8,4142.1,4128.42,4131.5,978899.0,real_delta_india
2026-07-06T14:00:00+00:00,4132.4,4138.6,4123.8,4128.4,1222693.0,real_delta_india
2026-07-06T14:30:00+00:00,4128.7,4133.0,4120.5,4130.3,925859.0,real_delta_india
2026-07-06T15:00:00+00:00,4130.4,4142.8,4129.2,4142.0,1217870.0,real_delta_india
2026-07-06T15:30:00+00:00,4142.0,4143.9,4136.1,4140.4,1022326.0,real_delta_india
2026-07-06T16:00:00+00:00,4140.4,4140.4,4132.4,4138.3,743041.0,real_delta_india
2026-07-06T16:30:00+00:00,4138.3,4149.6,4138.2,4148.7,1182411.0,real_delta_india
2026-07-06T17:00:00+00:00,4148.7,4153.0,4143.4,4149.5,1009699.0,real_delta_india
2026-07-06T17:30:00+00:00,4149.4,4154.9,4148.3,4154.1,502402.0,real_delta_india
2026-07-06T18:00:00+00:00,4154.1,4156.4,4148.1,4154.4,660023.0,real_delta_india
2026-07-06T18:30:00+00:00,4154.4,4161.0,4153.2,4157.1,647406.0,real_delta_india
2026-07-06T19:00:00+00:00,4156.9,4158.9,4151.8,4156.7,369908.0,real_delta_india
2026-07-06T19:30:00+00:00,4156.63,4157.6,4152.7,4155.7,121089.0,real_delta_india
2026-07-06T20:00:00+00:00,4156.2,4157.2,4154.0,4155.9,90268.0,real_delta_india
2026-07-06T20:30:00+00:00,4155.9,4157.7,4155.7,4157.3,42418.0,real_delta_india
2026-07-06T21:00:00+00:00,4156.5,4164.5,4156.2,4160.2,233147.0,real_delta_india
2026-07-06T21:30:00+00:00,4160.2,4160.6,4157.1,4158.4,53223.0,real_delta_india
2026-07-06T22:00:00+00:00,4158.7,4159.2,4156.1,4157.3,42163.0,real_delta_india
2026-07-06T22:30:00+00:00,4158.3,4159.7,4156.0,4156.1,91814.0,real_delta_india
2026-07-06T23:00:00+00:00,4156.2,4156.9,4154.2,4154.5,132197.0,real_delta_india
2026-07-06T23:30:00+00:00,4154.1,4156.5,4147.4,4148.2,159965.0,real_delta_india
2026-07-07T00:00:00+00:00,4148.0,4151.7,4142.4,4150.7,308047.0,real_delta_india
2026-07-07T00:30:00+00:00,4150.7,4153.6,4136.3,4136.3,522571.0,real_delta_india
2026-07-07T01:00:00+00:00,4136.4,4139.3,4118.0,4124.5,787559.0,real_delta_india
2026-07-07T01:30:00+00:00,4124.3,4137.9,4124.3,4133.4,547728.0,real_delta_india
2026-07-07T02:00:00+00:00,4133.4,4136.7,4129.6,4133.0,284753.0,real_delta_india
2026-07-07T02:30:00+00:00,4132.3,4135.7,4123.46,4127.4,431150.0,real_delta_india
2026-07-07T03:00:00+00:00,4128.3,4130.8,4120.2,4124.2,304943.0,real_delta_india
2026-07-07T03:30:00+00:00,4123.8,4126.3,4116.7,4123.0,518048.0,real_delta_india
2026-07-07T04:00:00+00:00,4123.2,4132.0,4122.5,4124.4,622932.0,real_delta_india
2026-07-07T04:30:00+00:00,4124.4,4124.6,4117.4,4118.6,408609.0,real_delta_india
2026-07-07T05:00:00+00:00,4118.47,4122.5,4112.6,4120.4,1093965.0,real_delta_india
2026-07-07T05:30:00+00:00,4118.3,4119.5,4109.6,4115.7,818427.0,real_delta_india
2026-07-07T06:00:00+00:00,4115.5,4122.8,4114.4,4120.7,533321.0,real_delta_india
2026-07-07T06:30:00+00:00,4120.0,4126.9,4118.4,4123.1,558341.0,real_delta_india
2026-07-07T07:00:00+00:00,4124.0,4125.0,4117.7,4120.8,422281.0,real_delta_india
2026-07-07T07:30:00+00:00,4120.4,4126.8,4118.2,4119.2,498884.0,real_delta_india
2026-07-07T08:00:00+00:00,4119.0,4132.6,4118.7,4131.3,624294.0,real_delta_india
2026-07-07T08:30:00+00:00,4131.3,4131.5,4115.4,4119.5,769058.0,real_delta_india
2026-07-07T09:00:00+00:00,4120.2,4125.2,4113.3,4114.7,479574.0,real_delta_india
2026-07-07T09:30:00+00:00,4115.6,4127.1,4115.3,4124.6,493833.0,real_delta_india
2026-07-07T10:00:00+00:00,4124.6,4132.5,4124.6,4130.9,445281.0,real_delta_india
2026-07-07T10:30:00+00:00,4130.9,4130.9,4126.3,4127.5,354496.0,real_delta_india
2026-07-07T11:00:00+00:00,4127.8,4138.2,4123.8,4136.3,956853.0,real_delta_india
2026-07-07T11:30:00+00:00,4136.0,4151.0,4132.2,4149.4,1135221.0,real_delta_india
2026-07-07T12:00:00+00:00,4150.0,4167.6,4147.5,4157.4,1954426.0,real_delta_india
2026-07-07T12:30:00+00:00,4157.6,4165.2,4153.1,4163.4,998999.0,real_delta_india
2026-07-07T13:00:00+00:00,4163.7,4170.0,4152.0,4156.99,1810415.0,real_delta_india
2026-07-07T13:30:00+00:00,4156.7,4171.3,4147.0,4149.4,2575569.0,real_delta_india
2026-07-07T14:00:00+00:00,4149.6,4154.9,4141.1,4147.5,1561010.0,real_delta_india
2026-07-07T14:30:00+00:00,4148.3,4149.5,4133.8,4146.2,1590477.0,real_delta_india
2026-07-07T15:00:00+00:00,4145.0,4147.1,4132.3,4134.3,1129841.0,real_delta_india
2026-07-07T15:30:00+00:00,4135.8,4139.9,4128.0,4131.2,925889.0,real_delta_india
2026-07-07T16:00:00+00:00,4131.49,4139.7,4129.3,4139.2,636812.0,real_delta_india
2026-07-07T16:30:00+00:00,4139.2,4139.2,4132.5,4136.8,697312.0,real_delta_india
2026-07-07T17:00:00+00:00,4137.4,4138.7,4131.7,4138.1,537624.0,real_delta_india
2026-07-07T17:30:00+00:00,4138.5,4140.9,4134.8,4136.1,549069.0,real_delta_india
2026-07-07T18:00:00+00:00,4136.7,4137.3,4132.0,4134.8,312573.0,real_delta_india
2026-07-07T18:30:00+00:00,4134.4,4134.4,4116.5,4118.8,982039.0,real_delta_india
2026-07-07T19:00:00+00:00,4119.0,4119.1,4085.4,4096.3,1977945.0,real_delta_india
2026-07-07T19:30:00+00:00,4097.1,4109.3,4097.1,4106.7,697126.0,real_delta_india
2026-07-07T20:00:00+00:00,4106.7,4108.5,4099.7,4104.3,366547.0,real_delta_india
2026-07-07T20:30:00+00:00,4104.5,4104.9,4096.5,4099.5,156534.0,real_delta_india
2026-07-07T21:00:00+00:00,4100.2,4100.6,4097.5,4100.3,76640.0,real_delta_india
2026-07-07T21:30:00+00:00,4099.5,4101.7,4097.9,4100.4,64134.0,real_delta_india
2026-07-07T22:00:00+00:00,4098.0,4098.0,4085.3,4091.2,233502.0,real_delta_india
2026-07-07T22:30:00+00:00,4091.5,4094.7,4089.1,4092.3,64609.0,real_delta_india
2026-07-07T23:00:00+00:00,4091.0,4099.5,4089.5,4099.1,113517.0,real_delta_india
2026-07-07T23:30:00+00:00,4099.1,4099.4,4090.1,4091.2,132977.0,real_delta_india
2026-07-08T00:00:00+00:00,4093.4,4102.2,4091.2,4099.2,211704.0,real_delta_india
2026-07-08T00:30:00+00:00,4099.2,4120.0,4098.5,4106.4,543264.0,real_delta_india
2026-07-08T01:00:00+00:00,4106.0,4110.8,4093.0,4096.3,459067.0,real_delta_india
2026-07-08T01:30:00+00:00,4096.8,4105.7,4089.4,4104.3,604410.0,real_delta_india
2026-07-08T02:00:00+00:00,4104.3,4117.5,4099.0,4112.0,632774.0,real_delta_india
2026-07-08T02:30:00+00:00,4112.0,4113.7,4105.9,4107.0,363655.0,real_delta_india
2026-07-08T03:00:00+00:00,4107.3,4123.66,4107.3,4123.0,799110.0,real_delta_india
2026-07-08T03:30:00+00:00,4123.0,4124.3,4114.76,4115.7,571208.0,real_delta_india
2026-07-08T04:00:00+00:00,4115.9,4120.5,4112.0,4117.8,513165.0,real_delta_india
2026-07-08T04:30:00+00:00,4117.5,4120.3,4113.3,4117.0,286310.0,real_delta_india
2026-07-08T05:00:00+00:00,4117.0,4126.0,4114.0,4114.0,690991.0,real_delta_india
2026-07-08T05:30:00+00:00,4114.2,4123.9,4112.9,4119.9,421392.0,real_delta_india
2026-07-08T06:00:00+00:00,4121.0,4126.6,4115.3,4122.8,617177.0,real_delta_india
2026-07-08T06:30:00+00:00,4122.3,4122.6,4116.7,4116.9,433077.0,real_delta_india
2026-07-08T07:00:00+00:00,4116.27,4117.7,4106.9,4112.9,1016656.0,real_delta_india
2026-07-08T07:30:00+00:00,4112.9,4119.57,4109.9,4113.0,815491.0,real_delta_india
2026-07-08T08:00:00+00:00,4113.4,4113.7,4074.1,4081.9,1764228.0,real_delta_india
2026-07-08T08:30:00+00:00,4082.0,4085.3,4046.6,4050.7,1858411.0,real_delta_india
2026-07-08T09:00:00+00:00,4050.6,4055.8,4044.0,4051.7,1017647.0,real_delta_india
2026-07-08T09:30:00+00:00,4051.5,4053.4,4036.76,4038.4,1056365.0,real_delta_india
2026-07-08T10:00:00+00:00,4038.6,4051.1,4035.0,4046.6,806693.0,real_delta_india
2026-07-08T10:30:00+00:00,4047.0,4054.0,4045.8,4049.2,428907.0,real_delta_india
2026-07-08T11:00:00+00:00,4049.0,4052.6,4043.0,4045.9,627443.0,real_delta_india
2026-07-08T11:30:00+00:00,4045.0,4067.7,4037.2,4057.1,1748986.0,real_delta_india
2026-07-08T12:00:00+00:00,4057.8,4072.7,4054.0,4066.6,1416005.0,real_delta_india
2026-07-08T12:30:00+00:00,4067.5,4080.7,4063.1,4066.0,1533177.0,real_delta_india
2026-07-08T13:00:00+00:00,4066.0,4076.5,4058.8,4060.5,1279551.0,real_delta_india
2026-07-08T13:30:00+00:00,4060.7,4074.6,4060.7,4065.1,997759.0,real_delta_india
2026-07-08T14:00:00+00:00,4064.7,4065.5,4045.0,4054.6,1806079.0,real_delta_india
2026-07-08T14:30:00+00:00,4054.1,4055.0,4027.4,4035.9,1960100.0,real_delta_india
2026-07-08T15:00:00+00:00,4036.0,4038.6,4021.66,4026.3,1586645.0,real_delta_india
2026-07-08T15:30:00+00:00,4026.3,4034.9,4016.9,4030.9,1505266.0,real_delta_india
2026-07-08T16:00:00+00:00,4030.8,4040.5,4029.4,4039.2,1050210.0,real_delta_india
2026-07-08T16:30:00+00:00,4038.9,4059.4,4034.1,4058.3,1895560.0,real_delta_india
2026-07-08T17:00:00+00:00,4058.1,4067.7,4054.4,4066.7,1440629.0,real_delta_india
2026-07-08T17:30:00+00:00,4067.0,4069.8,4056.8,4058.3,1044085.0,real_delta_india
2026-07-08T18:00:00+00:00,4058.1,4069.4,4056.4,4063.0,1122729.0,real_delta_india
2026-07-08T18:30:00+00:00,4063.0,4083.8,4060.0,4075.5,1204866.0,real_delta_india
2026-07-08T19:00:00+00:00,4076.8,4082.7,4075.9,4079.4,574639.0,real_delta_india
2026-07-08T19:30:00+00:00,4080.3,4082.3,4069.6,4072.2,358821.0,real_delta_india
2026-07-08T20:00:00+00:00,4070.8,4074.3,4066.0,4067.6,239753.0,real_delta_india
2026-07-08T20:30:00+00:00,4067.4,4071.7,4063.6,4068.0,287967.0,real_delta_india
2026-07-08T21:00:00+00:00,4068.8,4069.6,4066.9,4067.2,23259.0,real_delta_india
2026-07-08T21:30:00+00:00,4067.2,4073.4,4066.9,4071.4,74181.0,real_delta_india
2026-07-08T22:00:00+00:00,4070.5,4072.1,4066.0,4066.5,125331.0,real_delta_india
2026-07-08T22:30:00+00:00,4066.7,4071.2,4066.7,4069.1,15916.0,real_delta_india
2026-07-08T23:00:00+00:00,4067.9,4069.5,4066.7,4069.0,29529.0,real_delta_india
2026-07-08T23:30:00+00:00,4067.9,4069.6,4064.5,4068.9,57292.0,real_delta_india
2026-07-09T00:00:00+00:00,4068.92,4081.8,4066.1,4069.7,310356.0,real_delta_india
2026-07-09T00:30:00+00:00,4070.0,4073.4,4061.9,4064.6,393979.0,real_delta_india
2026-07-09T01:00:00+00:00,4064.9,4069.4,4056.8,4059.8,531436.0,real_delta_india
2026-07-09T01:30:00+00:00,4059.1,4066.9,4054.4,4064.6,449132.0,real_delta_india
2026-07-09T02:00:00+00:00,4064.5,4074.0,4063.5,4071.3,390377.0,real_delta_india
2026-07-09T02:30:00+00:00,4072.5,4072.5,4055.5,4055.6,560133.0,real_delta_india
2026-07-09T03:00:00+00:00,4055.9,4059.0,4046.3,4050.7,804273.0,real_delta_india
2026-07-09T03:30:00+00:00,4050.4,4056.5,4048.92,4056.0,330566.0,real_delta_india
2026-07-09T04:00:00+00:00,4056.5,4057.1,4049.9,4051.2,513305.0,real_delta_india
2026-07-09T04:30:00+00:00,4051.0,4058.1,4050.0,4058.1,732704.0,real_delta_india
2026-07-09T05:00:00+00:00,4058.0,4068.8,4057.4,4064.9,809810.0,real_delta_india
2026-07-09T05:30:00+00:00,4065.0,4078.1,4058.0,4075.0,1080364.0,real_delta_india
2026-07-09T06:00:00+00:00,4075.3,4094.6,4075.2,4093.5,1442616.0,real_delta_india
2026-07-09T06:30:00+00:00,4094.2,4098.7,4087.8,4098.7,792817.0,real_delta_india
2026-07-09T07:00:00+00:00,4098.84,4101.6,4092.3,4099.6,752564.0,real_delta_india
2026-07-09T07:30:00+00:00,4099.8,4102.0,4094.8,4098.7,615368.0,real_delta_india
2026-07-09T08:00:00+00:00,4099.2,4108.8,4095.9,4105.4,962770.0,real_delta_india
2026-07-09T08:30:00+00:00,4105.7,4107.1,4098.1,4099.1,507386.0,real_delta_india
2026-07-09T09:00:00+00:00,4098.9,4102.2,4096.1,4098.4,459038.0,real_delta_india
2026-07-09T09:30:00+00:00,4098.9,4100.0,4092.9,4096.0,588766.0,real_delta_india
2026-07-09T10:00:00+00:00,4096.1,4099.9,4093.5,4094.0,495304.0,real_delta_india
2026-07-09T10:30:00+00:00,4093.7,4094.6,4083.6,4088.8,901958.0,real_delta_india
2026-07-09T11:00:00+00:00,4088.9,4097.4,4088.0,4090.62,991845.0,real_delta_india
2026-07-09T11:30:00+00:00,4090.0,4101.7,4089.6,4099.0,792249.0,real_delta_india
2026-07-09T12:00:00+00:00,4099.0,4110.8,4096.0,4098.1,1393592.0,real_delta_india
2026-07-09T12:30:00+00:00,4098.1,4113.4,4096.9,4097.6,1408022.0,real_delta_india
2026-07-09T13:00:00+00:00,4097.6,4116.9,4096.5,4115.3,1841683.0,real_delta_india
2026-07-09T13:30:00+00:00,4115.1,4118.6,4106.9,4110.2,1339540.0,real_delta_india
2026-07-09T14:00:00+00:00,4111.2,4125.3,4102.2,4113.0,2314123.0,real_delta_india
2026-07-09T14:30:00+00:00,4113.3,4117.2,4106.8,4116.3,714737.0,real_delta_india
2026-07-09T15:00:00+00:00,4116.6,4120.0,4112.9,4115.6,732684.0,real_delta_india
2026-07-09T15:30:00+00:00,4116.1,4122.3,4114.9,4115.4,883220.0,real_delta_india
2026-07-09T16:00:00+00:00,4115.6,4121.6,4114.8,4119.7,660838.0,real_delta_india
2026-07-09T16:30:00+00:00,4120.0,4126.0,4115.1,4115.5,1030329.0,real_delta_india
2026-07-09T17:00:00+00:00,4115.3,4119.2,4112.0,4118.5,1097031.0,real_delta_india
2026-07-09T17:30:00+00:00,4118.7,4124.8,4115.7,4123.3,735247.0,real_delta_india
2026-07-09T18:00:00+00:00,4123.5,4123.5,4110.4,4111.9,657992.0,real_delta_india
2026-07-09T18:30:00+00:00,4111.9,4113.3,4109.1,4112.9,469530.0,real_delta_india
2026-07-09T19:00:00+00:00,4112.7,4114.8,4108.3,4109.0,341170.0,real_delta_india
2026-07-09T19:30:00+00:00,4109.0,4111.9,4107.4,4110.5,212883.0,real_delta_india
2026-07-09T20:00:00+00:00,4111.8,4112.3,4109.0,4110.2,78099.0,real_delta_india
2026-07-09T20:30:00+00:00,4110.0,4113.9,4110.0,4112.5,157169.0,real_delta_india
2026-07-09T21:00:00+00:00,4112.9,4114.3,4110.1,4113.8,41405.0,real_delta_india
2026-07-09T21:30:00+00:00,4113.8,4116.5,4113.6,4114.5,90538.0,real_delta_india
2026-07-09T22:00:00+00:00,4115.4,4115.4,4111.6,4112.8,170301.0,real_delta_india
2026-07-09T22:30:00+00:00,4112.7,4113.4,4110.6,4111.2,120619.0,real_delta_india
2026-07-09T23:00:00+00:00,4111.0,4113.6,4110.5,4111.5,113553.0,real_delta_india
2026-07-09T23:30:00+00:00,4111.5,4112.9,4110.8,4112.6,32038.0,real_delta_india
2026-07-10T00:00:00+00:00,4112.7,4114.2,4105.5,4106.7,264847.0,real_delta_india
2026-07-10T00:30:00+00:00,4107.3,4116.5,4102.5,4114.7,406444.0,real_delta_india
2026-07-10T01:00:00+00:00,4115.2,4119.2,4106.9,4110.3,383487.0,real_delta_india
2026-07-10T01:30:00+00:00,4112.3,4112.4,4098.49,4106.8,751414.0,real_delta_india
2026-07-10T02:00:00+00:00,4106.5,4117.9,4105.94,4114.6,462681.0,real_delta_india
2026-07-10T02:30:00+00:00,4113.9,4118.3,4111.4,4116.0,335691.0,real_delta_india
2026-07-10T03:00:00+00:00,4118.0,4124.2,4110.24,4114.4,671893.0,real_delta_india
2026-07-10T03:30:00+00:00,4114.3,4116.8,4108.9,4109.7,399790.0,real_delta_india
2026-07-10T04:00:00+00:00,4109.9,4111.5,4102.6,4107.3,562341.0,real_delta_india
2026-07-10T04:30:00+00:00,4107.3,4109.7,4103.84,4104.6,328948.0,real_delta_india
2026-07-10T05:00:00+00:00,4104.8,4107.2,4102.3,4104.3,403413.0,real_delta_india
2026-07-10T05:30:00+00:00,4104.0,4106.8,4098.25,4106.8,720925.0,real_delta_india
2026-07-10T06:00:00+00:00,4106.6,4110.9,4105.0,4105.6,639858.0,real_delta_india
2026-07-10T06:30:00+00:00,4105.6,4106.5,4102.0,4103.1,317027.0,real_delta_india
2026-07-10T07:00:00+00:00,4102.9,4105.8,4099.2,4102.5,478976.0,real_delta_india
2026-07-10T07:30:00+00:00,4102.8,4103.8,4090.5,4095.1,1124705.0,real_delta_india
2026-07-10T08:00:00+00:00,4095.3,4097.2,4091.0,4093.3,592641.0,real_delta_india
2026-07-10T08:30:00+00:00,4093.0,4094.2,4084.2,4087.2,959088.0,real_delta_india
2026-07-10T09:00:00+00:00,4086.9,4093.6,4083.5,4093.0,648276.0,real_delta_india
2026-07-10T09:30:00+00:00,4093.0,4095.8,4088.5,4095.0,386406.0,real_delta_india
2026-07-10T10:00:00+00:00,4095.1,4103.0,4095.0,4099.6,817420.0,real_delta_india
2026-07-10T10:30:00+00:00,4099.4,4100.5,4093.7,4094.2,453300.0,real_delta_india
2026-07-10T11:00:00+00:00,4094.3,4098.3,4089.7,4090.5,592969.0,real_delta_india
2026-07-10T11:30:00+00:00,4090.5,4098.3,4086.5,4092.7,1330476.0,real_delta_india
2026-07-10T12:00:00+00:00,4092.92,4108.1,4090.9,4096.4,1536700.0,real_delta_india
2026-07-10T12:30:00+00:00,4097.2,4098.0,4088.94,4091.9,1009572.0,real_delta_india
2026-07-10T13:00:00+00:00,4090.2,4096.9,4076.8,4078.9,1131943.0,real_delta_india
2026-07-10T13:30:00+00:00,4079.0,4096.5,4078.5,4091.8,1477174.0,real_delta_india
2026-07-10T14:00:00+00:00,4091.9,4100.7,4089.7,4097.7,776545.0,real_delta_india
2026-07-10T14:30:00+00:00,4097.8,4099.9,4066.18,4085.4,1813432.0,real_delta_india
2026-07-10T15:00:00+00:00,4085.4,4098.3,4083.7,4093.6,685510.0,real_delta_india
2026-07-10T15:30:00+00:00,4093.9,4104.0,4093.2,4103.4,844601.0,real_delta_india
2026-07-10T16:00:00+00:00,4103.4,4104.8,4096.9,4104.5,1237373.0,real_delta_india
2026-07-10T16:30:00+00:00,4104.2,4106.0,4094.8,4095.2,766033.0,real_delta_india
2026-07-10T17:00:00+00:00,4095.4,4101.2,4092.5,4099.0,560853.0,real_delta_india
2026-07-10T17:30:00+00:00,4099.7,4100.4,4093.1,4093.1,319359.0,real_delta_india
2026-07-10T18:00:00+00:00,4093.3,4097.5,4092.4,4095.7,257732.0,real_delta_india
2026-07-10T18:30:00+00:00,4095.0,4095.7,4091.2,4093.3,225087.0,real_delta_india
2026-07-10T19:00:00+00:00,4093.3,4095.5,4089.8,4094.3,222660.0,real_delta_india
2026-07-10T19:30:00+00:00,4094.18,4100.0,4092.4,4099.9,172277.0,real_delta_india
2026-07-10T20:00:00+00:00,4100.01,4105.8,4099.8,4103.0,346034.0,real_delta_india
2026-07-10T20:30:00+00:00,4103.0,4111.88,4102.4,4111.6,336936.0,real_delta_india
2026-07-10T21:00:00+00:00,4111.6,4111.8,4109.3,4111.5,84822.0,real_delta_india
2026-07-10T21:30:00+00:00,4111.1,4111.8,4110.1,4111.6,14734.0,real_delta_india
2026-07-10T22:00:00+00:00,4111.6,4113.1,4111.3,4111.8,24832.0,real_delta_india
2026-07-10T22:30:00+00:00,4111.9,4111.9,4108.6,4108.8,51018.0,real_delta_india
2026-07-10T23:00:00+00:00,4109.0,4110.5,4108.6,4110.5,20121.0,real_delta_india
2026-07-10T23:30:00+00:00,4110.2,4110.4,4108.6,4109.1,30731.0,real_delta_india
2026-07-11T00:00:00+00:00,4109.2,4111.0,4109.2,4110.4,25248.0,real_delta_india
2026-07-11T00:30:00+00:00,4110.5,4111.0,4109.9,4110.5,28310.0,real_delta_india
2026-07-11T01:00:00+00:00,4110.0,4110.1,4108.8,4109.3,34427.0,real_delta_india
2026-07-11T01:30:00+00:00,4109.4,4109.5,4106.0,4108.0,55571.0,real_delta_india
2026-07-11T02:00:00+00:00,4108.0,4109.1,4107.1,4107.8,29123.0,real_delta_india
2026-07-11T02:30:00+00:00,4107.9,4108.3,4107.5,4108.1,27237.0,real_delta_india
2026-07-11T03:00:00+00:00,4108.1,4108.1,4105.7,4106.3,31252.0,real_delta_india
2026-07-11T03:30:00+00:00,4106.3,4106.8,4105.9,4106.5,74006.0,real_delta_india
2026-07-11T04:00:00+00:00,4106.8,4107.8,4106.6,4107.5,28176.0,real_delta_india
2026-07-11T04:30:00+00:00,4107.5,4108.6,4107.3,4107.8,51781.0,real_delta_india
2026-07-11T05:00:00+00:00,4108.0,4108.2,4107.6,4108.1,19417.0,real_delta_india
2026-07-11T05:30:00+00:00,4107.8,4110.1,4107.6,4109.8,97332.0,real_delta_india
2026-07-11T06:00:00+00:00,4108.9,4109.2,4108.5,4109.0,35964.0,real_delta_india
2026-07-11T06:30:00+00:00,4108.8,4110.2,4108.7,4109.9,47912.0,real_delta_india
2026-07-11T07:00:00+00:00,4110.1,4110.2,4108.8,4109.4,57726.0,real_delta_india
2026-07-11T07:30:00+00:00,4109.4,4109.8,4108.0,4109.8,43407.0,real_delta_india
2026-07-11T08:00:00+00:00,4109.6,4110.5,4109.5,4110.1,51988.0,real_delta_india
2026-07-11T08:30:00+00:00,4110.4,4110.5,4109.6,4110.0,57772.0,real_delta_india
2026-07-11T09:00:00+00:00,4110.0,4110.6,4109.8,4110.0,46505.0,real_delta_india
2026-07-11T09:30:00+00:00,4110.3,4112.7,4109.5,4111.0,57376.0,real_delta_india
2026-07-11T10:00:00+00:00,4111.0,4111.4,4110.3,4110.3,28398.0,real_delta_india
2026-07-11T10:30:00+00:00,4110.3,4110.5,4110.0,4110.2,25751.0,real_delta_india
2026-07-11T11:00:00+00:00,4110.2,4110.6,4109.3,4110.3,32042.0,real_delta_india
2026-07-11T11:30:00+00:00,4110.5,4110.5,4109.6,4109.9,9369.0,real_delta_india
2026-07-11T12:00:00+00:00,4109.9,4110.6,4107.6,4108.9,56772.0,real_delta_india
2026-07-11T12:30:00+00:00,4109.1,4109.1,4108.3,4108.9,32406.0,real_delta_india
2026-07-11T13:00:00+00:00,4108.7,4110.0,4107.4,4109.5,31546.0,real_delta_india
2026-07-11T13:30:00+00:00,4109.5,4111.0,4109.5,4110.0,36411.0,real_delta_india
2026-07-11T14:00:00+00:00,4110.0,4110.3,4109.7,4110.1,17315.0,real_delta_india
2026-07-11T14:30:00+00:00,4110.1,4112.1,4110.1,4110.8,55644.0,real_delta_india
2026-07-11T15:00:00+00:00,4110.22,4110.22,4101.7,4104.9,226649.0,real_delta_india
2026-07-11T15:30:00+00:00,4105.1,4105.1,4099.6,4102.4,129763.0,real_delta_india
2026-07-11T16:00:00+00:00,4102.2,4103.0,4101.8,4102.6,70212.0,real_delta_india
2026-07-11T16:30:00+00:00,4102.8,4104.9,4102.8,4104.4,63116.0,real_delta_india
2026-07-11T17:00:00+00:00,4104.7,4105.1,4104.4,4104.8,15293.0,real_delta_india
2026-07-11T17:30:00+00:00,4104.6,4105.8,4104.5,4104.9,60428.0,real_delta_india
2026-07-11T18:00:00+00:00,4104.9,4104.9,4102.7,4103.0,40294.0,real_delta_india
2026-07-11T18:30:00+00:00,4103.0,4103.2,4102.7,4103.2,14040.0,real_delta_india
2026-07-11T19:00:00+00:00,4103.0,4103.2,4103.0,4103.0,9088.0,real_delta_india
2026-07-11T19:30:00+00:00,4103.0,4103.2,4102.9,4103.0,11199.0,real_delta_india
2026-07-11T20:00:00+00:00,4103.0,4103.3,4103.0,4103.3,4124.0,real_delta_india
2026-07-11T20:30:00+00:00,4103.1,4103.9,4103.1,4103.9,1080.0,real_delta_india
2026-07-11T21:00:00+00:00,4103.9,4104.0,4098.3,4098.8,55174.0,real_delta_india
2026-07-11T21:30:00+00:00,4099.0,4099.3,4098.8,4099.1,8006.0,real_delta_india
2026-07-11T22:00:00+00:00,4099.0,4099.5,4098.5,4098.7,3675.0,real_delta_india
2026-07-11T22:30:00+00:00,4098.2,4099.5,4098.2,4099.3,2223.0,real_delta_india
2026-07-11T23:00:00+00:00,4099.5,4099.5,4097.7,4098.2,12959.0,real_delta_india
2026-07-11T23:30:00+00:00,4097.9,4098.5,4096.3,4097.5,28188.0,real_delta_india
2026-07-12T00:00:00+00:00,4097.5,4097.8,4096.7,4097.1,11437.0,real_delta_india
2026-07-12T00:30:00+00:00,4096.8,4097.1,4095.1,4096.2,48560.0,real_delta_india
2026-07-12T01:00:00+00:00,4095.9,4098.4,4095.4,4098.1,63731.0,real_delta_india
2026-07-12T01:30:00+00:00,4098.1,4098.2,4097.15,4097.15,10969.0,real_delta_india
2026-07-12T02:00:00+00:00,4097.15,4097.2,4096.9,4097.0,24410.0,real_delta_india
2026-07-12T02:30:00+00:00,4097.0,4099.7,4096.0,4098.7,46425.0,real_delta_india
2026-07-12T03:00:00+00:00,4098.9,4099.4,4098.7,4099.0,22435.0,real_delta_india
2026-07-12T03:30:00+00:00,4099.0,4099.5,4098.8,4099.5,23357.0,real_delta_india
2026-07-12T04:00:00+00:00,4099.4,4100.1,4099.3,4099.7,37134.0,real_delta_india
2026-07-12T04:30:00+00:00,4099.5,4099.8,4099.4,4099.7,9203.0,real_delta_india
2026-07-12T05:00:00+00:00,4099.7,4099.7,4096.7,4097.0,60592.0,real_delta_india
2026-07-12T05:30:00+00:00,4097.0,4097.5,4096.5,4097.5,23023.0,real_delta_india
2026-07-12T06:00:00+00:00,4097.2,4097.5,4095.4,4096.0,47078.0,real_delta_india
2026-07-12T06:30:00+00:00,4096.0,4096.2,4095.4,4096.1,90492.0,real_delta_india
2026-07-12T07:00:00+00:00,4095.8,4096.2,4095.5,4096.0,36270.0,real_delta_india
2026-07-12T07:30:00+00:00,4095.9,4096.1,4095.8,4095.9,15663.0,real_delta_india
2026-07-12T08:00:00+00:00,4096.1,4096.6,4095.5,4096.0,64095.0,real_delta_india
2026-07-12T08:30:00+00:00,4096.0,4096.3,4096.0,4096.3,4429.0,real_delta_india
2026-07-12T09:00:00+00:00,4096.0,4096.3,4096.0,4096.3,7282.0,real_delta_india
2026-07-12T09:30:00+00:00,4096.0,4096.3,4095.6,4096.0,16523.0,real_delta_india
2026-07-12T10:00:00+00:00,4096.0,4096.7,4096.0,4096.7,11066.0,real_delta_india
2026-07-12T10:30:00+00:00,4096.7,4096.8,4096.3,4096.8,18690.0,real_delta_india
2026-07-12T11:00:00+00:00,4096.8,4096.9,4096.5,4096.6,15996.0,real_delta_india
2026-07-12T11:30:00+00:00,4096.6,4096.9,4095.6,4096.0,18132.0,real_delta_india
2026-07-12T12:00:00+00:00,4096.0,4096.2,4094.5,4094.8,55744.0,real_delta_india
2026-07-12T12:30:00+00:00,4095.2,4095.6,4094.4,4095.0,19737.0,real_delta_india
2026-07-12T13:00:00+00:00,4094.8,4095.0,4094.1,4094.4,32804.0,real_delta_india
2026-07-12T13:30:00+00:00,4094.4,4094.7,4093.1,4093.6,53890.0,real_delta_india
2026-07-12T14:00:00+00:00,4093.8,4094.3,4093.0,4093.4,15063.0,real_delta_india
2026-07-12T14:30:00+00:00,4093.6,4095.2,4092.5,4094.9,45096.0,real_delta_india
2026-07-12T15:00:00+00:00,4094.9,4097.8,4094.4,4097.7,68495.0,real_delta_india
2026-07-12T15:30:00+00:00,4097.6,4097.8,4096.7,4096.9,28188.0,real_delta_india
2026-07-12T16:00:00+00:00,4096.9,4097.0,4096.2,4096.6,25583.0,real_delta_india
2026-07-12T16:30:00+00:00,4096.6,4096.7,4095.4,4096.0,65866.0,real_delta_india
2026-07-12T17:00:00+00:00,4095.9,4096.0,4093.3,4093.9,83631.0,real_delta_india
2026-07-12T17:30:00+00:00,4093.9,4094.1,4092.6,4093.1,54567.0,real_delta_india
2026-07-12T18:00:00+00:00,4093.1,4093.3,4092.2,4092.65,44432.0,real_delta_india
2026-07-12T18:30:00+00:00,4092.65,4093.4,4091.4,4092.1,74306.0,real_delta_india
2026-07-12T19:00:00+00:00,4092.1,4093.3,4092.1,4093.2,28693.0,real_delta_india
2026-07-12T19:30:00+00:00,4093.1,4093.1,4092.4,4092.7,22807.0,real_delta_india
2026-07-12T20:00:00+00:00,4092.8,4094.1,4092.2,4093.6,9196.0,real_delta_india
2026-07-12T20:30:00+00:00,4093.6,4096.2,4093.6,4095.7,28932.0,real_delta_india
2026-07-12T21:00:00+00:00,4095.9,4096.1,4095.3,4095.6,10373.0,real_delta_india
2026-07-12T21:30:00+00:00,4095.4,4095.6,4091.3,4092.0,18448.0,real_delta_india
2026-07-12T22:00:00+00:00,4091.18,4094.1,4073.0,4076.2,467326.0,real_delta_india
2026-07-12T22:30:00+00:00,4078.0,4078.0,4064.0,4070.5,215066.0,real_delta_india
2026-07-12T23:00:00+00:00,4069.9,4069.9,4061.9,4067.9,208800.0,real_delta_india
2026-07-12T23:30:00+00:00,4067.2,4077.0,4066.2,4077.0,233911.0,real_delta_india
2026-07-13T00:00:00+00:00,4077.0,4083.1,4068.2,4068.5,356611.0,real_delta_india
2026-07-13T00:30:00+00:00,4068.2,4070.9,4055.0,4067.0,637957.0,real_delta_india
2026-07-13T01:00:00+00:00,4066.2,4074.4,4059.3,4071.4,409621.0,real_delta_india
2026-07-13T01:30:00+00:00,4071.3,4080.73,4061.6,4064.6,542149.0,real_delta_india
2026-07-13T02:00:00+00:00,4065.8,4067.9,4059.8,4060.3,211854.0,real_delta_india
2026-07-13T02:30:00+00:00,4060.1,4070.0,4058.1,4062.0,293239.0,real_delta_india
2026-07-13T03:00:00+00:00,4061.7,4061.9,4046.3,4055.5,635909.0,real_delta_india
2026-07-13T03:30:00+00:00,4055.5,4055.6,4049.6,4053.0,276072.0,real_delta_india
2026-07-13T04:00:00+00:00,4053.0,4053.0,4043.6,4048.9,405645.0,real_delta_india
2026-07-13T04:30:00+00:00,4049.1,4052.5,4045.6,4051.9,441558.0,real_delta_india
2026-07-13T05:00:00+00:00,4051.9,4065.3,4048.5,4050.82,909452.0,real_delta_india
2026-07-13T05:30:00+00:00,4050.82,4058.6,4045.9,4047.4,525827.0,real_delta_india
2026-07-13T06:00:00+00:00,4048.3,4054.8,4037.6,4054.8,815190.0,real_delta_india
2026-07-13T06:30:00+00:00,4054.4,4056.8,4045.8,4048.8,584298.0,real_delta_india
2026-07-13T07:00:00+00:00,4049.0,4054.9,4042.8,4053.2,393195.0,real_delta_india
2026-07-13T07:30:00+00:00,4053.8,4059.1,4050.3,4058.5,391553.0,real_delta_india
2026-07-13T08:00:00+00:00,4058.5,4073.8,4057.7,4067.2,1138278.0,real_delta_india
2026-07-13T08:30:00+00:00,4067.2,4071.2,4064.5,4068.0,486148.0,real_delta_india
2026-07-13T09:00:00+00:00,4068.13,4069.8,4064.9,4065.6,325646.0,real_delta_india
2026-07-13T09:30:00+00:00,4066.0,4067.3,4061.0,4061.1,483334.0,real_delta_india
2026-07-13T10:00:00+00:00,4061.8,4063.2,4057.4,4058.3,359120.0,real_delta_india
2026-07-13T10:30:00+00:00,4058.3,4061.0,4041.8,4053.2,1248340.0,real_delta_india
2026-07-13T11:00:00+00:00,4053.9,4061.4,4050.9,4055.7,822210.0,real_delta_india
2026-07-13T11:30:00+00:00,4055.2,4060.3,4048.0,4050.7,717772.0,real_delta_india
2026-07-13T12:00:00+00:00,4050.2,4056.5,4046.4,4051.4,552476.0,real_delta_india
2026-07-13T12:30:00+00:00,4051.93,4059.1,4051.0,4059.1,448533.0,real_delta_india
2026-07-13T13:00:00+00:00,4059.1,4059.4,4050.5,4054.8,562766.0,real_delta_india
2026-07-13T13:30:00+00:00,4055.0,4056.3,4035.6,4037.0,1656920.0,real_delta_india
2026-07-13T14:00:00+00:00,4036.8,4040.6,3999.5,4014.5,3142151.0,real_delta_india
2026-07-13T14:30:00+00:00,4013.2,4013.4,3997.7,4013.0,1491521.0,real_delta_india
2026-07-13T15:00:00+00:00,4012.8,4017.5,4008.8,4014.6,1005464.0,real_delta_india
2026-07-13T15:30:00+00:00,4014.6,4016.5,4008.0,4013.0,639662.0,real_delta_india
2026-07-13T16:00:00+00:00,4013.3,4015.6,3998.2,4001.7,996187.0,real_delta_india
2026-07-13T16:30:00+00:00,4001.9,4002.9,3984.7,3992.4,2380104.0,real_delta_india
2026-07-13T17:00:00+00:00,3992.3,4001.0,3991.3,3997.8,1069623.0,real_delta_india
2026-07-13T17:30:00+00:00,3998.5,3999.9,3990.5,3991.8,662566.0,real_delta_india
2026-07-13T18:00:00+00:00,3991.7,3995.7,3985.4,3993.8,676816.0,real_delta_india
2026-07-13T18:30:00+00:00,3994.4,4004.3,3992.6,4000.09,590537.0,real_delta_india
2026-07-13T19:00:00+00:00,4000.4,4003.6,3995.3,3997.0,390533.0,real_delta_india
2026-07-13T19:30:00+00:00,3997.14,4001.7,3992.6,4001.3,310759.0,real_delta_india
2026-07-13T20:00:00+00:00,4001.3,4004.9,3995.3,3998.6,252542.0,real_delta_india
2026-07-13T20:30:00+00:00,3998.5,4000.7,3995.7,4000.3,38560.0,real_delta_india
2026-07-13T21:00:00+00:00,4000.3,4000.8,3998.7,3999.0,34666.0,real_delta_india
2026-07-13T21:30:00+00:00,3999.2,4003.5,3999.2,4002.3,14858.0,real_delta_india
2026-07-13T22:00:00+00:00,4003.8,4003.8,3999.8,4000.3,76444.0,real_delta_india
2026-07-13T22:30:00+00:00,3999.8,4000.5,3997.1,3997.37,45111.0,real_delta_india
2026-07-13T23:00:00+00:00,3996.3,3997.9,3993.8,3994.4,25952.0,real_delta_india
2026-07-13T23:30:00+00:00,3992.8,3997.4,3988.6,3996.5,144100.0,real_delta_india
2026-07-14T00:00:00+00:00,3997.75,3999.9,3980.61,3990.2,591718.0,real_delta_india
2026-07-14T00:30:00+00:00,3991.1,4003.3,3990.6,4000.1,282794.0,real_delta_india
2026-07-14T01:00:00+00:00,3998.1,4001.2,3988.94,3993.9,379366.0,real_delta_india
2026-07-14T01:30:00+00:00,3993.4,4008.2,3990.1,4006.3,524339.0,real_delta_india
2026-07-14T02:00:00+00:00,4006.6,4014.9,4002.7,4012.8,595970.0,real_delta_india
2026-07-14T02:30:00+00:00,4013.0,4014.3,4004.5,4008.2,357978.0,real_delta_india
2026-07-14T03:00:00+00:00,4008.2,4014.0,4006.5,4012.6,445220.0,real_delta_india
2026-07-14T03:30:00+00:00,4013.2,4013.9,4009.0,4011.3,300884.0,real_delta_india
2026-07-14T04:00:00+00:00,4011.7,4013.0,4008.4,4011.47,263338.0,real_delta_india
2026-07-14T04:30:00+00:00,4011.3,4018.3,4011.3,4016.3,835819.0,real_delta_india
2026-07-14T05:00:00+00:00,4016.7,4019.0,4014.6,4018.1,457234.0,real_delta_india
2026-07-14T05:30:00+00:00,4019.0,4029.3,4019.0,4026.6,1093758.0,real_delta_india
2026-07-14T06:00:00+00:00,4026.0,4027.9,4017.0,4018.1,701457.0,real_delta_india
2026-07-14T06:30:00+00:00,4017.88,4021.15,4015.2,4018.8,559184.0,real_delta_india
2026-07-14T07:00:00+00:00,4018.8,4024.5,4015.4,4021.0,518943.0,real_delta_india
2026-07-14T07:30:00+00:00,4021.0,4023.5,4014.2,4014.8,533556.0,real_delta_india
2026-07-14T08:00:00+00:00,4014.9,4017.6,4008.8,4016.3,913438.0,real_delta_india
2026-07-14T08:30:00+00:00,4015.14,4018.1,4009.8,4010.0,488780.0,real_delta_india
2026-07-14T09:00:00+00:00,4010.0,4018.3,4008.2,4010.5,371617.0,real_delta_india
2026-07-14T09:30:00+00:00,4011.1,4018.4,4009.3,4015.5,374014.0,real_delta_india
2026-07-14T10:00:00+00:00,4015.7,4016.4,4010.0,4011.6,285124.0,real_delta_india
2026-07-14T10:30:00+00:00,4012.0,4017.5,4009.7,4016.6,321362.0,real_delta_india
2026-07-14T11:00:00+00:00,4016.9,4023.8,4010.4,4020.4,685928.0,real_delta_india
2026-07-14T11:30:00+00:00,4020.4,4026.3,4019.8,4025.7,684648.0,real_delta_india
2026-07-14T12:00:00+00:00,4025.7,4030.4,4017.7,4024.7,1495228.0,real_delta_india
2026-07-14T12:30:00+00:00,4026.0,4096.7,4026.0,4068.1,4942747.0,real_delta_india
2026-07-14T13:00:00+00:00,4069.0,4077.2,4062.9,4072.8,1403186.0,real_delta_india
2026-07-14T13:30:00+00:00,4073.3,4079.5,4065.1,4067.6,978279.0,real_delta_india
2026-07-14T14:00:00+00:00,4068.2,4075.6,4061.1,4067.5,1190540.0,real_delta_india
2026-07-14T14:30:00+00:00,4067.3,4080.25,4064.0,4076.0,628948.0,real_delta_india
2026-07-14T15:00:00+00:00,4076.0,4090.3,4069.1,4074.7,1163142.0,real_delta_india
2026-07-14T15:30:00+00:00,4074.7,4077.2,4055.9,4057.8,1677536.0,real_delta_india
2026-07-14T16:00:00+00:00,4057.6,4057.8,4048.84,4051.7,1237033.0,real_delta_india
2026-07-14T16:30:00+00:00,4051.5,4054.5,4049.3,4053.6,814252.0,real_delta_india
2026-07-14T17:00:00+00:00,4054.1,4056.8,4044.8,4053.2,1320742.0,real_delta_india
2026-07-14T17:30:00+00:00,4053.2,4055.92,4049.9,4055.8,597402.0,real_delta_india
2026-07-14T18:00:00+00:00,4054.5,4054.7,4048.6,4050.4,354664.0,real_delta_india
2026-07-14T18:30:00+00:00,4050.2,4050.4,4034.6,4046.5,1058279.0,real_delta_india
2026-07-14T19:00:00+00:00,4046.5,4049.5,4043.6,4043.9,350333.0,real_delta_india
2026-07-14T19:30:00+00:00,4043.0,4048.7,4040.0,4047.1,311920.0,real_delta_india
2026-07-14T20:00:00+00:00,4047.3,4048.1,4044.2,4045.0,96665.0,real_delta_india
2026-07-14T20:30:00+00:00,4045.2,4045.7,4041.1,4044.9,168054.0,real_delta_india
2026-07-14T21:00:00+00:00,4044.6,4048.0,4044.4,4047.9,30623.0,real_delta_india
2026-07-14T21:30:00+00:00,4047.9,4052.8,4047.9,4048.7,157775.0,real_delta_india
2026-07-14T22:00:00+00:00,4048.7,4048.7,4041.9,4043.7,152056.0,real_delta_india
2026-07-14T22:30:00+00:00,4044.2,4045.1,4041.3,4041.7,22868.0,real_delta_india
2026-07-14T23:00:00+00:00,4042.2,4046.2,4039.0,4046.2,150188.0,real_delta_india
2026-07-14T23:30:00+00:00,4045.3,4047.3,4043.9,4045.3,66583.0,real_delta_india
2026-07-15T00:00:00+00:00,4046.4,4051.2,4043.4,4050.9,156617.0,real_delta_india
2026-07-15T00:30:00+00:00,4051.2,4053.7,4045.8,4052.0,224975.0,real_delta_india
2026-07-15T01:00:00+00:00,4053.0,4055.2,4046.4,4047.4,264067.0,real_delta_india
2026-07-15T01:30:00+00:00,4047.1,4047.1,4028.2,4030.3,870519.0,real_delta_india
2026-07-15T02:00:00+00:00,4030.1,4034.79,4022.2,4025.6,769340.0,real_delta_india
2026-07-15T02:30:00+00:00,4025.6,4035.5,4025.5,4029.0,497851.0,real_delta_india
2026-07-15T03:00:00+00:00,4028.3,4033.5,4023.2,4024.0,348293.0,real_delta_india
2026-07-15T03:30:00+00:00,4024.0,4028.5,4020.5,4025.36,495649.0,real_delta_india
2026-07-15T04:00:00+00:00,4025.3,4028.9,4024.0,4026.8,297874.0,real_delta_india
2026-07-15T04:30:00+00:00,4027.4,4029.0,4021.9,4027.1,459779.0,real_delta_india
2026-07-15T05:00:00+00:00,4027.7,4029.9,4018.3,4018.5,624585.0,real_delta_india
2026-07-15T05:30:00+00:00,4018.8,4030.3,4015.2,4029.0,745499.0,real_delta_india
2026-07-15T06:00:00+00:00,4029.0,4029.5,4015.94,4020.4,599739.0,real_delta_india
2026-07-15T06:30:00+00:00,4021.1,4027.8,4016.9,4026.4,462290.0,real_delta_india
2026-07-15T07:00:00+00:00,4026.2,4028.3,4014.4,4018.1,685529.0,real_delta_india
2026-07-15T07:30:00+00:00,4018.1,4020.9,4014.0,4018.2,608752.0,real_delta_india
2026-07-15T08:00:00+00:00,4018.6,4021.4,4011.7,4021.0,569521.0,real_delta_india
2026-07-15T08:30:00+00:00,4020.6,4027.1,4018.4,4025.2,625336.0,real_delta_india
2026-07-15T09:00:00+00:00,4025.2,4028.1,4020.7,4021.3,563714.0,real_delta_india
2026-07-15T09:30:00+00:00,4021.0,4024.5,4019.8,4024.2,252033.0,real_delta_india
2026-07-15T10:00:00+00:00,4024.5,4030.0,4020.6,4024.2,986868.0,real_delta_india
2026-07-15T10:30:00+00:00,4023.6,4027.9,4021.7,4022.8,302771.0,real_delta_india
2026-07-15T11:00:00+00:00,4022.6,4026.3,4022.0,4025.3,170702.0,real_delta_india
2026-07-15T11:30:00+00:00,4025.3,4034.4,4024.0,4033.3,1163755.0,real_delta_india
2026-07-15T12:00:00+00:00,4033.3,4037.3,4030.1,4036.0,1069657.0,real_delta_india
2026-07-15T12:30:00+00:00,4036.0,4064.6,4036.0,4060.7,3358423.0,real_delta_india
2026-07-15T13:00:00+00:00,4062.2,4067.0,4046.4,4048.7,1639352.0,real_delta_india
2026-07-15T13:30:00+00:00,4048.5,4058.3,4047.3,4053.7,1148125.0,real_delta_india
2026-07-15T14:00:00+00:00,4054.5,4058.2,4047.1,4049.1,794299.0,real_delta_india
2026-07-15T14:30:00+00:00,4049.3,4055.6,4044.4,4052.0,1020454.0,real_delta_india
2026-07-15T15:00:00+00:00,4052.06,4054.7,4030.8,4040.4,1967982.0,real_delta_india
2026-07-15T15:30:00+00:00,4040.4,4042.3,4035.8,4038.0,684488.0,real_delta_india
2026-07-15T16:00:00+00:00,4038.0,4039.3,4024.13,4026.1,1232465.0,real_delta_india
2026-07-15T16:30:00+00:00,4026.3,4030.5,4018.9,4026.1,1403009.0,real_delta_india
2026-07-15T17:00:00+00:00,4026.1,4041.4,4025.6,4040.9,1175409.0,real_delta_india
2026-07-15T17:30:00+00:00,4040.4,4057.3,4040.0,4052.9,1757902.0,real_delta_india
2026-07-15T18:00:00+00:00,4052.7,4066.7,4052.3,4066.0,838645.0,real_delta_india
2026-07-15T18:30:00+00:00,4066.1,4072.9,4048.6,4049.29,1821330.0,real_delta_india
2026-07-15T19:00:00+00:00,4049.5,4054.0,4044.5,4047.6,924819.0,real_delta_india
2026-07-15T19:30:00+00:00,4047.4,4049.0,4040.0,4048.1,383394.0,real_delta_india
2026-07-15T20:00:00+00:00,4048.2,4054.5,4047.2,4053.2,242698.0,real_delta_india
2026-07-15T20:30:00+00:00,4053.0,4054.7,4051.4,4052.3,131187.0,real_delta_india
2026-07-15T21:00:00+00:00,4052.3,4054.2,4052.3,4053.8,67854.0,real_delta_india
2026-07-15T21:30:00+00:00,4053.8,4055.3,4053.5,4053.6,47835.0,real_delta_india
2026-07-15T22:00:00+00:00,4055.8,4055.8,4051.8,4053.0,72284.0,real_delta_india
2026-07-15T22:30:00+00:00,4053.2,4053.2,4049.0,4050.0,59860.0,real_delta_india
2026-07-15T23:00:00+00:00,4050.0,4051.8,4047.1,4047.6,61012.0,real_delta_india
2026-07-15T23:30:00+00:00,4048.4,4050.3,4046.7,4048.0,37517.0,real_delta_india
2026-07-16T00:00:00+00:00,4048.0,4050.2,4045.2,4048.6,163969.0,real_delta_india
2026-07-16T00:30:00+00:00,4048.3,4051.0,4035.6,4035.6,358694.0,real_delta_india
2026-07-16T01:00:00+00:00,4035.51,4041.4,4025.7,4028.3,582491.0,real_delta_india
2026-07-16T01:30:00+00:00,4028.3,4036.3,4028.3,4030.2,474133.0,real_delta_india
2026-07-16T02:00:00+00:00,4030.4,4031.4,4021.1,4026.9,704286.0,real_delta_india
2026-07-16T02:30:00+00:00,4026.6,4027.8,4016.5,4024.7,879768.0,real_delta_india
2026-07-16T03:00:00+00:00,4024.5,4026.7,4020.9,4026.6,563536.0,real_delta_india
2026-07-16T03:30:00+00:00,4026.6,4030.0,4025.3,4029.5,417369.0,real_delta_india
2026-07-16T04:00:00+00:00,4029.7,4030.9,4024.2,4026.4,541719.0,real_delta_india
2026-07-16T04:30:00+00:00,4026.42,4028.7,4024.7,4026.6,232683.0,real_delta_india
2026-07-16T05:00:00+00:00,4026.4,4026.8,4020.0,4020.5,526393.0,real_delta_india
2026-07-16T05:30:00+00:00,4021.0,4026.3,4018.8,4021.5,441061.0,real_delta_india
2026-07-16T06:00:00+00:00,4021.5,4029.7,4021.3,4024.3,484880.0,real_delta_india
2026-07-16T06:30:00+00:00,4023.4,4024.9,4016.7,4023.9,713767.0,real_delta_india
2026-07-16T07:00:00+00:00,4023.9,4023.9,4017.9,4018.4,368386.0,real_delta_india
2026-07-16T07:30:00+00:00,4018.7,4024.4,4017.0,4024.0,452658.0,real_delta_india
2026-07-16T08:00:00+00:00,4024.0,4027.3,4017.9,4024.3,605263.0,real_delta_india
2026-07-16T08:30:00+00:00,4024.5,4029.0,4024.2,4027.9,537025.0,real_delta_india
2026-07-16T09:00:00+00:00,4027.7,4030.0,4023.7,4025.4,603563.0,real_delta_india
2026-07-16T09:30:00+00:00,4025.2,4028.8,4022.8,4025.0,440449.0,real_delta_india
2026-07-16T10:00:00+00:00,4024.54,4027.0,4022.1,4025.5,261552.0,real_delta_india
2026-07-16T10:30:00+00:00,4026.4,4026.63,4021.4,4023.0,263427.0,real_delta_india
2026-07-16T11:00:00+00:00,4022.6,4023.1,4014.5,4017.6,913136.0,real_delta_india
2026-07-16T11:30:00+00:00,4017.6,4036.4,4016.9,4031.7,1838091.0,real_delta_india
2026-07-16T12:00:00+00:00,4031.9,4036.2,4005.9,4019.0,2915967.0,real_delta_india
2026-07-16T12:30:00+00:00,4018.8,4023.0,3985.71,3988.0,2937423.0,real_delta_india
2026-07-16T13:00:00+00:00,3988.0,4003.0,3970.0,4002.6,3325809.0,real_delta_india
2026-07-16T13:30:00+00:00,4002.8,4005.2,3979.0,3988.6,2910726.0,real_delta_india
2026-07-16T14:00:00+00:00,3988.8,3999.0,3985.7,3998.1,1347312.0,real_delta_india
2026-07-16T14:30:00+00:00,3997.6,4004.7,3990.0,3995.5,1406138.0,real_delta_india
2026-07-16T15:00:00+00:00,3996.0,4013.4,3987.6,4008.7,1653316.0,real_delta_india
2026-07-16T15:30:00+00:00,4009.0,4014.6,4002.2,4003.9,1380722.0,real_delta_india
2026-07-16T16:00:00+00:00,4003.7,4003.9,3981.6,3986.2,1805125.0,real_delta_india
2026-07-16T16:30:00+00:00,3986.2,3996.2,3986.0,3991.0,1223814.0,real_delta_india
2026-07-16T17:00:00+00:00,3990.8,3990.9,3980.9,3986.1,1086054.0,real_delta_india
2026-07-16T17:30:00+00:00,3986.0,3987.0,3978.7,3983.4,884189.0,real_delta_india
2026-07-16T18:00:00+00:00,3983.4,3988.6,3982.2,3984.6,641079.0,real_delta_india
2026-07-16T18:30:00+00:00,3984.6,3984.69,3974.5,3979.6,1187324.0,real_delta_india
2026-07-16T19:00:00+00:00,3979.4,3984.8,3977.2,3978.5,366282.0,real_delta_india
2026-07-16T19:30:00+00:00,3978.04,3982.1,3968.8,3979.9,832896.0,real_delta_india
2026-07-16T20:00:00+00:00,3979.4,3979.6,3972.4,3974.6,190504.0,real_delta_india
2026-07-16T20:30:00+00:00,3974.6,3976.4,3973.6,3976.4,62598.0,real_delta_india
2026-07-16T21:00:00+00:00,3976.2,3979.3,3976.0,3978.8,81841.0,real_delta_india
2026-07-16T21:30:00+00:00,3978.7,3985.2,3978.7,3981.6,100196.0,real_delta_india
2026-07-16T22:00:00+00:00,3979.1,3979.8,3974.9,3975.1,65986.0,real_delta_india
2026-07-16T22:30:00+00:00,3976.0,3977.7,3973.7,3977.3,50216.0,real_delta_india
2026-07-16T23:00:00+00:00,3977.1,3979.5,3975.3,3978.0,53797.0,real_delta_india
2026-07-16T23:30:00+00:00,3977.2,3986.1,3975.4,3985.3,153513.0,real_delta_india
2026-07-17T00:00:00+00:00,3985.5,3989.8,3982.7,3983.6,250279.0,real_delta_india
2026-07-17T00:30:00+00:00,3983.7,3991.5,3979.6,3991.5,347031.0,real_delta_india
2026-07-17T01:00:00+00:00,3991.5,3994.4,3986.8,3989.8,542858.0,real_delta_india
2026-07-17T01:30:00+00:00,3989.7,3994.4,3978.56,3981.7,561718.0,real_delta_india
2026-07-17T02:00:00+00:00,3982.4,3986.6,3978.7,3982.3,318860.0,real_delta_india
2026-07-17T02:30:00+00:00,3981.7,3983.04,3970.4,3977.9,779708.0,real_delta_india
2026-07-17T03:00:00+00:00,3978.6,4006.2,3978.4,3998.9,1363037.0,real_delta_india
2026-07-17T03:30:00+00:00,3998.6,3999.0,3988.8,3989.6,614377.0,real_delta_india
2026-07-17T04:00:00+00:00,3989.3,3990.4,3983.8,3984.4,471236.0,real_delta_india
2026-07-17T04:30:00+00:00,3985.0,3986.3,3978.6,3980.1,775319.0,real_delta_india
2026-07-17T05:00:00+00:00,3980.0,3982.3,3975.2,3978.9,639516.0,real_delta_india
2026-07-17T05:30:00+00:00,3978.1,3989.0,3977.4,3982.6,945410.0,real_delta_india
2026-07-17T06:00:00+00:00,3983.2,4002.9,3983.1,3999.9,1288722.0,real_delta_india
2026-07-17T06:30:00+00:00,4000.0,4002.9,3991.64,3995.4,987692.0,real_delta_india
2026-07-17T07:00:00+00:00,3995.4,3999.4,3989.6,3991.9,582093.0,real_delta_india
2026-07-17T07:30:00+00:00,3992.1,3995.58,3989.1,3989.7,329532.0,real_delta_india
2026-07-17T08:00:00+00:00,3989.7,3995.9,3984.8,3989.1,843590.0,real_delta_india
2026-07-17T08:30:00+00:00,3989.1,3996.4,3984.5,3991.3,546823.0,real_delta_india
2026-07-17T09:00:00+00:00,3991.0,3999.1,3989.8,3995.5,414578.0,real_delta_india
2026-07-17T09:30:00+00:00,3996.1,3996.4,3991.4,3994.3,344500.0,real_delta_india
2026-07-17T10:00:00+00:00,3994.9,3995.3,3991.4,3993.5,241587.0,real_delta_india
2026-07-17T10:30:00+00:00,3992.9,3994.0,3987.1,3987.4,453334.0,real_delta_india
2026-07-17T11:00:00+00:00,3987.77,3992.7,3985.9,3992.7,482903.0,real_delta_india
2026-07-17T11:30:00+00:00,3992.4,3995.5,3988.4,3991.3,480962.0,real_delta_india
2026-07-17T12:00:00+00:00,3991.9,3992.8,3980.7,3983.1,1313558.0,real_delta_india
2026-07-17T12:30:00+00:00,3983.8,3983.9,3962.0,3964.3,3109591.0,real_delta_india
2026-07-17T13:00:00+00:00,3963.8,3974.6,3958.3,3966.1,2160160.0,real_delta_india
2026-07-17T13:30:00+00:00,3966.9,3999.4,3962.9,3993.0,3542939.0,real_delta_india
2026-07-17T14:00:00+00:00,3993.4,3998.9,3986.5,3993.4,2255038.0,real_delta_india
2026-07-17T14:30:00+00:00,3993.4,3995.3,3986.6,3995.0,1067302.0,real_delta_india
2026-07-17T15:00:00+00:00,3995.0,4008.0,3991.9,4006.4,2175759.0,real_delta_india
2026-07-17T15:30:00+00:00,4006.6,4014.2,4002.7,4010.7,1667677.0,real_delta_india
2026-07-17T16:00:00+00:00,4011.0,4015.6,4003.4,4011.4,1279970.0,real_delta_india
2026-07-17T16:30:00+00:00,4011.1,4012.4,4004.3,4006.6,1241443.0,real_delta_india
2026-07-17T17:00:00+00:00,4006.6,4010.6,4003.8,4004.8,651833.0,real_delta_india
2026-07-17T17:30:00+00:00,4005.4,4005.7,3999.0,4000.7,772190.0,real_delta_india
2026-07-17T18:00:00+00:00,4000.9,4007.6,3998.7,4007.4,576961.0,real_delta_india
2026-07-17T18:30:00+00:00,4006.6,4007.8,3998.2,4003.0,430275.0,real_delta_india
2026-07-17T19:00:00+00:00,4003.0,4003.0,3994.5,3997.0,323711.0,real_delta_india
2026-07-17T19:30:00+00:00,3997.5,4008.2,3997.2,4006.9,296253.0,real_delta_india
2026-07-17T20:00:00+00:00,4004.7,4005.2,4000.2,4001.3,158582.0,real_delta_india
2026-07-17T20:30:00+00:00,4002.1,4008.7,3999.8,4007.6,186932.0,real_delta_india
2026-07-17T21:00:00+00:00,4007.4,4007.4,4004.4,4004.4,66415.0,real_delta_india
2026-07-17T21:30:00+00:00,4004.4,4004.4,4002.4,4003.1,16433.0,real_delta_india
2026-07-17T22:00:00+00:00,4003.3,4004.2,4003.1,4003.6,17864.0,real_delta_india
2026-07-17T22:30:00+00:00,4003.2,4004.2,4003.1,4003.6,8518.0,real_delta_india
2026-07-17T23:00:00+00:00,4003.6,4003.6,4003.3,4003.4,11791.0,real_delta_india
2026-07-17T23:30:00+00:00,4003.6,4003.6,4003.15,4003.3,12325.0,real_delta_india
2026-07-18T00:00:00+00:00,4003.3,4004.3,4003.2,4003.8,28980.0,real_delta_india
2026-07-18T00:30:00+00:00,4004.0,4004.8,4004.0,4004.6,26275.0,real_delta_india
2026-07-18T01:00:00+00:00,4004.4,4004.8,4004.3,4004.3,29203.0,real_delta_india
2026-07-18T01:30:00+00:00,4004.6,4004.6,4004.2,4004.6,18652.0,real_delta_india
2026-07-18T02:00:00+00:00,4004.4,4004.7,4004.3,4004.6,31777.0,real_delta_india
2026-07-18T02:30:00+00:00,4004.6,4004.6,4004.3,4004.6,24846.0,real_delta_india
2026-07-18T03:00:00+00:00,4004.6,4006.5,4004.3,4006.0,71482.0,real_delta_india
2026-07-18T03:30:00+00:00,4006.3,4006.8,4006.1,4006.8,34083.0,real_delta_india
2026-07-18T04:00:00+00:00,4006.8,4007.8,4006.6,4007.4,32085.0,real_delta_india
2026-07-18T04:30:00+00:00,4007.1,4008.2,4007.1,4007.7,56079.0,real_delta_india
2026-07-18T05:00:00+00:00,4007.5,4008.8,4007.5,4008.7,84781.0,real_delta_india
2026-07-18T05:30:00+00:00,4008.7,4008.9,4006.3,4006.8,54251.0,real_delta_india
2026-07-18T06:00:00+00:00,4007.0,4007.0,4006.1,4006.9,36734.0,real_delta_india
2026-07-18T06:30:00+00:00,4006.9,4008.1,4006.5,4007.9,35272.0,real_delta_india
2026-07-18T07:00:00+00:00,4007.9,4011.0,4007.7,4010.7,167949.0,real_delta_india
2026-07-18T07:30:00+00:00,4010.9,4011.0,4010.3,4010.6,43410.0,real_delta_india
2026-07-18T08:00:00+00:00,4010.6,4011.3,4009.5,4010.77,34168.0,real_delta_india
2026-07-18T08:30:00+00:00,4010.5,4011.0,4009.8,4010.6,68588.0,real_delta_india
2026-07-18T09:00:00+00:00,4010.8,4011.0,4010.4,4010.6,27874.0,real_delta_india
2026-07-18T09:30:00+00:00,4010.6,4011.3,4010.6,4011.0,23757.0,real_delta_india
2026-07-18T10:00:00+00:00,4010.88,4011.0,4010.5,4010.9,18859.0,real_delta_india
2026-07-18T10:30:00+00:00,4010.7,4010.9,4010.2,4010.7,32294.0,real_delta_india
2026-07-18T11:00:00+00:00,4010.7,4010.8,4010.1,4010.5,33591.0,real_delta_india
2026-07-18T11:30:00+00:00,4010.7,4010.7,4010.1,4010.3,19582.0,real_delta_india
2026-07-18T12:00:00+00:00,4010.3,4010.5,4010.0,4010.2,37594.0,real_delta_india
2026-07-18T12:30:00+00:00,4010.5,4010.5,4010.1,4010.4,44038.0,real_delta_india
2026-07-18T13:00:00+00:00,4010.4,4010.4,4008.7,4008.9,65014.0,real_delta_india
2026-07-18T13:30:00+00:00,4008.9,4009.2,4008.0,4008.6,42436.0,real_delta_india
2026-07-18T14:00:00+00:00,4008.6,4008.8,4008.0,4008.8,22731.0,real_delta_india
2026-07-18T14:30:00+00:00,4008.8,4009.8,4008.6,4009.5,36627.0,real_delta_india
2026-07-18T15:00:00+00:00,4009.5,4010.4,4009.4,4010.0,26673.0,real_delta_india
2026-07-18T15:30:00+00:00,4010.0,4010.2,4009.1,4009.2,19144.0,real_delta_india
2026-07-18T16:00:00+00:00,4009.2,4010.2,4009.0,4009.8,15572.0,real_delta_india
2026-07-18T16:30:00+00:00,4009.6,4011.2,4009.6,4011.0,24817.0,real_delta_india
2026-07-18T17:00:00+00:00,4011.0,4012.0,4010.8,4011.6,80616.0,real_delta_india
2026-07-18T17:30:00+00:00,4011.7,4013.0,4011.7,4012.7,66788.0,real_delta_india
2026-07-18T18:00:00+00:00,4012.7,4012.9,4006.0,4007.5,128480.0,real_delta_india
2026-07-18T18:30:00+00:00,4007.5,4008.5,4006.6,4006.8,36185.0,real_delta_india
2026-07-18T19:00:00+00:00,4006.8,4007.41,4005.1,4005.5,67212.0,real_delta_india
2026-07-18T19:30:00+00:00,4005.5,4005.8,4004.4,4004.5,85628.0,real_delta_india
2026-07-18T20:00:00+00:00,4004.3,4005.3,4003.1,4004.2,85669.0,real_delta_india
2026-07-18T20:30:00+00:00,4004.3,4004.6,4003.8,4004.5,20438.0,real_delta_india
2026-07-18T21:00:00+00:00,4004.5,4004.6,4003.1,4004.0,50884.0,real_delta_india
2026-07-18T21:30:00+00:00,4004.0,4004.5,4002.8,4002.8,11997.0,real_delta_india
2026-07-18T22:00:00+00:00,4003.0,4004.0,4002.7,4003.8,11519.0,real_delta_india
2026-07-18T22:30:00+00:00,4004.0,4004.6,4003.6,4003.9,82063.0,real_delta_india
2026-07-18T23:00:00+00:00,4004.1,4005.3,4003.9,4005.0,5827.0,real_delta_india
2026-07-18T23:30:00+00:00,4005.0,4009.9,4004.9,4009.8,42446.0,real_delta_india
2026-07-19T00:00:00+00:00,4009.7,4010.6,4009.4,4009.4,7332.0,real_delta_india
2026-07-19T00:30:00+00:00,4009.4,4009.6,4008.9,4009.0,12505.0,real_delta_india
2026-07-19T01:00:00+00:00,4009.0,4009.3,4008.4,4008.9,38723.0,real_delta_india
2026-07-19T01:30:00+00:00,4009.0,4009.3,4008.9,4009.0,14856.0,real_delta_india
2026-07-19T02:00:00+00:00,4009.0,4010.3,4008.9,4009.9,59227.0,real_delta_india
2026-07-19T02:30:00+00:00,4009.9,4010.1,4009.1,4009.5,30115.0,real_delta_india
2026-07-19T03:00:00+00:00,4009.5,4009.9,4009.3,4009.8,44492.0,real_delta_india
2026-07-19T03:30:00+00:00,4009.8,4009.8,4008.6,4009.3,19998.0,real_delta_india
2026-07-19T04:00:00+00:00,4009.0,4009.0,4008.0,4008.4,23793.0,real_delta_india
2026-07-19T04:30:00+00:00,4008.6,4008.7,4008.1,4008.4,24917.0,real_delta_india
2026-07-19T05:00:00+00:00,4008.6,4008.6,4007.9,4008.6,31528.0,real_delta_india
2026-07-19T05:30:00+00:00,4008.4,4008.6,4008.1,4008.6,20131.0,real_delta_india
2026-07-19T06:00:00+00:00,4008.6,4008.6,4007.6,4007.9,21515.0,real_delta_india
2026-07-19T06:30:00+00:00,4007.9,4007.9,4007.2,4007.9,23688.0,real_delta_india
2026-07-19T07:00:00+00:00,4007.9,4007.9,4007.4,4007.7,8612.0,real_delta_india
2026-07-19T07:30:00+00:00,4007.9,4008.1,4007.0,4007.0,33804.0,real_delta_india
2026-07-19T08:00:00+00:00,4007.2,4007.2,4006.0,4006.4,27187.0,real_delta_india
2026-07-19T08:30:00+00:00,4006.2,4007.2,4005.4,4006.9,31849.0,real_delta_india
2026-07-19T09:00:00+00:00,4006.9,4007.1,4006.4,4006.6,18694.0,real_delta_india
2026-07-19T09:30:00+00:00,4006.6,4006.6,4005.2,4005.2,29738.0,real_delta_india
2026-07-19T10:00:00+00:00,4005.25,4005.4,4004.3,4004.3,39717.0,real_delta_india
2026-07-19T10:30:00+00:00,4004.3,4006.0,4004.1,4005.33,47595.0,real_delta_india
2026-07-19T11:00:00+00:00,4005.33,4005.4,4004.2,4004.9,16852.0,real_delta_india
2026-07-19T11:30:00+00:00,4005.1,4005.1,4003.5,4004.2,33504.0,real_delta_india
2026-07-19T12:00:00+00:00,4003.9,4004.0,4001.5,4002.0,88498.0,real_delta_india
2026-07-19T12:30:00+00:00,4002.0,4002.4,4000.7,4001.7,167123.0,real_delta_india
2026-07-19T13:00:00+00:00,4001.5,4004.4,4001.5,4004.2,168609.0,real_delta_india
2026-07-19T13:30:00+00:00,4004.2,4004.9,4003.6,4004.48,62827.0,real_delta_india
2026-07-19T14:00:00+00:00,4004.2,4007.1,4004.1,4006.7,100632.0,real_delta_india
2026-07-19T14:30:00+00:00,4006.7,4006.8,4005.5,4006.0,64231.0,real_delta_india
2026-07-19T15:00:00+00:00,4006.2,4006.3,4005.6,4005.6,14859.0,real_delta_india
2026-07-19T15:30:00+00:00,4005.6,4005.6,4004.7,4005.4,25408.0,real_delta_india
2026-07-19T16:00:00+00:00,4005.4,4006.4,4005.2,4006.2,15796.0,real_delta_india
2026-07-19T16:30:00+00:00,4006.2,4006.2,4003.4,4004.4,50183.0,real_delta_india
2026-07-19T17:00:00+00:00,4004.4,4007.1,4004.1,4007.0,71877.0,real_delta_india
2026-07-19T17:30:00+00:00,4007.0,4007.6,4007.0,4007.5,37134.0,real_delta_india
2026-07-19T18:00:00+00:00,4007.5,4008.0,4006.6,4007.3,46836.0,real_delta_india
2026-07-19T18:30:00+00:00,4007.5,4008.7,4007.4,4007.6,33428.0,real_delta_india
2026-07-19T19:00:00+00:00,4007.6,4008.3,4007.6,4008.1,19565.0,real_delta_india
2026-07-19T19:30:00+00:00,4007.9,4008.5,4006.7,4007.3,44523.0,real_delta_india
2026-07-19T20:00:00+00:00,4007.3,4007.5,4006.6,4007.1,22754.0,real_delta_india
2026-07-19T20:30:00+00:00,4007.1,4007.1,4006.3,4006.8,31050.0,real_delta_india
2026-07-19T21:00:00+00:00,4007.0,4007.0,4005.2,4005.8,18559.0,real_delta_india
2026-07-19T21:30:00+00:00,4005.8,4005.8,4004.0,4004.3,17510.0,real_delta_india
2026-07-19T22:00:00+00:00,4003.38,4003.38,3988.5,3989.2,555043.0,real_delta_india
2026-07-19T22:30:00+00:00,3988.5,3993.3,3988.2,3990.7,118690.0,real_delta_india
2026-07-19T23:00:00+00:00,3990.5,3990.5,3986.1,3988.1,192217.0,real_delta_india
2026-07-19T23:30:00+00:00,3988.1,3991.2,3984.3,3990.2,274010.0,real_delta_india
2026-07-20T00:00:00+00:00,3990.24,4000.7,3979.4,3999.2,626090.0,real_delta_india
2026-07-20T00:30:00+00:00,3999.2,4003.9,3992.9,4002.7,346828.0,real_delta_india
2026-07-20T01:00:00+00:00,4003.1,4016.1,3996.0,3998.4,907809.0,real_delta_india
2026-07-20T01:30:00+00:00,4000.0,4001.5,3991.4,3997.7,325442.0,real_delta_india
2026-07-20T02:00:00+00:00,3997.4,4004.9,3996.6,4002.4,343231.0,real_delta_india
2026-07-20T02:30:00+00:00,4002.4,4023.1,4001.2,4016.3,1328844.0,real_delta_india
2026-07-20T03:00:00+00:00,4016.3,4021.1,4014.1,4017.6,499494.0,real_delta_india
2026-07-20T03:30:00+00:00,4017.6,4022.2,4014.7,4017.8,433131.0,real_delta_india
2026-07-20T04:00:00+00:00,4018.1,4021.0,4015.8,4019.6,266922.0,real_delta_india
2026-07-20T04:30:00+00:00,4019.8,4019.8,4012.0,4013.21,310635.0,real_delta_india
2026-07-20T05:00:00+00:00,4013.3,4014.82,4005.2,4005.3,774422.0,real_delta_india
2026-07-20T05:30:00+00:00,4005.02,4009.3,4000.6,4003.9,601544.0,real_delta_india
2026-07-20T06:00:00+00:00,4003.7,4007.2,3999.3,4001.2,612941.0,real_delta_india
2026-07-20T06:30:00+00:00,4000.8,4002.3,3997.9,3998.9,538567.0,real_delta_india
2026-07-20T07:00:00+00:00,3998.6,4004.4,3997.2,4002.8,621974.0,real_delta_india
2026-07-20T07:30:00+00:00,4002.8,4016.5,4002.8,4011.8,1163957.0,real_delta_india
2026-07-20T08:00:00+00:00,4012.2,4024.7,4012.2,4017.1,1256981.0,real_delta_india
2026-07-20T08:30:00+00:00,4017.2,4018.3,4011.6,4013.2,743350.0,real_delta_india
2026-07-20T09:00:00+00:00,4013.0,4015.5,4008.8,4010.1,609775.0,real_delta_india
2026-07-20T09:30:00+00:00,4010.4,4017.0,4009.3,4014.0,434597.0,real_delta_india
2026-07-20T10:00:00+00:00,4014.6,4017.2,4012.0,4016.1,265890.0,real_delta_india
2026-07-20T10:30:00+00:00,4016.0,4019.6,4014.7,4017.6,321642.0,real_delta_india
2026-07-20T11:00:00+00:00,4017.6,4020.8,4013.3,4015.6,506339.0,real_delta_india
2026-07-20T11:30:00+00:00,4015.8,4033.9,4015.3,4020.1,1736808.0,real_delta_india
2026-07-20T12:00:00+00:00,4020.0,4020.1,4002.3,4008.6,2547843.0,real_delta_india
2026-07-20T12:30:00+00:00,4009.0,4012.7,4003.3,4005.5,1345773.0,real_delta_india
2026-07-20T13:00:00+00:00,4005.7,4010.7,4002.7,4004.2,820452.0,real_delta_india
2026-07-20T13:30:00+00:00,4004.8,4013.5,4001.0,4001.3,1368625.0,real_delta_india
2026-07-20T14:00:00+00:00,4001.1,4003.19,3994.0,4002.2,2189115.0,real_delta_india
2026-07-20T14:30:00+00:00,4002.1,4009.4,4000.2,4001.4,1482648.0,real_delta_india
2026-07-20T15:00:00+00:00,4001.2,4013.4,3999.7,4010.3,1694926.0,real_delta_india
2026-07-20T15:30:00+00:00,4010.5,4011.6,4004.1,4006.6,985968.0,real_delta_india
2026-07-20T16:00:00+00:00,4006.2,4012.8,4005.5,4006.8,718865.0,real_delta_india
2026-07-20T16:30:00+00:00,4006.8,4007.1,3997.8,4005.8,983175.0,real_delta_india
2026-07-20T17:00:00+00:00,4005.4,4008.9,4004.8,4007.5,492299.0,real_delta_india
2026-07-20T17:30:00+00:00,4007.7,4008.4,3999.8,4001.8,820053.0,real_delta_india
2026-07-20T18:00:00+00:00,4001.7,4007.7,3999.7,4002.8,455202.0,real_delta_india
2026-07-20T18:30:00+00:00,4002.2,4004.7,4000.5,4003.2,197140.0,real_delta_india
2026-07-20T19:00:00+00:00,4002.7,4008.6,4000.4,4008.2,233335.0,real_delta_india
2026-07-20T19:30:00+00:00,4009.0,4013.0,4000.9,4002.7,470482.0,real_delta_india
2026-07-20T20:00:00+00:00,4002.5,4004.7,4001.8,4003.8,103822.0,real_delta_india
2026-07-20T20:30:00+00:00,4004.2,4004.8,4002.3,4002.7,29718.0,real_delta_india
2026-07-20T21:00:00+00:00,4002.8,4005.1,4002.6,4005.1,40277.0,real_delta_india
2026-07-20T21:30:00+00:00,4005.2,4006.8,4005.2,4006.2,19438.0,real_delta_india
2026-07-20T22:00:00+00:00,4006.2,4006.2,4001.9,4005.9,68586.0,real_delta_india
2026-07-20T22:30:00+00:00,4005.1,4005.4,3995.9,3996.8,228165.0,real_delta_india
2026-07-20T23:00:00+00:00,3996.7,4004.7,3996.2,3999.4,92952.0,real_delta_india
2026-07-20T23:30:00+00:00,3999.6,4005.7,3999.6,4005.5,48841.0,real_delta_india
2026-07-21T00:00:00+00:00,4001.8,4012.43,3999.6,4009.6,135388.0,real_delta_india
2026-07-21T00:30:00+00:00,4009.7,4020.5,4008.8,4019.3,653163.0,real_delta_india
2026-07-21T01:00:00+00:00,4018.0,4029.0,4013.11,4021.2,773126.0,real_delta_india
2026-07-21T01:30:00+00:00,4022.5,4023.8,4016.0,4016.6,463989.0,real_delta_india
2026-07-21T02:00:00+00:00,4017.0,4023.5,4015.2,4022.8,356738.0,real_delta_india
2026-07-21T02:30:00+00:00,4022.8,4037.0,4021.3,4030.9,1382021.0,real_delta_india
2026-07-21T03:00:00+00:00,4030.9,4044.2,4029.6,4039.8,1137973.0,real_delta_india
2026-07-21T03:30:00+00:00,4040.3,4042.0,4034.9,4039.2,601366.0,real_delta_india
2026-07-21T04:00:00+00:00,4039.2,4043.5,4035.5,4035.9,609631.0,real_delta_india
2026-07-21T04:30:00+00:00,4036.3,4040.9,4036.0,4040.1,276574.0,real_delta_india
2026-07-21T05:00:00+00:00,4041.1,4047.7,4037.2,4045.9,848207.0,real_delta_india
2026-07-21T05:30:00+00:00,4045.5,4058.6,4045.5,4051.3,1495651.0,real_delta_india
2026-07-21T06:00:00+00:00,4052.5,4064.2,4052.5,4062.1,1072462.0,real_delta_india
2026-07-21T06:30:00+00:00,4062.5,4073.4,4061.9,4068.4,933324.0,real_delta_india
2026-07-21T07:00:00+00:00,4068.1,4069.0,4057.0,4058.6,996148.0,real_delta_india
2026-07-21T07:30:00+00:00,4058.9,4064.2,4056.5,4060.4,730988.0,real_delta_india
2026-07-21T08:00:00+00:00,4060.9,4061.8,4052.7,4053.1,893468.0,real_delta_india
2026-07-21T08:30:00+00:00,4053.3,4056.2,4050.7,4054.6,817123.0,real_delta_india
2026-07-21T09:00:00+00:00,4054.6,4059.5,4054.2,4054.4,771076.0,real_delta_india
2026-07-21T09:30:00+00:00,4054.4,4060.3,4052.5,4057.5,680687.0,real_delta_india
2026-07-21T10:00:00+00:00,4057.5,4060.9,4052.7,4058.7,614700.0,real_delta_india
2026-07-21T10:30:00+00:00,4058.5,4062.3,4054.1,4054.6,645634.0,real_delta_india
2026-07-21T11:00:00+00:00,4054.6,4055.0,4046.5,4049.3,1379761.0,real_delta_india
2026-07-21T11:30:00+00:00,4049.1,4052.2,4044.45,4046.9,1036712.0,real_delta_india
2026-07-21T12:00:00+00:00,4046.9,4056.3,4046.5,4052.3,1186970.0,real_delta_india
2026-07-21T12:30:00+00:00,4053.53,4055.3,4042.0,4045.8,1363132.0,real_delta_india
2026-07-21T13:00:00+00:00,4046.8,4053.1,4041.9,4042.7,971205.0,real_delta_india
2026-07-21T13:30:00+00:00,4043.8,4048.7,4036.0,4044.9,1858883.0,real_delta_india
2026-07-21T14:00:00+00:00,4045.1,4060.9,4043.7,4060.3,1808276.0,real_delta_india
2026-07-21T14:30:00+00:00,4060.6,4065.0,4053.4,4059.5,1511414.0,real_delta_india
2026-07-21T15:00:00+00:00,4059.9,4068.6,4055.9,4066.7,1226815.0,real_delta_india
2026-07-21T15:30:00+00:00,4066.2,4072.3,4060.3,4062.6,1062009.0,real_delta_india
2026-07-21T16:00:00+00:00,4062.6,4067.8,4062.0,4065.2,800434.0,real_delta_india
2026-07-21T16:30:00+00:00,4065.2,4065.4,4058.5,4061.1,718781.0,real_delta_india
2026-07-21T17:00:00+00:00,4060.9,4062.4,4058.5,4062.1,367978.0,real_delta_india
2026-07-21T17:30:00+00:00,4062.1,4062.4,4056.5,4058.1,598614.0,real_delta_india
2026-07-21T18:00:00+00:00,4058.2,4075.7,4056.5,4072.5,1365963.0,real_delta_india
2026-07-21T18:30:00+00:00,4072.5,4075.1,4068.0,4071.1,621296.0,real_delta_india
2026-07-21T19:00:00+00:00,4071.5,4075.1,4068.8,4073.5,493422.0,real_delta_india
2026-07-21T19:30:00+00:00,4073.7,4074.2,4070.5,4073.0,84373.0,real_delta_india
2026-07-21T20:00:00+00:00,4072.4,4074.6,4070.2,4070.7,105514.0,real_delta_india
2026-07-21T20:30:00+00:00,4071.1,4073.4,4066.2,4066.4,114311.0,real_delta_india
2026-07-21T21:00:00+00:00,4066.4,4067.2,4065.8,4067.2,60746.0,real_delta_india
2026-07-21T21:30:00+00:00,4067.2,4069.2,4067.0,4068.9,25994.0,real_delta_india
2026-07-21T22:00:00+00:00,4068.9,4070.7,4065.9,4070.3,129851.0,real_delta_india
2026-07-21T22:30:00+00:00,4070.9,4072.8,4067.5,4069.4,29408.0,real_delta_india
2026-07-21T23:00:00+00:00,4069.2,4070.8,4068.7,4070.5,55062.0,real_delta_india
2026-07-21T23:30:00+00:00,4070.0,4071.4,4068.2,4068.3,30970.0,real_delta_india
2026-07-22T00:00:00+00:00,4068.0,4087.5,4066.0,4086.5,798560.0,real_delta_india
2026-07-22T00:30:00+00:00,4086.3,4090.2,4079.32,4085.7,292658.0,real_delta_india
2026-07-22T01:00:00+00:00,4086.3,4108.6,4086.3,4103.6,1116840.0,real_delta_india
2026-07-22T01:30:00+00:00,4103.13,4110.0,4100.7,4108.3,610242.0,real_delta_india
2026-07-22T02:00:00+00:00,4108.6,4111.4,4105.6,4109.8,472456.0,real_delta_india
2026-07-22T02:30:00+00:00,4110.1,4116.4,4107.6,4116.29,718101.0,real_delta_india
2026-07-22T03:00:00+00:00,4116.4,4127.0,4115.4,4123.6,875036.0,real_delta_india
2026-07-22T03:30:00+00:00,4123.3,4123.5,4115.2,4116.2,546509.0,real_delta_india
2026-07-22T04:00:00+00:00,4116.0,4116.2,4112.1,4113.3,497660.0,real_delta_india
2026-07-22T04:30:00+00:00,4113.3,4113.5,4109.0,4112.2,424120.0,real_delta_india
2026-07-22T05:00:00+00:00,4112.2,4115.3,4108.4,4108.6,682717.0,real_delta_india
2026-07-22T05:30:00+00:00,4108.4,4118.4,4108.36,4115.8,689308.0,real_delta_india
2026-07-22T06:00:00+00:00,4116.2,4119.9,4099.2,4101.6,1069121.0,real_delta_india
2026-07-22T06:30:00+00:00,4101.9,4106.4,4098.6,4101.5,849479.0,real_delta_india
2026-07-22T07:00:00+00:00,4101.9,4107.6,4097.3,4104.97,703392.0,real_delta_india
2026-07-22T07:30:00+00:00,4105.5,4108.5,4094.4,4095.9,1003638.0,real_delta_india
2026-07-22T08:00:00+00:00,4095.7,4104.7,4095.7,4103.4,523038.0,real_delta_india
2026-07-22T08:30:00+00:00,4104.0,4106.9,4100.6,4105.3,414870.0,real_delta_india
2026-07-22T09:00:00+00:00,4105.1,4108.9,4104.5,4104.9,478599.0,real_delta_india
2026-07-22T09:30:00+00:00,4104.7,4108.1,4099.8,4100.4,431059.0,real_delta_india
2026-07-22T10:00:00+00:00,4100.6,4108.5,4100.1,4106.0,426325.0,real_delta_india
2026-07-22T10:30:00+00:00,4106.1,4107.3,4103.0,4104.4,452843.0,real_delta_india
2026-07-22T11:00:00+00:00,4104.3,4110.4,4101.9,4105.5,662164.0,real_delta_india
2026-07-22T11:30:00+00:00,4105.7,4110.5,4099.6,4110.2,733939.0,real_delta_india
2026-07-22T12:00:00+00:00,4110.2,4120.7,4109.5,4120.1,1211152.0,real_delta_india
2026-07-22T12:30:00+00:00,4120.4,4122.0,4096.0,4099.7,2122483.0,real_delta_india
2026-07-22T13:00:00+00:00,4099.9,4121.3,4099.8,4118.4,1423923.0,real_delta_india
2026-07-22T13:30:00+00:00,4118.5,4142.9,4118.5,4142.0,3057946.0,real_delta_india
2026-07-22T14:00:00+00:00,4141.8,4149.6,4128.5,4131.6,2676752.0,real_delta_india
2026-07-22T14:30:00+00:00,4131.8,4138.2,4129.3,4134.3,1349631.0,real_delta_india
2026-07-22T15:00:00+00:00,4134.3,4146.6,4134.0,4142.0,1432263.0,real_delta_india
2026-07-22T15:30:00+00:00,4142.2,4151.9,4140.8,4145.0,1403687.0,real_delta_india
2026-07-22T16:00:00+00:00,4145.0,4145.0,4133.21,4134.5,1366567.0,real_delta_india
2026-07-22T16:30:00+00:00,4134.8,4138.1,4130.9,4133.3,1057090.0,real_delta_india
2026-07-22T17:00:00+00:00,4134.4,4134.6,4129.6,4133.2,755105.0,real_delta_india
2026-07-22T17:30:00+00:00,4133.2,4134.9,4126.5,4130.1,871856.0,real_delta_india
2026-07-22T18:00:00+00:00,4130.1,4130.1,4123.0,4123.5,783361.0,real_delta_india
2026-07-22T18:30:00+00:00,4123.9,4128.1,4120.8,4125.7,710733.0,real_delta_india
2026-07-22T19:00:00+00:00,4125.7,4126.7,4121.0,4123.7,284306.0,real_delta_india
2026-07-22T19:30:00+00:00,4124.2,4125.7,4118.1,4121.6,461015.0,real_delta_india
2026-07-22T20:00:00+00:00,4121.2,4127.1,4119.9,4126.4,201320.0,real_delta_india
2026-07-22T20:30:00+00:00,4126.4,4126.4,4119.0,4121.0,221097.0,real_delta_india
2026-07-22T21:00:00+00:00,4121.2,4123.2,4121.0,4122.5,96085.0,real_delta_india
2026-07-22T21:30:00+00:00,4122.0,4122.6,4121.9,4122.4,35951.0,real_delta_india
2026-07-22T22:00:00+00:00,4120.0,4120.0,4090.6,4117.9,1066282.0,real_delta_india
2026-07-22T22:30:00+00:00,4118.31,4118.31,4109.8,4111.1,154518.0,real_delta_india
2026-07-22T23:00:00+00:00,4111.5,4112.9,4106.8,4108.7,265341.0,real_delta_india
2026-07-22T23:30:00+00:00,4108.5,4123.1,4108.0,4122.1,300578.0,real_delta_india
2026-07-23T00:00:00+00:00,4122.9,4124.1,4115.6,4119.4,386840.0,real_delta_india
2026-07-23T00:30:00+00:00,4118.6,4122.3,4114.6,4121.5,423305.0,real_delta_india
2026-07-23T01:00:00+00:00,4121.7,4129.87,4119.4,4126.8,581061.0,real_delta_india
2026-07-23T01:30:00+00:00,4127.5,4128.0,4103.2,4107.0,923729.0,real_delta_india
2026-07-23T02:00:00+00:00,4106.7,4107.3,4102.0,4105.6,459755.0,real_delta_india
2026-07-23T02:30:00+00:00,4107.0,4118.3,4104.0,4118.1,859936.0,real_delta_india
2026-07-23T03:00:00+00:00,4117.8,4122.6,4113.5,4120.1,706435.0,real_delta_india
2026-07-23T03:30:00+00:00,4120.0,4120.4,4112.9,4113.8,356618.0,real_delta_india
2026-07-23T04:00:00+00:00,4113.8,4119.3,4111.1,4119.3,578248.0,real_delta_india
2026-07-23T04:30:00+00:00,4119.3,4119.6,4109.5,4110.5,518678.0,real_delta_india
2026-07-23T05:00:00+00:00,4110.7,4114.9,4108.7,4114.9,420756.0,real_delta_india
2026-07-23T05:30:00+00:00,4115.0,4120.0,4111.0,4113.6,665095.0,real_delta_india
2026-07-23T06:00:00+00:00,4113.9,4117.2,4111.0,4111.6,241380.0,real_delta_india
2026-07-23T06:30:00+00:00,4111.6,4113.0,4106.9,4109.3,335825.0,real_delta_india
2026-07-23T07:00:00+00:00,4109.4,4109.8,4092.9,4099.1,1399881.0,real_delta_india
2026-07-23T07:30:00+00:00,4099.1,4099.1,4081.8,4086.8,1601878.0,real_delta_india
2026-07-23T08:00:00+00:00,4087.9,4089.3,4079.7,4083.6,807879.0,real_delta_india
2026-07-23T08:30:00+00:00,4083.6,4086.4,4078.6,4086.0,585661.0,real_delta_india
2026-07-23T09:00:00+00:00,4085.7,4092.0,4081.9,4084.2,989891.0,real_delta_india
2026-07-23T09:30:00+00:00,4084.2,4087.5,4081.3,4082.5,500429.0,real_delta_india
2026-07-23T10:00:00+00:00,4082.7,4085.1,4078.2,4082.0,651997.0,real_delta_india
2026-07-23T10:30:00+00:00,4082.0,4087.8,4079.1,4085.6,503309.0,real_delta_india
2026-07-23T11:00:00+00:00,4086.3,4086.5,4073.2,4076.8,869610.0,real_delta_india
2026-07-23T11:30:00+00:00,4076.6,4082.7,4066.1,4079.7,1729405.0,real_delta_india
2026-07-23T12:00:00+00:00,4079.5,4079.7,4063.4,4068.2,1822462.0,real_delta_india
2026-07-23T12:30:00+00:00,4068.0,4068.0,4054.8,4055.5,2572634.0,real_delta_india
2026-07-23T13:00:00+00:00,4055.5,4057.6,4035.4,4053.7,3469524.0,real_delta_india
2026-07-23T13:30:00+00:00,4054.0,4062.3,4038.2,4038.4,2587194.0,real_delta_india
2026-07-23T14:00:00+00:00,4039.2,4053.7,4035.4,4053.2,2040883.0,real_delta_india
2026-07-23T14:30:00+00:00,4053.0,4057.3,4047.5,4053.3,988034.0,real_delta_india
2026-07-23T15:00:00+00:00,4053.2,4054.4,4040.4,4041.75,1159013.0,real_delta_india
2026-07-23T15:30:00+00:00,4041.8,4049.1,4038.1,4044.3,875468.0,real_delta_india
2026-07-23T16:00:00+00:00,4044.9,4047.1,4041.5,4046.4,419221.0,real_delta_india
2026-07-23T16:30:00+00:00,4046.4,4047.8,4042.7,4047.5,362325.0,real_delta_india
2026-07-23T17:00:00+00:00,4047.5,4050.6,4041.6,4042.5,557130.0,real_delta_india
2026-07-23T17:30:00+00:00,4042.3,4044.5,4036.8,4037.5,510905.0,real_delta_india
2026-07-23T18:00:00+00:00,4037.2,4040.5,4035.3,4039.9,569128.0,real_delta_india
2026-07-23T18:30:00+00:00,4040.2,4043.9,4040.0,4042.5,490145.0,real_delta_india
2026-07-23T19:00:00+00:00,4042.5,4044.8,4038.44,4043.6,364425.0,real_delta_india
2026-07-23T19:30:00+00:00,4043.9,4047.1,4040.7,4045.8,301233.0,real_delta_india
2026-07-23T20:00:00+00:00,4045.8,4046.46,4044.3,4045.6,91222.0,real_delta_india
2026-07-23T20:30:00+00:00,4045.6,4045.7,4043.4,4044.8,126562.0,real_delta_india
2026-07-23T21:00:00+00:00,4045.7,4045.8,4044.6,4044.8,23952.0,real_delta_india
2026-07-23T21:30:00+00:00,4044.8,4046.1,4044.7,4045.6,7563.0,real_delta_india
2026-07-23T22:00:00+00:00,4046.2,4046.2,4044.2,4045.3,30079.0,real_delta_india
2026-07-23T22:30:00+00:00,4045.7,4046.2,4044.8,4044.8,7330.0,real_delta_india
2026-07-23T23:00:00+00:00,4045.0,4045.0,4042.2,4044.8,51543.0,real_delta_india
2026-07-23T23:30:00+00:00,4044.6,4046.1,4042.9,4042.9,39798.0,real_delta_india
2026-07-24T00:00:00+00:00,4043.2,4045.1,4036.4,4042.2,160266.0,real_delta_india
2026-07-24T00:30:00+00:00,4042.4,4046.0,4040.6,4045.9,253732.0,real_delta_india
2026-07-24T01:00:00+00:00,4045.3,4045.6,4035.8,4039.7,453242.0,real_delta_india
2026-07-24T01:30:00+00:00,4039.2,4047.3,4037.4,4040.1,592817.0,real_delta_india
2026-07-24T02:00:00+00:00,4040.6,4044.6,4037.6,4042.6,218556.0,real_delta_india
2026-07-24T02:30:00+00:00,4042.4,4043.8,4018.0,4019.6,1597592.0,real_delta_india
2026-07-24T03:00:00+00:00,4019.8,4030.3,4018.2,4025.8,1028858.0,real_delta_india
2026-07-24T03:30:00+00:00,4026.0,4028.7,4023.9,4025.1,271874.0,real_delta_india
2026-07-24T04:00:00+00:00,4024.9,4026.4,4022.7,4025.5,391960.0,real_delta_india
2026-07-24T04:30:00+00:00,4025.9,4026.3,4020.9,4023.2,377821.0,real_delta_india
2026-07-24T05:00:00+00:00,4023.1,4028.2,4017.8,4021.9,820556.0,real_delta_india
2026-07-24T05:30:00+00:00,4022.6,4027.2,4017.5,4018.81,537073.0,real_delta_india
2026-07-24T06:00:00+00:00,4019.0,4034.5,4018.7,4032.2,1151388.0,real_delta_india
2026-07-24T06:30:00+00:00,4032.5,4033.3,4026.6,4030.8,582496.0,real_delta_india
2026-07-24T07:00:00+00:00,4030.61,4044.1,4030.0,4041.6,1227646.0,real_delta_india
2026-07-24T07:30:00+00:00,4041.6,4046.9,4037.4,4039.6,1176166.0,real_delta_india
2026-07-24T08:00:00+00:00,4039.2,4043.6,4036.3,4043.6,765146.0,real_delta_india
2026-07-24T08:30:00+00:00,4043.0,4049.9,4040.0,4048.7,1112739.0,real_delta_india
2026-07-24T09:00:00+00:00,4048.7,4052.5,4043.8,4043.8,775209.0,real_delta_india
2026-07-24T09:30:00+00:00,4043.9,4050.9,4042.5,4050.4,639562.0,real_delta_india
2026-07-24T10:00:00+00:00,4050.9,4054.8,4048.2,4053.1,908813.0,real_delta_india
2026-07-24T10:30:00+00:00,4053.1,4054.6,4047.7,4050.4,577749.0,real_delta_india
2026-07-24T11:00:00+00:00,4050.4,4054.6,4049.4,4050.7,575064.0,real_delta_india
2026-07-24T11:30:00+00:00,4050.7,4051.96,4041.0,4048.1,1624150.0,real_delta_india
2026-07-24T12:00:00+00:00,4047.9,4051.7,4042.8,4051.3,852221.0,real_delta_india
2026-07-24T12:30:00+00:00,4051.0,4051.4,4042.0,4046.5,931302.0,real_delta_india
2026-07-24T13:00:00+00:00,4046.5,4049.5,4034.5,4037.1,1971369.0,real_delta_india
2026-07-24T13:30:00+00:00,4037.4,4060.5,4035.5,4059.9,3083130.0,real_delta_india
2026-07-24T14:00:00+00:00,4059.9,4062.2,4047.8,4058.4,1654848.0,real_delta_india
2026-07-24T14:30:00+00:00,4058.7,4062.1,4052.1,4059.1,932399.0,real_delta_india
2026-07-24T15:00:00+00:00,4059.1,4076.4,4057.3,4068.4,2378433.0,real_delta_india
2026-07-24T15:30:00+00:00,4068.4,4072.7,4064.0,4070.2,729525.0,real_delta_india
2026-07-24T16:00:00+00:00,4070.2,4070.5,4066.0,4066.8,554446.0,real_delta_india
2026-07-24T16:30:00+00:00,4066.7,4066.9,4057.0,4060.0,1071298.0,real_delta_india
2026-07-24T17:00:00+00:00,4060.0,4063.2,4055.2,4061.8,902233.0,real_delta_india
2026-07-24T17:30:00+00:00,4061.8,4063.2,4056.5,4056.7,457787.0,real_delta_india
2026-07-24T18:00:00+00:00,4056.7,4057.9,4048.6,4049.1,721771.0,real_delta_india
2026-07-24T18:30:00+00:00,4048.9,4050.9,4044.9,4048.9,538297.0,real_delta_india
2026-07-24T19:00:00+00:00,4048.7,4049.8,4042.9,4045.5,364364.0,real_delta_india
2026-07-24T19:30:00+00:00,4045.5,4051.9,4045.4,4048.1,312851.0,real_delta_india
2026-07-24T20:00:00+00:00,4047.8,4049.7,4046.77,4048.5,137901.0,real_delta_india
2026-07-24T20:30:00+00:00,4047.9,4048.7,4045.1,4046.2,62614.0,real_delta_india
2026-07-24T21:00:00+00:00,4046.2,4048.3,4046.2,4048.0,56043.0,real_delta_india
2026-07-24T21:30:00+00:00,4048.1,4050.0,4048.0,4049.9,29209.0,real_delta_india
2026-07-24T22:00:00+00:00,4049.7,4049.9,4049.2,4049.3,4318.0,real_delta_india
2026-07-24T22:30:00+00:00,4049.3,4050.2,4049.3,4050.1,8873.0,real_delta_india
2026-07-24T23:00:00+00:00,4050.1,4050.6,4049.8,4050.1,24623.0,real_delta_india
2026-07-24T23:30:00+00:00,4050.1,4052.0,4049.9,4051.3,55265.0,real_delta_india
2026-07-25T00:00:00+00:00,4051.5,4053.2,4051.3,4052.3,46080.0,real_delta_india
2026-07-25T00:30:00+00:00,4052.3,4052.4,4051.2,4051.5,29818.0,real_delta_india
2026-07-25T01:00:00+00:00,4051.5,4051.9,4051.0,4051.5,23239.0,real_delta_india
2026-07-25T01:30:00+00:00,4051.3,4051.7,4050.6,4050.9,36883.0,real_delta_india
2026-07-25T02:00:00+00:00,4050.9,4051.3,4050.0,4050.1,47407.0,real_delta_india
2026-07-25T02:30:00+00:00,4050.3,4050.4,4049.4,4049.9,56286.0,real_delta_india
2026-07-25T03:00:00+00:00,4049.9,4050.1,4048.8,4049.3,28356.0,real_delta_india
2026-07-25T03:30:00+00:00,4049.3,4049.6,4048.7,4049.3,49511.0,real_delta_india
2026-07-25T04:00:00+00:00,4049.6,4049.7,4049.1,4049.6,46480.0,real_delta_india
2026-07-25T04:30:00+00:00,4049.6,4049.6,4048.7,4049.48,48810.0,real_delta_india
2026-07-25T05:00:00+00:00,4049.3,4049.6,4048.8,4048.8,56536.0,real_delta_india
2026-07-25T05:30:00+00:00,4049.3,4049.5,4048.7,4049.5,21180.0,real_delta_india
2026-07-25T06:00:00+00:00,4049.5,4049.6,4048.8,4049.5,22445.0,real_delta_india
2026-07-25T06:30:00+00:00,4049.5,4049.5,4048.9,4049.3,16471.0,real_delta_india
2026-07-25T07:00:00+00:00,4049.5,4049.5,4049.1,4049.1,6699.0,real_delta_india
2026-07-25T07:30:00+00:00,4049.1,4049.1,4048.0,4048.3,28453.0,real_delta_india
2026-07-25T08:00:00+00:00,4048.4,4048.6,4048.1,4048.58,19697.0,real_delta_india
2026-07-25T08:30:00+00:00,4048.6,4048.6,4048.1,4048.6,25339.0,real_delta_india
2026-07-25T09:00:00+00:00,4048.4,4048.6,4048.4,4048.43,13722.0,real_delta_india
2026-07-25T09:30:00+00:00,4048.6,4048.6,4048.2,4048.4,14350.0,real_delta_india
2026-07-25T10:00:00+00:00,4048.4,4048.6,4046.4,4047.0,61555.0,real_delta_india
2026-07-25T10:30:00+00:00,4047.17,4048.8,4046.3,4048.0,74799.0,real_delta_india
2026-07-25T11:00:00+00:00,4048.3,4049.4,4048.3,4049.0,61148.0,real_delta_india
2026-07-25T11:30:00+00:00,4048.8,4049.0,4048.6,4048.9,9582.0,real_delta_india
2026-07-25T12:00:00+00:00,4048.6,4049.1,4048.3,4048.3,88399.0,real_delta_india
2026-07-25T12:30:00+00:00,4048.8,4049.1,4048.7,4049.0,19393.0,real_delta_india
2026-07-25T13:00:00+00:00,4049.0,4049.4,4048.8,4049.0,19965.0,real_delta_india
2026-07-25T13:30:00+00:00,4049.2,4051.3,4049.0,4050.0,54216.0,real_delta_india
2026-07-25T14:00:00+00:00,4050.1,4050.2,4049.2,4049.7,33884.0,real_delta_india
2026-07-25T14:30:00+00:00,4049.9,4051.9,4049.9,4051.2,65168.0,real_delta_india
2026-07-25T15:00:00+00:00,4051.2,4051.9,4050.2,4050.5,37819.0,real_delta_india
2026-07-25T15:30:00+00:00,4050.5,4051.6,4050.3,4051.3,38176.0,real_delta_india
2026-07-25T16:00:00+00:00,4051.1,4051.3,4049.5,4049.6,23931.0,real_delta_india
2026-07-25T16:30:00+00:00,4049.6,4051.3,4049.1,4051.2,50956.0,real_delta_india
2026-07-25T17:00:00+00:00,4051.0,4051.3,4050.8,4051.3,10809.0,real_delta_india
2026-07-25T17:30:00+00:00,4051.3,4051.4,4050.9,4051.2,21971.0,real_delta_india
2026-07-25T18:00:00+00:00,4051.48,4053.5,4051.48,4053.0,68594.0,real_delta_india
2026-07-25T18:30:00+00:00,4052.8,4054.1,4052.8,4053.6,34644.0,real_delta_india
2026-07-25T19:00:00+00:00,4053.6,4053.6,4050.7,4052.0,41579.0,real_delta_india
2026-07-25T19:30:00+00:00,4052.1,4052.6,4051.8,4052.6,6317.0,real_delta_india
2026-07-25T20:00:00+00:00,4052.6,4052.6,4050.6,4051.7,4009.0,real_delta_india
2026-07-25T20:30:00+00:00,4051.0,4052.7,4051.0,4052.4,4408.0,real_delta_india
2026-07-25T21:00:00+00:00,4052.4,4053.9,4052.4,4052.8,6324.0,real_delta_india
2026-07-25T21:30:00+00:00,4052.8,4054.2,4052.8,4053.2,30906.0,real_delta_india
2026-07-25T22:00:00+00:00,4053.4,4054.2,4053.4,4053.6,12597.0,real_delta_india
2026-07-25T22:30:00+00:00,4054.2,4054.3,4053.0,4053.0,15743.0,real_delta_india
2026-07-25T23:00:00+00:00,4053.4,4053.6,4052.3,4052.3,817.0,real_delta_india
2026-07-25T23:30:00+00:00,4052.4,4052.6,4052.4,4052.4,975.0,real_delta_india
2026-07-26T00:00:00+00:00,4052.6,4052.7,4051.4,4051.7,37221.0,real_delta_india
2026-07-26T00:30:00+00:00,4051.9,4052.0,4051.5,4052.0,13472.0,real_delta_india
2026-07-26T01:00:00+00:00,4052.0,4052.3,4051.6,4052.0,25999.0,real_delta_india
2026-07-26T01:30:00+00:00,4052.2,4052.2,4051.7,4052.2,12699.0,real_delta_india
2026-07-26T02:00:00+00:00,4052.19,4052.19,4051.7,4052.0,9641.0,real_delta_india
2026-07-26T02:30:00+00:00,4052.0,4052.0,4051.7,4052.0,9064.0,real_delta_india
2026-07-26T03:00:00+00:00,4052.0,4052.5,4051.8,4052.3,7923.0,real_delta_india
2026-07-26T03:30:00+00:00,4052.5,4053.0,4052.2,4053.0,24812.0,real_delta_india
2026-07-26T04:00:00+00:00,4053.0,4053.8,4052.8,4053.5,58318.0,real_delta_india
2026-07-26T04:30:00+00:00,4053.5,4055.6,4053.5,4054.5,44870.0,real_delta_india
2026-07-26T05:00:00+00:00,4054.5,4055.8,4054.1,4054.2,49504.0,real_delta_india
2026-07-26T05:30:00+00:00,4054.2,4055.7,4053.1,4055.3,33206.0,real_delta_india
2026-07-26T06:00:00+00:00,4055.3,4055.3,4052.3,4052.8,56993.0,real_delta_india
2026-07-26T06:30:00+00:00,4052.8,4054.2,4052.5,4053.6,71929.0,real_delta_india
2026-07-26T07:00:00+00:00,4053.6,4054.2,4053.0,4053.2,9631.0,real_delta_india
2026-07-26T07:30:00+00:00,4053.0,4053.3,4052.7,4053.0,18899.0,real_delta_india
2026-07-26T08:00:00+00:00,4053.0,4054.1,4052.8,4054.1,16587.0,real_delta_india
2026-07-26T08:30:00+00:00,4053.9,4054.4,4053.8,4054.1,24531.0,real_delta_india
2026-07-26T09:00:00+00:00,4054.3,4054.4,4053.74,4054.3,46272.0,real_delta_india
2026-07-26T09:30:00+00:00,4054.3,4054.4,4054.0,4054.3,16766.0,real_delta_india
2026-07-26T10:00:00+00:00,4054.1,4056.5,4054.1,4056.0,133972.0,real_delta_india
2026-07-26T10:30:00+00:00,4056.5,4058.2,4056.2,4057.5,55137.0,real_delta_india
2026-07-26T11:00:00+00:00,4057.2,4058.0,4055.3,4055.3,22777.0,real_delta_india
2026-07-26T11:30:00+00:00,4055.5,4056.4,4053.7,4055.9,47103.0,real_delta_india
2026-07-26T12:00:00+00:00,4055.9,4056.8,4055.7,4056.3,59393.0,real_delta_india
2026-07-26T12:30:00+00:00,4055.7,4056.4,4055.4,4055.5,8323.0,real_delta_india
2026-07-26T13:00:00+00:00,4055.5,4056.7,4055.4,4056.7,14202.0,real_delta_india
2026-07-26T13:30:00+00:00,4056.5,4058.1,4056.5,4057.4,59278.0,real_delta_india
2026-07-26T14:00:00+00:00,4057.4,4059.1,4057.0,4057.3,72234.0,real_delta_india
2026-07-26T14:30:00+00:00,4057.39,4058.5,4057.3,4058.37,34158.0,real_delta_india
2026-07-26T15:00:00+00:00,4058.37,4058.9,4057.6,4058.9,69332.0,real_delta_india
2026-07-26T15:30:00+00:00,4058.9,4060.2,4057.8,4059.9,106910.0,real_delta_india
2026-07-26T16:00:00+00:00,4060.1,4063.7,4059.7,4063.1,163650.0,real_delta_india
2026-07-26T16:30:00+00:00,4063.4,4063.4,4060.3,4060.9,128771.0,real_delta_india
2026-07-26T17:00:00+00:00,4060.5,4060.9,4059.0,4059.6,102492.0,real_delta_india
2026-07-26T17:30:00+00:00,4059.9,4062.1,4059.2,4060.7,69434.0,real_delta_india
2026-07-26T18:00:00+00:00,4060.7,4060.7,4059.0,4059.6,63833.0,real_delta_india
2026-07-26T18:30:00+00:00,4059.6,4059.9,4059.4,4059.6,17890.0,real_delta_india
2026-07-26T19:00:00+00:00,4059.9,4059.9,4059.1,4059.7,10940.0,real_delta_india
2026-07-26T19:30:00+00:00,4059.5,4059.8,4059.1,4059.2,9393.0,real_delta_india
2026-07-26T20:00:00+00:00,4059.4,4059.6,4059.0,4059.5,17875.0,real_delta_india
2026-07-26T20:30:00+00:00,4059.2,4059.9,4059.2,4059.6,6301.0,real_delta_india
2026-07-26T21:00:00+00:00,4060.0,4067.3,4060.0,4067.3,73044.0,real_delta_india
2026-07-26T21:30:00+00:00,4067.55,4069.9,4067.2,4069.6,150868.0,real_delta_india
2026-07-26T22:00:00+00:00,4070.0,4088.9,4070.0,4078.8,505120.0,real_delta_india
2026-07-26T22:30:00+00:00,4079.2,4085.9,4079.2,4083.4,281638.0,real_delta_india
2026-07-26T23:00:00+00:00,4082.2,4083.5,4075.8,4076.5,153893.0,real_delta_india
2026-07-26T23:30:00+00:00,4076.5,4087.9,4076.5,4085.5,256589.0,real_delta_india
2026-07-27T00:00:00+00:00,4085.8,4106.8,4082.78,4085.5,1110519.0,real_delta_india
2026-07-27T00:30:00+00:00,4085.3,4100.1,4085.3,4092.3,593019.0,real_delta_india
2026-07-27T01:00:00+00:00,4095.3,4102.7,4087.3,4090.8,521635.0,real_delta_india
2026-07-27T01:30:00+00:00,4091.7,4100.3,4088.7,4100.3,343368.0,real_delta_india
2026-07-27T02:00:00+00:00,4100.3,4100.7,4092.2,4093.5,228894.0,real_delta_india
2026-07-27T02:30:00+00:00,4093.37,4093.37,4085.0,4085.3,534361.0,real_delta_india
2026-07-27T03:00:00+00:00,4085.03,4086.9,4077.0,4077.5,698040.0,real_delta_india
2026-07-27T03:30:00+00:00,4077.5,4082.9,4076.8,4082.6,381325.0,real_delta_india
2026-07-27T04:00:00+00:00,4082.8,4084.8,4078.2,4080.7,459568.0,real_delta_india
2026-07-27T04:30:00+00:00,4080.7,4084.1,4080.7,4081.8,205056.0,real_delta_india
2026-07-27T05:00:00+00:00,4081.8,4087.4,4078.2,4079.5,659095.0,real_delta_india
2026-07-27T05:30:00+00:00,4081.3,4085.3,4076.7,4084.2,528360.0,real_delta_india
2026-07-27T06:00:00+00:00,4084.5,4089.1,4083.3,4088.1,852244.0,real_delta_india
2026-07-27T06:30:00+00:00,4088.1,4091.6,4087.0,4088.8,648598.0,real_delta_india
2026-07-27T07:00:00+00:00,4089.3,4097.5,4088.5,4094.7,843054.0,real_delta_india
2026-07-27T07:30:00+00:00,4094.8,4094.8,4079.7,4080.3,844512.0,real_delta_india
2026-07-27T08:00:00+00:00,4080.3,4084.3,4077.8,4082.9,744077.0,real_delta_india
2026-07-27T08:30:00+00:00,4083.1,4088.7,4078.9,4088.2,618281.0,real_delta_india
2026-07-27T09:00:00+00:00,4087.7,4090.2,4082.7,4083.1,367907.0,real_delta_india
2026-07-27T09:30:00+00:00,4083.0,4092.2,4081.8,4088.1,498867.0,real_delta_india
2026-07-27T10:00:00+00:00,4088.2,4088.5,4079.2,4085.1,574952.0,real_delta_india
2026-07-27T10:30:00+00:00,4085.5,4093.8,4085.5,4091.4,445156.0,real_delta_india
2026-07-27T11:00:00+00:00,4091.2,4096.0,4088.68,4088.77,683811.0,real_delta_india
2026-07-27T11:30:00+00:00,4088.24,4090.6,4084.7,4085.3,446306.0,real_delta_india
2026-07-27T12:00:00+00:00,4085.0,4088.6,4071.9,4078.2,2031870.0,real_delta_india
2026-07-27T12:30:00+00:00,4078.0,4080.2,4072.7,4075.4,1498320.0,real_delta_india
2026-07-27T13:00:00+00:00,4075.6,4079.72,4066.42,4066.8,1371311.0,real_delta_india
2026-07-27T13:30:00+00:00,4066.7,4082.2,4061.9,4065.1,2910717.0,real_delta_india
2026-07-27T14:00:00+00:00,4065.7,4071.4,4057.6,4059.5,1387228.0,real_delta_india
2026-07-27T14:30:00+00:00,4059.5,4069.8,4056.4,4069.1,1261078.0,real_delta_india
2026-07-27T15:00:00+00:00,4068.8,4072.4,4063.5,4069.1,842245.0,real_delta_india
2026-07-27T15:30:00+00:00,4069.29,4072.8,4065.1,4071.71,618841.0,real_delta_india
2026-07-27T16:00:00+00:00,4071.5,4081.4,4070.8,4077.7,1346348.0,real_delta_india
2026-07-27T16:30:00+00:00,4077.9,4086.5,4074.0,4075.5,1435372.0,real_delta_india
2026-07-27T17:00:00+00:00,4075.7,4075.7,4064.1,4068.3,1287524.0,real_delta_india
2026-07-27T17:30:00+00:00,4068.6,4070.9,4066.0,4070.6,284937.0,real_delta_india
2026-07-27T18:00:00+00:00,4070.6,4073.3,4068.0,4070.7,480750.0,real_delta_india
2026-07-27T18:30:00+00:00,4070.8,4073.0,4066.9,4072.1,252355.0,real_delta_india
2026-07-27T19:00:00+00:00,4071.9,4081.5,4069.8,4078.7,685747.0,real_delta_india
2026-07-27T19:30:00+00:00,4078.7,4081.45,4075.3,4075.8,173966.0,real_delta_india
2026-07-27T20:00:00+00:00,4076.4,4076.4,4070.6,4071.4,155627.0,real_delta_india
2026-07-27T20:30:00+00:00,4071.3,4071.3,4068.2,4069.0,100669.0,real_delta_india
2026-07-27T21:00:00+00:00,4069.0,4072.7,4068.8,4070.3,76093.0,real_delta_india
2026-07-27T21:30:00+00:00,4070.3,4070.5,4067.2,4067.6,36516.0,real_delta_india
2026-07-27T22:00:00+00:00,4070.0,4072.5,4062.7,4064.8,98098.0,real_delta_india
2026-07-27T22:30:00+00:00,4065.2,4066.3,4064.9,4065.2,57618.0,real_delta_india
2026-07-27T23:00:00+00:00,4064.9,4066.4,4062.6,4064.4,121212.0,real_delta_india
2026-07-27T23:30:00+00:00,4064.7,4065.1,4060.5,4064.0,175387.0,real_delta_india
2026-07-28T00:00:00+00:00,4064.2,4064.9,4051.5,4054.3,718309.0,real_delta_india
2026-07-28T00:30:00+00:00,4054.39,4057.8,4049.1,4049.6,447434.0,real_delta_india
2026-07-28T01:00:00+00:00,4049.71,4052.1,4038.5,4039.2,793695.0,real_delta_india
2026-07-28T01:30:00+00:00,4039.6,4043.7,4034.9,4037.4,719431.0,real_delta_india
2026-07-28T02:00:00+00:00,4037.4,4041.7,4034.8,4038.74,575371.0,real_delta_india
2026-07-28T02:30:00+00:00,4038.74,4040.5,4033.9,4035.6,534246.0,real_delta_india
2026-07-28T03:00:00+00:00,4035.6,4042.7,4033.8,4040.9,519118.0,real_delta_india
2026-07-28T03:30:00+00:00,4040.7,4044.5,4040.7,4042.6,433573.0,real_delta_india
2026-07-28T04:00:00+00:00,4042.6,4043.0,4037.2,4039.9,430559.0,real_delta_india
2026-07-28T04:30:00+00:00,4040.1,4041.5,4035.1,4036.0,287233.0,real_delta_india
2026-07-28T05:00:00+00:00,4036.0,4038.0,4033.6,4037.1,416591.0,real_delta_india
2026-07-28T05:30:00+00:00,4036.6,4040.6,4028.3,4039.6,1364512.0,real_delta_india
2026-07-28T06:00:00+00:00,4039.4,4043.3,4037.0,4041.7,563450.0,real_delta_india
2026-07-28T06:30:00+00:00,4042.0,4046.2,4040.6,4042.1,684485.0,real_delta_india
2026-07-28T07:00:00+00:00,4042.1,4046.48,4041.4,4044.5,523443.0,real_delta_india
2026-07-28T07:30:00+00:00,4044.4,4044.6,4039.5,4040.3,467142.0,real_delta_india
2026-07-28T08:00:00+00:00,4040.1,4048.6,4037.3,4043.6,991928.0,real_delta_india
2026-07-28T08:30:00+00:00,4042.65,4042.65,4036.3,4039.7,384124.0,real_delta_india
2026-07-28T09:00:00+00:00,4039.7,4040.2,4032.9,4034.1,546373.0,real_delta_india
2026-07-28T09:30:00+00:00,4033.97,4034.1,4014.1,4018.2,1613957.0,real_delta_india
2026-07-28T10:00:00+00:00,4018.4,4022.5,4012.8,4013.5,1054301.0,real_delta_india
2026-07-28T10:30:00+00:00,4013.2,4024.2,4012.7,4022.3,783108.0,real_delta_india
2026-07-28T11:00:00+00:00,4022.3,4026.9,4019.2,4023.2,640244.0,real_delta_india
2026-07-28T11:30:00+00:00,4023.0,4025.9,4018.5,4023.4,448615.0,real_delta_india
2026-07-28T12:00:00+00:00,4023.3,4029.8,4017.8,4028.7,933812.0,real_delta_india
2026-07-28T12:30:00+00:00,4029.3,4032.7,4020.4,4024.2,1241193.0,real_delta_india
2026-07-28T13:00:00+00:00,4025.0,4030.2,4022.9,4023.1,615845.0,real_delta_india
2026-07-28T13:30:00+00:00,4023.2,4027.1,4014.0,4016.7,1350484.0,real_delta_india
2026-07-28T14:00:00+00:00,4016.7,4027.5,4006.45,4017.3,1893919.0,real_delta_india
2026-07-28T14:30:00+00:00,4017.1,4024.21,4013.7,4019.6,1082021.0,real_delta_india
2026-07-28T15:00:00+00:00,4019.3,4037.1,4017.5,4031.0,1624743.0,real_delta_india
2026-07-28T15:30:00+00:00,4031.0,4042.5,4027.5,4041.9,1547255.0,real_delta_india
2026-07-28T16:00:00+00:00,4041.7,4042.3,4037.0,4037.2,539531.0,real_delta_india
2026-07-28T16:30:00+00:00,4037.2,4038.7,4031.7,4032.6,834891.0,real_delta_india
2026-07-28T17:00:00+00:00,4032.8,4036.4,4030.3,4032.3,732181.0,real_delta_india
2026-07-28T17:30:00+00:00,4032.5,4032.5,4021.1,4023.3,789878.0,real_delta_india
2026-07-28T18:00:00+00:00,4022.9,4025.8,4021.4,4022.5,342098.0,real_delta_india
2026-07-28T18:30:00+00:00,4022.7,4022.7,4017.5,4018.8,469362.0,real_delta_india
2026-07-28T19:00:00+00:00,4018.8,4022.1,4017.9,4019.3,347184.0,real_delta_india
2026-07-28T19:30:00+00:00,4019.7,4024.3,4019.3,4022.1,230653.0,real_delta_india
2026-07-28T20:00:00+00:00,4021.8,4023.5,4018.8,4023.5,108056.0,real_delta_india
2026-07-28T20:30:00+00:00,4023.5,4026.0,4022.6,4024.1,94884.0,real_delta_india
2026-07-28T21:00:00+00:00,4024.1,4025.9,4024.1,4025.9,32961.0,real_delta_india
2026-07-28T21:30:00+00:00,4025.7,4028.1,4025.6,4026.4,47919.0,real_delta_india
2026-07-28T22:00:00+00:00,4025.91,4029.7,4013.7,4016.5,261309.0,real_delta_india
2026-07-28T22:30:00+00:00,4016.3,4016.5,4009.8,4014.7,261026.0,real_delta_india
2026-07-28T23:00:00+00:00,4014.5,4018.7,4011.0,4014.1,202129.0,real_delta_india
2026-07-28T23:30:00+00:00,4015.16,4022.2,4013.8,4020.5,119685.0,real_delta_india
2026-07-29T00:00:00+00:00,4020.5,4026.1,4014.4,4018.5,209447.0,real_delta_india
2026-07-29T00:30:00+00:00,4018.5,4023.4,4016.3,4017.7,153918.0,real_delta_india
2026-07-29T01:00:00+00:00,4017.0,4017.0,4006.2,4014.0,713424.0,real_delta_india
2026-07-29T01:30:00+00:00,4012.65,4026.1,4011.0,4020.7,590126.0,real_delta_india
2026-07-29T02:00:00+00:00,4021.0,4030.9,4018.1,4028.0,641680.0,real_delta_india
2026-07-29T02:30:00+00:00,4028.91,4032.7,4024.0,4025.2,552346.0,real_delta_india
2026-07-29T03:00:00+00:00,4025.2,4027.6,4020.8,4021.9,347802.0,real_delta_india
2026-07-29T03:30:00+00:00,4021.4,4023.91,4018.0,4018.1,298294.0,real_delta_india
2026-07-29T04:00:00+00:00,4018.9,4020.2,4015.5,4018.1,380594.0,real_delta_india
2026-07-29T04:30:00+00:00,4018.2,4023.2,4018.2,4022.2,339637.0,real_delta_india
2026-07-29T05:00:00+00:00,4022.3,4026.7,4021.9,4025.3,352114.0,real_delta_india
2026-07-29T05:30:00+00:00,4026.41,4034.8,4025.7,4029.2,821239.0,real_delta_india
2026-07-29T06:00:00+00:00,4028.3,4037.4,4028.1,4035.3,898775.0,real_delta_india
2026-07-29T06:30:00+00:00,4035.6,4039.2,4034.6,4035.7,622686.0,real_delta_india
2026-07-29T07:00:00+00:00,4035.7,4042.0,4035.7,4039.5,635756.0,real_delta_india
2026-07-29T07:30:00+00:00,4039.7,4041.2,4035.9,4036.7,474032.0,real_delta_india
2026-07-29T08:00:00+00:00,4037.0,4038.0,4028.8,4030.7,767306.0,real_delta_india
2026-07-29T08:30:00+00:00,4030.7,4033.5,4029.5,4031.2,397268.0,real_delta_india
2026-07-29T09:00:00+00:00,4032.0,4032.0,4027.8,4028.5,369960.0,real_delta_india
2026-07-29T09:30:00+00:00,4028.8,4031.2,4026.17,4027.4,583406.0,real_delta_india
2026-07-29T10:00:00+00:00,4027.6,4028.8,4024.4,4027.7,591705.0,real_delta_india
2026-07-29T10:30:00+00:00,4027.6,4029.1,4021.1,4021.73,763669.0,real_delta_india
2026-07-29T11:00:00+00:00,4022.2,4029.5,4020.6,4029.3,823984.0,real_delta_india
2026-07-29T11:30:00+00:00,4029.3,4031.4,4026.1,4028.5,583919.0,real_delta_india
2026-07-29T12:00:00+00:00,4028.9,4029.2,4009.01,4009.6,1956686.0,real_delta_india
2026-07-29T12:30:00+00:00,4009.3,4019.4,4006.0,4018.3,1281176.0,real_delta_india
2026-07-29T13:00:00+00:00,4018.33,4021.6,4010.1,4010.4,1478468.0,real_delta_india
2026-07-29T13:30:00+00:00,4010.6,4015.3,3999.58,4004.9,2343758.0,real_delta_india
2026-07-29T14:00:00+00:00,4004.4,4008.0,3994.5,4003.8,2162929.0,real_delta_india
2026-07-29T14:30:00+00:00,4003.8,4007.9,3997.1,4005.6,1122323.0,real_delta_india
2026-07-29T15:00:00+00:00,4005.6,4010.3,4003.8,4009.4,847042.0,real_delta_india
2026-07-29T15:30:00+00:00,4009.4,4012.6,4006.0,4008.2,807493.0,real_delta_india
2026-07-29T16:00:00+00:00,4008.4,4015.7,4006.8,4014.9,1029703.0,real_delta_india
2026-07-29T16:30:00+00:00,4014.9,4030.1,4012.6,4025.1,1738017.0,real_delta_india
2026-07-29T17:00:00+00:00,4024.9,4045.8,4024.6,4034.0,3182977.0,real_delta_india
2026-07-29T17:30:00+00:00,4033.9,4042.9,4030.8,4039.8,2136693.0,real_delta_india
2026-07-29T18:00:00+00:00,4039.8,4078.7,4038.9,4060.0,6938741.0,real_delta_india
2026-07-29T18:30:00+00:00,4061.0,4099.0,4045.6,4096.9,4717267.0,real_delta_india
2026-07-29T19:00:00+00:00,4097.3,4104.95,4070.3,4073.7,2851284.0,real_delta_india
2026-07-29T19:30:00+00:00,4073.4,4077.0,4037.0,4037.7,2039559.0,real_delta_india
2026-07-29T20:00:00+00:00,4038.5,4048.7,4035.4,4047.3,839209.0,real_delta_india
2026-07-29T20:30:00+00:00,4047.6,4061.6,4046.3,4059.9,743429.0,real_delta_india
2026-07-29T21:00:00+00:00,4060.1,4060.1,4053.5,4055.5,166217.0,real_delta_india
2026-07-29T21:30:00+00:00,4055.92,4057.0,4055.5,4056.0,37828.0,real_delta_india
2026-07-29T22:00:00+00:00,4057.32,4069.4,4057.1,4068.1,268802.0,real_delta_india
2026-07-29T22:30:00+00:00,4068.0,4081.3,4065.4,4079.8,197605.0,real_delta_india
2026-07-29T23:00:00+00:00,4079.9,4090.4,4079.9,4083.0,367017.0,real_delta_india
2026-07-29T23:30:00+00:00,4083.6,4085.89,4076.3,4076.4,305037.0,real_delta_india
2026-07-30T00:00:00+00:00,4077.0,4078.8,4066.06,4067.9,306860.0,real_delta_india
2026-07-30T00:30:00+00:00,4068.3,4069.5,4058.3,4064.2,333096.0,real_delta_india
2026-07-30T01:00:00+00:00,4064.1,4083.4,4063.2,4073.6,728425.0,real_delta_india
2026-07-30T01:30:00+00:00,4073.8,4082.0,4073.0,4076.37,441407.0,real_delta_india
2026-07-30T02:00:00+00:00,4076.3,4081.0,4071.5,4074.9,452357.0,real_delta_india
2026-07-30T02:30:00+00:00,4074.6,4074.9,4056.5,4057.2,661706.0,real_delta_india
2026-07-30T03:00:00+00:00,4057.5,4063.9,4047.9,4048.7,1029840.0,real_delta_india
2026-07-30T03:30:00+00:00,4048.9,4054.2,4045.9,4053.6,596292.0,real_delta_india
2026-07-30T04:00:00+00:00,4053.4,4054.5,4046.3,4048.9,363895.0,real_delta_india
2026-07-30T04:30:00+00:00,4048.9,4048.9,4040.96,4042.5,531914.0,real_delta_india
2026-07-30T05:00:00+00:00,4042.1,4044.2,4034.3,4043.7,1199460.0,real_delta_india
2026-07-30T05:30:00+00:00,4043.7,4048.9,4025.7,4031.4,1860996.0,real_delta_india
2026-07-30T06:00:00+00:00,4032.3,4036.5,4027.9,4030.8,772944.0,real_delta_india
2026-07-30T06:30:00+00:00,4030.8,4037.5,4028.8,4033.3,504291.0,real_delta_india
2026-07-30T07:00:00+00:00,4033.2,4047.0,4032.6,4043.0,1224573.0,real_delta_india
2026-07-30T07:30:00+00:00,4042.8,4043.8,4033.8,4035.8,907606.0,real_delta_india
2026-07-30T08:00:00+00:00,4036.1,4062.8,4034.3,4059.4,1797383.0,real_delta_india
2026-07-30T08:30:00+00:00,4059.4,4066.6,4054.2,4055.6,1511673.0,real_delta_india
2026-07-30T09:00:00+00:00,4055.7,4065.6,4054.0,4061.4,963753.0,real_delta_india
2026-07-30T09:30:00+00:00,4061.6,4067.3,4054.8,4057.9,1037387.0,real_delta_india
2026-07-30T10:00:00+00:00,4057.9,4071.3,4057.5,4070.6,1263449.0,real_delta_india
2026-07-30T10:30:00+00:00,4070.6,4077.0,4070.2,4071.0,934320.0,real_delta_india
2026-07-30T11:00:00+00:00,4070.7,4075.8,4069.5,4070.3,701311.0,real_delta_india
2026-07-30T11:30:00+00:00,4070.5,4074.2,4068.8,4071.8,733389.0,real_delta_india
2026-07-30T12:00:00+00:00,4072.1,4075.9,4065.0,4071.5,1941861.0,real_delta_india
2026-07-30T12:30:00+00:00,4072.6,4080.6,4061.3,4063.9,2410865.0,real_delta_india
2026-07-30T13:00:00+00:00,4063.56,4076.7,4059.5,4073.0,1864671.0,real_delta_india
2026-07-30T13:30:00+00:00,4072.4,4101.6,4068.2,4101.5,3178758.0,real_delta_india
2026-07-30T14:00:00+00:00,4101.1,4109.0,4078.0,4086.4,3339089.0,real_delta_india
2026-07-30T14:30:00+00:00,4086.5,4101.9,4085.6,4090.4,1970936.0,real_delta_india
2026-07-30T15:00:00+00:00,4090.2,4090.5,4074.2,4085.6,1675883.0,real_delta_india
2026-07-30T15:30:00+00:00,4085.1,4099.8,4082.1,4096.7,1201297.0,real_delta_india
2026-07-30T16:00:00+00:00,4096.8,4107.3,4096.3,4103.8,1855006.0,real_delta_india
2026-07-30T16:30:00+00:00,4103.8,4104.0,4093.7,4097.8,1557944.0,real_delta_india
2026-07-30T17:00:00+00:00,4097.88,4098.2,4087.5,4090.9,1130514.0,real_delta_india
2026-07-30T17:30:00+00:00,4090.1,4096.8,4089.1,4091.8,868749.0,real_delta_india
2026-07-30T18:00:00+00:00,4091.7,4095.5,4089.7,4092.1,531278.0,real_delta_india
2026-07-30T18:30:00+00:00,4092.5,4097.1,4088.1,4088.6,371372.0,real_delta_india
2026-07-30T19:00:00+00:00,4088.9,4103.7,4088.0,4101.9,723319.0,real_delta_india
2026-07-30T19:30:00+00:00,4101.2,4103.1,4097.5,4100.5,302564.0,real_delta_india
2026-07-30T20:00:00+00:00,4099.8,4105.6,4098.6,4099.9,257684.0,real_delta_india
2026-07-30T20:30:00+00:00,4100.4,4100.4,4089.2,4093.6,372372.0,real_delta_india
2026-07-30T21:00:00+00:00,4093.8,4096.5,4093.1,4093.25,105106.0,real_delta_india
2026-07-30T21:30:00+00:00,4093.5,4097.6,4091.7,4097.3,61790.0,real_delta_india
2026-07-30T22:00:00+00:00,4097.3,4097.3,4092.9,4096.5,65301.0,real_delta_india
2026-07-30T22:30:00+00:00,4096.5,4099.2,4096.4,4098.3,86642.0,real_delta_india
2026-07-30T23:00:00+00:00,4098.7,4100.5,4093.7,4094.8,100687.0,real_delta_india
2026-07-30T23:30:00+00:00,4094.5,4098.3,4092.5,4094.6,121497.0,real_delta_india
2026-07-31T00:00:00+00:00,4095.2,4095.2,4084.3,4085.1,582022.0,real_delta_india
2026-07-31T00:30:00+00:00,4084.9,4087.0,4080.0,4085.9,424246.0,real_delta_india
2026-07-31T01:00:00+00:00,4086.2,4091.7,4078.1,4082.5,780546.0,real_delta_india
2026-07-31T01:30:00+00:00,4082.8,4082.9,4072.9,4075.7,621686.0,real_delta_india
2026-07-31T02:00:00+00:00,4075.6,4081.2,4072.5,4073.6,629462.0,real_delta_india
2026-07-31T02:30:00+00:00,4073.6,4075.6,4066.7,4068.2,761697.0,real_delta_india
2026-07-31T03:00:00+00:00,4068.0,4068.5,4064.95,4068.1,568073.0,real_delta_india
2026-07-31T03:30:00+00:00,4068.1,4071.8,4067.1,4067.6,601227.0,real_delta_india
2026-07-31T04:00:00+00:00,4067.8,4074.1,4066.5,4073.8,594885.0,real_delta_india
2026-07-31T04:30:00+00:00,4073.8,4075.5,4068.1,4074.1,771909.0,real_delta_india
2026-07-31T05:00:00+00:00,4074.0,4084.5,4073.1,4083.0,1470871.0,real_delta_india
2026-07-31T05:30:00+00:00,4083.0,4083.2,4075.0,4075.8,571193.0,real_delta_india
2026-07-31T06:00:00+00:00,4075.6,4088.0,4073.7,4086.1,1382939.0,real_delta_india
2026-07-31T06:30:00+00:00,4086.1,4086.2,4077.7,4079.53,735865.0,real_delta_india
2026-07-31T07:00:00+00:00,4079.2,4079.6,4073.6,4074.4,701281.0,real_delta_india
2026-07-31T07:30:00+00:00,4074.4,4074.4,4066.2,4066.9,1437849.0,real_delta_india
2026-07-31T08:00:00+00:00,4066.8,4069.0,4060.7,4061.1,1670194.0,real_delta_india
2026-07-31T08:30:00+00:00,4060.7,4066.8,4056.5,4063.7,1305123.0,real_delta_india
2026-07-31T09:00:00+00:00,4064.2,4066.2,4055.2,4056.4,864390.0,real_delta_india
2026-07-31T09:30:00+00:00,4056.2,4061.8,4054.2,4058.9,895454.0,real_delta_india
2026-07-31T10:00:00+00:00,4059.1,4063.0,4056.3,4057.6,582236.0,real_delta_india
2026-07-31T10:30:00+00:00,4057.8,4061.6,4057.6,4059.5,363950.0,real_delta_india
2026-07-31T11:00:00+00:00,4059.4,4065.7,4056.9,4062.9,835408.0,real_delta_india
2026-07-31T11:30:00+00:00,4063.4,4063.5,4055.3,4058.5,1005804.0,real_delta_india
2026-07-31T12:00:00+00:00,4058.7,4063.7,4051.7,4052.3,1108624.0,real_delta_india
2026-07-31T12:30:00+00:00,4052.1,4056.4,4046.0,4046.3,2268252.0,real_delta_india
2026-07-31T13:00:00+00:00,4046.0,4052.5,4040.4,4049.2,1985909.0,real_delta_india
2026-07-31T13:30:00+00:00,4049.0,4050.4,4029.0,4032.7,2913911.0,real_delta_india
2026-07-31T14:00:00+00:00,4032.6,4049.8,4028.4,4047.6,1963414.0,real_delta_india
2026-07-31T14:30:00+00:00,4047.8,4056.8,4045.3,4055.7,1654601.0,real_delta_india
2026-07-31T15:00:00+00:00,4055.5,4058.3,4045.8,4046.7,1766872.0,real_delta_india
2026-07-31T15:30:00+00:00,4046.7,4052.6,4042.36,4051.4,1447685.0,real_delta_india
2026-07-31T16:00:00+00:00,4051.4,4054.3,4046.9,4053.7,1061535.0,real_delta_india
2026-07-31T16:30:00+00:00,4053.4,4055.8,4047.1,4049.4,1123315.0,real_delta_india
2026-07-31T17:00:00+00:00,4049.2,4059.6,4047.1,4056.0,805915.0,real_delta_india
2026-07-31T17:30:00+00:00,4056.7,4059.4,4052.9,4058.5,1102266.0,real_delta_india
2026-07-31T18:00:00+00:00,4058.7,4059.5,4050.8,4055.1,790240.0,real_delta_india
2026-07-31T18:30:00+00:00,4054.9,4055.9,4052.0,4055.1,346762.0,real_delta_india
2026-07-31T19:00:00+00:00,4055.1,4057.2,4051.0,4054.2,480124.0,real_delta_india
2026-07-31T19:30:00+00:00,4054.6,4060.9,4053.1,4054.6,508960.0,real_delta_india
2026-07-31T20:00:00+00:00,4055.7,4056.4,4050.3,4052.4,245101.0,real_delta_india
2026-07-31T20:30:00+00:00,4052.7,4056.8,4047.2,4047.8,139335.0,real_delta_india
2026-07-31T21:00:00+00:00,4048.3,4051.6,4048.2,4049.6,86552.0,real_delta_india
2026-07-31T21:30:00+00:00,4050.0,4054.7,4050.0,4050.5,25666.0,real_delta_india
2026-07-31T22:00:00+00:00,4050.4,4053.7,4050.4,4053.5,16961.0,real_delta_india
2026-07-31T22:30:00+00:00,4053.7,4054.8,4053.4,4054.1,8413.0,real_delta_india
2026-07-31T23:00:00+00:00,4054.1,4054.5,4053.1,4053.1,31224.0,real_delta_india
2026-07-31T23:30:00+00:00,4053.3,4053.5,4052.5,4053.0,33046.0,real_delta_india
2026-08-01T00:00:00+00:00,4052.8,4053.3,4051.9,4051.9,24850.0,real_delta_india
2026-08-01T00:30:00+00:00,4051.8,4052.4,4050.4,4052.0,85536.0,real_delta_india
2026-08-01T01:00:00+00:00,4052.2,4052.5,4050.3,4051.5,29972.0,real_delta_india
2026-08-01T01:30:00+00:00,4051.32,4051.5,4050.3,4051.2,20228.0,real_delta_india
2026-08-01T02:00:00+00:00,4051.0,4053.4,4050.5,4052.6,69411.0,real_delta_india
2026-08-01T02:30:00+00:00,4052.8,4053.2,4052.4,4053.0,86130.0,real_delta_india
2026-08-01T03:00:00+00:00,4053.0,4053.0,4051.4,4051.8,28318.0,real_delta_india
2026-08-01T03:30:00+00:00,4051.6,4051.8,4050.5,4051.0,70510.0,real_delta_india
2026-08-01T04:00:00+00:00,4051.0,4051.3,4049.6,4050.1,113340.0,real_delta_india
2026-08-01T04:30:00+00:00,4050.1,4052.3,4050.0,4052.1,69500.0,real_delta_india
2026-08-01T05:00:00+00:00,4052.1,4052.8,4051.4,4052.2,100141.0,real_delta_india
2026-08-01T05:30:00+00:00,4052.2,4052.2,4051.6,4051.7,12640.0,real_delta_india
2026-08-01T06:00:00+00:00,4051.9,4052.0,4051.2,4051.3,34673.0,real_delta_india
2026-08-01T06:30:00+00:00,4051.3,4051.6,4050.8,4051.3,56092.0,real_delta_india
2026-08-01T07:00:00+00:00,4051.3,4052.0,4051.1,4052.0,12788.0,real_delta_india
2026-08-01T07:30:00+00:00,4052.0,4052.0,4051.7,4052.0,16708.0,real_delta_india
2026-08-01T08:00:00+00:00,4051.9,4052.8,4051.5,4052.6,46950.0,real_delta_india
2026-08-01T08:30:00+00:00,4052.4,4053.3,4052.4,4053.2,23429.0,real_delta_india
2026-08-01T09:00:00+00:00,4053.0,4053.9,4052.8,4053.4,67843.0,real_delta_india
2026-08-01T09:30:00+00:00,4053.4,4053.8,4053.0,4053.0,72489.0,real_delta_india
2026-08-01T10:00:00+00:00,4053.3,4053.3,4051.5,4051.9,33719.0,real_delta_india
2026-08-01T10:30:00+00:00,4051.7,4051.9,4051.1,4051.6,30560.0,real_delta_india
2026-08-01T11:00:00+00:00,4051.6,4051.9,4051.5,4051.8,40233.0,real_delta_india
2026-08-01T11:30:00+00:00,4051.6,4052.4,4051.5,4052.2,10965.0,real_delta_india
2026-08-01T12:00:00+00:00,4052.5,4052.8,4052.1,4052.3,29618.0,real_delta_india
2026-08-01T12:30:00+00:00,4052.3,4053.0,4052.0,4053.0,23167.0,real_delta_india
2026-08-01T13:00:00+00:00,4053.0,4053.5,4052.98,4053.2,17247.0,real_delta_india
2026-08-01T13:30:00+00:00,4053.4,4053.4,4051.6,4052.2,20685.0,real_delta_india
2026-08-01T14:00:00+00:00,4052.0,4052.4,4052.0,4052.0,26895.0,real_delta_india
2026-08-01T14:30:00+00:00,4052.0,4052.3,4051.5,4052.2,31107.0,real_delta_india
2026-08-01T15:00:00+00:00,4052.02,4052.2,4051.3,4051.4,14523.0,real_delta_india
2026-08-01T15:30:00+00:00,4051.4,4051.7,4050.6,4050.7,58675.0,real_delta_india
2026-08-01T16:00:00+00:00,4050.7,4050.9,4049.7,4050.8,91704.0,real_delta_india
2026-08-01T16:30:00+00:00,4050.8,4051.3,4048.0,4048.1,82627.0,real_delta_india
2026-08-01T17:00:00+00:00,4048.1,4049.0,4047.0,4047.4,118236.0,real_delta_india
2026-08-01T17:30:00+00:00,4047.5,4047.8,4046.6,4047.3,104379.0,real_delta_india
2026-08-01T18:00:00+00:00,4047.2,4047.2,4045.0,4045.3,84465.0,real_delta_india
2026-08-01T18:30:00+00:00,4045.5,4045.5,4042.3,4044.8,196610.0,real_delta_india
2026-08-01T19:00:00+00:00,4043.9,4053.7,4043.6,4052.2,315237.0,real_delta_india
2026-08-01T19:30:00+00:00,4052.2,4054.8,4051.9,4053.7,72792.0,real_delta_india
2026-08-01T20:00:00+00:00,4053.8,4055.4,4052.6,4053.3,151694.0,real_delta_india
2026-08-01T20:30:00+00:00,4053.3,4054.3,4051.5,4054.3,34984.0,real_delta_india
2026-08-01T21:00:00+00:00,4054.0,4055.9,4053.4,4053.5,56026.0,real_delta_india
2026-08-01T21:30:00+00:00,4054.2,4055.0,4053.8,4054.6,24531.0,real_delta_india
2026-08-01T22:00:00+00:00,4054.59,4055.1,4054.4,4055.1,8469.0,real_delta_india
2026-08-01T22:30:00+00:00,4054.8,4055.6,4054.4,4054.6,29060.0,real_delta_india
2026-08-01T23:00:00+00:00,4054.6,4054.7,4053.5,4054.0,26617.0,real_delta_india
2026-08-01T23:30:00+00:00,4054.2,4054.2,4053.3,4053.3,10862.0,real_delta_india
2026-08-02T00:00:00+00:00,4053.6,4057.4,4053.4,4057.0,91388.0,real_delta_india
2026-08-02T00:30:00+00:00,4056.7,4057.1,4055.2,4055.6,41681.0,real_delta_india
2026-08-02T01:00:00+00:00,4055.4,4059.2,4055.4,4058.7,83299.0,real_delta_india
2026-08-02T01:30:00+00:00,4058.9,4059.6,4058.2,4058.8,81899.0,real_delta_india
2026-08-02T02:00:00+00:00,4058.6,4062.2,4058.2,4061.8,229567.0,real_delta_india
2026-08-02T02:30:00+00:00,4061.6,4062.9,4061.3,4062.7,110741.0,real_delta_india
2026-08-02T03:00:00+00:00,4062.5,4065.5,4062.2,4065.2,228498.0,real_delta_india
2026-08-02T03:30:00+00:00,4065.4,4065.5,4063.56,4064.1,122982.0,real_delta_india
2026-08-02T04:00:00+00:00,4064.1,4068.0,4063.9,4066.8,356593.0,real_delta_india
2026-08-02T04:30:00+00:00,4066.8,4067.0,4064.6,4066.5,81746.0,real_delta_india
2026-08-02T05:00:00+00:00,4066.3,4066.7,4064.9,4066.0,108363.0,real_delta_india
2026-08-02T05:30:00+00:00,4066.4,4067.2,4065.2,4065.6,103602.0,real_delta_india
2026-08-02T06:00:00+00:00,4065.6,4065.9,4064.6,4064.9,63050.0,real_delta_india
2026-08-02T06:30:00+00:00,4065.0,4066.2,4065.0,4066.1,74964.0,real_delta_india
2026-08-02T07:00:00+00:00,4065.6,4066.4,4064.3,4065.4,82625.0,real_delta_india
2026-08-02T07:30:00+00:00,4065.6,4065.7,4064.0,4064.3,79695.0,real_delta_india
2026-08-02T08:00:00+00:00,4064.3,4065.0,4063.7,4063.9,51962.0,real_delta_india
2026-08-02T08:30:00+00:00,4063.9,4064.2,4063.1,4063.5,92518.0,real_delta_india
2026-08-02T09:00:00+00:00,4063.8,4064.4,4063.3,4064.1,59282.0,real_delta_india
2026-08-02T09:30:00+00:00,4064.1,4064.9,4063.8,4064.62,47197.0,real_delta_india
2026-08-02T10:00:00+00:00,4064.8,4064.9,4064.5,4064.8,22573.0,real_delta_india
2026-08-02T10:30:00+00:00,4064.8,4064.8,4064.1,4064.6,38350.0,real_delta_india
2026-08-02T11:00:00+00:00,4064.59,4065.5,4064.0,4064.9,75755.0,real_delta_india
2026-08-02T11:30:00+00:00,4065.1,4065.2,4063.6,4064.1,54785.0,real_delta_india
2026-08-02T12:00:00+00:00,4064.1,4065.0,4063.7,4064.5,73354.0,real_delta_india
2026-08-02T12:30:00+00:00,4064.53,4065.6,4064.5,4065.17,30377.0,real_delta_india
2026-08-02T13:00:00+00:00,4065.17,4065.8,4064.7,4065.2,91153.0,real_delta_india
2026-08-02T13:30:00+00:00,4065.24,4065.5,4064.9,4065.19,74940.0,real_delta_india
2026-08-02T14:00:00+00:00,4065.19,4065.4,4060.7,4062.1,276938.0,real_delta_india
2026-08-02T14:30:00+00:00,4062.1,4067.6,4062.1,4066.0,240800.0,real_delta_india
2026-08-02T15:00:00+00:00,4066.0,4066.0,4064.4,4065.2,73901.0,real_delta_india
2026-08-02T15:30:00+00:00,4065.0,4066.2,4064.4,4066.0,99006.0,real_delta_india
2026-08-02T16:00:00+00:00,4065.8,4067.1,4065.8,4066.0,130287.0,real_delta_india
2026-08-02T16:30:00+00:00,4066.1,4069.5,4066.0,4068.2,202926.0,real_delta_india
2026-08-02T17:00:00+00:00,4068.4,4069.2,4066.5,4067.2,192150.0,real_delta_india
2026-08-02T17:30:00+00:00,4067.2,4074.6,4066.7,4072.9,386943.0,real_delta_india
2026-08-02T18:00:00+00:00,4072.6,4073.1,4070.5,4071.4,144900.0,real_delta_india
2026-08-02T18:30:00+00:00,4072.1,4074.1,4071.1,4071.2,126462.0,real_delta_india
2026-08-02T19:00:00+00:00,4071.8,4072.0,4069.3,4070.05,101579.0,real_delta_india
2026-08-02T19:30:00+00:00,4070.1,4073.5,4069.4,4071.04,72063.0,real_delta_india
2026-08-02T20:00:00+00:00,4071.04,4073.1,4070.8,4073.1,48955.0,real_delta_india
2026-08-02T20:30:00+00:00,4073.3,4076.3,4071.0,4073.1,161394.0,real_delta_india
2026-08-02T21:00:00+00:00,4073.1,4075.1,4070.8,4073.9,74442.0,real_delta_india
2026-08-02T21:30:00+00:00,4073.9,4080.6,4073.9,4078.5,202564.0,real_delta_india
2026-08-02T22:00:00+00:00,4078.5,4086.8,4068.5,4070.7,677854.0,real_delta_india
2026-08-02T22:30:00+00:00,4070.7,4072.4,4067.1,4067.5,159010.0,real_delta_india
2026-08-02T23:00:00+00:00,4067.6,4076.0,4066.7,4075.8,199476.0,real_delta_india
2026-08-02T23:30:00+00:00,4075.6,4077.9,4071.4,4077.6,181930.0,real_delta_india
2026-08-03T00:00:00+00:00,4077.8,4081.2,4065.1,4067.9,584099.0,real_delta_india
2026-08-03T00:30:00+00:00,4067.6,4072.3,4059.0,4060.1,592473.0,real_delta_india
2026-08-03T01:00:00+00:00,4060.1,4066.1,4051.3,4056.7,863815.0,real_delta_india
2026-08-03T01:30:00+00:00,4056.9,4060.7,4051.9,4059.8,596863.0,real_delta_india
2026-08-03T02:00:00+00:00,4060.4,4063.4,4055.2,4060.7,534764.0,real_delta_india
2026-08-03T02:30:00+00:00,4061.0,4069.0,4055.5,4065.0,624143.0,real_delta_india
2026-08-03T03:00:00+00:00,4065.2,4070.1,4064.0,4065.2,582837.0,real_delta_india
2026-08-03T03:30:00+00:00,4065.5,4068.4,4061.0,4066.6,563247.0,real_delta_india
2026-08-03T04:00:00+00:00,4066.76,4072.1,4066.2,4070.2,655563.0,real_delta_india
2026-08-03T04:30:00+00:00,4070.4,4073.2,4065.0,4065.2,570853.0,real_delta_india
2026-08-03T05:00:00+00:00,4065.2,4066.4,4056.04,4061.8,1150126.0,real_delta_india
2026-08-03T05:30:00+00:00,4061.16,4070.7,4056.2,4069.7,1137730.0,real_delta_india
2026-08-03T06:00:00+00:00,4069.9,4072.4,4066.4,4069.7,926398.0,real_delta_india
2026-08-03T06:30:00+00:00,4069.4,4069.6,4063.0,4064.81,672613.0,real_delta_india
2026-08-03T07:00:00+00:00,4064.0,4066.1,4054.4,4060.26,1052874.0,real_delta_india
2026-08-03T07:30:00+00:00,4060.26,4065.0,4058.9,4063.1,624650.0,real_delta_india
2026-08-03T08:00:00+00:00,4063.3,4064.0,4055.5,4057.2,534597.0,real_delta_india
2026-08-03T08:30:00+00:00,4057.3,4062.6,4055.8,4061.0,397473.0,real_delta_india
2026-08-03T09:00:00+00:00,4061.2,4063.9,4054.8,4055.8,495385.0,real_delta_india
2026-08-03T09:30:00+00:00,4055.9,4061.2,4049.9,4058.1,1204440.0,real_delta_india
2026-08-03T10:00:00+00:00,4058.1,4059.1,4054.8,4056.0,489041.0,real_delta_india
2026-08-03T10:30:00+00:00,4056.0,4056.8,4049.6,4053.19,602459.0,real_delta_india
2026-08-03T11:00:00+00:00,4053.19,4056.1,4049.7,4052.3,460454.0,real_delta_india
2026-08-03T11:30:00+00:00,4052.3,4066.6,4052.0,4064.9,1267622.0,real_delta_india
2026-08-03T12:00:00+00:00,4064.8,4067.0,4052.5,4054.4,1447024.0,real_delta_india
2026-08-03T12:30:00+00:00,4054.8,4056.4,4046.0,4052.5,1925870.0,real_delta_india
2026-08-03T13:00:00+00:00,4052.8,4057.5,4036.3,4038.0,2769145.0,real_delta_india
2026-08-03T13:30:00+00:00,4038.54,4041.2,4025.4,4039.2,2570103.0,real_delta_india
2026-08-03T14:00:00+00:00,4039.1,4043.7,4034.1,4039.7,1501041.0,real_delta_india
2026-08-03T14:30:00+00:00,4039.7,4047.0,4039.0,4043.9,968446.0,real_delta_india
2026-08-03T15:00:00+00:00,4043.9,4045.6,4037.6,4040.1,1146429.0,real_delta_india
2026-08-03T15:30:00+00:00,4040.6,4048.13,4038.3,4043.5,730461.0,real_delta_india
2026-08-03T16:00:00+00:00,4043.7,4046.0,4041.4,4045.0,509585.0,real_delta_india
2026-08-03T16:30:00+00:00,4044.9,4046.0,4042.9,4044.6,346874.0,real_delta_india
2026-08-03T17:00:00+00:00,4044.6,4044.8,4040.3,4041.9,523328.0,real_delta_india
2026-08-03T17:30:00+00:00,4041.9,4044.0,4037.58,4037.8,481375.0,real_delta_india
2026-08-03T18:00:00+00:00,4038.0,4046.3,4036.4,4045.1,597109.0,real_delta_india
2026-08-03T18:30:00+00:00,4045.1,4051.5,4044.2,4050.8,590996.0,real_delta_india
2026-08-03T19:00:00+00:00,4051.0,4060.1,4051.0,4058.2,701117.0,real_delta_india
2026-08-03T19:30:00+00:00,4058.2,4061.5,4056.5,4057.2,412054.0,real_delta_india
2026-08-03T20:00:00+00:00,4056.8,4060.8,4055.1,4058.5,231541.0,real_delta_india
2026-08-03T20:30:00+00:00,4059.2,4063.0,4058.6,4060.0,236174.0,real_delta_india
2026-08-03T21:00:00+00:00,4059.9,4059.9,4056.5,4057.8,68229.0,real_delta_india
2026-08-03T21:30:00+00:00,4057.8,4058.6,4057.4,4058.2,53708.0,real_delta_india
2026-08-03T22:00:00+00:00,4058.1,4058.1,4053.5,4056.2,208472.0,real_delta_india
2026-08-03T22:30:00+00:00,4056.2,4058.0,4055.6,4056.7,57695.0,real_delta_india
2026-08-03T23:00:00+00:00,4056.7,4059.0,4054.0,4055.3,117904.0,real_delta_india
2026-08-03T23:30:00+00:00,4055.3,4057.2,4054.6,4056.5,107614.0,real_delta_india
2026-08-04T00:00:00+00:00,4057.21,4072.9,4057.21,4062.5,878458.0,real_delta_india
2026-08-04T00:30:00+00:00,4062.3,4063.7,4051.2,4051.2,504372.0,real_delta_india
2026-08-04T01:00:00+00:00,4051.3,4055.0,4048.0,4051.1,559232.0,real_delta_india
2026-08-04T01:30:00+00:00,4051.9,4065.0,4051.0,4061.6,681840.0,real_delta_india
2026-08-04T02:00:00+00:00,4061.6,4063.2,4058.3,4059.3,314433.0,real_delta_india
2026-08-04T02:30:00+00:00,4058.43,4066.7,4057.2,4060.6,575055.0,real_delta_india
2026-08-04T03:00:00+00:00,4060.6,4063.1,4058.9,4060.0,365856.0,real_delta_india
2026-08-04T03:30:00+00:00,4059.9,4060.3,4054.2,4054.6,493533.0,real_delta_india
2026-08-04T04:00:00+00:00,4054.6,4063.0,4054.0,4063.0,514242.0,real_delta_india
2026-08-04T04:30:00+00:00,4063.0,4067.4,4062.4,4065.2,688178.0,real_delta_india
2026-08-04T05:00:00+00:00,4065.4,4066.0,4058.6,4065.5,586461.0,real_delta_india
2026-08-04T05:30:00+00:00,4065.5,4069.0,4060.3,4063.0,875316.0,real_delta_india
2026-08-04T06:00:00+00:00,4063.0,4067.0,4061.3,4061.3,387663.0,real_delta_india
2026-08-04T06:30:00+00:00,4061.8,4065.5,4057.7,4065.3,748436.0,real_delta_india
2026-08-04T07:00:00+00:00,4065.3,4067.06,4062.0,4064.4,708985.0,real_delta_india
2026-08-04T07:30:00+00:00,4064.7,4068.0,4063.0,4066.2,315420.0,real_delta_india
2026-08-04T08:00:00+00:00,4066.4,4073.3,4062.0,4064.1,1123430.0,real_delta_india
2026-08-04T08:30:00+00:00,4064.1,4066.1,4053.9,4057.79,894085.0,real_delta_india
2026-08-04T09:00:00+00:00,4057.79,4057.8,4046.5,4053.4,1133165.0,real_delta_india
2026-08-04T09:30:00+00:00,4052.0,4054.0,4046.5,4051.94,370897.0,real_delta_india
2026-08-04T10:00:00+00:00,4049.11,4053.0,4048.0,4052.7,235647.0,real_delta_india
2026-08-04T10:30:00+00:00,4052.5,4063.9,4050.0,4054.4,681852.0,real_delta_india
2026-08-04T11:00:00+00:00,4054.4,4063.4,4051.8,4062.0,501573.0,real_delta_india
2026-08-04T11:30:00+00:00,4062.0,4084.0,4059.0,4071.8,2156097.0,real_delta_india
2026-08-04T12:00:00+00:00,4073.0,4074.0,4060.0,4066.4,1027977.0,real_delta_india
2026-08-04T12:30:00+00:00,4066.4,4084.1,4066.4,4072.2,1134697.0,real_delta_india
2026-08-04T13:00:00+00:00,4072.6,4089.4,4060.01,4078.5,1343363.0,real_delta_india
2026-08-04T13:30:00+00:00,4077.8,4090.0,4072.1,4080.0,1355284.0,real_delta_india
2026-08-04T14:00:00+00:00,4083.0,4088.5,4075.4,4080.01,817196.0,real_delta_india
2026-08-04T14:30:00+00:00,4082.5,4084.2,4070.4,4083.1,756197.0,real_delta_india
2026-08-04T15:00:00+00:00,4078.9,4083.1,4072.0,4073.41,344314.0,real_delta_india
2026-08-04T15:30:00+00:00,4075.0,4085.0,4072.2,4082.0,519284.0,real_delta_india
2026-08-04T16:00:00+00:00,4082.0,4088.8,4078.5,4086.8,464628.0,real_delta_india
2026-08-04T16:30:00+00:00,4086.6,4090.0,4079.7,4086.9,691792.0,real_delta_india
2026-08-04T17:00:00+00:00,4087.37,4102.2,4086.9,4088.0,1393905.0,real_delta_india
2026-08-04T17:30:00+00:00,4091.4,4093.7,4080.12,4080.12,605904.0,real_delta_india
2026-08-04T18:00:00+00:00,4080.12,4086.2,4078.8,4080.01,499517.0,real_delta_india
2026-08-04T18:30:00+00:00,4080.01,4083.3,4072.0,4075.11,564268.0,real_delta_india
2026-08-04T19:00:00+00:00,4076.1,4082.6,4074.01,4078.3,176267.0,real_delta_india
2026-08-04T19:30:00+00:00,4075.03,4079.4,4074.0,4075.0,67794.0,real_delta_india
2026-08-04T20:00:00+00:00,4075.0,4078.39,4073.2,4073.2,51619.0,real_delta_india
2026-08-04T20:30:00+00:00,4073.2,4077.2,4073.2,4073.99,79831.0,real_delta_india
2026-08-04T21:00:00+00:00,4076.9,4082.7,4074.9,4079.16,45680.0,real_delta_india
2026-08-04T21:30:00+00:00,4079.16,4083.79,4077.8,4078.5,50898.0,real_delta_india
2026-08-04T22:00:00+00:00,4076.85,4079.4,4072.4,4076.2,27853.0,real_delta_india
2026-08-04T22:30:00+00:00,4076.3,4083.5,4072.77,4072.77,109848.0,real_delta_india
2026-08-04T23:00:00+00:00,4072.77,4074.8,4061.7,4067.0,347153.0,real_delta_india
2026-08-04T23:30:00+00:00,4065.0,4071.0,4062.8,4068.1,136370.0,real_delta_india
2026-08-05T00:00:00+00:00,4068.2,4077.8,4066.2,4077.6,183611.0,real_delta_india
2026-08-05T00:30:00+00:00,4078.26,4081.3,4072.7,4076.4,213004.0,real_delta_india
2026-08-05T01:00:00+00:00,4076.34,4085.5,4072.5,4078.5,291398.0,real_delta_india
2026-08-05T01:30:00+00:00,4081.8,4099.9,4075.3,4095.3,494151.0,real_delta_india
2026-08-05T02:00:00+00:00,4097.0,4105.8,4089.3,4096.6,632982.0,real_delta_india
2026-08-05T02:30:00+00:00,4096.65,4130.0,4096.5,4120.3,1635904.0,real_delta_india
2026-08-05T03:00:00+00:00,4123.0,4127.5,4118.4,4120.8,571394.0,real_delta_india
2026-08-05T03:30:00+00:00,4120.3,4123.0,4116.7,4120.52,428945.0,real_delta_india
2026-08-05T04:00:00+00:00,4120.52,4134.8,4117.7,4128.8,1035160.0,real_delta_india
2026-08-05T04:30:00+00:00,4129.92,4130.68,4124.0,4130.5,379683.0,real_delta_india
2026-08-05T05:00:00+00:00,4130.5,4137.0,4126.71,4133.48,375324.0,real_delta_india
2026-08-05T05:30:00+00:00,4132.0,4165.4,4131.3,4149.9,2006092.0,real_delta_india
2026-08-05T06:00:00+00:00,4149.8,4166.8,4149.3,4155.9,989549.0,real_delta_india
2026-08-05T06:30:00+00:00,4157.96,4170.0,4156.0,4164.5,770732.0,real_delta_india
2026-08-05T07:00:00+00:00,4167.28,4167.28,4151.1,4151.9,665478.0,real_delta_india
2026-08-05T07:30:00+00:00,4151.9,4164.2,4150.9,4163.5,566885.0,real_delta_india
2026-08-05T08:00:00+00:00,4163.0,4164.3,4150.2,4155.4,291097.0,real_delta_india
2026-08-05T08:30:00+00:00,4155.4,4158.2,4148.48,4152.85,558966.0,real_delta_india
2026-08-05T09:00:00+00:00,4150.6,4159.2,4143.6,4148.0,709648.0,real_delta_india
2026-08-05T09:30:00+00:00,4148.0,4152.4,4142.2,4151.1,356684.0,real_delta_india
2026-08-05T10:00:00+00:00,4151.09,4151.5,4138.5,4149.3,537156.0,real_delta_india
2026-08-05T10:30:00+00:00,4148.01,4155.4,4143.1,4155.3,508664.0,real_delta_india
2026-08-05T11:00:00+00:00,4155.3,4172.9,4151.0,4167.0,1329707.0,real_delta_india
2026-08-05T11:30:00+00:00,4167.0,4182.2,4163.0,4179.04,1507111.0,real_delta_india
2026-08-05T12:00:00+00:00,4179.04,4206.0,4178.1,4194.1,2045097.0,real_delta_india
2026-08-05T12:30:00+00:00,4194.2,4198.0,4171.8,4172.6,2021959.0,real_delta_india
2026-08-05T13:00:00+00:00,4172.7,4188.0,4172.7,4187.4,1650649.0,real_delta_india
2026-08-05T13:30:00+00:00,4187.39,4196.7,4179.1,4196.2,1933291.0,real_delta_india
2026-08-05T14:00:00+00:00,4196.2,4229.1,4193.9,4225.4,4127533.0,real_delta_india
2026-08-05T14:30:00+00:00,4225.1,4236.7,4217.2,4231.0,2670002.0,real_delta_india
2026-08-05T15:00:00+00:00,4231.1,4250.0,4229.6,4243.4,2934020.0,real_delta_india
2026-08-05T15:30:00+00:00,4243.4,4245.7,4220.0,4220.6,2182008.0,real_delta_india
2026-08-05T16:00:00+00:00,4220.5,4231.6,4213.0,4230.1,2395092.0,real_delta_india
2026-08-05T16:30:00+00:00,4231.5,4236.8,4226.7,4230.8,1685824.0,real_delta_india
2026-08-05T17:00:00+00:00,4230.9,4236.0,4226.4,4234.2,907332.0,real_delta_india
2026-08-05T17:30:00+00:00,4234.3,4242.1,4230.2,4240.0,1075544.0,real_delta_india
2026-08-05T18:00:00+00:00,4239.2,4256.9,4238.4,4252.9,1579015.0,real_delta_india
2026-08-05T18:30:00+00:00,4253.1,4253.1,4243.5,4250.2,1099047.0,real_delta_india
2026-08-05T19:00:00+00:00,4248.9,4251.2,4239.37,4241.3,677054.0,real_delta_india
2026-08-05T19:30:00+00:00,4241.3,4242.3,4234.7,4234.9,563933.0,real_delta_india
2026-08-05T20:00:00+00:00,4235.3,4239.0,4234.6,4235.6,177047.0,real_delta_india
2026-08-05T20:30:00+00:00,4235.8,4238.8,4232.4,4238.1,198755.0,real_delta_india
2026-08-05T21:00:00+00:00,4238.9,4241.31,4238.2,4238.3,132141.0,real_delta_india
2026-08-05T21:30:00+00:00,4238.2,4239.6,4237.8,4238.8,121454.0,real_delta_india
2026-08-05T22:00:00+00:00,4238.0,4242.2,4235.7,4237.8,80915.0,real_delta_india
2026-08-05T22:30:00+00:00,4238.0,4239.8,4237.8,4238.7,27217.0,real_delta_india
2026-08-05T23:00:00+00:00,4238.9,4252.6,4238.6,4251.8,253471.0,real_delta_india
2026-08-05T23:30:00+00:00,4252.0,4270.8,4249.3,4267.4,1071344.0,real_delta_india
2026-08-06T00:00:00+00:00,4266.7,4275.0,4255.0,4263.9,739578.0,real_delta_india
2026-08-06T00:30:00+00:00,4264.0,4289.6,4264.0,4284.7,1288576.0,real_delta_india
2026-08-06T01:00:00+00:00,4288.0,4292.8,4264.2,4267.0,1417177.0,real_delta_india
2026-08-06T01:30:00+00:00,4266.9,4287.6,4266.9,4277.6,934715.0,real_delta_india
2026-08-06T02:00:00+00:00,4277.0,4293.8,4274.8,4281.7,1131823.0,real_delta_india
2026-08-06T02:30:00+00:00,4281.2,4281.2,4265.0,4267.8,978806.0,real_delta_india
2026-08-06T03:00:00+00:00,4267.8,4270.7,4251.0,4255.8,1488045.0,real_delta_india
2026-08-06T03:30:00+00:00,4255.6,4257.9,4251.5,4257.5,764622.0,real_delta_india
2026-08-06T04:00:00+00:00,4257.5,4258.5,4244.6,4247.0,922760.0,real_delta_india
2026-08-06T04:30:00+00:00,4246.9,4254.7,4246.8,4254.1,731185.0,real_delta_india
2026-08-06T05:00:00+00:00,4254.0,4257.6,4244.9,4245.5,883185.0,real_delta_india
2026-08-06T05:30:00+00:00,4245.33,4260.4,4238.9,4259.6,1781425.0,real_delta_india
2026-08-06T06:00:00+00:00,4259.6,4261.0,4247.4,4250.7,1049166.0,real_delta_india
2026-08-06T06:30:00+00:00,4250.7,4250.7,4242.7,4248.3,806694.0,real_delta_india
2026-08-06T07:00:00+00:00,4248.2,4257.8,4245.8,4254.8,693649.0,real_delta_india
2026-08-06T07:30:00+00:00,4254.9,4255.7,4246.3,4255.7,564740.0,real_delta_india
2026-08-06T08:00:00+00:00,4255.9,4263.9,4252.9,4260.9,1317185.0,real_delta_india
2026-08-06T08:30:00+00:00,4260.9,4271.6,4260.2,4271.4,1400906.0,real_delta_india
2026-08-06T09:00:00+00:00,4271.2,4277.3,4268.3,4275.5,1389475.0,real_delta_india
2026-08-06T09:30:00+00:00,4275.5,4276.2,4263.5,4266.9,963340.0,real_delta_india
2026-08-06T10:00:00+00:00,4266.7,4267.1,4260.3,4262.0,807344.0,real_delta_india
2026-08-06T10:30:00+00:00,4261.9,4264.3,4257.6,4264.0,848046.0,real_delta_india
2026-08-06T11:00:00+00:00,4263.9,4266.3,4254.5,4257.6,1189913.0,real_delta_india
2026-08-06T11:30:00+00:00,4257.4,4260.3,4247.0,4257.2,1893781.0,real_delta_india
2026-08-06T12:00:00+00:00,4257.2,4258.4,4246.7,4253.62,1387882.0,real_delta_india
2026-08-06T12:30:00+00:00,4253.85,4264.1,4242.9,4243.7,2470284.0,real_delta_india
2026-08-06T13:00:00+00:00,4243.7,4249.3,4223.6,4240.5,3498355.0,real_delta_india
2026-08-06T13:30:00+00:00,4240.88,4267.3,4239.2,4259.8,3083959.0,real_delta_india
2026-08-06T14:00:00+00:00,4259.9,4266.6,4251.8,4257.1,2317654.0,real_delta_india
2026-08-06T14:30:00+00:00,4257.1,4267.0,4254.4,4263.4,1878898.0,real_delta_india
2026-08-06T15:00:00+00:00,4263.4,4264.9,4242.68,4246.3,2162638.0,real_delta_india
2026-08-06T15:30:00+00:00,4246.1,4246.4,4220.58,4226.7,2824216.0,real_delta_india
2026-08-06T16:00:00+00:00,4226.9,4236.4,4217.4,4225.0,2837657.0,real_delta_india
2026-08-06T16:30:00+00:00,4225.0,4238.1,4224.8,4238.0,2018569.0,real_delta_india
2026-08-06T17:00:00+00:00,4238.0,4240.5,4234.1,4236.7,1548594.0,real_delta_india
2026-08-06T17:30:00+00:00,4236.0,4243.0,4233.3,4242.3,841289.0,real_delta_india
2026-08-06T18:00:00+00:00,4242.3,4244.3,4238.8,4240.6,636648.0,real_delta_india
2026-08-06T18:30:00+00:00,4240.7,4241.7,4234.3,4237.1,586479.0,real_delta_india
2026-08-06T19:00:00+00:00,4237.58,4246.6,4229.4,4231.7,1017682.0,real_delta_india
2026-08-06T19:30:00+00:00,4231.7,4245.0,4227.3,4242.9,735425.0,real_delta_india
2026-08-06T20:00:00+00:00,4243.4,4244.6,4234.5,4236.0,347559.0,real_delta_india
2026-08-06T20:30:00+00:00,4236.0,4236.83,4229.0,4235.2,169953.0,real_delta_india
2026-08-06T21:00:00+00:00,4235.2,4237.4,4234.8,4237.4,55779.0,real_delta_india
2026-08-06T21:30:00+00:00,4237.4,4237.5,4232.2,4233.7,57183.0,real_delta_india
2026-08-06T22:00:00+00:00,4234.8,4236.6,4229.3,4236.2,141516.0,real_delta_india
2026-08-06T22:30:00+00:00,4236.3,4236.4,4233.1,4234.8,58151.0,real_delta_india
2026-08-06T23:00:00+00:00,4234.4,4239.9,4233.8,4238.9,155977.0,real_delta_india
2026-08-06T23:30:00+00:00,4239.1,4247.0,4239.1,4246.3,168933.0,real_delta_india
2026-08-07T00:00:00+00:00,4245.7,4246.4,4233.2,4236.3,379796.0,real_delta_india
2026-08-07T00:30:00+00:00,4237.3,4237.3,4222.8,4225.0,535650.0,real_delta_india
2026-08-07T01:00:00+00:00,4224.8,4242.4,4224.8,4236.5,556443.0,real_delta_india
2026-08-07T01:30:00+00:00,4236.8,4252.0,4232.6,4249.4,765307.0,real_delta_india
2026-08-07T02:00:00+00:00,4248.99,4255.5,4248.3,4253.4,730134.0,real_delta_india
2026-08-07T02:30:00+00:00,4253.4,4254.0,4239.6,4242.8,1070740.0,real_delta_india
2026-08-07T03:00:00+00:00,4242.8,4252.1,4242.8,4251.7,604530.0,real_delta_india
2026-08-07T03:30:00+00:00,4251.9,4259.5,4251.3,4258.9,823074.0,real_delta_india
2026-08-07T04:00:00+00:00,4259.0,4261.5,4254.3,4258.6,920611.0,real_delta_india
2026-08-07T04:30:00+00:00,4257.9,4261.2,4253.9,4257.6,535354.0,real_delta_india
2026-08-07T05:00:00+00:00,4257.5,4263.5,4254.5,4258.7,808078.0,real_delta_india
2026-08-07T05:30:00+00:00,4259.3,4273.1,4258.7,4271.2,1498707.0,real_delta_india
2026-08-07T06:00:00+00:00,4271.3,4283.6,4270.8,4275.3,1800219.0,real_delta_india
2026-08-07T06:30:00+00:00,4275.0,4289.7,4272.0,4288.4,1560029.0,real_delta_india
2026-08-07T07:00:00+00:00,4288.3,4288.8,4278.0,4278.5,1068457.0,real_delta_india
2026-08-07T07:30:00+00:00,4278.4,4284.4,4275.0,4282.9,1112114.0,real_delta_india
2026-08-07T08:00:00+00:00,4282.0,4293.9,4281.7,4286.8,1522378.0,real_delta_india
2026-08-07T08:30:00+00:00,4286.8,4307.3,4286.7,4297.8,2738144.0,real_delta_india
2026-08-07T09:00:00+00:00,4298.1,4303.2,4295.8,4298.0,877816.0,real_delta_india
2026-08-07T09:30:00+00:00,4297.9,4312.2,4294.0,4307.6,2070696.0,real_delta_india
2026-08-07T10:00:00+00:00,4307.6,4310.6,4299.3,4305.0,1012418.0,real_delta_india
2026-08-07T10:30:00+00:00,4305.2,4310.7,4304.6,4306.6,859629.0,real_delta_india
2026-08-07T11:00:00+00:00,4306.98,4318.2,4306.98,4315.9,1965518.0,real_delta_india
2026-08-07T11:30:00+00:00,4316.0,4318.7,4311.1,4312.1,1362642.0,real_delta_india
2026-08-07T12:00:00+00:00,4312.0,4316.2,4275.2,4297.7,4908694.0,real_delta_india
2026-08-07T12:30:00+00:00,4297.7,4359.2,4295.1,4348.0,8290765.0,real_delta_india
2026-08-07T13:00:00+00:00,4347.9,4351.7,4325.5,4341.8,4468279.0,real_delta_india
2026-08-07T13:30:00+00:00,4341.9,4354.6,4329.2,4334.8,2904318.0,real_delta_india
2026-08-07T14:00:00+00:00,4334.8,4341.0,4315.1,4336.9,3957526.0,real_delta_india
2026-08-07T14:30:00+00:00,4337.1,4338.5,4327.8,4328.3,1501125.0,real_delta_india
2026-08-07T15:00:00+00:00,4329.0,4345.3,4328.4,4338.2,1679080.0,real_delta_india
2026-08-07T15:30:00+00:00,4338.1,4341.4,4328.0,4328.9,1420178.0,real_delta_india
2026-08-07T16:00:00+00:00,4328.9,4336.9,4321.97,4325.2,1848085.0,real_delta_india
2026-08-07T16:30:00+00:00,4325.2,4329.8,4317.6,4318.4,1616203.0,real_delta_india
2026-08-07T17:00:00+00:00,4318.38,4329.6,4316.6,4327.4,1202827.0,real_delta_india
2026-08-07T17:30:00+00:00,4327.4,4331.4,4318.2,4328.8,1018276.0,real_delta_india
2026-08-07T18:00:00+00:00,4328.8,4331.9,4320.9,4323.0,643166.0,real_delta_india
2026-08-07T18:30:00+00:00,4323.0,4327.3,4322.0,4324.0,268158.0,real_delta_india
2026-08-07T19:00:00+00:00,4325.66,4338.7,4325.1,4335.8,785772.0,real_delta_india
2026-08-07T19:30:00+00:00,4336.8,4337.7,4328.9,4332.4,350910.0,real_delta_india
2026-08-07T20:00:00+00:00,4332.4,4333.8,4327.0,4327.4,219038.0,real_delta_india
2026-08-07T20:30:00+00:00,4327.5,4332.0,4325.6,4331.2,102662.0,real_delta_india
2026-08-07T21:00:00+00:00,4332.1,4336.6,4332.1,4336.6,82898.0,real_delta_india
2026-08-07T21:30:00+00:00,4336.6,4339.3,4332.4,4334.0,73685.0,real_delta_india
2026-08-07T22:00:00+00:00,4334.1,4337.0,4333.6,4334.7,62265.0,real_delta_india
2026-08-07T22:30:00+00:00,4334.7,4339.2,4333.6,4339.0,73068.0,real_delta_india
2026-08-07T23:00:00+00:00,4339.0,4340.4,4337.0,4339.4,66679.0,real_delta_india
2026-08-07T23:30:00+00:00,4339.5,4339.7,4334.0,4339.7,31565.0,real_delta_india
2026-08-08T00:00:00+00:00,4339.9,4343.1,4338.8,4341.5,149346.0,real_delta_india
2026-08-08T00:30:00+00:00,4341.6,4341.6,4337.7,4339.8,50917.0,real_delta_india
2026-08-08T01:00:00+00:00,4339.8,4340.9,4337.1,4337.8,108387.0,real_delta_india
2026-08-08T01:30:00+00:00,4337.8,4338.2,4331.2,4333.1,217421.0,real_delta_india
2026-08-08T02:00:00+00:00,4333.29,4334.9,4329.4,4333.0,151571.0,real_delta_india
2026-08-08T02:30:00+00:00,4333.12,4334.5,4331.9,4333.9,47881.0,real_delta_india
2026-08-08T03:00:00+00:00,4334.1,4334.3,4332.2,4332.3,53098.0,real_delta_india
2026-08-08T03:30:00+00:00,4332.42,4336.1,4332.42,4335.8,78569.0,real_delta_india
2026-08-08T04:00:00+00:00,4336.0,4336.0,4331.5,4333.5,117775.0,real_delta_india
2026-08-08T04:30:00+00:00,4333.5,4335.0,4328.5,4329.14,180174.0,real_delta_india
2026-08-08T05:00:00+00:00,4329.1,4333.6,4328.3,4330.8,168755.0,real_delta_india
2026-08-08T05:30:00+00:00,4330.9,4332.6,4330.7,4332.6,63925.0,real_delta_india
2026-08-08T06:00:00+00:00,4332.68,4334.7,4332.0,4332.4,174938.0,real_delta_india
2026-08-08T06:30:00+00:00,4332.3,4333.8,4331.2,4333.5,61810.0,real_delta_india
2026-08-08T07:00:00+00:00,4333.5,4336.0,4333.5,4334.7,191721.0,real_delta_india
2026-08-08T07:30:00+00:00,4334.7,4334.8,4332.6,4334.6,33731.0,real_delta_india
2026-08-08T08:00:00+00:00,4334.6,4336.0,4333.3,4335.7,69962.0,real_delta_india
2026-08-08T08:30:00+00:00,4335.7,4337.5,4335.2,4337.4,162250.0,real_delta_india
2026-08-08T09:00:00+00:00,4337.2,4337.6,4335.4,4336.8,65462.0,real_delta_india
2026-08-08T09:30:00+00:00,4336.8,4339.4,4336.3,4337.7,112491.0,real_delta_india
2026-08-08T10:00:00+00:00,4337.9,4338.5,4336.7,4336.8,49613.0,real_delta_india
2026-08-08T10:30:00+00:00,4336.7,4336.8,4334.0,4334.6,119400.0,real_delta_india
2026-08-08T11:00:00+00:00,4334.8,4337.9,4334.4,4337.2,64797.0,real_delta_india
2026-08-08T11:30:00+00:00,4337.27,4338.8,4335.4,4336.1,60076.0,real_delta_india
2026-08-08T12:00:00+00:00,4336.1,4336.2,4334.2,4335.4,42246.0,real_delta_india
2026-08-08T12:30:00+00:00,4335.4,4337.9,4335.4,4337.3,58606.0,real_delta_india
2026-08-08T13:00:00+00:00,4337.25,4338.4,4336.6,4337.2,100204.0,real_delta_india
2026-08-08T13:30:00+00:00,4337.11,4338.3,4336.9,4338.2,59826.0,real_delta_india
2026-08-08T14:00:00+00:00,4338.1,4339.2,4337.1,4337.6,111732.0,real_delta_india
2026-08-08T14:30:00+00:00,4337.7,4340.3,4337.3,4338.3,82047.0,real_delta_india
2026-08-08T15:00:00+00:00,4338.4,4339.6,4336.1,4338.3,94795.0,real_delta_india
2026-08-08T15:30:00+00:00,4338.3,4341.9,4338.3,4340.7,127737.0,real_delta_india
2026-08-08T16:00:00+00:00,4340.7,4340.8,4336.6,4337.0,127329.0,real_delta_india
2026-08-08T16:30:00+00:00,4337.1,4338.2,4336.6,4336.8,48066.0,real_delta_india
2026-08-08T17:00:00+00:00,4336.8,4338.8,4336.0,4337.5,71622.0,real_delta_india
2026-08-08T17:30:00+00:00,4337.3,4337.8,4335.4,4337.7,58371.0,real_delta_india
2026-08-08T18:00:00+00:00,4337.7,4339.0,4337.3,4337.7,47051.0,real_delta_india
2026-08-08T18:30:00+00:00,4337.9,4339.3,4337.8,4338.6,41226.0,real_delta_india
2026-08-08T19:00:00+00:00,4338.5,4339.2,4338.1,4338.1,25759.0,real_delta_india
2026-08-08T19:30:00+00:00,4338.1,4339.0,4337.3,4338.3,9104.0,real_delta_india
2026-08-08T20:00:00+00:00,4338.3,4338.8,4337.8,4338.8,1918.0,real_delta_india
2026-08-08T20:30:00+00:00,4338.8,4338.9,4338.7,4338.8,1217.0,real_delta_india
2026-08-08T21:00:00+00:00,4338.9,4339.1,4338.9,4339.0,3556.0,real_delta_india
2026-08-08T21:30:00+00:00,4339.1,4339.8,4338.4,4338.9,14623.0,real_delta_india
2026-08-08T22:00:00+00:00,4338.9,4338.9,4338.8,4338.8,2257.0,real_delta_india
2026-08-08T22:30:00+00:00,4338.9,4339.1,4338.8,4339.1,3190.0,real_delta_india
2026-08-08T23:00:00+00:00,4339.0,4344.3,4339.0,4343.0,79414.0,real_delta_india
2026-08-08T23:30:00+00:00,4342.8,4343.0,4342.1,4342.6,17200.0,real_delta_india
2026-08-09T00:00:00+00:00,4342.7,4344.0,4341.9,4343.6,17320.0,real_delta_india
2026-08-09T00:30:00+00:00,4343.2,4343.2,4340.6,4341.0,20838.0,real_delta_india
2026-08-09T01:00:00+00:00,4340.2,4341.1,4338.4,4338.6,23895.0,real_delta_india
2026-08-09T01:30:00+00:00,4338.6,4342.0,4338.2,4340.0,30368.0,real_delta_india
2026-08-09T02:00:00+00:00,4340.0,4342.6,4339.4,4341.8,40204.0,real_delta_india
2026-08-09T02:30:00+00:00,4341.8,4342.7,4339.8,4342.5,49810.0,real_delta_india
2026-08-09T03:00:00+00:00,4342.6,4342.8,4340.7,4342.3,48879.0,real_delta_india
2026-08-09T03:30:00+00:00,4342.3,4342.3,4338.5,4339.5,58439.0,real_delta_india
2026-08-09T04:00:00+00:00,4339.55,4340.9,4339.3,4340.1,28259.0,real_delta_india
2026-08-09T04:30:00+00:00,4340.1,4341.1,4339.7,4341.0,15020.0,real_delta_india
2026-08-09T05:00:00+00:00,4341.0,4341.7,4341.0,4341.5,6117.0,real_delta_india
