timestamp,open,high,low,close,volume,source
2026-02-19T13:00:00+00:00,5003.01,5004.0,5003.01,5004.0,102.0,real_delta_india
2026-02-19T14:00:00+00:00,5002.4,5015.6,4971.7,5011.0,231000.0,real_delta_india
2026-02-19T15:00:00+00:00,5011.6,5027.5,5001.6,5019.7,1276840.0,real_delta_india
2026-02-19T16:00:00+00:00,5019.9,5019.9,4997.0,5001.9,790667.0,real_delta_india
2026-02-19T17:00:00+00:00,5001.5,5007.6,4989.1,4991.0,563772.0,real_delta_india
2026-02-19T18:00:00+00:00,4991.0,4994.9,4982.1,4988.0,313941.0,real_delta_india
2026-02-19T19:00:00+00:00,4988.1,4997.2,4985.3,4993.3,180053.0,real_delta_india
2026-02-19T20:00:00+00:00,4994.0,5009.0,4994.0,5007.0,86365.0,real_delta_india
2026-02-19T21:00:00+00:00,5007.6,5009.7,4998.2,5002.7,47409.0,real_delta_india
2026-02-19T22:00:00+00:00,5003.0,5007.4,4999.6,5007.4,20992.0,real_delta_india
2026-02-19T23:00:00+00:00,5008.5,5013.24,4993.0,4994.1,45813.0,real_delta_india
2026-02-20T00:00:00+00:00,4992.8,5012.9,4992.4,5012.5,65032.0,real_delta_india
2026-02-20T01:00:00+00:00,5013.8,5020.7,5003.5,5005.1,124444.0,real_delta_india
2026-02-20T02:00:00+00:00,5005.2,5014.3,5001.7,5004.3,128513.0,real_delta_india
2026-02-20T03:00:00+00:00,5004.2,5008.2,4991.2,4996.6,126608.0,real_delta_india
2026-02-20T04:00:00+00:00,4996.77,5011.1,4996.77,5008.1,169714.0,real_delta_india
2026-02-20T05:00:00+00:00,5008.58,5018.2,5006.1,5017.8,254483.0,real_delta_india
2026-02-20T06:00:00+00:00,5017.8,5036.1,5017.8,5026.5,391447.0,real_delta_india
2026-02-20T07:00:00+00:00,5026.86,5032.7,5012.83,5013.5,386863.0,real_delta_india
2026-02-20T08:00:00+00:00,5013.5,5034.8,5011.0,5033.4,338505.0,real_delta_india
2026-02-20T09:00:00+00:00,5033.5,5048.0,5032.6,5033.0,436323.0,real_delta_india
2026-02-20T10:00:00+00:00,5032.9,5044.6,5025.3,5042.1,592581.0,real_delta_india
2026-02-20T11:00:00+00:00,5041.4,5041.8,5023.1,5025.0,454475.0,real_delta_india
2026-02-20T12:00:00+00:00,5025.1,5034.0,5015.8,5032.6,621852.0,real_delta_india
2026-02-20T13:00:00+00:00,5032.6,5059.1,5029.88,5055.3,1018849.0,real_delta_india
2026-02-20T14:00:00+00:00,5055.3,5072.2,5049.1,5065.8,1292773.0,real_delta_india
2026-02-20T15:00:00+00:00,5066.6,5075.6,5003.1,5053.5,1988651.0,real_delta_india
2026-02-20T16:00:00+00:00,5054.0,5079.2,5050.0,5075.8,952655.0,real_delta_india
2026-02-20T17:00:00+00:00,5076.0,5086.9,5064.0,5083.1,1091294.0,real_delta_india
2026-02-20T18:00:00+00:00,5083.2,5085.8,5067.5,5082.4,546190.0,real_delta_india
2026-02-20T19:00:00+00:00,5082.9,5088.7,5079.3,5087.8,268285.0,real_delta_india
2026-02-20T20:00:00+00:00,5088.1,5107.5,5086.4,5106.9,268149.0,real_delta_india
2026-02-20T21:00:00+00:00,5107.1,5117.8,5100.8,5117.0,124676.0,real_delta_india
2026-02-20T22:00:00+00:00,5117.3,5119.0,5108.1,5111.5,62448.0,real_delta_india
2026-02-20T23:00:00+00:00,5111.7,5113.6,5107.7,5113.6,51011.0,real_delta_india
2026-02-21T00:00:00+00:00,5113.7,5118.0,5113.6,5117.4,73510.0,real_delta_india
2026-02-21T01:00:00+00:00,5117.5,5122.4,5115.7,5115.7,143962.0,real_delta_india
2026-02-21T02:00:00+00:00,5115.7,5118.58,5114.3,5115.8,99335.0,real_delta_india
2026-02-21T03:00:00+00:00,5115.8,5115.9,5110.8,5115.3,150311.0,real_delta_india
2026-02-21T04:00:00+00:00,5115.3,5119.1,5115.1,5115.6,191064.0,real_delta_india
2026-02-21T05:00:00+00:00,5115.1,5119.4,5113.9,5114.8,151846.0,real_delta_india
2026-02-21T06:00:00+00:00,5114.8,5117.0,5113.7,5116.8,132607.0,real_delta_india
2026-02-21T07:00:00+00:00,5116.8,5120.7,5115.8,5119.7,175730.0,real_delta_india
2026-02-21T08:00:00+00:00,5119.8,5124.0,5119.7,5121.8,228485.0,real_delta_india
2026-02-21T09:00:00+00:00,5121.9,5123.0,5119.6,5120.3,151213.0,real_delta_india
2026-02-21T10:00:00+00:00,5120.2,5122.5,5117.7,5121.9,123293.0,real_delta_india
2026-02-21T11:00:00+00:00,5122.0,5125.4,5121.2,5124.7,153757.0,real_delta_india
2026-02-21T12:00:00+00:00,5124.7,5127.8,5124.1,5126.7,135036.0,real_delta_india
2026-02-21T13:00:00+00:00,5126.8,5135.6,5125.6,5134.9,209286.0,real_delta_india
2026-02-21T14:00:00+00:00,5134.9,5140.0,5131.2,5136.8,265759.0,real_delta_india
2026-02-21T15:00:00+00:00,5136.7,5139.49,5128.7,5129.5,265620.0,real_delta_india
2026-02-21T16:00:00+00:00,5129.4,5143.8,5129.4,5141.9,291114.0,real_delta_india
2026-02-21T17:00:00+00:00,5141.9,5150.8,5141.1,5149.9,288458.0,real_delta_india
2026-02-21T18:00:00+00:00,5149.8,5150.9,5145.9,5147.5,198603.0,real_delta_india
2026-02-21T19:00:00+00:00,5147.5,5148.1,5140.2,5141.5,183234.0,real_delta_india
2026-02-21T20:00:00+00:00,5141.9,5142.0,5141.8,5142.0,165.0,real_delta_india
2026-02-21T21:00:00+00:00,5145.1,5148.2,5145.1,5145.9,71904.0,real_delta_india
2026-02-21T22:00:00+00:00,5145.9,5146.8,5140.1,5140.4,43254.0,real_delta_india
2026-02-21T23:00:00+00:00,5140.5,5141.9,5136.0,5138.8,97824.0,real_delta_india
2026-02-22T00:00:00+00:00,5138.9,5140.0,5136.2,5136.4,43945.0,real_delta_india
2026-02-22T01:00:00+00:00,5136.4,5136.7,5131.4,5133.3,90762.0,real_delta_india
2026-02-22T02:00:00+00:00,5133.0,5135.6,5129.9,5130.0,82822.0,real_delta_india
2026-02-22T03:00:00+00:00,5129.9,5130.7,5121.0,5121.3,234135.0,real_delta_india
2026-02-22T04:00:00+00:00,5121.5,5129.5,5121.2,5127.1,115760.0,real_delta_india
2026-02-22T05:00:00+00:00,5127.1,5134.5,5126.6,5134.1,219293.0,real_delta_india
2026-02-22T06:00:00+00:00,5134.1,5136.2,5133.7,5134.97,188102.0,real_delta_india
2026-02-22T07:00:00+00:00,5135.0,5135.0,5132.3,5132.8,198106.0,real_delta_india
2026-02-22T08:00:00+00:00,5132.7,5132.8,5129.29,5129.7,109623.0,real_delta_india
2026-02-22T09:00:00+00:00,5129.7,5130.6,5124.4,5124.6,153994.0,real_delta_india
2026-02-22T10:00:00+00:00,5124.6,5132.0,5124.6,5129.9,161156.0,real_delta_india
2026-02-22T11:00:00+00:00,5130.0,5134.1,5129.1,5133.0,109874.0,real_delta_india
2026-02-22T12:00:00+00:00,5132.9,5136.3,5132.7,5133.4,150310.0,real_delta_india
2026-02-22T13:00:00+00:00,5133.4,5139.7,5133.4,5138.3,202310.0,real_delta_india
2026-02-22T14:00:00+00:00,5138.7,5163.8,5138.7,5157.4,639190.0,real_delta_india
2026-02-22T15:00:00+00:00,5157.4,5163.3,5144.0,5151.1,520222.0,real_delta_india
2026-02-22T16:00:00+00:00,5151.6,5157.5,5147.3,5149.2,306506.0,real_delta_india
2026-02-22T17:00:00+00:00,5149.1,5156.6,5147.8,5148.5,268408.0,real_delta_india
2026-02-22T18:00:00+00:00,5148.5,5149.8,5145.5,5146.3,151655.0,real_delta_india
2026-02-22T19:00:00+00:00,5145.6,5147.8,5144.9,5145.6,81592.0,real_delta_india
2026-02-22T20:00:00+00:00,5147.2,5158.0,5147.2,5150.7,114295.0,real_delta_india
2026-02-22T21:00:00+00:00,5152.1,5155.8,5151.3,5154.1,31813.0,real_delta_india
2026-02-22T22:00:00+00:00,5154.1,5170.9,5154.0,5164.0,87964.0,real_delta_india
2026-02-22T23:00:00+00:00,5163.9,5191.7,5131.43,5184.9,294707.0,real_delta_india
2026-02-23T00:00:00+00:00,5187.5,5189.8,5149.8,5161.1,237938.0,real_delta_india
2026-02-23T01:00:00+00:00,5160.9,5185.8,5158.1,5176.4,552772.0,real_delta_india
2026-02-23T02:00:00+00:00,5176.1,5192.9,5175.7,5190.5,321384.0,real_delta_india
2026-02-23T03:00:00+00:00,5191.0,5192.6,5167.9,5180.1,607437.0,real_delta_india
2026-02-23T04:00:00+00:00,5180.2,5183.0,5170.7,5174.5,266245.0,real_delta_india
2026-02-23T05:00:00+00:00,5174.4,5175.2,5166.2,5172.4,297936.0,real_delta_india
2026-02-23T06:00:00+00:00,5172.0,5176.7,5158.5,5159.3,593784.0,real_delta_india
2026-02-23T07:00:00+00:00,5159.4,5168.3,5138.0,5150.4,822776.0,real_delta_india
2026-02-23T08:00:00+00:00,5150.65,5154.7,5135.0,5153.8,497854.0,real_delta_india
2026-02-23T09:00:00+00:00,5153.2,5163.6,5152.43,5161.5,349004.0,real_delta_india
2026-02-23T10:00:00+00:00,5161.9,5176.4,5158.8,5174.8,569983.0,real_delta_india
2026-02-23T11:00:00+00:00,5174.9,5176.1,5160.4,5164.1,408635.0,real_delta_india
2026-02-23T12:00:00+00:00,5163.6,5177.6,5157.8,5176.0,583959.0,real_delta_india
2026-02-23T13:00:00+00:00,5176.5,5177.6,5155.9,5158.6,793673.0,real_delta_india
2026-02-23T14:00:00+00:00,5158.6,5215.8,5154.0,5207.7,1732664.0,real_delta_india
2026-02-23T15:00:00+00:00,5207.6,5220.3,5197.0,5211.9,1890406.0,real_delta_india
2026-02-23T16:00:00+00:00,5211.0,5234.6,5193.4,5226.1,1619284.0,real_delta_india
2026-02-23T17:00:00+00:00,5226.39,5229.0,5205.9,5222.4,810943.0,real_delta_india
2026-02-23T18:00:00+00:00,5223.0,5230.9,5217.1,5225.1,465581.0,real_delta_india
2026-02-23T19:00:00+00:00,5225.0,5230.4,5221.0,5227.7,214784.0,real_delta_india
2026-02-23T20:00:00+00:00,5228.6,5253.0,5228.6,5251.9,383074.0,real_delta_india
2026-02-23T21:00:00+00:00,5252.0,5253.2,5241.5,5242.5,193960.0,real_delta_india
2026-02-23T22:00:00+00:00,5242.5,5250.0,5238.7,5249.7,70876.0,real_delta_india
2026-02-23T23:00:00+00:00,5249.5,5267.0,5242.9,5252.5,229411.0,real_delta_india
2026-02-24T00:00:00+00:00,5251.5,5251.5,5233.88,5238.2,176015.0,real_delta_india
2026-02-24T01:00:00+00:00,5237.3,5237.4,5155.2,5192.9,899669.0,real_delta_india
2026-02-24T02:00:00+00:00,5192.6,5207.8,5184.0,5206.3,303398.0,real_delta_india
2026-02-24T03:00:00+00:00,5206.4,5208.7,5187.31,5187.7,361693.0,real_delta_india
2026-02-24T04:00:00+00:00,5187.6,5191.5,5179.0,5184.8,295984.0,real_delta_india
2026-02-24T05:00:00+00:00,5184.7,5200.8,5181.9,5198.2,387273.0,real_delta_india
2026-02-24T06:00:00+00:00,5198.9,5200.5,5174.0,5191.4,722744.0,real_delta_india
2026-02-24T07:00:00+00:00,5191.4,5200.7,5182.3,5196.12,343930.0,real_delta_india
2026-02-24T08:00:00+00:00,5196.4,5197.9,5181.5,5188.9,250774.0,real_delta_india
2026-02-24T09:00:00+00:00,5188.8,5195.9,5183.5,5188.9,119147.0,real_delta_india
2026-02-24T10:00:00+00:00,5188.4,5197.47,5180.3,5188.6,270174.0,real_delta_india
2026-02-24T11:00:00+00:00,5189.4,5194.0,5187.2,5188.2,207816.0,real_delta_india
2026-02-24T12:00:00+00:00,5187.4,5188.8,5161.87,5166.9,900643.0,real_delta_india
2026-02-24T13:00:00+00:00,5167.0,5177.3,5126.8,5129.9,1366667.0,real_delta_india
2026-02-24T14:00:00+00:00,5129.9,5157.0,5112.9,5145.8,1598337.0,real_delta_india
2026-02-24T15:00:00+00:00,5144.48,5172.0,5136.6,5166.2,993533.0,real_delta_india
2026-02-24T16:00:00+00:00,5166.2,5169.1,5147.2,5157.4,1487069.0,real_delta_india
2026-02-24T17:00:00+00:00,5157.3,5180.0,5157.3,5180.0,874028.0,real_delta_india
2026-02-24T18:00:00+00:00,5179.8,5186.2,5170.2,5176.0,721733.0,real_delta_india
2026-02-24T19:00:00+00:00,5175.8,5175.8,5162.9,5170.58,289810.0,real_delta_india
2026-02-24T20:00:00+00:00,5170.0,5189.4,5163.9,5181.0,253765.0,real_delta_india
2026-02-24T21:00:00+00:00,5180.9,5182.5,5157.7,5159.6,171174.0,real_delta_india
2026-02-24T22:00:00+00:00,5158.5,5165.6,5150.8,5154.2,156222.0,real_delta_india
2026-02-24T23:00:00+00:00,5155.1,5168.1,5140.3,5163.2,260627.0,real_delta_india
2026-02-25T00:00:00+00:00,5162.8,5172.0,5154.7,5169.0,209059.0,real_delta_india
2026-02-25T01:00:00+00:00,5169.8,5204.5,5162.1,5190.5,467703.0,real_delta_india
2026-02-25T02:00:00+00:00,5190.9,5208.0,5182.81,5194.2,521271.0,real_delta_india
2026-02-25T03:00:00+00:00,5194.3,5202.9,5192.3,5196.3,250600.0,real_delta_india
2026-02-25T04:00:00+00:00,5195.3,5199.8,5186.66,5197.9,170194.0,real_delta_india
2026-02-25T05:00:00+00:00,5197.9,5224.5,5197.3,5216.7,1020089.0,real_delta_india
2026-02-25T06:00:00+00:00,5216.7,5217.2,5198.9,5209.1,501886.0,real_delta_india
2026-02-25T07:00:00+00:00,5209.9,5209.9,5195.1,5198.9,395439.0,real_delta_india
2026-02-25T08:00:00+00:00,5199.0,5212.6,5199.0,5201.0,308145.0,real_delta_india
2026-02-25T09:00:00+00:00,5200.9,5209.1,5192.5,5208.6,520156.0,real_delta_india
2026-02-25T10:00:00+00:00,5208.4,5210.4,5186.8,5191.6,711596.0,real_delta_india
2026-02-25T11:00:00+00:00,5191.5,5200.0,5171.4,5198.8,1091810.0,real_delta_india
2026-02-25T12:00:00+00:00,5198.2,5204.6,5194.9,5199.4,665010.0,real_delta_india
2026-02-25T13:00:00+00:00,5200.2,5207.7,5197.7,5200.4,542583.0,real_delta_india
2026-02-25T14:00:00+00:00,5200.0,5207.2,5174.6,5205.5,1333699.0,real_delta_india
2026-02-25T15:00:00+00:00,5205.3,5216.2,5186.8,5205.9,1207275.0,real_delta_india
2026-02-25T16:00:00+00:00,5205.8,5225.1,5200.6,5222.9,1316963.0,real_delta_india
2026-02-25T17:00:00+00:00,5222.8,5227.7,5213.0,5216.0,1078722.0,real_delta_india
2026-02-25T18:00:00+00:00,5216.13,5216.7,5205.9,5208.7,384677.0,real_delta_india
2026-02-25T19:00:00+00:00,5208.8,5215.4,5198.1,5211.0,373360.0,real_delta_india
2026-02-25T20:00:00+00:00,5211.4,5214.5,5157.0,5162.1,531830.0,real_delta_india
2026-02-25T21:00:00+00:00,5163.2,5183.9,5161.2,5177.13,209343.0,real_delta_india
2026-02-25T22:00:00+00:00,5177.7,5179.2,5161.8,5174.3,92707.0,real_delta_india
2026-02-25T23:00:00+00:00,5174.25,5188.6,5172.1,5173.1,190541.0,real_delta_india
2026-02-26T00:00:00+00:00,5173.3,5199.0,5166.0,5195.8,340317.0,real_delta_india
2026-02-26T01:00:00+00:00,5198.13,5205.2,5187.6,5199.2,184453.0,real_delta_india
2026-02-26T02:00:00+00:00,5199.6,5203.6,5183.0,5190.5,241530.0,real_delta_india
2026-02-26T03:00:00+00:00,5191.3,5199.8,5190.2,5198.8,242225.0,real_delta_india
2026-02-26T04:00:00+00:00,5198.7,5205.1,5196.8,5199.0,396516.0,real_delta_india
2026-02-26T05:00:00+00:00,5198.9,5209.3,5196.3,5203.0,372515.0,real_delta_india
2026-02-26T06:00:00+00:00,5203.5,5205.1,5197.6,5199.5,203238.0,real_delta_india
2026-02-26T07:00:00+00:00,5199.5,5200.8,5187.4,5195.2,387333.0,real_delta_india
2026-02-26T08:00:00+00:00,5195.19,5200.0,5177.5,5188.2,430206.0,real_delta_india
2026-02-26T09:00:00+00:00,5187.7,5198.1,5183.12,5196.1,222624.0,real_delta_india
2026-02-26T10:00:00+00:00,5196.0,5199.2,5177.0,5179.8,273733.0,real_delta_india
2026-02-26T11:00:00+00:00,5180.0,5187.3,5170.2,5174.2,288398.0,real_delta_india
2026-02-26T12:00:00+00:00,5174.2,5195.5,5167.1,5192.2,468005.0,real_delta_india
2026-02-26T13:00:00+00:00,5192.2,5193.2,5174.2,5175.2,473678.0,real_delta_india
2026-02-26T14:00:00+00:00,5175.1,5184.0,5152.1,5174.7,641504.0,real_delta_india
2026-02-26T15:00:00+00:00,5174.7,5200.2,5140.3,5192.8,983656.0,real_delta_india
2026-02-26T16:00:00+00:00,5193.1,5194.9,5181.6,5189.0,451207.0,real_delta_india
2026-02-26T17:00:00+00:00,5188.3,5198.3,5172.4,5176.9,715749.0,real_delta_india
2026-02-26T18:00:00+00:00,5176.9,5193.9,5171.1,5188.6,424657.0,real_delta_india
2026-02-26T19:00:00+00:00,5188.6,5200.0,5188.6,5194.7,170942.0,real_delta_india
2026-02-26T20:00:00+00:00,5194.3,5207.8,5194.3,5203.9,171776.0,real_delta_india
2026-02-26T21:00:00+00:00,5204.13,5207.3,5193.0,5195.6,109267.0,real_delta_india
2026-02-26T22:00:00+00:00,5196.6,5199.2,5190.7,5196.0,23039.0,real_delta_india
2026-02-26T23:00:00+00:00,5196.9,5200.0,5188.06,5193.4,27406.0,real_delta_india
2026-02-27T00:00:00+00:00,5192.12,5203.8,5181.3,5185.3,100610.0,real_delta_india
2026-02-27T01:00:00+00:00,5184.0,5202.0,5178.3,5202.0,134723.0,real_delta_india
2026-02-27T02:00:00+00:00,5202.3,5208.73,5185.8,5194.4,211976.0,real_delta_india
2026-02-27T03:00:00+00:00,5194.3,5200.9,5192.2,5195.7,114226.0,real_delta_india
2026-02-27T04:00:00+00:00,5196.1,5199.6,5191.4,5192.1,91532.0,real_delta_india
2026-02-27T05:00:00+00:00,5192.1,5210.0,5191.8,5207.6,284837.0,real_delta_india
2026-02-27T06:00:00+00:00,5208.3,5209.1,5196.8,5198.0,224056.0,real_delta_india
2026-02-27T07:00:00+00:00,5197.2,5201.0,5187.9,5188.6,247347.0,real_delta_india
2026-02-27T08:00:00+00:00,5189.3,5194.2,5186.7,5190.4,125267.0,real_delta_india
2026-02-27T09:00:00+00:00,5190.4,5193.4,5184.2,5187.5,189944.0,real_delta_india
2026-02-27T10:00:00+00:00,5187.6,5192.9,5180.0,5191.0,332927.0,real_delta_india
2026-02-27T11:00:00+00:00,5191.0,5198.4,5185.3,5198.4,181136.0,real_delta_india
2026-02-27T12:00:00+00:00,5198.61,5202.7,5195.3,5200.7,397359.0,real_delta_india
2026-02-27T13:00:00+00:00,5200.5,5296.2,5200.5,5238.1,1689466.0,real_delta_india
2026-02-27T14:00:00+00:00,5237.9,5250.9,5228.5,5237.1,916210.0,real_delta_india
2026-02-27T15:00:00+00:00,5236.9,5263.2,5231.6,5255.0,1039898.0,real_delta_india
2026-02-27T16:00:00+00:00,5255.0,5274.8,5238.5,5244.2,1028789.0,real_delta_india
2026-02-27T17:00:00+00:00,5243.7,5250.7,5236.29,5247.0,536196.0,real_delta_india
2026-02-27T18:00:00+00:00,5247.1,5259.3,5236.2,5258.7,545661.0,real_delta_india
2026-02-27T19:00:00+00:00,5259.0,5267.0,5254.0,5266.6,317170.0,real_delta_india
2026-02-27T20:00:00+00:00,5265.9,5287.0,5264.4,5280.9,228090.0,real_delta_india
2026-02-27T21:00:00+00:00,5280.7,5294.8,5274.7,5293.8,113257.0,real_delta_india
2026-02-27T22:00:00+00:00,5293.3,5304.0,5291.86,5297.1,143488.0,real_delta_india
2026-02-27T23:00:00+00:00,5297.0,5297.0,5288.0,5288.0,104853.0,real_delta_india
2026-02-28T00:00:00+00:00,5288.0,5290.1,5282.4,5289.9,105422.0,real_delta_india
2026-02-28T01:00:00+00:00,5289.9,5303.6,5289.9,5299.5,110541.0,real_delta_india
2026-02-28T02:00:00+00:00,5299.6,5303.9,5299.0,5300.4,98905.0,real_delta_india
2026-02-28T03:00:00+00:00,5300.4,5303.9,5299.8,5303.4,98583.0,real_delta_india
2026-02-28T04:00:00+00:00,5303.9,5311.2,5302.6,5309.6,212130.0,real_delta_india
2026-02-28T05:00:00+00:00,5309.6,5315.6,5307.1,5315.4,179935.0,real_delta_india
2026-02-28T06:00:00+00:00,5315.9,5368.7,5311.1,5346.3,1163608.0,real_delta_india
2026-02-28T07:00:00+00:00,5346.5,5371.9,5331.3,5368.2,1008621.0,real_delta_india
2026-02-28T08:00:00+00:00,5368.3,5434.0,5366.2,5429.3,1968071.0,real_delta_india
2026-02-28T09:00:00+00:00,5429.4,5578.8,5417.0,5513.9,4962928.0,real_delta_india
2026-02-28T10:00:00+00:00,5515.2,5541.3,5471.1,5499.7,3195039.0,real_delta_india
2026-02-28T11:00:00+00:00,5499.7,5506.9,5445.3,5457.9,2167412.0,real_delta_india
2026-02-28T12:00:00+00:00,5461.0,5501.0,5414.9,5422.0,2378537.0,real_delta_india
2026-02-28T13:00:00+00:00,5421.69,5442.7,5380.9,5382.5,2658977.0,real_delta_india
2026-02-28T14:00:00+00:00,5384.2,5400.0,5375.3,5395.8,1144914.0,real_delta_india
2026-02-28T15:00:00+00:00,5395.8,5427.8,5394.2,5401.7,1419885.0,real_delta_india
2026-02-28T16:00:00+00:00,5404.0,5438.7,5389.7,5424.5,1329165.0,real_delta_india
2026-02-28T17:00:00+00:00,5424.5,5436.7,5406.5,5432.3,717739.0,real_delta_india
2026-02-28T18:00:00+00:00,5433.6,5433.9,5407.0,5419.9,576431.0,real_delta_india
2026-02-28T19:00:00+00:00,5419.9,5433.6,5387.5,5396.0,715791.0,real_delta_india
2026-02-28T20:00:00+00:00,5396.6,5416.4,5353.2,5360.4,759728.0,real_delta_india
2026-02-28T21:00:00+00:00,5360.4,5401.39,5360.4,5388.7,263916.0,real_delta_india
2026-02-28T22:00:00+00:00,5388.6,5388.6,5361.38,5380.5,103382.0,real_delta_india
2026-02-28T23:00:00+00:00,5381.5,5384.3,5365.5,5366.99,80270.0,real_delta_india
2026-03-01T00:00:00+00:00,5367.6,5388.2,5362.3,5380.4,115102.0,real_delta_india
2026-03-01T01:00:00+00:00,5380.5,5391.0,5355.6,5355.6,206379.0,real_delta_india
2026-03-01T02:00:00+00:00,5355.6,5355.6,5312.0,5325.0,885688.0,real_delta_india
2026-03-01T03:00:00+00:00,5325.0,5328.8,5284.9,5327.6,914851.0,real_delta_india
2026-03-01T04:00:00+00:00,5327.6,5351.0,5319.8,5339.6,678547.0,real_delta_india
2026-03-01T05:00:00+00:00,5339.5,5349.3,5329.8,5348.7,440069.0,real_delta_india
2026-03-01T06:00:00+00:00,5349.12,5366.1,5345.2,5354.5,616231.0,real_delta_india
2026-03-01T07:00:00+00:00,5354.6,5368.7,5345.5,5348.0,470556.0,real_delta_india
2026-03-01T08:00:00+00:00,5348.0,5366.7,5348.0,5366.6,370327.0,real_delta_india
2026-03-01T09:00:00+00:00,5366.5,5394.5,5366.5,5385.2,1056547.0,real_delta_india
2026-03-01T10:00:00+00:00,5385.1,5416.0,5376.08,5386.8,1074851.0,real_delta_india
2026-03-01T11:00:00+00:00,5386.7,5387.8,5374.1,5379.2,397019.0,real_delta_india
2026-03-01T12:00:00+00:00,5381.64,5404.7,5380.8,5397.6,735142.0,real_delta_india
2026-03-01T13:00:00+00:00,5397.6,5407.8,5378.1,5378.7,621665.0,real_delta_india
2026-03-01T14:00:00+00:00,5378.0,5407.9,5375.1,5400.2,707041.0,real_delta_india
2026-03-01T15:00:00+00:00,5400.8,5409.4,5387.3,5409.4,413870.0,real_delta_india
2026-03-01T16:00:00+00:00,5410.0,5419.0,5378.41,5396.0,855647.0,real_delta_india
2026-03-01T17:00:00+00:00,5396.0,5401.4,5394.4,5400.6,269354.0,real_delta_india
2026-03-01T18:00:00+00:00,5400.6,5404.3,5393.9,5400.2,331749.0,real_delta_india
2026-03-01T19:00:00+00:00,5400.1,5405.4,5394.5,5401.3,243232.0,real_delta_india
2026-03-01T20:00:00+00:00,5403.42,5427.9,5397.8,5419.5,391434.0,real_delta_india
2026-03-01T21:00:00+00:00,5419.6,5433.0,5415.4,5427.3,283735.0,real_delta_india
2026-03-01T22:00:00+00:00,5426.5,5427.9,5405.6,5424.38,197338.0,real_delta_india
2026-03-01T23:00:00+00:00,5427.82,5432.7,5378.7,5429.7,901005.0,real_delta_india
2026-03-02T00:00:00+00:00,5430.6,5430.6,5381.38,5386.8,319597.0,real_delta_india
2026-03-02T01:00:00+00:00,5385.0,5385.0,5339.6,5361.5,935171.0,real_delta_india
2026-03-02T02:00:00+00:00,5361.2,5387.5,5352.0,5383.1,591692.0,real_delta_india
2026-03-02T03:00:00+00:00,5383.7,5407.7,5381.9,5407.6,408657.0,real_delta_india
2026-03-02T04:00:00+00:00,5406.9,5407.2,5382.0,5390.7,562954.0,real_delta_india
2026-03-02T05:00:00+00:00,5390.22,5399.7,5376.2,5399.6,438423.0,real_delta_india
2026-03-02T06:00:00+00:00,5399.6,5422.8,5395.76,5421.7,628283.0,real_delta_india
2026-03-02T07:00:00+00:00,5421.1,5452.7,5418.9,5441.0,1217237.0,real_delta_india
2026-03-02T08:00:00+00:00,5441.3,5450.7,5423.7,5425.5,600808.0,real_delta_india
2026-03-02T09:00:00+00:00,5425.4,5435.3,5420.7,5428.1,582656.0,real_delta_india
2026-03-02T10:00:00+00:00,5427.8,5432.9,5412.1,5421.1,685198.0,real_delta_india
2026-03-02T11:00:00+00:00,5421.15,5428.3,5405.6,5413.6,809893.0,real_delta_india
2026-03-02T12:00:00+00:00,5414.3,5424.0,5409.4,5422.0,418276.0,real_delta_india
2026-03-02T13:00:00+00:00,5421.4,5438.1,5408.5,5419.4,1048011.0,real_delta_india
2026-03-02T14:00:00+00:00,5418.1,5419.6,5327.3,5350.0,2437269.0,real_delta_india
2026-03-02T15:00:00+00:00,5348.0,5364.7,5319.3,5327.8,1036265.0,real_delta_india
2026-03-02T16:00:00+00:00,5327.3,5327.3,5274.0,5305.2,1787312.0,real_delta_india
2026-03-02T17:00:00+00:00,5305.1,5338.1,5302.99,5326.3,786044.0,real_delta_india
2026-03-02T18:00:00+00:00,5326.8,5334.2,5307.1,5334.1,737243.0,real_delta_india
2026-03-02T19:00:00+00:00,5334.0,5346.7,5332.6,5341.7,486878.0,real_delta_india
2026-03-02T20:00:00+00:00,5341.6,5358.9,5339.3,5346.1,323792.0,real_delta_india
2026-03-02T21:00:00+00:00,5346.6,5352.2,5334.3,5334.8,89542.0,real_delta_india
2026-03-02T22:00:00+00:00,5335.1,5343.2,5328.0,5330.1,133678.0,real_delta_india
2026-03-02T23:00:00+00:00,5341.1,5358.6,5337.9,5358.6,121713.0,real_delta_india
2026-03-03T00:00:00+00:00,5358.3,5382.6,5349.6,5363.9,330181.0,real_delta_india
2026-03-03T01:00:00+00:00,5367.0,5391.8,5353.9,5355.3,497613.0,real_delta_india
2026-03-03T02:00:00+00:00,5354.8,5379.0,5348.5,5377.4,404748.0,real_delta_india
2026-03-03T03:00:00+00:00,5377.7,5381.8,5362.8,5369.5,388249.0,real_delta_india
2026-03-03T04:00:00+00:00,5369.6,5377.0,5361.4,5366.81,559753.0,real_delta_india
2026-03-03T05:00:00+00:00,5366.5,5372.9,5315.7,5328.6,1124405.0,real_delta_india
2026-03-03T06:00:00+00:00,5329.2,5333.3,5294.2,5319.1,1079903.0,real_delta_india
2026-03-03T07:00:00+00:00,5318.7,5343.0,5314.9,5339.0,735032.0,real_delta_india
2026-03-03T08:00:00+00:00,5339.0,5347.2,5303.1,5307.2,961135.0,real_delta_india
2026-03-03T09:00:00+00:00,5307.7,5315.0,5241.0,5286.8,1587102.0,real_delta_india
2026-03-03T10:00:00+00:00,5287.2,5297.7,5248.4,5259.2,1015862.0,real_delta_india
2026-03-03T11:00:00+00:00,5257.8,5272.6,5098.7,5164.4,3527354.0,real_delta_india
2026-03-03T12:00:00+00:00,5164.0,5235.6,5159.5,5233.8,1868011.0,real_delta_india
2026-03-03T13:00:00+00:00,5231.7,5232.0,5143.6,5169.3,2146041.0,real_delta_india
2026-03-03T14:00:00+00:00,5168.7,5186.3,5041.0,5063.6,3502330.0,real_delta_india
2026-03-03T15:00:00+00:00,5064.2,5111.4,5025.1,5109.7,2905612.0,real_delta_india
2026-03-03T16:00:00+00:00,5109.8,5147.0,5105.7,5122.4,2189123.0,real_delta_india
2026-03-03T17:00:00+00:00,5122.6,5123.4,5080.1,5094.5,1682334.0,real_delta_india
2026-03-03T18:00:00+00:00,5093.9,5154.5,5093.6,5150.2,1563521.0,real_delta_india
2026-03-03T19:00:00+00:00,5150.8,5162.0,5113.4,5127.1,1163642.0,real_delta_india
2026-03-03T20:00:00+00:00,5127.9,5144.0,5100.2,5112.5,466008.0,real_delta_india
2026-03-03T21:00:00+00:00,5110.1,5124.3,5100.7,5105.6,197429.0,real_delta_india
2026-03-03T22:00:00+00:00,5106.6,5125.0,5106.6,5120.4,83885.0,real_delta_india
2026-03-03T23:00:00+00:00,5121.4,5149.9,5109.3,5141.6,150416.0,real_delta_india
2026-03-04T00:00:00+00:00,5141.6,5152.2,5122.9,5150.0,178731.0,real_delta_india
2026-03-04T01:00:00+00:00,5151.39,5189.6,5151.39,5186.3,528069.0,real_delta_india
2026-03-04T02:00:00+00:00,5186.4,5200.0,5165.7,5168.1,701818.0,real_delta_india
2026-03-04T03:00:00+00:00,5166.8,5186.8,5153.8,5184.9,594322.0,real_delta_india
2026-03-04T04:00:00+00:00,5185.0,5191.6,5165.45,5167.8,575903.0,real_delta_india
2026-03-04T05:00:00+00:00,5167.8,5178.5,5164.0,5172.3,370686.0,real_delta_india
2026-03-04T06:00:00+00:00,5171.5,5171.5,5136.9,5170.26,995406.0,real_delta_india
2026-03-04T07:00:00+00:00,5170.1,5187.0,5169.4,5180.0,583845.0,real_delta_india
2026-03-04T08:00:00+00:00,5179.7,5194.2,5161.3,5180.3,909196.0,real_delta_india
2026-03-04T09:00:00+00:00,5180.8,5196.1,5172.7,5193.0,584942.0,real_delta_india
2026-03-04T10:00:00+00:00,5193.5,5213.1,5191.4,5200.8,999673.0,real_delta_india
2026-03-04T11:00:00+00:00,5200.8,5210.8,5198.3,5202.8,441507.0,real_delta_india
2026-03-04T12:00:00+00:00,5204.3,5216.5,5167.2,5180.2,1322372.0,real_delta_india
2026-03-04T13:00:00+00:00,5180.99,5206.3,5176.3,5176.4,901004.0,real_delta_india
2026-03-04T14:00:00+00:00,5176.8,5193.6,5149.31,5156.3,1425695.0,real_delta_india
2026-03-04T15:00:00+00:00,5155.0,5174.3,5139.0,5160.6,2094223.0,real_delta_india
2026-03-04T16:00:00+00:00,5160.7,5169.2,5146.5,5157.3,842607.0,real_delta_india
2026-03-04T17:00:00+00:00,5156.9,5161.4,5130.4,5148.0,683591.0,real_delta_india
2026-03-04T18:00:00+00:00,5147.6,5149.8,5116.87,5140.3,782350.0,real_delta_india
2026-03-04T19:00:00+00:00,5140.3,5146.5,5130.0,5143.4,240200.0,real_delta_india
2026-03-04T20:00:00+00:00,5144.3,5155.0,5133.6,5145.2,331906.0,real_delta_india
2026-03-04T21:00:00+00:00,5144.4,5154.5,5142.9,5154.5,137144.0,real_delta_india
2026-03-04T22:00:00+00:00,5153.9,5162.4,5152.5,5159.3,78942.0,real_delta_india
2026-03-04T23:00:00+00:00,5161.8,5179.5,5160.0,5178.4,252992.0,real_delta_india
2026-03-05T00:00:00+00:00,5179.87,5189.7,5172.0,5183.1,227236.0,real_delta_india
2026-03-05T01:00:00+00:00,5183.8,5197.8,5176.9,5180.4,200326.0,real_delta_india
2026-03-05T02:00:00+00:00,5180.4,5199.0,5180.4,5199.0,246098.0,real_delta_india
2026-03-05T03:00:00+00:00,5199.3,5201.6,5187.1,5188.9,248833.0,real_delta_india
2026-03-05T04:00:00+00:00,5188.5,5192.9,5172.9,5178.4,386029.0,real_delta_india
2026-03-05T05:00:00+00:00,5178.5,5183.3,5155.2,5155.4,441087.0,real_delta_india
2026-03-05T06:00:00+00:00,5155.9,5175.0,5130.9,5174.7,840785.0,real_delta_india
2026-03-05T07:00:00+00:00,5174.4,5179.9,5166.0,5170.0,451762.0,real_delta_india
2026-03-05T08:00:00+00:00,5169.8,5178.9,5148.3,5176.0,656904.0,real_delta_india
2026-03-05T09:00:00+00:00,5175.1,5191.4,5164.6,5171.0,617983.0,real_delta_india
2026-03-05T10:00:00+00:00,5170.64,5173.3,5157.9,5170.5,578736.0,real_delta_india
2026-03-05T11:00:00+00:00,5170.5,5173.4,5163.1,5168.82,305868.0,real_delta_india
2026-03-05T12:00:00+00:00,5169.9,5177.7,5166.7,5167.5,425080.0,real_delta_india
2026-03-05T13:00:00+00:00,5167.5,5168.5,5093.4,5126.5,1892412.0,real_delta_india
2026-03-05T14:00:00+00:00,5126.3,5136.7,5100.0,5110.3,1199545.0,real_delta_india
2026-03-05T15:00:00+00:00,5111.2,5126.7,5071.38,5114.5,1385626.0,real_delta_india
2026-03-05T16:00:00+00:00,5114.5,5116.0,5066.4,5089.5,977940.0,real_delta_india
2026-03-05T17:00:00+00:00,5089.6,5100.4,5068.0,5074.0,673658.0,real_delta_india
2026-03-05T18:00:00+00:00,5074.0,5097.1,5062.4,5081.6,703183.0,real_delta_india
2026-03-05T19:00:00+00:00,5081.6,5092.9,5069.6,5079.5,387531.0,real_delta_india
2026-03-05T20:00:00+00:00,5080.7,5107.3,5077.1,5089.6,204004.0,real_delta_india
2026-03-05T21:00:00+00:00,5089.2,5097.1,5085.0,5094.7,44469.0,real_delta_india
2026-03-05T22:00:00+00:00,5095.8,5100.7,5092.9,5100.5,49005.0,real_delta_india
2026-03-05T23:00:00+00:00,5101.17,5111.87,5095.4,5097.2,125406.0,real_delta_india
2026-03-06T00:00:00+00:00,5097.2,5108.3,5087.3,5097.0,119183.0,real_delta_india
2026-03-06T01:00:00+00:00,5094.9,5149.43,5079.7,5141.6,472727.0,real_delta_india
2026-03-06T02:00:00+00:00,5141.1,5144.7,5130.8,5135.6,256088.0,real_delta_india
2026-03-06T03:00:00+00:00,5135.0,5148.6,5133.5,5139.0,310392.0,real_delta_india
2026-03-06T04:00:00+00:00,5139.0,5143.5,5133.0,5133.2,333593.0,real_delta_india
2026-03-06T05:00:00+00:00,5133.6,5136.0,5120.2,5122.8,663787.0,real_delta_india
2026-03-06T06:00:00+00:00,5123.4,5129.9,5116.6,5122.5,430790.0,real_delta_india
2026-03-06T07:00:00+00:00,5122.3,5127.0,5112.0,5126.4,469111.0,real_delta_india
2026-03-06T08:00:00+00:00,5126.4,5130.0,5106.4,5117.1,653956.0,real_delta_india
2026-03-06T09:00:00+00:00,5117.0,5117.1,5092.8,5095.3,630192.0,real_delta_india
2026-03-06T10:00:00+00:00,5095.5,5103.0,5087.7,5100.2,588238.0,real_delta_india
2026-03-06T11:00:00+00:00,5101.0,5108.3,5073.0,5086.3,736360.0,real_delta_india
2026-03-06T12:00:00+00:00,5086.8,5104.9,5085.9,5089.9,515373.0,real_delta_india
2026-03-06T13:00:00+00:00,5089.9,5136.1,5073.57,5092.6,1894307.0,real_delta_india
2026-03-06T14:00:00+00:00,5091.0,5138.2,5089.8,5136.7,1271309.0,real_delta_india
2026-03-06T15:00:00+00:00,5136.7,5178.6,5135.5,5149.9,2709511.0,real_delta_india
2026-03-06T16:00:00+00:00,5149.7,5162.77,5136.85,5150.8,1068111.0,real_delta_india
2026-03-06T17:00:00+00:00,5150.8,5160.9,5139.7,5149.9,735227.0,real_delta_india
2026-03-06T18:00:00+00:00,5150.0,5175.8,5148.9,5169.9,785704.0,real_delta_india
2026-03-06T19:00:00+00:00,5170.5,5182.7,5164.0,5167.4,519455.0,real_delta_india
2026-03-06T20:00:00+00:00,5167.5,5169.1,5157.0,5160.7,209207.0,real_delta_india
2026-03-06T21:00:00+00:00,5161.1,5182.78,5161.1,5179.7,184493.0,real_delta_india
2026-03-06T22:00:00+00:00,5180.6,5187.7,5179.4,5179.9,118645.0,real_delta_india
2026-03-06T23:00:00+00:00,5179.6,5181.6,5175.0,5180.4,138004.0,real_delta_india
2026-03-07T00:00:00+00:00,5180.4,5185.0,5176.5,5181.9,74073.0,real_delta_india
2026-03-07T01:00:00+00:00,5182.2,5184.9,5177.6,5177.9,125921.0,real_delta_india
2026-03-07T02:00:00+00:00,5177.6,5178.6,5162.4,5163.6,242305.0,real_delta_india
2026-03-07T03:00:00+00:00,5163.0,5174.6,5160.1,5170.0,227887.0,real_delta_india
2026-03-07T04:00:00+00:00,5170.3,5178.7,5169.5,5174.8,198902.0,real_delta_india
2026-03-07T05:00:00+00:00,5174.8,5179.6,5172.8,5179.5,162265.0,real_delta_india
2026-03-07T06:00:00+00:00,5179.6,5182.5,5176.4,5178.4,221927.0,real_delta_india
2026-03-07T07:00:00+00:00,5178.4,5185.3,5178.4,5181.0,254504.0,real_delta_india
2026-03-07T08:00:00+00:00,5180.6,5181.7,5175.1,5175.5,210257.0,real_delta_india
2026-03-07T09:00:00+00:00,5175.4,5178.8,5173.4,5174.7,190444.0,real_delta_india
2026-03-07T10:00:00+00:00,5174.7,5180.87,5173.7,5179.8,206352.0,real_delta_india
2026-03-07T11:00:00+00:00,5179.9,5181.1,5177.0,5180.4,87290.0,real_delta_india
2026-03-07T12:00:00+00:00,5180.4,5182.4,5177.4,5177.4,121554.0,real_delta_india
2026-03-07T13:00:00+00:00,5177.4,5180.2,5174.2,5179.1,90946.0,real_delta_india
2026-03-07T14:00:00+00:00,5179.1,5181.2,5177.0,5179.7,138807.0,real_delta_india
2026-03-07T15:00:00+00:00,5179.8,5181.5,5178.0,5179.9,80628.0,real_delta_india
2026-03-07T16:00:00+00:00,5180.0,5187.7,5179.7,5185.2,178073.0,real_delta_india
2026-03-07T17:00:00+00:00,5185.1,5185.9,5182.2,5182.3,153812.0,real_delta_india
2026-03-07T18:00:00+00:00,5182.3,5182.4,5178.1,5180.59,99692.0,real_delta_india
2026-03-07T19:00:00+00:00,5180.6,5183.8,5165.3,5166.8,202032.0,real_delta_india
2026-03-07T20:00:00+00:00,5166.8,5170.9,5166.2,5170.5,75767.0,real_delta_india
2026-03-07T21:00:00+00:00,5170.6,5173.1,5170.4,5173.0,18634.0,real_delta_india
2026-03-07T22:00:00+00:00,5173.0,5175.7,5172.6,5173.4,24407.0,real_delta_india
2026-03-07T23:00:00+00:00,5173.4,5176.6,5168.0,5171.2,36754.0,real_delta_india
2026-03-08T00:00:00+00:00,5171.2,5171.7,5169.1,5170.9,41429.0,real_delta_india
2026-03-08T01:00:00+00:00,5170.8,5176.5,5168.8,5175.2,59911.0,real_delta_india
2026-03-08T02:00:00+00:00,5175.2,5175.5,5173.2,5174.2,55889.0,real_delta_india
2026-03-08T03:00:00+00:00,5174.1,5175.5,5173.4,5175.5,51124.0,real_delta_india
2026-03-08T04:00:00+00:00,5175.5,5176.1,5173.6,5174.1,55831.0,real_delta_india
2026-03-08T05:00:00+00:00,5174.1,5176.1,5173.3,5175.9,54379.0,real_delta_india
2026-03-08T06:00:00+00:00,5176.1,5176.4,5174.7,5176.1,57057.0,real_delta_india
2026-03-08T07:00:00+00:00,5176.1,5177.4,5175.8,5176.9,46275.0,real_delta_india
2026-03-08T08:00:00+00:00,5177.0,5177.0,5175.6,5175.9,29667.0,real_delta_india
2026-03-08T09:00:00+00:00,5175.9,5176.0,5168.3,5169.5,154104.0,real_delta_india
2026-03-08T10:00:00+00:00,5169.6,5170.7,5168.3,5169.0,98329.0,real_delta_india
2026-03-08T11:00:00+00:00,5169.2,5174.0,5168.0,5173.9,68931.0,real_delta_india
2026-03-08T12:00:00+00:00,5173.8,5175.5,5170.4,5170.8,97815.0,real_delta_india
2026-03-08T13:00:00+00:00,5170.8,5172.4,5169.7,5172.3,45217.0,real_delta_india
2026-03-08T14:00:00+00:00,5172.4,5175.0,5172.0,5175.0,40403.0,real_delta_india
2026-03-08T15:00:00+00:00,5175.0,5175.3,5170.6,5171.5,57247.0,real_delta_india
2026-03-08T16:00:00+00:00,5174.9,5176.0,5167.6,5169.5,69677.0,real_delta_india
2026-03-08T17:00:00+00:00,5169.4,5170.1,5164.2,5165.4,140185.0,real_delta_india
2026-03-08T18:00:00+00:00,5165.4,5166.2,5161.9,5163.2,163681.0,real_delta_india
2026-03-08T19:00:00+00:00,5163.1,5169.2,5162.5,5167.9,92106.0,real_delta_india
2026-03-08T20:00:00+00:00,5168.4,5171.4,5168.3,5170.1,51467.0,real_delta_india
2026-03-08T21:00:00+00:00,5170.2,5172.0,5154.5,5162.2,161831.0,real_delta_india
2026-03-08T22:00:00+00:00,5164.0,5190.0,5113.4,5136.7,567187.0,real_delta_india
2026-03-08T23:00:00+00:00,5137.5,5141.0,5053.98,5084.0,452178.0,real_delta_india
2026-03-09T00:00:00+00:00,5080.6,5087.2,5037.9,5060.4,411464.0,real_delta_india
2026-03-09T01:00:00+00:00,5057.0,5093.3,5027.0,5078.0,695625.0,real_delta_india
2026-03-09T02:00:00+00:00,5076.6,5107.1,5065.1,5104.0,408662.0,real_delta_india
2026-03-09T03:00:00+00:00,5104.2,5108.3,5089.6,5098.0,248309.0,real_delta_india
2026-03-09T04:00:00+00:00,5098.0,5102.77,5094.0,5097.8,177463.0,real_delta_india
2026-03-09T05:00:00+00:00,5095.8,5148.3,5090.4,5133.1,703284.0,real_delta_india
2026-03-09T06:00:00+00:00,5133.9,5140.5,5106.5,5108.5,367954.0,real_delta_india
2026-03-09T07:00:00+00:00,5107.1,5117.1,5099.6,5108.4,401109.0,real_delta_india
2026-03-09T08:00:00+00:00,5108.5,5118.9,5096.6,5104.7,352184.0,real_delta_india
2026-03-09T09:00:00+00:00,5104.1,5138.1,5104.0,5114.7,507848.0,real_delta_india
2026-03-09T10:00:00+00:00,5114.6,5119.36,5093.1,5097.4,421559.0,real_delta_india
2026-03-09T11:00:00+00:00,5097.1,5103.4,5086.5,5094.8,728686.0,real_delta_india
2026-03-09T12:00:00+00:00,5094.9,5118.4,5094.9,5100.6,814414.0,real_delta_india
2026-03-09T13:00:00+00:00,5101.7,5116.1,5074.7,5081.1,1123622.0,real_delta_india
2026-03-09T14:00:00+00:00,5080.4,5120.9,5069.2,5101.1,1129014.0,real_delta_india
2026-03-09T15:00:00+00:00,5100.9,5107.3,5087.7,5105.0,554332.0,real_delta_india
2026-03-09T16:00:00+00:00,5104.9,5114.4,5099.2,5108.5,570942.0,real_delta_india
2026-03-09T17:00:00+00:00,5108.5,5110.3,5094.4,5101.1,730256.0,real_delta_india
2026-03-09T18:00:00+00:00,5100.8,5129.2,5098.0,5127.3,498159.0,real_delta_india
2026-03-09T19:00:00+00:00,5127.0,5149.0,5121.9,5144.4,538232.0,real_delta_india
2026-03-09T20:00:00+00:00,5144.0,5150.1,5136.26,5140.0,127996.0,real_delta_india
2026-03-09T21:00:00+00:00,5140.2,5142.7,5136.26,5139.1,115317.0,real_delta_india
2026-03-09T22:00:00+00:00,5143.0,5153.9,5123.3,5152.8,211865.0,real_delta_india
2026-03-09T23:00:00+00:00,5153.9,5157.1,5138.4,5141.4,122820.0,real_delta_india
2026-03-10T00:00:00+00:00,5142.0,5142.0,5127.8,5131.9,108961.0,real_delta_india
2026-03-10T01:00:00+00:00,5131.4,5183.3,5128.3,5181.7,475305.0,real_delta_india
2026-03-10T02:00:00+00:00,5183.0,5183.9,5163.4,5165.0,317193.0,real_delta_india
2026-03-10T03:00:00+00:00,5165.2,5171.6,5155.5,5157.4,270573.0,real_delta_india
2026-03-10T04:00:00+00:00,5157.4,5167.3,5154.9,5165.1,284824.0,real_delta_india
2026-03-10T05:00:00+00:00,5165.7,5178.6,5165.5,5176.98,294430.0,real_delta_india
2026-03-10T06:00:00+00:00,5177.3,5179.6,5171.7,5173.9,286794.0,real_delta_india
2026-03-10T07:00:00+00:00,5173.9,5180.0,5151.06,5179.6,431965.0,real_delta_india
2026-03-10T08:00:00+00:00,5179.6,5192.5,5173.7,5181.6,724631.0,real_delta_india
2026-03-10T09:00:00+00:00,5181.7,5186.8,5178.3,5178.7,351269.0,real_delta_india
2026-03-10T10:00:00+00:00,5178.3,5179.3,5155.2,5177.7,592943.0,real_delta_india
2026-03-10T11:00:00+00:00,5177.8,5195.3,5176.0,5177.8,614440.0,real_delta_india
2026-03-10T12:00:00+00:00,5177.3,5189.6,5167.4,5186.7,484689.0,real_delta_india
2026-03-10T13:00:00+00:00,5187.0,5231.1,5186.4,5208.2,2157852.0,real_delta_india
2026-03-10T14:00:00+00:00,5211.29,5216.3,5189.3,5209.5,1398138.0,real_delta_india
2026-03-10T15:00:00+00:00,5209.7,5238.4,5206.0,5227.9,1312488.0,real_delta_india
2026-03-10T16:00:00+00:00,5228.3,5235.6,5223.0,5225.4,746438.0,real_delta_india
2026-03-10T17:00:00+00:00,5225.5,5233.5,5222.7,5226.3,407751.0,real_delta_india
2026-03-10T18:00:00+00:00,5226.3,5226.3,5161.4,5190.1,1931108.0,real_delta_india
2026-03-10T19:00:00+00:00,5190.0,5205.5,5180.0,5196.1,536944.0,real_delta_india
2026-03-10T20:00:00+00:00,5196.6,5197.4,5190.1,5191.7,52517.0,real_delta_india
2026-03-10T21:00:00+00:00,5190.5,5196.0,5188.5,5193.1,36825.0,real_delta_india
2026-03-10T22:00:00+00:00,5193.1,5196.2,5184.2,5188.4,53828.0,real_delta_india
2026-03-10T23:00:00+00:00,5188.9,5195.6,5187.5,5195.6,28986.0,real_delta_india
2026-03-11T00:00:00+00:00,5195.89,5216.7,5185.4,5214.0,236177.0,real_delta_india
2026-03-11T01:00:00+00:00,5214.3,5220.0,5207.1,5207.1,114889.0,real_delta_india
2026-03-11T02:00:00+00:00,5206.9,5218.4,5193.4,5215.0,270385.0,real_delta_india
2026-03-11T03:00:00+00:00,5215.5,5217.7,5198.8,5202.1,586318.0,real_delta_india
2026-03-11T04:00:00+00:00,5202.0,5206.9,5198.9,5203.2,239207.0,real_delta_india
2026-03-11T05:00:00+00:00,5203.1,5206.7,5189.5,5197.2,391797.0,real_delta_india
2026-03-11T06:00:00+00:00,5197.2,5207.1,5190.5,5195.0,412013.0,real_delta_india
2026-03-11T07:00:00+00:00,5194.0,5199.4,5183.6,5192.5,362898.0,real_delta_india
2026-03-11T08:00:00+00:00,5192.2,5196.6,5174.4,5185.8,586695.0,real_delta_india
2026-03-11T09:00:00+00:00,5185.0,5194.0,5177.6,5185.9,313273.0,real_delta_india
2026-03-11T10:00:00+00:00,5185.3,5192.8,5175.9,5185.1,451105.0,real_delta_india
2026-03-11T11:00:00+00:00,5184.9,5191.2,5173.9,5178.5,285225.0,real_delta_india
2026-03-11T12:00:00+00:00,5177.3,5196.7,5164.5,5166.5,908881.0,real_delta_india
2026-03-11T13:00:00+00:00,5165.9,5181.3,5148.0,5174.5,940907.0,real_delta_india
2026-03-11T14:00:00+00:00,5174.4,5192.9,5172.3,5180.5,1044592.0,real_delta_india
2026-03-11T15:00:00+00:00,5180.5,5182.5,5162.6,5166.1,771900.0,real_delta_india
2026-03-11T16:00:00+00:00,5166.0,5175.9,5163.5,5173.4,536031.0,real_delta_india
2026-03-11T17:00:00+00:00,5173.4,5178.4,5154.4,5167.4,515917.0,real_delta_india
2026-03-11T18:00:00+00:00,5167.9,5176.1,5167.3,5170.9,472571.0,real_delta_india
2026-03-11T19:00:00+00:00,5170.8,5181.9,5167.8,5181.4,162667.0,real_delta_india
2026-03-11T20:00:00+00:00,5181.4,5181.4,5173.6,5174.0,105500.0,real_delta_india
2026-03-11T21:00:00+00:00,5175.2,5176.1,5171.5,5171.7,19692.0,real_delta_india
2026-03-11T22:00:00+00:00,5174.5,5180.0,5133.2,5142.3,302237.0,real_delta_india
2026-03-11T23:00:00+00:00,5143.9,5154.9,5133.1,5133.3,66431.0,real_delta_india
2026-03-12T00:00:00+00:00,5133.3,5156.3,5125.5,5148.0,197030.0,real_delta_india
2026-03-12T01:00:00+00:00,5148.0,5167.1,5148.0,5163.9,147621.0,real_delta_india
2026-03-12T02:00:00+00:00,5163.9,5169.0,5142.5,5147.0,273808.0,real_delta_india
2026-03-12T03:00:00+00:00,5147.0,5150.9,5143.3,5149.1,147979.0,real_delta_india
2026-03-12T04:00:00+00:00,5149.6,5149.66,5137.4,5138.7,312869.0,real_delta_india
2026-03-12T05:00:00+00:00,5138.7,5152.5,5134.0,5150.3,476493.0,real_delta_india
2026-03-12T06:00:00+00:00,5151.0,5165.6,5143.5,5162.2,656718.0,real_delta_india
2026-03-12T07:00:00+00:00,5161.7,5180.83,5160.3,5178.7,555203.0,real_delta_india
2026-03-12T08:00:00+00:00,5178.7,5185.9,5172.8,5175.5,371457.0,real_delta_india
2026-03-12T09:00:00+00:00,5175.69,5186.2,5171.3,5184.6,349487.0,real_delta_india
2026-03-12T10:00:00+00:00,5184.2,5187.2,5172.2,5177.2,409289.0,real_delta_india
2026-03-12T11:00:00+00:00,5177.4,5178.7,5169.2,5173.8,298924.0,real_delta_india
2026-03-12T12:00:00+00:00,5174.07,5180.8,5160.6,5176.5,659002.0,real_delta_india
2026-03-12T13:00:00+00:00,5176.5,5181.5,5145.0,5149.8,1117371.0,real_delta_india
2026-03-12T14:00:00+00:00,5149.8,5160.9,5137.5,5143.0,784112.0,real_delta_india
2026-03-12T15:00:00+00:00,5142.6,5143.7,5110.5,5131.8,1212982.0,real_delta_india
2026-03-12T16:00:00+00:00,5131.9,5138.65,5122.9,5126.1,541002.0,real_delta_india
2026-03-12T17:00:00+00:00,5125.9,5131.7,5105.9,5108.89,850414.0,real_delta_india
2026-03-12T18:00:00+00:00,5108.89,5115.2,5094.5,5098.5,717648.0,real_delta_india
2026-03-12T19:00:00+00:00,5098.4,5100.8,5084.6,5091.4,461769.0,real_delta_india
2026-03-12T20:00:00+00:00,5091.2,5097.2,5065.4,5089.3,401253.0,real_delta_india
2026-03-12T21:00:00+00:00,5089.9,5103.6,5089.9,5099.3,72472.0,real_delta_india
2026-03-12T22:00:00+00:00,5098.31,5104.5,5085.6,5104.4,115376.0,real_delta_india
2026-03-12T23:00:00+00:00,5104.8,5109.9,5099.3,5107.6,169980.0,real_delta_india
2026-03-13T00:00:00+00:00,5107.38,5117.5,5106.79,5116.6,184689.0,real_delta_india
2026-03-13T01:00:00+00:00,5117.7,5125.0,5111.4,5125.0,256946.0,real_delta_india
2026-03-13T02:00:00+00:00,5125.32,5129.5,5111.9,5113.4,228521.0,real_delta_india
2026-03-13T03:00:00+00:00,5113.0,5116.5,5106.6,5116.2,300703.0,real_delta_india
2026-03-13T04:00:00+00:00,5116.2,5118.0,5102.2,5103.8,263552.0,real_delta_india
2026-03-13T05:00:00+00:00,5103.8,5109.3,5097.5,5101.4,291912.0,real_delta_india
2026-03-13T06:00:00+00:00,5102.0,5106.4,5085.2,5087.0,482622.0,real_delta_india
2026-03-13T07:00:00+00:00,5087.5,5093.0,5073.2,5084.9,719353.0,real_delta_india
2026-03-13T08:00:00+00:00,5083.6,5086.9,5063.2,5085.9,846855.0,real_delta_india
2026-03-13T09:00:00+00:00,5086.3,5095.9,5081.6,5088.5,548056.0,real_delta_india
2026-03-13T10:00:00+00:00,5088.4,5094.9,5078.9,5092.3,411911.0,real_delta_india
2026-03-13T11:00:00+00:00,5092.4,5103.28,5083.6,5103.28,341158.0,real_delta_india
2026-03-13T12:00:00+00:00,5103.8,5117.3,5101.0,5113.4,999551.0,real_delta_india
2026-03-13T13:00:00+00:00,5113.5,5116.6,5092.42,5097.3,794564.0,real_delta_india
2026-03-13T14:00:00+00:00,5097.4,5103.1,5035.9,5041.0,1689377.0,real_delta_india
2026-03-13T15:00:00+00:00,5040.4,5069.2,5030.6,5036.5,1370049.0,real_delta_india
2026-03-13T16:00:00+00:00,5036.0,5052.1,5021.2,5047.4,1266518.0,real_delta_india
2026-03-13T17:00:00+00:00,5047.4,5066.0,5042.4,5045.1,907462.0,real_delta_india
2026-03-13T18:00:00+00:00,5045.3,5050.6,5037.3,5046.5,505731.0,real_delta_india
2026-03-13T19:00:00+00:00,5047.74,5049.6,5009.2,5019.7,471919.0,real_delta_india
2026-03-13T20:00:00+00:00,5019.6,5024.9,5015.0,5017.6,194787.0,real_delta_india
2026-03-13T21:00:00+00:00,5017.6,5020.2,5010.4,5019.0,96402.0,real_delta_india
2026-03-13T22:00:00+00:00,5019.0,5026.0,5016.5,5025.9,47343.0,real_delta_india
2026-03-13T23:00:00+00:00,5025.9,5030.6,5024.8,5027.3,94412.0,real_delta_india
2026-03-14T00:00:00+00:00,5027.3,5039.1,5026.7,5039.0,63861.0,real_delta_india
2026-03-14T01:00:00+00:00,5039.0,5039.1,5031.3,5033.6,153273.0,real_delta_india
2026-03-14T02:00:00+00:00,5033.5,5033.8,5028.3,5031.9,64734.0,real_delta_india
2026-03-14T03:00:00+00:00,5031.9,5033.1,5029.0,5030.3,172865.0,real_delta_india
2026-03-14T04:00:00+00:00,5030.8,5045.87,5029.5,5035.8,159229.0,real_delta_india
2026-03-14T05:00:00+00:00,5035.9,5036.5,5034.4,5035.2,64240.0,real_delta_india
2026-03-14T06:00:00+00:00,5035.3,5037.9,5031.4,5032.09,65651.0,real_delta_india
2026-03-14T07:00:00+00:00,5032.0,5032.3,5029.2,5029.5,131361.0,real_delta_india
2026-03-14T08:00:00+00:00,5029.5,5033.6,5029.5,5032.9,113503.0,real_delta_india
2026-03-14T09:00:00+00:00,5032.9,5032.9,5029.5,5029.6,68754.0,real_delta_india
2026-03-14T10:00:00+00:00,5029.6,5029.7,5027.1,5028.5,41914.0,real_delta_india
2026-03-14T11:00:00+00:00,5028.5,5029.7,5025.9,5027.5,94910.0,real_delta_india
2026-03-14T12:00:00+00:00,5027.6,5028.6,5025.0,5027.0,85283.0,real_delta_india
2026-03-14T13:00:00+00:00,5026.9,5027.3,5023.4,5025.9,69043.0,real_delta_india
2026-03-14T14:00:00+00:00,5025.9,5026.5,5024.1,5024.2,43764.0,real_delta_india
2026-03-14T15:00:00+00:00,5024.2,5029.2,5024.2,5028.2,70066.0,real_delta_india
2026-03-14T16:00:00+00:00,5027.7,5027.7,5021.1,5021.3,91417.0,real_delta_india
2026-03-14T17:00:00+00:00,5021.4,5024.4,5021.2,5023.7,31385.0,real_delta_india
2026-03-14T18:00:00+00:00,5023.7,5024.1,5023.0,5023.4,20177.0,real_delta_india
2026-03-14T19:00:00+00:00,5023.4,5025.8,5021.9,5025.5,22489.0,real_delta_india
2026-03-14T20:00:00+00:00,5025.4,5025.5,5018.2,5019.4,51160.0,real_delta_india
2026-03-14T21:00:00+00:00,5019.3,5020.8,5019.1,5020.5,8489.0,real_delta_india
2026-03-14T22:00:00+00:00,5020.6,5020.8,5018.0,5018.0,5447.0,real_delta_india
2026-03-14T23:00:00+00:00,5017.8,5020.4,5017.8,5019.1,23031.0,real_delta_india
2026-03-15T00:00:00+00:00,5019.2,5022.3,5018.5,5019.8,12242.0,real_delta_india
2026-03-15T01:00:00+00:00,5019.8,5020.1,5017.9,5019.2,17328.0,real_delta_india
2026-03-15T02:00:00+00:00,5019.1,5019.9,5017.6,5019.9,19695.0,real_delta_india
2026-03-15T03:00:00+00:00,5019.9,5020.9,5019.7,5020.5,25521.0,real_delta_india
2026-03-15T04:00:00+00:00,5020.5,5021.6,5018.6,5019.6,35524.0,real_delta_india
2026-03-15T05:00:00+00:00,5019.7,5019.7,5016.0,5016.1,79434.0,real_delta_india
2026-03-15T06:00:00+00:00,5016.0,5016.5,5012.3,5012.3,132727.0,real_delta_india
2026-03-15T07:00:00+00:00,5012.34,5013.2,5012.0,5012.3,76604.0,real_delta_india
2026-03-15T08:00:00+00:00,5012.4,5015.6,5012.4,5013.2,51932.0,real_delta_india
2026-03-15T09:00:00+00:00,5013.3,5013.3,5005.3,5005.6,306773.0,real_delta_india
2026-03-15T10:00:00+00:00,5005.65,5009.7,5003.3,5009.0,177818.0,real_delta_india
2026-03-15T11:00:00+00:00,5009.0,5013.7,5008.8,5013.1,105870.0,real_delta_india
2026-03-15T12:00:00+00:00,5013.0,5013.5,5005.7,5006.9,77663.0,real_delta_india
2026-03-15T13:00:00+00:00,5007.1,5009.4,5004.3,5006.2,95775.0,real_delta_india
2026-03-15T14:00:00+00:00,5006.3,5008.9,5003.3,5004.5,79270.0,real_delta_india
2026-03-15T15:00:00+00:00,5004.5,5004.7,4998.1,4998.3,254659.0,real_delta_india
2026-03-15T16:00:00+00:00,4998.3,4999.1,4989.5,4990.0,281214.0,real_delta_india
2026-03-15T17:00:00+00:00,4990.0,4995.2,4988.2,4993.6,265044.0,real_delta_india
2026-03-15T18:00:00+00:00,4993.6,4993.6,4988.98,4989.0,107445.0,real_delta_india
2026-03-15T19:00:00+00:00,4989.0,4993.4,4985.0,4993.4,119444.0,real_delta_india
2026-03-15T20:00:00+00:00,4992.7,4997.5,4985.0,4994.6,140087.0,real_delta_india
2026-03-15T21:00:00+00:00,4994.0,4999.0,4992.6,4998.8,61795.0,real_delta_india
2026-03-15T22:00:00+00:00,4999.6,5023.7,4991.0,5022.6,447828.0,real_delta_india
2026-03-15T23:00:00+00:00,5022.0,5024.1,4957.4,4987.5,505147.0,real_delta_india
2026-03-16T00:00:00+00:00,4987.5,5022.3,4986.7,5019.1,336961.0,real_delta_india
2026-03-16T01:00:00+00:00,5018.5,5018.5,4977.0,5006.0,397969.0,real_delta_india
2026-03-16T02:00:00+00:00,5006.0,5008.1,4988.7,4993.7,186398.0,real_delta_india
2026-03-16T03:00:00+00:00,4993.3,5009.2,4988.6,5008.1,285389.0,real_delta_india
2026-03-16T04:00:00+00:00,5008.1,5015.3,5001.5,5002.4,290447.0,real_delta_india
2026-03-16T05:00:00+00:00,5002.3,5008.5,4994.1,5006.6,397785.0,real_delta_india
2026-03-16T06:00:00+00:00,5006.6,5028.3,4999.1,5005.9,710302.0,real_delta_india
2026-03-16T07:00:00+00:00,5005.8,5008.8,4984.5,4987.6,772696.0,real_delta_india
2026-03-16T08:00:00+00:00,4989.3,4995.7,4976.4,4981.5,562037.0,real_delta_india
2026-03-16T09:00:00+00:00,4981.3,4981.59,4962.0,4965.0,535592.0,real_delta_india
2026-03-16T10:00:00+00:00,4965.0,4989.0,4960.6,4988.6,649405.0,real_delta_india
2026-03-16T11:00:00+00:00,4988.8,5011.1,4985.2,4988.2,848525.0,real_delta_india
2026-03-16T12:00:00+00:00,4988.1,5016.1,4985.6,5010.3,835114.0,real_delta_india
2026-03-16T13:00:00+00:00,5010.4,5024.9,5004.6,5019.6,764344.0,real_delta_india
2026-03-16T14:00:00+00:00,5020.0,5028.5,4978.1,4986.6,1332973.0,real_delta_india
2026-03-16T15:00:00+00:00,4986.8,4996.2,4973.5,4976.2,1167924.0,real_delta_india
2026-03-16T16:00:00+00:00,4976.2,4989.2,4966.3,4981.5,941944.0,real_delta_india
2026-03-16T17:00:00+00:00,4981.65,4994.1,4976.1,4982.8,636274.0,real_delta_india
2026-03-16T18:00:00+00:00,4982.8,5007.89,4982.8,5002.5,517946.0,real_delta_india
2026-03-16T19:00:00+00:00,5002.5,5010.0,4997.6,5001.9,282223.0,real_delta_india
2026-03-16T20:00:00+00:00,5002.8,5010.1,4996.2,4996.6,111863.0,real_delta_india
2026-03-16T21:00:00+00:00,4996.0,4996.1,4977.16,4988.6,109334.0,real_delta_india
2026-03-16T22:00:00+00:00,4990.0,5002.16,4986.9,4987.6,67985.0,real_delta_india
2026-03-16T23:00:00+00:00,4987.6,5000.9,4987.6,4998.7,114851.0,real_delta_india
2026-03-17T00:00:00+00:00,4999.1,4999.1,4984.2,4987.8,97251.0,real_delta_india
2026-03-17T01:00:00+00:00,4986.5,5011.4,4980.5,5011.4,181685.0,real_delta_india
2026-03-17T02:00:00+00:00,5011.4,5011.7,5003.3,5005.4,143859.0,real_delta_india
2026-03-17T03:00:00+00:00,5005.3,5017.06,5004.0,5009.4,214612.0,real_delta_india
2026-03-17T04:00:00+00:00,5009.5,5025.8,5009.4,5022.5,296046.0,real_delta_india
2026-03-17T05:00:00+00:00,5022.4,5029.1,5006.9,5007.2,485813.0,real_delta_india
2026-03-17T06:00:00+00:00,5007.4,5009.1,4994.0,4998.7,507326.0,real_delta_india
2026-03-17T07:00:00+00:00,4998.8,5015.3,4998.2,5009.3,424082.0,real_delta_india
2026-03-17T08:00:00+00:00,5009.2,5016.9,5007.5,5012.9,244354.0,real_delta_india
2026-03-17T09:00:00+00:00,5012.8,5013.6,5000.3,5000.3,256913.0,real_delta_india
2026-03-17T10:00:00+00:00,5000.23,5004.9,4983.0,4991.1,566944.0,real_delta_india
2026-03-17T11:00:00+00:00,4990.8,5001.8,4988.0,4993.9,318778.0,real_delta_india
2026-03-17T12:00:00+00:00,4993.7,5013.56,4990.4,5003.8,536167.0,real_delta_india
2026-03-17T13:00:00+00:00,5003.0,5021.1,4997.8,5007.7,745466.0,real_delta_india
2026-03-17T14:00:00+00:00,5007.6,5011.1,4995.5,5000.1,641004.0,real_delta_india
2026-03-17T15:00:00+00:00,5000.2,5009.2,4968.6,4989.9,1303129.0,real_delta_india
2026-03-17T16:00:00+00:00,4990.0,4996.9,4984.3,4992.8,750697.0,real_delta_india
2026-03-17T17:00:00+00:00,4992.4,4998.9,4987.3,4992.0,452157.0,real_delta_india
2026-03-17T18:00:00+00:00,4992.5,4997.7,4989.9,4994.3,208626.0,real_delta_india
2026-03-17T19:00:00+00:00,4994.0,4995.3,4987.5,4991.0,129213.0,real_delta_india
2026-03-17T20:00:00+00:00,4991.0,4996.2,4991.0,4995.4,54258.0,real_delta_india
2026-03-17T21:00:00+00:00,4995.4,4996.3,4989.6,4994.5,24203.0,real_delta_india
2026-03-17T22:00:00+00:00,4992.7,4994.4,4984.9,4990.0,55164.0,real_delta_india
2026-03-17T23:00:00+00:00,4990.5,4992.2,4988.5,4991.4,44535.0,real_delta_india
2026-03-18T00:00:00+00:00,4991.3,5002.9,4990.3,4993.8,147429.0,real_delta_india
2026-03-18T01:00:00+00:00,4992.16,5005.7,4982.0,4989.5,202671.0,real_delta_india
2026-03-18T02:00:00+00:00,4989.6,4996.7,4981.1,4983.1,183166.0,real_delta_india
2026-03-18T03:00:00+00:00,4983.2,4987.8,4977.5,4982.4,175698.0,real_delta_india
2026-03-18T04:00:00+00:00,4982.3,4983.5,4972.0,4977.2,288419.0,real_delta_india
2026-03-18T05:00:00+00:00,4977.3,4990.6,4975.6,4986.4,381542.0,real_delta_india
2026-03-18T06:00:00+00:00,4986.5,5003.7,4986.5,4997.8,514158.0,real_delta_india
2026-03-18T07:00:00+00:00,4997.95,5002.9,4981.2,4985.9,621543.0,real_delta_india
2026-03-18T08:00:00+00:00,4985.8,4987.7,4970.6,4978.1,557254.0,real_delta_india
2026-03-18T09:00:00+00:00,4978.1,4985.8,4976.4,4982.5,305839.0,real_delta_india
2026-03-18T10:00:00+00:00,4982.5,4982.5,4951.0,4959.6,1036634.0,real_delta_india
2026-03-18T11:00:00+00:00,4959.6,4964.7,4917.7,4923.4,1846938.0,real_delta_india
2026-03-18T12:00:00+00:00,4922.1,4924.5,4863.6,4873.4,2575194.0,real_delta_india
2026-03-18T13:00:00+00:00,4872.7,4879.8,4827.2,4871.6,2606253.0,real_delta_india
2026-03-18T14:00:00+00:00,4871.6,4888.8,4845.7,4857.5,1801953.0,real_delta_india
2026-03-18T15:00:00+00:00,4857.7,4868.8,4850.8,4852.5,866836.0,real_delta_india
2026-03-18T16:00:00+00:00,4852.4,4880.0,4850.5,4877.6,940848.0,real_delta_india
2026-03-18T17:00:00+00:00,4877.6,4888.7,4874.1,4880.2,719399.0,real_delta_india
2026-03-18T18:00:00+00:00,4880.2,4889.5,4842.3,4842.4,1373191.0,real_delta_india
2026-03-18T19:00:00+00:00,4842.6,4854.3,4828.73,4832.6,739331.0,real_delta_india
2026-03-18T20:00:00+00:00,4832.3,4837.3,4798.0,4811.1,846255.0,real_delta_india
2026-03-18T21:00:00+00:00,4812.9,4817.26,4797.0,4810.0,166008.0,real_delta_india
2026-03-18T22:00:00+00:00,4811.83,4826.8,4797.25,4820.3,259716.0,real_delta_india
2026-03-18T23:00:00+00:00,4823.0,4830.8,4818.0,4825.9,160370.0,real_delta_india
2026-03-19T00:00:00+00:00,4825.2,4838.5,4825.2,4832.0,180051.0,real_delta_india
2026-03-19T01:00:00+00:00,4830.7,4853.3,4822.6,4839.3,399672.0,real_delta_india
2026-03-19T02:00:00+00:00,4839.3,4848.6,4829.9,4845.4,304654.0,real_delta_india
2026-03-19T03:00:00+00:00,4846.1,4852.3,4837.5,4838.1,370777.0,real_delta_india
2026-03-19T04:00:00+00:00,4838.0,4841.8,4833.3,4837.4,379971.0,real_delta_india
2026-03-19T05:00:00+00:00,4837.4,4842.7,4816.5,4816.5,789994.0,real_delta_india
2026-03-19T06:00:00+00:00,4816.76,4830.3,4735.1,4752.9,2210126.0,real_delta_india
2026-03-19T07:00:00+00:00,4753.2,4769.9,4715.61,4715.7,1488017.0,real_delta_india
2026-03-19T08:00:00+00:00,4716.0,4728.3,4676.2,4700.2,1816939.0,real_delta_india
2026-03-19T09:00:00+00:00,4702.2,4716.6,4680.26,4690.7,1130653.0,real_delta_india
2026-03-19T10:00:00+00:00,4691.0,4711.5,4659.0,4671.1,1356311.0,real_delta_india
2026-03-19T11:00:00+00:00,4671.1,4690.8,4645.3,4647.2,1389323.0,real_delta_india
2026-03-19T12:00:00+00:00,4647.3,4648.3,4531.0,4573.7,4385997.0,real_delta_india
2026-03-19T13:00:00+00:00,4574.4,4619.3,4507.5,4619.12,4343142.0,real_delta_india
2026-03-19T14:00:00+00:00,4620.0,4646.9,4581.8,4603.9,3077925.0,real_delta_india
2026-03-19T15:00:00+00:00,4603.7,4639.1,4569.5,4599.4,2967985.0,real_delta_india
2026-03-19T16:00:00+00:00,4600.5,4629.6,4582.7,4591.5,2451107.0,real_delta_india
2026-03-19T17:00:00+00:00,4590.0,4636.5,4581.2,4620.8,1730319.0,real_delta_india
2026-03-19T18:00:00+00:00,4620.7,4629.0,4603.2,4628.5,856855.0,real_delta_india
2026-03-19T19:00:00+00:00,4628.8,4669.2,4628.8,4649.5,1050148.0,real_delta_india
2026-03-19T20:00:00+00:00,4648.3,4666.8,4648.3,4655.9,300405.0,real_delta_india
2026-03-19T21:00:00+00:00,4656.6,4676.1,4656.6,4669.7,276116.0,real_delta_india
2026-03-19T22:00:00+00:00,4668.5,4683.5,4642.0,4642.1,393195.0,real_delta_india
2026-03-19T23:00:00+00:00,4643.16,4656.4,4641.8,4650.4,211425.0,real_delta_india
2026-03-20T00:00:00+00:00,4651.1,4670.0,4650.01,4656.1,294857.0,real_delta_india
2026-03-20T01:00:00+00:00,4656.1,4703.0,4646.0,4682.9,738952.0,real_delta_india
2026-03-20T02:00:00+00:00,4683.6,4705.5,4675.4,4700.0,766498.0,real_delta_india
2026-03-20T03:00:00+00:00,4700.9,4737.6,4696.1,4728.2,1252733.0,real_delta_india
2026-03-20T04:00:00+00:00,4728.2,4729.6,4715.2,4721.7,865719.0,real_delta_india
2026-03-20T05:00:00+00:00,4721.7,4724.9,4685.0,4687.8,1659902.0,real_delta_india
2026-03-20T06:00:00+00:00,4687.6,4700.25,4659.0,4670.7,1496734.0,real_delta_india
2026-03-20T07:00:00+00:00,4670.0,4709.4,4669.8,4707.8,1068127.0,real_delta_india
2026-03-20T08:00:00+00:00,4707.8,4734.8,4686.4,4694.2,1850684.0,real_delta_india
2026-03-20T09:00:00+00:00,4694.1,4700.4,4658.1,4665.4,1422333.0,real_delta_india
2026-03-20T10:00:00+00:00,4665.1,4669.4,4640.2,4646.2,1696766.0,real_delta_india
2026-03-20T11:00:00+00:00,4646.0,4675.4,4638.6,4671.5,1370195.0,real_delta_india
2026-03-20T12:00:00+00:00,4671.9,4695.2,4662.8,4680.5,2038323.0,real_delta_india
2026-03-20T13:00:00+00:00,4680.4,4680.4,4615.0,4618.3,2987278.0,real_delta_india
2026-03-20T14:00:00+00:00,4618.5,4625.8,4554.1,4571.4,3617616.0,real_delta_india
2026-03-20T15:00:00+00:00,4571.3,4586.5,4550.0,4561.6,1633649.0,real_delta_india
2026-03-20T16:00:00+00:00,4560.9,4617.8,4560.5,4592.1,3080891.0,real_delta_india
2026-03-20T17:00:00+00:00,4592.7,4609.1,4565.8,4585.5,1764629.0,real_delta_india
2026-03-20T18:00:00+00:00,4586.8,4590.2,4493.4,4516.0,2723070.0,real_delta_india
2026-03-20T19:00:00+00:00,4515.9,4533.2,4503.9,4515.1,1999229.0,real_delta_india
2026-03-20T20:00:00+00:00,4516.6,4527.0,4504.7,4508.6,657845.0,real_delta_india
2026-03-20T21:00:00+00:00,4507.9,4521.0,4504.83,4515.3,302806.0,real_delta_india
2026-03-20T22:00:00+00:00,4515.2,4517.5,4510.8,4515.1,116921.0,real_delta_india
2026-03-20T23:00:00+00:00,4514.6,4514.9,4505.0,4509.1,47924.0,real_delta_india
2026-03-21T00:00:00+00:00,4509.4,4519.4,4509.3,4513.05,113861.0,real_delta_india
2026-03-21T01:00:00+00:00,4513.0,4528.8,4513.0,4522.2,153210.0,real_delta_india
2026-03-21T02:00:00+00:00,4522.3,4523.2,4513.8,4515.9,194440.0,real_delta_india
2026-03-21T03:00:00+00:00,4516.0,4518.2,4512.4,4515.1,166475.0,real_delta_india
2026-03-21T04:00:00+00:00,4515.0,4517.0,4504.8,4507.1,283694.0,real_delta_india
2026-03-21T05:00:00+00:00,4507.1,4510.0,4506.2,4508.7,176578.0,real_delta_india
2026-03-21T06:00:00+00:00,4508.7,4512.4,4508.4,4510.1,184723.0,real_delta_india
2026-03-21T07:00:00+00:00,4510.1,4511.7,4504.2,4506.4,203913.0,real_delta_india
2026-03-21T08:00:00+00:00,4506.39,4507.5,4502.4,4506.0,227989.0,real_delta_india
2026-03-21T09:00:00+00:00,4506.0,4506.7,4502.6,4506.2,190161.0,real_delta_india
2026-03-21T10:00:00+00:00,4506.2,4509.9,4504.7,4506.3,167403.0,real_delta_india
2026-03-21T11:00:00+00:00,4506.4,4509.6,4504.2,4504.7,97048.0,real_delta_india
2026-03-21T12:00:00+00:00,4504.5,4508.0,4504.0,4507.7,206191.0,real_delta_india
2026-03-21T13:00:00+00:00,4507.7,4508.2,4504.3,4505.0,91182.0,real_delta_india
2026-03-21T14:00:00+00:00,4505.2,4506.0,4503.0,4503.8,100391.0,real_delta_india
2026-03-21T15:00:00+00:00,4503.8,4514.9,4503.7,4506.2,190615.0,real_delta_india
2026-03-21T16:00:00+00:00,4506.0,4508.7,4505.8,4508.3,85909.0,real_delta_india
2026-03-21T17:00:00+00:00,4508.2,4511.1,4505.8,4506.0,76391.0,real_delta_india
2026-03-21T18:00:00+00:00,4506.0,4508.7,4506.0,4508.4,32633.0,real_delta_india
2026-03-21T19:00:00+00:00,4508.4,4509.4,4507.8,4509.3,58820.0,real_delta_india
2026-03-21T20:00:00+00:00,4509.4,4509.7,4506.7,4506.7,22089.0,real_delta_india
2026-03-21T21:00:00+00:00,4506.9,4509.7,4506.9,4509.7,11920.0,real_delta_india
2026-03-21T22:00:00+00:00,4509.6,4509.8,4507.6,4509.0,7650.0,real_delta_india
2026-03-21T23:00:00+00:00,4509.0,4509.0,4498.4,4501.0,187354.0,real_delta_india
2026-03-22T00:00:00+00:00,4501.6,4508.8,4498.0,4505.7,131393.0,real_delta_india
2026-03-22T01:00:00+00:00,4505.7,4507.0,4500.8,4501.1,55508.0,real_delta_india
2026-03-22T02:00:00+00:00,4501.1,4505.5,4500.3,4502.5,87962.0,real_delta_india
2026-03-22T03:00:00+00:00,4502.5,4506.4,4501.7,4504.9,61787.0,real_delta_india
2026-03-22T04:00:00+00:00,4504.9,4506.7,4502.7,4505.0,44281.0,real_delta_india
2026-03-22T05:00:00+00:00,4505.0,4506.5,4503.4,4506.5,47644.0,real_delta_india
2026-03-22T06:00:00+00:00,4506.5,4507.7,4505.8,4506.3,55586.0,real_delta_india
2026-03-22T07:00:00+00:00,4506.5,4507.3,4503.0,4503.4,65192.0,real_delta_india
2026-03-22T08:00:00+00:00,4503.4,4505.9,4501.5,4503.2,97944.0,real_delta_india
2026-03-22T09:00:00+00:00,4503.1,4505.7,4497.1,4498.8,219155.0,real_delta_india
2026-03-22T10:00:00+00:00,4498.5,4499.9,4480.3,4484.7,600049.0,real_delta_india
2026-03-22T11:00:00+00:00,4484.6,4486.9,4466.0,4475.9,674562.0,real_delta_india
2026-03-22T12:00:00+00:00,4475.8,4475.9,4452.5,4475.0,493034.0,real_delta_india
2026-03-22T13:00:00+00:00,4475.4,4481.0,4473.6,4477.4,334284.0,real_delta_india
2026-03-22T14:00:00+00:00,4477.5,4478.1,4467.4,4473.76,216245.0,real_delta_india
2026-03-22T15:00:00+00:00,4473.5,4477.5,4472.8,4475.2,149305.0,real_delta_india
2026-03-22T16:00:00+00:00,4475.2,4478.3,4475.0,4477.6,105858.0,real_delta_india
2026-03-22T17:00:00+00:00,4477.7,4496.9,4477.7,4491.4,535106.0,real_delta_india
2026-03-22T18:00:00+00:00,4491.7,4495.2,4488.3,4494.5,167654.0,real_delta_india
2026-03-22T19:00:00+00:00,4494.6,4494.6,4486.0,4486.0,137406.0,real_delta_india
2026-03-22T20:00:00+00:00,4485.9,4493.0,4485.9,4488.7,49908.0,real_delta_india
2026-03-22T21:00:00+00:00,4488.3,4489.4,4477.0,4477.9,99540.0,real_delta_india
2026-03-22T22:00:00+00:00,4477.0,4538.6,4447.7,4502.8,1303842.0,real_delta_india
2026-03-22T23:00:00+00:00,4503.4,4514.7,4460.8,4474.5,536939.0,real_delta_india
2026-03-23T00:00:00+00:00,4474.0,4481.2,4332.0,4363.3,1761900.0,real_delta_india
2026-03-23T01:00:00+00:00,4362.3,4455.8,4341.8,4394.3,1386465.0,real_delta_india
2026-03-23T02:00:00+00:00,4394.3,4427.0,4362.3,4368.9,1345162.0,real_delta_india
2026-03-23T03:00:00+00:00,4369.0,4383.8,4344.4,4361.0,1106712.0,real_delta_india
2026-03-23T04:00:00+00:00,4362.92,4389.86,4362.9,4378.5,863428.0,real_delta_india
2026-03-23T05:00:00+00:00,4378.6,4390.1,4315.6,4325.9,2168501.0,real_delta_india
2026-03-23T06:00:00+00:00,4325.0,4325.0,4192.3,4244.1,5396108.0,real_delta_india
2026-03-23T07:00:00+00:00,4244.1,4250.8,4138.6,4224.4,5871192.0,real_delta_india
2026-03-23T08:00:00+00:00,4225.5,4285.7,4225.0,4268.3,3754301.0,real_delta_india
2026-03-23T09:00:00+00:00,4268.3,4321.9,4245.0,4269.1,2951300.0,real_delta_india
2026-03-23T10:00:00+00:00,4269.7,4296.5,4258.0,4283.1,2321603.0,real_delta_india
2026-03-23T11:00:00+00:00,4284.0,4460.0,4284.0,4382.4,6106397.0,real_delta_india
2026-03-23T12:00:00+00:00,4382.0,4491.5,4343.1,4477.2,4228919.0,real_delta_india
2026-03-23T13:00:00+00:00,4482.0,4483.7,4402.1,4453.4,3999073.0,real_delta_india
2026-03-23T14:00:00+00:00,4455.1,4508.4,4452.1,4460.6,3601665.0,real_delta_india
2026-03-23T15:00:00+00:00,4460.9,4486.6,4357.2,4369.4,4472977.0,real_delta_india
2026-03-23T16:00:00+00:00,4368.4,4399.4,4357.7,4383.7,3355700.0,real_delta_india
2026-03-23T17:00:00+00:00,4385.0,4446.7,4379.9,4435.1,3515883.0,real_delta_india
2026-03-23T18:00:00+00:00,4435.1,4473.8,4411.9,4455.0,2182972.0,real_delta_india
2026-03-23T19:00:00+00:00,4456.0,4456.7,4400.24,4405.5,1662672.0,real_delta_india
2026-03-23T20:00:00+00:00,4406.9,4423.6,4393.3,4418.4,653983.0,real_delta_india
2026-03-23T21:00:00+00:00,4420.3,4426.0,4416.6,4422.0,128078.0,real_delta_india
2026-03-23T22:00:00+00:00,4424.5,4438.8,4374.7,4435.3,382525.0,real_delta_india
2026-03-23T23:00:00+00:00,4434.3,4453.3,4427.25,4446.5,241834.0,real_delta_india
2026-03-24T00:00:00+00:00,4445.8,4451.1,4342.0,4371.0,895456.0,real_delta_india
2026-03-24T01:00:00+00:00,4370.5,4380.5,4319.9,4332.25,1184909.0,real_delta_india
2026-03-24T02:00:00+00:00,4332.0,4385.3,4317.25,4371.8,1933220.0,real_delta_india
2026-03-24T03:00:00+00:00,4371.6,4373.7,4343.6,4356.2,1334024.0,real_delta_india
2026-03-24T04:00:00+00:00,4357.7,4366.2,4336.4,4341.6,1155455.0,real_delta_india
2026-03-24T05:00:00+00:00,4342.0,4379.0,4326.3,4358.5,1812236.0,real_delta_india
2026-03-24T06:00:00+00:00,4355.2,4413.0,4355.0,4410.8,2455494.0,real_delta_india
2026-03-24T07:00:00+00:00,4409.0,4439.2,4406.4,4423.1,2125957.0,real_delta_india
2026-03-24T08:00:00+00:00,4422.51,4426.8,4397.7,4416.6,1347896.0,real_delta_india
2026-03-24T09:00:00+00:00,4417.2,4435.1,4401.9,4430.7,1139877.0,real_delta_india
2026-03-24T10:00:00+00:00,4431.4,4445.6,4419.4,4442.3,1350241.0,real_delta_india
2026-03-24T11:00:00+00:00,4442.3,4445.4,4384.4,4414.9,2254777.0,real_delta_india
2026-03-24T12:00:00+00:00,4415.7,4431.5,4371.2,4385.8,3026141.0,real_delta_india
2026-03-24T13:00:00+00:00,4385.0,4396.0,4359.0,4387.7,2551201.0,real_delta_india
2026-03-24T14:00:00+00:00,4386.7,4437.5,4386.6,4420.22,3317015.0,real_delta_india
2026-03-24T15:00:00+00:00,4420.1,4438.7,4403.3,4421.1,2278341.0,real_delta_india
2026-03-24T16:00:00+00:00,4420.9,4434.0,4412.1,4427.9,1517780.0,real_delta_india
2026-03-24T17:00:00+00:00,4428.0,4432.2,4377.0,4394.6,2645080.0,real_delta_india
2026-03-24T18:00:00+00:00,4394.6,4431.0,4389.9,4397.1,1579143.0,real_delta_india
2026-03-24T19:00:00+00:00,4395.9,4417.7,4395.9,4407.5,616407.0,real_delta_india
2026-03-24T20:00:00+00:00,4406.4,4491.5,4403.5,4483.6,1244046.0,real_delta_india
2026-03-24T21:00:00+00:00,4483.8,4503.6,4471.9,4483.4,584266.0,real_delta_india
2026-03-24T22:00:00+00:00,4484.0,4494.1,4461.5,4485.7,644651.0,real_delta_india
2026-03-24T23:00:00+00:00,4486.3,4553.0,4475.3,4546.8,795245.0,real_delta_india
2026-03-25T00:00:00+00:00,4548.5,4573.9,4540.1,4563.8,917905.0,real_delta_india
2026-03-25T01:00:00+00:00,4565.0,4597.0,4553.2,4590.1,1060426.0,real_delta_india
2026-03-25T02:00:00+00:00,4590.7,4597.7,4573.8,4576.7,1053549.0,real_delta_india
2026-03-25T03:00:00+00:00,4576.8,4580.2,4561.4,4564.0,1030379.0,real_delta_india
2026-03-25T04:00:00+00:00,4562.9,4569.3,4559.4,4566.7,557212.0,real_delta_india
2026-03-25T05:00:00+00:00,4566.7,4567.4,4544.55,4550.66,1219971.0,real_delta_india
2026-03-25T06:00:00+00:00,4550.8,4551.2,4529.58,4540.0,1229088.0,real_delta_india
2026-03-25T07:00:00+00:00,4540.0,4558.0,4536.3,4539.4,1146056.0,real_delta_india
2026-03-25T08:00:00+00:00,4540.1,4564.6,4535.3,4554.0,1406835.0,real_delta_india
2026-03-25T09:00:00+00:00,4554.0,4564.2,4525.5,4547.1,1502901.0,real_delta_india
2026-03-25T10:00:00+00:00,4548.0,4557.5,4546.0,4553.97,906769.0,real_delta_india
2026-03-25T11:00:00+00:00,4553.8,4583.0,4551.2,4574.9,1705930.0,real_delta_india
2026-03-25T12:00:00+00:00,4575.0,4579.6,4520.9,4542.25,2772822.0,real_delta_india
2026-03-25T13:00:00+00:00,4542.9,4572.7,4538.2,4541.4,2661549.0,real_delta_india
2026-03-25T14:00:00+00:00,4542.4,4578.9,4530.5,4566.3,2408281.0,real_delta_india
2026-03-25T15:00:00+00:00,4566.9,4568.7,4527.0,4558.9,2334759.0,real_delta_india
2026-03-25T16:00:00+00:00,4558.7,4564.0,4545.7,4556.8,1165517.0,real_delta_india
2026-03-25T17:00:00+00:00,4556.5,4564.9,4544.0,4552.6,1607623.0,real_delta_india
2026-03-25T18:00:00+00:00,4552.7,4569.1,4534.0,4540.0,1340289.0,real_delta_india
2026-03-25T19:00:00+00:00,4538.9,4540.7,4492.4,4532.5,2089978.0,real_delta_india
2026-03-25T20:00:00+00:00,4532.1,4542.1,4499.0,4508.4,840835.0,real_delta_india
2026-03-25T21:00:00+00:00,4509.2,4524.2,4505.0,4518.6,299063.0,real_delta_india
2026-03-25T22:00:00+00:00,4518.5,4535.5,4506.2,4519.8,489595.0,real_delta_india
2026-03-25T23:00:00+00:00,4519.2,4520.6,4492.5,4500.4,521275.0,real_delta_india
2026-03-26T00:00:00+00:00,4501.5,4538.8,4501.5,4535.0,670471.0,real_delta_india
2026-03-26T01:00:00+00:00,4535.0,4542.6,4521.8,4536.9,531740.0,real_delta_india
2026-03-26T02:00:00+00:00,4536.4,4537.8,4506.3,4509.0,780205.0,real_delta_india
2026-03-26T03:00:00+00:00,4508.9,4518.4,4500.2,4515.6,798441.0,real_delta_india
2026-03-26T04:00:00+00:00,4515.7,4523.3,4510.9,4519.6,842703.0,real_delta_india
2026-03-26T05:00:00+00:00,4519.6,4520.64,4439.3,4439.3,3279466.0,real_delta_india
2026-03-26T06:00:00+00:00,4439.3,4460.0,4417.2,4457.5,3352944.0,real_delta_india
2026-03-26T07:00:00+00:00,4457.4,4465.5,4440.0,4453.3,2212242.0,real_delta_india
2026-03-26T08:00:00+00:00,4452.25,4459.4,4415.8,4431.3,2701099.0,real_delta_india
2026-03-26T09:00:00+00:00,4431.3,4439.2,4417.6,4426.3,1669284.0,real_delta_india
2026-03-26T10:00:00+00:00,4426.6,4449.7,4420.7,4445.1,2249970.0,real_delta_india
2026-03-26T11:00:00+00:00,4445.4,4456.6,4422.57,4425.5,2155812.0,real_delta_india
2026-03-26T12:00:00+00:00,4425.2,4448.5,4420.0,4434.3,2288354.0,real_delta_india
2026-03-26T13:00:00+00:00,4433.0,4462.8,4425.3,4454.7,3542695.0,real_delta_india
2026-03-26T14:00:00+00:00,4456.3,4480.0,4440.3,4468.3,3739073.0,real_delta_india
2026-03-26T15:00:00+00:00,4468.4,4471.1,4436.2,4440.5,1946340.0,real_delta_india
2026-03-26T16:00:00+00:00,4440.6,4443.7,4371.0,4393.0,4738477.0,real_delta_india
2026-03-26T17:00:00+00:00,4392.5,4405.3,4382.3,4385.8,2409465.0,real_delta_india
2026-03-26T18:00:00+00:00,4386.2,4401.3,4372.9,4398.7,1611346.0,real_delta_india
2026-03-26T19:00:00+00:00,4400.0,4403.5,4365.8,4370.9,1236217.0,real_delta_india
2026-03-26T20:00:00+00:00,4369.9,4424.0,4358.2,4387.4,1992129.0,real_delta_india
2026-03-26T21:00:00+00:00,4388.7,4398.7,4386.8,4396.1,181814.0,real_delta_india
2026-03-26T22:00:00+00:00,4396.9,4416.0,4387.0,4414.7,347923.0,real_delta_india
2026-03-26T23:00:00+00:00,4415.8,4417.3,4394.1,4408.5,187297.0,real_delta_india
2026-03-27T00:00:00+00:00,4409.5,4414.3,4380.5,4382.9,547761.0,real_delta_india
2026-03-27T01:00:00+00:00,4383.0,4423.2,4383.0,4420.5,994801.0,real_delta_india
2026-03-27T02:00:00+00:00,4420.5,4442.6,4420.5,4434.6,1254064.0,real_delta_india
2026-03-27T03:00:00+00:00,4434.9,4447.5,4423.8,4439.3,953384.0,real_delta_india
2026-03-27T04:00:00+00:00,4439.7,4450.6,4432.1,4447.8,961372.0,real_delta_india
2026-03-27T05:00:00+00:00,4447.5,4476.3,4443.5,4456.1,1886145.0,real_delta_india
2026-03-27T06:00:00+00:00,4455.8,4473.4,4453.2,4460.6,1251097.0,real_delta_india
2026-03-27T07:00:00+00:00,4460.6,4463.4,4445.5,4448.5,1257717.0,real_delta_india
2026-03-27T08:00:00+00:00,4448.6,4453.0,4426.5,4426.7,1454996.0,real_delta_india
2026-03-27T09:00:00+00:00,4427.1,4440.0,4421.7,4430.2,1260472.0,real_delta_india
2026-03-27T10:00:00+00:00,4430.2,4434.1,4409.6,4413.7,1745566.0,real_delta_india
2026-03-27T11:00:00+00:00,4414.0,4426.4,4405.0,4420.2,1879903.0,real_delta_india
2026-03-27T12:00:00+00:00,4419.2,4446.5,4412.8,4437.9,2575074.0,real_delta_india
2026-03-27T13:00:00+00:00,4438.3,4443.1,4413.3,4432.6,2718166.0,real_delta_india
2026-03-27T14:00:00+00:00,4431.0,4512.7,4430.6,4507.5,4471354.0,real_delta_india
2026-03-27T15:00:00+00:00,4507.6,4552.0,4500.0,4522.1,4732259.0,real_delta_india
2026-03-27T16:00:00+00:00,4522.7,4530.1,4503.5,4515.1,2663147.0,real_delta_india
2026-03-27T17:00:00+00:00,4514.5,4521.0,4483.5,4484.0,2694657.0,real_delta_india
2026-03-27T18:00:00+00:00,4483.7,4527.26,4483.7,4517.4,1917118.0,real_delta_india
2026-03-27T19:00:00+00:00,4518.4,4525.5,4502.4,4514.9,1144336.0,real_delta_india
2026-03-27T20:00:00+00:00,4517.0,4521.0,4489.9,4492.2,730080.0,real_delta_india
2026-03-27T21:00:00+00:00,4492.1,4504.2,4489.3,4499.5,257737.0,real_delta_india
2026-03-27T22:00:00+00:00,4500.0,4500.1,4495.8,4499.1,55318.0,real_delta_india
2026-03-27T23:00:00+00:00,4499.0,4501.5,4496.4,4499.2,45215.0,real_delta_india
2026-03-28T00:00:00+00:00,4499.2,4501.5,4497.7,4500.4,49285.0,real_delta_india
2026-03-28T01:00:00+00:00,4500.5,4500.7,4487.2,4489.7,207510.0,real_delta_india
2026-03-28T02:00:00+00:00,4489.7,4492.1,4486.8,4489.7,122685.0,real_delta_india
2026-03-28T03:00:00+00:00,4489.9,4494.2,4488.8,4493.3,149482.0,real_delta_india
2026-03-28T04:00:00+00:00,4493.3,4493.4,4484.4,4491.3,253254.0,real_delta_india
2026-03-28T05:00:00+00:00,4491.1,4505.2,4491.05,4503.4,580833.0,real_delta_india
2026-03-28T06:00:00+00:00,4503.7,4507.6,4503.0,4504.8,313927.0,real_delta_india
2026-03-28T07:00:00+00:00,4504.8,4504.9,4500.9,4502.9,243356.0,real_delta_india
2026-03-28T08:00:00+00:00,4502.8,4502.8,4500.5,4501.99,179933.0,real_delta_india
2026-03-28T09:00:00+00:00,4502.0,4503.8,4500.0,4501.3,112248.0,real_delta_india
2026-03-28T10:00:00+00:00,4501.4,4501.8,4496.8,4499.8,232999.0,real_delta_india
2026-03-28T11:00:00+00:00,4500.0,4501.6,4499.0,4500.5,168329.0,real_delta_india
2026-03-28T12:00:00+00:00,4500.6,4505.7,4500.5,4503.4,170566.0,real_delta_india
2026-03-28T13:00:00+00:00,4503.5,4506.1,4501.0,4501.4,128498.0,real_delta_india
2026-03-28T14:00:00+00:00,4501.5,4503.7,4500.0,4500.2,103262.0,real_delta_india
2026-03-28T15:00:00+00:00,4500.3,4502.3,4494.3,4500.1,339634.0,real_delta_india
2026-03-28T16:00:00+00:00,4500.0,4502.1,4498.3,4499.3,154043.0,real_delta_india
2026-03-28T17:00:00+00:00,4499.3,4502.6,4498.9,4500.5,97175.0,real_delta_india
2026-03-28T18:00:00+00:00,4500.4,4504.5,4498.3,4499.9,79032.0,real_delta_india
2026-03-28T19:00:00+00:00,4499.8,4501.0,4498.6,4500.7,56943.0,real_delta_india
2026-03-28T20:00:00+00:00,4501.3,4502.7,4500.4,4502.7,18811.0,real_delta_india
2026-03-28T21:00:00+00:00,4502.31,4502.31,4498.7,4498.7,12763.0,real_delta_india
2026-03-28T22:00:00+00:00,4498.6,4501.2,4498.4,4499.4,10909.0,real_delta_india
2026-03-28T23:00:00+00:00,4499.4,4499.7,4498.3,4499.4,10895.0,real_delta_india
2026-03-29T00:00:00+00:00,4499.5,4500.7,4495.3,4496.0,70448.0,real_delta_india
2026-03-29T01:00:00+00:00,4496.0,4497.7,4488.7,4493.4,172526.0,real_delta_india
2026-03-29T02:00:00+00:00,4493.5,4496.2,4493.3,4496.0,36336.0,real_delta_india
2026-03-29T03:00:00+00:00,4496.0,4497.26,4494.6,4494.8,89114.0,real_delta_india
2026-03-29T04:00:00+00:00,4494.9,4496.5,4493.2,4493.4,70014.0,real_delta_india
2026-03-29T05:00:00+00:00,4493.4,4494.9,4493.0,4494.9,32550.0,real_delta_india
2026-03-29T06:00:00+00:00,4494.8,4494.9,4493.3,4493.5,34289.0,real_delta_india
2026-03-29T07:00:00+00:00,4493.7,4494.2,4492.2,4494.2,49345.0,real_delta_india
2026-03-29T08:00:00+00:00,4494.2,4494.6,4490.3,4492.3,54035.0,real_delta_india
2026-03-29T09:00:00+00:00,4492.4,4493.8,4488.0,4490.8,91340.0,real_delta_india
2026-03-29T10:00:00+00:00,4490.9,4493.5,4487.9,4491.3,67330.0,real_delta_india
2026-03-29T11:00:00+00:00,4491.2,4499.6,4490.2,4498.5,129665.0,real_delta_india
2026-03-29T12:00:00+00:00,4498.5,4515.0,4497.5,4515.0,330004.0,real_delta_india
2026-03-29T13:00:00+00:00,4515.0,4516.7,4505.6,4506.5,215330.0,real_delta_india
2026-03-29T14:00:00+00:00,4506.5,4510.1,4505.6,4506.9,154667.0,real_delta_india
2026-03-29T15:00:00+00:00,4506.8,4510.9,4504.9,4510.9,113512.0,real_delta_india
2026-03-29T16:00:00+00:00,4510.9,4516.5,4510.0,4512.6,181123.0,real_delta_india
2026-03-29T17:00:00+00:00,4512.6,4516.1,4512.5,4513.5,153404.0,real_delta_india
2026-03-29T18:00:00+00:00,4513.4,4517.6,4512.8,4517.4,112823.0,real_delta_india
2026-03-29T19:00:00+00:00,4517.4,4518.8,4513.3,4513.4,145370.0,real_delta_india
2026-03-29T20:00:00+00:00,4515.0,4518.7,4512.7,4513.8,33172.0,real_delta_india
2026-03-29T21:00:00+00:00,4513.7,4523.3,4513.6,4520.9,72800.0,real_delta_india
2026-03-29T22:00:00+00:00,4518.6,4518.6,4481.6,4487.2,642473.0,real_delta_india
2026-03-29T23:00:00+00:00,4488.5,4496.1,4448.0,4452.16,616242.0,real_delta_india
2026-03-30T00:00:00+00:00,4454.7,4472.7,4423.5,4435.9,1017970.0,real_delta_india
2026-03-30T01:00:00+00:00,4436.1,4480.6,4436.1,4475.7,792071.0,real_delta_india
2026-03-30T02:00:00+00:00,4475.0,4505.9,4466.1,4490.0,889913.0,real_delta_india
2026-03-30T03:00:00+00:00,4489.7,4525.6,4487.6,4503.0,1102711.0,real_delta_india
2026-03-30T04:00:00+00:00,4503.5,4505.8,4492.5,4504.4,656582.0,real_delta_india
2026-03-30T05:00:00+00:00,4504.7,4533.7,4504.7,4528.3,1179903.0,real_delta_india
2026-03-30T06:00:00+00:00,4528.3,4554.8,4523.7,4536.6,1468561.0,real_delta_india
2026-03-30T07:00:00+00:00,4536.5,4538.4,4519.3,4532.6,1271579.0,real_delta_india
2026-03-30T08:00:00+00:00,4532.31,4542.9,4530.4,4540.7,879248.0,real_delta_india
2026-03-30T09:00:00+00:00,4541.2,4542.94,4525.6,4534.5,822269.0,real_delta_india
2026-03-30T10:00:00+00:00,4535.0,4541.5,4530.1,4534.0,504793.0,real_delta_india
2026-03-30T11:00:00+00:00,4534.6,4579.5,4527.1,4558.6,2360788.0,real_delta_india
2026-03-30T12:00:00+00:00,4559.1,4576.5,4545.9,4568.5,1994777.0,real_delta_india
2026-03-30T13:00:00+00:00,4569.0,4577.0,4516.1,4520.6,3225299.0,real_delta_india
2026-03-30T14:00:00+00:00,4521.2,4539.1,4510.9,4537.0,3032769.0,real_delta_india
2026-03-30T15:00:00+00:00,4538.0,4553.6,4522.8,4545.4,2482298.0,real_delta_india
2026-03-30T16:00:00+00:00,4545.3,4546.3,4529.0,4536.8,1646378.0,real_delta_india
2026-03-30T17:00:00+00:00,4536.4,4538.4,4509.0,4512.2,2144384.0,real_delta_india
2026-03-30T18:00:00+00:00,4512.9,4520.2,4497.8,4497.9,1310900.0,real_delta_india
2026-03-30T19:00:00+00:00,4498.0,4515.8,4490.3,4511.9,1049318.0,real_delta_india
2026-03-30T20:00:00+00:00,4511.7,4513.9,4498.2,4507.4,180279.0,real_delta_india
2026-03-30T21:00:00+00:00,4507.3,4517.1,4505.1,4513.6,76104.0,real_delta_india
2026-03-30T22:00:00+00:00,4513.7,4520.7,4502.25,4511.1,146525.0,real_delta_india
2026-03-30T23:00:00+00:00,4505.1,4517.0,4490.0,4510.4,265620.0,real_delta_india
2026-03-31T00:00:00+00:00,4509.1,4543.0,4478.8,4542.8,1065051.0,real_delta_india
2026-03-31T01:00:00+00:00,4544.3,4612.1,4528.9,4599.6,1659220.0,real_delta_india
2026-03-31T02:00:00+00:00,4599.8,4601.0,4561.3,4564.2,1048189.0,real_delta_india
2026-03-31T03:00:00+00:00,4564.2,4573.0,4546.8,4552.8,1015867.0,real_delta_india
2026-03-31T04:00:00+00:00,4553.0,4564.0,4552.9,4559.8,790316.0,real_delta_india
2026-03-31T05:00:00+00:00,4559.5,4575.8,4542.6,4564.2,1878243.0,real_delta_india
2026-03-31T06:00:00+00:00,4564.2,4564.2,4550.0,4554.0,1005126.0,real_delta_india
2026-03-31T07:00:00+00:00,4554.14,4563.5,4540.2,4562.2,1450830.0,real_delta_india
2026-03-31T08:00:00+00:00,4562.4,4573.6,4558.5,4566.7,1312406.0,real_delta_india
2026-03-31T09:00:00+00:00,4566.8,4570.0,4548.4,4552.6,1213577.0,real_delta_india
2026-03-31T10:00:00+00:00,4552.7,4559.0,4527.4,4545.3,1260485.0,real_delta_india
2026-03-31T11:00:00+00:00,4545.6,4589.9,4539.8,4579.2,2641189.0,real_delta_india
2026-03-31T12:00:00+00:00,4579.9,4594.2,4567.4,4571.8,2521870.0,real_delta_india
2026-03-31T13:00:00+00:00,4573.3,4604.9,4565.3,4604.2,2705579.0,real_delta_india
2026-03-31T14:00:00+00:00,4603.2,4626.6,4590.3,4593.9,3808160.0,real_delta_india
2026-03-31T15:00:00+00:00,4593.9,4619.6,4593.9,4604.3,2363740.0,real_delta_india
2026-03-31T16:00:00+00:00,4604.2,4645.4,4602.8,4633.1,2489156.0,real_delta_india
2026-03-31T17:00:00+00:00,4634.5,4661.2,4630.9,4648.1,2719964.0,real_delta_india
2026-03-31T18:00:00+00:00,4648.2,4664.2,4647.4,4659.9,1143092.0,real_delta_india
2026-03-31T19:00:00+00:00,4660.9,4678.0,4654.5,4675.1,1001130.0,real_delta_india
2026-03-31T20:00:00+00:00,4674.9,4679.2,4656.4,4661.4,592280.0,real_delta_india
2026-03-31T21:00:00+00:00,4661.1,4661.2,4649.3,4653.7,235526.0,real_delta_india
2026-03-31T22:00:00+00:00,4657.9,4685.0,4654.22,4673.0,477199.0,real_delta_india
2026-03-31T23:00:00+00:00,4671.0,4689.8,4662.8,4686.2,238791.0,real_delta_india
2026-04-01T00:00:00+00:00,4685.4,4710.8,4684.1,4700.4,749207.0,real_delta_india
2026-04-01T01:00:00+00:00,4700.57,4711.7,4670.5,4680.7,921707.0,real_delta_india
2026-04-01T02:00:00+00:00,4681.3,4687.5,4666.6,4672.9,647902.0,real_delta_india
2026-04-01T03:00:00+00:00,4672.9,4681.5,4667.5,4670.2,623588.0,real_delta_india
2026-04-01T04:00:00+00:00,4670.1,4670.9,4657.0,4665.6,918668.0,real_delta_india
2026-04-01T05:00:00+00:00,4666.0,4693.7,4664.7,4675.1,1395802.0,real_delta_india
2026-04-01T06:00:00+00:00,4674.81,4720.0,4673.4,4718.0,1840899.0,real_delta_india
2026-04-01T07:00:00+00:00,4718.9,4733.8,4698.7,4701.2,1638881.0,real_delta_india
2026-04-01T08:00:00+00:00,4699.8,4726.8,4698.8,4715.3,1248785.0,real_delta_india
2026-04-01T09:00:00+00:00,4715.3,4716.8,4701.8,4712.1,1039667.0,real_delta_india
2026-04-01T10:00:00+00:00,4711.56,4725.9,4702.09,4718.9,1129500.0,real_delta_india
2026-04-01T11:00:00+00:00,4718.6,4748.9,4716.1,4738.5,1918935.0,real_delta_india
2026-04-01T12:00:00+00:00,4738.4,4740.4,4711.8,4712.0,2917604.0,real_delta_india
2026-04-01T13:00:00+00:00,4712.0,4735.0,4704.3,4725.4,2013617.0,real_delta_india
2026-04-01T14:00:00+00:00,4721.9,4754.8,4711.0,4747.0,2362169.0,real_delta_india
2026-04-01T15:00:00+00:00,4747.3,4775.08,4745.4,4774.4,2579143.0,real_delta_india
2026-04-01T16:00:00+00:00,4774.5,4778.6,4759.9,4773.4,1774338.0,real_delta_india
2026-04-01T17:00:00+00:00,4773.4,4780.1,4759.0,4759.5,1621307.0,real_delta_india
2026-04-01T18:00:00+00:00,4759.4,4760.0,4729.0,4738.1,1642826.0,real_delta_india
2026-04-01T19:00:00+00:00,4738.0,4762.5,4737.3,4750.4,637740.0,real_delta_india
2026-04-01T20:00:00+00:00,4753.3,4756.9,4741.0,4742.9,201938.0,real_delta_india
2026-04-01T21:00:00+00:00,4743.5,4748.0,4741.1,4747.4,118347.0,real_delta_india
2026-04-01T22:00:00+00:00,4748.0,4765.6,4737.0,4760.2,370150.0,real_delta_india
2026-04-01T23:00:00+00:00,4759.9,4782.1,4757.25,4767.0,373182.0,real_delta_india
2026-04-02T00:00:00+00:00,4765.3,4780.7,4758.7,4769.8,481791.0,real_delta_india
2026-04-02T01:00:00+00:00,4769.4,4769.4,4642.25,4684.5,2625837.0,real_delta_india
2026-04-02T02:00:00+00:00,4684.5,4692.26,4647.25,4676.9,1311968.0,real_delta_india
2026-04-02T03:00:00+00:00,4675.7,4687.6,4664.3,4666.6,984198.0,real_delta_india
2026-04-02T04:00:00+00:00,4666.6,4670.0,4648.5,4662.0,945624.0,real_delta_india
2026-04-02T05:00:00+00:00,4662.8,4669.1,4578.6,4586.9,2384740.0,real_delta_india
2026-04-02T06:00:00+00:00,4588.0,4600.5,4548.1,4591.8,2544775.0,real_delta_india
2026-04-02T07:00:00+00:00,4591.4,4641.3,4590.2,4633.6,2140131.0,real_delta_india
2026-04-02T08:00:00+00:00,4633.6,4638.8,4609.0,4612.0,1769166.0,real_delta_india
2026-04-02T09:00:00+00:00,4611.3,4623.4,4604.5,4614.9,1052151.0,real_delta_india
2026-04-02T10:00:00+00:00,4615.1,4626.6,4597.6,4614.3,1410002.0,real_delta_india
2026-04-02T11:00:00+00:00,4613.9,4622.6,4586.7,4591.8,1615882.0,real_delta_india
2026-04-02T12:00:00+00:00,4592.04,4620.3,4586.2,4592.6,2039481.0,real_delta_india
2026-04-02T13:00:00+00:00,4593.1,4641.2,4572.3,4636.1,3196526.0,real_delta_india
2026-04-02T14:00:00+00:00,4636.3,4687.8,4622.0,4668.9,3896152.0,real_delta_india
2026-04-02T15:00:00+00:00,4668.8,4670.6,4641.0,4649.1,2674905.0,real_delta_india
2026-04-02T16:00:00+00:00,4648.5,4658.9,4632.7,4649.3,2027350.0,real_delta_india
2026-04-02T17:00:00+00:00,4649.0,4656.4,4634.5,4636.6,1336069.0,real_delta_india
2026-04-02T18:00:00+00:00,4636.6,4659.7,4635.8,4656.5,1159755.0,real_delta_india
2026-04-02T19:00:00+00:00,4657.1,4670.8,4651.2,4660.2,1031882.0,real_delta_india
2026-04-02T20:00:00+00:00,4660.5,4665.1,4653.9,4662.3,221626.0,real_delta_india
2026-04-02T21:00:00+00:00,4663.4,4668.6,4661.3,4666.7,77062.0,real_delta_india
2026-04-02T22:00:00+00:00,4666.7,4669.3,4662.3,4663.2,80711.0,real_delta_india
2026-04-02T23:00:00+00:00,4663.2,4668.6,4662.5,4666.8,49295.0,real_delta_india
2026-04-03T00:00:00+00:00,4667.3,4667.8,4662.6,4664.9,59359.0,real_delta_india
2026-04-03T01:00:00+00:00,4664.9,4664.9,4657.4,4660.6,225025.0,real_delta_india
2026-04-03T02:00:00+00:00,4660.2,4663.5,4659.2,4663.2,210051.0,real_delta_india
2026-04-03T03:00:00+00:00,4663.6,4664.0,4660.0,4661.5,144835.0,real_delta_india
2026-04-03T04:00:00+00:00,4661.4,4665.0,4661.4,4664.3,168059.0,real_delta_india
2026-04-03T05:00:00+00:00,4664.3,4665.7,4660.6,4665.5,124598.0,real_delta_india
2026-04-03T06:00:00+00:00,4665.6,4667.2,4661.7,4662.0,171763.0,real_delta_india
2026-04-03T07:00:00+00:00,4662.0,4662.6,4655.9,4657.8,331396.0,real_delta_india
2026-04-03T08:00:00+00:00,4657.8,4662.5,4657.7,4660.3,181451.0,real_delta_india
2026-04-03T09:00:00+00:00,4660.3,4660.7,4658.0,4659.9,85625.0,real_delta_india
2026-04-03T10:00:00+00:00,4659.9,4661.0,4659.2,4659.3,83427.0,real_delta_india
2026-04-03T11:00:00+00:00,4659.4,4660.3,4658.1,4659.8,99895.0,real_delta_india
2026-04-03T12:00:00+00:00,4659.7,4664.1,4641.4,4645.6,408600.0,real_delta_india
2026-04-03T13:00:00+00:00,4645.5,4650.2,4644.4,4649.3,279266.0,real_delta_india
2026-04-03T14:00:00+00:00,4649.2,4650.0,4645.8,4647.1,196430.0,real_delta_india
2026-04-03T15:00:00+00:00,4647.1,4649.7,4645.4,4648.2,137585.0,real_delta_india
2026-04-03T16:00:00+00:00,4648.3,4651.4,4647.2,4649.9,172456.0,real_delta_india
2026-04-03T17:00:00+00:00,4649.9,4649.9,4645.5,4646.6,139744.0,real_delta_india
2026-04-03T18:00:00+00:00,4646.6,4646.8,4643.6,4645.0,114936.0,real_delta_india
2026-04-03T19:00:00+00:00,4645.1,4647.4,4641.4,4643.5,54741.0,real_delta_india
2026-04-03T20:00:00+00:00,4643.5,4644.4,4641.58,4643.7,22828.0,real_delta_india
2026-04-03T21:00:00+00:00,4643.9,4647.4,4643.9,4645.8,21777.0,real_delta_india
2026-04-03T22:00:00+00:00,4645.7,4646.4,4644.1,4644.5,6441.0,real_delta_india
2026-04-03T23:00:00+00:00,4644.6,4648.0,4644.5,4646.8,19764.0,real_delta_india
2026-04-04T00:00:00+00:00,4646.8,4648.8,4644.9,4646.2,17799.0,real_delta_india
2026-04-04T01:00:00+00:00,4646.2,4651.7,4646.2,4651.7,92105.0,real_delta_india
2026-04-04T02:00:00+00:00,4651.7,4652.3,4649.8,4651.3,65653.0,real_delta_india
2026-04-04T03:00:00+00:00,4651.26,4651.6,4648.91,4651.3,31412.0,real_delta_india
2026-04-04T04:00:00+00:00,4651.2,4651.3,4648.34,4649.3,41789.0,real_delta_india
2026-04-04T05:00:00+00:00,4649.2,4649.3,4648.3,4648.91,45622.0,real_delta_india
2026-04-04T06:00:00+00:00,4648.9,4651.4,4648.8,4649.8,53752.0,real_delta_india
2026-04-04T07:00:00+00:00,4649.9,4650.1,4648.3,4648.3,34014.0,real_delta_india
2026-04-04T08:00:00+00:00,4648.3,4648.4,4646.8,4647.6,40740.0,real_delta_india
2026-04-04T09:00:00+00:00,4647.6,4649.1,4646.6,4648.8,52451.0,real_delta_india
2026-04-04T10:00:00+00:00,4648.8,4652.8,4648.7,4652.3,111046.0,real_delta_india
2026-04-04T11:00:00+00:00,4652.3,4654.4,4648.4,4650.3,120877.0,real_delta_india
2026-04-04T12:00:00+00:00,4650.3,4653.1,4650.2,4653.0,48295.0,real_delta_india
2026-04-04T13:00:00+00:00,4653.0,4653.7,4651.9,4653.6,55682.0,real_delta_india
2026-04-04T14:00:00+00:00,4653.9,4654.9,4652.1,4654.3,77392.0,real_delta_india
2026-04-04T15:00:00+00:00,4654.4,4655.9,4652.1,4654.0,157347.0,real_delta_india
2026-04-04T16:00:00+00:00,4654.2,4656.2,4654.1,4655.3,80219.0,real_delta_india
2026-04-04T17:00:00+00:00,4655.4,4655.4,4649.7,4650.4,88053.0,real_delta_india
2026-04-04T18:00:00+00:00,4650.3,4651.2,4648.2,4649.4,66265.0,real_delta_india
2026-04-04T19:00:00+00:00,4649.0,4650.3,4647.2,4647.9,73730.0,real_delta_india
2026-04-04T20:00:00+00:00,4647.8,4649.2,4646.2,4649.1,34104.0,real_delta_india
2026-04-04T21:00:00+00:00,4649.1,4649.5,4647.4,4648.6,7107.0,real_delta_india
2026-04-04T22:00:00+00:00,4648.6,4648.9,4647.7,4648.7,10408.0,real_delta_india
2026-04-04T23:00:00+00:00,4648.5,4648.8,4646.6,4646.7,22561.0,real_delta_india
2026-04-05T00:00:00+00:00,4646.8,4649.7,4645.7,4647.7,32497.0,real_delta_india
2026-04-05T01:00:00+00:00,4647.7,4648.7,4647.3,4647.7,6103.0,real_delta_india
2026-04-05T02:00:00+00:00,4647.6,4649.1,4647.6,4648.8,20419.0,real_delta_india
2026-04-05T03:00:00+00:00,4648.8,4649.0,4648.5,4648.7,12721.0,real_delta_india
2026-04-05T04:00:00+00:00,4648.7,4649.0,4648.5,4648.7,16965.0,real_delta_india
2026-04-05T05:00:00+00:00,4648.6,4648.7,4647.94,4648.0,17971.0,real_delta_india
2026-04-05T06:00:00+00:00,4648.0,4650.4,4647.0,4648.1,56298.0,real_delta_india
2026-04-05T07:00:00+00:00,4648.2,4648.2,4646.4,4646.7,46025.0,real_delta_india
2026-04-05T08:00:00+00:00,4646.6,4648.8,4646.4,4647.3,33586.0,real_delta_india
2026-04-05T09:00:00+00:00,4647.2,4648.5,4646.5,4646.5,27081.0,real_delta_india
2026-04-05T10:00:00+00:00,4646.6,4646.7,4638.6,4640.5,136700.0,real_delta_india
2026-04-05T11:00:00+00:00,4640.5,4640.5,4631.6,4635.9,203787.0,real_delta_india
2026-04-05T12:00:00+00:00,4635.8,4635.8,4616.1,4626.4,589003.0,real_delta_india
2026-04-05T13:00:00+00:00,4626.31,4637.1,4624.7,4628.6,234997.0,real_delta_india
2026-04-05T14:00:00+00:00,4628.7,4634.0,4628.6,4632.5,97109.0,real_delta_india
2026-04-05T15:00:00+00:00,4632.6,4636.2,4630.6,4632.7,138930.0,real_delta_india
2026-04-05T16:00:00+00:00,4630.8,4633.9,4616.6,4620.7,256577.0,real_delta_india
2026-04-05T17:00:00+00:00,4620.7,4620.8,4616.0,4617.0,212610.0,real_delta_india
2026-04-05T18:00:00+00:00,4617.0,4622.9,4616.5,4620.3,187495.0,real_delta_india
2026-04-05T19:00:00+00:00,4620.3,4626.0,4620.3,4625.7,108618.0,real_delta_india
2026-04-05T20:00:00+00:00,4622.0,4623.1,4614.9,4621.7,111495.0,real_delta_india
2026-04-05T21:00:00+00:00,4622.0,4627.7,4614.1,4622.6,63060.0,real_delta_india
2026-04-05T22:00:00+00:00,4627.26,4647.7,4601.5,4629.0,754127.0,real_delta_india
2026-04-05T23:00:00+00:00,4629.1,4632.9,4592.3,4598.4,692096.0,real_delta_india
2026-04-06T00:00:00+00:00,4597.8,4613.1,4585.6,4608.7,774931.0,real_delta_india
2026-04-06T01:00:00+00:00,4609.8,4630.9,4608.9,4612.6,634849.0,real_delta_india
2026-04-06T02:00:00+00:00,4612.7,4656.7,4611.2,4633.9,762774.0,real_delta_india
2026-04-06T03:00:00+00:00,4633.5,4633.5,4612.2,4626.6,823781.0,real_delta_india
2026-04-06T04:00:00+00:00,4626.6,4677.89,4626.6,4644.4,708503.0,real_delta_india
2026-04-06T05:00:00+00:00,4644.5,4664.4,4639.5,4640.9,1601308.0,real_delta_india
2026-04-06T06:00:00+00:00,4640.9,4654.3,4631.6,4651.8,1123987.0,real_delta_india
2026-04-06T07:00:00+00:00,4652.4,4674.0,4632.2,4669.7,1883052.0,real_delta_india
2026-04-06T08:00:00+00:00,4670.6,4682.0,4667.0,4680.4,1165326.0,real_delta_india
2026-04-06T09:00:00+00:00,4681.7,4690.9,4674.6,4677.2,1275501.0,real_delta_india
2026-04-06T10:00:00+00:00,4677.2,4681.8,4667.71,4674.8,864877.0,real_delta_india
2026-04-06T11:00:00+00:00,4674.7,4680.5,4662.5,4663.5,982885.0,real_delta_india
2026-04-06T12:00:00+00:00,4664.0,4670.0,4645.0,4659.5,2171030.0,real_delta_india
2026-04-06T13:00:00+00:00,4659.7,4665.7,4644.6,4664.7,1947717.0,real_delta_india
2026-04-06T14:00:00+00:00,4665.82,4679.6,4645.6,4666.7,2257011.0,real_delta_india
2026-04-06T15:00:00+00:00,4666.6,4667.8,4636.9,4651.7,2197638.0,real_delta_india
2026-04-06T16:00:00+00:00,4652.1,4655.8,4642.4,4644.0,1002882.0,real_delta_india
2026-04-06T17:00:00+00:00,4644.1,4645.6,4630.3,4638.3,1159157.0,real_delta_india
2026-04-06T18:00:00+00:00,4638.5,4650.9,4633.1,4641.0,734900.0,real_delta_india
2026-04-06T19:00:00+00:00,4641.1,4642.0,4630.4,4638.9,342565.0,real_delta_india
2026-04-06T20:00:00+00:00,4638.9,4642.3,4634.2,4634.4,127747.0,real_delta_india
2026-04-06T21:00:00+00:00,4636.3,4639.4,4632.3,4636.5,48062.0,real_delta_india
2026-04-06T22:00:00+00:00,4636.7,4650.3,4635.2,4639.8,160420.0,real_delta_india
2026-04-06T23:00:00+00:00,4639.8,4642.6,4634.4,4641.9,163392.0,real_delta_india
2026-04-07T00:00:00+00:00,4641.2,4644.6,4633.6,4638.6,177091.0,real_delta_india
2026-04-07T01:00:00+00:00,4638.0,4647.3,4601.0,4610.4,1351541.0,real_delta_india
2026-04-07T02:00:00+00:00,4609.9,4633.8,4603.3,4631.6,550225.0,real_delta_india
2026-04-07T03:00:00+00:00,4631.5,4634.3,4622.2,4632.2,418653.0,real_delta_india
2026-04-07T04:00:00+00:00,4632.9,4645.8,4627.3,4641.3,842659.0,real_delta_india
2026-04-07T05:00:00+00:00,4641.5,4642.8,4608.0,4624.5,1209848.0,real_delta_india
2026-04-07T06:00:00+00:00,4624.6,4638.4,4619.8,4635.7,778521.0,real_delta_india
2026-04-07T07:00:00+00:00,4636.3,4638.7,4621.0,4629.1,650061.0,real_delta_india
2026-04-07T08:00:00+00:00,4629.1,4672.1,4627.3,4664.4,1566118.0,real_delta_india
2026-04-07T09:00:00+00:00,4664.4,4676.39,4643.8,4655.0,1634807.0,real_delta_india
2026-04-07T10:00:00+00:00,4655.32,4663.0,4634.0,4636.3,1247851.0,real_delta_india
2026-04-07T11:00:00+00:00,4636.7,4645.9,4615.7,4642.6,1583509.0,real_delta_india
2026-04-07T12:00:00+00:00,4642.8,4653.4,4631.2,4636.2,1993802.0,real_delta_india
2026-04-07T13:00:00+00:00,4635.9,4647.5,4621.5,4628.8,1240242.0,real_delta_india
2026-04-07T14:00:00+00:00,4628.0,4643.5,4592.9,4617.2,3341999.0,real_delta_india
2026-04-07T15:00:00+00:00,4617.1,4643.4,4611.1,4640.4,1628830.0,real_delta_india
2026-04-07T16:00:00+00:00,4640.8,4652.1,4638.1,4642.2,1181136.0,real_delta_india
2026-04-07T17:00:00+00:00,4641.94,4669.9,4640.2,4659.6,1815463.0,real_delta_india
2026-04-07T18:00:00+00:00,4660.5,4669.3,4642.8,4646.9,1191001.0,real_delta_india
2026-04-07T19:00:00+00:00,4648.0,4701.1,4646.6,4684.63,1443633.0,real_delta_india
2026-04-07T20:00:00+00:00,4685.6,4698.1,4682.0,4689.4,766834.0,real_delta_india
2026-04-07T21:00:00+00:00,4688.9,4700.1,4685.9,4695.1,170803.0,real_delta_india
2026-04-07T22:00:00+00:00,4700.0,4798.3,4698.4,4796.3,1336160.0,real_delta_india
2026-04-07T23:00:00+00:00,4797.2,4810.8,4781.7,4809.0,716548.0,real_delta_india
2026-04-08T00:00:00+00:00,4808.5,4833.5,4785.4,4793.9,1154699.0,real_delta_india
2026-04-08T01:00:00+00:00,4796.7,4799.1,4766.5,4787.0,1006006.0,real_delta_india
2026-04-08T02:00:00+00:00,4787.5,4799.6,4775.6,4780.1,724232.0,real_delta_india
2026-04-08T03:00:00+00:00,4780.3,4781.6,4772.1,4774.1,484433.0,real_delta_india
2026-04-08T04:00:00+00:00,4774.2,4783.3,4767.0,4779.5,808946.0,real_delta_india
2026-04-08T05:00:00+00:00,4779.6,4818.0,4777.3,4804.0,1507497.0,real_delta_india
2026-04-08T06:00:00+00:00,4803.5,4815.2,4795.8,4796.2,1144756.0,real_delta_india
2026-04-08T07:00:00+00:00,4796.2,4796.8,4782.9,4790.1,1050513.0,real_delta_india
2026-04-08T08:00:00+00:00,4789.8,4796.0,4770.1,4774.5,800346.0,real_delta_india
2026-04-08T09:00:00+00:00,4774.4,4786.7,4757.1,4764.1,1193653.0,real_delta_india
2026-04-08T10:00:00+00:00,4764.3,4775.5,4752.3,4763.7,1494044.0,real_delta_india
2026-04-08T11:00:00+00:00,4763.7,4781.61,4760.0,4778.3,1407729.0,real_delta_india
2026-04-08T12:00:00+00:00,4778.6,4786.9,4748.2,4780.7,2513815.0,real_delta_india
2026-04-08T13:00:00+00:00,4781.8,4787.3,4749.0,4759.6,2235661.0,real_delta_india
2026-04-08T14:00:00+00:00,4757.7,4771.5,4714.5,4717.2,2451822.0,real_delta_india
2026-04-08T15:00:00+00:00,4717.8,4743.7,4715.9,4737.9,1458599.0,real_delta_india
2026-04-08T16:00:00+00:00,4737.8,4746.56,4726.8,4741.2,1262186.0,real_delta_india
2026-04-08T17:00:00+00:00,4741.2,4745.5,4714.8,4716.2,1869687.0,real_delta_india
2026-04-08T18:00:00+00:00,4717.0,4727.1,4686.82,4688.0,1983256.0,real_delta_india
2026-04-08T19:00:00+00:00,4687.0,4714.2,4681.1,4713.5,1091273.0,real_delta_india
2026-04-08T20:00:00+00:00,4714.4,4714.6,4700.4,4703.7,303045.0,real_delta_india
2026-04-08T21:00:00+00:00,4705.1,4715.0,4705.1,4710.7,86880.0,real_delta_india
2026-04-08T22:00:00+00:00,4711.7,4715.9,4688.9,4701.6,193205.0,real_delta_india
2026-04-08T23:00:00+00:00,4701.6,4702.7,4690.6,4699.9,197729.0,real_delta_india
2026-04-09T00:00:00+00:00,4699.8,4702.3,4682.7,4690.8,355932.0,real_delta_india
2026-04-09T01:00:00+00:00,4690.4,4712.1,4684.0,4712.0,789060.0,real_delta_india
2026-04-09T02:00:00+00:00,4712.8,4717.0,4702.8,4704.3,560859.0,real_delta_india
2026-04-09T03:00:00+00:00,4704.3,4704.9,4690.6,4696.7,721177.0,real_delta_india
2026-04-09T04:00:00+00:00,4696.9,4708.6,4695.7,4704.7,472937.0,real_delta_india
2026-04-09T05:00:00+00:00,4703.5,4711.2,4693.0,4699.1,723829.0,real_delta_india
2026-04-09T06:00:00+00:00,4699.3,4709.7,4690.9,4699.6,716494.0,real_delta_india
2026-04-09T07:00:00+00:00,4699.8,4716.0,4693.9,4709.2,888771.0,real_delta_india
2026-04-09T08:00:00+00:00,4710.5,4719.8,4706.8,4713.5,634407.0,real_delta_india
2026-04-09T09:00:00+00:00,4713.0,4720.5,4710.5,4716.9,761485.0,real_delta_india
2026-04-09T10:00:00+00:00,4716.8,4732.0,4710.2,4727.4,1175398.0,real_delta_india
2026-04-09T11:00:00+00:00,4727.4,4742.4,4724.4,4741.6,1292509.0,real_delta_india
2026-04-09T12:00:00+00:00,4741.7,4744.7,4721.8,4731.7,1607477.0,real_delta_india
2026-04-09T13:00:00+00:00,4731.3,4761.7,4725.78,4749.7,2606339.0,real_delta_india
2026-04-09T14:00:00+00:00,4750.0,4761.0,4735.1,4755.0,1972948.0,real_delta_india
2026-04-09T15:00:00+00:00,4755.0,4782.2,4747.1,4778.5,2388007.0,real_delta_india
2026-04-09T16:00:00+00:00,4778.6,4787.2,4768.4,4772.0,1429571.0,real_delta_india
2026-04-09T17:00:00+00:00,4772.3,4784.7,4770.8,4781.8,1248136.0,real_delta_india
2026-04-09T18:00:00+00:00,4781.6,4781.6,4754.4,4758.2,1389142.0,real_delta_india
2026-04-09T19:00:00+00:00,4758.7,4767.7,4752.1,4754.3,527190.0,real_delta_india
2026-04-09T20:00:00+00:00,4754.6,4759.0,4748.4,4753.0,323754.0,real_delta_india
2026-04-09T21:00:00+00:00,4752.3,4754.8,4746.71,4752.8,82360.0,real_delta_india
2026-04-09T22:00:00+00:00,4753.1,4761.8,4742.4,4747.0,234585.0,real_delta_india
2026-04-09T23:00:00+00:00,4746.8,4746.9,4740.7,4746.3,135902.0,real_delta_india
2026-04-10T00:00:00+00:00,4745.8,4746.1,4734.1,4745.7,435085.0,real_delta_india
2026-04-10T01:00:00+00:00,4744.3,4757.3,4741.1,4746.3,399727.0,real_delta_india
2026-04-10T02:00:00+00:00,4746.8,4747.0,4721.4,4734.0,799418.0,real_delta_india
2026-04-10T03:00:00+00:00,4734.1,4750.0,4734.0,4747.0,682775.0,real_delta_india
2026-04-10T04:00:00+00:00,4747.0,4751.6,4739.7,4740.0,842473.0,real_delta_india
2026-04-10T05:00:00+00:00,4740.2,4749.6,4739.8,4746.9,577402.0,real_delta_india
2026-04-10T06:00:00+00:00,4746.17,4746.17,4726.6,4730.0,1111046.0,real_delta_india
2026-04-10T07:00:00+00:00,4729.3,4738.5,4724.8,4730.7,812272.0,real_delta_india
2026-04-10T08:00:00+00:00,4730.6,4734.7,4713.5,4723.5,956427.0,real_delta_india
2026-04-10T09:00:00+00:00,4724.5,4741.1,4723.6,4734.0,739955.0,real_delta_india
2026-04-10T10:00:00+00:00,4733.8,4742.1,4725.0,4738.9,762905.0,real_delta_india
2026-04-10T11:00:00+00:00,4739.0,4750.0,4735.8,4749.4,778221.0,real_delta_india
2026-04-10T12:00:00+00:00,4749.4,4762.6,4741.6,4753.0,1820067.0,real_delta_india
2026-04-10T13:00:00+00:00,4752.6,4760.0,4746.0,4756.0,1082380.0,real_delta_india
2026-04-10T14:00:00+00:00,4756.0,4775.0,4749.9,4754.8,2160446.0,real_delta_india
2026-04-10T15:00:00+00:00,4754.7,4767.2,4737.5,4742.9,1590815.0,real_delta_india
2026-04-10T16:00:00+00:00,4743.0,4748.0,4730.8,4745.9,1157413.0,real_delta_india
2026-04-10T17:00:00+00:00,4746.0,4750.7,4740.8,4743.4,756570.0,real_delta_india
2026-04-10T18:00:00+00:00,4743.41,4754.7,4735.0,4748.7,818315.0,real_delta_india
2026-04-10T19:00:00+00:00,4748.6,4752.8,4740.4,4741.3,240499.0,real_delta_india
2026-04-10T20:00:00+00:00,4741.4,4741.5,4726.7,4734.9,288393.0,real_delta_india
2026-04-10T21:00:00+00:00,4732.7,4743.2,4732.7,4734.9,36938.0,real_delta_india
2026-04-10T22:00:00+00:00,4735.2,4739.2,4731.8,4733.0,32091.0,real_delta_india
2026-04-10T23:00:00+00:00,4733.1,4733.5,4730.1,4731.8,36520.0,real_delta_india
2026-04-11T00:00:00+00:00,4730.7,4731.3,4728.2,4728.7,73003.0,real_delta_india
2026-04-11T01:00:00+00:00,4729.3,4731.0,4727.7,4730.8,91497.0,real_delta_india
2026-04-11T02:00:00+00:00,4730.9,4731.3,4729.5,4729.7,78551.0,real_delta_india
2026-04-11T03:00:00+00:00,4729.9,4730.0,4728.1,4728.8,52356.0,real_delta_india
2026-04-11T04:00:00+00:00,4728.8,4729.9,4727.4,4729.8,98103.0,real_delta_india
2026-04-11T05:00:00+00:00,4729.9,4730.9,4724.5,4730.5,85652.0,real_delta_india
2026-04-11T06:00:00+00:00,4731.0,4731.0,4729.8,4730.0,51488.0,real_delta_india
2026-04-11T07:00:00+00:00,4730.0,4730.5,4729.8,4730.1,47922.0,real_delta_india
2026-04-11T08:00:00+00:00,4730.2,4732.5,4729.8,4732.4,51593.0,real_delta_india
2026-04-11T09:00:00+00:00,4732.39,4732.9,4730.7,4731.9,39151.0,real_delta_india
2026-04-11T10:00:00+00:00,4732.1,4732.6,4729.9,4730.1,25785.0,real_delta_india
2026-04-11T11:00:00+00:00,4730.1,4730.1,4728.5,4728.6,42432.0,real_delta_india
2026-04-11T12:00:00+00:00,4728.6,4729.4,4727.9,4728.5,30435.0,real_delta_india
2026-04-11T13:00:00+00:00,4728.5,4728.5,4727.5,4728.1,44811.0,real_delta_india
2026-04-11T14:00:00+00:00,4728.1,4738.3,4728.1,4732.0,87333.0,real_delta_india
2026-04-11T15:00:00+00:00,4732.1,4733.6,4731.2,4733.4,39406.0,real_delta_india
2026-04-11T16:00:00+00:00,4733.7,4736.9,4731.0,4732.1,126030.0,real_delta_india
2026-04-11T17:00:00+00:00,4732.1,4733.8,4725.7,4728.5,136320.0,real_delta_india
2026-04-11T18:00:00+00:00,4728.5,4737.6,4727.0,4735.0,108757.0,real_delta_india
2026-04-11T19:00:00+00:00,4734.9,4736.3,4732.5,4734.1,74944.0,real_delta_india
2026-04-11T20:00:00+00:00,4734.0,4734.8,4732.65,4734.3,21548.0,real_delta_india
2026-04-11T21:00:00+00:00,4734.4,4736.0,4734.3,4734.6,7015.0,real_delta_india
2026-04-11T22:00:00+00:00,4734.2,4734.6,4731.8,4732.3,19255.0,real_delta_india
2026-04-11T23:00:00+00:00,4732.3,4732.3,4730.0,4730.6,46187.0,real_delta_india
2026-04-12T00:00:00+00:00,4730.5,4733.1,4730.5,4733.1,17439.0,real_delta_india
2026-04-12T01:00:00+00:00,4733.3,4733.6,4714.72,4714.8,159995.0,real_delta_india
2026-04-12T02:00:00+00:00,4714.9,4716.8,4706.5,4716.6,173733.0,real_delta_india
2026-04-12T03:00:00+00:00,4716.5,4719.4,4714.2,4716.9,134091.0,real_delta_india
2026-04-12T04:00:00+00:00,4716.9,4717.5,4710.0,4711.0,94934.0,real_delta_india
2026-04-12T05:00:00+00:00,4710.9,4711.0,4708.7,4710.8,151635.0,real_delta_india
2026-04-12T06:00:00+00:00,4710.8,4710.8,4703.9,4706.1,87933.0,real_delta_india
2026-04-12T07:00:00+00:00,4706.1,4714.6,4704.0,4711.7,152838.0,real_delta_india
2026-04-12T08:00:00+00:00,4711.7,4714.6,4709.5,4714.1,78378.0,real_delta_india
2026-04-12T09:00:00+00:00,4714.1,4714.7,4706.4,4709.03,68619.0,real_delta_india
2026-04-12T10:00:00+00:00,4708.5,4710.1,4706.8,4707.9,49871.0,real_delta_india
2026-04-12T11:00:00+00:00,4707.86,4708.4,4705.0,4708.2,40925.0,real_delta_india
2026-04-12T12:00:00+00:00,4706.84,4708.2,4697.3,4698.2,149125.0,real_delta_india
2026-04-12T13:00:00+00:00,4697.7,4697.8,4684.7,4685.41,289122.0,real_delta_india
2026-04-12T14:00:00+00:00,4685.41,4691.6,4683.7,4688.4,202527.0,real_delta_india
2026-04-12T15:00:00+00:00,4688.5,4691.5,4687.8,4689.4,109038.0,real_delta_india
2026-04-12T16:00:00+00:00,4689.1,4690.3,4682.6,4689.0,243046.0,real_delta_india
2026-04-12T17:00:00+00:00,4689.1,4689.2,4688.9,4688.9,322.0,real_delta_india
2026-04-12T18:00:00+00:00,4688.9,4688.9,4688.9,4688.9,0.0,real_delta_india
2026-04-12T19:00:00+00:00,4691.2,4693.0,4690.1,4690.5,94725.0,real_delta_india
2026-04-12T20:00:00+00:00,4690.0,4692.7,4686.0,4689.4,112758.0,real_delta_india
2026-04-12T21:00:00+00:00,4690.1,4692.0,4684.6,4686.6,25641.0,real_delta_india
2026-04-12T22:00:00+00:00,4684.71,4684.71,4626.7,4640.8,606873.0,real_delta_india
2026-04-12T23:00:00+00:00,4637.2,4653.5,4628.0,4652.5,282531.0,real_delta_india
2026-04-13T00:00:00+00:00,4653.5,4678.0,4646.7,4675.9,314078.0,real_delta_india
2026-04-13T01:00:00+00:00,4677.2,4705.2,4674.9,4700.0,891742.0,real_delta_india
2026-04-13T02:00:00+00:00,4700.7,4704.9,4688.7,4698.4,418395.0,real_delta_india
2026-04-13T03:00:00+00:00,4698.4,4702.3,4690.2,4696.3,256697.0,real_delta_india
2026-04-13T04:00:00+00:00,4696.6,4702.5,4687.3,4701.1,567377.0,real_delta_india
2026-04-13T05:00:00+00:00,4701.1,4707.8,4695.1,4706.6,646922.0,real_delta_india
2026-04-13T06:00:00+00:00,4706.8,4711.3,4700.5,4704.5,648812.0,real_delta_india
2026-04-13T07:00:00+00:00,4704.8,4718.3,4704.6,4713.9,869730.0,real_delta_india
2026-04-13T08:00:00+00:00,4713.7,4718.2,4701.3,4704.5,596267.0,real_delta_india
2026-04-13T09:00:00+00:00,4704.3,4709.2,4692.0,4695.9,696753.0,real_delta_india
2026-04-13T10:00:00+00:00,4696.1,4705.0,4689.4,4703.7,695249.0,real_delta_india
2026-04-13T11:00:00+00:00,4704.5,4710.5,4685.3,4688.8,1219465.0,real_delta_india
2026-04-13T12:00:00+00:00,4688.2,4706.0,4685.3,4703.6,1536728.0,real_delta_india
2026-04-13T13:00:00+00:00,4703.9,4726.9,4703.0,4712.7,2576820.0,real_delta_india
2026-04-13T14:00:00+00:00,4713.3,4713.4,4690.6,4698.2,1352100.0,real_delta_india
2026-04-13T15:00:00+00:00,4698.2,4699.0,4679.1,4694.8,1350059.0,real_delta_india
2026-04-13T16:00:00+00:00,4695.0,4727.4,4690.1,4714.7,1744660.0,real_delta_india
2026-04-13T17:00:00+00:00,4715.03,4731.1,4707.3,4713.5,1904565.0,real_delta_india
2026-04-13T18:00:00+00:00,4713.5,4722.7,4706.0,4720.7,533087.0,real_delta_india
2026-04-13T19:00:00+00:00,4721.2,4729.9,4713.7,4724.0,426460.0,real_delta_india
2026-04-13T20:00:00+00:00,4724.6,4726.4,4720.05,4722.2,107090.0,real_delta_india
2026-04-13T21:00:00+00:00,4723.6,4731.1,4720.3,4724.2,96882.0,real_delta_india
2026-04-13T22:00:00+00:00,4724.2,4742.0,4724.2,4741.1,354290.0,real_delta_india
2026-04-13T23:00:00+00:00,4743.0,4749.5,4735.0,4739.2,312618.0,real_delta_india
2026-04-14T00:00:00+00:00,4739.2,4756.0,4734.2,4750.9,558068.0,real_delta_india
2026-04-14T01:00:00+00:00,4751.1,4759.0,4743.2,4746.0,660729.0,real_delta_india
2026-04-14T02:00:00+00:00,4746.1,4757.8,4744.0,4755.8,404651.0,real_delta_india
2026-04-14T03:00:00+00:00,4755.8,4756.3,4747.8,4748.7,225810.0,real_delta_india
2026-04-14T04:00:00+00:00,4748.6,4757.07,4748.6,4754.4,352120.0,real_delta_india
2026-04-14T05:00:00+00:00,4754.4,4754.5,4739.0,4741.2,929370.0,real_delta_india
2026-04-14T06:00:00+00:00,4742.4,4765.0,4742.4,4764.4,1294407.0,real_delta_india
2026-04-14T07:00:00+00:00,4764.4,4778.9,4752.3,4760.0,1521372.0,real_delta_india
2026-04-14T08:00:00+00:00,4759.9,4771.0,4756.8,4768.2,749218.0,real_delta_india
2026-04-14T09:00:00+00:00,4769.0,4771.0,4755.8,4761.1,722400.0,real_delta_india
2026-04-14T10:00:00+00:00,4761.8,4770.0,4738.5,4750.1,1064697.0,real_delta_india
2026-04-14T11:00:00+00:00,4750.0,4764.5,4748.9,4756.7,852915.0,real_delta_india
2026-04-14T12:00:00+00:00,4757.3,4759.7,4745.7,4753.5,713580.0,real_delta_india
2026-04-14T13:00:00+00:00,4754.07,4786.2,4754.07,4777.0,1833771.0,real_delta_india
2026-04-14T14:00:00+00:00,4778.0,4798.7,4774.3,4784.3,2451401.0,real_delta_india
2026-04-14T15:00:00+00:00,4784.3,4798.2,4773.3,4790.7,1304044.0,real_delta_india
2026-04-14T16:00:00+00:00,4790.4,4802.1,4788.3,4790.9,1403554.0,real_delta_india
2026-04-14T17:00:00+00:00,4790.9,4823.25,4790.6,4816.9,1863617.0,real_delta_india
2026-04-14T18:00:00+00:00,4816.8,4825.8,4811.5,4825.4,813336.0,real_delta_india
2026-04-14T19:00:00+00:00,4825.7,4836.2,4825.3,4834.8,660740.0,real_delta_india
2026-04-14T20:00:00+00:00,4834.7,4835.4,4826.7,4827.9,189786.0,real_delta_india
2026-04-14T21:00:00+00:00,4827.04,4834.4,4816.0,4824.8,179020.0,real_delta_india
2026-04-14T22:00:00+00:00,4824.8,4838.82,4822.12,4824.8,192023.0,real_delta_india
2026-04-14T23:00:00+00:00,4823.3,4832.1,4822.7,4824.3,74686.0,real_delta_india
2026-04-15T00:00:00+00:00,4824.8,4828.2,4815.3,4823.0,201768.0,real_delta_india
2026-04-15T01:00:00+00:00,4823.0,4859.1,4817.5,4835.4,807615.0,real_delta_india
2026-04-15T02:00:00+00:00,4835.4,4841.0,4810.9,4813.6,747916.0,real_delta_india
2026-04-15T03:00:00+00:00,4814.0,4819.4,4807.8,4814.0,560272.0,real_delta_india
2026-04-15T04:00:00+00:00,4814.0,4817.5,4810.8,4815.9,356567.0,real_delta_india
2026-04-15T05:00:00+00:00,4816.8,4819.4,4800.8,4807.7,947448.0,real_delta_india
2026-04-15T06:00:00+00:00,4807.8,4811.78,4800.2,4800.66,666687.0,real_delta_india
2026-04-15T07:00:00+00:00,4800.1,4804.4,4793.1,4799.3,852228.0,real_delta_india
2026-04-15T08:00:00+00:00,4799.0,4809.31,4794.0,4806.8,530125.0,real_delta_india
2026-04-15T09:00:00+00:00,4806.7,4807.7,4776.7,4787.2,1058197.0,real_delta_india
2026-04-15T10:00:00+00:00,4786.8,4794.0,4779.8,4790.2,624264.0,real_delta_india
2026-04-15T11:00:00+00:00,4790.0,4804.0,4785.6,4802.1,815689.0,real_delta_india
2026-04-15T12:00:00+00:00,4802.0,4805.5,4797.0,4801.75,781545.0,real_delta_india
2026-04-15T13:00:00+00:00,4801.75,4821.0,4798.9,4819.6,1274160.0,real_delta_india
2026-04-15T14:00:00+00:00,4819.7,4821.2,4802.6,4804.1,1465291.0,real_delta_india
2026-04-15T15:00:00+00:00,4804.5,4804.9,4777.9,4791.1,1468419.0,real_delta_india
2026-04-15T16:00:00+00:00,4791.0,4802.0,4789.9,4793.6,878182.0,real_delta_india
2026-04-15T17:00:00+00:00,4793.3,4797.2,4781.8,4782.6,1017968.0,real_delta_india
2026-04-15T18:00:00+00:00,4782.8,4792.7,4781.4,4790.3,629908.0,real_delta_india
2026-04-15T19:00:00+00:00,4790.3,4793.5,4785.0,4785.4,346065.0,real_delta_india
2026-04-15T20:00:00+00:00,4786.5,4786.5,4777.5,4779.6,186765.0,real_delta_india
2026-04-15T21:00:00+00:00,4780.0,4789.7,4776.1,4784.0,203965.0,real_delta_india
2026-04-15T22:00:00+00:00,4783.8,4797.6,4781.0,4795.8,163046.0,real_delta_india
2026-04-15T23:00:00+00:00,4794.8,4812.0,4794.6,4809.1,433467.0,real_delta_india
2026-04-16T00:00:00+00:00,4809.2,4823.3,4806.8,4819.5,707619.0,real_delta_india
2026-04-16T01:00:00+00:00,4818.0,4821.8,4798.6,4803.5,419842.0,real_delta_india
2026-04-16T02:00:00+00:00,4803.9,4810.0,4798.6,4805.3,487740.0,real_delta_india
2026-04-16T03:00:00+00:00,4805.2,4813.3,4805.0,4809.3,325744.0,real_delta_india
2026-04-16T04:00:00+00:00,4809.4,4818.6,4808.0,4818.1,304956.0,real_delta_india
2026-04-16T05:00:00+00:00,4818.1,4823.4,4807.5,4807.8,838010.0,real_delta_india
2026-04-16T06:00:00+00:00,4807.9,4815.5,4801.0,4813.4,767972.0,real_delta_india
2026-04-16T07:00:00+00:00,4813.3,4815.3,4804.0,4806.5,385101.0,real_delta_india
2026-04-16T08:00:00+00:00,4806.6,4806.6,4793.4,4800.3,749429.0,real_delta_india
2026-04-16T09:00:00+00:00,4800.3,4804.0,4793.4,4798.6,494478.0,real_delta_india
2026-04-16T10:00:00+00:00,4798.6,4803.1,4791.9,4802.8,656285.0,real_delta_india
2026-04-16T11:00:00+00:00,4803.1,4808.3,4801.5,4807.7,681048.0,real_delta_india
2026-04-16T12:00:00+00:00,4808.6,4809.0,4798.7,4802.2,755519.0,real_delta_india
2026-04-16T13:00:00+00:00,4802.6,4810.8,4773.0,4782.9,1522101.0,real_delta_india
2026-04-16T14:00:00+00:00,4781.3,4793.8,4762.4,4776.7,1933908.0,real_delta_india
2026-04-16T15:00:00+00:00,4776.1,4799.5,4775.9,4793.7,1275102.0,real_delta_india
2026-04-16T16:00:00+00:00,4794.4,4795.9,4770.6,4777.2,919212.0,real_delta_india
2026-04-16T17:00:00+00:00,4777.3,4780.5,4766.2,4774.1,1335116.0,real_delta_india
2026-04-16T18:00:00+00:00,4774.1,4780.5,4771.4,4776.9,406690.0,real_delta_india
2026-04-16T19:00:00+00:00,4777.5,4784.9,4776.2,4780.3,369707.0,real_delta_india
2026-04-16T20:00:00+00:00,4780.9,4780.9,4772.3,4777.1,114462.0,real_delta_india
2026-04-16T21:00:00+00:00,4777.1,4777.2,4763.7,4769.44,186365.0,real_delta_india
2026-04-16T22:00:00+00:00,4772.2,4781.8,4772.2,4780.1,93102.0,real_delta_india
2026-04-16T23:00:00+00:00,4780.0,4780.2,4773.7,4773.8,67246.0,real_delta_india
2026-04-17T00:00:00+00:00,4772.3,4781.2,4766.8,4776.2,178467.0,real_delta_india
2026-04-17T01:00:00+00:00,4775.8,4775.9,4750.5,4770.2,531627.0,real_delta_india
2026-04-17T02:00:00+00:00,4770.3,4774.1,4765.0,4765.3,305662.0,real_delta_india
2026-04-17T03:00:00+00:00,4765.3,4777.4,4765.3,4772.7,351580.0,real_delta_india
2026-04-17T04:00:00+00:00,4772.7,4786.7,4771.9,4785.7,490232.0,real_delta_india
2026-04-17T05:00:00+00:00,4785.7,4787.9,4776.8,4777.7,791847.0,real_delta_india
2026-04-17T06:00:00+00:00,4777.7,4777.8,4763.5,4769.42,948743.0,real_delta_india
2026-04-17T07:00:00+00:00,4769.3,4777.2,4763.7,4768.1,814615.0,real_delta_india
2026-04-17T08:00:00+00:00,4768.2,4780.4,4765.8,4779.9,525634.0,real_delta_india
2026-04-17T09:00:00+00:00,4779.9,4784.0,4774.3,4775.0,522956.0,real_delta_india
2026-04-17T10:00:00+00:00,4774.9,4775.8,4765.1,4770.0,594417.0,real_delta_india
2026-04-17T11:00:00+00:00,4770.3,4792.2,4766.9,4782.8,577426.0,real_delta_india
2026-04-17T12:00:00+00:00,4783.2,4829.5,4781.5,4827.8,2007599.0,real_delta_india
2026-04-17T13:00:00+00:00,4828.3,4869.3,4816.8,4860.3,3178284.0,real_delta_india
2026-04-17T14:00:00+00:00,4860.7,4865.6,4841.4,4854.3,1212927.0,real_delta_india
2026-04-17T15:00:00+00:00,4854.0,4860.5,4836.0,4847.8,892437.0,real_delta_india
2026-04-17T16:00:00+00:00,4848.0,4854.1,4844.9,4848.4,509921.0,real_delta_india
2026-04-17T17:00:00+00:00,4848.5,4851.2,4833.7,4843.4,663654.0,real_delta_india
2026-04-17T18:00:00+00:00,4843.9,4848.2,4836.3,4839.0,447316.0,real_delta_india
2026-04-17T19:00:00+00:00,4838.2,4840.9,4833.1,4834.7,242683.0,real_delta_india
2026-04-17T20:00:00+00:00,4833.3,4835.0,4812.1,4813.2,422050.0,real_delta_india
2026-04-17T21:00:00+00:00,4812.8,4818.3,4812.3,4814.2,111955.0,real_delta_india
2026-04-17T22:00:00+00:00,4814.6,4823.9,4812.9,4813.0,53261.0,real_delta_india
2026-04-17T23:00:00+00:00,4813.1,4820.1,4813.0,4818.3,30234.0,real_delta_india
2026-04-18T00:00:00+00:00,4818.3,4825.3,4817.6,4824.9,64656.0,real_delta_india
2026-04-18T01:00:00+00:00,4824.9,4827.2,4821.7,4822.8,52174.0,real_delta_india
2026-04-18T02:00:00+00:00,4823.1,4826.2,4819.3,4819.5,77112.0,real_delta_india
2026-04-18T03:00:00+00:00,4819.6,4819.6,4812.2,4813.0,139801.0,real_delta_india
2026-04-18T04:00:00+00:00,4813.0,4816.2,4810.6,4810.9,208370.0,real_delta_india
2026-04-18T05:00:00+00:00,4811.01,4811.2,4805.7,4809.8,151693.0,real_delta_india
2026-04-18T06:00:00+00:00,4809.8,4812.1,4809.4,4811.8,144770.0,real_delta_india
2026-04-18T07:00:00+00:00,4811.8,4812.4,4806.8,4807.4,155344.0,real_delta_india
2026-04-18T08:00:00+00:00,4807.3,4809.3,4800.0,4804.4,285883.0,real_delta_india
2026-04-18T09:00:00+00:00,4804.3,4807.4,4800.2,4802.2,110573.0,real_delta_india
2026-04-18T10:00:00+00:00,4802.2,4802.3,4797.5,4798.2,161985.0,real_delta_india
2026-04-18T11:00:00+00:00,4798.2,4798.4,4790.2,4791.3,243329.0,real_delta_india
2026-04-18T12:00:00+00:00,4790.2,4791.7,4784.1,4786.5,289859.0,real_delta_india
2026-04-18T13:00:00+00:00,4786.5,4790.2,4785.2,4788.2,156973.0,real_delta_india
2026-04-18T14:00:00+00:00,4787.9,4792.4,4787.5,4791.3,136321.0,real_delta_india
2026-04-18T15:00:00+00:00,4791.3,4796.5,4789.7,4790.3,186500.0,real_delta_india
2026-04-18T16:00:00+00:00,4790.3,4795.4,4786.8,4791.9,140869.0,real_delta_india
2026-04-18T17:00:00+00:00,4792.0,4795.2,4790.7,4793.0,69725.0,real_delta_india
2026-04-18T18:00:00+00:00,4793.0,4793.4,4776.6,4782.5,260501.0,real_delta_india
2026-04-18T19:00:00+00:00,4782.5,4790.9,4773.5,4785.0,101081.0,real_delta_india
2026-04-18T20:00:00+00:00,4785.2,4788.9,4783.6,4786.6,17224.0,real_delta_india
2026-04-18T21:00:00+00:00,4786.8,4787.4,4776.7,4782.8,18164.0,real_delta_india
2026-04-18T22:00:00+00:00,4782.8,4783.7,4780.2,4783.4,13954.0,real_delta_india
2026-04-18T23:00:00+00:00,4783.5,4784.8,4772.0,4772.6,41035.0,real_delta_india
2026-04-19T00:00:00+00:00,4771.84,4772.9,4763.0,4770.9,162092.0,real_delta_india
2026-04-19T01:00:00+00:00,4770.9,4776.5,4767.0,4773.6,209415.0,real_delta_india
2026-04-19T02:00:00+00:00,4774.2,4777.2,4773.4,4773.5,105842.0,real_delta_india
2026-04-19T03:00:00+00:00,4773.5,4781.7,4765.4,4776.3,140428.0,real_delta_india
2026-04-19T04:00:00+00:00,4776.4,4790.2,4775.8,4779.7,274775.0,real_delta_india
2026-04-19T05:00:00+00:00,4779.3,4779.9,4777.0,4777.5,89256.0,real_delta_india
2026-04-19T06:00:00+00:00,4777.0,4777.2,4766.24,4775.7,181886.0,real_delta_india
2026-04-19T07:00:00+00:00,4775.7,4780.2,4767.5,4779.6,175805.0,real_delta_india
2026-04-19T08:00:00+00:00,4779.1,4782.9,4776.5,4781.4,115998.0,real_delta_india
2026-04-19T09:00:00+00:00,4781.4,4781.4,4771.9,4772.3,124130.0,real_delta_india
2026-04-19T10:00:00+00:00,4772.4,4776.9,4772.1,4775.7,56411.0,real_delta_india
2026-04-19T11:00:00+00:00,4775.7,4781.7,4774.2,4779.2,105020.0,real_delta_india
2026-04-19T12:00:00+00:00,4778.09,4783.6,4777.0,4781.9,143890.0,real_delta_india
2026-04-19T13:00:00+00:00,4782.0,4793.2,4782.0,4790.3,243222.0,real_delta_india
2026-04-19T14:00:00+00:00,4790.4,4790.5,4784.7,4789.2,165441.0,real_delta_india
2026-04-19T15:00:00+00:00,4789.5,4790.7,4787.6,4789.3,96696.0,real_delta_india
2026-04-19T16:00:00+00:00,4789.2,4796.2,4787.1,4790.2,165584.0,real_delta_india
2026-04-19T17:00:00+00:00,4788.9,4788.9,4777.1,4778.8,275565.0,real_delta_india
2026-04-19T18:00:00+00:00,4778.9,4780.1,4775.6,4775.9,165080.0,real_delta_india
2026-04-19T19:00:00+00:00,4775.9,4781.1,4774.9,4779.57,82640.0,real_delta_india
2026-04-19T20:00:00+00:00,4774.22,4775.8,4765.9,4766.3,216523.0,real_delta_india
2026-04-19T21:00:00+00:00,4766.1,4766.2,4761.2,4761.5,218762.0,real_delta_india
2026-04-19T22:00:00+00:00,4761.07,4773.5,4744.1,4759.7,353147.0,real_delta_india
2026-04-19T23:00:00+00:00,4758.09,4760.4,4723.3,4738.0,434932.0,real_delta_india
2026-04-20T00:00:00+00:00,4736.4,4757.0,4728.1,4755.2,327288.0,real_delta_india
2026-04-20T01:00:00+00:00,4755.3,4793.5,4755.3,4787.2,473305.0,real_delta_india
2026-04-20T02:00:00+00:00,4787.2,4788.2,4772.6,4776.6,275239.0,real_delta_india
2026-04-20T03:00:00+00:00,4776.8,4777.5,4769.3,4771.7,292150.0,real_delta_india
2026-04-20T04:00:00+00:00,4771.7,4775.2,4767.6,4768.6,298055.0,real_delta_india
2026-04-20T05:00:00+00:00,4768.94,4774.5,4759.77,4769.9,583043.0,real_delta_india
2026-04-20T06:00:00+00:00,4769.76,4777.2,4764.5,4776.9,536005.0,real_delta_india
2026-04-20T07:00:00+00:00,4777.59,4788.8,4770.4,4772.3,898474.0,real_delta_india
2026-04-20T08:00:00+00:00,4772.0,4778.4,4768.7,4778.3,337623.0,real_delta_india
2026-04-20T09:00:00+00:00,4778.3,4781.0,4768.5,4775.6,379454.0,real_delta_india
2026-04-20T10:00:00+00:00,4775.6,4783.8,4773.8,4778.6,263109.0,real_delta_india
2026-04-20T11:00:00+00:00,4778.8,4792.7,4770.3,4792.4,633567.0,real_delta_india
2026-04-20T12:00:00+00:00,4792.2,4803.7,4781.5,4785.0,1279947.0,real_delta_india
2026-04-20T13:00:00+00:00,4785.0,4807.0,4781.6,4799.9,969194.0,real_delta_india
2026-04-20T14:00:00+00:00,4799.9,4808.3,4775.5,4786.7,1393157.0,real_delta_india
2026-04-20T15:00:00+00:00,4786.6,4792.1,4775.0,4782.4,850292.0,real_delta_india
2026-04-20T16:00:00+00:00,4782.3,4790.0,4776.4,4789.4,401066.0,real_delta_india
2026-04-20T17:00:00+00:00,4789.6,4793.1,4783.4,4786.9,423308.0,real_delta_india
2026-04-20T18:00:00+00:00,4787.26,4798.4,4787.26,4796.0,387098.0,real_delta_india
2026-04-20T19:00:00+00:00,4796.5,4802.7,4792.5,4794.9,239229.0,real_delta_india
2026-04-20T20:00:00+00:00,4795.8,4802.9,4794.9,4801.2,117769.0,real_delta_india
2026-04-20T21:00:00+00:00,4801.7,4804.4,4798.0,4803.8,66389.0,real_delta_india
2026-04-20T22:00:00+00:00,4804.79,4813.6,4803.9,4809.2,213981.0,real_delta_india
2026-04-20T23:00:00+00:00,4811.6,4811.6,4802.2,4804.0,189350.0,real_delta_india
2026-04-21T00:00:00+00:00,4803.8,4812.2,4798.7,4805.5,221229.0,real_delta_india
2026-04-21T01:00:00+00:00,4804.0,4805.7,4788.7,4792.2,258632.0,real_delta_india
2026-04-21T02:00:00+00:00,4792.1,4792.3,4784.0,4787.92,224871.0,real_delta_india
2026-04-21T03:00:00+00:00,4787.92,4788.5,4775.0,4779.32,315057.0,real_delta_india
2026-04-21T04:00:00+00:00,4779.4,4780.0,4771.0,4771.9,347972.0,real_delta_india
2026-04-21T05:00:00+00:00,4771.4,4780.0,4767.9,4769.79,646391.0,real_delta_india
2026-04-21T06:00:00+00:00,4769.2,4773.5,4760.27,4764.2,586386.0,real_delta_india
2026-04-21T07:00:00+00:00,4763.9,4776.8,4758.2,4770.5,491587.0,real_delta_india
2026-04-21T08:00:00+00:00,4770.9,4777.6,4761.0,4772.8,519934.0,real_delta_india
2026-04-21T09:00:00+00:00,4772.6,4774.6,4767.1,4769.8,228323.0,real_delta_india
2026-04-21T10:00:00+00:00,4769.8,4776.0,4767.0,4774.9,196934.0,real_delta_india
2026-04-21T11:00:00+00:00,4775.2,4783.4,4762.5,4780.4,624428.0,real_delta_india
2026-04-21T12:00:00+00:00,4780.9,4782.6,4754.6,4764.8,1209884.0,real_delta_india
2026-04-21T13:00:00+00:00,4764.8,4779.6,4748.9,4764.2,1766806.0,real_delta_india
2026-04-21T14:00:00+00:00,4764.9,4768.8,4712.3,4726.1,1895402.0,real_delta_india
2026-04-21T15:00:00+00:00,4726.1,4743.3,4715.0,4729.0,1160797.0,real_delta_india
2026-04-21T16:00:00+00:00,4729.1,4733.02,4696.9,4699.1,1463410.0,real_delta_india
2026-04-21T17:00:00+00:00,4698.6,4710.7,4686.0,4698.1,1385992.0,real_delta_india
2026-04-21T18:00:00+00:00,4698.4,4701.6,4680.1,4696.6,1171257.0,real_delta_india
2026-04-21T19:00:00+00:00,4697.2,4703.0,4657.0,4667.6,858170.0,real_delta_india
2026-04-21T20:00:00+00:00,4666.3,4707.18,4659.3,4706.6,356972.0,real_delta_india
2026-04-21T21:00:00+00:00,4707.3,4713.9,4705.6,4713.9,152580.0,real_delta_india
2026-04-21T22:00:00+00:00,4713.8,4716.47,4703.1,4706.8,100170.0,real_delta_india
2026-04-21T23:00:00+00:00,4706.8,4727.5,4706.7,4725.5,198832.0,real_delta_india
2026-04-22T00:00:00+00:00,4726.3,4733.0,4724.5,4725.0,212189.0,real_delta_india
2026-04-22T01:00:00+00:00,4726.0,4739.8,4721.6,4737.7,418943.0,real_delta_india
2026-04-22T02:00:00+00:00,4738.4,4743.8,4735.9,4741.2,360086.0,real_delta_india
2026-04-22T03:00:00+00:00,4741.5,4750.0,4739.0,4743.0,450582.0,real_delta_india
2026-04-22T04:00:00+00:00,4743.0,4744.4,4737.2,4739.6,404035.0,real_delta_india
2026-04-22T05:00:00+00:00,4739.6,4757.3,4737.4,4753.1,823000.0,real_delta_india
2026-04-22T06:00:00+00:00,4753.0,4753.0,4745.1,4752.3,378931.0,real_delta_india
2026-04-22T07:00:00+00:00,4752.6,4757.1,4746.0,4746.4,518452.0,real_delta_india
2026-04-22T08:00:00+00:00,4746.7,4747.5,4738.2,4742.7,630836.0,real_delta_india
2026-04-22T09:00:00+00:00,4742.7,4747.9,4739.5,4741.9,457755.0,real_delta_india
2026-04-22T10:00:00+00:00,4742.0,4745.6,4732.8,4744.3,758675.0,real_delta_india
2026-04-22T11:00:00+00:00,4744.32,4745.7,4733.9,4735.5,473732.0,real_delta_india
2026-04-22T12:00:00+00:00,4736.0,4743.9,4727.8,4728.6,690641.0,real_delta_india
2026-04-22T13:00:00+00:00,4728.7,4744.5,4721.7,4737.2,1149537.0,real_delta_india
2026-04-22T14:00:00+00:00,4737.69,4741.1,4714.63,4719.0,1311400.0,real_delta_india
2026-04-22T15:00:00+00:00,4719.4,4723.2,4709.9,4712.6,933886.0,real_delta_india
2026-04-22T16:00:00+00:00,4713.4,4718.9,4708.3,4713.3,586402.0,real_delta_india
2026-04-22T17:00:00+00:00,4713.2,4724.6,4713.2,4721.9,763680.0,real_delta_india
2026-04-22T18:00:00+00:00,4721.9,4733.1,4714.9,4726.0,878884.0,real_delta_india
2026-04-22T19:00:00+00:00,4725.9,4729.2,4721.47,4724.7,237342.0,real_delta_india
2026-04-22T20:00:00+00:00,4725.1,4725.3,4719.9,4724.6,64853.0,real_delta_india
2026-04-22T21:00:00+00:00,4724.6,4730.3,4724.5,4729.3,41541.0,real_delta_india
2026-04-22T22:00:00+00:00,4728.7,4728.9,4711.9,4712.5,113163.0,real_delta_india
2026-04-22T23:00:00+00:00,4712.6,4713.4,4709.0,4711.2,155910.0,real_delta_india
2026-04-23T00:00:00+00:00,4711.0,4735.8,4678.5,4730.0,732291.0,real_delta_india
2026-04-23T01:00:00+00:00,4730.3,4732.1,4706.0,4706.4,369076.0,real_delta_india
2026-04-23T02:00:00+00:00,4706.5,4707.0,4681.7,4683.2,595413.0,real_delta_india
2026-04-23T03:00:00+00:00,4683.4,4691.7,4682.6,4687.8,324282.0,real_delta_india
2026-04-23T04:00:00+00:00,4687.3,4690.4,4682.9,4687.9,217564.0,real_delta_india
2026-04-23T05:00:00+00:00,4687.9,4698.2,4676.9,4696.4,723862.0,real_delta_india
2026-04-23T06:00:00+00:00,4696.8,4705.0,4693.9,4698.1,471185.0,real_delta_india
2026-04-23T07:00:00+00:00,4698.2,4705.4,4689.3,4704.2,563764.0,real_delta_india
2026-04-23T08:00:00+00:00,4703.9,4709.2,4687.3,4689.1,634117.0,real_delta_india
2026-04-23T09:00:00+00:00,4689.1,4689.4,4680.5,4682.4,583145.0,real_delta_india
2026-04-23T10:00:00+00:00,4682.4,4686.8,4670.6,4682.6,1006977.0,real_delta_india
2026-04-23T11:00:00+00:00,4682.8,4705.7,4682.1,4705.1,983784.0,real_delta_india
2026-04-23T12:00:00+00:00,4705.1,4727.5,4705.1,4724.4,1499136.0,real_delta_india
2026-04-23T13:00:00+00:00,4725.0,4725.6,4708.9,4709.3,974821.0,real_delta_india
2026-04-23T14:00:00+00:00,4709.6,4721.9,4702.4,4719.3,1112582.0,real_delta_india
2026-04-23T15:00:00+00:00,4719.3,4725.9,4703.5,4706.9,858755.0,real_delta_india
2026-04-23T16:00:00+00:00,4706.8,4722.0,4702.9,4717.7,754277.0,real_delta_india
2026-04-23T17:00:00+00:00,4717.6,4718.8,4653.8,4696.0,2476585.0,real_delta_india
2026-04-23T18:00:00+00:00,4696.31,4708.4,4686.8,4688.3,658971.0,real_delta_india
2026-04-23T19:00:00+00:00,4687.0,4690.6,4677.8,4685.3,390460.0,real_delta_india
2026-04-23T20:00:00+00:00,4683.1,4685.3,4675.5,4680.8,95260.0,real_delta_india
2026-04-23T21:00:00+00:00,4681.8,4690.3,4681.7,4690.3,39139.0,real_delta_india
2026-04-23T22:00:00+00:00,4689.6,4691.3,4678.6,4681.3,38310.0,real_delta_india
2026-04-23T23:00:00+00:00,4682.0,4687.8,4675.7,4682.6,73822.0,real_delta_india
2026-04-24T00:00:00+00:00,4685.0,4695.3,4679.2,4691.9,244579.0,real_delta_india
2026-04-24T01:00:00+00:00,4693.27,4698.0,4678.6,4687.4,252913.0,real_delta_india
2026-04-24T02:00:00+00:00,4687.4,4687.9,4662.3,4666.1,400522.0,real_delta_india
2026-04-24T03:00:00+00:00,4665.0,4666.9,4657.9,4660.8,346932.0,real_delta_india
2026-04-24T04:00:00+00:00,4660.1,4665.7,4648.4,4663.8,919185.0,real_delta_india
2026-04-24T05:00:00+00:00,4664.3,4675.17,4658.8,4674.8,556517.0,real_delta_india
2026-04-24T06:00:00+00:00,4675.17,4675.7,4657.4,4661.8,796592.0,real_delta_india
2026-04-24T07:00:00+00:00,4661.8,4683.5,4660.7,4682.1,642341.0,real_delta_india
2026-04-24T08:00:00+00:00,4682.0,4685.0,4674.3,4679.5,629458.0,real_delta_india
2026-04-24T09:00:00+00:00,4679.8,4684.3,4668.4,4671.3,647810.0,real_delta_india
2026-04-24T10:00:00+00:00,4671.3,4673.8,4664.3,4666.6,422408.0,real_delta_india
2026-04-24T11:00:00+00:00,4667.1,4704.7,4667.0,4694.1,1487555.0,real_delta_india
2026-04-24T12:00:00+00:00,4694.8,4699.0,4678.5,4689.0,993301.0,real_delta_india
2026-04-24T13:00:00+00:00,4689.0,4704.2,4678.0,4698.41,1017207.0,real_delta_india
2026-04-24T14:00:00+00:00,4698.5,4725.0,4694.2,4712.1,1773443.0,real_delta_india
2026-04-24T15:00:00+00:00,4712.2,4719.6,4702.43,4712.6,1044525.0,real_delta_india
2026-04-24T16:00:00+00:00,4712.5,4714.8,4704.9,4712.9,659155.0,real_delta_india
2026-04-24T17:00:00+00:00,4712.68,4715.1,4705.5,4709.5,645513.0,real_delta_india
2026-04-24T18:00:00+00:00,4709.3,4710.5,4702.3,4709.0,367812.0,real_delta_india
2026-04-24T19:00:00+00:00,4708.9,4712.1,4700.0,4703.1,254003.0,real_delta_india
2026-04-24T20:00:00+00:00,4702.7,4702.7,4691.3,4694.9,240793.0,real_delta_india
2026-04-24T21:00:00+00:00,4694.8,4694.9,4690.5,4693.0,41454.0,real_delta_india
2026-04-24T22:00:00+00:00,4692.6,4697.1,4692.6,4696.0,41885.0,real_delta_india
2026-04-24T23:00:00+00:00,4695.3,4695.6,4694.3,4694.6,26855.0,real_delta_india
2026-04-25T00:00:00+00:00,4694.6,4696.9,4694.4,4696.8,54697.0,real_delta_india
2026-04-25T01:00:00+00:00,4696.7,4696.8,4696.5,4696.5,17080.0,real_delta_india
2026-04-25T02:00:00+00:00,4696.5,4697.1,4696.5,4696.6,28930.0,real_delta_india
2026-04-25T03:00:00+00:00,4696.6,4696.7,4696.3,4696.6,26785.0,real_delta_india
2026-04-25T04:00:00+00:00,4696.5,4698.6,4695.9,4698.1,86353.0,real_delta_india
2026-04-25T05:00:00+00:00,4698.2,4698.3,4697.1,4697.9,65078.0,real_delta_india
2026-04-25T06:00:00+00:00,4697.8,4698.0,4696.2,4697.6,39272.0,real_delta_india
2026-04-25T07:00:00+00:00,4697.7,4697.9,4693.8,4694.8,39977.0,real_delta_india
2026-04-25T08:00:00+00:00,4694.8,4699.1,4694.8,4698.8,39072.0,real_delta_india
2026-04-25T09:00:00+00:00,4699.1,4701.0,4698.0,4700.0,52190.0,real_delta_india
2026-04-25T10:00:00+00:00,4700.0,4700.2,4699.4,4699.9,31533.0,real_delta_india
2026-04-25T11:00:00+00:00,4699.9,4700.0,4698.0,4699.0,29821.0,real_delta_india
2026-04-25T12:00:00+00:00,4698.3,4698.4,4696.5,4696.5,65412.0,real_delta_india
2026-04-25T13:00:00+00:00,4696.5,4698.5,4696.4,4698.3,38796.0,real_delta_india
2026-04-25T14:00:00+00:00,4698.3,4698.5,4697.2,4698.0,29957.0,real_delta_india
2026-04-25T15:00:00+00:00,4698.0,4698.3,4695.3,4695.7,69038.0,real_delta_india
2026-04-25T16:00:00+00:00,4695.6,4695.7,4690.0,4693.3,168644.0,real_delta_india
2026-04-25T17:00:00+00:00,4693.28,4694.15,4692.9,4693.4,52082.0,real_delta_india
2026-04-25T18:00:00+00:00,4693.4,4694.4,4693.4,4694.0,29408.0,real_delta_india
2026-04-25T19:00:00+00:00,4694.0,4694.0,4693.0,4693.2,6366.0,real_delta_india
2026-04-25T20:00:00+00:00,4693.3,4693.6,4693.2,4693.6,5792.0,real_delta_india
2026-04-25T21:00:00+00:00,4693.6,4693.6,4692.7,4692.8,5947.0,real_delta_india
2026-04-25T22:00:00+00:00,4692.0,4693.5,4692.0,4692.7,3066.0,real_delta_india
2026-04-25T23:00:00+00:00,4692.7,4692.7,4687.1,4687.3,35812.0,real_delta_india
2026-04-26T00:00:00+00:00,4688.0,4689.0,4685.8,4688.7,27478.0,real_delta_india
2026-04-26T01:00:00+00:00,4688.8,4690.4,4688.7,4690.3,17448.0,real_delta_india
2026-04-26T02:00:00+00:00,4690.4,4690.8,4690.1,4690.5,15854.0,real_delta_india
2026-04-26T03:00:00+00:00,4690.5,4690.6,4689.6,4690.0,16345.0,real_delta_india
2026-04-26T04:00:00+00:00,4689.96,4692.6,4689.2,4691.8,51747.0,real_delta_india
2026-04-26T05:00:00+00:00,4691.8,4692.8,4689.0,4689.1,34510.0,real_delta_india
2026-04-26T06:00:00+00:00,4689.2,4690.5,4688.1,4690.4,50320.0,real_delta_india
2026-04-26T07:00:00+00:00,4690.4,4690.8,4689.6,4690.8,13494.0,real_delta_india
2026-04-26T08:00:00+00:00,4690.78,4693.6,4690.78,4693.0,38542.0,real_delta_india
2026-04-26T09:00:00+00:00,4692.9,4693.2,4690.1,4691.5,16908.0,real_delta_india
2026-04-26T10:00:00+00:00,4691.7,4692.2,4691.6,4692.0,12207.0,real_delta_india
2026-04-26T11:00:00+00:00,4692.0,4695.0,4691.4,4694.5,28328.0,real_delta_india
2026-04-26T12:00:00+00:00,4694.6,4696.5,4694.5,4695.9,46723.0,real_delta_india
2026-04-26T13:00:00+00:00,4695.8,4699.1,4695.6,4698.7,37579.0,real_delta_india
2026-04-26T14:00:00+00:00,4698.6,4703.4,4698.6,4702.5,128794.0,real_delta_india
2026-04-26T15:00:00+00:00,4702.5,4703.5,4698.8,4700.2,84136.0,real_delta_india
2026-04-26T16:00:00+00:00,4700.3,4702.5,4697.3,4698.7,44139.0,real_delta_india
2026-04-26T17:00:00+00:00,4698.8,4706.1,4698.7,4704.6,98086.0,real_delta_india
2026-04-26T18:00:00+00:00,4704.5,4707.8,4704.3,4705.1,66905.0,real_delta_india
2026-04-26T19:00:00+00:00,4705.0,4706.7,4701.9,4704.9,31349.0,real_delta_india
2026-04-26T20:00:00+00:00,4705.1,4706.9,4698.7,4700.0,20605.0,real_delta_india
2026-04-26T21:00:00+00:00,4700.0,4701.3,4694.48,4699.5,22112.0,real_delta_india
2026-04-26T22:00:00+00:00,4697.61,4697.61,4669.5,4674.7,359205.0,real_delta_india
2026-04-26T23:00:00+00:00,4672.9,4674.4,4665.0,4670.8,179844.0,real_delta_india
2026-04-27T00:00:00+00:00,4670.7,4685.9,4663.0,4685.6,381747.0,real_delta_india
2026-04-27T01:00:00+00:00,4685.9,4696.2,4679.0,4689.7,454835.0,real_delta_india
2026-04-27T02:00:00+00:00,4691.2,4710.4,4683.1,4705.5,366597.0,real_delta_india
2026-04-27T03:00:00+00:00,4705.0,4715.8,4701.9,4710.9,399637.0,real_delta_india
2026-04-27T04:00:00+00:00,4710.8,4715.8,4708.4,4710.8,259698.0,real_delta_india
2026-04-27T05:00:00+00:00,4711.0,4711.1,4694.3,4695.2,569463.0,real_delta_india
2026-04-27T06:00:00+00:00,4695.7,4701.2,4694.7,4698.0,411743.0,real_delta_india
2026-04-27T07:00:00+00:00,4697.4,4703.5,4696.0,4698.4,481113.0,real_delta_india
2026-04-27T08:00:00+00:00,4697.0,4700.5,4690.8,4693.0,402587.0,real_delta_india
2026-04-27T09:00:00+00:00,4693.1,4694.2,4686.4,4690.6,423292.0,real_delta_india
2026-04-27T10:00:00+00:00,4690.6,4696.9,4686.8,4695.0,281764.0,real_delta_india
2026-04-27T11:00:00+00:00,4695.0,4695.2,4686.97,4691.0,306583.0,real_delta_india
2026-04-27T12:00:00+00:00,4691.0,4698.5,4683.3,4685.8,876360.0,real_delta_india
2026-04-27T13:00:00+00:00,4685.6,4688.8,4676.0,4682.9,845425.0,real_delta_india
2026-04-27T14:00:00+00:00,4682.9,4684.2,4664.45,4665.9,1020126.0,real_delta_india
2026-04-27T15:00:00+00:00,4666.4,4670.7,4655.3,4658.8,1339821.0,real_delta_india
2026-04-27T16:00:00+00:00,4658.7,4667.0,4656.0,4664.6,512847.0,real_delta_india
2026-04-27T17:00:00+00:00,4665.5,4673.5,4657.5,4670.4,839179.0,real_delta_india
2026-04-27T18:00:00+00:00,4670.2,4674.3,4667.8,4669.7,410020.0,real_delta_india
2026-04-27T19:00:00+00:00,4670.2,4672.0,4666.2,4670.1,168264.0,real_delta_india
2026-04-27T20:00:00+00:00,4670.3,4671.8,4666.8,4671.79,41211.0,real_delta_india
2026-04-27T21:00:00+00:00,4671.79,4676.4,4671.79,4675.1,157480.0,real_delta_india
2026-04-27T22:00:00+00:00,4674.2,4679.8,4673.0,4676.7,82369.0,real_delta_india
2026-04-27T23:00:00+00:00,4676.6,4682.9,4675.3,4680.3,149797.0,real_delta_india
2026-04-28T00:00:00+00:00,4680.7,4689.0,4678.2,4678.5,201384.0,real_delta_india
2026-04-28T01:00:00+00:00,4677.6,4679.2,4658.3,4659.8,426764.0,real_delta_india
2026-04-28T02:00:00+00:00,4658.4,4669.2,4655.5,4658.4,386695.0,real_delta_india
2026-04-28T03:00:00+00:00,4658.3,4664.5,4658.0,4660.0,247280.0,real_delta_india
2026-04-28T04:00:00+00:00,4660.0,4660.0,4654.9,4656.9,415541.0,real_delta_india
2026-04-28T05:00:00+00:00,4656.9,4657.3,4616.4,4624.6,1640786.0,real_delta_india
2026-04-28T06:00:00+00:00,4624.1,4634.3,4614.2,4621.0,792635.0,real_delta_india
2026-04-28T07:00:00+00:00,4620.0,4630.4,4613.2,4624.55,497373.0,real_delta_india
2026-04-28T08:00:00+00:00,4624.67,4626.3,4607.7,4621.8,450935.0,real_delta_india
2026-04-28T09:00:00+00:00,4621.7,4621.7,4597.6,4598.1,627547.0,real_delta_india
2026-04-28T10:00:00+00:00,4598.0,4608.6,4596.0,4596.9,556065.0,real_delta_india
2026-04-28T11:00:00+00:00,4596.4,4601.7,4548.7,4557.0,2175131.0,real_delta_india
2026-04-28T12:00:00+00:00,4556.8,4592.4,4548.9,4586.7,1706110.0,real_delta_india
2026-04-28T13:00:00+00:00,4586.1,4586.1,4565.2,4574.3,1557046.0,real_delta_india
2026-04-28T14:00:00+00:00,4573.7,4574.1,4552.9,4568.7,1093381.0,real_delta_india
2026-04-28T15:00:00+00:00,4569.4,4579.9,4561.9,4579.7,731889.0,real_delta_india
2026-04-28T16:00:00+00:00,4580.0,4588.05,4572.0,4585.7,867034.0,real_delta_india
2026-04-28T17:00:00+00:00,4585.6,4594.8,4580.39,4587.1,807769.0,real_delta_india
2026-04-28T18:00:00+00:00,4587.1,4592.7,4584.9,4587.1,309871.0,real_delta_india
2026-04-28T19:00:00+00:00,4586.8,4592.65,4586.2,4588.5,176251.0,real_delta_india
2026-04-28T20:00:00+00:00,4588.8,4591.3,4583.6,4590.7,94637.0,real_delta_india
2026-04-28T21:00:00+00:00,4589.6,4592.6,4588.8,4592.4,27438.0,real_delta_india
2026-04-28T22:00:00+00:00,4592.1,4592.7,4585.1,4585.5,54627.0,real_delta_india
2026-04-28T23:00:00+00:00,4586.3,4588.0,4580.8,4587.4,85321.0,real_delta_india
2026-04-29T00:00:00+00:00,4587.8,4602.5,4587.8,4591.6,492221.0,real_delta_india
2026-04-29T01:00:00+00:00,4590.5,4590.5,4568.6,4576.7,593445.0,real_delta_india
2026-04-29T02:00:00+00:00,4576.8,4594.8,4576.8,4584.4,364211.0,real_delta_india
2026-04-29T03:00:00+00:00,4584.6,4594.7,4583.9,4586.3,347765.0,real_delta_india
2026-04-29T04:00:00+00:00,4586.3,4595.8,4586.3,4593.8,504514.0,real_delta_india
2026-04-29T05:00:00+00:00,4593.9,4597.5,4582.4,4582.5,757725.0,real_delta_india
2026-04-29T06:00:00+00:00,4582.2,4588.8,4572.0,4575.8,622983.0,real_delta_india
2026-04-29T07:00:00+00:00,4575.8,4580.0,4559.6,4560.32,916295.0,real_delta_india
2026-04-29T08:00:00+00:00,4562.5,4568.5,4550.1,4564.8,896122.0,real_delta_india
2026-04-29T09:00:00+00:00,4565.0,4571.6,4544.2,4548.6,1047533.0,real_delta_india
2026-04-29T10:00:00+00:00,4548.4,4568.4,4548.4,4562.0,1099364.0,real_delta_india
2026-04-29T11:00:00+00:00,4562.6,4565.2,4552.2,4555.3,622644.0,real_delta_india
2026-04-29T12:00:00+00:00,4554.35,4561.0,4534.5,4537.7,1473382.0,real_delta_india
2026-04-29T13:00:00+00:00,4538.5,4545.9,4504.9,4517.6,2334167.0,real_delta_india
2026-04-29T14:00:00+00:00,4517.2,4536.1,4513.0,4532.6,1303972.0,real_delta_india
2026-04-29T15:00:00+00:00,4532.8,4551.3,4529.2,4540.5,1407076.0,real_delta_india
2026-04-29T16:00:00+00:00,4541.1,4557.3,4538.5,4539.9,1089082.0,real_delta_india
2026-04-29T17:00:00+00:00,4540.0,4548.2,4536.6,4542.4,901607.0,real_delta_india
2026-04-29T18:00:00+00:00,4542.8,4547.1,4514.3,4532.7,2048578.0,real_delta_india
2026-04-29T19:00:00+00:00,4535.5,4545.9,4529.4,4540.8,521364.0,real_delta_india
2026-04-29T20:00:00+00:00,4541.1,4547.06,4535.4,4539.5,81240.0,real_delta_india
2026-04-29T21:00:00+00:00,4541.0,4546.9,4540.6,4544.4,39156.0,real_delta_india
2026-04-29T22:00:00+00:00,4541.0,4545.1,4534.5,4545.0,57519.0,real_delta_india
2026-04-29T23:00:00+00:00,4546.8,4554.7,4544.0,4554.7,116136.0,real_delta_india
2026-04-30T00:00:00+00:00,4554.1,4567.5,4550.1,4562.6,342532.0,real_delta_india
2026-04-30T01:00:00+00:00,4563.1,4574.3,4558.9,4571.2,455808.0,real_delta_india
2026-04-30T02:00:00+00:00,4571.1,4573.5,4551.8,4557.5,464497.0,real_delta_india
2026-04-30T03:00:00+00:00,4557.4,4561.4,4548.7,4549.4,375287.0,real_delta_india
2026-04-30T04:00:00+00:00,4549.1,4549.2,4533.3,4533.9,543923.0,real_delta_india
2026-04-30T05:00:00+00:00,4533.9,4560.6,4533.9,4554.0,720761.0,real_delta_india
2026-04-30T06:00:00+00:00,4554.0,4582.42,4551.0,4580.1,998483.0,real_delta_india
2026-04-30T07:00:00+00:00,4580.27,4595.4,4575.8,4589.3,995098.0,real_delta_india
2026-04-30T08:00:00+00:00,4589.72,4618.9,4588.5,4607.6,1297701.0,real_delta_india
2026-04-30T09:00:00+00:00,4607.3,4622.2,4606.3,4615.9,717279.0,real_delta_india
2026-04-30T10:00:00+00:00,4616.0,4636.2,4614.1,4629.3,1079517.0,real_delta_india
2026-04-30T11:00:00+00:00,4630.0,4636.1,4618.4,4620.7,1081822.0,real_delta_india
2026-04-30T12:00:00+00:00,4621.5,4630.4,4617.0,4629.5,1202031.0,real_delta_india
2026-04-30T13:00:00+00:00,4629.4,4636.4,4601.7,4602.2,2103256.0,real_delta_india
2026-04-30T14:00:00+00:00,4602.0,4615.4,4600.6,4610.4,1176338.0,real_delta_india
2026-04-30T15:00:00+00:00,4610.7,4616.6,4603.0,4605.5,609232.0,real_delta_india
2026-04-30T16:00:00+00:00,4605.4,4607.9,4595.3,4599.1,1311606.0,real_delta_india
2026-04-30T17:00:00+00:00,4599.1,4612.2,4599.0,4608.2,726509.0,real_delta_india
2026-04-30T18:00:00+00:00,4607.7,4616.0,4607.7,4613.7,494244.0,real_delta_india
2026-04-30T19:00:00+00:00,4613.7,4618.3,4604.8,4607.0,490249.0,real_delta_india
2026-04-30T20:00:00+00:00,4607.5,4611.3,4606.1,4611.3,93042.0,real_delta_india
2026-04-30T21:00:00+00:00,4611.3,4611.3,4608.3,4609.8,16379.0,real_delta_india
2026-04-30T22:00:00+00:00,4613.7,4622.5,4613.7,4620.4,187073.0,real_delta_india
2026-04-30T23:00:00+00:00,4619.5,4623.08,4615.6,4616.2,132117.0,real_delta_india
2026-05-01T00:00:00+00:00,4615.0,4620.5,4608.9,4609.9,172412.0,real_delta_india
2026-05-01T01:00:00+00:00,4609.1,4611.0,4603.9,4610.2,205728.0,real_delta_india
2026-05-01T02:00:00+00:00,4610.2,4624.2,4606.0,4607.6,511129.0,real_delta_india
2026-05-01T03:00:00+00:00,4608.0,4620.7,4606.5,4614.5,431747.0,real_delta_india
2026-05-01T04:00:00+00:00,4614.9,4617.5,4598.5,4598.5,765055.0,real_delta_india
2026-05-01T05:00:00+00:00,4598.7,4605.74,4592.7,4594.3,972484.0,real_delta_india
2026-05-01T06:00:00+00:00,4594.6,4597.19,4581.5,4585.2,1299010.0,real_delta_india
2026-05-01T07:00:00+00:00,4584.9,4588.8,4568.0,4570.5,1365362.0,real_delta_india
2026-05-01T08:00:00+00:00,4571.2,4574.4,4558.6,4561.6,1354429.0,real_delta_india
2026-05-01T09:00:00+00:00,4562.1,4567.2,4554.5,4556.9,1000460.0,real_delta_india
2026-05-01T10:00:00+00:00,4556.5,4571.2,4556.3,4561.5,1003191.0,real_delta_india
2026-05-01T11:00:00+00:00,4562.6,4574.7,4557.5,4574.2,1287584.0,real_delta_india
2026-05-01T12:00:00+00:00,4574.2,4601.0,4570.1,4583.7,1991197.0,real_delta_india
2026-05-01T13:00:00+00:00,4583.0,4620.6,4580.1,4618.5,2164964.0,real_delta_india
2026-05-01T14:00:00+00:00,4618.7,4650.0,4617.1,4621.7,2687906.0,real_delta_india
2026-05-01T15:00:00+00:00,4622.6,4634.6,4608.0,4630.0,1190959.0,real_delta_india
2026-05-01T16:00:00+00:00,4629.9,4636.2,4620.4,4626.1,915873.0,real_delta_india
2026-05-01T17:00:00+00:00,4625.6,4630.0,4615.0,4618.1,720010.0,real_delta_india
2026-05-01T18:00:00+00:00,4618.23,4619.0,4602.6,4612.0,822136.0,real_delta_india
2026-05-01T19:00:00+00:00,4612.8,4616.1,4599.0,4599.6,393267.0,real_delta_india
2026-05-01T20:00:00+00:00,4600.3,4605.8,4597.2,4601.5,236709.0,real_delta_india
2026-05-01T21:00:00+00:00,4601.3,4606.0,4598.7,4602.4,87884.0,real_delta_india
2026-05-01T22:00:00+00:00,4602.4,4602.6,4601.5,4601.8,25914.0,real_delta_india
2026-05-01T23:00:00+00:00,4601.8,4603.6,4601.37,4601.8,41059.0,real_delta_india
2026-05-02T00:00:00+00:00,4602.4,4602.7,4600.4,4601.4,16692.0,real_delta_india
2026-05-02T01:00:00+00:00,4601.4,4602.5,4601.3,4601.3,40588.0,real_delta_india
2026-05-02T02:00:00+00:00,4601.3,4603.1,4600.6,4603.0,56941.0,real_delta_india
2026-05-02T03:00:00+00:00,4602.9,4603.1,4602.7,4602.9,44872.0,real_delta_india
2026-05-02T04:00:00+00:00,4603.0,4603.0,4600.1,4600.4,47339.0,real_delta_india
2026-05-02T05:00:00+00:00,4600.5,4600.7,4599.8,4600.1,102337.0,real_delta_india
2026-05-02T06:00:00+00:00,4600.4,4600.6,4599.5,4599.8,67386.0,real_delta_india
2026-05-02T07:00:00+00:00,4599.8,4602.7,4599.6,4600.0,78304.0,real_delta_india
2026-05-02T08:00:00+00:00,4599.7,4600.2,4599.2,4600.1,61578.0,real_delta_india
2026-05-02T09:00:00+00:00,4600.1,4601.2,4599.9,4600.8,21750.0,real_delta_india
2026-05-02T10:00:00+00:00,4600.9,4601.7,4600.8,4601.3,31415.0,real_delta_india
2026-05-02T11:00:00+00:00,4601.4,4601.5,4600.1,4600.7,22607.0,real_delta_india
2026-05-02T12:00:00+00:00,4600.8,4602.3,4600.8,4602.2,42812.0,real_delta_india
2026-05-02T13:00:00+00:00,4602.3,4603.4,4600.1,4600.5,61564.0,real_delta_india
2026-05-02T14:00:00+00:00,4600.5,4600.8,4600.0,4600.3,30468.0,real_delta_india
2026-05-02T15:00:00+00:00,4600.2,4600.3,4600.0,4600.1,19803.0,real_delta_india
2026-05-02T16:00:00+00:00,4600.2,4600.3,4599.9,4600.1,38265.0,real_delta_india
2026-05-02T17:00:00+00:00,4600.2,4600.2,4595.6,4596.6,76909.0,real_delta_india
2026-05-02T18:00:00+00:00,4596.6,4597.0,4596.1,4596.8,29212.0,real_delta_india
2026-05-02T19:00:00+00:00,4596.8,4597.1,4596.4,4596.9,24590.0,real_delta_india
2026-05-02T20:00:00+00:00,4597.0,4597.0,4596.7,4597.0,9198.0,real_delta_india
2026-05-02T21:00:00+00:00,4597.0,4599.6,4595.9,4595.9,15321.0,real_delta_india
2026-05-02T22:00:00+00:00,4595.8,4597.2,4593.6,4597.2,49502.0,real_delta_india
2026-05-02T23:00:00+00:00,4597.2,4597.2,4595.2,4595.3,8349.0,real_delta_india
2026-05-03T00:00:00+00:00,4595.2,4595.9,4594.0,4594.4,16197.0,real_delta_india
2026-05-03T01:00:00+00:00,4594.3,4594.5,4593.8,4594.3,17419.0,real_delta_india
2026-05-03T02:00:00+00:00,4594.3,4595.5,4594.2,4595.5,24267.0,real_delta_india
2026-05-03T03:00:00+00:00,4595.4,4597.0,4595.3,4596.9,44900.0,real_delta_india
2026-05-03T04:00:00+00:00,4596.9,4598.5,4596.8,4598.3,22792.0,real_delta_india
2026-05-03T05:00:00+00:00,4598.3,4600.5,4598.2,4600.0,51814.0,real_delta_india
2026-05-03T06:00:00+00:00,4599.9,4600.5,4599.8,4599.9,54591.0,real_delta_india
2026-05-03T07:00:00+00:00,4600.0,4601.0,4599.9,4600.4,33166.0,real_delta_india
2026-05-03T08:00:00+00:00,4600.5,4604.9,4600.2,4602.0,95404.0,real_delta_india
2026-05-03T09:00:00+00:00,4603.0,4606.4,4602.9,4606.3,171517.0,real_delta_india
2026-05-03T10:00:00+00:00,4606.3,4606.6,4604.0,4604.6,42392.0,real_delta_india
2026-05-03T11:00:00+00:00,4604.5,4610.6,4604.5,4610.0,87312.0,real_delta_india
2026-05-03T12:00:00+00:00,4609.7,4614.7,4609.7,4613.9,71314.0,real_delta_india
2026-05-03T13:00:00+00:00,4613.1,4614.0,4610.4,4611.6,63302.0,real_delta_india
2026-05-03T14:00:00+00:00,4611.7,4616.0,4611.0,4614.3,173666.0,real_delta_india
2026-05-03T15:00:00+00:00,4614.6,4617.1,4614.2,4614.89,156827.0,real_delta_india
2026-05-03T16:00:00+00:00,4614.89,4618.9,4614.2,4614.3,126897.0,real_delta_india
2026-05-03T17:00:00+00:00,4614.2,4614.5,4609.8,4612.5,130829.0,real_delta_india
2026-05-03T18:00:00+00:00,4611.8,4617.3,4610.7,4614.0,62797.0,real_delta_india
2026-05-03T19:00:00+00:00,4614.7,4620.4,4613.7,4617.4,49169.0,real_delta_india
2026-05-03T20:00:00+00:00,4618.6,4620.8,4615.7,4620.6,87069.0,real_delta_india
2026-05-03T21:00:00+00:00,4621.09,4636.7,4621.09,4630.6,185220.0,real_delta_india
2026-05-03T22:00:00+00:00,4628.0,4628.0,4604.5,4608.8,354615.0,real_delta_india
2026-05-03T23:00:00+00:00,4608.2,4610.4,4602.1,4603.7,186723.0,real_delta_india
2026-05-04T00:00:00+00:00,4602.0,4607.5,4593.1,4604.0,378991.0,real_delta_india
2026-05-04T01:00:00+00:00,4604.6,4605.5,4585.8,4605.0,564406.0,real_delta_india
2026-05-04T02:00:00+00:00,4605.0,4610.0,4583.9,4598.0,825255.0,real_delta_india
2026-05-04T03:00:00+00:00,4597.5,4608.6,4591.8,4607.3,566548.0,real_delta_india
2026-05-04T04:00:00+00:00,4607.3,4607.3,4596.2,4596.9,393471.0,real_delta_india
2026-05-04T05:00:00+00:00,4596.4,4603.9,4585.1,4591.9,733872.0,real_delta_india
2026-05-04T06:00:00+00:00,4591.8,4592.9,4577.0,4581.1,1045779.0,real_delta_india
2026-05-04T07:00:00+00:00,4581.0,4585.5,4569.7,4570.7,693427.0,real_delta_india
2026-05-04T08:00:00+00:00,4571.2,4573.84,4567.2,4568.9,613044.0,real_delta_india
2026-05-04T09:00:00+00:00,4569.2,4578.0,4565.9,4568.9,730863.0,real_delta_india
2026-05-04T10:00:00+00:00,4568.9,4569.2,4520.6,4556.1,2483104.0,real_delta_india
2026-05-04T11:00:00+00:00,4557.8,4564.3,4545.5,4554.0,1009137.0,real_delta_india
2026-05-04T12:00:00+00:00,4554.1,4572.5,4553.6,4561.9,1171680.0,real_delta_india
2026-05-04T13:00:00+00:00,4561.2,4568.3,4549.3,4557.1,1022576.0,real_delta_india
2026-05-04T14:00:00+00:00,4556.6,4574.7,4546.8,4554.1,1575998.0,real_delta_india
2026-05-04T15:00:00+00:00,4553.5,4558.8,4507.8,4516.3,2810742.0,real_delta_india
2026-05-04T16:00:00+00:00,4516.2,4522.1,4496.6,4506.9,1637143.0,real_delta_india
2026-05-04T17:00:00+00:00,4507.39,4526.7,4507.39,4518.5,975724.0,real_delta_india
2026-05-04T18:00:00+00:00,4517.7,4520.7,4505.1,4511.6,538420.0,real_delta_india
2026-05-04T19:00:00+00:00,4512.5,4522.6,4507.3,4513.0,278644.0,real_delta_india
2026-05-04T20:00:00+00:00,4513.7,4519.1,4507.8,4518.6,80569.0,real_delta_india
2026-05-04T21:00:00+00:00,4518.7,4522.2,4517.9,4521.3,45145.0,real_delta_india
2026-05-04T22:00:00+00:00,4519.6,4519.6,4511.6,4512.9,28220.0,real_delta_india
2026-05-04T23:00:00+00:00,4513.2,4516.2,4511.8,4514.5,32353.0,real_delta_india
2026-05-05T00:00:00+00:00,4514.5,4525.8,4509.0,4524.7,276700.0,real_delta_india
2026-05-05T01:00:00+00:00,4524.1,4536.3,4520.5,4534.9,610107.0,real_delta_india
2026-05-05T02:00:00+00:00,4535.0,4540.3,4529.4,4533.8,387998.0,real_delta_india
2026-05-05T03:00:00+00:00,4533.8,4536.8,4526.3,4528.4,434950.0,real_delta_india
2026-05-05T04:00:00+00:00,4528.1,4530.8,4522.25,4528.0,493769.0,real_delta_india
2026-05-05T05:00:00+00:00,4527.6,4544.4,4525.6,4538.6,830380.0,real_delta_india
2026-05-05T06:00:00+00:00,4538.9,4545.0,4527.2,4540.8,705358.0,real_delta_india
2026-05-05T07:00:00+00:00,4540.8,4551.5,4536.3,4538.4,1010767.0,real_delta_india
2026-05-05T08:00:00+00:00,4538.5,4551.3,4538.3,4550.8,443066.0,real_delta_india
2026-05-05T09:00:00+00:00,4550.8,4552.3,4543.2,4547.7,418164.0,real_delta_india
2026-05-05T10:00:00+00:00,4548.0,4548.9,4532.5,4537.02,656009.0,real_delta_india
2026-05-05T11:00:00+00:00,4536.5,4556.2,4531.9,4553.0,938940.0,real_delta_india
2026-05-05T12:00:00+00:00,4553.0,4564.9,4546.0,4554.4,1293174.0,real_delta_india
2026-05-05T13:00:00+00:00,4554.6,4575.0,4554.6,4568.8,1181685.0,real_delta_india
2026-05-05T14:00:00+00:00,4569.1,4575.7,4556.1,4571.3,1352664.0,real_delta_india
2026-05-05T15:00:00+00:00,4571.4,4572.8,4558.0,4558.6,608109.0,real_delta_india
2026-05-05T16:00:00+00:00,4558.5,4558.6,4543.9,4551.0,1453835.0,real_delta_india
2026-05-05T17:00:00+00:00,4551.0,4552.6,4543.0,4549.6,1057698.0,real_delta_india
2026-05-05T18:00:00+00:00,4549.3,4554.9,4546.9,4550.0,724637.0,real_delta_india
2026-05-05T19:00:00+00:00,4550.4,4550.4,4541.7,4544.9,396897.0,real_delta_india
2026-05-05T20:00:00+00:00,4545.0,4549.6,4543.9,4546.9,155987.0,real_delta_india
2026-05-05T21:00:00+00:00,4547.5,4552.3,4545.6,4545.8,58883.0,real_delta_india
2026-05-05T22:00:00+00:00,4545.0,4565.0,4536.0,4560.8,367884.0,real_delta_india
2026-05-05T23:00:00+00:00,4561.6,4583.5,4559.4,4581.2,548599.0,real_delta_india
2026-05-06T00:00:00+00:00,4582.0,4607.2,4575.7,4606.2,565198.0,real_delta_india
2026-05-06T01:00:00+00:00,4607.0,4615.4,4597.6,4612.7,642586.0,real_delta_india
2026-05-06T02:00:00+00:00,4612.8,4629.2,4612.5,4627.4,666214.0,real_delta_india
2026-05-06T03:00:00+00:00,4626.5,4639.6,4625.4,4631.4,987532.0,real_delta_india
2026-05-06T04:00:00+00:00,4631.3,4641.0,4630.3,4636.7,852062.0,real_delta_india
2026-05-06T05:00:00+00:00,4636.7,4649.37,4631.3,4648.9,1308323.0,real_delta_india
2026-05-06T06:00:00+00:00,4648.8,4656.3,4643.6,4655.6,993021.0,real_delta_india
2026-05-06T07:00:00+00:00,4656.63,4668.4,4644.3,4668.0,1380065.0,real_delta_india
2026-05-06T08:00:00+00:00,4668.0,4690.1,4658.5,4687.0,1175995.0,real_delta_india
2026-05-06T09:00:00+00:00,4687.8,4695.5,4677.0,4690.6,997720.0,real_delta_india
2026-05-06T10:00:00+00:00,4690.7,4710.94,4684.1,4706.7,1174862.0,real_delta_india
2026-05-06T11:00:00+00:00,4705.0,4709.3,4678.8,4679.8,1498325.0,real_delta_india
2026-05-06T12:00:00+00:00,4679.9,4680.0,4649.2,4670.9,2270185.0,real_delta_india
2026-05-06T13:00:00+00:00,4670.1,4694.0,4657.9,4688.6,1584176.0,real_delta_india
2026-05-06T14:00:00+00:00,4688.0,4703.2,4684.5,4688.8,1681428.0,real_delta_india
2026-05-06T15:00:00+00:00,4688.9,4691.1,4673.8,4674.4,1307347.0,real_delta_india
2026-05-06T16:00:00+00:00,4673.8,4678.0,4665.6,4668.3,1212849.0,real_delta_india
2026-05-06T17:00:00+00:00,4668.6,4673.5,4664.8,4669.9,644610.0,real_delta_india
2026-05-06T18:00:00+00:00,4669.9,4676.6,4667.95,4672.3,516535.0,real_delta_india
2026-05-06T19:00:00+00:00,4672.54,4686.4,4672.5,4678.7,624159.0,real_delta_india
2026-05-06T20:00:00+00:00,4678.6,4684.3,4671.6,4678.0,146715.0,real_delta_india
2026-05-06T21:00:00+00:00,4678.5,4680.6,4678.4,4678.6,55368.0,real_delta_india
2026-05-06T22:00:00+00:00,4681.4,4685.0,4675.4,4680.0,106802.0,real_delta_india
2026-05-06T23:00:00+00:00,4680.2,4684.6,4676.3,4684.5,75332.0,real_delta_india
2026-05-07T00:00:00+00:00,4683.9,4686.5,4670.9,4674.3,234234.0,real_delta_india
2026-05-07T01:00:00+00:00,4673.6,4706.3,4671.2,4701.0,813491.0,real_delta_india
2026-05-07T02:00:00+00:00,4700.4,4703.8,4685.7,4694.0,482187.0,real_delta_india
2026-05-07T03:00:00+00:00,4693.0,4696.0,4684.1,4684.6,445464.0,real_delta_india
2026-05-07T04:00:00+00:00,4684.7,4685.9,4678.03,4682.4,559972.0,real_delta_india
2026-05-07T05:00:00+00:00,4682.5,4692.3,4680.6,4687.6,695328.0,real_delta_india
2026-05-07T06:00:00+00:00,4687.0,4734.5,4687.0,4724.1,1963913.0,real_delta_india
2026-05-07T07:00:00+00:00,4723.5,4735.3,4716.2,4729.3,905057.0,real_delta_india
2026-05-07T08:00:00+00:00,4729.2,4739.05,4717.5,4717.5,918158.0,real_delta_india
2026-05-07T09:00:00+00:00,4717.5,4727.2,4708.4,4717.6,1073692.0,real_delta_india
2026-05-07T10:00:00+00:00,4717.0,4728.2,4715.5,4725.0,732579.0,real_delta_india
2026-05-07T11:00:00+00:00,4725.3,4732.0,4716.4,4730.9,903064.0,real_delta_india
2026-05-07T12:00:00+00:00,4731.0,4741.8,4721.6,4739.0,1163141.0,real_delta_india
2026-05-07T13:00:00+00:00,4739.0,4746.8,4720.3,4735.4,1507848.0,real_delta_india
2026-05-07T14:00:00+00:00,4736.7,4752.5,4731.5,4752.4,1635539.0,real_delta_india
2026-05-07T15:00:00+00:00,4752.4,4754.2,4714.8,4717.6,2195048.0,real_delta_india
2026-05-07T16:00:00+00:00,4717.2,4718.6,4693.9,4705.9,1820351.0,real_delta_india
2026-05-07T17:00:00+00:00,4705.9,4710.1,4680.42,4703.7,1250856.0,real_delta_india
2026-05-07T18:00:00+00:00,4704.1,4707.2,4687.8,4701.3,746377.0,real_delta_india
2026-05-07T19:00:00+00:00,4701.8,4704.5,4690.0,4696.0,184237.0,real_delta_india
2026-05-07T20:00:00+00:00,4696.0,4711.3,4678.4,4678.6,331860.0,real_delta_india
2026-05-07T21:00:00+00:00,4678.9,4688.1,4675.1,4678.3,120538.0,real_delta_india
2026-05-07T22:00:00+00:00,4678.0,4689.6,4672.1,4676.4,142229.0,real_delta_india
2026-05-07T23:00:00+00:00,4677.2,4695.8,4677.2,4695.0,175171.0,real_delta_india
2026-05-08T00:00:00+00:00,4695.05,4700.2,4685.1,4691.5,308930.0,real_delta_india
2026-05-08T01:00:00+00:00,4693.0,4714.0,4693.0,4711.5,644109.0,real_delta_india
2026-05-08T02:00:00+00:00,4712.0,4720.7,4697.6,4702.7,886141.0,real_delta_india
2026-05-08T03:00:00+00:00,4703.4,4720.9,4700.6,4709.4,716288.0,real_delta_india
2026-05-08T04:00:00+00:00,4709.2,4712.8,4698.3,4700.6,801871.0,real_delta_india
2026-05-08T05:00:00+00:00,4700.8,4719.9,4699.5,4717.3,746083.0,real_delta_india
2026-05-08T06:00:00+00:00,4717.2,4723.6,4703.7,4715.29,1004524.0,real_delta_india
2026-05-08T07:00:00+00:00,4714.3,4715.0,4688.7,4698.3,1286173.0,real_delta_india
2026-05-08T08:00:00+00:00,4698.3,4712.2,4696.7,4705.6,783501.0,real_delta_india
2026-05-08T09:00:00+00:00,4706.3,4712.9,4698.0,4702.6,594934.0,real_delta_india
2026-05-08T10:00:00+00:00,4702.2,4718.0,4702.2,4710.2,781640.0,real_delta_india
2026-05-08T11:00:00+00:00,4710.82,4717.19,4703.1,4706.7,474903.0,real_delta_india
2026-05-08T12:00:00+00:00,4707.1,4720.0,4693.7,4712.2,1585603.0,real_delta_india
2026-05-08T13:00:00+00:00,4712.1,4736.7,4705.6,4736.5,1678986.0,real_delta_india
2026-05-08T14:00:00+00:00,4736.8,4739.3,4703.7,4707.2,1658096.0,real_delta_india
2026-05-08T15:00:00+00:00,4706.1,4710.7,4693.6,4698.3,1266092.0,real_delta_india
2026-05-08T16:00:00+00:00,4698.9,4710.1,4697.0,4702.9,781524.0,real_delta_india
2026-05-08T17:00:00+00:00,4702.9,4712.0,4702.5,4710.2,649092.0,real_delta_india
2026-05-08T18:00:00+00:00,4710.6,4718.1,4710.4,4713.4,577167.0,real_delta_india
2026-05-08T19:00:00+00:00,4713.1,4717.4,4712.1,4714.2,136909.0,real_delta_india
2026-05-08T20:00:00+00:00,4714.6,4715.0,4706.0,4707.2,140206.0,real_delta_india
2026-05-08T21:00:00+00:00,4707.1,4708.5,4705.5,4705.8,54628.0,real_delta_india
2026-05-08T22:00:00+00:00,4706.1,4706.3,4705.0,4705.2,25883.0,real_delta_india
2026-05-08T23:00:00+00:00,4705.2,4705.4,4704.8,4704.9,23029.0,real_delta_india
2026-05-09T00:00:00+00:00,4704.8,4705.6,4703.4,4705.4,62427.0,real_delta_india
2026-05-09T01:00:00+00:00,4705.3,4708.2,4705.3,4708.1,47115.0,real_delta_india
2026-05-09T02:00:00+00:00,4708.1,4711.4,4707.3,4707.7,60082.0,real_delta_india
2026-05-09T03:00:00+00:00,4707.8,4707.8,4703.0,4704.7,81641.0,real_delta_india
2026-05-09T04:00:00+00:00,4704.7,4706.5,4703.7,4705.0,136840.0,real_delta_india
2026-05-09T05:00:00+00:00,4704.9,4707.1,4704.4,4704.6,133031.0,real_delta_india
2026-05-09T06:00:00+00:00,4704.6,4705.1,4703.3,4703.4,74011.0,real_delta_india
2026-05-09T07:00:00+00:00,4703.4,4704.2,4703.0,4703.8,53428.0,real_delta_india
2026-05-09T08:00:00+00:00,4703.7,4704.3,4702.2,4703.7,85930.0,real_delta_india
2026-05-09T09:00:00+00:00,4703.6,4703.9,4701.9,4702.3,48767.0,real_delta_india
2026-05-09T10:00:00+00:00,4702.2,4702.7,4701.1,4702.3,54936.0,real_delta_india
2026-05-09T11:00:00+00:00,4702.4,4703.3,4701.8,4702.9,17173.0,real_delta_india
2026-05-09T12:00:00+00:00,4703.0,4704.5,4702.7,4703.95,36558.0,real_delta_india
2026-05-09T13:00:00+00:00,4704.0,4704.0,4701.0,4702.0,25650.0,real_delta_india
2026-05-09T14:00:00+00:00,4702.0,4703.6,4701.9,4702.0,19560.0,real_delta_india
2026-05-09T15:00:00+00:00,4702.0,4702.8,4701.4,4702.7,16774.0,real_delta_india
2026-05-09T16:00:00+00:00,4702.8,4703.1,4702.6,4703.0,18803.0,real_delta_india
2026-05-09T17:00:00+00:00,4702.9,4707.4,4702.8,4706.3,65399.0,real_delta_india
2026-05-09T18:00:00+00:00,4706.2,4708.9,4705.8,4708.9,44308.0,real_delta_india
2026-05-09T19:00:00+00:00,4708.9,4709.6,4706.6,4709.6,33473.0,real_delta_india
2026-05-09T20:00:00+00:00,4709.6,4711.6,4709.4,4711.2,34747.0,real_delta_india
2026-05-09T21:00:00+00:00,4711.28,4713.6,4711.2,4713.2,23580.0,real_delta_india
2026-05-09T22:00:00+00:00,4713.3,4713.3,4710.6,4712.4,8088.0,real_delta_india
2026-05-09T23:00:00+00:00,4712.4,4712.4,4708.6,4709.7,8904.0,real_delta_india
2026-05-10T00:00:00+00:00,4710.9,4712.4,4710.1,4710.8,5891.0,real_delta_india
2026-05-10T01:00:00+00:00,4710.7,4710.8,4706.4,4708.8,21495.0,real_delta_india
2026-05-10T02:00:00+00:00,4709.0,4710.9,4708.9,4710.9,28339.0,real_delta_india
2026-05-10T03:00:00+00:00,4710.9,4714.2,4710.8,4713.9,39719.0,real_delta_india
2026-05-10T04:00:00+00:00,4713.9,4714.0,4711.5,4712.3,58052.0,real_delta_india
2026-05-10T05:00:00+00:00,4712.8,4713.6,4711.2,4712.6,25543.0,real_delta_india
2026-05-10T06:00:00+00:00,4712.6,4713.8,4711.0,4711.9,20019.0,real_delta_india
2026-05-10T07:00:00+00:00,4712.0,4712.0,4707.8,4708.1,58495.0,real_delta_india
2026-05-10T08:00:00+00:00,4708.1,4710.5,4706.4,4709.9,76879.0,real_delta_india
2026-05-10T09:00:00+00:00,4709.91,4712.3,4708.9,4708.9,124014.0,real_delta_india
2026-05-10T10:00:00+00:00,4709.0,4711.1,4708.9,4710.1,18053.0,real_delta_india
2026-05-10T11:00:00+00:00,4710.2,4715.2,4709.6,4714.5,78744.0,real_delta_india
2026-05-10T12:00:00+00:00,4714.8,4715.9,4713.2,4714.8,80352.0,real_delta_india
2026-05-10T13:00:00+00:00,4714.8,4720.6,4714.7,4717.4,107037.0,real_delta_india
2026-05-10T14:00:00+00:00,4717.4,4717.6,4715.0,4717.3,104368.0,real_delta_india
2026-05-10T15:00:00+00:00,4717.4,4720.4,4717.3,4720.0,106401.0,real_delta_india
2026-05-10T16:00:00+00:00,4720.1,4720.3,4716.7,4718.0,104263.0,real_delta_india
2026-05-10T17:00:00+00:00,4718.0,4722.5,4716.6,4722.1,111756.0,real_delta_india
2026-05-10T18:00:00+00:00,4722.1,4722.6,4716.8,4718.1,82364.0,real_delta_india
2026-05-10T19:00:00+00:00,4718.0,4719.1,4713.5,4716.0,110125.0,real_delta_india
2026-05-10T20:00:00+00:00,4715.9,4715.9,4697.0,4702.4,193941.0,real_delta_india
2026-05-10T21:00:00+00:00,4702.3,4706.4,4696.0,4696.75,96601.0,real_delta_india
2026-05-10T22:00:00+00:00,4704.0,4704.0,4672.0,4685.1,397585.0,real_delta_india
2026-05-10T23:00:00+00:00,4684.95,4691.7,4682.2,4683.7,193129.0,real_delta_india
2026-05-11T00:00:00+00:00,4683.7,4685.4,4663.1,4676.0,605028.0,real_delta_india
2026-05-11T01:00:00+00:00,4677.2,4697.0,4668.0,4677.9,660019.0,real_delta_india
2026-05-11T02:00:00+00:00,4679.3,4692.5,4670.5,4673.7,505058.0,real_delta_india
2026-05-11T03:00:00+00:00,4673.6,4682.2,4668.9,4671.3,516276.0,real_delta_india
2026-05-11T04:00:00+00:00,4671.5,4672.0,4660.8,4665.6,570072.0,real_delta_india
2026-05-11T05:00:00+00:00,4665.5,4673.4,4642.5,4646.6,1265904.0,real_delta_india
2026-05-11T06:00:00+00:00,4646.6,4673.8,4643.8,4671.7,854161.0,real_delta_india
2026-05-11T07:00:00+00:00,4672.8,4673.2,4658.1,4661.7,577182.0,real_delta_india
2026-05-11T08:00:00+00:00,4661.7,4672.2,4658.1,4660.7,728352.0,real_delta_india
2026-05-11T09:00:00+00:00,4660.8,4663.6,4645.8,4651.6,779042.0,real_delta_india
2026-05-11T10:00:00+00:00,4651.7,4662.0,4651.7,4659.1,553601.0,real_delta_india
2026-05-11T11:00:00+00:00,4658.7,4671.0,4658.2,4667.5,740904.0,real_delta_india
2026-05-11T12:00:00+00:00,4668.7,4694.8,4661.6,4693.1,1769980.0,real_delta_india
2026-05-11T13:00:00+00:00,4693.8,4738.8,4693.1,4726.23,3578282.0,real_delta_india
2026-05-11T14:00:00+00:00,4726.0,4728.5,4705.4,4716.5,2472287.0,real_delta_india
2026-05-11T15:00:00+00:00,4716.4,4727.3,4713.8,4721.0,1174980.0,real_delta_india
2026-05-11T16:00:00+00:00,4721.1,4722.6,4698.3,4704.5,1408454.0,real_delta_india
2026-05-11T17:00:00+00:00,4705.5,4714.3,4705.3,4712.6,958973.0,real_delta_india
2026-05-11T18:00:00+00:00,4712.7,4718.4,4709.3,4713.9,613538.0,real_delta_india
2026-05-11T19:00:00+00:00,4713.8,4724.4,4711.4,4721.4,457807.0,real_delta_india
2026-05-11T20:00:00+00:00,4722.4,4725.2,4717.3,4722.1,142811.0,real_delta_india
2026-05-11T21:00:00+00:00,4721.2,4723.7,4715.5,4721.9,49497.0,real_delta_india
2026-05-11T22:00:00+00:00,4724.0,4741.6,4724.0,4737.4,477648.0,real_delta_india
2026-05-11T23:00:00+00:00,4738.4,4756.76,4731.5,4755.0,718670.0,real_delta_india
2026-05-12T00:00:00+00:00,4753.4,4760.7,4736.5,4737.3,808873.0,real_delta_india
2026-05-12T01:00:00+00:00,4736.0,4742.6,4708.5,4715.4,1068407.0,real_delta_india
2026-05-12T02:00:00+00:00,4715.4,4722.3,4712.3,4719.3,505897.0,real_delta_india
2026-05-12T03:00:00+00:00,4719.0,4721.2,4706.4,4708.4,525590.0,real_delta_india
2026-05-12T04:00:00+00:00,4708.4,4718.6,4700.7,4704.1,823457.0,real_delta_india
2026-05-12T05:00:00+00:00,4703.8,4711.4,4698.1,4703.1,837368.0,real_delta_india
2026-05-12T06:00:00+00:00,4703.0,4703.0,4683.8,4686.7,1253616.0,real_delta_india
2026-05-12T07:00:00+00:00,4686.6,4693.5,4676.9,4690.1,859187.0,real_delta_india
2026-05-12T08:00:00+00:00,4691.3,4697.4,4686.8,4692.9,689496.0,real_delta_india
2026-05-12T09:00:00+00:00,4692.3,4694.7,4685.6,4690.3,372619.0,real_delta_india
2026-05-12T10:00:00+00:00,4690.9,4699.1,4677.1,4683.7,1057889.0,real_delta_india
2026-05-12T11:00:00+00:00,4685.0,4699.5,4677.1,4697.3,884591.0,real_delta_india
2026-05-12T12:00:00+00:00,4697.2,4704.5,4682.6,4698.4,1920937.0,real_delta_india
2026-05-12T13:00:00+00:00,4697.9,4701.1,4670.0,4672.2,2191047.0,real_delta_india
2026-05-12T14:00:00+00:00,4673.2,4687.8,4662.6,4666.0,1941500.0,real_delta_india
2026-05-12T15:00:00+00:00,4666.7,4669.4,4635.0,4661.5,2466952.0,real_delta_india
2026-05-12T16:00:00+00:00,4661.5,4669.8,4659.1,4665.7,1253480.0,real_delta_india
2026-05-12T17:00:00+00:00,4665.9,4676.9,4665.9,4673.8,1006992.0,real_delta_india
2026-05-12T18:00:00+00:00,4673.9,4693.6,4671.1,4691.1,1010435.0,real_delta_india
2026-05-12T19:00:00+00:00,4691.1,4709.7,4691.0,4709.7,874334.0,real_delta_india
2026-05-12T20:00:00+00:00,4709.92,4713.0,4705.1,4707.8,365522.0,real_delta_india
2026-05-12T21:00:00+00:00,4707.8,4707.8,4702.1,4702.6,119637.0,real_delta_india
2026-05-12T22:00:00+00:00,4705.0,4712.7,4705.0,4708.4,213857.0,real_delta_india
2026-05-12T23:00:00+00:00,4707.8,4715.4,4707.2,4709.9,196882.0,real_delta_india
2026-05-13T00:00:00+00:00,4709.8,4719.62,4706.1,4706.4,362897.0,real_delta_india
2026-05-13T01:00:00+00:00,4706.2,4708.1,4693.5,4694.8,672832.0,real_delta_india
2026-05-13T02:00:00+00:00,4694.8,4699.7,4682.4,4685.5,659964.0,real_delta_india
2026-05-13T03:00:00+00:00,4685.3,4698.6,4682.6,4689.8,612839.0,real_delta_india
2026-05-13T04:00:00+00:00,4689.86,4697.4,4688.5,4694.0,462095.0,real_delta_india
2026-05-13T05:00:00+00:00,4694.1,4701.3,4686.3,4696.2,814166.0,real_delta_india
2026-05-13T06:00:00+00:00,4696.1,4707.4,4692.4,4694.1,1100867.0,real_delta_india
2026-05-13T07:00:00+00:00,4694.6,4701.0,4689.8,4695.9,688040.0,real_delta_india
2026-05-13T08:00:00+00:00,4695.0,4696.5,4687.8,4693.2,682756.0,real_delta_india
2026-05-13T09:00:00+00:00,4693.3,4693.7,4678.6,4693.3,1214221.0,real_delta_india
2026-05-13T10:00:00+00:00,4693.3,4702.5,4686.3,4686.8,1024676.0,real_delta_india
2026-05-13T11:00:00+00:00,4686.8,4697.8,4683.7,4691.4,918746.0,real_delta_india
2026-05-13T12:00:00+00:00,4690.9,4694.4,4670.2,4676.4,1474889.0,real_delta_india
2026-05-13T13:00:00+00:00,4676.9,4686.2,4663.3,4672.4,1998190.0,real_delta_india
2026-05-13T14:00:00+00:00,4672.0,4684.6,4666.5,4674.8,1414651.0,real_delta_india
2026-05-13T15:00:00+00:00,4674.4,4692.9,4674.4,4687.7,1239730.0,real_delta_india
2026-05-13T16:00:00+00:00,4687.6,4702.1,4687.4,4688.4,1343099.0,real_delta_india
2026-05-13T17:00:00+00:00,4688.3,4693.6,4677.7,4678.3,1139591.0,real_delta_india
2026-05-13T18:00:00+00:00,4678.3,4687.1,4671.6,4677.4,789300.0,real_delta_india
2026-05-13T19:00:00+00:00,4677.4,4682.6,4674.61,4679.3,300123.0,real_delta_india
2026-05-13T20:00:00+00:00,4679.3,4683.9,4677.3,4680.5,126411.0,real_delta_india
2026-05-13T21:00:00+00:00,4680.2,4681.8,4679.2,4681.2,42671.0,real_delta_india
2026-05-13T22:00:00+00:00,4682.7,4691.6,4680.0,4690.4,127371.0,real_delta_india
2026-05-13T23:00:00+00:00,4691.0,4693.0,4684.4,4687.3,76019.0,real_delta_india
2026-05-14T00:00:00+00:00,4687.3,4696.7,4680.2,4695.6,358997.0,real_delta_india
2026-05-14T01:00:00+00:00,4695.9,4697.0,4675.0,4679.2,536846.0,real_delta_india
2026-05-14T02:00:00+00:00,4679.3,4689.3,4671.14,4675.9,347551.0,real_delta_india
2026-05-14T03:00:00+00:00,4675.9,4682.2,4664.3,4665.2,527149.0,real_delta_india
2026-05-14T04:00:00+00:00,4665.1,4701.0,4660.0,4691.9,1169899.0,real_delta_india
2026-05-14T05:00:00+00:00,4691.9,4693.4,4680.1,4680.9,786096.0,real_delta_india
2026-05-14T06:00:00+00:00,4680.7,4692.0,4677.5,4690.4,930923.0,real_delta_india
2026-05-14T07:00:00+00:00,4689.1,4708.0,4682.0,4683.9,1262295.0,real_delta_india
2026-05-14T08:00:00+00:00,4684.2,4696.5,4684.1,4684.5,575258.0,real_delta_india
2026-05-14T09:00:00+00:00,4684.6,4692.0,4679.5,4689.8,468746.0,real_delta_india
2026-05-14T10:00:00+00:00,4689.7,4694.8,4682.8,4687.4,390936.0,real_delta_india
2026-05-14T11:00:00+00:00,4688.0,4694.8,4681.0,4686.0,596297.0,real_delta_india
2026-05-14T12:00:00+00:00,4685.0,4700.0,4683.9,4695.7,984626.0,real_delta_india
2026-05-14T13:00:00+00:00,4695.7,4698.0,4658.9,4670.7,2265851.0,real_delta_india
2026-05-14T14:00:00+00:00,4670.43,4690.9,4670.0,4672.5,1426818.0,real_delta_india
2026-05-14T15:00:00+00:00,4672.6,4681.6,4670.0,4678.6,708566.0,real_delta_india
2026-05-14T16:00:00+00:00,4679.2,4679.6,4664.5,4672.5,1165251.0,real_delta_india
2026-05-14T17:00:00+00:00,4672.5,4676.2,4670.7,4672.4,758287.0,real_delta_india
2026-05-14T18:00:00+00:00,4671.8,4672.4,4660.8,4665.8,786243.0,real_delta_india
2026-05-14T19:00:00+00:00,4665.7,4665.7,4648.0,4649.1,674977.0,real_delta_india
2026-05-14T20:00:00+00:00,4649.0,4651.7,4640.2,4648.0,358157.0,real_delta_india
2026-05-14T21:00:00+00:00,4648.8,4655.5,4648.7,4652.7,137058.0,real_delta_india
2026-05-14T22:00:00+00:00,4651.42,4657.5,4643.1,4657.1,170001.0,real_delta_india
2026-05-14T23:00:00+00:00,4657.1,4660.1,4642.41,4647.1,333149.0,real_delta_india
2026-05-15T00:00:00+00:00,4646.8,4652.2,4611.0,4626.0,1071757.0,real_delta_india
2026-05-15T01:00:00+00:00,4625.6,4626.5,4602.9,4609.0,1027017.0,real_delta_india
2026-05-15T02:00:00+00:00,4609.3,4617.3,4604.7,4611.6,663390.0,real_delta_india
2026-05-15T03:00:00+00:00,4611.98,4615.4,4602.2,4610.6,725414.0,real_delta_india
2026-05-15T04:00:00+00:00,4609.9,4615.6,4600.2,4600.5,784427.0,real_delta_india
2026-05-15T05:00:00+00:00,4600.7,4601.3,4556.0,4557.2,2758506.0,real_delta_india
2026-05-15T06:00:00+00:00,4556.4,4578.2,4554.5,4568.3,1359829.0,real_delta_india
2026-05-15T07:00:00+00:00,4568.5,4586.1,4565.2,4571.0,1184416.0,real_delta_india
2026-05-15T08:00:00+00:00,4572.0,4572.3,4550.7,4553.4,1438932.0,real_delta_india
2026-05-15T09:00:00+00:00,4554.0,4563.3,4532.2,4546.6,1849685.0,real_delta_india
2026-05-15T10:00:00+00:00,4546.7,4572.1,4544.7,4565.5,1651227.0,real_delta_india
2026-05-15T11:00:00+00:00,4566.1,4570.9,4551.8,4554.3,1075148.0,real_delta_india
2026-05-15T12:00:00+00:00,4554.2,4560.1,4545.5,4548.3,1453383.0,real_delta_india
2026-05-15T13:00:00+00:00,4548.3,4559.4,4515.0,4535.1,2645973.0,real_delta_india
2026-05-15T14:00:00+00:00,4536.0,4567.0,4527.5,4563.9,2503776.0,real_delta_india
2026-05-15T15:00:00+00:00,4564.0,4564.6,4537.2,4542.0,1288347.0,real_delta_india
2026-05-15T16:00:00+00:00,4543.9,4550.7,4532.83,4547.2,1194008.0,real_delta_india
2026-05-15T17:00:00+00:00,4547.9,4564.95,4546.2,4561.3,1544063.0,real_delta_india
2026-05-15T18:00:00+00:00,4561.3,4564.9,4554.6,4561.8,618361.0,real_delta_india
2026-05-15T19:00:00+00:00,4561.9,4562.2,4549.2,4549.8,477611.0,real_delta_india
2026-05-15T20:00:00+00:00,4549.7,4549.8,4536.6,4541.8,472621.0,real_delta_india
2026-05-15T21:00:00+00:00,4541.2,4541.3,4537.5,4539.0,58020.0,real_delta_india
2026-05-15T22:00:00+00:00,4541.2,4543.8,4540.6,4540.6,28307.0,real_delta_india
2026-05-15T23:00:00+00:00,4540.4,4543.3,4539.2,4540.5,58279.0,real_delta_india
2026-05-16T00:00:00+00:00,4540.5,4543.8,4540.0,4541.3,77890.0,real_delta_india
2026-05-16T01:00:00+00:00,4541.3,4542.9,4539.0,4539.7,79926.0,real_delta_india
2026-05-16T02:00:00+00:00,4539.8,4541.9,4538.9,4541.4,91923.0,real_delta_india
2026-05-16T03:00:00+00:00,4541.4,4541.7,4540.7,4541.1,39595.0,real_delta_india
2026-05-16T04:00:00+00:00,4540.0,4542.6,4538.6,4542.2,77508.0,real_delta_india
2026-05-16T05:00:00+00:00,4542.3,4545.1,4541.5,4543.3,163977.0,real_delta_india
2026-05-16T06:00:00+00:00,4543.3,4543.4,4537.9,4538.5,88990.0,real_delta_india
2026-05-16T07:00:00+00:00,4538.4,4538.5,4523.1,4534.5,434967.0,real_delta_india
2026-05-16T08:00:00+00:00,4534.4,4535.5,4532.4,4533.3,122768.0,real_delta_india
2026-05-16T09:00:00+00:00,4533.2,4533.3,4527.7,4531.6,247004.0,real_delta_india
2026-05-16T10:00:00+00:00,4531.6,4531.6,4521.1,4527.3,147932.0,real_delta_india
2026-05-16T11:00:00+00:00,4527.5,4529.1,4515.1,4524.4,231582.0,real_delta_india
2026-05-16T12:00:00+00:00,4524.4,4528.2,4523.0,4527.8,134125.0,real_delta_india
2026-05-16T13:00:00+00:00,4527.9,4530.0,4524.0,4527.4,116872.0,real_delta_india
2026-05-16T14:00:00+00:00,4527.4,4531.1,4525.8,4529.7,96035.0,real_delta_india
2026-05-16T15:00:00+00:00,4529.8,4534.9,4528.9,4532.3,159528.0,real_delta_india
2026-05-16T16:00:00+00:00,4532.4,4533.7,4530.4,4532.0,84160.0,real_delta_india
2026-05-16T17:00:00+00:00,4533.2,4534.1,4532.0,4533.1,39355.0,real_delta_india
2026-05-16T18:00:00+00:00,4532.2,4537.4,4532.1,4537.0,79992.0,real_delta_india
2026-05-16T19:00:00+00:00,4537.0,4537.0,4533.7,4534.1,30744.0,real_delta_india
2026-05-16T20:00:00+00:00,4534.2,4536.9,4533.1,4533.4,11888.0,real_delta_india
2026-05-16T21:00:00+00:00,4533.4,4533.7,4530.0,4530.2,27100.0,real_delta_india
2026-05-16T22:00:00+00:00,4530.1,4536.0,4529.9,4535.9,18925.0,real_delta_india
2026-05-16T23:00:00+00:00,4536.0,4536.1,4534.62,4534.62,9574.0,real_delta_india
2026-05-17T00:00:00+00:00,4534.4,4536.3,4532.6,4532.6,31531.0,real_delta_india
2026-05-17T01:00:00+00:00,4532.5,4532.7,4528.3,4530.0,68673.0,real_delta_india
2026-05-17T02:00:00+00:00,4530.0,4530.4,4528.6,4530.4,30427.0,real_delta_india
2026-05-17T03:00:00+00:00,4530.3,4533.5,4530.2,4533.1,29304.0,real_delta_india
2026-05-17T04:00:00+00:00,4533.2,4533.4,4532.0,4532.3,32573.0,real_delta_india
2026-05-17T05:00:00+00:00,4532.2,4532.3,4526.0,4526.1,60650.0,real_delta_india
2026-05-17T06:00:00+00:00,4526.5,4527.7,4524.8,4526.2,111401.0,real_delta_india
2026-05-17T07:00:00+00:00,4526.3,4530.0,4526.2,4529.0,56262.0,real_delta_india
2026-05-17T08:00:00+00:00,4529.0,4530.5,4529.0,4529.6,34809.0,real_delta_india
2026-05-17T09:00:00+00:00,4529.7,4531.3,4529.5,4531.2,31767.0,real_delta_india
2026-05-17T10:00:00+00:00,4531.1,4536.4,4530.7,4535.0,126545.0,real_delta_india
2026-05-17T11:00:00+00:00,4535.1,4535.7,4532.7,4535.3,63080.0,real_delta_india
2026-05-17T12:00:00+00:00,4535.3,4536.4,4535.3,4536.2,52381.0,real_delta_india
2026-05-17T13:00:00+00:00,4536.2,4539.6,4533.5,4538.0,109640.0,real_delta_india
2026-05-17T14:00:00+00:00,4538.1,4539.0,4533.2,4536.8,164950.0,real_delta_india
2026-05-17T15:00:00+00:00,4536.8,4541.7,4535.0,4539.4,114395.0,real_delta_india
2026-05-17T16:00:00+00:00,4539.4,4540.2,4537.2,4537.7,88830.0,real_delta_india
2026-05-17T17:00:00+00:00,4537.7,4537.7,4534.2,4535.0,75255.0,real_delta_india
2026-05-17T18:00:00+00:00,4535.0,4537.2,4532.6,4536.7,114525.0,real_delta_india
2026-05-17T19:00:00+00:00,4536.7,4537.0,4526.7,4528.5,141109.0,real_delta_india
2026-05-17T20:00:00+00:00,4528.5,4530.4,4526.0,4526.0,52409.0,real_delta_india
2026-05-17T21:00:00+00:00,4525.5,4536.4,4524.9,4530.0,79460.0,real_delta_india
2026-05-17T22:00:00+00:00,4528.0,4552.4,4528.0,4542.1,396225.0,real_delta_india
2026-05-17T23:00:00+00:00,4543.5,4544.3,4529.3,4534.0,208775.0,real_delta_india
2026-05-18T00:00:00+00:00,4536.6,4539.1,4477.1,4511.3,1443271.0,real_delta_india
2026-05-18T01:00:00+00:00,4508.0,4531.0,4486.8,4521.1,739992.0,real_delta_india
2026-05-18T02:00:00+00:00,4520.0,4537.2,4518.0,4528.7,541089.0,real_delta_india
2026-05-18T03:00:00+00:00,4529.0,4542.9,4521.45,4536.7,700121.0,real_delta_india
2026-05-18T04:00:00+00:00,4537.2,4543.9,4526.4,4536.0,579273.0,real_delta_india
2026-05-18T05:00:00+00:00,4536.5,4546.6,4526.3,4527.4,757971.0,real_delta_india
2026-05-18T06:00:00+00:00,4526.1,4541.8,4526.0,4541.6,560200.0,real_delta_india
2026-05-18T07:00:00+00:00,4541.99,4553.5,4533.5,4541.8,1106526.0,real_delta_india
2026-05-18T08:00:00+00:00,4541.6,4551.0,4538.5,4545.6,484795.0,real_delta_india
2026-05-18T09:00:00+00:00,4545.0,4546.5,4534.9,4538.0,471110.0,real_delta_india
2026-05-18T10:00:00+00:00,4538.0,4543.2,4528.3,4535.1,858893.0,real_delta_india
2026-05-18T11:00:00+00:00,4536.0,4565.43,4526.4,4551.2,1283640.0,real_delta_india
2026-05-18T12:00:00+00:00,4550.9,4574.7,4546.2,4573.0,1842551.0,real_delta_india
2026-05-18T13:00:00+00:00,4573.4,4583.8,4563.6,4576.1,1590406.0,real_delta_india
2026-05-18T14:00:00+00:00,4575.7,4575.7,4538.6,4547.0,2446408.0,real_delta_india
2026-05-18T15:00:00+00:00,4547.1,4548.2,4533.3,4543.6,981720.0,real_delta_india
2026-05-18T16:00:00+00:00,4544.4,4556.0,4536.0,4552.2,1124808.0,real_delta_india
2026-05-18T17:00:00+00:00,4552.1,4560.1,4547.2,4548.2,906638.0,real_delta_india
2026-05-18T18:00:00+00:00,4547.9,4548.7,4536.0,4538.15,660257.0,real_delta_india
2026-05-18T19:00:00+00:00,4538.3,4565.7,4538.1,4559.3,543581.0,real_delta_india
2026-05-18T20:00:00+00:00,4560.71,4567.2,4559.2,4566.5,137691.0,real_delta_india
2026-05-18T21:00:00+00:00,4566.5,4569.7,4565.0,4565.5,26801.0,real_delta_india
2026-05-18T22:00:00+00:00,4567.5,4576.8,4567.2,4572.8,126459.0,real_delta_india
2026-05-18T23:00:00+00:00,4576.7,4587.0,4575.5,4580.5,201386.0,real_delta_india
2026-05-19T00:00:00+00:00,4580.9,4587.1,4560.9,4562.2,435447.0,real_delta_india
2026-05-19T01:00:00+00:00,4561.0,4570.6,4553.6,4562.7,427278.0,real_delta_india
2026-05-19T02:00:00+00:00,4562.1,4562.1,4546.2,4547.9,528505.0,real_delta_india
2026-05-19T03:00:00+00:00,4547.6,4555.2,4544.4,4545.9,506916.0,real_delta_india
2026-05-19T04:00:00+00:00,4545.1,4545.8,4539.1,4543.6,593177.0,real_delta_india
2026-05-19T05:00:00+00:00,4543.9,4547.8,4531.4,4543.3,995493.0,real_delta_india
2026-05-19T06:00:00+00:00,4542.3,4554.4,4535.9,4549.3,966796.0,real_delta_india
2026-05-19T07:00:00+00:00,4547.3,4559.6,4543.8,4557.8,829724.0,real_delta_india
2026-05-19T08:00:00+00:00,4558.0,4559.5,4538.7,4545.1,750661.0,real_delta_india
2026-05-19T09:00:00+00:00,4544.7,4548.0,4539.2,4543.7,408872.0,real_delta_india
2026-05-19T10:00:00+00:00,4543.7,4546.2,4528.0,4545.7,932661.0,real_delta_india
2026-05-19T11:00:00+00:00,4545.9,4548.9,4533.0,4533.5,688348.0,real_delta_india
2026-05-19T12:00:00+00:00,4533.4,4548.8,4530.5,4540.4,995133.0,real_delta_india
2026-05-19T13:00:00+00:00,4540.2,4540.3,4471.2,4509.9,4401786.0,real_delta_india
2026-05-19T14:00:00+00:00,4508.5,4520.3,4491.9,4500.0,2755748.0,real_delta_india
2026-05-19T15:00:00+00:00,4500.06,4514.7,4496.5,4514.1,1485002.0,real_delta_india
2026-05-19T16:00:00+00:00,4514.4,4517.9,4502.7,4514.8,934797.0,real_delta_india
2026-05-19T17:00:00+00:00,4514.0,4517.5,4505.1,4507.4,926816.0,real_delta_india
2026-05-19T18:00:00+00:00,4507.4,4510.1,4497.3,4499.9,523047.0,real_delta_india
2026-05-19T19:00:00+00:00,4500.9,4504.1,4489.0,4490.3,636417.0,real_delta_india
2026-05-19T20:00:00+00:00,4490.6,4494.8,4488.8,4489.8,169481.0,real_delta_india
2026-05-19T21:00:00+00:00,4489.8,4500.2,4489.6,4494.8,125050.0,real_delta_india
2026-05-19T22:00:00+00:00,4493.0,4493.3,4484.2,4490.5,219318.0,real_delta_india
2026-05-19T23:00:00+00:00,4489.9,4501.9,4487.1,4494.8,232984.0,real_delta_india
2026-05-20T00:00:00+00:00,4494.4,4513.9,4486.4,4506.9,407700.0,real_delta_india
2026-05-20T01:00:00+00:00,4510.5,4510.56,4462.9,4488.7,1292367.0,real_delta_india
2026-05-20T02:00:00+00:00,4488.9,4493.3,4467.0,4472.8,1123968.0,real_delta_india
2026-05-20T03:00:00+00:00,4473.0,4474.7,4462.2,4472.3,541159.0,real_delta_india
2026-05-20T04:00:00+00:00,4473.62,4479.8,4465.2,4469.8,663423.0,real_delta_india
2026-05-20T05:00:00+00:00,4470.5,4486.6,4470.5,4480.5,1018700.0,real_delta_india
2026-05-20T06:00:00+00:00,4479.68,4486.7,4471.2,4483.6,901902.0,real_delta_india
2026-05-20T07:00:00+00:00,4483.0,4493.8,4481.4,4485.4,1004526.0,real_delta_india
2026-05-20T08:00:00+00:00,4485.4,4496.7,4483.9,4490.8,807295.0,real_delta_india
2026-05-20T09:00:00+00:00,4490.8,4496.7,4480.3,4490.6,804715.0,real_delta_india
2026-05-20T10:00:00+00:00,4490.6,4502.8,4490.6,4500.5,767390.0,real_delta_india
2026-05-20T11:00:00+00:00,4500.5,4506.4,4495.9,4502.9,668241.0,real_delta_india
2026-05-20T12:00:00+00:00,4502.5,4509.2,4497.9,4501.0,790034.0,real_delta_india
2026-05-20T13:00:00+00:00,4501.0,4508.9,4486.0,4487.1,1466111.0,real_delta_india
2026-05-20T14:00:00+00:00,4487.69,4538.0,4473.3,4532.0,4228245.0,real_delta_india
2026-05-20T15:00:00+00:00,4531.6,4552.6,4522.7,4528.1,2186502.0,real_delta_india
2026-05-20T16:00:00+00:00,4528.1,4535.4,4523.9,4534.0,1184995.0,real_delta_india
2026-05-20T17:00:00+00:00,4534.2,4538.7,4529.8,4531.7,635483.0,real_delta_india
2026-05-20T18:00:00+00:00,4530.2,4543.8,4530.1,4541.2,786134.0,real_delta_india
2026-05-20T19:00:00+00:00,4541.5,4548.9,4541.2,4543.8,360158.0,real_delta_india
2026-05-20T20:00:00+00:00,4544.1,4547.9,4540.7,4542.3,120175.0,real_delta_india
2026-05-20T21:00:00+00:00,4541.6,4542.8,4537.2,4538.6,79878.0,real_delta_india
2026-05-20T22:00:00+00:00,4538.6,4543.6,4532.2,4536.9,139292.0,real_delta_india
2026-05-20T23:00:00+00:00,4537.1,4544.1,4532.5,4543.1,118823.0,real_delta_india
2026-05-21T00:00:00+00:00,4544.1,4550.3,4535.3,4542.6,264013.0,real_delta_india
2026-05-21T01:00:00+00:00,4543.5,4566.9,4537.8,4556.9,914997.0,real_delta_india
2026-05-21T02:00:00+00:00,4557.2,4560.6,4529.9,4531.6,948751.0,real_delta_india
2026-05-21T03:00:00+00:00,4531.6,4537.7,4525.1,4525.5,711093.0,real_delta_india
2026-05-21T04:00:00+00:00,4525.3,4536.9,4524.8,4535.7,612994.0,real_delta_india
2026-05-21T05:00:00+00:00,4535.9,4537.0,4516.4,4525.8,1226104.0,real_delta_india
2026-05-21T06:00:00+00:00,4525.0,4536.4,4517.5,4519.5,1177266.0,real_delta_india
2026-05-21T07:00:00+00:00,4519.7,4523.1,4512.4,4519.0,950210.0,real_delta_india
2026-05-21T08:00:00+00:00,4519.0,4535.0,4517.9,4531.2,994953.0,real_delta_india
2026-05-21T09:00:00+00:00,4530.6,4541.0,4527.3,4529.1,953978.0,real_delta_india
2026-05-21T10:00:00+00:00,4529.0,4534.6,4505.4,4511.2,1760870.0,real_delta_india
2026-05-21T11:00:00+00:00,4511.3,4520.0,4508.0,4513.3,998469.0,real_delta_india
2026-05-21T12:00:00+00:00,4513.7,4518.7,4502.3,4503.9,1358474.0,real_delta_india
2026-05-21T13:00:00+00:00,4503.0,4521.49,4491.0,4515.2,2655640.0,real_delta_india
2026-05-21T14:00:00+00:00,4515.3,4517.3,4500.0,4510.6,1470115.0,real_delta_india
2026-05-21T15:00:00+00:00,4510.6,4515.9,4499.2,4512.34,975122.0,real_delta_india
2026-05-21T16:00:00+00:00,4512.34,4521.4,4512.34,4518.6,1274260.0,real_delta_india
2026-05-21T17:00:00+00:00,4518.8,4556.1,4513.2,4548.6,3345266.0,real_delta_india
2026-05-21T18:00:00+00:00,4548.5,4552.6,4525.47,4529.5,1252961.0,real_delta_india
2026-05-21T19:00:00+00:00,4529.77,4540.5,4528.5,4539.9,422761.0,real_delta_india
2026-05-21T20:00:00+00:00,4539.6,4541.0,4536.7,4539.2,73732.0,real_delta_india
2026-05-21T21:00:00+00:00,4539.1,4541.4,4539.1,4540.1,32641.0,real_delta_india
2026-05-21T22:00:00+00:00,4540.6,4542.2,4537.3,4538.2,94108.0,real_delta_india
2026-05-21T23:00:00+00:00,4540.8,4540.8,4529.3,4531.5,125203.0,real_delta_india
2026-05-22T00:00:00+00:00,4531.8,4536.4,4522.8,4523.7,214575.0,real_delta_india
2026-05-22T01:00:00+00:00,4524.0,4532.1,4519.0,4523.7,496710.0,real_delta_india
2026-05-22T02:00:00+00:00,4523.4,4525.9,4517.6,4521.8,422026.0,real_delta_india
2026-05-22T03:00:00+00:00,4521.7,4527.0,4518.0,4526.6,340901.0,real_delta_india
2026-05-22T04:00:00+00:00,4526.7,4530.2,4523.7,4525.1,607794.0,real_delta_india
2026-05-22T05:00:00+00:00,4525.1,4531.8,4506.5,4509.5,1087931.0,real_delta_india
2026-05-22T06:00:00+00:00,4510.2,4525.1,4509.5,4523.5,894497.0,real_delta_india
2026-05-22T07:00:00+00:00,4523.3,4523.3,4514.0,4518.8,432748.0,real_delta_india
2026-05-22T08:00:00+00:00,4519.3,4528.0,4515.2,4519.1,473355.0,real_delta_india
2026-05-22T09:00:00+00:00,4519.1,4531.8,4513.1,4528.7,824467.0,real_delta_india
2026-05-22T10:00:00+00:00,4528.8,4532.8,4509.3,4513.9,1194025.0,real_delta_india
2026-05-22T11:00:00+00:00,4513.9,4523.0,4511.2,4519.1,844933.0,real_delta_india
2026-05-22T12:00:00+00:00,4518.6,4534.1,4515.0,4528.0,1332349.0,real_delta_india
2026-05-22T13:00:00+00:00,4528.0,4532.4,4510.2,4514.7,1948646.0,real_delta_india
2026-05-22T14:00:00+00:00,4512.4,4512.4,4491.45,4501.5,2355937.0,real_delta_india
2026-05-22T15:00:00+00:00,4501.7,4521.2,4500.8,4519.2,1639369.0,real_delta_india
2026-05-22T16:00:00+00:00,4519.2,4526.0,4512.0,4513.9,1155919.0,real_delta_india
2026-05-22T17:00:00+00:00,4514.0,4526.1,4511.9,4517.6,905139.0,real_delta_india
2026-05-22T18:00:00+00:00,4517.7,4518.4,4511.2,4514.1,557055.0,real_delta_india
2026-05-22T19:00:00+00:00,4514.0,4514.3,4503.8,4507.1,622614.0,real_delta_india
2026-05-22T20:00:00+00:00,4506.95,4508.4,4503.3,4506.8,142366.0,real_delta_india
2026-05-22T21:00:00+00:00,4506.2,4512.0,4504.8,4510.7,112357.0,real_delta_india
2026-05-22T22:00:00+00:00,4511.0,4511.1,4506.0,4506.8,30676.0,real_delta_india
2026-05-22T23:00:00+00:00,4506.2,4506.4,4500.1,4501.7,100034.0,real_delta_india
2026-05-23T00:00:00+00:00,4501.6,4504.7,4500.5,4504.6,49138.0,real_delta_india
2026-05-23T01:00:00+00:00,4504.6,4508.9,4504.4,4507.5,73515.0,real_delta_india
2026-05-23T02:00:00+00:00,4507.6,4511.2,4506.3,4510.9,70876.0,real_delta_india
2026-05-23T03:00:00+00:00,4510.9,4514.5,4508.8,4511.2,121693.0,real_delta_india
2026-05-23T04:00:00+00:00,4511.3,4513.3,4511.0,4511.6,75446.0,real_delta_india
2026-05-23T05:00:00+00:00,4511.6,4513.6,4510.9,4511.5,89488.0,real_delta_india
2026-05-23T06:00:00+00:00,4511.5,4515.5,4511.2,4514.5,138490.0,real_delta_india
2026-05-23T07:00:00+00:00,4514.5,4515.3,4501.9,4504.7,285056.0,real_delta_india
2026-05-23T08:00:00+00:00,4504.7,4506.5,4500.6,4506.1,201479.0,real_delta_india
2026-05-23T09:00:00+00:00,4506.3,4507.2,4504.9,4505.5,102551.0,real_delta_india
2026-05-23T10:00:00+00:00,4505.4,4505.6,4502.4,4503.0,105191.0,real_delta_india
2026-05-23T11:00:00+00:00,4503.0,4504.3,4500.0,4502.42,142005.0,real_delta_india
2026-05-23T12:00:00+00:00,4502.5,4503.5,4500.2,4502.2,101525.0,real_delta_india
2026-05-23T13:00:00+00:00,4502.2,4507.5,4502.2,4506.3,134810.0,real_delta_india
2026-05-23T14:00:00+00:00,4506.4,4512.7,4506.3,4511.5,183567.0,real_delta_india
2026-05-23T15:00:00+00:00,4511.4,4512.5,4508.6,4510.6,115067.0,real_delta_india
2026-05-23T16:00:00+00:00,4510.7,4511.9,4508.5,4511.4,89345.0,real_delta_india
2026-05-23T17:00:00+00:00,4511.3,4513.3,4511.0,4511.4,113457.0,real_delta_india
2026-05-23T18:00:00+00:00,4511.5,4515.8,4511.4,4514.9,167478.0,real_delta_india
2026-05-23T19:00:00+00:00,4514.8,4518.4,4514.8,4516.8,71774.0,real_delta_india
2026-05-23T20:00:00+00:00,4526.0,4529.2,4523.4,4528.7,114839.0,real_delta_india
2026-05-23T21:00:00+00:00,4528.7,4530.0,4517.3,4519.3,116510.0,real_delta_india
2026-05-23T22:00:00+00:00,4519.3,4528.7,4519.3,4528.3,26772.0,real_delta_india
2026-05-23T23:00:00+00:00,4528.8,4532.0,4528.3,4531.0,43663.0,real_delta_india
2026-05-24T00:00:00+00:00,4531.2,4543.4,4530.3,4537.0,178012.0,real_delta_india
2026-05-24T01:00:00+00:00,4537.1,4546.6,4537.1,4545.9,217893.0,real_delta_india
2026-05-24T02:00:00+00:00,4546.0,4548.4,4537.4,4541.9,217234.0,real_delta_india
2026-05-24T03:00:00+00:00,4541.9,4547.1,4540.6,4541.4,194388.0,real_delta_india
2026-05-24T04:00:00+00:00,4542.0,4546.0,4539.5,4540.2,103129.0,real_delta_india
2026-05-24T05:00:00+00:00,4540.2,4548.4,4539.7,4547.8,151000.0,real_delta_india
2026-05-24T06:00:00+00:00,4547.8,4550.3,4541.6,4542.9,284588.0,real_delta_india
2026-05-24T07:00:00+00:00,4542.9,4546.9,4541.9,4543.2,113935.0,real_delta_india
2026-05-24T08:00:00+00:00,4543.6,4546.4,4542.5,4543.8,80164.0,real_delta_india
2026-05-24T09:00:00+00:00,4543.8,4544.7,4541.2,4542.3,142620.0,real_delta_india
2026-05-24T10:00:00+00:00,4542.9,4544.6,4538.0,4538.2,174343.0,real_delta_india
2026-05-24T11:00:00+00:00,4538.2,4540.2,4536.6,4537.0,194400.0,real_delta_india
2026-05-24T12:00:00+00:00,4537.0,4537.1,4532.8,4533.2,207325.0,real_delta_india
2026-05-24T13:00:00+00:00,4533.3,4536.0,4530.5,4532.4,271818.0,real_delta_india
2026-05-24T14:00:00+00:00,4532.4,4534.4,4518.7,4524.6,429884.0,real_delta_india
2026-05-24T15:00:00+00:00,4524.4,4526.3,4521.2,4524.8,131634.0,real_delta_india
2026-05-24T16:00:00+00:00,4524.8,4529.1,4524.0,4528.3,125131.0,real_delta_india
2026-05-24T17:00:00+00:00,4528.3,4528.3,4521.4,4523.2,142650.0,real_delta_india
2026-05-24T18:00:00+00:00,4523.0,4523.7,4520.6,4521.9,87485.0,real_delta_india
2026-05-24T19:00:00+00:00,4522.0,4522.26,4518.7,4521.0,56259.0,real_delta_india
2026-05-24T20:00:00+00:00,4521.0,4523.7,4520.1,4521.7,79116.0,real_delta_india
2026-05-24T21:00:00+00:00,4521.7,4526.8,4518.2,4521.4,70755.0,real_delta_india
2026-05-24T22:00:00+00:00,4526.27,4562.6,4526.27,4561.0,462918.0,real_delta_india
2026-05-24T23:00:00+00:00,4561.17,4575.8,4561.17,4563.3,411805.0,real_delta_india
2026-05-25T00:00:00+00:00,4564.0,4575.3,4562.4,4566.2,315027.0,real_delta_india
2026-05-25T01:00:00+00:00,4565.7,4571.9,4555.9,4556.9,638344.0,real_delta_india
2026-05-25T02:00:00+00:00,4557.2,4564.6,4554.4,4556.0,397452.0,real_delta_india
2026-05-25T03:00:00+00:00,4556.6,4559.4,4552.1,4554.2,307194.0,real_delta_india
2026-05-25T04:00:00+00:00,4554.2,4559.7,4554.1,4559.3,340730.0,real_delta_india
2026-05-25T05:00:00+00:00,4559.2,4561.2,4547.4,4549.0,824920.0,real_delta_india
2026-05-25T06:00:00+00:00,4548.5,4557.2,4545.0,4556.8,758152.0,real_delta_india
2026-05-25T07:00:00+00:00,4557.1,4560.4,4548.5,4559.9,989529.0,real_delta_india
2026-05-25T08:00:00+00:00,4559.9,4560.0,4549.89,4552.4,551688.0,real_delta_india
2026-05-25T09:00:00+00:00,4552.2,4563.79,4551.0,4562.5,538160.0,real_delta_india
2026-05-25T10:00:00+00:00,4562.7,4567.3,4562.2,4562.2,799677.0,real_delta_india
2026-05-25T11:00:00+00:00,4562.5,4569.9,4560.4,4563.04,695878.0,real_delta_india
2026-05-25T12:00:00+00:00,4562.6,4565.1,4548.6,4561.9,1570728.0,real_delta_india
2026-05-25T13:00:00+00:00,4561.5,4565.5,4555.9,4559.0,742027.0,real_delta_india
2026-05-25T14:00:00+00:00,4559.1,4564.9,4558.2,4561.4,624708.0,real_delta_india
2026-05-25T15:00:00+00:00,4561.6,4570.19,4560.3,4564.5,949835.0,real_delta_india
2026-05-25T16:00:00+00:00,4564.0,4570.3,4562.7,4569.5,598056.0,real_delta_india
2026-05-25T17:00:00+00:00,4569.6,4572.4,4558.4,4560.7,977344.0,real_delta_india
2026-05-25T18:00:00+00:00,4560.7,4565.0,4559.7,4563.5,405988.0,real_delta_india
2026-05-25T19:00:00+00:00,4563.5,4563.5,4561.1,4562.5,102216.0,real_delta_india
2026-05-25T20:00:00+00:00,4562.6,4565.3,4562.5,4564.8,25443.0,real_delta_india
2026-05-25T21:00:00+00:00,4565.7,4565.8,4561.5,4561.8,63852.0,real_delta_india
2026-05-25T22:00:00+00:00,4562.7,4568.2,4562.0,4565.9,117156.0,real_delta_india
2026-05-25T23:00:00+00:00,4566.5,4573.1,4549.0,4553.3,461178.0,real_delta_india
2026-05-26T00:00:00+00:00,4552.0,4552.0,4534.6,4543.2,601821.0,real_delta_india
2026-05-26T01:00:00+00:00,4543.2,4543.2,4522.4,4531.7,581403.0,real_delta_india
2026-05-26T02:00:00+00:00,4531.9,4535.1,4527.5,4529.8,419019.0,real_delta_india
2026-05-26T03:00:00+00:00,4529.3,4541.2,4529.2,4539.1,524157.0,real_delta_india
2026-05-26T04:00:00+00:00,4539.4,4539.8,4521.3,4524.0,1018258.0,real_delta_india
2026-05-26T05:00:00+00:00,4523.5,4532.9,4520.8,4525.9,786453.0,real_delta_india
2026-05-26T06:00:00+00:00,4525.9,4534.0,4525.8,4529.9,519864.0,real_delta_india
2026-05-26T07:00:00+00:00,4530.6,4537.3,4521.0,4536.6,859085.0,real_delta_india
2026-05-26T08:00:00+00:00,4536.3,4536.7,4519.3,4522.5,809955.0,real_delta_india
2026-05-26T09:00:00+00:00,4523.9,4526.2,4513.6,4522.8,904303.0,real_delta_india
2026-05-26T10:00:00+00:00,4522.6,4539.4,4519.5,4534.1,1195473.0,real_delta_india
2026-05-26T11:00:00+00:00,4534.1,4535.8,4506.0,4509.0,1734786.0,real_delta_india
2026-05-26T12:00:00+00:00,4508.7,4524.0,4502.7,4521.2,1701092.0,real_delta_india
2026-05-26T13:00:00+00:00,4520.1,4530.3,4513.7,4515.1,1658585.0,real_delta_india
2026-05-26T14:00:00+00:00,4516.0,4523.8,4510.1,4515.8,1138047.0,real_delta_india
2026-05-26T15:00:00+00:00,4515.8,4515.9,4504.4,4508.7,1331984.0,real_delta_india
2026-05-26T16:00:00+00:00,4508.8,4513.8,4502.6,4507.6,1108663.0,real_delta_india
2026-05-26T17:00:00+00:00,4507.6,4509.6,4494.0,4494.4,1416834.0,real_delta_india
2026-05-26T18:00:00+00:00,4494.4,4503.0,4486.3,4502.5,872759.0,real_delta_india
2026-05-26T19:00:00+00:00,4503.0,4513.1,4501.4,4512.7,345001.0,real_delta_india
2026-05-26T20:00:00+00:00,4512.9,4514.9,4509.0,4511.0,273448.0,real_delta_india
2026-05-26T21:00:00+00:00,4509.5,4511.3,4509.1,4509.2,35536.0,real_delta_india
2026-05-26T22:00:00+00:00,4509.1,4515.2,4503.3,4514.0,130783.0,real_delta_india
2026-05-26T23:00:00+00:00,4513.9,4530.0,4509.8,4522.7,293266.0,real_delta_india
2026-05-27T00:00:00+00:00,4522.0,4528.5,4518.1,4520.1,141671.0,real_delta_india
2026-05-27T01:00:00+00:00,4520.0,4525.0,4512.6,4514.0,325468.0,real_delta_india
2026-05-27T02:00:00+00:00,4514.3,4514.6,4505.2,4511.5,510806.0,real_delta_india
2026-05-27T03:00:00+00:00,4511.5,4516.8,4503.7,4504.4,538557.0,real_delta_india
2026-05-27T04:00:00+00:00,4504.3,4521.5,4503.0,4516.1,708005.0,real_delta_india
2026-05-27T05:00:00+00:00,4516.0,4519.4,4499.5,4505.0,1032318.0,real_delta_india
2026-05-27T06:00:00+00:00,4505.0,4506.5,4488.8,4494.3,1086736.0,real_delta_india
2026-05-27T07:00:00+00:00,4495.0,4497.9,4478.0,4482.5,1440206.0,real_delta_india
2026-05-27T08:00:00+00:00,4482.5,4499.7,4482.5,4498.3,876301.0,real_delta_india
2026-05-27T09:00:00+00:00,4497.9,4498.5,4489.9,4493.7,495860.0,real_delta_india
2026-05-27T10:00:00+00:00,4493.7,4493.7,4449.1,4452.8,2574922.0,real_delta_india
2026-05-27T11:00:00+00:00,4453.1,4459.3,4434.1,4437.4,2207757.0,real_delta_india
2026-05-27T12:00:00+00:00,4437.8,4471.6,4437.3,4446.9,2351684.0,real_delta_india
2026-05-27T13:00:00+00:00,4446.5,4448.3,4407.9,4432.7,3103169.0,real_delta_india
2026-05-27T14:00:00+00:00,4434.39,4457.9,4431.9,4436.1,1952527.0,real_delta_india
2026-05-27T15:00:00+00:00,4436.8,4446.2,4432.0,4440.9,1198893.0,real_delta_india
2026-05-27T16:00:00+00:00,4440.9,4457.1,4439.9,4453.4,1109539.0,real_delta_india
2026-05-27T17:00:00+00:00,4453.1,4455.7,4445.2,4452.3,867489.0,real_delta_india
2026-05-27T18:00:00+00:00,4451.5,4461.0,4449.7,4456.4,640409.0,real_delta_india
2026-05-27T19:00:00+00:00,4456.7,4458.3,4451.9,4453.5,171506.0,real_delta_india
2026-05-27T20:00:00+00:00,4452.9,4461.1,4452.9,4457.7,169784.0,real_delta_india
2026-05-27T21:00:00+00:00,4458.8,4459.0,4451.7,4453.8,45180.0,real_delta_india
2026-05-27T22:00:00+00:00,4456.2,4464.5,4454.6,4455.3,172078.0,real_delta_india
2026-05-27T23:00:00+00:00,4454.2,4456.0,4443.8,4446.8,186018.0,real_delta_india
2026-05-28T00:00:00+00:00,4446.5,4456.2,4443.1,4455.2,253078.0,real_delta_india
2026-05-28T01:00:00+00:00,4455.2,4457.0,4411.2,4413.3,886960.0,real_delta_india
2026-05-28T02:00:00+00:00,4414.2,4416.1,4396.6,4399.5,1270422.0,real_delta_india
2026-05-28T03:00:00+00:00,4399.4,4401.9,4372.0,4377.9,1920495.0,real_delta_india
2026-05-28T04:00:00+00:00,4377.9,4385.4,4371.4,4379.6,1297015.0,real_delta_india
2026-05-28T05:00:00+00:00,4379.6,4399.4,4373.4,4392.3,1326430.0,real_delta_india
2026-05-28T06:00:00+00:00,4392.5,4394.4,4380.0,4390.1,1106886.0,real_delta_india
2026-05-28T07:00:00+00:00,4390.1,4400.3,4388.3,4393.1,1468343.0,real_delta_india
2026-05-28T08:00:00+00:00,4392.9,4399.6,4390.0,4390.4,870269.0,real_delta_india
2026-05-28T09:00:00+00:00,4390.4,4401.0,4390.4,4396.6,880292.0,real_delta_india
2026-05-28T10:00:00+00:00,4396.9,4405.7,4379.7,4386.3,2120282.0,real_delta_india
2026-05-28T11:00:00+00:00,4386.23,4392.7,4382.7,4389.3,978964.0,real_delta_india
2026-05-28T12:00:00+00:00,4389.5,4433.0,4383.0,4431.7,2484468.0,real_delta_india
2026-05-28T13:00:00+00:00,4432.4,4437.2,4416.0,4428.2,2201088.0,real_delta_india
2026-05-28T14:00:00+00:00,4428.4,4472.1,4418.5,4462.0,3513287.0,real_delta_india
2026-05-28T15:00:00+00:00,4462.2,4477.3,4461.7,4473.6,1409476.0,real_delta_india
2026-05-28T16:00:00+00:00,4473.6,4500.1,4470.0,4500.0,2238877.0,real_delta_india
2026-05-28T17:00:00+00:00,4500.0,4503.9,4489.6,4496.4,1361357.0,real_delta_india
2026-05-28T18:00:00+00:00,4496.7,4503.9,4486.9,4489.4,1016687.0,real_delta_india
2026-05-28T19:00:00+00:00,4489.5,4492.3,4485.9,4487.2,307432.0,real_delta_india
2026-05-28T20:00:00+00:00,4486.9,4489.7,4483.6,4483.9,216920.0,real_delta_india
2026-05-28T21:00:00+00:00,4483.51,4484.7,4481.4,4483.2,144795.0,real_delta_india
2026-05-28T22:00:00+00:00,4484.0,4488.1,4480.0,4480.0,199658.0,real_delta_india
2026-05-28T23:00:00+00:00,4480.0,4485.5,4478.0,4483.8,176716.0,real_delta_india
2026-05-29T00:00:00+00:00,4482.4,4489.4,4481.7,4483.7,266980.0,real_delta_india
2026-05-29T01:00:00+00:00,4485.0,4507.9,4482.2,4496.1,924269.0,real_delta_india
2026-05-29T02:00:00+00:00,4495.7,4500.1,4488.0,4492.0,443066.0,real_delta_india
2026-05-29T03:00:00+00:00,4490.3,4491.6,4485.1,4490.1,446457.0,real_delta_india
2026-05-29T04:00:00+00:00,4490.22,4504.9,4490.1,4504.1,684546.0,real_delta_india
2026-05-29T05:00:00+00:00,4504.74,4507.1,4494.5,4505.2,747028.0,real_delta_india
2026-05-29T06:00:00+00:00,4506.0,4514.7,4501.8,4513.6,1060908.0,real_delta_india
2026-05-29T07:00:00+00:00,4513.48,4515.8,4502.5,4514.47,1030458.0,real_delta_india
2026-05-29T08:00:00+00:00,4514.47,4514.5,4502.0,4506.1,710998.0,real_delta_india
2026-05-29T09:00:00+00:00,4506.1,4529.0,4504.7,4522.0,1371430.0,real_delta_india
2026-05-29T10:00:00+00:00,4521.8,4532.0,4516.2,4527.5,1064441.0,real_delta_india
2026-05-29T11:00:00+00:00,4527.5,4529.1,4517.0,4527.9,801756.0,real_delta_india
2026-05-29T12:00:00+00:00,4527.9,4527.9,4502.9,4513.8,1791493.0,real_delta_india
2026-05-29T13:00:00+00:00,4513.08,4529.2,4508.0,4525.3,1629517.0,real_delta_india
2026-05-29T14:00:00+00:00,4525.8,4557.7,4514.44,4551.4,3146509.0,real_delta_india
2026-05-29T15:00:00+00:00,4551.4,4579.37,4545.5,4557.0,2828054.0,real_delta_india
2026-05-29T16:00:00+00:00,4557.0,4559.2,4546.7,4552.9,943751.0,real_delta_india
2026-05-29T17:00:00+00:00,4553.1,4554.0,4538.3,4539.9,847749.0,real_delta_india
2026-05-29T18:00:00+00:00,4539.9,4547.5,4536.7,4540.9,563553.0,real_delta_india
2026-05-29T19:00:00+00:00,4540.0,4545.6,4530.1,4532.1,429543.0,real_delta_india
2026-05-29T20:00:00+00:00,4534.2,4536.4,4526.1,4526.1,164581.0,real_delta_india
2026-05-29T21:00:00+00:00,4526.6,4527.7,4522.1,4526.4,81971.0,real_delta_india
2026-05-29T22:00:00+00:00,4526.6,4530.3,4524.6,4529.3,49413.0,real_delta_india
2026-05-29T23:00:00+00:00,4528.8,4531.4,4525.6,4529.8,58790.0,real_delta_india
2026-05-30T00:00:00+00:00,4530.2,4532.6,4527.3,4528.6,69908.0,real_delta_india
2026-05-30T01:00:00+00:00,4528.8,4532.0,4527.7,4530.8,58124.0,real_delta_india
2026-05-30T02:00:00+00:00,4531.0,4531.2,4528.5,4530.7,53259.0,real_delta_india
2026-05-30T03:00:00+00:00,4530.0,4530.5,4527.5,4528.0,40712.0,real_delta_india
2026-05-30T04:00:00+00:00,4528.1,4528.2,4520.4,4527.0,229333.0,real_delta_india
2026-05-30T05:00:00+00:00,4527.0,4528.7,4523.8,4525.9,73553.0,real_delta_india
2026-05-30T06:00:00+00:00,4526.67,4529.2,4522.5,4527.0,98420.0,real_delta_india
2026-05-30T07:00:00+00:00,4527.0,4527.1,4523.1,4523.5,35950.0,real_delta_india
2026-05-30T08:00:00+00:00,4523.5,4526.5,4523.1,4525.6,77166.0,real_delta_india
2026-05-30T09:00:00+00:00,4525.6,4530.7,4525.2,4527.7,230955.0,real_delta_india
2026-05-30T10:00:00+00:00,4527.9,4530.0,4526.8,4529.3,89549.0,real_delta_india
2026-05-30T11:00:00+00:00,4529.3,4529.3,4524.1,4525.7,116936.0,real_delta_india
2026-05-30T12:00:00+00:00,4525.6,4529.27,4524.1,4524.5,144778.0,real_delta_india
2026-05-30T13:00:00+00:00,4524.5,4526.6,4521.8,4524.3,173674.0,real_delta_india
2026-05-30T14:00:00+00:00,4524.3,4526.5,4523.6,4523.7,100835.0,real_delta_india
2026-05-30T15:00:00+00:00,4523.75,4525.0,4522.7,4524.0,111295.0,real_delta_india
2026-05-30T16:00:00+00:00,4524.5,4524.5,4522.1,4522.7,39672.0,real_delta_india
2026-05-30T17:00:00+00:00,4522.51,4523.2,4520.5,4522.7,121535.0,real_delta_india
2026-05-30T18:00:00+00:00,4521.8,4522.8,4521.0,4521.7,27697.0,real_delta_india
2026-05-30T19:00:00+00:00,4521.7,4523.0,4519.8,4522.9,88558.0,real_delta_india
2026-05-30T20:00:00+00:00,4522.9,4523.2,4520.4,4520.6,19912.0,real_delta_india
2026-05-30T21:00:00+00:00,4520.3,4522.2,4518.7,4521.1,57207.0,real_delta_india
2026-05-30T22:00:00+00:00,4520.9,4521.6,4517.7,4517.8,22625.0,real_delta_india
2026-05-30T23:00:00+00:00,4518.3,4519.6,4517.5,4519.2,14930.0,real_delta_india
2026-05-31T00:00:00+00:00,4519.4,4520.1,4518.6,4518.9,22754.0,real_delta_india
2026-05-31T01:00:00+00:00,4518.9,4524.0,4518.6,4520.9,62749.0,real_delta_india
2026-05-31T02:00:00+00:00,4520.81,4522.1,4517.8,4519.5,87890.0,real_delta_india
2026-05-31T03:00:00+00:00,4519.5,4519.8,4518.17,4518.9,49358.0,real_delta_india
2026-05-31T04:00:00+00:00,4518.9,4519.1,4516.3,4517.0,77004.0,real_delta_india
2026-05-31T05:00:00+00:00,4517.0,4529.5,4516.8,4529.1,317593.0,real_delta_india
2026-05-31T06:00:00+00:00,4529.1,4529.3,4525.6,4529.3,86426.0,real_delta_india
2026-05-31T07:00:00+00:00,4529.3,4530.1,4527.2,4529.6,137394.0,real_delta_india
2026-05-31T08:00:00+00:00,4529.9,4532.0,4528.2,4529.0,103776.0,real_delta_india
2026-05-31T09:00:00+00:00,4528.8,4529.6,4525.9,4528.0,104707.0,real_delta_india
2026-05-31T10:00:00+00:00,4528.2,4531.5,4525.7,4526.8,47487.0,real_delta_india
2026-05-31T11:00:00+00:00,4527.0,4528.8,4526.7,4528.6,39347.0,real_delta_india
2026-05-31T12:00:00+00:00,4528.8,4532.6,4528.6,4531.8,104090.0,real_delta_india
2026-05-31T13:00:00+00:00,4531.8,4532.0,4526.9,4528.6,63906.0,real_delta_india
2026-05-31T14:00:00+00:00,4528.6,4529.9,4525.8,4526.6,84822.0,real_delta_india
2026-05-31T15:00:00+00:00,4526.6,4528.2,4525.3,4526.8,124855.0,real_delta_india
2026-05-31T16:00:00+00:00,4526.8,4530.6,4526.5,4530.5,83879.0,real_delta_india
2026-05-31T17:00:00+00:00,4530.5,4530.8,4527.0,4529.9,105771.0,real_delta_india
2026-05-31T18:00:00+00:00,4529.9,4529.9,4527.5,4529.5,23827.0,real_delta_india
2026-05-31T19:00:00+00:00,4529.7,4530.0,4525.3,4526.8,55292.0,real_delta_india
2026-05-31T20:00:00+00:00,4526.7,4526.7,4523.2,4523.8,74178.0,real_delta_india
2026-05-31T21:00:00+00:00,4524.0,4529.0,4520.3,4523.4,103087.0,real_delta_india
2026-05-31T22:00:00+00:00,4521.5,4529.3,4509.0,4524.8,272667.0,real_delta_india
2026-05-31T23:00:00+00:00,4525.4,4534.9,4525.4,4531.1,222261.0,real_delta_india
2026-06-01T00:00:00+00:00,4530.0,4536.7,4525.0,4529.0,243387.0,real_delta_india
2026-06-01T01:00:00+00:00,4530.05,4530.05,4513.4,4514.7,390920.0,real_delta_india
2026-06-01T02:00:00+00:00,4514.7,4523.4,4508.8,4508.9,416774.0,real_delta_india
2026-06-01T03:00:00+00:00,4509.8,4512.84,4500.3,4505.7,653908.0,real_delta_india
2026-06-01T04:00:00+00:00,4505.9,4509.0,4499.6,4504.6,533882.0,real_delta_india
2026-06-01T05:00:00+00:00,4504.9,4514.9,4502.4,4507.8,768657.0,real_delta_india
2026-06-01T06:00:00+00:00,4508.3,4509.2,4492.0,4494.4,1129515.0,real_delta_india
2026-06-01T07:00:00+00:00,4494.1,4501.7,4485.0,4494.8,931350.0,real_delta_india
2026-06-01T08:00:00+00:00,4495.0,4496.0,4483.0,4489.9,653029.0,real_delta_india
2026-06-01T09:00:00+00:00,4490.4,4498.5,4483.3,4488.3,609657.0,real_delta_india
2026-06-01T10:00:00+00:00,4489.3,4502.9,4489.2,4495.59,788531.0,real_delta_india
2026-06-01T11:00:00+00:00,4496.5,4504.2,4493.0,4498.2,782516.0,real_delta_india
2026-06-01T12:00:00+00:00,4498.3,4502.3,4490.3,4494.9,1199800.0,real_delta_india
2026-06-01T13:00:00+00:00,4495.3,4495.7,4444.9,4446.3,2844078.0,real_delta_india
2026-06-01T14:00:00+00:00,4445.7,4462.0,4444.1,4455.21,1476045.0,real_delta_india
2026-06-01T15:00:00+00:00,4455.5,4476.2,4453.4,4470.7,1761350.0,real_delta_india
2026-06-01T16:00:00+00:00,4470.5,4478.5,4459.8,4476.9,1250401.0,real_delta_india
2026-06-01T17:00:00+00:00,4476.9,4490.9,4468.3,4483.4,1215709.0,real_delta_india
2026-06-01T18:00:00+00:00,4483.4,4485.4,4480.4,4481.9,471115.0,real_delta_india
2026-06-01T19:00:00+00:00,4482.1,4483.1,4474.7,4476.6,341483.0,real_delta_india
2026-06-01T20:00:00+00:00,4476.4,4479.7,4476.3,4478.7,84467.0,real_delta_india
2026-06-01T21:00:00+00:00,4478.9,4480.5,4476.3,4478.3,37833.0,real_delta_india
2026-06-01T22:00:00+00:00,4478.3,4479.8,4475.0,4478.0,49210.0,real_delta_india
2026-06-01T23:00:00+00:00,4479.5,4480.8,4473.2,4478.5,127708.0,real_delta_india
2026-06-02T00:00:00+00:00,4476.1,4489.3,4471.2,4474.6,492448.0,real_delta_india
2026-06-02T01:00:00+00:00,4474.5,4484.0,4457.4,4466.9,563446.0,real_delta_india
2026-06-02T02:00:00+00:00,4467.1,4477.7,4464.6,4477.6,428065.0,real_delta_india
2026-06-02T03:00:00+00:00,4477.6,4491.0,4477.3,4490.9,713422.0,real_delta_india
2026-06-02T04:00:00+00:00,4490.7,4508.2,4490.0,4507.4,1009480.0,real_delta_india
2026-06-02T05:00:00+00:00,4507.4,4518.6,4504.9,4507.2,1097363.0,real_delta_india
2026-06-02T06:00:00+00:00,4508.6,4528.15,4507.9,4525.9,1129474.0,real_delta_india
2026-06-02T07:00:00+00:00,4525.8,4530.0,4518.02,4524.8,866321.0,real_delta_india
2026-06-02T08:00:00+00:00,4525.0,4528.9,4515.0,4515.5,621267.0,real_delta_india
2026-06-02T09:00:00+00:00,4515.7,4524.6,4510.2,4518.6,1011388.0,real_delta_india
2026-06-02T10:00:00+00:00,4518.6,4523.4,4514.4,4522.6,468345.0,real_delta_india
2026-06-02T11:00:00+00:00,4523.0,4524.0,4516.1,4517.0,409257.0,real_delta_india
2026-06-02T12:00:00+00:00,4518.1,4523.7,4503.6,4504.4,1436654.0,real_delta_india
2026-06-02T13:00:00+00:00,4504.8,4514.4,4494.4,4495.0,1835974.0,real_delta_india
2026-06-02T14:00:00+00:00,4494.7,4499.9,4482.1,4497.5,1809335.0,real_delta_india
2026-06-02T15:00:00+00:00,4497.3,4502.6,4493.3,4493.9,987125.0,real_delta_india
2026-06-02T16:00:00+00:00,4494.1,4495.5,4481.0,4485.9,1100171.0,real_delta_india
2026-06-02T17:00:00+00:00,4485.9,4488.3,4476.5,4479.2,1183271.0,real_delta_india
2026-06-02T18:00:00+00:00,4479.39,4484.01,4473.3,4480.8,506548.0,real_delta_india
2026-06-02T19:00:00+00:00,4480.8,4483.4,4475.9,4481.4,241028.0,real_delta_india
2026-06-02T20:00:00+00:00,4481.6,4484.7,4479.7,4482.6,136655.0,real_delta_india
2026-06-02T21:00:00+00:00,4482.9,4482.9,4476.68,4477.1,22152.0,real_delta_india
2026-06-02T22:00:00+00:00,4481.21,4484.8,4475.3,4475.3,125945.0,real_delta_india
2026-06-02T23:00:00+00:00,4475.3,4477.6,4453.1,4466.0,459330.0,real_delta_india
2026-06-03T00:00:00+00:00,4467.3,4487.3,4465.5,4478.2,541078.0,real_delta_india
2026-06-03T01:00:00+00:00,4478.5,4478.9,4457.0,4467.7,581213.0,real_delta_india
2026-06-03T02:00:00+00:00,4467.5,4476.7,4464.9,4473.6,444054.0,real_delta_india
2026-06-03T03:00:00+00:00,4473.8,4478.5,4471.4,4473.1,282678.0,real_delta_india
2026-06-03T04:00:00+00:00,4473.1,4476.5,4459.1,4460.3,415579.0,real_delta_india
2026-06-03T05:00:00+00:00,4460.1,4466.1,4448.8,4449.1,1145497.0,real_delta_india
2026-06-03T06:00:00+00:00,4450.4,4461.9,4448.1,4453.7,969572.0,real_delta_india
2026-06-03T07:00:00+00:00,4453.5,4462.3,4445.9,4446.7,767875.0,real_delta_india
2026-06-03T08:00:00+00:00,4446.5,4451.3,4432.0,4435.1,826173.0,real_delta_india
2026-06-03T09:00:00+00:00,4435.0,4449.4,4431.6,4434.0,1036585.0,real_delta_india
2026-06-03T10:00:00+00:00,4435.1,4458.9,4433.3,4451.8,1216969.0,real_delta_india
2026-06-03T11:00:00+00:00,4453.0,4459.9,4451.5,4455.6,653166.0,real_delta_india
2026-06-03T12:00:00+00:00,4454.9,4458.9,4441.4,4452.1,1650716.0,real_delta_india
2026-06-03T13:00:00+00:00,4452.1,4456.5,4421.1,4438.9,2372693.0,real_delta_india
2026-06-03T14:00:00+00:00,4438.5,4451.6,4434.8,4449.2,1396279.0,real_delta_india
2026-06-03T15:00:00+00:00,4449.2,4450.4,4428.7,4433.8,1161852.0,real_delta_india
2026-06-03T16:00:00+00:00,4434.4,4435.6,4426.0,4434.2,860036.0,real_delta_india
2026-06-03T17:00:00+00:00,4434.5,4440.4,4428.8,4432.8,1017230.0,real_delta_india
2026-06-03T18:00:00+00:00,4433.0,4436.1,4428.4,4435.0,291383.0,real_delta_india
2026-06-03T19:00:00+00:00,4435.0,4445.9,4434.1,4436.7,492531.0,real_delta_india
2026-06-03T20:00:00+00:00,4436.84,4437.8,4423.8,4425.9,179628.0,real_delta_india
2026-06-03T21:00:00+00:00,4425.7,4439.9,4425.2,4439.7,88686.0,real_delta_india
2026-06-03T22:00:00+00:00,4431.8,4443.1,4416.8,4438.6,278093.0,real_delta_india
2026-06-03T23:00:00+00:00,4440.6,4454.4,4436.1,4447.8,259079.0,real_delta_india
2026-06-04T00:00:00+00:00,4446.0,4455.5,4434.3,4438.9,346345.0,real_delta_india
2026-06-04T01:00:00+00:00,4437.24,4461.9,4433.5,4454.8,781081.0,real_delta_india
2026-06-04T02:00:00+00:00,4455.7,4467.4,4446.1,4466.1,657587.0,real_delta_india
2026-06-04T03:00:00+00:00,4466.3,4468.5,4449.9,4460.5,791716.0,real_delta_india
2026-06-04T04:00:00+00:00,4460.6,4478.0,4458.5,4475.5,892037.0,real_delta_india
2026-06-04T05:00:00+00:00,4475.5,4476.4,4461.4,4463.4,857376.0,real_delta_india
2026-06-04T06:00:00+00:00,4463.4,4471.4,4458.5,4463.0,943847.0,real_delta_india
2026-06-04T07:00:00+00:00,4463.0,4465.7,4454.6,4456.3,782575.0,real_delta_india
2026-06-04T08:00:00+00:00,4456.6,4463.4,4453.0,4458.0,577907.0,real_delta_india
2026-06-04T09:00:00+00:00,4458.0,4469.9,4456.2,4465.6,668998.0,real_delta_india
2026-06-04T10:00:00+00:00,4465.7,4468.4,4459.3,4467.7,583793.0,real_delta_india
2026-06-04T11:00:00+00:00,4468.3,4508.4,4463.5,4505.6,2334835.0,real_delta_india
2026-06-04T12:00:00+00:00,4507.2,4508.7,4484.6,4498.3,1993734.0,real_delta_india
2026-06-04T13:00:00+00:00,4497.0,4508.4,4490.3,4490.7,1480464.0,real_delta_india
2026-06-04T14:00:00+00:00,4491.1,4495.2,4454.9,4463.0,2931317.0,real_delta_india
2026-06-04T15:00:00+00:00,4462.9,4476.5,4461.4,4475.4,1158882.0,real_delta_india
2026-06-04T16:00:00+00:00,4475.4,4482.8,4473.1,4480.3,775370.0,real_delta_india
2026-06-04T17:00:00+00:00,4480.3,4480.3,4470.5,4473.3,842366.0,real_delta_india
2026-06-04T18:00:00+00:00,4473.3,4477.0,4469.5,4473.88,430831.0,real_delta_india
2026-06-04T19:00:00+00:00,4474.3,4479.1,4471.7,4476.4,182415.0,real_delta_india
2026-06-04T20:00:00+00:00,4476.4,4476.4,4468.8,4469.4,93300.0,real_delta_india
2026-06-04T21:00:00+00:00,4469.1,4470.4,4463.9,4465.7,76103.0,real_delta_india
2026-06-04T22:00:00+00:00,4466.5,4473.2,4462.9,4463.4,105320.0,real_delta_india
2026-06-04T23:00:00+00:00,4463.6,4466.9,4455.91,4456.6,151419.0,real_delta_india
2026-06-05T00:00:00+00:00,4456.0,4461.2,4446.65,4455.1,429521.0,real_delta_india
2026-06-05T01:00:00+00:00,4455.2,4463.7,4439.0,4441.4,627479.0,real_delta_india
2026-06-05T02:00:00+00:00,4442.5,4449.31,4433.7,4435.8,695958.0,real_delta_india
2026-06-05T03:00:00+00:00,4435.6,4437.2,4429.4,4430.9,538035.0,real_delta_india
2026-06-05T04:00:00+00:00,4430.9,4437.1,4428.3,4435.8,759521.0,real_delta_india
2026-06-05T05:00:00+00:00,4436.0,4440.7,4429.1,4430.2,897765.0,real_delta_india
2026-06-05T06:00:00+00:00,4430.2,4444.7,4418.39,4441.8,1262710.0,real_delta_india
2026-06-05T07:00:00+00:00,4441.1,4457.27,4440.7,4452.5,926501.0,real_delta_india
2026-06-05T08:00:00+00:00,4452.0,4456.7,4448.6,4451.2,556159.0,real_delta_india
2026-06-05T09:00:00+00:00,4451.4,4459.5,4448.1,4455.0,649472.0,real_delta_india
2026-06-05T10:00:00+00:00,4454.7,4457.0,4451.0,4456.1,303114.0,real_delta_india
2026-06-05T11:00:00+00:00,4456.1,4463.0,4448.5,4458.3,767683.0,real_delta_india
2026-06-05T12:00:00+00:00,4458.5,4465.5,4399.5,4400.3,3686664.0,real_delta_india
2026-06-05T13:00:00+00:00,4399.46,4414.4,4360.0,4360.8,3494555.0,real_delta_india
2026-06-05T14:00:00+00:00,4360.9,4374.0,4340.6,4366.1,2524357.0,real_delta_india
2026-06-05T15:00:00+00:00,4366.1,4368.6,4329.1,4330.5,1745106.0,real_delta_india
2026-06-05T16:00:00+00:00,4330.5,4343.2,4319.5,4342.4,1820934.0,real_delta_india
2026-06-05T17:00:00+00:00,4342.6,4344.8,4332.9,4337.0,903341.0,real_delta_india
2026-06-05T18:00:00+00:00,4337.3,4337.9,4311.4,4317.7,1220395.0,real_delta_india
2026-06-05T19:00:00+00:00,4317.2,4319.1,4307.8,4314.3,641121.0,real_delta_india
2026-06-05T20:00:00+00:00,4314.5,4327.4,4307.9,4325.3,254964.0,real_delta_india
2026-06-05T21:00:00+00:00,4325.6,4333.0,4325.6,4333.0,83334.0,real_delta_india
2026-06-05T22:00:00+00:00,4332.8,4334.8,4323.3,4323.3,60326.0,real_delta_india
2026-06-05T23:00:00+00:00,4322.9,4322.9,4316.0,4317.6,70810.0,real_delta_india
2026-06-06T00:00:00+00:00,4318.1,4330.4,4317.9,4329.4,81018.0,real_delta_india
2026-06-06T01:00:00+00:00,4329.6,4329.7,4317.1,4317.9,115498.0,real_delta_india
2026-06-06T02:00:00+00:00,4317.9,4318.3,4313.3,4318.0,135215.0,real_delta_india
2026-06-06T03:00:00+00:00,4317.1,4318.1,4310.9,4311.7,115539.0,real_delta_india
2026-06-06T04:00:00+00:00,4311.7,4312.7,4298.9,4299.4,381678.0,real_delta_india
2026-06-06T05:00:00+00:00,4299.2,4305.1,4288.5,4304.8,441793.0,real_delta_india
2026-06-06T06:00:00+00:00,4304.8,4311.1,4300.4,4300.8,279084.0,real_delta_india
2026-06-06T07:00:00+00:00,4300.8,4308.0,4299.6,4303.4,183134.0,real_delta_india
2026-06-06T08:00:00+00:00,4303.4,4305.9,4299.6,4301.1,126367.0,real_delta_india
2026-06-06T09:00:00+00:00,4301.1,4302.9,4297.4,4297.8,115690.0,real_delta_india
2026-06-06T10:00:00+00:00,4297.8,4298.0,4288.1,4290.7,305356.0,real_delta_india
2026-06-06T11:00:00+00:00,4290.4,4295.9,4290.2,4295.8,170875.0,real_delta_india
2026-06-06T12:00:00+00:00,4295.6,4298.0,4290.6,4294.1,204392.0,real_delta_india
2026-06-06T13:00:00+00:00,4294.1,4297.4,4292.1,4295.2,156520.0,real_delta_india
2026-06-06T14:00:00+00:00,4295.2,4296.9,4289.9,4290.6,134081.0,real_delta_india
2026-06-06T15:00:00+00:00,4290.6,4292.16,4287.6,4288.1,222024.0,real_delta_india
2026-06-06T16:00:00+00:00,4288.1,4291.1,4286.3,4288.5,189433.0,real_delta_india
2026-06-06T17:00:00+00:00,4288.9,4295.7,4288.6,4294.6,181059.0,real_delta_india
2026-06-06T18:00:00+00:00,4294.8,4295.8,4291.2,4291.4,80057.0,real_delta_india
2026-06-06T19:00:00+00:00,4291.4,4293.3,4289.4,4290.7,89079.0,real_delta_india
2026-06-06T20:00:00+00:00,4290.9,4290.9,4289.4,4290.3,21506.0,real_delta_india
2026-06-06T21:00:00+00:00,4290.3,4290.8,4286.8,4287.0,20405.0,real_delta_india
2026-06-06T22:00:00+00:00,4286.8,4291.7,4286.8,4288.9,27779.0,real_delta_india
2026-06-06T23:00:00+00:00,4289.8,4297.8,4289.8,4297.8,25489.0,real_delta_india
2026-06-07T00:00:00+00:00,4297.7,4297.9,4293.0,4296.3,25749.0,real_delta_india
2026-06-07T01:00:00+00:00,4296.1,4307.0,4295.9,4305.2,145958.0,real_delta_india
2026-06-07T02:00:00+00:00,4305.1,4308.5,4302.7,4307.7,76450.0,real_delta_india
2026-06-07T03:00:00+00:00,4307.7,4308.3,4301.2,4304.6,177760.0,real_delta_india
2026-06-07T04:00:00+00:00,4304.6,4304.8,4298.2,4304.1,84517.0,real_delta_india
2026-06-07T05:00:00+00:00,4304.1,4305.8,4301.0,4303.3,127724.0,real_delta_india
2026-06-07T06:00:00+00:00,4303.3,4310.7,4302.4,4309.8,175881.0,real_delta_india
2026-06-07T07:00:00+00:00,4309.8,4310.9,4307.4,4310.84,136284.0,real_delta_india
2026-06-07T08:00:00+00:00,4310.6,4318.3,4307.9,4317.9,290694.0,real_delta_india
2026-06-07T09:00:00+00:00,4317.9,4320.7,4308.4,4313.2,285227.0,real_delta_india
2026-06-07T10:00:00+00:00,4313.4,4313.4,4306.5,4307.6,150943.0,real_delta_india
2026-06-07T11:00:00+00:00,4307.6,4309.6,4304.5,4308.8,174586.0,real_delta_india
2026-06-07T12:00:00+00:00,4308.5,4308.5,4301.1,4301.7,230515.0,real_delta_india
2026-06-07T13:00:00+00:00,4301.4,4301.6,4291.5,4296.3,263031.0,real_delta_india
2026-06-07T14:00:00+00:00,4295.8,4305.2,4295.8,4299.9,326824.0,real_delta_india
2026-06-07T15:00:00+00:00,4299.9,4304.2,4299.3,4301.3,127678.0,real_delta_india
2026-06-07T16:00:00+00:00,4301.0,4307.5,4301.0,4306.2,121039.0,real_delta_india
2026-06-07T17:00:00+00:00,4306.0,4308.8,4305.8,4306.1,88749.0,real_delta_india
2026-06-07T18:00:00+00:00,4306.4,4308.9,4303.8,4303.8,72572.0,real_delta_india
2026-06-07T19:00:00+00:00,4303.7,4304.4,4293.7,4301.9,225478.0,real_delta_india
2026-06-07T20:00:00+00:00,4300.7,4306.1,4299.4,4299.7,89520.0,real_delta_india
2026-06-07T21:00:00+00:00,4299.7,4313.8,4299.7,4302.8,104099.0,real_delta_india
2026-06-07T22:00:00+00:00,4308.01,4322.6,4300.5,4310.9,280763.0,real_delta_india
2026-06-07T23:00:00+00:00,4308.7,4336.2,4308.4,4332.9,301573.0,real_delta_india
2026-06-08T00:00:00+00:00,4331.1,4343.3,4330.2,4332.9,401027.0,real_delta_india
2026-06-08T01:00:00+00:00,4332.0,4335.0,4290.0,4316.3,960043.0,real_delta_india
2026-06-08T02:00:00+00:00,4316.53,4321.1,4299.4,4302.0,694284.0,real_delta_india
2026-06-08T03:00:00+00:00,4302.4,4307.1,4295.8,4307.0,599537.0,real_delta_india
2026-06-08T04:00:00+00:00,4307.4,4311.6,4298.2,4302.7,528917.0,real_delta_india
2026-06-08T05:00:00+00:00,4302.6,4305.1,4259.1,4282.1,1559531.0,real_delta_india
2026-06-08T06:00:00+00:00,4283.7,4300.0,4283.5,4290.8,1193562.0,real_delta_india
2026-06-08T07:00:00+00:00,4290.7,4306.7,4284.6,4285.7,1193663.0,real_delta_india
2026-06-08T08:00:00+00:00,4286.0,4287.5,4276.1,4279.6,677751.0,real_delta_india
2026-06-08T09:00:00+00:00,4279.8,4291.5,4262.8,4283.3,1265419.0,real_delta_india
2026-06-08T10:00:00+00:00,4284.0,4294.6,4275.9,4291.5,809340.0,real_delta_india
2026-06-08T11:00:00+00:00,4291.6,4322.4,4286.8,4320.2,2247625.0,real_delta_india
2026-06-08T12:00:00+00:00,4320.0,4328.7,4309.0,4322.4,1517018.0,real_delta_india
2026-06-08T13:00:00+00:00,4322.9,4335.2,4310.7,4316.8,1665547.0,real_delta_india
2026-06-08T14:00:00+00:00,4316.96,4322.8,4305.8,4321.6,2028193.0,real_delta_india
2026-06-08T15:00:00+00:00,4322.1,4333.8,4312.9,4330.7,1391943.0,real_delta_india
2026-06-08T16:00:00+00:00,4330.7,4334.5,4325.7,4328.4,819082.0,real_delta_india
2026-06-08T17:00:00+00:00,4328.48,4330.0,4319.7,4326.6,817363.0,real_delta_india
2026-06-08T18:00:00+00:00,4326.7,4333.9,4321.2,4321.8,511897.0,real_delta_india
2026-06-08T19:00:00+00:00,4322.6,4326.2,4313.0,4316.4,417504.0,real_delta_india
2026-06-08T20:00:00+00:00,4316.6,4319.6,4313.8,4319.5,80411.0,real_delta_india
2026-06-08T21:00:00+00:00,4319.49,4325.9,4319.0,4325.7,98860.0,real_delta_india
2026-06-08T22:00:00+00:00,4322.6,4322.6,4313.0,4317.7,83863.0,real_delta_india
2026-06-08T23:00:00+00:00,4317.9,4318.0,4302.2,4306.3,382024.0,real_delta_india
2026-06-09T00:00:00+00:00,4306.7,4312.1,4303.2,4308.6,309786.0,real_delta_india
2026-06-09T01:00:00+00:00,4309.7,4327.2,4307.1,4324.5,659964.0,real_delta_india
2026-06-09T02:00:00+00:00,4324.9,4328.8,4317.0,4323.6,410450.0,real_delta_india
2026-06-09T03:00:00+00:00,4323.9,4330.7,4320.3,4325.8,423144.0,real_delta_india
2026-06-09T04:00:00+00:00,4325.3,4327.5,4314.2,4320.5,672207.0,real_delta_india
2026-06-09T05:00:00+00:00,4320.8,4340.0,4318.2,4333.3,1156623.0,real_delta_india
2026-06-09T06:00:00+00:00,4333.3,4337.5,4321.0,4321.6,822585.0,real_delta_india
2026-06-09T07:00:00+00:00,4320.8,4324.2,4311.1,4313.8,976246.0,real_delta_india
2026-06-09T08:00:00+00:00,4313.73,4323.0,4308.3,4313.2,793906.0,real_delta_india
2026-06-09T09:00:00+00:00,4313.4,4322.4,4312.0,4319.6,571761.0,real_delta_india
2026-06-09T10:00:00+00:00,4319.6,4327.5,4312.9,4327.0,482588.0,real_delta_india
2026-06-09T11:00:00+00:00,4327.2,4330.7,4323.0,4326.7,662670.0,real_delta_india
2026-06-09T12:00:00+00:00,4326.9,4331.2,4321.7,4327.2,945784.0,real_delta_india
2026-06-09T13:00:00+00:00,4328.0,4351.6,4312.82,4317.2,2240284.0,real_delta_india
2026-06-09T14:00:00+00:00,4317.6,4323.7,4267.8,4290.1,3512334.0,real_delta_india
2026-06-09T15:00:00+00:00,4290.5,4291.4,4254.3,4265.1,2472112.0,real_delta_india
2026-06-09T16:00:00+00:00,4265.0,4272.7,4228.0,4244.6,2670352.0,real_delta_india
2026-06-09T17:00:00+00:00,4244.9,4261.5,4244.1,4255.0,1551889.0,real_delta_india
2026-06-09T18:00:00+00:00,4255.4,4265.9,4252.2,4263.3,780761.0,real_delta_india
2026-06-09T19:00:00+00:00,4263.3,4263.8,4243.2,4251.1,592312.0,real_delta_india
2026-06-09T20:00:00+00:00,4251.4,4255.0,4249.7,4254.0,119557.0,real_delta_india
2026-06-09T21:00:00+00:00,4254.3,4254.3,4248.0,4248.4,37104.0,real_delta_india
2026-06-09T22:00:00+00:00,4245.0,4248.4,4225.96,4229.4,343951.0,real_delta_india
2026-06-09T23:00:00+00:00,4229.2,4238.0,4203.8,4214.5,715677.0,real_delta_india
2026-06-10T00:00:00+00:00,4214.5,4220.5,4193.2,4210.9,810377.0,real_delta_india
2026-06-10T01:00:00+00:00,4211.8,4211.8,4180.2,4185.1,1366736.0,real_delta_india
2026-06-10T02:00:00+00:00,4184.4,4187.6,4169.0,4170.1,944954.0,real_delta_india
2026-06-10T03:00:00+00:00,4170.1,4182.5,4168.7,4180.7,665038.0,real_delta_india
2026-06-10T04:00:00+00:00,4181.0,4183.9,4168.0,4171.9,719164.0,real_delta_india
2026-06-10T05:00:00+00:00,4171.6,4204.0,4170.0,4200.8,1518714.0,real_delta_india
2026-06-10T06:00:00+00:00,4201.3,4216.5,4196.5,4198.6,1424093.0,real_delta_india
2026-06-10T07:00:00+00:00,4198.4,4202.3,4178.0,4183.4,1667720.0,real_delta_india
2026-06-10T08:00:00+00:00,4182.2,4183.2,4158.4,4165.7,2198231.0,real_delta_india
2026-06-10T09:00:00+00:00,4166.7,4175.7,4160.4,4166.0,1158725.0,real_delta_india
2026-06-10T10:00:00+00:00,4166.0,4174.2,4152.7,4171.2,1621933.0,real_delta_india
2026-06-10T11:00:00+00:00,4172.0,4172.2,4142.2,4144.7,2057281.0,real_delta_india
2026-06-10T12:00:00+00:00,4144.7,4174.3,4130.0,4145.8,3770112.0,real_delta_india
2026-06-10T13:00:00+00:00,4144.56,4181.9,4131.8,4175.1,3249508.0,real_delta_india
2026-06-10T14:00:00+00:00,4176.0,4176.5,4115.8,4123.8,4278870.0,real_delta_india
2026-06-10T15:00:00+00:00,4123.8,4135.9,4106.6,4128.3,3554381.0,real_delta_india
2026-06-10T16:00:00+00:00,4128.6,4134.0,4113.9,4120.9,1486956.0,real_delta_india
2026-06-10T17:00:00+00:00,4120.9,4132.6,4102.4,4113.5,2382312.0,real_delta_india
2026-06-10T18:00:00+00:00,4114.0,4122.2,4099.1,4104.1,1386808.0,real_delta_india
2026-06-10T19:00:00+00:00,4104.3,4104.9,4083.0,4086.1,1776368.0,real_delta_india
2026-06-10T20:00:00+00:00,4086.0,4086.4,4067.9,4072.6,811449.0,real_delta_india
2026-06-10T21:00:00+00:00,4072.1,4076.8,4069.4,4075.2,153890.0,real_delta_india
2026-06-10T22:00:00+00:00,4075.3,4076.1,4035.7,4046.4,1512486.0,real_delta_india
2026-06-10T23:00:00+00:00,4046.4,4065.2,4023.7,4048.3,969935.0,real_delta_india
2026-06-11T00:00:00+00:00,4048.5,4080.3,4038.4,4078.5,1157549.0,real_delta_india
2026-06-11T01:00:00+00:00,4078.0,4118.2,4068.5,4101.2,1961852.0,real_delta_india
2026-06-11T02:00:00+00:00,4101.6,4102.1,4055.4,4070.8,1520458.0,real_delta_india
2026-06-11T03:00:00+00:00,4071.0,4081.0,4060.4,4077.4,1005052.0,real_delta_india
2026-06-11T04:00:00+00:00,4077.4,4089.1,4075.29,4085.5,1172634.0,real_delta_india
2026-06-11T05:00:00+00:00,4085.9,4107.4,4074.8,4094.8,1636342.0,real_delta_india
2026-06-11T06:00:00+00:00,4095.0,4097.3,4078.05,4094.8,1420133.0,real_delta_india
2026-06-11T07:00:00+00:00,4095.6,4110.96,4092.8,4105.7,1258468.0,real_delta_india
2026-06-11T08:00:00+00:00,4105.8,4113.8,4086.4,4086.4,1453292.0,real_delta_india
2026-06-11T09:00:00+00:00,4086.0,4098.1,4078.4,4092.0,1320319.0,real_delta_india
2026-06-11T10:00:00+00:00,4092.4,4094.9,4086.9,4090.8,692404.0,real_delta_india
2026-06-11T11:00:00+00:00,4090.6,4096.6,4081.2,4082.0,871534.0,real_delta_india
2026-06-11T12:00:00+00:00,4082.5,4088.0,4057.2,4082.0,2651658.0,real_delta_india
2026-06-11T13:00:00+00:00,4082.0,4094.4,4068.1,4085.2,2089204.0,real_delta_india
2026-06-11T14:00:00+00:00,4085.2,4086.7,4055.7,4073.5,2835305.0,real_delta_india
2026-06-11T15:00:00+00:00,4073.5,4094.9,4071.0,4089.3,2077525.0,real_delta_india
2026-06-11T16:00:00+00:00,4089.7,4106.8,4078.1,4079.3,2421818.0,real_delta_india
2026-06-11T17:00:00+00:00,4079.3,4165.6,4070.3,4145.7,5612131.0,real_delta_india
2026-06-11T18:00:00+00:00,4146.2,4166.4,4126.5,4156.5,2529722.0,real_delta_india
2026-06-11T19:00:00+00:00,4157.7,4211.5,4157.7,4200.1,2450563.0,real_delta_india
2026-06-11T20:00:00+00:00,4201.6,4209.0,4197.9,4202.7,639280.0,real_delta_india
2026-06-11T21:00:00+00:00,4203.37,4204.4,4196.3,4200.8,137409.0,real_delta_india
2026-06-11T22:00:00+00:00,4202.13,4237.9,4196.5,4234.4,735392.0,real_delta_india
2026-06-11T23:00:00+00:00,4236.9,4236.9,4205.8,4211.8,454039.0,real_delta_india
2026-06-12T00:00:00+00:00,4212.9,4222.0,4192.0,4199.4,740058.0,real_delta_india
2026-06-12T01:00:00+00:00,4200.0,4202.2,4164.2,4179.5,1561802.0,real_delta_india
2026-06-12T02:00:00+00:00,4179.4,4192.4,4175.5,4184.2,775917.0,real_delta_india
2026-06-12T03:00:00+00:00,4183.9,4197.3,4182.6,4190.9,1036174.0,real_delta_india
2026-06-12T04:00:00+00:00,4190.7,4193.7,4183.1,4183.5,906135.0,real_delta_india
2026-06-12T05:00:00+00:00,4185.0,4185.95,4165.1,4167.4,1243095.0,real_delta_india
2026-06-12T06:00:00+00:00,4167.4,4178.8,4165.8,4176.8,1130816.0,real_delta_india
2026-06-12T07:00:00+00:00,4176.89,4185.7,4161.6,4185.7,1633255.0,real_delta_india
2026-06-12T08:00:00+00:00,4186.35,4216.9,4184.0,4211.8,2676977.0,real_delta_india
2026-06-12T09:00:00+00:00,4211.8,4219.4,4210.1,4212.6,1060162.0,real_delta_india
2026-06-12T10:00:00+00:00,4211.6,4216.0,4194.2,4202.8,1760760.0,real_delta_india
2026-06-12T11:00:00+00:00,4203.1,4206.9,4189.7,4198.6,1499088.0,real_delta_india
2026-06-12T12:00:00+00:00,4198.7,4206.4,4181.3,4184.8,1858686.0,real_delta_india
2026-06-12T13:00:00+00:00,4184.6,4201.8,4174.5,4177.7,2402142.0,real_delta_india
2026-06-12T14:00:00+00:00,4177.7,4199.9,4170.6,4196.1,2073487.0,real_delta_india
2026-06-12T15:00:00+00:00,4196.5,4227.2,4193.0,4202.6,3604133.0,real_delta_india
2026-06-12T16:00:00+00:00,4203.1,4224.6,4199.5,4208.0,1412894.0,real_delta_india
2026-06-12T17:00:00+00:00,4209.0,4217.2,4205.0,4212.3,1090423.0,real_delta_india
2026-06-12T18:00:00+00:00,4212.3,4224.9,4205.3,4206.4,1102235.0,real_delta_india
2026-06-12T19:00:00+00:00,4206.4,4210.0,4192.9,4203.1,730011.0,real_delta_india
2026-06-12T20:00:00+00:00,4202.8,4209.9,4200.9,4209.9,205832.0,real_delta_india
2026-06-12T21:00:00+00:00,4209.2,4209.8,4203.5,4204.2,87323.0,real_delta_india
2026-06-12T22:00:00+00:00,4203.9,4207.3,4201.5,4205.9,83268.0,real_delta_india
2026-06-12T23:00:00+00:00,4205.0,4208.6,4204.1,4208.6,27077.0,real_delta_india
2026-06-13T00:00:00+00:00,4208.4,4208.6,4206.9,4207.0,47204.0,real_delta_india
2026-06-13T01:00:00+00:00,4206.57,4209.1,4205.3,4209.1,44361.0,real_delta_india
2026-06-13T02:00:00+00:00,4209.1,4209.1,4204.0,4205.4,70701.0,real_delta_india
2026-06-13T03:00:00+00:00,4205.8,4207.4,4203.9,4206.5,110129.0,real_delta_india
2026-06-13T04:00:00+00:00,4206.3,4211.2,4206.3,4209.6,150892.0,real_delta_india
2026-06-13T05:00:00+00:00,4209.6,4209.7,4207.6,4208.2,75229.0,real_delta_india
2026-06-13T06:00:00+00:00,4208.0,4211.5,4207.2,4211.1,132896.0,real_delta_india
2026-06-13T07:00:00+00:00,4211.1,4214.5,4210.6,4211.7,198683.0,real_delta_india
2026-06-13T08:00:00+00:00,4211.5,4212.8,4208.6,4209.3,94014.0,real_delta_india
2026-06-13T09:00:00+00:00,4209.2,4211.0,4208.2,4209.8,78501.0,real_delta_india
2026-06-13T10:00:00+00:00,4209.6,4209.7,4208.1,4208.7,59053.0,real_delta_india
2026-06-13T11:00:00+00:00,4208.8,4209.9,4208.0,4209.6,48763.0,real_delta_india
2026-06-13T12:00:00+00:00,4209.6,4213.9,4209.6,4213.8,76857.0,real_delta_india
2026-06-13T13:00:00+00:00,4213.77,4215.2,4212.1,4214.0,155769.0,real_delta_india
2026-06-13T14:00:00+00:00,4214.0,4214.2,4208.8,4211.9,134878.0,real_delta_india
2026-06-13T15:00:00+00:00,4211.9,4216.9,4211.7,4216.0,130423.0,real_delta_india
2026-06-13T16:00:00+00:00,4215.3,4218.3,4197.4,4215.4,204302.0,real_delta_india
2026-06-13T17:00:00+00:00,4215.4,4215.6,4212.5,4213.0,58621.0,real_delta_india
2026-06-13T18:00:00+00:00,4213.2,4214.9,4210.7,4213.5,70646.0,real_delta_india
2026-06-13T19:00:00+00:00,4213.5,4215.9,4212.6,4215.6,39145.0,real_delta_india
2026-06-13T20:00:00+00:00,4215.8,4216.6,4215.0,4215.8,16376.0,real_delta_india
2026-06-13T21:00:00+00:00,4215.8,4224.3,4215.6,4224.2,85740.0,real_delta_india
2026-06-13T22:00:00+00:00,4224.0,4224.9,4222.0,4222.5,34101.0,real_delta_india
2026-06-13T23:00:00+00:00,4222.4,4222.4,4218.1,4219.5,34856.0,real_delta_india
2026-06-14T00:00:00+00:00,4219.1,4223.4,4218.1,4223.4,18326.0,real_delta_india
2026-06-14T01:00:00+00:00,4223.4,4223.4,4220.2,4220.2,42863.0,real_delta_india
2026-06-14T02:00:00+00:00,4220.4,4222.3,4218.1,4222.3,57559.0,real_delta_india
2026-06-14T03:00:00+00:00,4222.1,4222.3,4217.2,4220.9,64169.0,real_delta_india
2026-06-14T04:00:00+00:00,4220.7,4223.0,4220.0,4222.4,56994.0,real_delta_india
2026-06-14T05:00:00+00:00,4222.4,4224.2,4222.2,4222.8,58121.0,real_delta_india
2026-06-14T06:00:00+00:00,4223.2,4225.0,4222.9,4224.0,87692.0,real_delta_india
2026-06-14T07:00:00+00:00,4223.8,4224.2,4223.3,4223.5,27466.0,real_delta_india
2026-06-14T08:00:00+00:00,4224.0,4230.5,4224.0,4227.2,149340.0,real_delta_india
2026-06-14T09:00:00+00:00,4227.4,4230.0,4225.4,4225.8,81155.0,real_delta_india
2026-06-14T10:00:00+00:00,4225.8,4228.4,4220.3,4220.6,97119.0,real_delta_india
2026-06-14T11:00:00+00:00,4220.8,4223.7,4220.1,4223.1,108926.0,real_delta_india
2026-06-14T12:00:00+00:00,4222.8,4225.6,4217.6,4219.0,97324.0,real_delta_india
2026-06-14T13:00:00+00:00,4219.0,4221.3,4214.5,4214.9,129300.0,real_delta_india
2026-06-14T14:00:00+00:00,4215.2,4224.0,4213.0,4223.8,280431.0,real_delta_india
2026-06-14T15:00:00+00:00,4224.0,4226.5,4218.7,4219.2,240477.0,real_delta_india
2026-06-14T16:00:00+00:00,4219.2,4223.7,4218.0,4221.1,97221.0,real_delta_india
2026-06-14T17:00:00+00:00,4221.1,4222.6,4219.8,4220.0,69164.0,real_delta_india
2026-06-14T18:00:00+00:00,4220.0,4220.0,4215.91,4219.1,99269.0,real_delta_india
2026-06-14T19:00:00+00:00,4219.1,4220.9,4217.5,4219.8,41079.0,real_delta_india
2026-06-14T20:00:00+00:00,4219.8,4225.9,4217.0,4221.7,79912.0,real_delta_india
2026-06-14T21:00:00+00:00,4222.0,4277.2,4222.0,4277.2,615650.0,real_delta_india
2026-06-14T22:00:00+00:00,4271.1,4300.51,4260.4,4278.3,699095.0,real_delta_india
2026-06-14T23:00:00+00:00,4278.3,4286.5,4273.1,4285.9,300312.0,real_delta_india
2026-06-15T00:00:00+00:00,4285.7,4298.35,4282.0,4282.8,553583.0,real_delta_india
2026-06-15T01:00:00+00:00,4283.4,4308.6,4277.5,4306.1,1059662.0,real_delta_india
2026-06-15T02:00:00+00:00,4306.5,4324.6,4306.5,4318.2,1011237.0,real_delta_india
2026-06-15T03:00:00+00:00,4318.4,4320.0,4310.4,4314.0,656488.0,real_delta_india
2026-06-15T04:00:00+00:00,4314.0,4318.5,4310.8,4316.9,428432.0,real_delta_india
2026-06-15T05:00:00+00:00,4316.9,4322.1,4297.8,4299.8,1469976.0,real_delta_india
2026-06-15T06:00:00+00:00,4299.6,4302.2,4292.1,4297.9,1026969.0,real_delta_india
2026-06-15T07:00:00+00:00,4298.8,4313.4,4295.9,4312.4,1395928.0,real_delta_india
2026-06-15T08:00:00+00:00,4312.2,4333.0,4311.2,4323.0,1897598.0,real_delta_india
2026-06-15T09:00:00+00:00,4323.0,4331.9,4322.7,4325.9,832649.0,real_delta_india
2026-06-15T10:00:00+00:00,4326.0,4330.2,4323.9,4327.4,429723.0,real_delta_india
2026-06-15T11:00:00+00:00,4326.9,4336.5,4320.8,4323.6,1599078.0,real_delta_india
2026-06-15T12:00:00+00:00,4323.6,4338.0,4313.7,4337.2,2416441.0,real_delta_india
2026-06-15T13:00:00+00:00,4337.4,4356.4,4328.8,4342.4,3084849.0,real_delta_india
2026-06-15T14:00:00+00:00,4342.8,4356.5,4340.5,4343.6,2052557.0,real_delta_india
2026-06-15T15:00:00+00:00,4343.6,4347.4,4335.8,4343.9,1757372.0,real_delta_india
2026-06-15T16:00:00+00:00,4343.7,4345.5,4320.8,4325.8,2210444.0,real_delta_india
2026-06-15T17:00:00+00:00,4325.6,4325.6,4307.3,4311.8,2585619.0,real_delta_india
2026-06-15T18:00:00+00:00,4312.0,4316.6,4304.8,4312.8,1219702.0,real_delta_india
2026-06-15T19:00:00+00:00,4313.0,4313.9,4303.4,4307.4,568928.0,real_delta_india
2026-06-15T20:00:00+00:00,4307.9,4308.7,4295.2,4297.5,793406.0,real_delta_india
2026-06-15T21:00:00+00:00,4298.5,4300.6,4296.4,4296.4,77849.0,real_delta_india
2026-06-15T22:00:00+00:00,4296.4,4302.6,4293.95,4299.4,234968.0,real_delta_india
2026-06-15T23:00:00+00:00,4299.4,4306.5,4299.4,4303.4,284271.0,real_delta_india
2026-06-16T00:00:00+00:00,4302.6,4308.0,4295.0,4307.0,414250.0,real_delta_india
2026-06-16T01:00:00+00:00,4306.2,4313.2,4300.4,4301.3,639690.0,real_delta_india
2026-06-16T02:00:00+00:00,4301.9,4307.7,4296.0,4306.5,730178.0,real_delta_india
2026-06-16T03:00:00+00:00,4306.5,4321.1,4304.1,4319.9,840017.0,real_delta_india
2026-06-16T04:00:00+00:00,4319.9,4320.9,4308.3,4310.0,858598.0,real_delta_india
2026-06-16T05:00:00+00:00,4310.0,4317.7,4302.5,4303.7,1081165.0,real_delta_india
2026-06-16T06:00:00+00:00,4304.0,4313.2,4301.5,4313.1,648623.0,real_delta_india
2026-06-16T07:00:00+00:00,4313.3,4323.8,4311.5,4323.0,1498791.0,real_delta_india
2026-06-16T08:00:00+00:00,4323.4,4335.6,4320.9,4334.4,1440782.0,real_delta_india
2026-06-16T09:00:00+00:00,4334.4,4336.2,4325.9,4332.3,1111349.0,real_delta_india
2026-06-16T10:00:00+00:00,4332.4,4336.5,4329.6,4336.0,620076.0,real_delta_india
2026-06-16T11:00:00+00:00,4335.7,4336.8,4321.9,4328.5,1242896.0,real_delta_india
2026-06-16T12:00:00+00:00,4328.3,4342.1,4325.1,4341.8,2389662.0,real_delta_india
2026-06-16T13:00:00+00:00,4341.7,4341.7,4319.13,4319.6,2461703.0,real_delta_india
2026-06-16T14:00:00+00:00,4319.5,4325.7,4299.7,4310.0,2979056.0,real_delta_india
2026-06-16T15:00:00+00:00,4310.1,4331.4,4307.9,4323.2,2118562.0,real_delta_india
2026-06-16T16:00:00+00:00,4323.0,4334.2,4322.0,4327.2,1741975.0,real_delta_india
2026-06-16T17:00:00+00:00,4327.0,4328.6,4313.4,4328.3,2028238.0,real_delta_india
2026-06-16T18:00:00+00:00,4328.0,4331.1,4323.6,4326.2,748921.0,real_delta_india
2026-06-16T19:00:00+00:00,4326.0,4330.2,4319.4,4321.6,420923.0,real_delta_india
2026-06-16T20:00:00+00:00,4321.1,4323.2,4319.2,4320.8,120713.0,real_delta_india
2026-06-16T21:00:00+00:00,4320.9,4321.5,4319.7,4321.3,35426.0,real_delta_india
2026-06-16T22:00:00+00:00,4321.9,4322.8,4316.5,4322.2,115075.0,real_delta_india
2026-06-16T23:00:00+00:00,4321.9,4325.5,4316.3,4318.0,104630.0,real_delta_india
2026-06-17T00:00:00+00:00,4318.0,4328.9,4315.8,4323.4,235445.0,real_delta_india
2026-06-17T01:00:00+00:00,4323.0,4336.8,4321.69,4329.0,608105.0,real_delta_india
2026-06-17T02:00:00+00:00,4329.0,4332.2,4318.0,4319.9,651019.0,real_delta_india
2026-06-17T03:00:00+00:00,4319.5,4322.0,4316.7,4319.9,346575.0,real_delta_india
2026-06-17T04:00:00+00:00,4319.9,4320.7,4306.4,4314.0,1038517.0,real_delta_india
2026-06-17T05:00:00+00:00,4314.4,4320.7,4308.0,4313.3,928287.0,real_delta_india
2026-06-17T06:00:00+00:00,4313.1,4318.7,4307.7,4318.7,660775.0,real_delta_india
2026-06-17T07:00:00+00:00,4318.5,4320.0,4311.9,4312.2,640801.0,real_delta_india
2026-06-17T08:00:00+00:00,4312.3,4314.3,4305.0,4312.3,831352.0,real_delta_india
2026-06-17T09:00:00+00:00,4312.3,4323.0,4308.9,4316.3,880760.0,real_delta_india
2026-06-17T10:00:00+00:00,4316.6,4322.1,4313.6,4318.0,471339.0,real_delta_india
2026-06-17T11:00:00+00:00,4318.0,4319.2,4308.2,4310.5,680091.0,real_delta_india
2026-06-17T12:00:00+00:00,4310.7,4322.1,4307.7,4320.7,1047403.0,real_delta_india
2026-06-17T13:00:00+00:00,4320.7,4332.5,4312.1,4327.0,2453221.0,real_delta_india
2026-06-17T14:00:00+00:00,4327.2,4351.0,4319.1,4331.3,3281115.0,real_delta_india
2026-06-17T15:00:00+00:00,4331.9,4351.5,4330.3,4349.9,1476111.0,real_delta_india
2026-06-17T16:00:00+00:00,4350.8,4353.9,4342.5,4346.3,2396162.0,real_delta_india
2026-06-17T17:00:00+00:00,4346.2,4369.0,4342.0,4366.0,2765319.0,real_delta_india
2026-06-17T18:00:00+00:00,4366.5,4366.5,4263.0,4277.5,8090487.0,real_delta_india
2026-06-17T19:00:00+00:00,4277.1,4287.2,4212.3,4229.2,3855592.0,real_delta_india
2026-06-17T20:00:00+00:00,4228.1,4259.77,4228.0,4249.0,726812.0,real_delta_india
2026-06-17T21:00:00+00:00,4249.0,4249.9,4244.1,4246.8,117885.0,real_delta_india
2026-06-17T22:00:00+00:00,4246.8,4261.11,4246.0,4257.7,226983.0,real_delta_india
2026-06-17T23:00:00+00:00,4256.5,4273.0,4254.6,4269.3,444114.0,real_delta_india
2026-06-18T00:00:00+00:00,4270.0,4303.8,4268.5,4297.9,828960.0,real_delta_india
2026-06-18T01:00:00+00:00,4298.7,4316.6,4296.5,4306.2,860203.0,real_delta_india
2026-06-18T02:00:00+00:00,4306.8,4318.2,4299.7,4300.5,844982.0,real_delta_india
2026-06-18T03:00:00+00:00,4300.2,4310.5,4298.5,4308.6,578238.0,real_delta_india
2026-06-18T04:00:00+00:00,4308.0,4312.2,4297.2,4302.9,848580.0,real_delta_india
2026-06-18T05:00:00+00:00,4302.7,4312.7,4290.6,4296.1,1270398.0,real_delta_india
2026-06-18T06:00:00+00:00,4297.0,4298.4,4284.9,4295.2,1035452.0,real_delta_india
2026-06-18T07:00:00+00:00,4295.4,4298.6,4276.5,4277.6,1566507.0,real_delta_india
2026-06-18T08:00:00+00:00,4278.0,4281.9,4255.8,4257.1,1386229.0,real_delta_india
2026-06-18T09:00:00+00:00,4257.3,4264.0,4250.3,4259.0,1267922.0,real_delta_india
2026-06-18T10:00:00+00:00,4259.0,4262.4,4245.0,4246.2,1053235.0,real_delta_india
2026-06-18T11:00:00+00:00,4246.2,4246.3,4229.5,4231.4,1762856.0,real_delta_india
2026-06-18T12:00:00+00:00,4231.6,4258.7,4230.2,4237.6,2465003.0,real_delta_india
2026-06-18T13:00:00+00:00,4237.6,4267.9,4235.5,4246.5,3487248.0,real_delta_india
2026-06-18T14:00:00+00:00,4246.8,4248.7,4227.6,4244.6,2367103.0,real_delta_india
2026-06-18T15:00:00+00:00,4245.3,4246.6,4214.8,4217.5,2379164.0,real_delta_india
2026-06-18T16:00:00+00:00,4217.4,4224.9,4207.1,4212.4,2959694.0,real_delta_india
2026-06-18T17:00:00+00:00,4212.71,4225.9,4211.8,4222.8,1972799.0,real_delta_india
2026-06-18T18:00:00+00:00,4223.0,4225.5,4212.7,4212.7,788727.0,real_delta_india
2026-06-18T19:00:00+00:00,4212.6,4212.8,4193.5,4210.5,1719813.0,real_delta_india
2026-06-18T20:00:00+00:00,4209.7,4213.0,4201.6,4203.0,328514.0,real_delta_india
2026-06-18T21:00:00+00:00,4202.6,4213.0,4202.1,4207.1,104761.0,real_delta_india
2026-06-18T22:00:00+00:00,4203.8,4206.1,4196.8,4201.4,149959.0,real_delta_india
2026-06-18T23:00:00+00:00,4201.4,4201.4,4179.7,4181.1,558472.0,real_delta_india
2026-06-19T00:00:00+00:00,4181.5,4190.0,4177.6,4185.2,391731.0,real_delta_india
2026-06-19T01:00:00+00:00,4185.0,4188.2,4176.2,4177.2,420136.0,real_delta_india
2026-06-19T02:00:00+00:00,4178.0,4178.6,4164.4,4170.0,841541.0,real_delta_india
2026-06-19T03:00:00+00:00,4170.0,4170.2,4139.9,4145.5,1227836.0,real_delta_india
2026-06-19T04:00:00+00:00,4145.5,4147.4,4118.4,4118.9,1634346.0,real_delta_india
2026-06-19T05:00:00+00:00,4118.7,4137.4,4115.1,4135.9,1712177.0,real_delta_india
2026-06-19T06:00:00+00:00,4135.79,4145.7,4127.2,4143.7,1516623.0,real_delta_india
2026-06-19T07:00:00+00:00,4143.7,4156.6,4142.9,4152.0,1633515.0,real_delta_india
2026-06-19T08:00:00+00:00,4152.0,4172.4,4149.8,4162.7,2192584.0,real_delta_india
2026-06-19T09:00:00+00:00,4162.7,4164.3,4154.5,4156.7,1071336.0,real_delta_india
2026-06-19T10:00:00+00:00,4156.4,4156.4,4142.1,4143.0,1699597.0,real_delta_india
2026-06-19T11:00:00+00:00,4143.0,4149.5,4135.0,4146.7,1650540.0,real_delta_india
2026-06-19T12:00:00+00:00,4147.0,4174.5,4139.7,4173.1,2883873.0,real_delta_india
2026-06-19T13:00:00+00:00,4173.7,4176.7,4145.42,4147.0,2425200.0,real_delta_india
2026-06-19T14:00:00+00:00,4147.0,4149.5,4138.2,4145.2,1817734.0,real_delta_india
2026-06-19T15:00:00+00:00,4145.2,4150.1,4143.1,4146.7,1068197.0,real_delta_india
2026-06-19T16:00:00+00:00,4147.5,4153.0,4140.4,4149.6,1942112.0,real_delta_india
2026-06-19T17:00:00+00:00,4149.7,4155.0,4149.1,4154.45,595218.0,real_delta_india
2026-06-19T18:00:00+00:00,4153.8,4155.0,4145.61,4150.6,322629.0,real_delta_india
2026-06-19T19:00:00+00:00,4150.6,4154.8,4148.8,4154.3,104270.0,real_delta_india
2026-06-19T20:00:00+00:00,4154.0,4156.0,4150.6,4155.5,86492.0,real_delta_india
2026-06-19T21:00:00+00:00,4155.5,4155.6,4150.5,4151.0,38713.0,real_delta_india
2026-06-19T22:00:00+00:00,4150.8,4156.1,4150.4,4154.3,58126.0,real_delta_india
2026-06-19T23:00:00+00:00,4154.1,4155.2,4150.9,4151.8,26572.0,real_delta_india
2026-06-20T00:00:00+00:00,4151.6,4157.6,4149.5,4154.9,120487.0,real_delta_india
2026-06-20T01:00:00+00:00,4154.8,4155.0,4151.1,4152.7,84237.0,real_delta_india
2026-06-20T02:00:00+00:00,4152.5,4152.5,4149.6,4151.8,52278.0,real_delta_india
2026-06-20T03:00:00+00:00,4151.2,4152.9,4148.6,4150.7,62469.0,real_delta_india
2026-06-20T04:00:00+00:00,4151.0,4153.4,4150.6,4153.0,51816.0,real_delta_india
2026-06-20T05:00:00+00:00,4153.2,4155.6,4152.9,4153.9,100001.0,real_delta_india
2026-06-20T06:00:00+00:00,4153.9,4156.1,4153.7,4154.8,70410.0,real_delta_india
2026-06-20T07:00:00+00:00,4154.8,4154.8,4151.2,4153.0,60115.0,real_delta_india
2026-06-20T08:00:00+00:00,4153.0,4153.2,4151.7,4151.8,54348.0,real_delta_india
2026-06-20T09:00:00+00:00,4151.8,4154.4,4151.6,4152.3,75061.0,real_delta_india
2026-06-20T10:00:00+00:00,4152.3,4152.5,4148.7,4150.7,109259.0,real_delta_india
2026-06-20T11:00:00+00:00,4150.7,4153.1,4150.5,4151.4,34619.0,real_delta_india
2026-06-20T12:00:00+00:00,4151.87,4153.5,4151.5,4152.1,28067.0,real_delta_india
2026-06-20T13:00:00+00:00,4152.3,4152.4,4144.7,4147.3,196899.0,real_delta_india
2026-06-20T14:00:00+00:00,4147.0,4156.7,4145.7,4152.8,270137.0,real_delta_india
2026-06-20T15:00:00+00:00,4152.6,4158.0,4152.3,4154.8,225569.0,real_delta_india
2026-06-20T16:00:00+00:00,4155.0,4155.0,4148.2,4148.2,151855.0,real_delta_india
2026-06-20T17:00:00+00:00,4148.5,4150.8,4147.1,4148.2,87007.0,real_delta_india
2026-06-20T18:00:00+00:00,4148.2,4150.8,4148.0,4150.8,42488.0,real_delta_india
2026-06-20T19:00:00+00:00,4150.8,4151.0,4150.1,4150.6,35167.0,real_delta_india
2026-06-20T20:00:00+00:00,4150.7,4151.0,4150.6,4150.8,6925.0,real_delta_india
2026-06-20T21:00:00+00:00,4150.8,4152.7,4148.5,4150.2,14024.0,real_delta_india
2026-06-20T22:00:00+00:00,4150.2,4152.5,4150.2,4150.6,9782.0,real_delta_india
2026-06-20T23:00:00+00:00,4150.4,4151.4,4149.4,4150.4,13882.0,real_delta_india
2026-06-21T00:00:00+00:00,4150.1,4151.4,4149.8,4149.8,16339.0,real_delta_india
2026-06-21T01:00:00+00:00,4149.3,4150.8,4149.1,4150.2,12536.0,real_delta_india
2026-06-21T02:00:00+00:00,4150.2,4153.1,4150.2,4152.66,23453.0,real_delta_india
2026-06-21T03:00:00+00:00,4152.66,4155.3,4152.66,4154.5,58672.0,real_delta_india
2026-06-21T04:00:00+00:00,4154.3,4155.5,4152.0,4152.1,45979.0,real_delta_india
2026-06-21T05:00:00+00:00,4152.1,4159.6,4151.6,4158.3,84891.0,real_delta_india
2026-06-21T06:00:00+00:00,4158.5,4162.3,4156.1,4159.5,244121.0,real_delta_india
2026-06-21T07:00:00+00:00,4159.7,4160.6,4156.6,4156.8,86446.0,real_delta_india
2026-06-21T08:00:00+00:00,4156.7,4160.0,4152.8,4155.1,109346.0,real_delta_india
2026-06-21T09:00:00+00:00,4155.1,4159.0,4151.4,4158.0,115988.0,real_delta_india
2026-06-21T10:00:00+00:00,4158.0,4159.0,4155.4,4157.8,28153.0,real_delta_india
2026-06-21T11:00:00+00:00,4157.8,4158.9,4153.2,4153.3,76719.0,real_delta_india
2026-06-21T12:00:00+00:00,4153.3,4157.8,4152.5,4157.8,56031.0,real_delta_india
2026-06-21T13:00:00+00:00,4157.6,4160.5,4156.2,4158.6,83750.0,real_delta_india
2026-06-21T14:00:00+00:00,4158.4,4159.9,4154.7,4156.7,57868.0,real_delta_india
2026-06-21T15:00:00+00:00,4156.6,4160.5,4156.4,4158.9,108749.0,real_delta_india
2026-06-21T16:00:00+00:00,4159.1,4159.3,4155.9,4156.3,102494.0,real_delta_india
2026-06-21T17:00:00+00:00,4156.3,4159.4,4155.2,4159.2,77465.0,real_delta_india
2026-06-21T18:00:00+00:00,4159.4,4159.4,4154.4,4156.5,80930.0,real_delta_india
2026-06-21T19:00:00+00:00,4156.7,4160.5,4155.6,4158.6,89102.0,real_delta_india
2026-06-21T20:00:00+00:00,4158.6,4158.8,4155.4,4155.6,48835.0,real_delta_india
2026-06-21T21:00:00+00:00,4155.0,4156.2,4150.8,4153.2,65180.0,real_delta_india
2026-06-21T22:00:00+00:00,4150.4,4153.4,4135.9,4149.6,1098547.0,real_delta_india
2026-06-21T23:00:00+00:00,4149.5,4157.8,4130.0,4132.9,340625.0,real_delta_india
2026-06-22T00:00:00+00:00,4133.6,4193.4,4133.6,4192.7,962441.0,real_delta_india
2026-06-22T01:00:00+00:00,4194.24,4213.0,4183.3,4184.9,1272027.0,real_delta_india
2026-06-22T02:00:00+00:00,4184.7,4194.4,4177.8,4183.2,704887.0,real_delta_india
2026-06-22T03:00:00+00:00,4183.8,4184.5,4165.7,4166.2,967800.0,real_delta_india
2026-06-22T04:00:00+00:00,4166.2,4177.6,4166.0,4177.3,681317.0,real_delta_india
2026-06-22T05:00:00+00:00,4177.3,4192.6,4175.1,4187.6,1102392.0,real_delta_india
2026-06-22T06:00:00+00:00,4187.3,4200.7,4185.2,4191.4,937632.0,real_delta_india
2026-06-22T07:00:00+00:00,4191.8,4194.5,4181.6,4183.9,1107086.0,real_delta_india
2026-06-22T08:00:00+00:00,4184.0,4190.8,4181.9,4190.6,821211.0,real_delta_india
2026-06-22T09:00:00+00:00,4191.0,4202.81,4189.4,4200.9,1181896.0,real_delta_india
2026-06-22T10:00:00+00:00,4201.1,4207.3,4196.2,4196.5,1022269.0,real_delta_india
2026-06-22T11:00:00+00:00,4197.1,4208.4,4194.4,4200.3,1278075.0,real_delta_india
2026-06-22T12:00:00+00:00,4200.0,4204.4,4184.6,4185.9,1786540.0,real_delta_india
2026-06-22T13:00:00+00:00,4185.9,4198.2,4176.2,4193.6,2795973.0,real_delta_india
2026-06-22T14:00:00+00:00,4193.5,4203.1,4179.6,4190.4,2262448.0,real_delta_india
2026-06-22T15:00:00+00:00,4190.0,4192.9,4162.4,4174.2,2227205.0,real_delta_india
2026-06-22T16:00:00+00:00,4175.2,4186.0,4166.6,4182.7,1113239.0,real_delta_india
2026-06-22T17:00:00+00:00,4182.75,4184.0,4169.3,4175.2,956230.0,real_delta_india
2026-06-22T18:00:00+00:00,4175.7,4184.4,4174.7,4183.0,388036.0,real_delta_india
2026-06-22T19:00:00+00:00,4183.5,4185.8,4176.35,4182.8,323081.0,real_delta_india
2026-06-22T20:00:00+00:00,4183.2,4185.9,4180.8,4183.5,97371.0,real_delta_india
2026-06-22T21:00:00+00:00,4184.6,4185.1,4175.9,4180.1,60974.0,real_delta_india
2026-06-22T22:00:00+00:00,4182.92,4185.1,4180.0,4181.7,64169.0,real_delta_india
2026-06-22T23:00:00+00:00,4181.8,4187.4,4179.0,4179.7,196157.0,real_delta_india
2026-06-23T00:00:00+00:00,4179.0,4186.7,4170.0,4185.3,408739.0,real_delta_india
2026-06-23T01:00:00+00:00,4184.5,4189.7,4142.4,4154.5,1514620.0,real_delta_india
2026-06-23T02:00:00+00:00,4155.0,4156.1,4139.3,4140.2,946110.0,real_delta_india
2026-06-23T03:00:00+00:00,4140.5,4141.7,4123.7,4138.2,1423695.0,real_delta_india
2026-06-23T04:00:00+00:00,4138.4,4140.8,4109.1,4112.0,1542585.0,real_delta_india
2026-06-23T05:00:00+00:00,4112.3,4131.0,4109.7,4113.7,1749342.0,real_delta_india
2026-06-23T06:00:00+00:00,4114.83,4119.0,4102.5,4107.7,1666069.0,real_delta_india
2026-06-23T07:00:00+00:00,4107.5,4118.5,4090.8,4093.5,1812066.0,real_delta_india
2026-06-23T08:00:00+00:00,4092.9,4105.6,4086.0,4099.17,1627635.0,real_delta_india
2026-06-23T09:00:00+00:00,4099.17,4114.6,4098.1,4114.4,1105058.0,real_delta_india
2026-06-23T10:00:00+00:00,4115.0,4126.3,4111.5,4112.1,1492390.0,real_delta_india
2026-06-23T11:00:00+00:00,4112.1,4124.0,4109.9,4115.0,1367053.0,real_delta_india
2026-06-23T12:00:00+00:00,4114.5,4118.8,4103.3,4104.0,1797268.0,real_delta_india
2026-06-23T13:00:00+00:00,4104.0,4132.3,4096.0,4128.6,2842967.0,real_delta_india
2026-06-23T14:00:00+00:00,4127.7,4136.5,4113.9,4121.3,2311412.0,real_delta_india
2026-06-23T15:00:00+00:00,4121.1,4131.3,4114.0,4128.53,1769046.0,real_delta_india
2026-06-23T16:00:00+00:00,4128.6,4133.0,4120.6,4123.9,992087.0,real_delta_india
2026-06-23T17:00:00+00:00,4123.2,4128.6,4117.3,4119.2,868356.0,real_delta_india
2026-06-23T18:00:00+00:00,4118.7,4120.9,4103.6,4107.6,884799.0,real_delta_india
2026-06-23T19:00:00+00:00,4107.6,4116.2,4103.7,4103.7,511551.0,real_delta_india
2026-06-23T20:00:00+00:00,4103.3,4104.8,4099.2,4103.6,345520.0,real_delta_india
2026-06-23T21:00:00+00:00,4104.7,4113.9,4104.7,4109.8,175708.0,real_delta_india
2026-06-23T22:00:00+00:00,4109.3,4109.3,4090.9,4096.9,270102.0,real_delta_india
2026-06-23T23:00:00+00:00,4095.71,4095.71,4074.4,4092.0,616525.0,real_delta_india
2026-06-24T00:00:00+00:00,4092.6,4104.3,4087.6,4092.6,654829.0,real_delta_india
2026-06-24T01:00:00+00:00,4090.3,4096.0,4063.2,4084.1,1577681.0,real_delta_india
2026-06-24T02:00:00+00:00,4084.1,4090.1,4048.7,4057.5,1720806.0,real_delta_india
2026-06-24T03:00:00+00:00,4057.29,4067.1,4047.1,4058.9,1276364.0,real_delta_india
2026-06-24T04:00:00+00:00,4059.1,4064.8,4051.3,4063.1,734618.0,real_delta_india
2026-06-24T05:00:00+00:00,4063.1,4083.3,4058.5,4072.5,1365523.0,real_delta_india
2026-06-24T06:00:00+00:00,4074.2,4093.8,4074.2,4083.3,1482310.0,real_delta_india
2026-06-24T07:00:00+00:00,4083.4,4087.0,4070.1,4070.2,1205729.0,real_delta_india
2026-06-24T08:00:00+00:00,4071.0,4084.3,4069.55,4072.78,1096821.0,real_delta_india
2026-06-24T09:00:00+00:00,4073.0,4076.2,4061.4,4062.3,1519608.0,real_delta_india
2026-06-24T10:00:00+00:00,4062.3,4065.6,4053.0,4054.6,1648509.0,real_delta_india
2026-06-24T11:00:00+00:00,4054.5,4057.2,4036.2,4045.2,2517396.0,real_delta_india
2026-06-24T12:00:00+00:00,4046.5,4047.5,3988.5,3988.7,5498244.0,real_delta_india
2026-06-24T13:00:00+00:00,3989.0,4038.3,3966.7,4033.9,6375077.0,real_delta_india
2026-06-24T14:00:00+00:00,4034.3,4037.3,4000.0,4006.0,3583063.0,real_delta_india
2026-06-24T15:00:00+00:00,4006.0,4013.5,3995.1,3998.9,2265981.0,real_delta_india
2026-06-24T16:00:00+00:00,3999.1,4019.5,3992.0,4002.2,2211990.0,real_delta_india
2026-06-24T17:00:00+00:00,4002.2,4007.3,3968.5,3969.0,2572666.0,real_delta_india
2026-06-24T18:00:00+00:00,3969.1,3991.3,3954.6,3978.0,2685571.0,real_delta_india
2026-06-24T19:00:00+00:00,3978.6,3989.0,3969.8,3986.8,684018.0,real_delta_india
2026-06-24T20:00:00+00:00,3985.3,4001.9,3983.2,3999.2,605553.0,real_delta_india
2026-06-24T21:00:00+00:00,3998.2,4008.3,3997.9,4007.7,217226.0,real_delta_india
2026-06-24T22:00:00+00:00,4007.7,4007.7,3992.7,3995.3,206634.0,real_delta_india
2026-06-24T23:00:00+00:00,3995.3,4017.2,3990.8,4010.6,345606.0,real_delta_india
2026-06-25T00:00:00+00:00,4010.6,4015.5,3977.0,3990.3,993971.0,real_delta_india
2026-06-25T01:00:00+00:00,3990.0,4003.8,3971.9,3975.9,1072701.0,real_delta_india
2026-06-25T02:00:00+00:00,3976.2,3989.9,3962.9,3983.2,1131523.0,real_delta_india
2026-06-25T03:00:00+00:00,3982.4,3999.6,3966.4,3994.1,999237.0,real_delta_india
2026-06-25T04:00:00+00:00,3994.3,3996.5,3982.1,3995.2,856023.0,real_delta_india
2026-06-25T05:00:00+00:00,3994.9,3999.9,3980.0,3985.8,1561747.0,real_delta_india
2026-06-25T06:00:00+00:00,3985.7,3987.8,3973.7,3977.4,1117283.0,real_delta_india
2026-06-25T07:00:00+00:00,3976.9,3989.1,3971.7,3987.7,1223168.0,real_delta_india
2026-06-25T08:00:00+00:00,3987.1,4001.5,3984.4,3988.7,1427729.0,real_delta_india
2026-06-25T09:00:00+00:00,3989.0,3996.9,3987.0,3987.6,508806.0,real_delta_india
2026-06-25T10:00:00+00:00,3987.3,3989.0,3980.9,3983.6,749512.0,real_delta_india
2026-06-25T11:00:00+00:00,3983.8,3986.9,3973.7,3979.4,969251.0,real_delta_india
2026-06-25T12:00:00+00:00,3980.2,4018.2,3978.0,4010.5,3278216.0,real_delta_india
2026-06-25T13:00:00+00:00,4011.64,4032.9,3996.7,3997.3,5095172.0,real_delta_india
2026-06-25T14:00:00+00:00,3997.8,4026.0,3995.1,4008.3,2528400.0,real_delta_india
2026-06-25T15:00:00+00:00,4008.8,4038.31,4001.0,4036.7,2817000.0,real_delta_india
2026-06-25T16:00:00+00:00,4037.3,4040.6,4019.4,4024.6,2269284.0,real_delta_india
2026-06-25T17:00:00+00:00,4024.4,4032.8,4022.6,4030.8,970538.0,real_delta_india
2026-06-25T18:00:00+00:00,4031.3,4039.7,4022.2,4030.3,1021235.0,real_delta_india
2026-06-25T19:00:00+00:00,4030.7,4038.9,4017.5,4022.6,476082.0,real_delta_india
2026-06-25T20:00:00+00:00,4022.2,4030.3,4018.6,4021.7,207003.0,real_delta_india
2026-06-25T21:00:00+00:00,4021.4,4027.2,4019.9,4025.3,54576.0,real_delta_india
2026-06-25T22:00:00+00:00,4026.0,4030.6,4014.5,4020.9,202292.0,real_delta_india
2026-06-25T23:00:00+00:00,4021.3,4025.5,4008.7,4009.9,213780.0,real_delta_india
2026-06-26T00:00:00+00:00,4009.8,4020.1,4007.2,4016.0,366653.0,real_delta_india
2026-06-26T01:00:00+00:00,4015.2,4024.3,4010.1,4016.9,358397.0,real_delta_india
2026-06-26T02:00:00+00:00,4017.4,4019.4,3978.9,3986.9,1584634.0,real_delta_india
2026-06-26T03:00:00+00:00,3986.5,4001.87,3982.79,4000.0,1026615.0,real_delta_india
2026-06-26T04:00:00+00:00,3999.8,4009.5,3995.0,4006.1,995865.0,real_delta_india
2026-06-26T05:00:00+00:00,4006.1,4017.2,4001.3,4003.8,1338444.0,real_delta_india
2026-06-26T06:00:00+00:00,4003.8,4029.1,4001.9,4028.7,1764228.0,real_delta_india
2026-06-26T07:00:00+00:00,4026.8,4035.7,4023.7,4026.8,1199763.0,real_delta_india
2026-06-26T08:00:00+00:00,4026.6,4032.9,4021.1,4025.9,1023506.0,real_delta_india
2026-06-26T09:00:00+00:00,4025.8,4048.7,4025.0,4041.8,1946866.0,real_delta_india
2026-06-26T10:00:00+00:00,4042.0,4048.6,4036.3,4048.6,1360785.0,real_delta_india
2026-06-26T11:00:00+00:00,4048.6,4049.2,4035.4,4038.3,1593326.0,real_delta_india
2026-06-26T12:00:00+00:00,4038.3,4054.5,4028.1,4052.4,2742176.0,real_delta_india
2026-06-26T13:00:00+00:00,4053.0,4071.6,4036.6,4068.6,3863991.0,real_delta_india
2026-06-26T14:00:00+00:00,4069.7,4086.4,4062.7,4073.8,2936162.0,real_delta_india
2026-06-26T15:00:00+00:00,4074.0,4088.5,4068.8,4083.3,1753087.0,real_delta_india
2026-06-26T16:00:00+00:00,4083.6,4085.9,4074.6,4076.9,960921.0,real_delta_india
2026-06-26T17:00:00+00:00,4076.9,4079.6,4065.7,4067.0,1000283.0,real_delta_india
2026-06-26T18:00:00+00:00,4067.3,4071.7,4059.7,4060.4,919019.0,real_delta_india
2026-06-26T19:00:00+00:00,4060.4,4067.5,4058.0,4064.73,531750.0,real_delta_india
2026-06-26T20:00:00+00:00,4064.8,4082.3,4058.7,4081.0,344902.0,real_delta_india
2026-06-26T21:00:00+00:00,4080.5,4080.5,4074.9,4076.0,200352.0,real_delta_india
2026-06-26T22:00:00+00:00,4075.8,4080.2,4073.9,4077.8,79785.0,real_delta_india
2026-06-26T23:00:00+00:00,4077.6,4080.9,4076.6,4079.0,70839.0,real_delta_india
2026-06-27T00:00:00+00:00,4079.0,4080.7,4073.8,4074.6,76774.0,real_delta_india
2026-06-27T01:00:00+00:00,4074.1,4079.6,4074.1,4077.8,86866.0,real_delta_india
2026-06-27T02:00:00+00:00,4077.8,4078.8,4075.8,4076.8,82949.0,real_delta_india
2026-06-27T03:00:00+00:00,4076.6,4079.8,4076.3,4077.0,62853.0,real_delta_india
2026-06-27T04:00:00+00:00,4076.8,4080.1,4074.8,4074.9,126537.0,real_delta_india
2026-06-27T05:00:00+00:00,4074.9,4076.5,4074.6,4075.5,77118.0,real_delta_india
2026-06-27T06:00:00+00:00,4075.7,4079.7,4075.3,4079.0,94809.0,real_delta_india
2026-06-27T07:00:00+00:00,4079.0,4079.5,4076.3,4077.9,81969.0,real_delta_india
2026-06-27T08:00:00+00:00,4077.6,4078.6,4077.0,4077.3,80280.0,real_delta_india
2026-06-27T09:00:00+00:00,4077.5,4078.2,4076.9,4077.5,92766.0,real_delta_india
2026-06-27T10:00:00+00:00,4077.2,4078.6,4077.2,4077.9,46721.0,real_delta_india
2026-06-27T11:00:00+00:00,4077.71,4078.8,4075.5,4077.9,150369.0,real_delta_india
2026-06-27T12:00:00+00:00,4078.1,4078.7,4075.4,4076.1,184935.0,real_delta_india
2026-06-27T13:00:00+00:00,4076.3,4078.3,4075.1,4077.6,90786.0,real_delta_india
2026-06-27T14:00:00+00:00,4077.8,4078.3,4075.7,4075.7,78539.0,real_delta_india
2026-06-27T15:00:00+00:00,4075.7,4078.7,4075.7,4077.3,132850.0,real_delta_india
2026-06-27T16:00:00+00:00,4077.2,4078.6,4076.6,4078.3,36489.0,real_delta_india
2026-06-27T17:00:00+00:00,4078.1,4078.1,4070.6,4073.8,243900.0,real_delta_india
2026-06-27T18:00:00+00:00,4073.2,4074.9,4071.3,4072.1,119390.0,real_delta_india
2026-06-27T19:00:00+00:00,4072.87,4073.7,4068.0,4069.7,108786.0,real_delta_india
2026-06-27T20:00:00+00:00,4069.9,4073.13,4069.7,4071.9,20323.0,real_delta_india
2026-06-27T21:00:00+00:00,4073.13,4077.4,4071.5,4071.9,38017.0,real_delta_india
2026-06-27T22:00:00+00:00,4072.2,4073.2,4069.4,4073.2,14115.0,real_delta_india
2026-06-27T23:00:00+00:00,4073.4,4074.5,4069.4,4072.4,16168.0,real_delta_india
2026-06-28T00:00:00+00:00,4072.4,4075.1,4072.4,4074.2,11845.0,real_delta_india
2026-06-28T01:00:00+00:00,4075.1,4075.2,4072.8,4074.4,25075.0,real_delta_india
2026-06-28T02:00:00+00:00,4074.6,4075.6,4073.8,4074.6,18202.0,real_delta_india
2026-06-28T03:00:00+00:00,4075.0,4075.8,4072.1,4072.8,50594.0,real_delta_india
2026-06-28T04:00:00+00:00,4072.8,4074.2,4072.6,4073.6,43972.0,real_delta_india
2026-06-28T05:00:00+00:00,4073.8,4074.7,4071.7,4073.8,28057.0,real_delta_india
2026-06-28T06:00:00+00:00,4074.0,4075.2,4069.1,4069.5,99003.0,real_delta_india
2026-06-28T07:00:00+00:00,4069.5,4073.8,4069.43,4071.9,118763.0,real_delta_india
2026-06-28T08:00:00+00:00,4072.1,4074.6,4071.6,4074.2,65309.0,real_delta_india
2026-06-28T09:00:00+00:00,4074.3,4074.8,4072.5,4074.7,52297.0,real_delta_india
2026-06-28T10:00:00+00:00,4074.5,4075.6,4072.3,4072.4,26764.0,real_delta_india
2026-06-28T11:00:00+00:00,4072.4,4073.6,4070.6,4071.8,69477.0,real_delta_india
2026-06-28T12:00:00+00:00,4071.8,4074.3,4071.8,4074.0,19470.0,real_delta_india
2026-06-28T13:00:00+00:00,4073.0,4073.6,4071.4,4072.5,28510.0,real_delta_india
2026-06-28T14:00:00+00:00,4072.5,4072.8,4069.1,4070.4,46608.0,real_delta_india
2026-06-28T15:00:00+00:00,4069.5,4071.5,4069.5,4071.1,36709.0,real_delta_india
2026-06-28T16:00:00+00:00,4070.9,4071.5,4069.5,4070.5,51766.0,real_delta_india
2026-06-28T17:00:00+00:00,4070.2,4072.7,4067.6,4071.7,266418.0,real_delta_india
2026-06-28T18:00:00+00:00,4071.7,4071.8,4070.3,4071.6,61080.0,real_delta_india
2026-06-28T19:00:00+00:00,4070.3,4072.2,4068.9,4071.0,36717.0,real_delta_india
2026-06-28T20:00:00+00:00,4071.2,4075.4,4071.2,4074.4,45008.0,real_delta_india
2026-06-28T21:00:00+00:00,4074.5,4075.9,4069.1,4074.0,116800.0,real_delta_india
2026-06-28T22:00:00+00:00,4074.23,4078.36,4046.63,4057.6,450475.0,real_delta_india
2026-06-28T23:00:00+00:00,4058.0,4062.5,4045.4,4056.0,308420.0,real_delta_india
2026-06-29T00:00:00+00:00,4055.8,4066.47,4041.9,4064.6,524983.0,real_delta_india
2026-06-29T01:00:00+00:00,4062.37,4067.8,4047.9,4054.9,808785.0,real_delta_india
2026-06-29T02:00:00+00:00,4054.9,4064.1,4052.8,4059.9,503646.0,real_delta_india
2026-06-29T03:00:00+00:00,4059.1,4069.4,4058.8,4062.2,505988.0,real_delta_india
2026-06-29T04:00:00+00:00,4062.6,4062.6,4043.2,4045.4,663996.0,real_delta_india
2026-06-29T05:00:00+00:00,4045.4,4050.8,4032.95,4048.4,1295832.0,real_delta_india
2026-06-29T06:00:00+00:00,4048.5,4057.9,4047.85,4055.3,978342.0,real_delta_india
2026-06-29T07:00:00+00:00,4055.5,4061.3,4049.5,4054.7,626621.0,real_delta_india
2026-06-29T08:00:00+00:00,4054.7,4058.73,4037.5,4040.4,904115.0,real_delta_india
2026-06-29T09:00:00+00:00,4041.55,4048.7,4020.0,4026.5,1658379.0,real_delta_india
2026-06-29T10:00:00+00:00,4026.5,4034.3,4022.7,4031.4,978005.0,real_delta_india
2026-06-29T11:00:00+00:00,4031.7,4038.1,4022.1,4035.2,1097382.0,real_delta_india
2026-06-29T12:00:00+00:00,4035.2,4046.3,4032.1,4037.7,2364735.0,real_delta_india
2026-06-29T13:00:00+00:00,4038.5,4045.8,4022.3,4026.8,2014513.0,real_delta_india
2026-06-29T14:00:00+00:00,4027.4,4029.57,3995.84,4019.5,2936090.0,real_delta_india
2026-06-29T15:00:00+00:00,4019.6,4025.3,4009.4,4022.2,1420991.0,real_delta_india
2026-06-29T16:00:00+00:00,4022.0,4023.7,4012.7,4018.3,989616.0,real_delta_india
2026-06-29T17:00:00+00:00,4018.7,4027.0,4015.8,4016.6,1151919.0,real_delta_india
2026-06-29T18:00:00+00:00,4016.8,4020.7,4007.3,4008.5,925434.0,real_delta_india
2026-06-29T19:00:00+00:00,4008.5,4015.4,4002.0,4012.6,705902.0,real_delta_india
2026-06-29T20:00:00+00:00,4011.5,4014.3,4009.4,4013.5,146357.0,real_delta_india
2026-06-29T21:00:00+00:00,4013.2,4018.5,4011.9,4015.4,67320.0,real_delta_india
2026-06-29T22:00:00+00:00,4015.0,4016.5,4004.67,4008.7,130486.0,real_delta_india
2026-06-29T23:00:00+00:00,4009.2,4015.97,4008.3,4010.2,99488.0,real_delta_india
2026-06-30T00:00:00+00:00,4009.2,4009.25,3976.4,3983.7,1374830.0,real_delta_india
2026-06-30T01:00:00+00:00,3980.3,3980.7,3941.2,3964.1,2223844.0,real_delta_india
2026-06-30T02:00:00+00:00,3966.0,3969.3,3950.0,3960.1,1236592.0,real_delta_india
2026-06-30T03:00:00+00:00,3961.7,3968.8,3958.5,3966.2,597229.0,real_delta_india
2026-06-30T04:00:00+00:00,3966.5,3996.0,3966.2,3983.6,1612853.0,real_delta_india
2026-06-30T05:00:00+00:00,3983.6,3987.9,3972.1,3975.2,1132062.0,real_delta_india
2026-06-30T06:00:00+00:00,3975.7,4029.6,3975.6,4026.4,2656080.0,real_delta_india
2026-06-30T07:00:00+00:00,4025.9,4030.1,4019.4,4026.4,956467.0,real_delta_india
2026-06-30T08:00:00+00:00,4026.3,4032.1,4008.6,4010.5,1699314.0,real_delta_india
2026-06-30T09:00:00+00:00,4010.5,4019.3,4007.3,4019.3,1115298.0,real_delta_india
2026-06-30T10:00:00+00:00,4019.5,4027.3,4017.8,4025.4,1049623.0,real_delta_india
2026-06-30T11:00:00+00:00,4025.4,4032.0,4020.1,4028.0,1309099.0,real_delta_india
2026-06-30T12:00:00+00:00,4028.1,4028.7,4002.9,4004.9,2765881.0,real_delta_india
2026-06-30T13:00:00+00:00,4005.0,4029.5,4004.0,4025.4,3010844.0,real_delta_india
2026-06-30T14:00:00+00:00,4023.97,4058.6,4020.4,4033.0,3586081.0,real_delta_india
2026-06-30T15:00:00+00:00,4032.6,4034.4,4017.0,4025.0,2502009.0,real_delta_india
2026-06-30T16:00:00+00:00,4025.0,4028.6,4020.4,4021.0,1489180.0,real_delta_india
2026-06-30T17:00:00+00:00,4020.8,4026.3,4014.9,4024.8,1813605.0,real_delta_india
2026-06-30T18:00:00+00:00,4025.2,4028.6,4022.2,4023.5,616989.0,real_delta_india
2026-06-30T19:00:00+00:00,4023.5,4023.8,4010.2,4011.7,675905.0,real_delta_india
2026-06-30T20:00:00+00:00,4011.4,4015.4,4002.2,4003.4,522952.0,real_delta_india
2026-06-30T21:00:00+00:00,4004.3,4008.2,4000.7,4008.1,220057.0,real_delta_india
2026-06-30T22:00:00+00:00,4007.7,4011.6,4005.7,4006.5,371723.0,real_delta_india
2026-06-30T23:00:00+00:00,4007.18,4012.1,4000.1,4000.4,370733.0,real_delta_india
2026-07-01T00:00:00+00:00,4000.4,4004.4,3987.6,3991.4,1077292.0,real_delta_india
2026-07-01T01:00:00+00:00,3990.0,3993.0,3971.0,3974.6,1669414.0,real_delta_india
2026-07-01T02:00:00+00:00,3974.6,3982.5,3966.9,3977.2,1335944.0,real_delta_india
2026-07-01T03:00:00+00:00,3976.8,3985.7,3973.6,3979.0,1042629.0,real_delta_india
2026-07-01T04:00:00+00:00,3979.4,3980.6,3972.0,3977.7,1023287.0,real_delta_india
2026-07-01T05:00:00+00:00,3977.11,3979.0,3969.1,3975.1,1103168.0,real_delta_india
2026-07-01T06:00:00+00:00,3975.0,3977.0,3961.2,3969.8,2091458.0,real_delta_india
2026-07-01T07:00:00+00:00,3970.0,3975.63,3957.7,3973.8,1965029.0,real_delta_india
2026-07-01T08:00:00+00:00,3973.51,3980.9,3968.0,3972.2,1293281.0,real_delta_india
2026-07-01T09:00:00+00:00,3972.1,3983.4,3970.7,3982.8,776538.0,real_delta_india
2026-07-01T10:00:00+00:00,3982.6,3995.1,3978.0,3994.1,1746968.0,real_delta_india
2026-07-01T11:00:00+00:00,3994.81,4029.7,3994.81,4024.7,2959024.0,real_delta_india
2026-07-01T12:00:00+00:00,4025.6,4027.9,4014.1,4018.5,2058319.0,real_delta_india
2026-07-01T13:00:00+00:00,4018.7,4099.6,4007.2,4081.2,6317902.0,real_delta_india
2026-07-01T14:00:00+00:00,4081.83,4106.8,4073.2,4084.9,4264138.0,real_delta_india
2026-07-01T15:00:00+00:00,4084.7,4085.7,4068.9,4073.0,2327857.0,real_delta_india
2026-07-01T16:00:00+00:00,4073.6,4080.2,4060.9,4061.6,2061480.0,real_delta_india
2026-07-01T17:00:00+00:00,4062.0,4064.4,4058.0,4060.1,1429152.0,real_delta_india
2026-07-01T18:00:00+00:00,4060.1,4062.6,4050.4,4054.1,1122035.0,real_delta_india
2026-07-01T19:00:00+00:00,4053.9,4060.5,4028.6,4032.6,1229572.0,real_delta_india
2026-07-01T20:00:00+00:00,4032.9,4034.6,4022.5,4027.4,564224.0,real_delta_india
2026-07-01T21:00:00+00:00,4027.9,4034.7,4027.6,4034.3,179321.0,real_delta_india
2026-07-01T22:00:00+00:00,4033.4,4040.5,4030.1,4040.5,242254.0,real_delta_india
2026-07-01T23:00:00+00:00,4040.1,4040.3,4027.1,4028.8,320466.0,real_delta_india
2026-07-02T00:00:00+00:00,4029.2,4047.7,4025.2,4047.0,768522.0,real_delta_india
2026-07-02T01:00:00+00:00,4046.6,4062.8,4040.5,4045.2,1007105.0,real_delta_india
2026-07-02T02:00:00+00:00,4044.9,4057.1,4036.5,4054.0,1010461.0,real_delta_india
2026-07-02T03:00:00+00:00,4054.0,4069.3,4051.3,4065.0,1120169.0,real_delta_india
2026-07-02T04:00:00+00:00,4065.0,4067.7,4055.4,4055.8,793218.0,real_delta_india
2026-07-02T05:00:00+00:00,4055.8,4063.2,4047.8,4061.6,1681159.0,real_delta_india
2026-07-02T06:00:00+00:00,4061.7,4074.8,4060.9,4067.7,1835828.0,real_delta_india
2026-07-02T07:00:00+00:00,4067.6,4069.9,4055.4,4059.3,1431703.0,real_delta_india
2026-07-02T08:00:00+00:00,4059.3,4075.4,4056.7,4071.5,1248439.0,real_delta_india
2026-07-02T09:00:00+00:00,4071.67,4072.9,4059.0,4061.7,1053912.0,real_delta_india
2026-07-02T10:00:00+00:00,4061.8,4064.8,4056.2,4063.2,1211000.0,real_delta_india
2026-07-02T11:00:00+00:00,4063.2,4067.8,4053.0,4062.1,1773909.0,real_delta_india
2026-07-02T12:00:00+00:00,4062.0,4134.0,4057.5,4109.9,6088222.0,real_delta_india
2026-07-02T13:00:00+00:00,4111.67,4135.5,4102.2,4127.6,3958208.0,real_delta_india
2026-07-02T14:00:00+00:00,4128.0,4128.6,4106.2,4120.7,3194470.0,real_delta_india
2026-07-02T15:00:00+00:00,4120.7,4123.17,4106.5,4120.3,1531942.0,real_delta_india
2026-07-02T16:00:00+00:00,4120.5,4121.6,4092.4,4109.5,3022713.0,real_delta_india
2026-07-02T17:00:00+00:00,4109.6,4112.1,4097.5,4098.5,1554330.0,real_delta_india
2026-07-02T18:00:00+00:00,4098.5,4118.9,4098.2,4113.7,1558747.0,real_delta_india
2026-07-02T19:00:00+00:00,4114.0,4116.0,4101.0,4113.6,753264.0,real_delta_india
2026-07-02T20:00:00+00:00,4113.3,4117.6,4109.5,4116.6,175943.0,real_delta_india
2026-07-02T21:00:00+00:00,4115.4,4117.4,4115.0,4117.4,61170.0,real_delta_india
2026-07-02T22:00:00+00:00,4117.4,4119.7,4115.4,4117.2,124839.0,real_delta_india
2026-07-02T23:00:00+00:00,4116.9,4125.0,4115.1,4120.6,229792.0,real_delta_india
2026-07-03T00:00:00+00:00,4119.6,4143.2,4117.1,4140.2,1006068.0,real_delta_india
2026-07-03T01:00:00+00:00,4140.2,4185.4,4139.6,4171.9,2432624.0,real_delta_india
2026-07-03T02:00:00+00:00,4171.6,4176.3,4166.1,4173.4,588205.0,real_delta_india
2026-07-03T03:00:00+00:00,4173.5,4173.9,4163.8,4164.7,665862.0,real_delta_india
2026-07-03T04:00:00+00:00,4164.7,4172.5,4162.6,4167.3,813252.0,real_delta_india
2026-07-03T05:00:00+00:00,4167.3,4171.8,4158.2,4160.5,964527.0,real_delta_india
2026-07-03T06:00:00+00:00,4160.5,4164.1,4150.7,4162.5,1654273.0,real_delta_india
2026-07-03T07:00:00+00:00,4163.1,4172.0,4159.1,4166.4,1537523.0,real_delta_india
2026-07-03T08:00:00+00:00,4168.8,4176.9,4167.6,4170.9,1243546.0,real_delta_india
2026-07-03T09:00:00+00:00,4171.1,4172.3,4159.5,4163.6,1295640.0,real_delta_india
2026-07-03T10:00:00+00:00,4163.5,4172.1,4161.9,4168.0,892815.0,real_delta_india
2026-07-03T11:00:00+00:00,4167.9,4176.2,4166.6,4170.9,1177587.0,real_delta_india
2026-07-03T12:00:00+00:00,4170.9,4173.9,4163.1,4168.0,1804280.0,real_delta_india
2026-07-03T13:00:00+00:00,4169.33,4171.3,4155.2,4156.2,1703581.0,real_delta_india
2026-07-03T14:00:00+00:00,4156.2,4162.5,4146.1,4161.9,1921266.0,real_delta_india
2026-07-03T15:00:00+00:00,4161.6,4165.4,4155.5,4156.2,1024867.0,real_delta_india
2026-07-03T16:00:00+00:00,4156.0,4167.4,4152.6,4165.8,1251178.0,real_delta_india
2026-07-03T17:00:00+00:00,4165.0,4166.8,4164.2,4165.3,390294.0,real_delta_india
2026-07-03T18:00:00+00:00,4165.3,4166.8,4164.1,4166.3,208714.0,real_delta_india
2026-07-03T19:00:00+00:00,4166.3,4168.6,4165.7,4167.0,130641.0,real_delta_india
2026-07-03T20:00:00+00:00,4167.2,4171.1,4167.2,4167.8,215544.0,real_delta_india
2026-07-03T21:00:00+00:00,4168.3,4170.1,4167.3,4169.3,44330.0,real_delta_india
2026-07-03T22:00:00+00:00,4169.3,4169.3,4163.7,4166.8,66498.0,real_delta_india
2026-07-03T23:00:00+00:00,4167.0,4168.4,4165.0,4165.0,30511.0,real_delta_india
2026-07-04T00:00:00+00:00,4165.0,4166.1,4154.8,4157.3,300624.0,real_delta_india
2026-07-04T01:00:00+00:00,4157.3,4160.0,4155.9,4159.6,132895.0,real_delta_india
2026-07-04T02:00:00+00:00,4159.6,4160.0,4159.0,4159.9,62396.0,real_delta_india
2026-07-04T03:00:00+00:00,4159.7,4163.0,4159.7,4162.09,92772.0,real_delta_india
2026-07-04T04:00:00+00:00,4162.09,4163.2,4161.5,4162.7,81717.0,real_delta_india
2026-07-04T05:00:00+00:00,4162.9,4162.9,4158.3,4158.8,163310.0,real_delta_india
2026-07-04T06:00:00+00:00,4158.8,4160.5,4158.3,4160.0,59462.0,real_delta_india
2026-07-04T07:00:00+00:00,4160.2,4160.9,4159.6,4160.1,57565.0,real_delta_india
2026-07-04T08:00:00+00:00,4160.4,4164.9,4160.4,4162.1,177537.0,real_delta_india
2026-07-04T09:00:00+00:00,4162.1,4167.58,4162.1,4165.5,230326.0,real_delta_india
2026-07-04T10:00:00+00:00,4165.7,4166.2,4165.4,4165.8,47846.0,real_delta_india
2026-07-04T11:00:00+00:00,4166.0,4166.0,4161.9,4162.3,162373.0,real_delta_india
2026-07-04T12:00:00+00:00,4162.1,4163.0,4161.9,4162.7,58453.0,real_delta_india
2026-07-04T13:00:00+00:00,4162.7,4164.5,4161.6,4162.9,44501.0,real_delta_india
2026-07-04T14:00:00+00:00,4163.2,4163.6,4161.0,4162.7,80711.0,real_delta_india
2026-07-04T15:00:00+00:00,4162.8,4167.2,4162.7,4166.3,155984.0,real_delta_india
2026-07-04T16:00:00+00:00,4166.1,4166.3,4163.2,4163.4,62959.0,real_delta_india
2026-07-04T17:00:00+00:00,4163.6,4168.5,4161.7,4168.0,137046.0,real_delta_india
2026-07-04T18:00:00+00:00,4168.0,4168.0,4160.8,4162.0,86620.0,real_delta_india
2026-07-04T19:00:00+00:00,4161.8,4164.0,4160.3,4161.5,59642.0,real_delta_india
2026-07-04T20:00:00+00:00,4161.5,4164.2,4161.4,4163.3,19140.0,real_delta_india
2026-07-04T21:00:00+00:00,4163.5,4164.8,4161.8,4164.8,45155.0,real_delta_india
2026-07-04T22:00:00+00:00,4164.6,4165.3,4163.7,4164.3,7941.0,real_delta_india
2026-07-04T23:00:00+00:00,4164.5,4165.3,4162.1,4165.0,16698.0,real_delta_india
2026-07-05T00:00:00+00:00,4164.8,4164.8,4162.0,4162.0,26118.0,real_delta_india
2026-07-05T01:00:00+00:00,4162.0,4165.2,4161.9,4164.2,53691.0,real_delta_india
2026-07-05T02:00:00+00:00,4164.2,4164.3,4159.6,4160.0,91377.0,real_delta_india
2026-07-05T03:00:00+00:00,4160.0,4162.3,4160.0,4160.5,44816.0,real_delta_india
2026-07-05T04:00:00+00:00,4160.5,4162.9,4160.5,4162.7,36386.0,real_delta_india
2026-07-05T05:00:00+00:00,4162.7,4163.1,4161.7,4161.8,27919.0,real_delta_india
2026-07-05T06:00:00+00:00,4161.8,4163.3,4161.3,4162.8,34169.0,real_delta_india
2026-07-05T07:00:00+00:00,4163.1,4163.4,4161.5,4163.3,22730.0,real_delta_india
2026-07-05T08:00:00+00:00,4163.3,4164.1,4162.6,4163.8,40663.0,real_delta_india
2026-07-05T09:00:00+00:00,4164.0,4164.2,4162.2,4162.8,53319.0,real_delta_india
2026-07-05T10:00:00+00:00,4162.8,4165.1,4162.2,4164.9,72416.0,real_delta_india
2026-07-05T11:00:00+00:00,4164.9,4167.6,4164.9,4167.4,58772.0,real_delta_india
2026-07-05T12:00:00+00:00,4167.41,4167.9,4165.6,4166.4,70632.0,real_delta_india
2026-07-05T13:00:00+00:00,4166.1,4166.4,4163.9,4164.5,61108.0,real_delta_india
2026-07-05T14:00:00+00:00,4164.5,4165.6,4164.5,4165.4,21897.0,real_delta_india
2026-07-05T15:00:00+00:00,4165.1,4166.7,4164.0,4164.6,42851.0,real_delta_india
2026-07-05T16:00:00+00:00,4164.6,4165.4,4163.6,4165.1,87403.0,real_delta_india
2026-07-05T17:00:00+00:00,4165.3,4167.2,4164.8,4165.8,63149.0,real_delta_india
2026-07-05T18:00:00+00:00,4165.8,4166.7,4164.7,4166.0,38427.0,real_delta_india
2026-07-05T19:00:00+00:00,4166.3,4167.1,4165.7,4166.3,17374.0,real_delta_india
2026-07-05T20:00:00+00:00,4166.5,4173.1,4166.3,4171.4,79664.0,real_delta_india
2026-07-05T21:00:00+00:00,4171.3,4175.9,4170.5,4174.3,105182.0,real_delta_india
2026-07-05T22:00:00+00:00,4174.3,4182.4,4166.0,4180.1,259176.0,real_delta_india
2026-07-05T23:00:00+00:00,4180.1,4192.3,4169.7,4174.8,523697.0,real_delta_india
2026-07-06T00:00:00+00:00,4175.7,4180.4,4162.72,4172.3,664743.0,real_delta_india
2026-07-06T01:00:00+00:00,4171.7,4193.0,4164.6,4177.2,1045334.0,real_delta_india
2026-07-06T02:00:00+00:00,4177.4,4178.3,4160.2,4166.3,891085.0,real_delta_india
2026-07-06T03:00:00+00:00,4165.7,4167.8,4150.9,4156.3,995824.0,real_delta_india
2026-07-06T04:00:00+00:00,4156.4,4156.8,4148.6,4151.1,587027.0,real_delta_india
2026-07-06T05:00:00+00:00,4151.1,4152.1,4134.74,4137.5,1422969.0,real_delta_india
2026-07-06T06:00:00+00:00,4138.2,4150.0,4136.2,4141.7,996745.0,real_delta_india
2026-07-06T07:00:00+00:00,4140.8,4157.1,4138.1,4155.6,1091989.0,real_delta_india
2026-07-06T08:00:00+00:00,4155.5,4156.7,4138.3,4142.3,929573.0,real_delta_india
2026-07-06T09:00:00+00:00,4141.9,4142.3,4128.2,4135.9,1224652.0,real_delta_india
2026-07-06T10:00:00+00:00,4135.9,4147.3,4133.5,4145.8,1035218.0,real_delta_india
2026-07-06T11:00:00+00:00,4146.2,4151.1,4142.8,4146.0,908591.0,real_delta_india
2026-07-06T12:00:00+00:00,4145.7,4149.7,4122.9,4131.9,2383971.0,real_delta_india
2026-07-06T13:00:00+00:00,4131.9,4142.1,4128.42,4131.5,1954633.0,real_delta_india
2026-07-06T14:00:00+00:00,4132.4,4138.6,4120.5,4130.3,2148552.0,real_delta_india
2026-07-06T15:00:00+00:00,4130.4,4143.9,4129.2,4140.4,2240196.0,real_delta_india
2026-07-06T16:00:00+00:00,4140.4,4149.6,4132.4,4148.7,1925452.0,real_delta_india
2026-07-06T17:00:00+00:00,4148.7,4154.9,4143.4,4154.1,1512101.0,real_delta_india
2026-07-06T18:00:00+00:00,4154.1,4161.0,4148.1,4157.1,1307429.0,real_delta_india
2026-07-06T19:00:00+00:00,4156.9,4158.9,4151.8,4155.7,490997.0,real_delta_india
2026-07-06T20:00:00+00:00,4156.2,4157.7,4154.0,4157.3,132686.0,real_delta_india
2026-07-06T21:00:00+00:00,4156.5,4164.5,4156.2,4158.4,286370.0,real_delta_india
2026-07-06T22:00:00+00:00,4158.7,4159.7,4156.0,4156.1,133977.0,real_delta_india
2026-07-06T23:00:00+00:00,4156.2,4156.9,4147.4,4148.2,292162.0,real_delta_india
2026-07-07T00:00:00+00:00,4148.0,4153.6,4136.3,4136.3,830618.0,real_delta_india
2026-07-07T01:00:00+00:00,4136.4,4139.3,4118.0,4133.4,1335287.0,real_delta_india
2026-07-07T02:00:00+00:00,4133.4,4136.7,4123.46,4127.4,715903.0,real_delta_india
2026-07-07T03:00:00+00:00,4128.3,4130.8,4116.7,4123.0,822991.0,real_delta_india
2026-07-07T04:00:00+00:00,4123.2,4132.0,4117.4,4118.6,1031541.0,real_delta_india
2026-07-07T05:00:00+00:00,4118.47,4122.5,4109.6,4115.7,1912392.0,real_delta_india
2026-07-07T06:00:00+00:00,4115.5,4126.9,4114.4,4123.1,1091662.0,real_delta_india
2026-07-07T07:00:00+00:00,4124.0,4126.8,4117.7,4119.2,921165.0,real_delta_india
2026-07-07T08:00:00+00:00,4119.0,4132.6,4115.4,4119.5,1393352.0,real_delta_india
2026-07-07T09:00:00+00:00,4120.2,4127.1,4113.3,4124.6,973407.0,real_delta_india
2026-07-07T10:00:00+00:00,4124.6,4132.5,4124.6,4127.5,799777.0,real_delta_india
2026-07-07T11:00:00+00:00,4127.8,4151.0,4123.8,4149.4,2092074.0,real_delta_india
2026-07-07T12:00:00+00:00,4150.0,4167.6,4147.5,4163.4,2953425.0,real_delta_india
2026-07-07T13:00:00+00:00,4163.7,4171.3,4147.0,4149.4,4385984.0,real_delta_india
2026-07-07T14:00:00+00:00,4149.6,4154.9,4133.8,4146.2,3151487.0,real_delta_india
2026-07-07T15:00:00+00:00,4145.0,4147.1,4128.0,4131.2,2055730.0,real_delta_india
2026-07-07T16:00:00+00:00,4131.49,4139.7,4129.3,4136.8,1334124.0,real_delta_india
2026-07-07T17:00:00+00:00,4137.4,4140.9,4131.7,4136.1,1086693.0,real_delta_india
2026-07-07T18:00:00+00:00,4136.7,4137.3,4116.5,4118.8,1294612.0,real_delta_india
2026-07-07T19:00:00+00:00,4119.0,4119.1,4085.4,4106.7,2675071.0,real_delta_india
2026-07-07T20:00:00+00:00,4106.7,4108.5,4096.5,4099.5,523081.0,real_delta_india
2026-07-07T21:00:00+00:00,4100.2,4101.7,4097.5,4100.4,140774.0,real_delta_india
2026-07-07T22:00:00+00:00,4098.0,4098.0,4085.3,4092.3,298111.0,real_delta_india
2026-07-07T23:00:00+00:00,4091.0,4099.5,4089.5,4091.2,246494.0,real_delta_india
2026-07-08T00:00:00+00:00,4093.4,4120.0,4091.2,4106.4,754968.0,real_delta_india
2026-07-08T01:00:00+00:00,4106.0,4110.8,4089.4,4104.3,1063477.0,real_delta_india
2026-07-08T02:00:00+00:00,4104.3,4117.5,4099.0,4107.0,996429.0,real_delta_india
2026-07-08T03:00:00+00:00,4107.3,4124.3,4107.3,4115.7,1370318.0,real_delta_india
2026-07-08T04:00:00+00:00,4115.9,4120.5,4112.0,4117.0,799475.0,real_delta_india
2026-07-08T05:00:00+00:00,4117.0,4126.0,4112.9,4119.9,1112383.0,real_delta_india
2026-07-08T06:00:00+00:00,4121.0,4126.6,4115.3,4116.9,1050254.0,real_delta_india
2026-07-08T07:00:00+00:00,4116.27,4119.57,4106.9,4113.0,1832147.0,real_delta_india
2026-07-08T08:00:00+00:00,4113.4,4113.7,4046.6,4050.7,3622639.0,real_delta_india
2026-07-08T09:00:00+00:00,4050.6,4055.8,4036.76,4038.4,2074012.0,real_delta_india
2026-07-08T10:00:00+00:00,4038.6,4054.0,4035.0,4049.2,1235600.0,real_delta_india
2026-07-08T11:00:00+00:00,4049.0,4067.7,4037.2,4057.1,2376429.0,real_delta_india
2026-07-08T12:00:00+00:00,4057.8,4080.7,4054.0,4066.0,2949182.0,real_delta_india
2026-07-08T13:00:00+00:00,4066.0,4076.5,4058.8,4065.1,2277310.0,real_delta_india
2026-07-08T14:00:00+00:00,4064.7,4065.5,4027.4,4035.9,3766179.0,real_delta_india
2026-07-08T15:00:00+00:00,4036.0,4038.6,4016.9,4030.9,3091911.0,real_delta_india
2026-07-08T16:00:00+00:00,4030.8,4059.4,4029.4,4058.3,2945770.0,real_delta_india
2026-07-08T17:00:00+00:00,4058.1,4069.8,4054.4,4058.3,2484714.0,real_delta_india
2026-07-08T18:00:00+00:00,4058.1,4083.8,4056.4,4075.5,2327595.0,real_delta_india
2026-07-08T19:00:00+00:00,4076.8,4082.7,4069.6,4072.2,933460.0,real_delta_india
2026-07-08T20:00:00+00:00,4070.8,4074.3,4063.6,4068.0,527720.0,real_delta_india
2026-07-08T21:00:00+00:00,4068.8,4073.4,4066.9,4071.4,97440.0,real_delta_india
2026-07-08T22:00:00+00:00,4070.5,4072.1,4066.0,4069.1,141247.0,real_delta_india
2026-07-08T23:00:00+00:00,4067.9,4069.6,4064.5,4068.9,86821.0,real_delta_india
2026-07-09T00:00:00+00:00,4068.92,4081.8,4061.9,4064.6,704335.0,real_delta_india
2026-07-09T01:00:00+00:00,4064.9,4069.4,4054.4,4064.6,980568.0,real_delta_india
2026-07-09T02:00:00+00:00,4064.5,4074.0,4055.5,4055.6,950510.0,real_delta_india
2026-07-09T03:00:00+00:00,4055.9,4059.0,4046.3,4056.0,1134839.0,real_delta_india
2026-07-09T04:00:00+00:00,4056.5,4058.1,4049.9,4058.1,1246009.0,real_delta_india
2026-07-09T05:00:00+00:00,4058.0,4078.1,4057.4,4075.0,1890174.0,real_delta_india
2026-07-09T06:00:00+00:00,4075.3,4098.7,4075.2,4098.7,2235433.0,real_delta_india
2026-07-09T07:00:00+00:00,4098.84,4102.0,4092.3,4098.7,1367932.0,real_delta_india
2026-07-09T08:00:00+00:00,4099.2,4108.8,4095.9,4099.1,1470156.0,real_delta_india
2026-07-09T09:00:00+00:00,4098.9,4102.2,4092.9,4096.0,1047804.0,real_delta_india
2026-07-09T10:00:00+00:00,4096.1,4099.9,4083.6,4088.8,1397262.0,real_delta_india
2026-07-09T11:00:00+00:00,4088.9,4101.7,4088.0,4099.0,1784094.0,real_delta_india
2026-07-09T12:00:00+00:00,4099.0,4113.4,4096.0,4097.6,2801614.0,real_delta_india
2026-07-09T13:00:00+00:00,4097.6,4118.6,4096.5,4110.2,3181223.0,real_delta_india
2026-07-09T14:00:00+00:00,4111.2,4125.3,4102.2,4116.3,3028860.0,real_delta_india
2026-07-09T15:00:00+00:00,4116.6,4122.3,4112.9,4115.4,1615904.0,real_delta_india
2026-07-09T16:00:00+00:00,4115.6,4126.0,4114.8,4115.5,1691167.0,real_delta_india
2026-07-09T17:00:00+00:00,4115.3,4124.8,4112.0,4123.3,1832278.0,real_delta_india
2026-07-09T18:00:00+00:00,4123.5,4123.5,4109.1,4112.9,1127522.0,real_delta_india
2026-07-09T19:00:00+00:00,4112.7,4114.8,4107.4,4110.5,554053.0,real_delta_india
2026-07-09T20:00:00+00:00,4111.8,4113.9,4109.0,4112.5,235268.0,real_delta_india
2026-07-09T21:00:00+00:00,4112.9,4116.5,4110.1,4114.5,131943.0,real_delta_india
2026-07-09T22:00:00+00:00,4115.4,4115.4,4110.6,4111.2,290920.0,real_delta_india
2026-07-09T23:00:00+00:00,4111.0,4113.6,4110.5,4112.6,145591.0,real_delta_india
2026-07-10T00:00:00+00:00,4112.7,4116.5,4102.5,4114.7,671291.0,real_delta_india
2026-07-10T01:00:00+00:00,4115.2,4119.2,4098.49,4106.8,1134901.0,real_delta_india
2026-07-10T02:00:00+00:00,4106.5,4118.3,4105.94,4116.0,798372.0,real_delta_india
2026-07-10T03:00:00+00:00,4118.0,4124.2,4108.9,4109.7,1071683.0,real_delta_india
2026-07-10T04:00:00+00:00,4109.9,4111.5,4102.6,4104.6,891289.0,real_delta_india
2026-07-10T05:00:00+00:00,4104.8,4107.2,4098.25,4106.8,1124338.0,real_delta_india
2026-07-10T06:00:00+00:00,4106.6,4110.9,4102.0,4103.1,956885.0,real_delta_india
2026-07-10T07:00:00+00:00,4102.9,4105.8,4090.5,4095.1,1603681.0,real_delta_india
2026-07-10T08:00:00+00:00,4095.3,4097.2,4084.2,4087.2,1551729.0,real_delta_india
2026-07-10T09:00:00+00:00,4086.9,4095.8,4083.5,4095.0,1034682.0,real_delta_india
2026-07-10T10:00:00+00:00,4095.1,4103.0,4093.7,4094.2,1270720.0,real_delta_india
2026-07-10T11:00:00+00:00,4094.3,4098.3,4086.5,4092.7,1923445.0,real_delta_india
2026-07-10T12:00:00+00:00,4092.92,4108.1,4088.94,4091.9,2546272.0,real_delta_india
2026-07-10T13:00:00+00:00,4090.2,4096.9,4076.8,4091.8,2609117.0,real_delta_india
2026-07-10T14:00:00+00:00,4091.9,4100.7,4066.18,4085.4,2589977.0,real_delta_india
2026-07-10T15:00:00+00:00,4085.4,4104.0,4083.7,4103.4,1530111.0,real_delta_india
2026-07-10T16:00:00+00:00,4103.4,4106.0,4094.8,4095.2,2003406.0,real_delta_india
2026-07-10T17:00:00+00:00,4095.4,4101.2,4092.5,4093.1,880212.0,real_delta_india
2026-07-10T18:00:00+00:00,4093.3,4097.5,4091.2,4093.3,482819.0,real_delta_india
2026-07-10T19:00:00+00:00,4093.3,4100.0,4089.8,4099.9,394937.0,real_delta_india
2026-07-10T20:00:00+00:00,4100.01,4111.88,4099.8,4111.6,682970.0,real_delta_india
2026-07-10T21:00:00+00:00,4111.6,4111.8,4109.3,4111.6,99556.0,real_delta_india
2026-07-10T22:00:00+00:00,4111.6,4113.1,4108.6,4108.8,75850.0,real_delta_india
2026-07-10T23:00:00+00:00,4109.0,4110.5,4108.6,4109.1,50852.0,real_delta_india
2026-07-11T00:00:00+00:00,4109.2,4111.0,4109.2,4110.5,53558.0,real_delta_india
2026-07-11T01:00:00+00:00,4110.0,4110.1,4106.0,4108.0,89998.0,real_delta_india
2026-07-11T02:00:00+00:00,4108.0,4109.1,4107.1,4108.1,56360.0,real_delta_india
2026-07-11T03:00:00+00:00,4108.1,4108.1,4105.7,4106.5,105258.0,real_delta_india
2026-07-11T04:00:00+00:00,4106.8,4108.6,4106.6,4107.8,79957.0,real_delta_india
2026-07-11T05:00:00+00:00,4108.0,4110.1,4107.6,4109.8,116749.0,real_delta_india
2026-07-11T06:00:00+00:00,4108.9,4110.2,4108.5,4109.9,83876.0,real_delta_india
2026-07-11T07:00:00+00:00,4110.1,4110.2,4108.0,4109.8,101133.0,real_delta_india
2026-07-11T08:00:00+00:00,4109.6,4110.5,4109.5,4110.0,109760.0,real_delta_india
2026-07-11T09:00:00+00:00,4110.0,4112.7,4109.5,4111.0,103881.0,real_delta_india
2026-07-11T10:00:00+00:00,4111.0,4111.4,4110.0,4110.2,54149.0,real_delta_india
2026-07-11T11:00:00+00:00,4110.2,4110.6,4109.3,4109.9,41411.0,real_delta_india
2026-07-11T12:00:00+00:00,4109.9,4110.6,4107.6,4108.9,89178.0,real_delta_india
2026-07-11T13:00:00+00:00,4108.7,4111.0,4107.4,4110.0,67957.0,real_delta_india
2026-07-11T14:00:00+00:00,4110.0,4112.1,4109.7,4110.8,72959.0,real_delta_india
2026-07-11T15:00:00+00:00,4110.22,4110.22,4099.6,4102.4,356412.0,real_delta_india
2026-07-11T16:00:00+00:00,4102.2,4104.9,4101.8,4104.4,133328.0,real_delta_india
2026-07-11T17:00:00+00:00,4104.7,4105.8,4104.4,4104.9,75721.0,real_delta_india
2026-07-11T18:00:00+00:00,4104.9,4104.9,4102.7,4103.2,54334.0,real_delta_india
2026-07-11T19:00:00+00:00,4103.0,4103.2,4102.9,4103.0,20287.0,real_delta_india
2026-07-11T20:00:00+00:00,4103.0,4103.9,4103.0,4103.9,5204.0,real_delta_india
2026-07-11T21:00:00+00:00,4103.9,4104.0,4098.3,4099.1,63180.0,real_delta_india
2026-07-11T22:00:00+00:00,4099.0,4099.5,4098.2,4099.3,5898.0,real_delta_india
2026-07-11T23:00:00+00:00,4099.5,4099.5,4096.3,4097.5,41147.0,real_delta_india
2026-07-12T00:00:00+00:00,4097.5,4097.8,4095.1,4096.2,59997.0,real_delta_india
2026-07-12T01:00:00+00:00,4095.9,4098.4,4095.4,4097.15,74700.0,real_delta_india
2026-07-12T02:00:00+00:00,4097.15,4099.7,4096.0,4098.7,70835.0,real_delta_india
2026-07-12T03:00:00+00:00,4098.9,4099.5,4098.7,4099.5,45792.0,real_delta_india
2026-07-12T04:00:00+00:00,4099.4,4100.1,4099.3,4099.7,46337.0,real_delta_india
2026-07-12T05:00:00+00:00,4099.7,4099.7,4096.5,4097.5,83615.0,real_delta_india
2026-07-12T06:00:00+00:00,4097.2,4097.5,4095.4,4096.1,137570.0,real_delta_india
2026-07-12T07:00:00+00:00,4095.8,4096.2,4095.5,4095.9,51933.0,real_delta_india
2026-07-12T08:00:00+00:00,4096.1,4096.6,4095.5,4096.3,68524.0,real_delta_india
2026-07-12T09:00:00+00:00,4096.0,4096.3,4095.6,4096.0,23805.0,real_delta_india
2026-07-12T10:00:00+00:00,4096.0,4096.8,4096.0,4096.8,29756.0,real_delta_india
2026-07-12T11:00:00+00:00,4096.8,4096.9,4095.6,4096.0,34128.0,real_delta_india
2026-07-12T12:00:00+00:00,4096.0,4096.2,4094.4,4095.0,75481.0,real_delta_india
2026-07-12T13:00:00+00:00,4094.8,4095.0,4093.1,4093.6,86694.0,real_delta_india
2026-07-12T14:00:00+00:00,4093.8,4095.2,4092.5,4094.9,60159.0,real_delta_india
2026-07-12T15:00:00+00:00,4094.9,4097.8,4094.4,4096.9,96683.0,real_delta_india
2026-07-12T16:00:00+00:00,4096.9,4097.0,4095.4,4096.0,91449.0,real_delta_india
2026-07-12T17:00:00+00:00,4095.9,4096.0,4092.6,4093.1,138198.0,real_delta_india
2026-07-12T18:00:00+00:00,4093.1,4093.4,4091.4,4092.1,118738.0,real_delta_india
2026-07-12T19:00:00+00:00,4092.1,4093.3,4092.1,4092.7,51500.0,real_delta_india
2026-07-12T20:00:00+00:00,4092.8,4096.2,4092.2,4095.7,38128.0,real_delta_india
2026-07-12T21:00:00+00:00,4095.9,4096.1,4091.3,4092.0,28821.0,real_delta_india
2026-07-12T22:00:00+00:00,4091.18,4094.1,4064.0,4070.5,682392.0,real_delta_india
2026-07-12T23:00:00+00:00,4069.9,4077.0,4061.9,4077.0,442711.0,real_delta_india
2026-07-13T00:00:00+00:00,4077.0,4083.1,4055.0,4067.0,994568.0,real_delta_india
2026-07-13T01:00:00+00:00,4066.2,4080.73,4059.3,4064.6,951770.0,real_delta_india
2026-07-13T02:00:00+00:00,4065.8,4070.0,4058.1,4062.0,505093.0,real_delta_india
2026-07-13T03:00:00+00:00,4061.7,4061.9,4046.3,4053.0,911981.0,real_delta_india
2026-07-13T04:00:00+00:00,4053.0,4053.0,4043.6,4051.9,847203.0,real_delta_india
2026-07-13T05:00:00+00:00,4051.9,4065.3,4045.9,4047.4,1435279.0,real_delta_india
2026-07-13T06:00:00+00:00,4048.3,4056.8,4037.6,4048.8,1399488.0,real_delta_india
2026-07-13T07:00:00+00:00,4049.0,4059.1,4042.8,4058.5,784748.0,real_delta_india
2026-07-13T08:00:00+00:00,4058.5,4073.8,4057.7,4068.0,1624426.0,real_delta_india
2026-07-13T09:00:00+00:00,4068.13,4069.8,4061.0,4061.1,808980.0,real_delta_india
2026-07-13T10:00:00+00:00,4061.8,4063.2,4041.8,4053.2,1607460.0,real_delta_india
2026-07-13T11:00:00+00:00,4053.9,4061.4,4048.0,4050.7,1539982.0,real_delta_india
2026-07-13T12:00:00+00:00,4050.2,4059.1,4046.4,4059.1,1001009.0,real_delta_india
2026-07-13T13:00:00+00:00,4059.1,4059.4,4035.6,4037.0,2219686.0,real_delta_india
2026-07-13T14:00:00+00:00,4036.8,4040.6,3997.7,4013.0,4633672.0,real_delta_india
2026-07-13T15:00:00+00:00,4012.8,4017.5,4008.0,4013.0,1645126.0,real_delta_india
2026-07-13T16:00:00+00:00,4013.3,4015.6,3984.7,3992.4,3376291.0,real_delta_india
2026-07-13T17:00:00+00:00,3992.3,4001.0,3990.5,3991.8,1732189.0,real_delta_india
2026-07-13T18:00:00+00:00,3991.7,4004.3,3985.4,4000.09,1267353.0,real_delta_india
2026-07-13T19:00:00+00:00,4000.4,4003.6,3992.6,4001.3,701292.0,real_delta_india
2026-07-13T20:00:00+00:00,4001.3,4004.9,3995.3,4000.3,291102.0,real_delta_india
2026-07-13T21:00:00+00:00,4000.3,4003.5,3998.7,4002.3,49524.0,real_delta_india
2026-07-13T22:00:00+00:00,4003.8,4003.8,3997.1,3997.37,121555.0,real_delta_india
2026-07-13T23:00:00+00:00,3996.3,3997.9,3988.6,3996.5,170052.0,real_delta_india
2026-07-14T00:00:00+00:00,3997.75,4003.3,3980.61,4000.1,874512.0,real_delta_india
2026-07-14T01:00:00+00:00,3998.1,4008.2,3988.94,4006.3,903705.0,real_delta_india
2026-07-14T02:00:00+00:00,4006.6,4014.9,4002.7,4008.2,953948.0,real_delta_india
2026-07-14T03:00:00+00:00,4008.2,4014.0,4006.5,4011.3,746104.0,real_delta_india
2026-07-14T04:00:00+00:00,4011.7,4018.3,4008.4,4016.3,1099157.0,real_delta_india
2026-07-14T05:00:00+00:00,4016.7,4029.3,4014.6,4026.6,1550992.0,real_delta_india
2026-07-14T06:00:00+00:00,4026.0,4027.9,4015.2,4018.8,1260641.0,real_delta_india
2026-07-14T07:00:00+00:00,4018.8,4024.5,4014.2,4014.8,1052499.0,real_delta_india
2026-07-14T08:00:00+00:00,4014.9,4018.1,4008.8,4010.0,1402218.0,real_delta_india
2026-07-14T09:00:00+00:00,4010.0,4018.4,4008.2,4015.5,745631.0,real_delta_india
2026-07-14T10:00:00+00:00,4015.7,4017.5,4009.7,4016.6,606486.0,real_delta_india
2026-07-14T11:00:00+00:00,4016.9,4026.3,4010.4,4025.7,1370576.0,real_delta_india
2026-07-14T12:00:00+00:00,4025.7,4096.7,4017.7,4068.1,6437975.0,real_delta_india
2026-07-14T13:00:00+00:00,4069.0,4079.5,4062.9,4067.6,2381465.0,real_delta_india
2026-07-14T14:00:00+00:00,4068.2,4080.25,4061.1,4076.0,1819488.0,real_delta_india
2026-07-14T15:00:00+00:00,4076.0,4090.3,4055.9,4057.8,2840678.0,real_delta_india
2026-07-14T16:00:00+00:00,4057.6,4057.8,4048.84,4053.6,2051285.0,real_delta_india
2026-07-14T17:00:00+00:00,4054.1,4056.8,4044.8,4055.8,1918144.0,real_delta_india
2026-07-14T18:00:00+00:00,4054.5,4054.7,4034.6,4046.5,1412943.0,real_delta_india
2026-07-14T19:00:00+00:00,4046.5,4049.5,4040.0,4047.1,662253.0,real_delta_india
2026-07-14T20:00:00+00:00,4047.3,4048.1,4041.1,4044.9,264719.0,real_delta_india
2026-07-14T21:00:00+00:00,4044.6,4052.8,4044.4,4048.7,188398.0,real_delta_india
2026-07-14T22:00:00+00:00,4048.7,4048.7,4041.3,4041.7,174924.0,real_delta_india
2026-07-14T23:00:00+00:00,4042.2,4047.3,4039.0,4045.3,216771.0,real_delta_india
2026-07-15T00:00:00+00:00,4046.4,4053.7,4043.4,4052.0,381592.0,real_delta_india
2026-07-15T01:00:00+00:00,4053.0,4055.2,4028.2,4030.3,1134586.0,real_delta_india
2026-07-15T02:00:00+00:00,4030.1,4035.5,4022.2,4029.0,1267191.0,real_delta_india
2026-07-15T03:00:00+00:00,4028.3,4033.5,4020.5,4025.36,843942.0,real_delta_india
2026-07-15T04:00:00+00:00,4025.3,4029.0,4021.9,4027.1,757653.0,real_delta_india
2026-07-15T05:00:00+00:00,4027.7,4030.3,4015.2,4029.0,1370084.0,real_delta_india
2026-07-15T06:00:00+00:00,4029.0,4029.5,4015.94,4026.4,1062029.0,real_delta_india
2026-07-15T07:00:00+00:00,4026.2,4028.3,4014.0,4018.2,1294281.0,real_delta_india
2026-07-15T08:00:00+00:00,4018.6,4027.1,4011.7,4025.2,1194857.0,real_delta_india
2026-07-15T09:00:00+00:00,4025.2,4028.1,4019.8,4024.2,815747.0,real_delta_india
2026-07-15T10:00:00+00:00,4024.5,4030.0,4020.6,4022.8,1289639.0,real_delta_india
2026-07-15T11:00:00+00:00,4022.6,4034.4,4022.0,4033.3,1334457.0,real_delta_india
2026-07-15T12:00:00+00:00,4033.3,4064.6,4030.1,4060.7,4428080.0,real_delta_india
2026-07-15T13:00:00+00:00,4062.2,4067.0,4046.4,4053.7,2787477.0,real_delta_india
2026-07-15T14:00:00+00:00,4054.5,4058.2,4044.4,4052.0,1814753.0,real_delta_india
2026-07-15T15:00:00+00:00,4052.06,4054.7,4030.8,4038.0,2652470.0,real_delta_india
2026-07-15T16:00:00+00:00,4038.0,4039.3,4018.9,4026.1,2635474.0,real_delta_india
2026-07-15T17:00:00+00:00,4026.1,4057.3,4025.6,4052.9,2933311.0,real_delta_india
2026-07-15T18:00:00+00:00,4052.7,4072.9,4048.6,4049.29,2659975.0,real_delta_india
2026-07-15T19:00:00+00:00,4049.5,4054.0,4040.0,4048.1,1308213.0,real_delta_india
2026-07-15T20:00:00+00:00,4048.2,4054.7,4047.2,4052.3,373885.0,real_delta_india
2026-07-15T21:00:00+00:00,4052.3,4055.3,4052.3,4053.6,115689.0,real_delta_india
2026-07-15T22:00:00+00:00,4055.8,4055.8,4049.0,4050.0,132144.0,real_delta_india
2026-07-15T23:00:00+00:00,4050.0,4051.8,4046.7,4048.0,98529.0,real_delta_india
2026-07-16T00:00:00+00:00,4048.0,4051.0,4035.6,4035.6,522663.0,real_delta_india
2026-07-16T01:00:00+00:00,4035.51,4041.4,4025.7,4030.2,1056624.0,real_delta_india
2026-07-16T02:00:00+00:00,4030.4,4031.4,4016.5,4024.7,1584054.0,real_delta_india
2026-07-16T03:00:00+00:00,4024.5,4030.0,4020.9,4029.5,980905.0,real_delta_india
2026-07-16T04:00:00+00:00,4029.7,4030.9,4024.2,4026.6,774402.0,real_delta_india
2026-07-16T05:00:00+00:00,4026.4,4026.8,4018.8,4021.5,967454.0,real_delta_india
2026-07-16T06:00:00+00:00,4021.5,4029.7,4016.7,4023.9,1198647.0,real_delta_india
2026-07-16T07:00:00+00:00,4023.9,4024.4,4017.0,4024.0,821044.0,real_delta_india
2026-07-16T08:00:00+00:00,4024.0,4029.0,4017.9,4027.9,1142288.0,real_delta_india
2026-07-16T09:00:00+00:00,4027.7,4030.0,4022.8,4025.0,1044012.0,real_delta_india
2026-07-16T10:00:00+00:00,4024.54,4027.0,4021.4,4023.0,524979.0,real_delta_india
2026-07-16T11:00:00+00:00,4022.6,4036.4,4014.5,4031.7,2751227.0,real_delta_india
2026-07-16T12:00:00+00:00,4031.9,4036.2,3985.71,3988.0,5853390.0,real_delta_india
2026-07-16T13:00:00+00:00,3988.0,4005.2,3970.0,3988.6,6236535.0,real_delta_india
2026-07-16T14:00:00+00:00,3988.8,4004.7,3985.7,3995.5,2753450.0,real_delta_india
2026-07-16T15:00:00+00:00,3996.0,4014.6,3987.6,4003.9,3034038.0,real_delta_india
2026-07-16T16:00:00+00:00,4003.7,4003.9,3981.6,3991.0,3028939.0,real_delta_india
2026-07-16T17:00:00+00:00,3990.8,3990.9,3978.7,3983.4,1970243.0,real_delta_india
2026-07-16T18:00:00+00:00,3983.4,3988.6,3974.5,3979.6,1828403.0,real_delta_india
2026-07-16T19:00:00+00:00,3979.4,3984.8,3968.8,3979.9,1199178.0,real_delta_india
2026-07-16T20:00:00+00:00,3979.4,3979.6,3972.4,3976.4,253102.0,real_delta_india
2026-07-16T21:00:00+00:00,3976.2,3985.2,3976.0,3981.6,182037.0,real_delta_india
2026-07-16T22:00:00+00:00,3979.1,3979.8,3973.7,3977.3,116202.0,real_delta_india
2026-07-16T23:00:00+00:00,3977.1,3986.1,3975.3,3985.3,207310.0,real_delta_india
2026-07-17T00:00:00+00:00,3985.5,3991.5,3979.6,3991.5,597310.0,real_delta_india
2026-07-17T01:00:00+00:00,3991.5,3994.4,3978.56,3981.7,1104576.0,real_delta_india
2026-07-17T02:00:00+00:00,3982.4,3986.6,3970.4,3977.9,1098568.0,real_delta_india
2026-07-17T03:00:00+00:00,3978.6,4006.2,3978.4,3989.6,1977414.0,real_delta_india
2026-07-17T04:00:00+00:00,3989.3,3990.4,3978.6,3980.1,1246555.0,real_delta_india
2026-07-17T05:00:00+00:00,3980.0,3989.0,3975.2,3982.6,1584926.0,real_delta_india
2026-07-17T06:00:00+00:00,3983.2,4002.9,3983.1,3995.4,2276414.0,real_delta_india
2026-07-17T07:00:00+00:00,3995.4,3999.4,3989.1,3989.7,911625.0,real_delta_india
2026-07-17T08:00:00+00:00,3989.7,3996.4,3984.5,3991.3,1390413.0,real_delta_india
2026-07-17T09:00:00+00:00,3991.0,3999.1,3989.8,3994.3,759078.0,real_delta_india
2026-07-17T10:00:00+00:00,3994.9,3995.3,3987.1,3987.4,694921.0,real_delta_india
2026-07-17T11:00:00+00:00,3987.77,3995.5,3985.9,3991.3,963865.0,real_delta_india
2026-07-17T12:00:00+00:00,3991.9,3992.8,3962.0,3964.3,4423149.0,real_delta_india
2026-07-17T13:00:00+00:00,3963.8,3999.4,3958.3,3993.0,5703099.0,real_delta_india
2026-07-17T14:00:00+00:00,3993.4,3998.9,3986.5,3995.0,3322340.0,real_delta_india
2026-07-17T15:00:00+00:00,3995.0,4014.2,3991.9,4010.7,3843436.0,real_delta_india
2026-07-17T16:00:00+00:00,4011.0,4015.6,4003.4,4006.6,2521413.0,real_delta_india
2026-07-17T17:00:00+00:00,4006.6,4010.6,3999.0,4000.7,1424023.0,real_delta_india
2026-07-17T18:00:00+00:00,4000.9,4007.8,3998.2,4003.0,1007236.0,real_delta_india
2026-07-17T19:00:00+00:00,4003.0,4008.2,3994.5,4006.9,619964.0,real_delta_india
2026-07-17T20:00:00+00:00,4004.7,4008.7,3999.8,4007.6,345514.0,real_delta_india
2026-07-17T21:00:00+00:00,4007.4,4007.4,4002.4,4003.1,82848.0,real_delta_india
2026-07-17T22:00:00+00:00,4003.3,4004.2,4003.1,4003.6,26382.0,real_delta_india
2026-07-17T23:00:00+00:00,4003.6,4003.6,4003.15,4003.3,24116.0,real_delta_india
2026-07-18T00:00:00+00:00,4003.3,4004.8,4003.2,4004.6,55255.0,real_delta_india
2026-07-18T01:00:00+00:00,4004.4,4004.8,4004.2,4004.6,47855.0,real_delta_india
2026-07-18T02:00:00+00:00,4004.4,4004.7,4004.3,4004.6,56623.0,real_delta_india
2026-07-18T03:00:00+00:00,4004.6,4006.8,4004.3,4006.8,105565.0,real_delta_india
2026-07-18T04:00:00+00:00,4006.8,4008.2,4006.6,4007.7,88164.0,real_delta_india
2026-07-18T05:00:00+00:00,4007.5,4008.9,4006.3,4006.8,139032.0,real_delta_india
2026-07-18T06:00:00+00:00,4007.0,4008.1,4006.1,4007.9,72006.0,real_delta_india
2026-07-18T07:00:00+00:00,4007.9,4011.0,4007.7,4010.6,211359.0,real_delta_india
2026-07-18T08:00:00+00:00,4010.6,4011.3,4009.5,4010.6,102756.0,real_delta_india
2026-07-18T09:00:00+00:00,4010.8,4011.3,4010.4,4011.0,51631.0,real_delta_india
2026-07-18T10:00:00+00:00,4010.88,4011.0,4010.2,4010.7,51153.0,real_delta_india
2026-07-18T11:00:00+00:00,4010.7,4010.8,4010.1,4010.3,53173.0,real_delta_india
2026-07-18T12:00:00+00:00,4010.3,4010.5,4010.0,4010.4,81632.0,real_delta_india
2026-07-18T13:00:00+00:00,4010.4,4010.4,4008.0,4008.6,107450.0,real_delta_india
2026-07-18T14:00:00+00:00,4008.6,4009.8,4008.0,4009.5,59358.0,real_delta_india
2026-07-18T15:00:00+00:00,4009.5,4010.4,4009.1,4009.2,45817.0,real_delta_india
2026-07-18T16:00:00+00:00,4009.2,4011.2,4009.0,4011.0,40389.0,real_delta_india
2026-07-18T17:00:00+00:00,4011.0,4013.0,4010.8,4012.7,147404.0,real_delta_india
2026-07-18T18:00:00+00:00,4012.7,4012.9,4006.0,4006.8,164665.0,real_delta_india
2026-07-18T19:00:00+00:00,4006.8,4007.41,4004.4,4004.5,152840.0,real_delta_india
2026-07-18T20:00:00+00:00,4004.3,4005.3,4003.1,4004.5,106107.0,real_delta_india
2026-07-18T21:00:00+00:00,4004.5,4004.6,4002.8,4002.8,62881.0,real_delta_india
2026-07-18T22:00:00+00:00,4003.0,4004.6,4002.7,4003.9,93582.0,real_delta_india
2026-07-18T23:00:00+00:00,4004.1,4009.9,4003.9,4009.8,48273.0,real_delta_india
2026-07-19T00:00:00+00:00,4009.7,4010.6,4008.9,4009.0,19837.0,real_delta_india
2026-07-19T01:00:00+00:00,4009.0,4009.3,4008.4,4009.0,53579.0,real_delta_india
2026-07-19T02:00:00+00:00,4009.0,4010.3,4008.9,4009.5,89342.0,real_delta_india
2026-07-19T03:00:00+00:00,4009.5,4009.9,4008.6,4009.3,64490.0,real_delta_india
2026-07-19T04:00:00+00:00,4009.0,4009.0,4008.0,4008.4,48710.0,real_delta_india
2026-07-19T05:00:00+00:00,4008.6,4008.6,4007.9,4008.6,51659.0,real_delta_india
2026-07-19T06:00:00+00:00,4008.6,4008.6,4007.2,4007.9,45203.0,real_delta_india
2026-07-19T07:00:00+00:00,4007.9,4008.1,4007.0,4007.0,42416.0,real_delta_india
2026-07-19T08:00:00+00:00,4007.2,4007.2,4005.4,4006.9,59036.0,real_delta_india
2026-07-19T09:00:00+00:00,4006.9,4007.1,4005.2,4005.2,48432.0,real_delta_india
2026-07-19T10:00:00+00:00,4005.25,4006.0,4004.1,4005.33,87312.0,real_delta_india
2026-07-19T11:00:00+00:00,4005.33,4005.4,4003.5,4004.2,50356.0,real_delta_india
2026-07-19T12:00:00+00:00,4003.9,4004.0,4000.7,4001.7,255621.0,real_delta_india
2026-07-19T13:00:00+00:00,4001.5,4004.9,4001.5,4004.48,231436.0,real_delta_india
2026-07-19T14:00:00+00:00,4004.2,4007.1,4004.1,4006.0,164863.0,real_delta_india
2026-07-19T15:00:00+00:00,4006.2,4006.3,4004.7,4005.4,40267.0,real_delta_india
2026-07-19T16:00:00+00:00,4005.4,4006.4,4003.4,4004.4,65979.0,real_delta_india
2026-07-19T17:00:00+00:00,4004.4,4007.6,4004.1,4007.5,109011.0,real_delta_india
2026-07-19T18:00:00+00:00,4007.5,4008.7,4006.6,4007.6,80264.0,real_delta_india
2026-07-19T19:00:00+00:00,4007.6,4008.5,4006.7,4007.3,64088.0,real_delta_india
2026-07-19T20:00:00+00:00,4007.3,4007.5,4006.3,4006.8,53804.0,real_delta_india
2026-07-19T21:00:00+00:00,4007.0,4007.0,4004.0,4004.3,36069.0,real_delta_india
2026-07-19T22:00:00+00:00,4003.38,4003.38,3988.2,3990.7,673733.0,real_delta_india
2026-07-19T23:00:00+00:00,3990.5,3991.2,3984.3,3990.2,466227.0,real_delta_india
2026-07-20T00:00:00+00:00,3990.24,4003.9,3979.4,4002.7,972918.0,real_delta_india
2026-07-20T01:00:00+00:00,4003.1,4016.1,3991.4,3997.7,1233251.0,real_delta_india
2026-07-20T02:00:00+00:00,3997.4,4023.1,3996.6,4016.3,1672075.0,real_delta_india
2026-07-20T03:00:00+00:00,4016.3,4022.2,4014.1,4017.8,932625.0,real_delta_india
2026-07-20T04:00:00+00:00,4018.1,4021.0,4012.0,4013.21,577557.0,real_delta_india
2026-07-20T05:00:00+00:00,4013.3,4014.82,4000.6,4003.9,1375966.0,real_delta_india
2026-07-20T06:00:00+00:00,4003.7,4007.2,3997.9,3998.9,1151508.0,real_delta_india
2026-07-20T07:00:00+00:00,3998.6,4016.5,3997.2,4011.8,1785931.0,real_delta_india
2026-07-20T08:00:00+00:00,4012.2,4024.7,4011.6,4013.2,2000331.0,real_delta_india
2026-07-20T09:00:00+00:00,4013.0,4017.0,4008.8,4014.0,1044372.0,real_delta_india
2026-07-20T10:00:00+00:00,4014.6,4019.6,4012.0,4017.6,587532.0,real_delta_india
2026-07-20T11:00:00+00:00,4017.6,4033.9,4013.3,4020.1,2243147.0,real_delta_india
2026-07-20T12:00:00+00:00,4020.0,4020.1,4002.3,4005.5,3893616.0,real_delta_india
2026-07-20T13:00:00+00:00,4005.7,4013.5,4001.0,4001.3,2189077.0,real_delta_india
2026-07-20T14:00:00+00:00,4001.1,4009.4,3994.0,4001.4,3671763.0,real_delta_india
2026-07-20T15:00:00+00:00,4001.2,4013.4,3999.7,4006.6,2680894.0,real_delta_india
2026-07-20T16:00:00+00:00,4006.2,4012.8,3997.8,4005.8,1702040.0,real_delta_india
2026-07-20T17:00:00+00:00,4005.4,4008.9,3999.8,4001.8,1312352.0,real_delta_india
2026-07-20T18:00:00+00:00,4001.7,4007.7,3999.7,4003.2,652342.0,real_delta_india
2026-07-20T19:00:00+00:00,4002.7,4013.0,4000.4,4002.7,703817.0,real_delta_india
2026-07-20T20:00:00+00:00,4002.5,4004.8,4001.8,4002.7,133540.0,real_delta_india
2026-07-20T21:00:00+00:00,4002.8,4006.8,4002.6,4006.2,59715.0,real_delta_india
2026-07-20T22:00:00+00:00,4006.2,4006.2,3995.9,3996.8,296751.0,real_delta_india
2026-07-20T23:00:00+00:00,3996.7,4005.7,3996.2,4005.5,141793.0,real_delta_india
2026-07-21T00:00:00+00:00,4001.8,4020.5,3999.6,4019.3,788551.0,real_delta_india
2026-07-21T01:00:00+00:00,4018.0,4029.0,4013.11,4016.6,1237115.0,real_delta_india
2026-07-21T02:00:00+00:00,4017.0,4037.0,4015.2,4030.9,1738759.0,real_delta_india
2026-07-21T03:00:00+00:00,4030.9,4044.2,4029.6,4039.2,1739339.0,real_delta_india
2026-07-21T04:00:00+00:00,4039.2,4043.5,4035.5,4040.1,886205.0,real_delta_india
2026-07-21T05:00:00+00:00,4041.1,4058.6,4037.2,4051.3,2343858.0,real_delta_india
2026-07-21T06:00:00+00:00,4052.5,4073.4,4052.5,4068.4,2005786.0,real_delta_india
2026-07-21T07:00:00+00:00,4068.1,4069.0,4056.5,4060.4,1727136.0,real_delta_india
2026-07-21T08:00:00+00:00,4060.9,4061.8,4050.7,4054.6,1710591.0,real_delta_india
2026-07-21T09:00:00+00:00,4054.6,4060.3,4052.5,4057.5,1451763.0,real_delta_india
2026-07-21T10:00:00+00:00,4057.5,4062.3,4052.7,4054.6,1260334.0,real_delta_india
2026-07-21T11:00:00+00:00,4054.6,4055.0,4044.45,4046.9,2416473.0,real_delta_india
2026-07-21T12:00:00+00:00,4046.9,4056.3,4042.0,4045.8,2550102.0,real_delta_india
2026-07-21T13:00:00+00:00,4046.8,4053.1,4036.0,4044.9,2830088.0,real_delta_india
2026-07-21T14:00:00+00:00,4045.1,4065.0,4043.7,4059.5,3319690.0,real_delta_india
2026-07-21T15:00:00+00:00,4059.9,4072.3,4055.9,4062.6,2288824.0,real_delta_india
2026-07-21T16:00:00+00:00,4062.6,4067.8,4058.5,4061.1,1519215.0,real_delta_india
2026-07-21T17:00:00+00:00,4060.9,4062.4,4056.5,4058.1,966592.0,real_delta_india
2026-07-21T18:00:00+00:00,4058.2,4075.7,4056.5,4071.1,1987259.0,real_delta_india
2026-07-21T19:00:00+00:00,4071.5,4075.1,4068.8,4073.0,577795.0,real_delta_india
2026-07-21T20:00:00+00:00,4072.4,4074.6,4066.2,4066.4,219825.0,real_delta_india
2026-07-21T21:00:00+00:00,4066.4,4069.2,4065.8,4068.9,86740.0,real_delta_india
2026-07-21T22:00:00+00:00,4068.9,4072.8,4065.9,4069.4,159259.0,real_delta_india
2026-07-21T23:00:00+00:00,4069.2,4071.4,4068.2,4068.3,86032.0,real_delta_india
2026-07-22T00:00:00+00:00,4068.0,4090.2,4066.0,4085.7,1091218.0,real_delta_india
2026-07-22T01:00:00+00:00,4086.3,4110.0,4086.3,4108.3,1727082.0,real_delta_india
2026-07-22T02:00:00+00:00,4108.6,4116.4,4105.6,4116.29,1190557.0,real_delta_india
2026-07-22T03:00:00+00:00,4116.4,4127.0,4115.2,4116.2,1421545.0,real_delta_india
2026-07-22T04:00:00+00:00,4116.0,4116.2,4109.0,4112.2,921780.0,real_delta_india
2026-07-22T05:00:00+00:00,4112.2,4118.4,4108.36,4115.8,1372025.0,real_delta_india
2026-07-22T06:00:00+00:00,4116.2,4119.9,4098.6,4101.5,1918600.0,real_delta_india
2026-07-22T07:00:00+00:00,4101.9,4108.5,4094.4,4095.9,1707030.0,real_delta_india
2026-07-22T08:00:00+00:00,4095.7,4106.9,4095.7,4105.3,937908.0,real_delta_india
2026-07-22T09:00:00+00:00,4105.1,4108.9,4099.8,4100.4,909658.0,real_delta_india
2026-07-22T10:00:00+00:00,4100.6,4108.5,4100.1,4104.4,879168.0,real_delta_india
2026-07-22T11:00:00+00:00,4104.3,4110.5,4099.6,4110.2,1396103.0,real_delta_india
2026-07-22T12:00:00+00:00,4110.2,4122.0,4096.0,4099.7,3333635.0,real_delta_india
2026-07-22T13:00:00+00:00,4099.9,4142.9,4099.8,4142.0,4481869.0,real_delta_india
2026-07-22T14:00:00+00:00,4141.8,4149.6,4128.5,4134.3,4026383.0,real_delta_india
2026-07-22T15:00:00+00:00,4134.3,4151.9,4134.0,4145.0,2835950.0,real_delta_india
2026-07-22T16:00:00+00:00,4145.0,4145.0,4130.9,4133.3,2423657.0,real_delta_india
2026-07-22T17:00:00+00:00,4134.4,4134.9,4126.5,4130.1,1626961.0,real_delta_india
2026-07-22T18:00:00+00:00,4130.1,4130.1,4120.8,4125.7,1494094.0,real_delta_india
2026-07-22T19:00:00+00:00,4125.7,4126.7,4118.1,4121.6,745321.0,real_delta_india
2026-07-22T20:00:00+00:00,4121.2,4127.1,4119.0,4121.0,422417.0,real_delta_india
2026-07-22T21:00:00+00:00,4121.2,4123.2,4121.0,4122.4,132036.0,real_delta_india
2026-07-22T22:00:00+00:00,4120.0,4120.0,4090.6,4111.1,1220800.0,real_delta_india
2026-07-22T23:00:00+00:00,4111.5,4123.1,4106.8,4122.1,565919.0,real_delta_india
2026-07-23T00:00:00+00:00,4122.9,4124.1,4114.6,4121.5,810145.0,real_delta_india
2026-07-23T01:00:00+00:00,4121.7,4129.87,4103.2,4107.0,1504790.0,real_delta_india
2026-07-23T02:00:00+00:00,4106.7,4118.3,4102.0,4118.1,1319691.0,real_delta_india
2026-07-23T03:00:00+00:00,4117.8,4122.6,4112.9,4113.8,1063053.0,real_delta_india
2026-07-23T04:00:00+00:00,4113.8,4119.6,4109.5,4110.5,1096926.0,real_delta_india
2026-07-23T05:00:00+00:00,4110.7,4120.0,4108.7,4113.6,1085851.0,real_delta_india
2026-07-23T06:00:00+00:00,4113.9,4117.2,4106.9,4109.3,577205.0,real_delta_india
2026-07-23T07:00:00+00:00,4109.4,4109.8,4081.8,4086.8,3001759.0,real_delta_india
2026-07-23T08:00:00+00:00,4087.9,4089.3,4078.6,4086.0,1393540.0,real_delta_india
2026-07-23T09:00:00+00:00,4085.7,4092.0,4081.3,4082.5,1490320.0,real_delta_india
2026-07-23T10:00:00+00:00,4082.7,4087.8,4078.2,4085.6,1155306.0,real_delta_india
2026-07-23T11:00:00+00:00,4086.3,4086.5,4066.1,4079.7,2599015.0,real_delta_india
2026-07-23T12:00:00+00:00,4079.5,4079.7,4054.8,4055.5,4395096.0,real_delta_india
2026-07-23T13:00:00+00:00,4055.5,4062.3,4035.4,4038.4,6056718.0,real_delta_india
2026-07-23T14:00:00+00:00,4039.2,4057.3,4035.4,4053.3,3028917.0,real_delta_india
2026-07-23T15:00:00+00:00,4053.2,4054.4,4038.1,4044.3,2034481.0,real_delta_india
2026-07-23T16:00:00+00:00,4044.9,4047.8,4041.5,4047.5,781546.0,real_delta_india
2026-07-23T17:00:00+00:00,4047.5,4050.6,4036.8,4037.5,1068035.0,real_delta_india
2026-07-23T18:00:00+00:00,4037.2,4043.9,4035.3,4042.5,1059273.0,real_delta_india
2026-07-23T19:00:00+00:00,4042.5,4047.1,4038.44,4045.8,665658.0,real_delta_india
2026-07-23T20:00:00+00:00,4045.8,4046.46,4043.4,4044.8,217784.0,real_delta_india
2026-07-23T21:00:00+00:00,4045.7,4046.1,4044.6,4045.6,31515.0,real_delta_india
2026-07-23T22:00:00+00:00,4046.2,4046.2,4044.2,4044.8,37409.0,real_delta_india
2026-07-23T23:00:00+00:00,4045.0,4046.1,4042.2,4042.9,91341.0,real_delta_india
2026-07-24T00:00:00+00:00,4043.2,4046.0,4036.4,4045.9,413998.0,real_delta_india
2026-07-24T01:00:00+00:00,4045.3,4047.3,4035.8,4040.1,1046059.0,real_delta_india
2026-07-24T02:00:00+00:00,4040.6,4044.6,4018.0,4019.6,1816148.0,real_delta_india
2026-07-24T03:00:00+00:00,4019.8,4030.3,4018.2,4025.1,1300732.0,real_delta_india
2026-07-24T04:00:00+00:00,4024.9,4026.4,4020.9,4023.2,769781.0,real_delta_india
2026-07-24T05:00:00+00:00,4023.1,4028.2,4017.5,4018.81,1357629.0,real_delta_india
2026-07-24T06:00:00+00:00,4019.0,4034.5,4018.7,4030.8,1733884.0,real_delta_india
2026-07-24T07:00:00+00:00,4030.61,4046.9,4030.0,4039.6,2403812.0,real_delta_india
2026-07-24T08:00:00+00:00,4039.2,4049.9,4036.3,4048.7,1877885.0,real_delta_india
2026-07-24T09:00:00+00:00,4048.7,4052.5,4042.5,4050.4,1414771.0,real_delta_india
2026-07-24T10:00:00+00:00,4050.9,4054.8,4047.7,4050.4,1486562.0,real_delta_india
2026-07-24T11:00:00+00:00,4050.4,4054.6,4041.0,4048.1,2199214.0,real_delta_india
2026-07-24T12:00:00+00:00,4047.9,4051.7,4042.0,4046.5,1783523.0,real_delta_india
2026-07-24T13:00:00+00:00,4046.5,4060.5,4034.5,4059.9,5054499.0,real_delta_india
2026-07-24T14:00:00+00:00,4059.9,4062.2,4047.8,4059.1,2587247.0,real_delta_india
2026-07-24T15:00:00+00:00,4059.1,4076.4,4057.3,4070.2,3107958.0,real_delta_india
2026-07-24T16:00:00+00:00,4070.2,4070.5,4057.0,4060.0,1625744.0,real_delta_india
2026-07-24T17:00:00+00:00,4060.0,4063.2,4055.2,4056.7,1360020.0,real_delta_india
2026-07-24T18:00:00+00:00,4056.7,4057.9,4044.9,4048.9,1260068.0,real_delta_india
2026-07-24T19:00:00+00:00,4048.7,4051.9,4042.9,4048.1,677215.0,real_delta_india
2026-07-24T20:00:00+00:00,4047.8,4049.7,4045.1,4046.2,200515.0,real_delta_india
2026-07-24T21:00:00+00:00,4046.2,4050.0,4046.2,4049.9,85252.0,real_delta_india
2026-07-24T22:00:00+00:00,4049.7,4050.2,4049.2,4050.1,13191.0,real_delta_india
2026-07-24T23:00:00+00:00,4050.1,4052.0,4049.8,4051.3,79888.0,real_delta_india
2026-07-25T00:00:00+00:00,4051.5,4053.2,4051.2,4051.5,75898.0,real_delta_india
2026-07-25T01:00:00+00:00,4051.5,4051.9,4050.6,4050.9,60122.0,real_delta_india
2026-07-25T02:00:00+00:00,4050.9,4051.3,4049.4,4049.9,103693.0,real_delta_india
2026-07-25T03:00:00+00:00,4049.9,4050.1,4048.7,4049.3,77867.0,real_delta_india
2026-07-25T04:00:00+00:00,4049.6,4049.7,4048.7,4049.48,95290.0,real_delta_india
2026-07-25T05:00:00+00:00,4049.3,4049.6,4048.7,4049.5,77716.0,real_delta_india
2026-07-25T06:00:00+00:00,4049.5,4049.6,4048.8,4049.3,38916.0,real_delta_india
2026-07-25T07:00:00+00:00,4049.5,4049.5,4048.0,4048.3,35152.0,real_delta_india
2026-07-25T08:00:00+00:00,4048.4,4048.6,4048.1,4048.6,45036.0,real_delta_india
2026-07-25T09:00:00+00:00,4048.4,4048.6,4048.2,4048.4,28072.0,real_delta_india
2026-07-25T10:00:00+00:00,4048.4,4048.8,4046.3,4048.0,136354.0,real_delta_india
2026-07-25T11:00:00+00:00,4048.3,4049.4,4048.3,4048.9,70730.0,real_delta_india
2026-07-25T12:00:00+00:00,4048.6,4049.1,4048.3,4049.0,107792.0,real_delta_india
2026-07-25T13:00:00+00:00,4049.0,4051.3,4048.8,4050.0,74181.0,real_delta_india
2026-07-25T14:00:00+00:00,4050.1,4051.9,4049.2,4051.2,99052.0,real_delta_india
2026-07-25T15:00:00+00:00,4051.2,4051.9,4050.2,4051.3,75995.0,real_delta_india
2026-07-25T16:00:00+00:00,4051.1,4051.3,4049.1,4051.2,74887.0,real_delta_india
2026-07-25T17:00:00+00:00,4051.0,4051.4,4050.8,4051.2,32780.0,real_delta_india
2026-07-25T18:00:00+00:00,4051.48,4054.1,4051.48,4053.6,103238.0,real_delta_india
2026-07-25T19:00:00+00:00,4053.6,4053.6,4050.7,4052.6,47896.0,real_delta_india
2026-07-25T20:00:00+00:00,4052.6,4052.7,4050.6,4052.4,8417.0,real_delta_india
2026-07-25T21:00:00+00:00,4052.4,4054.2,4052.4,4053.2,37230.0,real_delta_india
2026-07-25T22:00:00+00:00,4053.4,4054.3,4053.0,4053.0,28340.0,real_delta_india
2026-07-25T23:00:00+00:00,4053.4,4053.6,4052.3,4052.4,1792.0,real_delta_india
2026-07-26T00:00:00+00:00,4052.6,4052.7,4051.4,4052.0,50693.0,real_delta_india
2026-07-26T01:00:00+00:00,4052.0,4052.3,4051.6,4052.2,38698.0,real_delta_india
2026-07-26T02:00:00+00:00,4052.19,4052.19,4051.7,4052.0,18705.0,real_delta_india
2026-07-26T03:00:00+00:00,4052.0,4053.0,4051.8,4053.0,32735.0,real_delta_india
2026-07-26T04:00:00+00:00,4053.0,4055.6,4052.8,4054.5,103188.0,real_delta_india
2026-07-26T05:00:00+00:00,4054.5,4055.8,4053.1,4055.3,82710.0,real_delta_india
2026-07-26T06:00:00+00:00,4055.3,4055.3,4052.3,4053.6,128922.0,real_delta_india
2026-07-26T07:00:00+00:00,4053.6,4054.2,4052.7,4053.0,28530.0,real_delta_india
2026-07-26T08:00:00+00:00,4053.0,4054.4,4052.8,4054.1,41118.0,real_delta_india
2026-07-26T09:00:00+00:00,4054.3,4054.4,4053.74,4054.3,63038.0,real_delta_india
2026-07-26T10:00:00+00:00,4054.1,4058.2,4054.1,4057.5,189109.0,real_delta_india
2026-07-26T11:00:00+00:00,4057.2,4058.0,4053.7,4055.9,69880.0,real_delta_india
2026-07-26T12:00:00+00:00,4055.9,4056.8,4055.4,4055.5,67716.0,real_delta_india
2026-07-26T13:00:00+00:00,4055.5,4058.1,4055.4,4057.4,73480.0,real_delta_india
2026-07-26T14:00:00+00:00,4057.4,4059.1,4057.0,4058.37,106392.0,real_delta_india
2026-07-26T15:00:00+00:00,4058.37,4060.2,4057.6,4059.9,176242.0,real_delta_india
2026-07-26T16:00:00+00:00,4060.1,4063.7,4059.7,4060.9,292421.0,real_delta_india
2026-07-26T17:00:00+00:00,4060.5,4062.1,4059.0,4060.7,171926.0,real_delta_india
2026-07-26T18:00:00+00:00,4060.7,4060.7,4059.0,4059.6,81723.0,real_delta_india
2026-07-26T19:00:00+00:00,4059.9,4059.9,4059.1,4059.2,20333.0,real_delta_india
2026-07-26T20:00:00+00:00,4059.4,4059.9,4059.0,4059.6,24176.0,real_delta_india
2026-07-26T21:00:00+00:00,4060.0,4069.9,4060.0,4069.6,223912.0,real_delta_india
2026-07-26T22:00:00+00:00,4070.0,4088.9,4070.0,4083.4,786758.0,real_delta_india
2026-07-26T23:00:00+00:00,4082.2,4087.9,4075.8,4085.5,410482.0,real_delta_india
2026-07-27T00:00:00+00:00,4085.8,4106.8,4082.78,4092.3,1703538.0,real_delta_india
2026-07-27T01:00:00+00:00,4095.3,4102.7,4087.3,4100.3,865003.0,real_delta_india
2026-07-27T02:00:00+00:00,4100.3,4100.7,4085.0,4085.3,763255.0,real_delta_india
2026-07-27T03:00:00+00:00,4085.03,4086.9,4076.8,4082.6,1079365.0,real_delta_india
2026-07-27T04:00:00+00:00,4082.8,4084.8,4078.2,4081.8,664624.0,real_delta_india
2026-07-27T05:00:00+00:00,4081.8,4087.4,4076.7,4084.2,1187455.0,real_delta_india
2026-07-27T06:00:00+00:00,4084.5,4091.6,4083.3,4088.8,1500842.0,real_delta_india
2026-07-27T07:00:00+00:00,4089.3,4097.5,4079.7,4080.3,1687566.0,real_delta_india
2026-07-27T08:00:00+00:00,4080.3,4088.7,4077.8,4088.2,1362358.0,real_delta_india
2026-07-27T09:00:00+00:00,4087.7,4092.2,4081.8,4088.1,866774.0,real_delta_india
2026-07-27T10:00:00+00:00,4088.2,4093.8,4079.2,4091.4,1020108.0,real_delta_india
2026-07-27T11:00:00+00:00,4091.2,4096.0,4084.7,4085.3,1130117.0,real_delta_india
2026-07-27T12:00:00+00:00,4085.0,4088.6,4071.9,4075.4,3530190.0,real_delta_india
2026-07-27T13:00:00+00:00,4075.6,4082.2,4061.9,4065.1,4282028.0,real_delta_india
2026-07-27T14:00:00+00:00,4065.7,4071.4,4056.4,4069.1,2648306.0,real_delta_india
2026-07-27T15:00:00+00:00,4068.8,4072.8,4063.5,4071.71,1461086.0,real_delta_india
2026-07-27T16:00:00+00:00,4071.5,4086.5,4070.8,4075.5,2781720.0,real_delta_india
2026-07-27T17:00:00+00:00,4075.7,4075.7,4064.1,4070.6,1572461.0,real_delta_india
2026-07-27T18:00:00+00:00,4070.6,4073.3,4066.9,4072.1,733105.0,real_delta_india
2026-07-27T19:00:00+00:00,4071.9,4081.5,4069.8,4075.8,859713.0,real_delta_india
2026-07-27T20:00:00+00:00,4076.4,4076.4,4068.2,4069.0,256296.0,real_delta_india
2026-07-27T21:00:00+00:00,4069.0,4072.7,4067.2,4067.6,112609.0,real_delta_india
2026-07-27T22:00:00+00:00,4070.0,4072.5,4062.7,4065.2,155716.0,real_delta_india
2026-07-27T23:00:00+00:00,4064.9,4066.4,4060.5,4064.0,296599.0,real_delta_india
2026-07-28T00:00:00+00:00,4064.2,4064.9,4049.1,4049.6,1165743.0,real_delta_india
2026-07-28T01:00:00+00:00,4049.71,4052.1,4034.9,4037.4,1513126.0,real_delta_india
2026-07-28T02:00:00+00:00,4037.4,4041.7,4033.9,4035.6,1109617.0,real_delta_india
2026-07-28T03:00:00+00:00,4035.6,4044.5,4033.8,4042.6,952691.0,real_delta_india
2026-07-28T04:00:00+00:00,4042.6,4043.0,4035.1,4036.0,717792.0,real_delta_india
2026-07-28T05:00:00+00:00,4036.0,4040.6,4028.3,4039.6,1781103.0,real_delta_india
2026-07-28T06:00:00+00:00,4039.4,4046.2,4037.0,4042.1,1247935.0,real_delta_india
2026-07-28T07:00:00+00:00,4042.1,4046.48,4039.5,4040.3,990585.0,real_delta_india
2026-07-28T08:00:00+00:00,4040.1,4048.6,4036.3,4039.7,1376052.0,real_delta_india
2026-07-28T09:00:00+00:00,4039.7,4040.2,4014.1,4018.2,2160330.0,real_delta_india
2026-07-28T10:00:00+00:00,4018.4,4024.2,4012.7,4022.3,1837409.0,real_delta_india
2026-07-28T11:00:00+00:00,4022.3,4026.9,4018.5,4023.4,1088859.0,real_delta_india
2026-07-28T12:00:00+00:00,4023.3,4032.7,4017.8,4024.2,2175005.0,real_delta_india
2026-07-28T13:00:00+00:00,4025.0,4030.2,4014.0,4016.7,1966329.0,real_delta_india
2026-07-28T14:00:00+00:00,4016.7,4027.5,4006.45,4019.6,2975940.0,real_delta_india
2026-07-28T15:00:00+00:00,4019.3,4042.5,4017.5,4041.9,3171998.0,real_delta_india
2026-07-28T16:00:00+00:00,4041.7,4042.3,4031.7,4032.6,1374422.0,real_delta_india
2026-07-28T17:00:00+00:00,4032.8,4036.4,4021.1,4023.3,1522059.0,real_delta_india
2026-07-28T18:00:00+00:00,4022.9,4025.8,4017.5,4018.8,811460.0,real_delta_india
2026-07-28T19:00:00+00:00,4018.8,4024.3,4017.9,4022.1,577837.0,real_delta_india
2026-07-28T20:00:00+00:00,4021.8,4026.0,4018.8,4024.1,202940.0,real_delta_india
2026-07-28T21:00:00+00:00,4024.1,4028.1,4024.1,4026.4,80880.0,real_delta_india
2026-07-28T22:00:00+00:00,4025.91,4029.7,4009.8,4014.7,522335.0,real_delta_india
2026-07-28T23:00:00+00:00,4014.5,4022.2,4011.0,4020.5,321814.0,real_delta_india
2026-07-29T00:00:00+00:00,4020.5,4026.1,4014.4,4017.7,363365.0,real_delta_india
2026-07-29T01:00:00+00:00,4017.0,4026.1,4006.2,4020.7,1303550.0,real_delta_india
2026-07-29T02:00:00+00:00,4021.0,4032.7,4018.1,4025.2,1194026.0,real_delta_india
2026-07-29T03:00:00+00:00,4025.2,4027.6,4018.0,4018.1,646096.0,real_delta_india
2026-07-29T04:00:00+00:00,4018.9,4023.2,4015.5,4022.2,720231.0,real_delta_india
2026-07-29T05:00:00+00:00,4022.3,4034.8,4021.9,4029.2,1173353.0,real_delta_india
2026-07-29T06:00:00+00:00,4028.3,4039.2,4028.1,4035.7,1521461.0,real_delta_india
2026-07-29T07:00:00+00:00,4035.7,4042.0,4035.7,4036.7,1109788.0,real_delta_india
2026-07-29T08:00:00+00:00,4037.0,4038.0,4028.8,4031.2,1164574.0,real_delta_india
2026-07-29T09:00:00+00:00,4032.0,4032.0,4026.17,4027.4,953366.0,real_delta_india
2026-07-29T10:00:00+00:00,4027.6,4029.1,4021.1,4021.73,1355374.0,real_delta_india
2026-07-29T11:00:00+00:00,4022.2,4031.4,4020.6,4028.5,1407903.0,real_delta_india
2026-07-29T12:00:00+00:00,4028.9,4029.2,4006.0,4018.3,3237862.0,real_delta_india
2026-07-29T13:00:00+00:00,4018.33,4021.6,3999.58,4004.9,3822226.0,real_delta_india
2026-07-29T14:00:00+00:00,4004.4,4008.0,3994.5,4005.6,3285252.0,real_delta_india
2026-07-29T15:00:00+00:00,4005.6,4012.6,4003.8,4008.2,1654535.0,real_delta_india
2026-07-29T16:00:00+00:00,4008.4,4030.1,4006.8,4025.1,2767720.0,real_delta_india
2026-07-29T17:00:00+00:00,4024.9,4045.8,4024.6,4039.8,5319670.0,real_delta_india
2026-07-29T18:00:00+00:00,4039.8,4099.0,4038.9,4096.9,11656008.0,real_delta_india
2026-07-29T19:00:00+00:00,4097.3,4104.95,4037.0,4037.7,4890843.0,real_delta_india
2026-07-29T20:00:00+00:00,4038.5,4061.6,4035.4,4059.9,1582638.0,real_delta_india
2026-07-29T21:00:00+00:00,4060.1,4060.1,4053.5,4056.0,204045.0,real_delta_india
2026-07-29T22:00:00+00:00,4057.32,4081.3,4057.1,4079.8,466407.0,real_delta_india
2026-07-29T23:00:00+00:00,4079.9,4090.4,4076.3,4076.4,672054.0,real_delta_india
2026-07-30T00:00:00+00:00,4077.0,4078.8,4058.3,4064.2,639956.0,real_delta_india
2026-07-30T01:00:00+00:00,4064.1,4083.4,4063.2,4076.37,1169832.0,real_delta_india
2026-07-30T02:00:00+00:00,4076.3,4081.0,4056.5,4057.2,1114063.0,real_delta_india
2026-07-30T03:00:00+00:00,4057.5,4063.9,4045.9,4053.6,1626132.0,real_delta_india
2026-07-30T04:00:00+00:00,4053.4,4054.5,4040.96,4042.5,895809.0,real_delta_india
2026-07-30T05:00:00+00:00,4042.1,4048.9,4025.7,4031.4,3060456.0,real_delta_india
2026-07-30T06:00:00+00:00,4032.3,4037.5,4027.9,4033.3,1277235.0,real_delta_india
2026-07-30T07:00:00+00:00,4033.2,4047.0,4032.6,4035.8,2132179.0,real_delta_india
2026-07-30T08:00:00+00:00,4036.1,4066.6,4034.3,4055.6,3309056.0,real_delta_india
2026-07-30T09:00:00+00:00,4055.7,4067.3,4054.0,4057.9,2001140.0,real_delta_india
2026-07-30T10:00:00+00:00,4057.9,4077.0,4057.5,4071.0,2197769.0,real_delta_india
2026-07-30T11:00:00+00:00,4070.7,4075.8,4068.8,4071.8,1434700.0,real_delta_india
2026-07-30T12:00:00+00:00,4072.1,4080.6,4061.3,4063.9,4352726.0,real_delta_india
2026-07-30T13:00:00+00:00,4063.56,4101.6,4059.5,4101.5,5043429.0,real_delta_india
2026-07-30T14:00:00+00:00,4101.1,4109.0,4078.0,4090.4,5310025.0,real_delta_india
2026-07-30T15:00:00+00:00,4090.2,4099.8,4074.2,4096.7,2877180.0,real_delta_india
2026-07-30T16:00:00+00:00,4096.8,4107.3,4093.7,4097.8,3412950.0,real_delta_india
2026-07-30T17:00:00+00:00,4097.88,4098.2,4087.5,4091.8,1999263.0,real_delta_india
2026-07-30T18:00:00+00:00,4091.7,4097.1,4088.1,4088.6,902650.0,real_delta_india
2026-07-30T19:00:00+00:00,4088.9,4103.7,4088.0,4100.5,1025883.0,real_delta_india
2026-07-30T20:00:00+00:00,4099.8,4105.6,4089.2,4093.6,630056.0,real_delta_india
2026-07-30T21:00:00+00:00,4093.8,4097.6,4091.7,4097.3,166896.0,real_delta_india
2026-07-30T22:00:00+00:00,4097.3,4099.2,4092.9,4098.3,151943.0,real_delta_india
2026-07-30T23:00:00+00:00,4098.7,4100.5,4092.5,4094.6,222184.0,real_delta_india
2026-07-31T00:00:00+00:00,4095.2,4095.2,4080.0,4085.9,1006268.0,real_delta_india
2026-07-31T01:00:00+00:00,4086.2,4091.7,4072.9,4075.7,1402232.0,real_delta_india
2026-07-31T02:00:00+00:00,4075.6,4081.2,4066.7,4068.2,1391159.0,real_delta_india
2026-07-31T03:00:00+00:00,4068.0,4071.8,4064.95,4067.6,1169300.0,real_delta_india
2026-07-31T04:00:00+00:00,4067.8,4075.5,4066.5,4074.1,1366794.0,real_delta_india
2026-07-31T05:00:00+00:00,4074.0,4084.5,4073.1,4075.8,2042064.0,real_delta_india
2026-07-31T06:00:00+00:00,4075.6,4088.0,4073.7,4079.53,2118804.0,real_delta_india
2026-07-31T07:00:00+00:00,4079.2,4079.6,4066.2,4066.9,2139130.0,real_delta_india
2026-07-31T08:00:00+00:00,4066.8,4069.0,4056.5,4063.7,2975317.0,real_delta_india
2026-07-31T09:00:00+00:00,4064.2,4066.2,4054.2,4058.9,1759844.0,real_delta_india
2026-07-31T10:00:00+00:00,4059.1,4063.0,4056.3,4059.5,946186.0,real_delta_india
2026-07-31T11:00:00+00:00,4059.4,4065.7,4055.3,4058.5,1841212.0,real_delta_india
2026-07-31T12:00:00+00:00,4058.7,4063.7,4046.0,4046.3,3376876.0,real_delta_india
2026-07-31T13:00:00+00:00,4046.0,4052.5,4029.0,4032.7,4899820.0,real_delta_india
2026-07-31T14:00:00+00:00,4032.6,4056.8,4028.4,4055.7,3618015.0,real_delta_india
2026-07-31T15:00:00+00:00,4055.5,4058.3,4042.36,4051.4,3214557.0,real_delta_india
2026-07-31T16:00:00+00:00,4051.4,4055.8,4046.9,4049.4,2184850.0,real_delta_india
2026-07-31T17:00:00+00:00,4049.2,4059.6,4047.1,4058.5,1908181.0,real_delta_india
2026-07-31T18:00:00+00:00,4058.7,4059.5,4050.8,4055.1,1137002.0,real_delta_india
2026-07-31T19:00:00+00:00,4055.1,4060.9,4051.0,4054.6,989084.0,real_delta_india
2026-07-31T20:00:00+00:00,4055.7,4056.8,4047.2,4047.8,384436.0,real_delta_india
2026-07-31T21:00:00+00:00,4048.3,4054.7,4048.2,4050.5,112218.0,real_delta_india
2026-07-31T22:00:00+00:00,4050.4,4054.8,4050.4,4054.1,25374.0,real_delta_india
2026-07-31T23:00:00+00:00,4054.1,4054.5,4052.5,4053.0,64270.0,real_delta_india
2026-08-01T00:00:00+00:00,4052.8,4053.3,4050.4,4052.0,110386.0,real_delta_india
2026-08-01T01:00:00+00:00,4052.2,4052.5,4050.3,4051.2,50200.0,real_delta_india
2026-08-01T02:00:00+00:00,4051.0,4053.4,4050.5,4053.0,155541.0,real_delta_india
2026-08-01T03:00:00+00:00,4053.0,4053.0,4050.5,4051.0,98828.0,real_delta_india
2026-08-01T04:00:00+00:00,4051.0,4052.3,4049.6,4052.1,182840.0,real_delta_india
2026-08-01T05:00:00+00:00,4052.1,4052.8,4051.4,4051.7,112781.0,real_delta_india
2026-08-01T06:00:00+00:00,4051.9,4052.0,4050.8,4051.3,90765.0,real_delta_india
2026-08-01T07:00:00+00:00,4051.3,4052.0,4051.1,4052.0,29496.0,real_delta_india
2026-08-01T08:00:00+00:00,4051.9,4053.3,4051.5,4053.2,70379.0,real_delta_india
2026-08-01T09:00:00+00:00,4053.0,4053.9,4052.8,4053.0,140332.0,real_delta_india
2026-08-01T10:00:00+00:00,4053.3,4053.3,4051.1,4051.6,64279.0,real_delta_india
2026-08-01T11:00:00+00:00,4051.6,4052.4,4051.5,4052.2,51198.0,real_delta_india
2026-08-01T12:00:00+00:00,4052.5,4053.0,4052.0,4053.0,52785.0,real_delta_india
2026-08-01T13:00:00+00:00,4053.0,4053.5,4051.6,4052.2,37932.0,real_delta_india
2026-08-01T14:00:00+00:00,4052.0,4052.4,4051.5,4052.2,58002.0,real_delta_india
2026-08-01T15:00:00+00:00,4052.02,4052.2,4050.6,4050.7,73198.0,real_delta_india
2026-08-01T16:00:00+00:00,4050.7,4051.3,4048.0,4048.1,174331.0,real_delta_india
2026-08-01T17:00:00+00:00,4048.1,4049.0,4046.6,4047.3,222615.0,real_delta_india
2026-08-01T18:00:00+00:00,4047.2,4047.2,4042.3,4044.8,281075.0,real_delta_india
2026-08-01T19:00:00+00:00,4043.9,4054.8,4043.6,4053.7,388029.0,real_delta_india
2026-08-01T20:00:00+00:00,4053.8,4055.4,4051.5,4054.3,186678.0,real_delta_india
2026-08-01T21:00:00+00:00,4054.0,4055.9,4053.4,4054.6,80557.0,real_delta_india
2026-08-01T22:00:00+00:00,4054.59,4055.6,4054.4,4054.6,37529.0,real_delta_india
2026-08-01T23:00:00+00:00,4054.6,4054.7,4053.3,4053.3,37479.0,real_delta_india
2026-08-02T00:00:00+00:00,4053.6,4057.4,4053.4,4055.6,133069.0,real_delta_india
2026-08-02T01:00:00+00:00,4055.4,4059.6,4055.4,4058.8,165198.0,real_delta_india
2026-08-02T02:00:00+00:00,4058.6,4062.9,4058.2,4062.7,340308.0,real_delta_india
2026-08-02T03:00:00+00:00,4062.5,4065.5,4062.2,4064.1,351480.0,real_delta_india
2026-08-02T04:00:00+00:00,4064.1,4068.0,4063.9,4066.5,438339.0,real_delta_india
2026-08-02T05:00:00+00:00,4066.3,4067.2,4064.9,4065.6,211965.0,real_delta_india
2026-08-02T06:00:00+00:00,4065.6,4066.2,4064.6,4066.1,138014.0,real_delta_india
2026-08-02T07:00:00+00:00,4065.6,4066.4,4064.0,4064.3,162320.0,real_delta_india
2026-08-02T08:00:00+00:00,4064.3,4065.0,4063.1,4063.5,144480.0,real_delta_india
2026-08-02T09:00:00+00:00,4063.8,4064.9,4063.3,4064.62,106479.0,real_delta_india
2026-08-02T10:00:00+00:00,4064.8,4064.9,4064.1,4064.6,60923.0,real_delta_india
2026-08-02T11:00:00+00:00,4064.59,4065.5,4063.6,4064.1,130540.0,real_delta_india
2026-08-02T12:00:00+00:00,4064.1,4065.6,4063.7,4065.17,103731.0,real_delta_india
2026-08-02T13:00:00+00:00,4065.17,4065.8,4064.7,4065.19,166093.0,real_delta_india
2026-08-02T14:00:00+00:00,4065.19,4067.6,4060.7,4066.0,517738.0,real_delta_india
2026-08-02T15:00:00+00:00,4066.0,4066.2,4064.4,4066.0,172907.0,real_delta_india
2026-08-02T16:00:00+00:00,4065.8,4069.5,4065.8,4068.2,333213.0,real_delta_india
2026-08-02T17:00:00+00:00,4068.4,4074.6,4066.5,4072.9,579093.0,real_delta_india
2026-08-02T18:00:00+00:00,4072.6,4074.1,4070.5,4071.2,271362.0,real_delta_india
2026-08-02T19:00:00+00:00,4071.8,4073.5,4069.3,4071.04,173642.0,real_delta_india
2026-08-02T20:00:00+00:00,4071.04,4076.3,4070.8,4073.1,210349.0,real_delta_india
2026-08-02T21:00:00+00:00,4073.1,4080.6,4070.8,4078.5,277006.0,real_delta_india
2026-08-02T22:00:00+00:00,4078.5,4086.8,4067.1,4067.5,836864.0,real_delta_india
2026-08-02T23:00:00+00:00,4067.6,4077.9,4066.7,4077.6,381406.0,real_delta_india
2026-08-03T00:00:00+00:00,4077.8,4081.2,4059.0,4060.1,1176572.0,real_delta_india
2026-08-03T01:00:00+00:00,4060.1,4066.1,4051.3,4059.8,1460678.0,real_delta_india
2026-08-03T02:00:00+00:00,4060.4,4069.0,4055.2,4065.0,1158907.0,real_delta_india
2026-08-03T03:00:00+00:00,4065.2,4070.1,4061.0,4066.6,1146084.0,real_delta_india
2026-08-03T04:00:00+00:00,4066.76,4073.2,4065.0,4065.2,1226416.0,real_delta_india
2026-08-03T05:00:00+00:00,4065.2,4070.7,4056.04,4069.7,2287856.0,real_delta_india
2026-08-03T06:00:00+00:00,4069.9,4072.4,4063.0,4064.81,1599011.0,real_delta_india
2026-08-03T07:00:00+00:00,4064.0,4066.1,4054.4,4063.1,1677524.0,real_delta_india
2026-08-03T08:00:00+00:00,4063.3,4064.0,4055.5,4061.0,932070.0,real_delta_india
2026-08-03T09:00:00+00:00,4061.2,4063.9,4049.9,4058.1,1699825.0,real_delta_india
2026-08-03T10:00:00+00:00,4058.1,4059.1,4049.6,4053.19,1091500.0,real_delta_india
2026-08-03T11:00:00+00:00,4053.19,4066.6,4049.7,4064.9,1728076.0,real_delta_india
2026-08-03T12:00:00+00:00,4064.8,4067.0,4046.0,4052.5,3372894.0,real_delta_india
2026-08-03T13:00:00+00:00,4052.8,4057.5,4025.4,4039.2,5339248.0,real_delta_india
2026-08-03T14:00:00+00:00,4039.1,4047.0,4034.1,4043.9,2469487.0,real_delta_india
2026-08-03T15:00:00+00:00,4043.9,4048.13,4037.6,4043.5,1876890.0,real_delta_india
2026-08-03T16:00:00+00:00,4043.7,4046.0,4041.4,4044.6,856459.0,real_delta_india
2026-08-03T17:00:00+00:00,4044.6,4044.8,4037.58,4037.8,1004703.0,real_delta_india
2026-08-03T18:00:00+00:00,4038.0,4051.5,4036.4,4050.8,1188105.0,real_delta_india
2026-08-03T19:00:00+00:00,4051.0,4061.5,4051.0,4057.2,1113171.0,real_delta_india
2026-08-03T20:00:00+00:00,4056.8,4063.0,4055.1,4060.0,467715.0,real_delta_india
2026-08-03T21:00:00+00:00,4059.9,4059.9,4056.5,4058.2,121937.0,real_delta_india
2026-08-03T22:00:00+00:00,4058.1,4058.1,4053.5,4056.7,266167.0,real_delta_india
2026-08-03T23:00:00+00:00,4056.7,4059.0,4054.0,4056.5,225518.0,real_delta_india
2026-08-04T00:00:00+00:00,4057.21,4072.9,4051.2,4051.2,1382830.0,real_delta_india
2026-08-04T01:00:00+00:00,4051.3,4065.0,4048.0,4061.6,1241072.0,real_delta_india
2026-08-04T02:00:00+00:00,4061.6,4066.7,4057.2,4060.6,889488.0,real_delta_india
2026-08-04T03:00:00+00:00,4060.6,4063.1,4054.2,4054.6,859389.0,real_delta_india
2026-08-04T04:00:00+00:00,4054.6,4067.4,4054.0,4065.2,1202420.0,real_delta_india
2026-08-04T05:00:00+00:00,4065.4,4069.0,4058.6,4063.0,1461777.0,real_delta_india
2026-08-04T06:00:00+00:00,4063.0,4067.0,4057.7,4065.3,1136099.0,real_delta_india
2026-08-04T07:00:00+00:00,4065.3,4068.0,4062.0,4066.2,1024405.0,real_delta_india
2026-08-04T08:00:00+00:00,4066.4,4073.3,4053.9,4057.79,2017515.0,real_delta_india
2026-08-04T09:00:00+00:00,4057.79,4057.8,4046.5,4051.94,1504062.0,real_delta_india
2026-08-04T10:00:00+00:00,4049.11,4063.9,4048.0,4054.4,917499.0,real_delta_india
2026-08-04T11:00:00+00:00,4054.4,4084.0,4051.8,4071.8,2657670.0,real_delta_india
2026-08-04T12:00:00+00:00,4073.0,4084.1,4060.0,4072.2,2162674.0,real_delta_india
2026-08-04T13:00:00+00:00,4072.6,4090.0,4060.01,4080.0,2698647.0,real_delta_india
2026-08-04T14:00:00+00:00,4083.0,4088.5,4070.4,4083.1,1573393.0,real_delta_india
2026-08-04T15:00:00+00:00,4078.9,4085.0,4072.0,4082.0,863598.0,real_delta_india
2026-08-04T16:00:00+00:00,4082.0,4090.0,4078.5,4086.9,1156420.0,real_delta_india
2026-08-04T17:00:00+00:00,4087.37,4102.2,4080.12,4080.12,1999809.0,real_delta_india
2026-08-04T18:00:00+00:00,4080.12,4086.2,4072.0,4075.11,1063785.0,real_delta_india
2026-08-04T19:00:00+00:00,4076.1,4082.6,4074.0,4075.0,244061.0,real_delta_india
2026-08-04T20:00:00+00:00,4075.0,4078.39,4073.2,4073.99,131450.0,real_delta_india
2026-08-04T21:00:00+00:00,4076.9,4083.79,4074.9,4078.5,96578.0,real_delta_india
2026-08-04T22:00:00+00:00,4076.85,4083.5,4072.4,4072.77,137701.0,real_delta_india
2026-08-04T23:00:00+00:00,4072.77,4074.8,4061.7,4068.1,483523.0,real_delta_india
2026-08-05T00:00:00+00:00,4068.2,4081.3,4066.2,4076.4,396615.0,real_delta_india
2026-08-05T01:00:00+00:00,4076.34,4099.9,4072.5,4095.3,785549.0,real_delta_india
2026-08-05T02:00:00+00:00,4097.0,4130.0,4089.3,4120.3,2268886.0,real_delta_india
2026-08-05T03:00:00+00:00,4123.0,4127.5,4116.7,4120.52,1000339.0,real_delta_india
2026-08-05T04:00:00+00:00,4120.52,4134.8,4117.7,4130.5,1414843.0,real_delta_india
2026-08-05T05:00:00+00:00,4130.5,4165.4,4126.71,4149.9,2381416.0,real_delta_india
2026-08-05T06:00:00+00:00,4149.8,4170.0,4149.3,4164.5,1760281.0,real_delta_india
2026-08-05T07:00:00+00:00,4167.28,4167.28,4150.9,4163.5,1232363.0,real_delta_india
2026-08-05T08:00:00+00:00,4163.0,4164.3,4148.48,4152.85,850063.0,real_delta_india
2026-08-05T09:00:00+00:00,4150.6,4159.2,4142.2,4151.1,1066332.0,real_delta_india
2026-08-05T10:00:00+00:00,4151.09,4155.4,4138.5,4155.3,1045820.0,real_delta_india
2026-08-05T11:00:00+00:00,4155.3,4182.2,4151.0,4179.04,2836818.0,real_delta_india
2026-08-05T12:00:00+00:00,4179.04,4206.0,4171.8,4172.6,4067056.0,real_delta_india
2026-08-05T13:00:00+00:00,4172.7,4196.7,4172.7,4196.2,3583940.0,real_delta_india
2026-08-05T14:00:00+00:00,4196.2,4236.7,4193.9,4231.0,6797535.0,real_delta_india
2026-08-05T15:00:00+00:00,4231.1,4250.0,4220.0,4220.6,5116028.0,real_delta_india
2026-08-05T16:00:00+00:00,4220.5,4236.8,4213.0,4230.8,4080916.0,real_delta_india
2026-08-05T17:00:00+00:00,4230.9,4242.1,4226.4,4240.0,1982876.0,real_delta_india
2026-08-05T18:00:00+00:00,4239.2,4256.9,4238.4,4250.2,2678062.0,real_delta_india
2026-08-05T19:00:00+00:00,4248.9,4251.2,4234.7,4234.9,1240987.0,real_delta_india
2026-08-05T20:00:00+00:00,4235.3,4239.0,4232.4,4238.1,375802.0,real_delta_india
2026-08-05T21:00:00+00:00,4238.9,4241.31,4237.8,4238.8,253595.0,real_delta_india
2026-08-05T22:00:00+00:00,4238.0,4242.2,4235.7,4238.7,108132.0,real_delta_india
2026-08-05T23:00:00+00:00,4238.9,4270.8,4238.6,4267.4,1324815.0,real_delta_india
2026-08-06T00:00:00+00:00,4266.7,4289.6,4255.0,4284.7,2028154.0,real_delta_india
2026-08-06T01:00:00+00:00,4288.0,4292.8,4264.2,4277.6,2351892.0,real_delta_india
2026-08-06T02:00:00+00:00,4277.0,4293.8,4265.0,4267.8,2110629.0,real_delta_india
2026-08-06T03:00:00+00:00,4267.8,4270.7,4251.0,4257.5,2252667.0,real_delta_india
2026-08-06T04:00:00+00:00,4257.5,4258.5,4244.6,4254.1,1653945.0,real_delta_india
2026-08-06T05:00:00+00:00,4254.0,4260.4,4238.9,4259.6,2664610.0,real_delta_india
2026-08-06T06:00:00+00:00,4259.6,4261.0,4242.7,4248.3,1855860.0,real_delta_india
2026-08-06T07:00:00+00:00,4248.2,4257.8,4245.8,4255.7,1258389.0,real_delta_india
2026-08-06T08:00:00+00:00,4255.9,4271.6,4252.9,4271.4,2718091.0,real_delta_india
2026-08-06T09:00:00+00:00,4271.2,4277.3,4263.5,4266.9,2352815.0,real_delta_india
2026-08-06T10:00:00+00:00,4266.7,4267.1,4257.6,4264.0,1655390.0,real_delta_india
2026-08-06T11:00:00+00:00,4263.9,4266.3,4247.0,4257.2,3083694.0,real_delta_india
2026-08-06T12:00:00+00:00,4257.2,4264.1,4242.9,4243.7,3858166.0,real_delta_india
2026-08-06T13:00:00+00:00,4243.7,4267.3,4223.6,4259.8,6582314.0,real_delta_india
2026-08-06T14:00:00+00:00,4259.9,4267.0,4251.8,4263.4,4196552.0,real_delta_india
2026-08-06T15:00:00+00:00,4263.4,4264.9,4220.58,4226.7,4986854.0,real_delta_india
2026-08-06T16:00:00+00:00,4226.9,4238.1,4217.4,4238.0,4856226.0,real_delta_india
2026-08-06T17:00:00+00:00,4238.0,4243.0,4233.3,4242.3,2389883.0,real_delta_india
2026-08-06T18:00:00+00:00,4242.3,4244.3,4234.3,4237.1,1223127.0,real_delta_india
2026-08-06T19:00:00+00:00,4237.58,4246.6,4227.3,4242.9,1753107.0,real_delta_india
2026-08-06T20:00:00+00:00,4243.4,4244.6,4229.0,4235.2,517512.0,real_delta_india
2026-08-06T21:00:00+00:00,4235.2,4237.5,4232.2,4233.7,112962.0,real_delta_india
2026-08-06T22:00:00+00:00,4234.8,4236.6,4229.3,4234.8,199667.0,real_delta_india
2026-08-06T23:00:00+00:00,4234.4,4247.0,4233.8,4246.3,324910.0,real_delta_india
2026-08-07T00:00:00+00:00,4245.7,4246.4,4222.8,4225.0,915446.0,real_delta_india
2026-08-07T01:00:00+00:00,4224.8,4252.0,4224.8,4249.4,1321750.0,real_delta_india
2026-08-07T02:00:00+00:00,4248.99,4255.5,4239.6,4242.8,1800874.0,real_delta_india
2026-08-07T03:00:00+00:00,4242.8,4259.5,4242.8,4258.9,1427604.0,real_delta_india
2026-08-07T04:00:00+00:00,4259.0,4261.5,4253.9,4257.6,1455965.0,real_delta_india
2026-08-07T05:00:00+00:00,4257.5,4273.1,4254.5,4271.2,2306785.0,real_delta_india
2026-08-07T06:00:00+00:00,4271.3,4289.7,4270.8,4288.4,3360248.0,real_delta_india
2026-08-07T07:00:00+00:00,4288.3,4288.8,4275.0,4282.9,2180571.0,real_delta_india
2026-08-07T08:00:00+00:00,4282.0,4307.3,4281.7,4297.8,4260522.0,real_delta_india
2026-08-07T09:00:00+00:00,4298.1,4312.2,4294.0,4307.6,2948512.0,real_delta_india
2026-08-07T10:00:00+00:00,4307.6,4310.7,4299.3,4306.6,1872047.0,real_delta_india
2026-08-07T11:00:00+00:00,4306.98,4318.7,4306.98,4312.1,3328160.0,real_delta_india
2026-08-07T12:00:00+00:00,4312.0,4359.2,4275.2,4348.0,13199459.0,real_delta_india
2026-08-07T13:00:00+00:00,4347.9,4354.6,4325.5,4334.8,7372597.0,real_delta_india
2026-08-07T14:00:00+00:00,4334.8,4341.0,4315.1,4328.3,5458651.0,real_delta_india
2026-08-07T15:00:00+00:00,4329.0,4345.3,4328.0,4328.9,3099258.0,real_delta_india
2026-08-07T16:00:00+00:00,4328.9,4336.9,4317.6,4318.4,3464288.0,real_delta_india
2026-08-07T17:00:00+00:00,4318.38,4331.4,4316.6,4328.8,2221103.0,real_delta_india
2026-08-07T18:00:00+00:00,4328.8,4331.9,4320.9,4324.0,911324.0,real_delta_india
2026-08-07T19:00:00+00:00,4325.66,4338.7,4325.1,4332.4,1136682.0,real_delta_india
2026-08-07T20:00:00+00:00,4332.4,4333.8,4325.6,4331.2,321700.0,real_delta_india
2026-08-07T21:00:00+00:00,4332.1,4339.3,4332.1,4334.0,156583.0,real_delta_india
2026-08-07T22:00:00+00:00,4334.1,4339.2,4333.6,4339.0,135333.0,real_delta_india
2026-08-07T23:00:00+00:00,4339.0,4340.4,4334.0,4339.7,98244.0,real_delta_india
2026-08-08T00:00:00+00:00,4339.9,4343.1,4337.7,4339.8,200263.0,real_delta_india
2026-08-08T01:00:00+00:00,4339.8,4340.9,4331.2,4333.1,325808.0,real_delta_india
2026-08-08T02:00:00+00:00,4333.29,4334.9,4329.4,4333.9,199452.0,real_delta_india
2026-08-08T03:00:00+00:00,4334.1,4336.1,4332.2,4335.8,131667.0,real_delta_india
2026-08-08T04:00:00+00:00,4336.0,4336.0,4328.5,4329.14,297949.0,real_delta_india
2026-08-08T05:00:00+00:00,4329.1,4333.6,4328.3,4332.6,232680.0,real_delta_india
2026-08-08T06:00:00+00:00,4332.68,4334.7,4331.2,4333.5,236748.0,real_delta_india
2026-08-08T07:00:00+00:00,4333.5,4336.0,4332.6,4334.6,225452.0,real_delta_india
2026-08-08T08:00:00+00:00,4334.6,4337.5,4333.3,4337.4,232212.0,real_delta_india
2026-08-08T09:00:00+00:00,4337.2,4339.4,4335.4,4337.7,177953.0,real_delta_india
2026-08-08T10:00:00+00:00,4337.9,4338.5,4334.0,4334.6,169013.0,real_delta_india
2026-08-08T11:00:00+00:00,4334.8,4338.8,4334.4,4336.1,124873.0,real_delta_india
2026-08-08T12:00:00+00:00,4336.1,4337.9,4334.2,4337.3,100852.0,real_delta_india
2026-08-08T13:00:00+00:00,4337.25,4338.4,4336.6,4338.2,160030.0,real_delta_india
2026-08-08T14:00:00+00:00,4338.1,4340.3,4337.1,4338.3,193779.0,real_delta_india
2026-08-08T15:00:00+00:00,4338.4,4341.9,4336.1,4340.7,222532.0,real_delta_india
2026-08-08T16:00:00+00:00,4340.7,4340.8,4336.6,4336.8,175395.0,real_delta_india
2026-08-08T17:00:00+00:00,4336.8,4338.8,4335.4,4337.7,129993.0,real_delta_india
2026-08-08T18:00:00+00:00,4337.7,4339.3,4337.3,4338.6,88277.0,real_delta_india
2026-08-08T19:00:00+00:00,4338.5,4339.2,4337.3,4338.3,34863.0,real_delta_india
2026-08-08T20:00:00+00:00,4338.3,4338.9,4337.8,4338.8,3135.0,real_delta_india
2026-08-08T21:00:00+00:00,4338.9,4339.8,4338.4,4338.9,18179.0,real_delta_india
2026-08-08T22:00:00+00:00,4338.9,4339.1,4338.8,4339.1,5447.0,real_delta_india
2026-08-08T23:00:00+00:00,4339.0,4344.3,4339.0,4342.6,96614.0,real_delta_india
2026-08-09T00:00:00+00:00,4342.7,4344.0,4340.6,4341.0,38158.0,real_delta_india
2026-08-09T01:00:00+00:00,4340.2,4342.0,4338.2,4340.0,54263.0,real_delta_india
2026-08-09T02:00:00+00:00,4340.0,4342.7,4339.4,4342.5,90014.0,real_delta_india
2026-08-09T03:00:00+00:00,4342.6,4342.8,4338.5,4339.5,107318.0,real_delta_india
2026-08-09T04:00:00+00:00,4339.55,4341.1,4339.3,4341.0,43279.0,real_delta_india
2026-08-09T05:00:00+00:00,4341.0,4341.7,4341.0,4341.5,6117.0,real_delta_india
