timestamp,open,high,low,close,volume,source
2026-06-11T20:00:00+00:00,61.05,61.17,60.99,61.09,16667.0,real_delta_india
2026-06-11T20:30:00+00:00,61.09,61.17,60.92,61.14,6369.0,real_delta_india
2026-06-11T21:00:00+00:00,61.09,61.13,61.07,61.13,2846.0,real_delta_india
2026-06-11T21:30:00+00:00,61.14,61.15,61.09,61.15,928.0,real_delta_india
2026-06-11T22:00:00+00:00,61.15,61.22,61.04,61.14,3843.0,real_delta_india
2026-06-11T22:30:00+00:00,61.23,61.67,61.19,61.6,13858.0,real_delta_india
2026-06-11T23:00:00+00:00,61.61,61.61,61.2,61.2,2742.0,real_delta_india
2026-06-11T23:30:00+00:00,61.28,61.34,61.13,61.28,3812.0,real_delta_india
2026-06-12T00:00:00+00:00,61.22,61.51,60.99,61.37,13865.0,real_delta_india
2026-06-12T00:30:00+00:00,61.36,61.51,60.97,61.15,7292.0,real_delta_india
2026-06-12T01:00:00+00:00,61.07,61.07,60.43,60.5,11362.0,real_delta_india
2026-06-12T01:30:00+00:00,60.5,60.82,60.37,60.72,8286.0,real_delta_india
2026-06-12T02:00:00+00:00,60.74,60.95,60.67,60.74,5524.0,real_delta_india
2026-06-12T02:30:00+00:00,60.75,60.91,60.59,60.89,3058.0,real_delta_india
2026-06-12T03:00:00+00:00,60.9,61.3,60.86,61.14,14513.0,real_delta_india
2026-06-12T03:30:00+00:00,61.09,61.13,60.97,61.01,9777.0,real_delta_india
2026-06-12T04:00:00+00:00,60.96,61.0,60.77,60.86,11147.0,real_delta_india
2026-06-12T04:30:00+00:00,60.82,60.9,60.74,60.75,12713.0,real_delta_india
2026-06-12T05:00:00+00:00,60.78,60.79,60.54,60.7,21382.0,real_delta_india
2026-06-12T05:30:00+00:00,60.64,60.75,60.37,60.4,19788.0,real_delta_india
2026-06-12T06:00:00+00:00,60.52,60.71,60.51,60.56,2437.0,real_delta_india
2026-06-12T06:30:00+00:00,60.51,60.53,60.23,60.5,20303.0,real_delta_india
2026-06-12T07:00:00+00:00,60.46,60.51,59.89,59.89,18771.0,real_delta_india
2026-06-12T07:30:00+00:00,59.9,60.22,59.8,60.22,8551.0,real_delta_india
2026-06-12T08:00:00+00:00,60.23,60.96,60.18,60.96,28889.0,real_delta_india
2026-06-12T08:30:00+00:00,60.99,61.1,60.67,60.78,23911.0,real_delta_india
2026-06-12T09:00:00+00:00,60.71,61.2,60.71,61.12,14208.0,real_delta_india
2026-06-12T09:30:00+00:00,61.15,61.3,61.04,61.08,24374.0,real_delta_india
2026-06-12T10:00:00+00:00,61.0,61.12,60.59,60.72,27218.0,real_delta_india
2026-06-12T10:30:00+00:00,60.7,60.99,60.69,60.85,20310.0,real_delta_india
2026-06-12T11:00:00+00:00,60.9,61.0,60.68,60.81,17330.0,real_delta_india
2026-06-12T11:30:00+00:00,60.77,61.17,60.66,60.99,15180.0,real_delta_india
2026-06-12T12:00:00+00:00,60.98,61.0,60.38,60.39,15890.0,real_delta_india
2026-06-12T12:30:00+00:00,60.42,60.67,60.3,60.36,11906.0,real_delta_india
2026-06-12T13:00:00+00:00,60.27,60.78,60.23,60.74,116942.0,real_delta_india
2026-06-12T13:30:00+00:00,60.75,60.84,60.11,60.14,81882.0,real_delta_india
2026-06-12T14:00:00+00:00,60.14,60.62,60.14,60.44,14973.0,real_delta_india
2026-06-12T14:30:00+00:00,60.36,60.94,60.1,60.81,45693.0,real_delta_india
2026-06-12T15:00:00+00:00,60.8,61.75,60.67,61.5,69130.0,real_delta_india
2026-06-12T15:30:00+00:00,61.53,61.53,61.17,61.23,34815.0,real_delta_india
2026-06-12T16:00:00+00:00,61.27,61.78,61.11,61.48,30102.0,real_delta_india
2026-06-12T16:30:00+00:00,61.53,61.7,61.38,61.49,39580.0,real_delta_india
2026-06-12T17:00:00+00:00,61.51,61.74,61.4,61.58,24272.0,real_delta_india
2026-06-12T17:30:00+00:00,61.53,61.9,61.48,61.73,19564.0,real_delta_india
2026-06-12T18:00:00+00:00,61.77,62.0,61.72,61.98,39006.0,real_delta_india
2026-06-12T18:30:00+00:00,61.98,62.03,61.68,61.71,32193.0,real_delta_india
2026-06-12T19:00:00+00:00,61.63,61.76,61.53,61.53,9354.0,real_delta_india
2026-06-12T19:30:00+00:00,61.51,61.53,61.35,61.48,10372.0,real_delta_india
2026-06-12T20:00:00+00:00,61.53,61.76,61.53,61.67,14111.0,real_delta_india
2026-06-12T20:30:00+00:00,61.69,61.78,61.66,61.78,4750.0,real_delta_india
2026-06-12T21:00:00+00:00,61.78,61.79,61.62,61.72,1067.0,real_delta_india
2026-06-12T21:30:00+00:00,61.7,61.73,61.7,61.71,325.0,real_delta_india
2026-06-12T22:00:00+00:00,61.7,61.7,61.65,61.67,72.0,real_delta_india
2026-06-12T22:30:00+00:00,61.66,61.76,61.63,61.67,852.0,real_delta_india
2026-06-12T23:00:00+00:00,61.64,61.7,61.64,61.7,94.0,real_delta_india
2026-06-12T23:30:00+00:00,61.66,61.71,61.66,61.7,539.0,real_delta_india
2026-06-13T00:00:00+00:00,61.69,61.74,61.68,61.68,911.0,real_delta_india
2026-06-13T00:30:00+00:00,61.67,61.84,61.67,61.79,1135.0,real_delta_india
2026-06-13T01:00:00+00:00,61.76,61.83,61.76,61.81,4548.0,real_delta_india
2026-06-13T01:30:00+00:00,61.78,61.84,61.77,61.8,1666.0,real_delta_india
2026-06-13T02:00:00+00:00,61.8,61.84,61.79,61.79,2315.0,real_delta_india
2026-06-13T02:30:00+00:00,61.8,61.83,61.75,61.79,2441.0,real_delta_india
2026-06-13T03:00:00+00:00,61.81,61.81,61.77,61.77,162.0,real_delta_india
2026-06-13T03:30:00+00:00,61.78,61.79,61.67,61.71,3187.0,real_delta_india
2026-06-13T04:00:00+00:00,61.74,61.74,61.69,61.7,2446.0,real_delta_india
2026-06-13T04:30:00+00:00,61.69,61.74,61.69,61.74,2250.0,real_delta_india
2026-06-13T05:00:00+00:00,61.74,61.74,61.69,61.72,598.0,real_delta_india
2026-06-13T05:30:00+00:00,61.72,61.77,61.7,61.77,670.0,real_delta_india
2026-06-13T06:00:00+00:00,61.78,61.78,61.61,61.73,8719.0,real_delta_india
2026-06-13T06:30:00+00:00,61.71,61.8,61.7,61.76,2168.0,real_delta_india
2026-06-13T07:00:00+00:00,61.82,61.82,61.75,61.79,829.0,real_delta_india
2026-06-13T07:30:00+00:00,61.81,61.81,61.77,61.78,3514.0,real_delta_india
2026-06-13T08:00:00+00:00,61.78,61.83,61.77,61.8,1364.0,real_delta_india
2026-06-13T08:30:00+00:00,61.81,61.83,61.79,61.82,2564.0,real_delta_india
2026-06-13T09:00:00+00:00,61.8,61.8,61.77,61.8,489.0,real_delta_india
2026-06-13T09:30:00+00:00,61.77,61.8,61.72,61.76,2006.0,real_delta_india
2026-06-13T10:00:00+00:00,61.73,61.81,61.73,61.81,691.0,real_delta_india
2026-06-13T10:30:00+00:00,61.81,61.81,61.78,61.81,55.0,real_delta_india
2026-06-13T11:00:00+00:00,61.82,61.83,61.79,61.83,896.0,real_delta_india
2026-06-13T11:30:00+00:00,61.8,61.83,61.78,61.78,5151.0,real_delta_india
2026-06-13T12:00:00+00:00,61.78,61.82,61.76,61.82,2162.0,real_delta_india
2026-06-13T12:30:00+00:00,61.83,61.85,61.8,61.8,790.0,real_delta_india
2026-06-13T13:00:00+00:00,61.8,61.83,61.8,61.81,415.0,real_delta_india
2026-06-13T13:30:00+00:00,61.84,61.84,61.76,61.78,1150.0,real_delta_india
2026-06-13T14:00:00+00:00,61.81,61.83,61.8,61.8,1560.0,real_delta_india
2026-06-13T14:30:00+00:00,61.83,61.84,61.81,61.83,2709.0,real_delta_india
2026-06-13T15:00:00+00:00,61.83,61.84,61.8,61.83,3291.0,real_delta_india
2026-06-13T15:30:00+00:00,61.79,61.87,61.78,61.82,4834.0,real_delta_india
2026-06-13T16:00:00+00:00,61.84,61.84,61.78,61.78,1895.0,real_delta_india
2026-06-13T16:30:00+00:00,61.78,61.84,61.6,61.73,5606.0,real_delta_india
2026-06-13T17:00:00+00:00,61.75,61.79,61.72,61.76,4713.0,real_delta_india
2026-06-13T17:30:00+00:00,61.78,61.8,61.7,61.7,2190.0,real_delta_india
2026-06-13T18:00:00+00:00,61.8,61.83,61.63,61.77,7582.0,real_delta_india
2026-06-13T18:30:00+00:00,61.74,61.82,61.74,61.82,814.0,real_delta_india
2026-06-13T19:00:00+00:00,61.82,61.83,61.79,61.83,1004.0,real_delta_india
2026-06-13T19:30:00+00:00,61.83,61.84,61.81,61.84,134.0,real_delta_india
2026-06-13T20:00:00+00:00,61.8,61.83,61.74,61.74,1522.0,real_delta_india
2026-06-13T20:30:00+00:00,61.74,61.79,61.67,61.67,7905.0,real_delta_india
2026-06-13T21:00:00+00:00,61.78,61.78,61.72,61.72,206.0,real_delta_india
2026-06-13T21:30:00+00:00,61.71,61.75,61.71,61.71,82.0,real_delta_india
2026-06-13T22:00:00+00:00,61.79,61.79,61.71,61.74,56.0,real_delta_india
2026-06-13T22:30:00+00:00,61.77,61.77,61.74,61.77,86.0,real_delta_india
2026-06-13T23:00:00+00:00,61.78,61.82,61.78,61.8,9369.0,real_delta_india
2026-06-13T23:30:00+00:00,61.71,61.81,61.7,61.77,233.0,real_delta_india
2026-06-14T00:00:00+00:00,61.72,61.78,61.71,61.78,72.0,real_delta_india
2026-06-14T00:30:00+00:00,61.79,61.82,61.71,61.82,476.0,real_delta_india
2026-06-14T01:00:00+00:00,61.82,61.84,61.79,61.8,2693.0,real_delta_india
2026-06-14T01:30:00+00:00,61.82,61.82,61.78,61.79,244.0,real_delta_india
2026-06-14T02:00:00+00:00,61.81,61.81,61.8,61.81,18.0,real_delta_india
2026-06-14T02:30:00+00:00,61.81,61.82,61.77,61.81,2523.0,real_delta_india
2026-06-14T03:00:00+00:00,61.81,61.82,61.79,61.79,83.0,real_delta_india
2026-06-14T03:30:00+00:00,61.82,61.82,61.76,61.79,339.0,real_delta_india
2026-06-14T04:00:00+00:00,61.79,61.83,61.79,61.8,351.0,real_delta_india
2026-06-14T04:30:00+00:00,61.83,61.83,61.78,61.78,337.0,real_delta_india
2026-06-14T05:00:00+00:00,61.81,61.81,61.78,61.78,608.0,real_delta_india
2026-06-14T05:30:00+00:00,61.78,61.84,61.78,61.84,95.0,real_delta_india
2026-06-14T06:00:00+00:00,61.84,61.85,61.81,61.85,851.0,real_delta_india
2026-06-14T06:30:00+00:00,61.82,61.85,61.82,61.82,281.0,real_delta_india
2026-06-14T07:00:00+00:00,61.85,61.85,61.79,61.79,2902.0,real_delta_india
2026-06-14T07:30:00+00:00,61.85,61.86,61.81,61.84,2129.0,real_delta_india
2026-06-14T08:00:00+00:00,61.86,61.87,61.83,61.84,232.0,real_delta_india
2026-06-14T08:30:00+00:00,61.87,61.88,61.84,61.88,953.0,real_delta_india
2026-06-14T09:00:00+00:00,61.88,61.88,61.85,61.88,818.0,real_delta_india
2026-06-14T09:30:00+00:00,61.86,61.89,61.82,61.86,5541.0,real_delta_india
2026-06-14T10:00:00+00:00,61.86,61.89,61.85,61.88,1205.0,real_delta_india
2026-06-14T10:30:00+00:00,61.88,61.88,61.76,61.76,2349.0,real_delta_india
2026-06-14T11:00:00+00:00,61.76,61.76,61.73,61.75,2216.0,real_delta_india
2026-06-14T11:30:00+00:00,61.77,61.85,61.75,61.82,181.0,real_delta_india
2026-06-14T12:00:00+00:00,61.85,61.85,61.81,61.84,448.0,real_delta_india
2026-06-14T12:30:00+00:00,61.84,61.84,61.72,61.72,564.0,real_delta_india
2026-06-14T13:00:00+00:00,61.77,61.8,61.72,61.72,1244.0,real_delta_india
2026-06-14T13:30:00+00:00,61.73,61.75,61.73,61.75,3233.0,real_delta_india
2026-06-14T14:00:00+00:00,61.74,61.75,61.62,61.66,1796.0,real_delta_india
2026-06-14T14:30:00+00:00,61.66,61.76,61.63,61.73,3609.0,real_delta_india
2026-06-14T15:00:00+00:00,61.74,61.77,61.67,61.67,1066.0,real_delta_india
2026-06-14T15:30:00+00:00,61.67,61.68,61.6,61.63,1000.0,real_delta_india
2026-06-14T16:00:00+00:00,61.65,61.69,61.64,61.69,1874.0,real_delta_india
2026-06-14T16:30:00+00:00,61.71,61.75,61.67,61.71,632.0,real_delta_india
2026-06-14T17:00:00+00:00,61.73,61.77,61.7,61.74,3583.0,real_delta_india
2026-06-14T17:30:00+00:00,61.72,61.76,61.71,61.75,1040.0,real_delta_india
2026-06-14T18:00:00+00:00,61.73,61.77,61.69,61.73,1939.0,real_delta_india
2026-06-14T18:30:00+00:00,61.73,61.74,61.71,61.73,727.0,real_delta_india
2026-06-14T19:00:00+00:00,61.77,61.77,61.74,61.77,262.0,real_delta_india
2026-06-14T19:30:00+00:00,61.74,61.78,61.74,61.78,152.0,real_delta_india
2026-06-14T20:00:00+00:00,61.78,61.84,61.61,61.84,2500.0,real_delta_india
2026-06-14T20:30:00+00:00,61.82,61.89,61.81,61.86,625.0,real_delta_india
2026-06-14T21:00:00+00:00,61.86,62.13,61.84,62.13,3587.0,real_delta_india
2026-06-14T21:30:00+00:00,62.14,62.9,62.01,62.83,23150.0,real_delta_india
2026-06-14T22:00:00+00:00,62.54,63.72,62.32,62.91,9345.0,real_delta_india
2026-06-14T22:30:00+00:00,63.1,63.5,62.5,62.5,5012.0,real_delta_india
2026-06-14T23:00:00+00:00,63.0,63.5,62.51,63.42,2606.0,real_delta_india
2026-06-14T23:30:00+00:00,62.92,63.76,62.89,63.76,3870.0,real_delta_india
2026-06-15T00:00:00+00:00,63.76,64.0,63.38,63.88,17811.0,real_delta_india
2026-06-15T00:30:00+00:00,63.82,64.03,63.49,63.53,25491.0,real_delta_india
2026-06-15T01:00:00+00:00,63.56,63.87,63.41,63.72,8600.0,real_delta_india
2026-06-15T01:30:00+00:00,63.7,63.98,63.64,63.75,11443.0,real_delta_india
2026-06-15T02:00:00+00:00,63.75,64.07,63.75,64.07,11723.0,real_delta_india
2026-06-15T02:30:00+00:00,64.06,64.26,63.94,64.06,12664.0,real_delta_india
2026-06-15T03:00:00+00:00,64.0,64.08,63.78,63.86,8940.0,real_delta_india
2026-06-15T03:30:00+00:00,63.89,63.96,63.84,63.88,8860.0,real_delta_india
2026-06-15T04:00:00+00:00,63.9,63.98,63.77,63.98,8890.0,real_delta_india
2026-06-15T04:30:00+00:00,63.96,63.99,63.91,63.95,3757.0,real_delta_india
2026-06-15T05:00:00+00:00,63.98,64.0,63.87,63.89,10015.0,real_delta_india
2026-06-15T05:30:00+00:00,63.92,64.05,63.42,63.51,18680.0,real_delta_india
2026-06-15T06:00:00+00:00,63.53,63.76,63.46,63.67,17676.0,real_delta_india
2026-06-15T06:30:00+00:00,63.6,63.71,63.57,63.64,10238.0,real_delta_india
2026-06-15T07:00:00+00:00,63.62,63.86,63.51,63.78,7245.0,real_delta_india
2026-06-15T07:30:00+00:00,63.75,63.91,63.66,63.8,7660.0,real_delta_india
2026-06-15T08:00:00+00:00,63.74,63.98,63.71,63.88,6268.0,real_delta_india
2026-06-15T08:30:00+00:00,63.89,64.17,63.88,64.0,13573.0,real_delta_india
2026-06-15T09:00:00+00:00,64.06,64.25,64.06,64.18,6749.0,real_delta_india
2026-06-15T09:30:00+00:00,64.17,64.25,64.09,64.16,11644.0,real_delta_india
2026-06-15T10:00:00+00:00,64.15,64.22,64.12,64.22,7696.0,real_delta_india
2026-06-15T10:30:00+00:00,64.21,64.3,64.13,64.17,5529.0,real_delta_india
2026-06-15T11:00:00+00:00,64.14,64.25,64.09,64.24,13471.0,real_delta_india
2026-06-15T11:30:00+00:00,64.22,64.49,64.11,64.21,43422.0,real_delta_india
2026-06-15T12:00:00+00:00,64.25,64.4,64.1,64.3,15856.0,real_delta_india
2026-06-15T12:30:00+00:00,64.37,64.64,64.36,64.57,27165.0,real_delta_india
2026-06-15T13:00:00+00:00,64.59,64.68,64.24,64.53,22899.0,real_delta_india
2026-06-15T13:30:00+00:00,64.54,64.74,64.34,64.45,32038.0,real_delta_india
2026-06-15T14:00:00+00:00,64.44,64.69,64.23,64.52,18273.0,real_delta_india
2026-06-15T14:30:00+00:00,64.5,64.5,64.18,64.19,10349.0,real_delta_india
2026-06-15T15:00:00+00:00,64.2,64.22,63.88,64.14,21136.0,real_delta_india
2026-06-15T15:30:00+00:00,64.09,64.31,64.05,64.16,13276.0,real_delta_india
2026-06-15T16:00:00+00:00,64.18,64.18,63.75,63.86,17461.0,real_delta_india
2026-06-15T16:30:00+00:00,63.83,63.88,63.73,63.85,11133.0,real_delta_india
2026-06-15T17:00:00+00:00,63.78,63.78,63.57,63.65,16860.0,real_delta_india
2026-06-15T17:30:00+00:00,63.66,63.66,63.51,63.65,12703.0,real_delta_india
2026-06-15T18:00:00+00:00,63.66,63.8,63.52,63.7,11081.0,real_delta_india
2026-06-15T18:30:00+00:00,63.61,63.76,63.61,63.75,4832.0,real_delta_india
2026-06-15T19:00:00+00:00,63.74,63.75,63.6,63.6,4272.0,real_delta_india
2026-06-15T19:30:00+00:00,63.59,63.72,63.59,63.72,3715.0,real_delta_india
2026-06-15T20:00:00+00:00,63.73,63.73,63.51,63.51,878.0,real_delta_india
2026-06-15T20:30:00+00:00,63.5,63.53,63.45,63.52,1904.0,real_delta_india
2026-06-15T21:00:00+00:00,63.57,63.59,63.56,63.59,225.0,real_delta_india
2026-06-15T21:30:00+00:00,63.57,63.59,63.47,63.47,17667.0,real_delta_india
2026-06-15T22:00:00+00:00,63.5,63.5,63.34,63.34,1248.0,real_delta_india
2026-06-15T22:30:00+00:00,63.44,63.55,63.41,63.55,691.0,real_delta_india
2026-06-15T23:00:00+00:00,63.54,63.54,63.41,63.5,1527.0,real_delta_india
2026-06-15T23:30:00+00:00,63.52,63.56,63.4,63.52,4915.0,real_delta_india
2026-06-16T00:00:00+00:00,63.42,63.45,63.22,63.26,2056.0,real_delta_india
2026-06-16T00:30:00+00:00,63.28,63.52,63.28,63.42,12732.0,real_delta_india
2026-06-16T01:00:00+00:00,63.41,63.53,63.0,63.13,6938.0,real_delta_india
2026-06-16T01:30:00+00:00,63.14,63.14,62.89,62.94,17009.0,real_delta_india
2026-06-16T02:00:00+00:00,62.96,62.99,62.68,62.87,6861.0,real_delta_india
2026-06-16T02:30:00+00:00,62.89,63.16,62.89,63.07,15610.0,real_delta_india
2026-06-16T03:00:00+00:00,63.09,63.25,63.03,63.25,5439.0,real_delta_india
2026-06-16T03:30:00+00:00,63.19,63.44,63.19,63.37,22907.0,real_delta_india
2026-06-16T04:00:00+00:00,63.4,63.4,63.24,63.26,4315.0,real_delta_india
2026-06-16T04:30:00+00:00,63.26,63.34,63.23,63.3,5802.0,real_delta_india
2026-06-16T05:00:00+00:00,63.27,63.46,63.27,63.38,12924.0,real_delta_india
2026-06-16T05:30:00+00:00,63.4,63.5,62.87,62.99,6916.0,real_delta_india
2026-06-16T06:00:00+00:00,62.93,63.15,62.89,63.12,6572.0,real_delta_india
2026-06-16T06:30:00+00:00,63.02,63.21,63.02,63.21,3209.0,real_delta_india
2026-06-16T07:00:00+00:00,63.33,63.51,63.26,63.35,8019.0,real_delta_india
2026-06-16T07:30:00+00:00,63.43,63.66,63.33,63.66,8331.0,real_delta_india
2026-06-16T08:00:00+00:00,63.63,63.92,63.53,63.89,29368.0,real_delta_india
2026-06-16T08:30:00+00:00,63.89,64.08,63.79,64.07,20481.0,real_delta_india
2026-06-16T09:00:00+00:00,64.06,64.17,63.92,63.96,42399.0,real_delta_india
2026-06-16T09:30:00+00:00,63.97,64.09,63.95,63.95,7170.0,real_delta_india
2026-06-16T10:00:00+00:00,63.93,64.09,63.9,63.92,5569.0,real_delta_india
2026-06-16T10:30:00+00:00,63.91,64.05,63.9,64.05,6885.0,real_delta_india
2026-06-16T11:00:00+00:00,64.01,64.01,63.8,63.89,14727.0,real_delta_india
2026-06-16T11:30:00+00:00,63.87,64.03,63.76,64.01,3272.0,real_delta_india
2026-06-16T12:00:00+00:00,64.05,64.19,63.85,64.1,52749.0,real_delta_india
2026-06-16T12:30:00+00:00,64.06,64.61,64.02,64.57,47924.0,real_delta_india
2026-06-16T13:00:00+00:00,64.55,64.55,63.91,63.95,54146.0,real_delta_india
2026-06-16T13:30:00+00:00,63.92,64.05,63.65,63.71,11777.0,real_delta_india
2026-06-16T14:00:00+00:00,63.74,63.87,63.11,63.13,23340.0,real_delta_india
2026-06-16T14:30:00+00:00,63.24,63.52,63.0,63.27,22301.0,real_delta_india
2026-06-16T15:00:00+00:00,63.3,63.44,63.26,63.39,5403.0,real_delta_india
2026-06-16T15:30:00+00:00,63.42,63.8,63.19,63.68,12487.0,real_delta_india
2026-06-16T16:00:00+00:00,63.61,63.83,63.57,63.8,8868.0,real_delta_india
2026-06-16T16:30:00+00:00,63.83,63.83,63.62,63.62,8440.0,real_delta_india
2026-06-16T17:00:00+00:00,63.6,63.65,63.31,63.57,13156.0,real_delta_india
2026-06-16T17:30:00+00:00,63.54,63.76,63.54,63.76,5972.0,real_delta_india
2026-06-16T18:00:00+00:00,63.81,63.93,63.72,63.82,8644.0,real_delta_india
2026-06-16T18:30:00+00:00,63.89,63.93,63.7,63.8,2684.0,real_delta_india
2026-06-16T19:00:00+00:00,63.82,63.89,63.66,63.8,1371.0,real_delta_india
2026-06-16T19:30:00+00:00,63.82,63.82,63.54,63.54,1549.0,real_delta_india
2026-06-16T20:00:00+00:00,63.58,63.59,63.52,63.53,791.0,real_delta_india
2026-06-16T20:30:00+00:00,63.55,63.62,63.51,63.57,630.0,real_delta_india
2026-06-16T21:00:00+00:00,63.59,63.6,63.59,63.6,167.0,real_delta_india
2026-06-16T21:30:00+00:00,63.57,63.57,63.53,63.53,24.0,real_delta_india
2026-06-16T22:00:00+00:00,63.61,63.61,63.5,63.52,1808.0,real_delta_india
2026-06-16T22:30:00+00:00,63.56,63.65,63.55,63.65,104.0,real_delta_india
2026-06-16T23:00:00+00:00,63.69,63.7,63.64,63.64,371.0,real_delta_india
2026-06-16T23:30:00+00:00,63.6,63.61,63.37,63.4,2443.0,real_delta_india
2026-06-17T00:00:00+00:00,63.46,63.8,63.46,63.69,2258.0,real_delta_india
2026-06-17T00:30:00+00:00,63.68,63.71,63.55,63.61,306.0,real_delta_india
2026-06-17T01:00:00+00:00,63.74,64.0,63.69,63.76,5969.0,real_delta_india
2026-06-17T01:30:00+00:00,63.83,64.01,63.65,63.96,6361.0,real_delta_india
2026-06-17T02:00:00+00:00,63.99,63.99,63.84,63.84,5086.0,real_delta_india
2026-06-17T02:30:00+00:00,63.91,63.97,63.65,63.7,3612.0,real_delta_india
2026-06-17T03:00:00+00:00,63.77,63.77,63.59,63.68,2697.0,real_delta_india
2026-06-17T03:30:00+00:00,63.67,63.73,63.67,63.67,356.0,real_delta_india
2026-06-17T04:00:00+00:00,63.66,63.66,63.47,63.47,5952.0,real_delta_india
2026-06-17T04:30:00+00:00,63.48,63.6,63.43,63.6,5867.0,real_delta_india
2026-06-17T05:00:00+00:00,63.6,63.61,63.42,63.55,6919.0,real_delta_india
2026-06-17T05:30:00+00:00,63.68,63.92,63.68,63.84,10610.0,real_delta_india
2026-06-17T06:00:00+00:00,63.81,63.87,63.69,63.71,513.0,real_delta_india
2026-06-17T06:30:00+00:00,63.7,63.82,63.69,63.82,6289.0,real_delta_india
2026-06-17T07:00:00+00:00,63.8,63.87,63.67,63.7,9044.0,real_delta_india
2026-06-17T07:30:00+00:00,63.71,63.78,63.47,63.55,6724.0,real_delta_india
2026-06-17T08:00:00+00:00,63.5,63.61,63.3,63.35,6314.0,real_delta_india
2026-06-17T08:30:00+00:00,63.3,63.37,63.06,63.27,12175.0,real_delta_india
2026-06-17T09:00:00+00:00,63.26,63.55,63.2,63.55,5629.0,real_delta_india
2026-06-17T09:30:00+00:00,63.55,63.57,63.41,63.48,3301.0,real_delta_india
2026-06-17T10:00:00+00:00,63.46,63.48,63.39,63.42,1310.0,real_delta_india
2026-06-17T10:30:00+00:00,63.45,63.6,63.37,63.52,1423.0,real_delta_india
2026-06-17T11:00:00+00:00,63.4,63.49,63.31,63.4,4415.0,real_delta_india
2026-06-17T11:30:00+00:00,63.35,63.36,63.18,63.27,4559.0,real_delta_india
2026-06-17T12:00:00+00:00,63.34,63.41,63.21,63.27,29009.0,real_delta_india
2026-06-17T12:30:00+00:00,63.29,63.5,63.29,63.43,21064.0,real_delta_india
2026-06-17T13:00:00+00:00,63.48,63.84,63.12,63.79,31056.0,real_delta_india
2026-06-17T13:30:00+00:00,63.78,63.95,63.66,63.66,9805.0,real_delta_india
2026-06-17T14:00:00+00:00,63.62,64.29,63.61,64.22,25149.0,real_delta_india
2026-06-17T14:30:00+00:00,64.2,64.33,63.5,63.79,23709.0,real_delta_india
2026-06-17T15:00:00+00:00,63.85,64.16,63.68,64.12,11276.0,real_delta_india
2026-06-17T15:30:00+00:00,64.08,64.22,64.01,64.18,13470.0,real_delta_india
2026-06-17T16:00:00+00:00,64.2,64.26,64.12,64.23,4778.0,real_delta_india
2026-06-17T16:30:00+00:00,64.22,64.22,63.94,64.02,8272.0,real_delta_india
2026-06-17T17:00:00+00:00,64.09,64.26,63.99,64.25,8624.0,real_delta_india
2026-06-17T17:30:00+00:00,64.27,64.92,64.24,64.74,50128.0,real_delta_india
2026-06-17T18:00:00+00:00,64.7,64.7,62.34,62.76,105405.0,real_delta_india
2026-06-17T18:30:00+00:00,62.7,63.75,62.4,62.77,33807.0,real_delta_india
2026-06-17T19:00:00+00:00,62.75,62.9,61.32,61.35,34635.0,real_delta_india
2026-06-17T19:30:00+00:00,61.32,61.35,60.64,60.82,32756.0,real_delta_india
2026-06-17T20:00:00+00:00,60.87,61.75,60.87,61.54,17815.0,real_delta_india
2026-06-17T20:30:00+00:00,61.53,61.83,61.53,61.63,4219.0,real_delta_india
2026-06-17T21:00:00+00:00,61.67,61.68,61.63,61.66,488.0,real_delta_india
2026-06-17T21:30:00+00:00,61.65,61.68,61.56,61.64,2357.0,real_delta_india
2026-06-17T22:00:00+00:00,61.68,61.79,61.57,61.71,1067.0,real_delta_india
2026-06-17T22:30:00+00:00,61.69,61.78,61.65,61.77,1993.0,real_delta_india
2026-06-17T23:00:00+00:00,61.8,62.05,61.8,62.03,2364.0,real_delta_india
2026-06-17T23:30:00+00:00,62.0,62.05,61.87,62.05,1661.0,real_delta_india
2026-06-18T00:00:00+00:00,62.12,62.51,62.12,62.51,7674.0,real_delta_india
2026-06-18T00:30:00+00:00,62.6,62.97,62.6,62.75,16085.0,real_delta_india
2026-06-18T01:00:00+00:00,62.91,63.35,62.91,63.06,13120.0,real_delta_india
2026-06-18T01:30:00+00:00,63.01,63.08,62.88,62.97,5705.0,real_delta_india
2026-06-18T02:00:00+00:00,62.93,63.23,62.92,63.2,12648.0,real_delta_india
2026-06-18T02:30:00+00:00,63.23,63.23,62.51,62.51,5727.0,real_delta_india
2026-06-18T03:00:00+00:00,62.51,62.63,62.4,62.59,4064.0,real_delta_india
2026-06-18T03:30:00+00:00,62.68,62.85,62.67,62.84,4377.0,real_delta_india
2026-06-18T04:00:00+00:00,62.85,62.9,62.66,62.73,2313.0,real_delta_india
2026-06-18T04:30:00+00:00,62.7,62.79,62.46,62.59,3700.0,real_delta_india
2026-06-18T05:00:00+00:00,62.57,62.8,62.55,62.79,5812.0,real_delta_india
2026-06-18T05:30:00+00:00,62.8,62.8,62.12,62.39,8187.0,real_delta_india
2026-06-18T06:00:00+00:00,62.48,62.58,62.21,62.42,9395.0,real_delta_india
2026-06-18T06:30:00+00:00,62.42,62.51,62.31,62.5,4337.0,real_delta_india
2026-06-18T07:00:00+00:00,62.55,62.62,62.43,62.58,5703.0,real_delta_india
2026-06-18T07:30:00+00:00,62.5,62.5,62.14,62.14,9267.0,real_delta_india
2026-06-18T08:00:00+00:00,62.12,62.24,61.95,61.95,12538.0,real_delta_india
2026-06-18T08:30:00+00:00,61.96,62.17,61.78,61.82,14406.0,real_delta_india
2026-06-18T09:00:00+00:00,61.76,62.06,61.72,61.92,9140.0,real_delta_india
2026-06-18T09:30:00+00:00,61.93,62.16,61.91,62.14,9731.0,real_delta_india
2026-06-18T10:00:00+00:00,62.15,62.19,61.82,61.92,6716.0,real_delta_india
2026-06-18T10:30:00+00:00,61.92,61.97,61.48,61.49,15899.0,real_delta_india
2026-06-18T11:00:00+00:00,61.49,61.53,60.97,61.02,25851.0,real_delta_india
2026-06-18T11:30:00+00:00,61.13,61.13,60.45,60.68,32905.0,real_delta_india
2026-06-18T12:00:00+00:00,60.66,61.2,60.49,60.88,100484.0,real_delta_india
2026-06-18T12:30:00+00:00,60.8,60.9,60.22,60.37,31133.0,real_delta_india
2026-06-18T13:00:00+00:00,60.37,60.99,60.37,60.99,19538.0,real_delta_india
2026-06-18T13:30:00+00:00,61.0,61.34,60.58,60.7,44946.0,real_delta_india
2026-06-18T14:00:00+00:00,60.79,60.79,60.35,60.49,34073.0,real_delta_india
2026-06-18T14:30:00+00:00,60.4,60.58,59.96,60.39,74237.0,real_delta_india
2026-06-18T15:00:00+00:00,60.37,60.39,59.87,59.88,41615.0,real_delta_india
2026-06-18T15:30:00+00:00,59.89,60.1,59.82,60.0,28283.0,real_delta_india
2026-06-18T16:00:00+00:00,60.09,60.16,59.87,60.08,14787.0,real_delta_india
2026-06-18T16:30:00+00:00,60.13,60.17,59.8,59.94,9309.0,real_delta_india
2026-06-18T17:00:00+00:00,60.02,60.28,59.97,59.98,11922.0,real_delta_india
2026-06-18T17:30:00+00:00,59.93,60.08,59.71,60.01,19606.0,real_delta_india
2026-06-18T18:00:00+00:00,60.04,60.07,59.9,59.99,5407.0,real_delta_india
2026-06-18T18:30:00+00:00,59.96,59.96,59.76,59.82,14673.0,real_delta_india
2026-06-18T19:00:00+00:00,59.8,59.85,59.19,59.22,33185.0,real_delta_india
2026-06-18T19:30:00+00:00,59.16,59.78,59.1,59.74,13817.0,real_delta_india
2026-06-18T20:00:00+00:00,59.71,59.87,59.68,59.84,1888.0,real_delta_india
2026-06-18T20:30:00+00:00,59.8,59.84,59.66,59.66,436.0,real_delta_india
2026-06-18T21:00:00+00:00,59.63,59.76,59.61,59.76,2566.0,real_delta_india
2026-06-18T21:30:00+00:00,59.76,59.8,59.72,59.8,337.0,real_delta_india
2026-06-18T22:00:00+00:00,59.68,59.69,59.52,59.55,753.0,real_delta_india
2026-06-18T22:30:00+00:00,59.54,59.66,59.47,59.66,497.0,real_delta_india
2026-06-18T23:00:00+00:00,59.55,59.55,59.29,59.41,1784.0,real_delta_india
2026-06-18T23:30:00+00:00,59.53,59.54,59.27,59.27,6339.0,real_delta_india
2026-06-19T00:00:00+00:00,59.5,59.5,59.08,59.15,15330.0,real_delta_india
2026-06-19T00:30:00+00:00,59.18,59.39,59.18,59.33,10978.0,real_delta_india
2026-06-19T01:00:00+00:00,59.34,59.37,59.06,59.3,15541.0,real_delta_india
2026-06-19T01:30:00+00:00,59.25,59.25,59.0,59.01,7761.0,real_delta_india
2026-06-19T02:00:00+00:00,59.03,59.05,58.54,58.74,31655.0,real_delta_india
2026-06-19T02:30:00+00:00,58.74,58.82,58.51,58.6,12911.0,real_delta_india
2026-06-19T03:00:00+00:00,58.61,58.61,58.35,58.46,20608.0,real_delta_india
2026-06-19T03:30:00+00:00,58.46,58.49,58.12,58.14,12995.0,real_delta_india
2026-06-19T04:00:00+00:00,58.28,58.29,58.1,58.15,14026.0,real_delta_india
2026-06-19T04:30:00+00:00,58.21,58.27,57.63,58.21,27221.0,real_delta_india
2026-06-19T05:00:00+00:00,57.75,58.25,57.52,58.25,12588.0,real_delta_india
2026-06-19T05:30:00+00:00,58.25,58.34,57.95,58.29,11443.0,real_delta_india
2026-06-19T06:00:00+00:00,58.29,58.37,58.0,58.25,9036.0,real_delta_india
2026-06-19T06:30:00+00:00,58.29,58.5,58.05,58.45,9790.0,real_delta_india
2026-06-19T07:00:00+00:00,58.51,59.0,58.48,58.73,33965.0,real_delta_india
2026-06-19T07:30:00+00:00,58.79,58.93,58.62,58.82,24727.0,real_delta_india
2026-06-19T08:00:00+00:00,58.86,59.28,58.75,59.27,18868.0,real_delta_india
2026-06-19T08:30:00+00:00,59.26,59.33,59.07,59.15,31224.0,real_delta_india
2026-06-19T09:00:00+00:00,59.23,59.23,58.94,59.03,14546.0,real_delta_india
2026-06-19T09:30:00+00:00,59.06,59.22,59.05,59.12,12191.0,real_delta_india
2026-06-19T10:00:00+00:00,59.07,59.11,58.9,58.99,9837.0,real_delta_india
2026-06-19T10:30:00+00:00,58.99,59.0,58.81,58.82,5363.0,real_delta_india
2026-06-19T11:00:00+00:00,58.8,58.8,58.45,58.45,10704.0,real_delta_india
2026-06-19T11:30:00+00:00,58.47,58.86,58.4,58.8,30014.0,real_delta_india
2026-06-19T12:00:00+00:00,58.84,58.93,58.68,58.68,8129.0,real_delta_india
2026-06-19T12:30:00+00:00,58.67,59.37,58.6,59.35,10115.0,real_delta_india
2026-06-19T13:00:00+00:00,59.37,59.38,58.92,58.96,14987.0,real_delta_india
2026-06-19T13:30:00+00:00,58.98,59.02,58.75,58.75,16846.0,real_delta_india
2026-06-19T14:00:00+00:00,58.73,58.8,58.49,58.57,11544.0,real_delta_india
2026-06-19T14:30:00+00:00,58.62,58.65,58.3,58.62,16989.0,real_delta_india
2026-06-19T15:00:00+00:00,58.65,58.78,58.57,58.68,24990.0,real_delta_india
2026-06-19T15:30:00+00:00,58.64,58.73,58.53,58.63,6363.0,real_delta_india
2026-06-19T16:00:00+00:00,58.61,58.61,58.43,58.55,5319.0,real_delta_india
2026-06-19T16:30:00+00:00,58.55,58.9,58.5,58.87,11328.0,real_delta_india
2026-06-19T17:00:00+00:00,58.87,58.87,58.77,58.8,6621.0,real_delta_india
2026-06-19T17:30:00+00:00,58.82,58.85,58.79,58.79,3454.0,real_delta_india
2026-06-19T18:00:00+00:00,58.82,58.82,58.75,58.75,10605.0,real_delta_india
2026-06-19T18:30:00+00:00,58.8,58.82,58.76,58.78,4782.0,real_delta_india
2026-06-19T19:00:00+00:00,58.79,58.82,58.77,58.77,948.0,real_delta_india
2026-06-19T19:30:00+00:00,58.8,58.82,58.77,58.81,813.0,real_delta_india
2026-06-19T20:00:00+00:00,58.82,58.82,58.76,58.8,1538.0,real_delta_india
2026-06-19T20:30:00+00:00,58.76,58.8,58.75,58.78,540.0,real_delta_india
2026-06-19T21:00:00+00:00,58.8,58.8,58.8,58.8,45.0,real_delta_india
2026-06-19T21:30:00+00:00,58.76,58.78,58.75,58.77,108.0,real_delta_india
2026-06-19T22:00:00+00:00,58.75,58.78,58.75,58.78,103.0,real_delta_india
2026-06-19T22:30:00+00:00,58.8,58.82,58.78,58.81,1006.0,real_delta_india
2026-06-19T23:00:00+00:00,58.78,58.78,58.78,58.78,502.0,real_delta_india
2026-06-19T23:30:00+00:00,58.79,58.79,58.79,58.79,4.0,real_delta_india
2026-06-20T00:00:00+00:00,58.79,58.81,58.78,58.79,290.0,real_delta_india
2026-06-20T00:30:00+00:00,58.81,58.81,58.77,58.81,288.0,real_delta_india
2026-06-20T01:00:00+00:00,58.81,58.83,58.79,58.8,263.0,real_delta_india
2026-06-20T01:30:00+00:00,58.8,58.83,58.79,58.79,2225.0,real_delta_india
2026-06-20T02:00:00+00:00,58.83,58.99,58.8,58.8,3259.0,real_delta_india
2026-06-20T02:30:00+00:00,58.81,58.86,58.8,58.84,4970.0,real_delta_india
2026-06-20T03:00:00+00:00,58.89,58.89,58.89,58.89,278.0,real_delta_india
2026-06-20T03:30:00+00:00,58.89,58.96,58.89,58.96,3449.0,real_delta_india
2026-06-20T04:00:00+00:00,58.94,59.0,58.88,58.93,1609.0,real_delta_india
2026-06-20T04:30:00+00:00,58.95,59.02,58.95,58.97,2835.0,real_delta_india
2026-06-20T05:00:00+00:00,58.96,59.01,58.96,58.99,2465.0,real_delta_india
2026-06-20T05:30:00+00:00,58.95,58.99,58.9,58.94,2943.0,real_delta_india
2026-06-20T06:00:00+00:00,58.94,58.97,58.88,58.88,327.0,real_delta_india
2026-06-20T06:30:00+00:00,58.88,58.92,58.88,58.89,2416.0,real_delta_india
2026-06-20T07:00:00+00:00,58.89,58.99,58.89,58.99,836.0,real_delta_india
2026-06-20T07:30:00+00:00,59.0,59.0,58.91,58.91,710.0,real_delta_india
2026-06-20T08:00:00+00:00,58.91,58.96,58.91,58.95,1244.0,real_delta_india
2026-06-20T08:30:00+00:00,58.95,58.95,58.9,58.9,233.0,real_delta_india
2026-06-20T09:00:00+00:00,58.93,58.94,58.9,58.91,875.0,real_delta_india
2026-06-20T09:30:00+00:00,58.94,58.99,58.91,58.94,6440.0,real_delta_india
2026-06-20T10:00:00+00:00,58.91,58.94,58.9,58.94,2739.0,real_delta_india
2026-06-20T10:30:00+00:00,58.94,58.96,58.94,58.96,587.0,real_delta_india
2026-06-20T11:00:00+00:00,58.94,58.94,58.91,58.92,437.0,real_delta_india
2026-06-20T11:30:00+00:00,58.91,58.96,58.9,58.9,7444.0,real_delta_india
2026-06-20T12:00:00+00:00,58.93,58.97,58.93,58.93,1965.0,real_delta_india
2026-06-20T12:30:00+00:00,58.94,58.97,58.93,58.93,942.0,real_delta_india
2026-06-20T13:00:00+00:00,58.96,58.96,58.83,58.86,3078.0,real_delta_india
2026-06-20T13:30:00+00:00,58.89,58.9,58.88,58.89,734.0,real_delta_india
2026-06-20T14:00:00+00:00,58.82,58.86,58.79,58.82,1347.0,real_delta_india
2026-06-20T14:30:00+00:00,58.79,59.12,58.79,59.04,4593.0,real_delta_india
2026-06-20T15:00:00+00:00,59.02,59.09,58.99,59.05,4906.0,real_delta_india
2026-06-20T15:30:00+00:00,59.08,59.09,59.05,59.08,2473.0,real_delta_india
2026-06-20T16:00:00+00:00,59.08,59.09,59.04,59.08,4606.0,real_delta_india
2026-06-20T16:30:00+00:00,59.05,59.05,59.02,59.04,2058.0,real_delta_india
2026-06-20T17:00:00+00:00,59.04,59.07,59.01,59.02,2533.0,real_delta_india
2026-06-20T17:30:00+00:00,59.02,59.04,58.92,58.95,1250.0,real_delta_india
2026-06-20T18:00:00+00:00,58.98,59.02,58.94,59.0,4432.0,real_delta_india
2026-06-20T18:30:00+00:00,58.98,59.03,58.98,58.98,2775.0,real_delta_india
2026-06-20T19:00:00+00:00,59.02,59.02,58.99,59.02,1294.0,real_delta_india
2026-06-20T19:30:00+00:00,58.98,59.01,58.98,58.99,329.0,real_delta_india
2026-06-20T20:00:00+00:00,59.02,59.03,58.99,59.03,195.0,real_delta_india
2026-06-20T20:30:00+00:00,59.04,59.06,59.03,59.04,61.0,real_delta_india
2026-06-20T21:00:00+00:00,59.06,59.14,59.06,59.08,588.0,real_delta_india
2026-06-20T21:30:00+00:00,59.12,59.12,59.09,59.12,310.0,real_delta_india
2026-06-20T22:00:00+00:00,59.14,59.2,59.14,59.2,79.0,real_delta_india
2026-06-20T22:30:00+00:00,59.2,59.32,59.18,59.2,1246.0,real_delta_india
2026-06-20T23:00:00+00:00,59.14,59.14,59.14,59.14,104.0,real_delta_india
2026-06-20T23:30:00+00:00,59.13,59.13,59.11,59.11,13.0,real_delta_india
2026-06-21T00:00:00+00:00,59.09,59.14,59.07,59.09,7913.0,real_delta_india
2026-06-21T00:30:00+00:00,59.12,59.12,59.02,59.02,217.0,real_delta_india
2026-06-21T01:00:00+00:00,59.03,59.04,59.0,59.0,1623.0,real_delta_india
2026-06-21T01:30:00+00:00,58.98,59.17,58.98,59.1,1251.0,real_delta_india
2026-06-21T02:00:00+00:00,59.09,59.11,59.09,59.11,39.0,real_delta_india
2026-06-21T02:30:00+00:00,59.14,59.14,59.11,59.14,509.0,real_delta_india
2026-06-21T03:00:00+00:00,59.11,59.16,59.11,59.15,332.0,real_delta_india
2026-06-21T03:30:00+00:00,59.12,59.15,59.12,59.14,670.0,real_delta_india
2026-06-21T04:00:00+00:00,59.14,59.16,59.11,59.15,2935.0,real_delta_india
2026-06-21T04:30:00+00:00,59.11,59.15,59.11,59.14,1335.0,real_delta_india
2026-06-21T05:00:00+00:00,59.11,59.14,59.1,59.11,1434.0,real_delta_india
2026-06-21T05:30:00+00:00,59.14,59.14,59.11,59.14,1207.0,real_delta_india
2026-06-21T06:00:00+00:00,59.14,59.15,59.11,59.15,443.0,real_delta_india
2026-06-21T06:30:00+00:00,59.12,59.21,59.12,59.18,954.0,real_delta_india
2026-06-21T07:00:00+00:00,59.18,59.21,59.15,59.21,1588.0,real_delta_india
2026-06-21T07:30:00+00:00,59.18,59.23,59.03,59.1,6010.0,real_delta_india
2026-06-21T08:00:00+00:00,59.1,59.14,59.04,59.09,597.0,real_delta_india
2026-06-21T08:30:00+00:00,59.06,59.12,59.05,59.12,729.0,real_delta_india
2026-06-21T09:00:00+00:00,59.09,59.15,59.07,59.15,134.0,real_delta_india
2026-06-21T09:30:00+00:00,59.15,59.17,59.11,59.11,1677.0,real_delta_india
2026-06-21T10:00:00+00:00,59.1,59.14,59.1,59.14,1779.0,real_delta_india
2026-06-21T10:30:00+00:00,59.11,59.17,59.11,59.12,1201.0,real_delta_india
2026-06-21T11:00:00+00:00,59.12,59.14,59.07,59.1,1047.0,real_delta_india
2026-06-21T11:30:00+00:00,59.08,59.1,59.06,59.09,1991.0,real_delta_india
2026-06-21T12:00:00+00:00,59.09,59.17,59.02,59.02,2608.0,real_delta_india
2026-06-21T12:30:00+00:00,59.01,59.05,59.01,59.03,158.0,real_delta_india
2026-06-21T13:00:00+00:00,59.09,59.14,59.08,59.12,4477.0,real_delta_india
2026-06-21T13:30:00+00:00,59.1,59.11,59.04,59.07,2081.0,real_delta_india
2026-06-21T14:00:00+00:00,59.11,59.11,59.04,59.04,2012.0,real_delta_india
2026-06-21T14:30:00+00:00,59.07,59.07,59.02,59.05,1202.0,real_delta_india
2026-06-21T15:00:00+00:00,59.08,59.08,59.03,59.07,360.0,real_delta_india
2026-06-21T15:30:00+00:00,59.05,59.1,59.03,59.04,502.0,real_delta_india
2026-06-21T16:00:00+00:00,59.06,59.06,59.02,59.06,1156.0,real_delta_india
2026-06-21T16:30:00+00:00,59.06,59.07,59.03,59.06,1037.0,real_delta_india
2026-06-21T17:00:00+00:00,59.06,59.1,59.05,59.09,1516.0,real_delta_india
2026-06-21T17:30:00+00:00,59.07,59.17,59.01,59.04,931.0,real_delta_india
2026-06-21T18:00:00+00:00,59.0,59.0,58.71,58.82,8543.0,real_delta_india
2026-06-21T18:30:00+00:00,58.82,58.86,58.79,58.85,1836.0,real_delta_india
2026-06-21T19:00:00+00:00,58.81,58.86,58.71,58.76,1594.0,real_delta_india
2026-06-21T19:30:00+00:00,58.78,58.81,58.73,58.76,656.0,real_delta_india
2026-06-21T20:00:00+00:00,58.74,58.77,58.71,58.71,3837.0,real_delta_india
2026-06-21T20:30:00+00:00,58.72,58.73,58.69,58.69,825.0,real_delta_india
2026-06-21T21:00:00+00:00,58.72,58.81,58.71,58.81,1321.0,real_delta_india
2026-06-21T21:30:00+00:00,58.77,58.8,58.5,58.6,4200.0,real_delta_india
2026-06-21T22:00:00+00:00,58.41,58.67,58.1,58.62,13479.0,real_delta_india
2026-06-21T22:30:00+00:00,58.66,58.87,58.6,58.87,393.0,real_delta_india
2026-06-21T23:00:00+00:00,58.98,59.03,58.84,58.85,226.0,real_delta_india
2026-06-21T23:30:00+00:00,58.81,58.81,58.34,58.48,8403.0,real_delta_india
2026-06-22T00:00:00+00:00,58.63,59.12,58.46,59.11,5011.0,real_delta_india
2026-06-22T00:30:00+00:00,59.18,60.2,59.13,60.17,21048.0,real_delta_india
2026-06-22T01:00:00+00:00,60.25,60.86,60.25,60.41,51218.0,real_delta_india
2026-06-22T01:30:00+00:00,60.24,60.24,59.79,59.86,29496.0,real_delta_india
2026-06-22T02:00:00+00:00,59.77,60.08,59.75,59.82,15481.0,real_delta_india
2026-06-22T02:30:00+00:00,59.78,60.02,59.53,59.62,9413.0,real_delta_india
2026-06-22T03:00:00+00:00,59.7,59.72,59.44,59.69,12760.0,real_delta_india
2026-06-22T03:30:00+00:00,59.62,59.62,59.44,59.44,5671.0,real_delta_india
2026-06-22T04:00:00+00:00,59.52,59.62,59.43,59.46,5717.0,real_delta_india
2026-06-22T04:30:00+00:00,59.46,59.57,59.46,59.48,10702.0,real_delta_india
2026-06-22T05:00:00+00:00,59.47,59.83,59.47,59.83,9886.0,real_delta_india
2026-06-22T05:30:00+00:00,59.87,60.43,59.87,60.26,42593.0,real_delta_india
2026-06-22T06:00:00+00:00,60.29,60.55,60.25,60.4,10733.0,real_delta_india
2026-06-22T06:30:00+00:00,60.38,60.63,60.33,60.46,12381.0,real_delta_india
2026-06-22T07:00:00+00:00,60.46,60.56,60.35,60.44,10589.0,real_delta_india
2026-06-22T07:30:00+00:00,60.43,60.46,60.07,60.14,10403.0,real_delta_india
2026-06-22T08:00:00+00:00,60.12,60.12,59.69,59.8,17294.0,real_delta_india
2026-06-22T08:30:00+00:00,59.77,60.11,59.74,60.1,6172.0,real_delta_india
2026-06-22T09:00:00+00:00,60.07,60.29,59.99,60.28,10890.0,real_delta_india
2026-06-22T09:30:00+00:00,60.25,60.4,60.19,60.26,14289.0,real_delta_india
2026-06-22T10:00:00+00:00,60.25,60.48,60.25,60.33,10906.0,real_delta_india
2026-06-22T10:30:00+00:00,60.3,60.38,60.2,60.24,18002.0,real_delta_india
2026-06-22T11:00:00+00:00,60.29,60.6,60.21,60.34,19862.0,real_delta_india
2026-06-22T11:30:00+00:00,60.25,60.35,60.12,60.34,27549.0,real_delta_india
2026-06-22T12:00:00+00:00,60.36,60.46,60.17,60.3,9391.0,real_delta_india
2026-06-22T12:30:00+00:00,60.24,60.29,60.08,60.15,12619.0,real_delta_india
2026-06-22T13:00:00+00:00,60.25,60.69,60.21,60.31,36163.0,real_delta_india
2026-06-22T13:30:00+00:00,60.28,60.54,60.25,60.38,11482.0,real_delta_india
2026-06-22T14:00:00+00:00,60.32,60.56,59.9,59.92,32409.0,real_delta_india
2026-06-22T14:30:00+00:00,59.88,60.07,59.77,59.95,21977.0,real_delta_india
2026-06-22T15:00:00+00:00,59.95,60.04,59.7,59.76,12743.0,real_delta_india
2026-06-22T15:30:00+00:00,59.7,59.77,59.13,59.4,52454.0,real_delta_india
2026-06-22T16:00:00+00:00,59.39,59.45,59.23,59.45,44985.0,real_delta_india
2026-06-22T16:30:00+00:00,59.41,59.62,59.32,59.53,14779.0,real_delta_india
2026-06-22T17:00:00+00:00,59.57,59.63,59.3,59.32,13751.0,real_delta_india
2026-06-22T17:30:00+00:00,59.31,59.36,59.0,59.25,9470.0,real_delta_india
2026-06-22T18:00:00+00:00,59.36,59.43,59.26,59.33,18759.0,real_delta_india
2026-06-22T18:30:00+00:00,59.41,59.46,59.3,59.39,6590.0,real_delta_india
2026-06-22T19:00:00+00:00,59.43,59.44,59.21,59.26,4700.0,real_delta_india
2026-06-22T19:30:00+00:00,59.16,59.21,58.98,59.15,6300.0,real_delta_india
2026-06-22T20:00:00+00:00,59.13,59.23,59.13,59.16,2185.0,real_delta_india
2026-06-22T20:30:00+00:00,59.14,59.19,59.13,59.16,924.0,real_delta_india
2026-06-22T21:00:00+00:00,59.12,59.16,59.11,59.16,686.0,real_delta_india
2026-06-22T21:30:00+00:00,59.13,59.22,59.13,59.22,646.0,real_delta_india
2026-06-22T22:00:00+00:00,59.13,59.13,59.06,59.09,4061.0,real_delta_india
2026-06-22T22:30:00+00:00,59.04,59.04,58.91,59.01,843.0,real_delta_india
2026-06-22T23:00:00+00:00,59.11,59.12,59.01,59.06,321.0,real_delta_india
2026-06-22T23:30:00+00:00,59.06,59.14,58.94,58.97,736.0,real_delta_india
2026-06-23T00:00:00+00:00,58.96,58.96,58.45,58.65,23837.0,real_delta_india
2026-06-23T00:30:00+00:00,58.73,59.04,58.7,58.98,7081.0,real_delta_india
2026-06-23T01:00:00+00:00,59.09,59.12,58.44,58.71,18865.0,real_delta_india
2026-06-23T01:30:00+00:00,58.69,58.69,57.96,58.17,36887.0,real_delta_india
2026-06-23T02:00:00+00:00,58.26,58.26,57.79,58.15,45255.0,real_delta_india
2026-06-23T02:30:00+00:00,58.1,58.13,57.42,57.47,31177.0,real_delta_india
2026-06-23T03:00:00+00:00,57.54,57.55,57.0,57.22,56739.0,real_delta_india
2026-06-23T03:30:00+00:00,57.25,57.43,57.12,57.39,33240.0,real_delta_india
2026-06-23T04:00:00+00:00,57.4,57.46,57.2,57.26,19036.0,real_delta_india
2026-06-23T04:30:00+00:00,57.26,57.27,56.77,56.85,32621.0,real_delta_india
2026-06-23T05:00:00+00:00,56.83,57.2,56.81,56.94,27245.0,real_delta_india
2026-06-23T05:30:00+00:00,56.95,57.23,56.66,56.79,37436.0,real_delta_india
2026-06-23T06:00:00+00:00,56.85,57.0,56.47,56.52,39045.0,real_delta_india
2026-06-23T06:30:00+00:00,56.51,56.8,56.5,56.58,19818.0,real_delta_india
2026-06-23T07:00:00+00:00,56.54,56.92,56.46,56.8,14890.0,real_delta_india
2026-06-23T07:30:00+00:00,56.76,56.8,56.15,56.23,35099.0,real_delta_india
2026-06-23T08:00:00+00:00,56.22,56.4,56.13,56.31,27613.0,real_delta_india
2026-06-23T08:30:00+00:00,56.36,56.44,56.25,56.35,26707.0,real_delta_india
2026-06-23T09:00:00+00:00,56.43,56.68,56.42,56.67,36591.0,real_delta_india
2026-06-23T09:30:00+00:00,56.68,56.78,56.59,56.78,13243.0,real_delta_india
2026-06-23T10:00:00+00:00,56.8,56.94,56.8,56.82,20653.0,real_delta_india
2026-06-23T10:30:00+00:00,56.8,56.8,56.5,56.55,28480.0,real_delta_india
2026-06-23T11:00:00+00:00,56.55,56.61,56.37,56.47,14391.0,real_delta_india
2026-06-23T11:30:00+00:00,56.41,56.49,56.25,56.4,6203.0,real_delta_india
2026-06-23T12:00:00+00:00,56.37,56.57,56.04,56.22,20473.0,real_delta_india
2026-06-23T12:30:00+00:00,56.26,56.44,56.17,56.23,22134.0,real_delta_india
2026-06-23T13:00:00+00:00,56.21,56.53,56.0,56.46,33176.0,real_delta_india
2026-06-23T13:30:00+00:00,56.28,56.77,56.28,56.69,26823.0,real_delta_india
2026-06-23T14:00:00+00:00,56.74,56.74,56.24,56.37,23509.0,real_delta_india
2026-06-23T14:30:00+00:00,56.36,56.41,55.9,56.33,42255.0,real_delta_india
2026-06-23T15:00:00+00:00,56.32,56.5,56.13,56.2,27988.0,real_delta_india
2026-06-23T15:30:00+00:00,56.25,56.58,56.25,56.58,15626.0,real_delta_india
2026-06-23T16:00:00+00:00,56.55,56.59,56.4,56.41,19050.0,real_delta_india
2026-06-23T16:30:00+00:00,56.37,56.52,56.32,56.37,15159.0,real_delta_india
2026-06-23T17:00:00+00:00,56.31,56.5,56.27,56.3,8256.0,real_delta_india
2026-06-23T17:30:00+00:00,56.31,56.38,56.13,56.17,16406.0,real_delta_india
2026-06-23T18:00:00+00:00,56.13,56.23,56.0,56.05,15761.0,real_delta_india
2026-06-23T18:30:00+00:00,56.0,56.09,55.72,55.83,37087.0,real_delta_india
2026-06-23T19:00:00+00:00,55.84,56.06,55.84,56.02,8675.0,real_delta_india
2026-06-23T19:30:00+00:00,56.08,56.1,55.91,56.01,9269.0,real_delta_india
2026-06-23T20:00:00+00:00,55.95,56.02,55.87,55.91,1745.0,real_delta_india
2026-06-23T20:30:00+00:00,55.97,55.97,55.85,55.96,1606.0,real_delta_india
2026-06-23T21:00:00+00:00,56.08,56.18,56.08,56.18,5176.0,real_delta_india
2026-06-23T21:30:00+00:00,56.24,56.24,56.13,56.14,1486.0,real_delta_india
2026-06-23T22:00:00+00:00,56.13,56.13,55.84,55.92,8287.0,real_delta_india
2026-06-23T22:30:00+00:00,55.9,55.94,55.77,55.87,8602.0,real_delta_india
2026-06-23T23:00:00+00:00,55.82,55.82,55.51,55.65,17091.0,real_delta_india
2026-06-23T23:30:00+00:00,55.65,55.97,55.21,55.97,66808.0,real_delta_india
2026-06-24T00:00:00+00:00,55.99,56.18,55.68,55.92,11607.0,real_delta_india
2026-06-24T00:30:00+00:00,55.9,56.05,55.85,55.85,6119.0,real_delta_india
2026-06-24T01:00:00+00:00,55.88,56.3,55.17,56.11,40500.0,real_delta_india
2026-06-24T01:30:00+00:00,56.11,56.24,55.91,56.03,13503.0,real_delta_india
2026-06-24T02:00:00+00:00,56.06,56.15,55.74,55.81,10580.0,real_delta_india
2026-06-24T02:30:00+00:00,55.71,55.85,55.42,55.56,15769.0,real_delta_india
2026-06-24T03:00:00+00:00,55.62,55.68,55.42,55.6,17952.0,real_delta_india
2026-06-24T03:30:00+00:00,55.65,55.92,55.65,55.7,18955.0,real_delta_india
2026-06-24T04:00:00+00:00,55.72,55.73,55.31,55.49,41647.0,real_delta_india
2026-06-24T04:30:00+00:00,55.42,55.57,55.39,55.51,34483.0,real_delta_india
2026-06-24T05:00:00+00:00,55.55,55.82,55.42,55.79,11062.0,real_delta_india
2026-06-24T05:30:00+00:00,55.8,56.09,55.8,55.92,21486.0,real_delta_india
2026-06-24T06:00:00+00:00,56.03,56.65,56.01,56.33,63147.0,real_delta_india
2026-06-24T06:30:00+00:00,56.28,56.44,56.12,56.13,34269.0,real_delta_india
2026-06-24T07:00:00+00:00,56.2,56.24,56.07,56.12,10391.0,real_delta_india
2026-06-24T07:30:00+00:00,56.16,56.26,55.86,55.86,23032.0,real_delta_india
2026-06-24T08:00:00+00:00,55.92,56.03,55.82,55.82,35103.0,real_delta_india
2026-06-24T08:30:00+00:00,55.93,55.99,55.63,55.66,33901.0,real_delta_india
2026-06-24T09:00:00+00:00,55.69,55.73,55.51,55.53,31958.0,real_delta_india
2026-06-24T09:30:00+00:00,55.61,55.66,55.45,55.49,14877.0,real_delta_india
2026-06-24T10:00:00+00:00,55.5,55.5,55.15,55.35,35829.0,real_delta_india
2026-06-24T10:30:00+00:00,55.36,55.51,55.0,55.06,73567.0,real_delta_india
2026-06-24T11:00:00+00:00,55.08,55.16,54.24,54.37,137452.0,real_delta_india
2026-06-24T11:30:00+00:00,54.45,54.61,53.91,53.96,77128.0,real_delta_india
2026-06-24T12:00:00+00:00,53.97,54.09,53.4,53.55,128399.0,real_delta_india
2026-06-24T12:30:00+00:00,53.54,53.78,52.81,52.84,129408.0,real_delta_india
2026-06-24T13:00:00+00:00,52.87,53.43,52.71,53.19,120545.0,real_delta_india
2026-06-24T13:30:00+00:00,53.27,54.11,53.21,54.07,107636.0,real_delta_india
2026-06-24T14:00:00+00:00,54.04,54.08,53.44,53.71,71566.0,real_delta_india
2026-06-24T14:30:00+00:00,53.79,53.93,53.36,53.48,41723.0,real_delta_india
2026-06-24T15:00:00+00:00,53.5,53.69,53.26,53.66,30747.0,real_delta_india
2026-06-24T15:30:00+00:00,53.68,53.7,53.28,53.33,32457.0,real_delta_india
2026-06-24T16:00:00+00:00,53.3,53.41,53.12,53.4,50528.0,real_delta_india
2026-06-24T16:30:00+00:00,53.35,53.52,53.19,53.22,35789.0,real_delta_india
2026-06-24T17:00:00+00:00,53.19,53.31,52.4,52.44,110265.0,real_delta_india
2026-06-24T17:30:00+00:00,52.42,52.54,51.38,51.41,92885.0,real_delta_india
2026-06-24T18:00:00+00:00,51.42,51.92,50.56,51.87,265730.0,real_delta_india
2026-06-24T18:30:00+00:00,51.89,52.01,51.4,51.53,60183.0,real_delta_india
2026-06-24T19:00:00+00:00,51.5,51.65,51.33,51.59,44917.0,real_delta_india
2026-06-24T19:30:00+00:00,51.61,52.01,51.43,51.96,26949.0,real_delta_india
2026-06-24T20:00:00+00:00,51.95,52.41,51.87,52.34,38774.0,real_delta_india
2026-06-24T20:30:00+00:00,52.34,52.34,52.12,52.24,6168.0,real_delta_india
2026-06-24T21:00:00+00:00,52.21,52.39,52.21,52.32,8910.0,real_delta_india
2026-06-24T21:30:00+00:00,52.32,52.45,52.23,52.45,9182.0,real_delta_india
2026-06-24T22:00:00+00:00,52.42,52.42,52.23,52.25,175.0,real_delta_india
2026-06-24T22:30:00+00:00,52.31,52.52,52.22,52.22,5978.0,real_delta_india
2026-06-24T23:00:00+00:00,52.22,52.33,52.07,52.33,4338.0,real_delta_india
2026-06-24T23:30:00+00:00,52.31,52.58,52.31,52.37,19982.0,real_delta_india
2026-06-25T00:00:00+00:00,52.38,52.51,52.1,52.15,10977.0,real_delta_india
2026-06-25T00:30:00+00:00,52.2,52.35,51.89,51.98,23207.0,real_delta_india
2026-06-25T01:00:00+00:00,52.14,52.52,51.93,51.98,16674.0,real_delta_india
2026-06-25T01:30:00+00:00,51.97,52.06,51.54,51.66,74924.0,real_delta_india
2026-06-25T02:00:00+00:00,51.7,51.84,51.17,51.73,38661.0,real_delta_india
2026-06-25T02:30:00+00:00,51.62,51.73,51.4,51.69,28630.0,real_delta_india
2026-06-25T03:00:00+00:00,51.63,51.8,51.37,51.7,18651.0,real_delta_india
2026-06-25T03:30:00+00:00,51.68,52.21,51.46,52.19,38602.0,real_delta_india
2026-06-25T04:00:00+00:00,52.2,52.27,51.95,52.14,46314.0,real_delta_india
2026-06-25T04:30:00+00:00,52.1,52.3,52.01,52.28,16461.0,real_delta_india
2026-06-25T05:00:00+00:00,52.32,52.36,52.02,52.17,16498.0,real_delta_india
2026-06-25T05:30:00+00:00,51.96,52.1,51.74,51.91,31937.0,real_delta_india
2026-06-25T06:00:00+00:00,51.87,51.95,51.81,51.87,13641.0,real_delta_india
2026-06-25T06:30:00+00:00,51.88,51.89,51.51,51.6,59142.0,real_delta_india
2026-06-25T07:00:00+00:00,51.58,51.96,51.4,51.83,36504.0,real_delta_india
2026-06-25T07:30:00+00:00,51.78,52.05,51.38,51.99,34199.0,real_delta_india
2026-06-25T08:00:00+00:00,52.05,52.34,52.02,52.2,49098.0,real_delta_india
2026-06-25T08:30:00+00:00,52.24,52.38,52.12,52.12,46261.0,real_delta_india
2026-06-25T09:00:00+00:00,52.17,52.34,52.15,52.34,28730.0,real_delta_india
2026-06-25T09:30:00+00:00,52.33,52.34,52.1,52.25,25722.0,real_delta_india
2026-06-25T10:00:00+00:00,52.2,52.2,52.02,52.17,6938.0,real_delta_india
2026-06-25T10:30:00+00:00,52.17,52.25,51.98,52.04,38136.0,real_delta_india
2026-06-25T11:00:00+00:00,52.12,52.12,51.68,51.85,57907.0,real_delta_india
2026-06-25T11:30:00+00:00,51.79,52.13,51.75,51.94,41442.0,real_delta_india
2026-06-25T12:00:00+00:00,51.91,52.07,51.79,51.97,42310.0,real_delta_india
2026-06-25T12:30:00+00:00,52.2,53.08,52.12,52.89,232729.0,real_delta_india
2026-06-25T13:00:00+00:00,53.03,53.63,52.87,53.0,126043.0,real_delta_india
2026-06-25T13:30:00+00:00,53.01,53.1,51.73,51.77,116594.0,real_delta_india
2026-06-25T14:00:00+00:00,51.8,52.86,51.8,52.77,72688.0,real_delta_india
2026-06-25T14:30:00+00:00,52.74,52.81,52.44,52.63,39068.0,real_delta_india
2026-06-25T15:00:00+00:00,52.6,53.15,52.31,52.9,27693.0,real_delta_india
2026-06-25T15:30:00+00:00,52.96,53.39,52.9,53.37,22852.0,real_delta_india
2026-06-25T16:00:00+00:00,53.36,53.41,53.22,53.22,27187.0,real_delta_india
2026-06-25T16:30:00+00:00,53.17,53.18,52.85,52.94,40664.0,real_delta_india
2026-06-25T17:00:00+00:00,52.94,53.13,52.9,53.03,18668.0,real_delta_india
2026-06-25T17:30:00+00:00,53.07,53.08,52.74,52.95,8069.0,real_delta_india
2026-06-25T18:00:00+00:00,52.94,53.13,52.68,53.09,24542.0,real_delta_india
2026-06-25T18:30:00+00:00,53.06,53.08,52.69,52.85,15690.0,real_delta_india
2026-06-25T19:00:00+00:00,52.85,52.9,52.75,52.75,4310.0,real_delta_india
2026-06-25T19:30:00+00:00,52.71,52.72,52.4,52.58,62316.0,real_delta_india
2026-06-25T20:00:00+00:00,52.61,52.73,52.56,52.62,607.0,real_delta_india
2026-06-25T20:30:00+00:00,52.6,52.6,52.51,52.6,348.0,real_delta_india
2026-06-25T21:00:00+00:00,52.62,52.63,52.59,52.63,2207.0,real_delta_india
2026-06-25T21:30:00+00:00,52.63,52.69,52.62,52.62,4399.0,real_delta_india
2026-06-25T22:00:00+00:00,52.6,52.6,52.3,52.37,5968.0,real_delta_india
2026-06-25T22:30:00+00:00,52.39,52.6,52.37,52.58,15876.0,real_delta_india
2026-06-25T23:00:00+00:00,52.5,52.69,52.44,52.65,16996.0,real_delta_india
2026-06-25T23:30:00+00:00,52.53,52.62,52.31,52.32,4986.0,real_delta_india
2026-06-26T00:00:00+00:00,52.33,52.46,52.11,52.2,4998.0,real_delta_india
2026-06-26T00:30:00+00:00,52.21,52.53,52.17,52.52,4867.0,real_delta_india
2026-06-26T01:00:00+00:00,52.49,52.62,52.0,52.04,25556.0,real_delta_india
2026-06-26T01:30:00+00:00,52.1,52.2,51.66,51.82,22531.0,real_delta_india
2026-06-26T02:00:00+00:00,51.88,51.99,51.42,51.59,33006.0,real_delta_india
2026-06-26T02:30:00+00:00,51.54,51.54,50.58,50.87,59646.0,real_delta_india
2026-06-26T03:00:00+00:00,50.85,51.47,50.79,51.24,35406.0,real_delta_india
2026-06-26T03:30:00+00:00,51.25,51.47,51.16,51.41,48101.0,real_delta_india
2026-06-26T04:00:00+00:00,51.38,51.5,51.28,51.37,17613.0,real_delta_india
2026-06-26T04:30:00+00:00,51.37,51.39,51.15,51.28,15643.0,real_delta_india
2026-06-26T05:00:00+00:00,51.26,51.5,51.13,51.37,57467.0,real_delta_india
2026-06-26T05:30:00+00:00,51.5,51.64,51.38,51.48,43296.0,real_delta_india
2026-06-26T06:00:00+00:00,51.47,52.15,51.22,52.05,61251.0,real_delta_india
2026-06-26T06:30:00+00:00,52.08,53.0,52.0,52.88,116525.0,real_delta_india
2026-06-26T07:00:00+00:00,52.87,52.87,52.53,52.66,28780.0,real_delta_india
2026-06-26T07:30:00+00:00,52.74,52.8,52.46,52.53,36152.0,real_delta_india
2026-06-26T08:00:00+00:00,52.55,52.67,52.34,52.63,22436.0,real_delta_india
2026-06-26T08:30:00+00:00,52.58,52.66,52.39,52.42,36313.0,real_delta_india
2026-06-26T09:00:00+00:00,52.35,52.95,52.33,52.93,24730.0,real_delta_india
2026-06-26T09:30:00+00:00,52.89,53.1,52.8,52.89,56882.0,real_delta_india
2026-06-26T10:00:00+00:00,52.85,53.04,52.69,52.84,54976.0,real_delta_india
2026-06-26T10:30:00+00:00,52.91,53.12,52.85,53.12,32033.0,real_delta_india
2026-06-26T11:00:00+00:00,53.14,53.16,52.83,52.93,48765.0,real_delta_india
2026-06-26T11:30:00+00:00,52.99,53.02,52.72,52.8,30655.0,real_delta_india
2026-06-26T12:00:00+00:00,52.84,52.95,52.7,52.82,45151.0,real_delta_india
2026-06-26T12:30:00+00:00,52.83,53.57,52.7,53.5,84429.0,real_delta_india
2026-06-26T13:00:00+00:00,53.5,53.74,52.64,53.09,74210.0,real_delta_india
2026-06-26T13:30:00+00:00,53.1,53.54,52.72,53.51,69029.0,real_delta_india
2026-06-26T14:00:00+00:00,53.51,53.97,53.37,53.72,84597.0,real_delta_india
2026-06-26T14:30:00+00:00,53.7,54.07,53.59,53.75,68626.0,real_delta_india
2026-06-26T15:00:00+00:00,53.74,53.84,53.55,53.82,45172.0,real_delta_india
2026-06-26T15:30:00+00:00,53.83,54.09,53.7,53.92,53055.0,real_delta_india
2026-06-26T16:00:00+00:00,53.94,54.0,53.74,53.8,33876.0,real_delta_india
2026-06-26T16:30:00+00:00,53.82,53.98,53.71,53.85,18473.0,real_delta_india
2026-06-26T17:00:00+00:00,53.9,53.9,53.61,53.81,18327.0,real_delta_india
2026-06-26T17:30:00+00:00,53.8,53.8,53.6,53.6,9273.0,real_delta_india
2026-06-26T18:00:00+00:00,53.6,53.72,53.55,53.67,4923.0,real_delta_india
2026-06-26T18:30:00+00:00,53.74,53.75,53.42,53.49,15421.0,real_delta_india
2026-06-26T19:00:00+00:00,53.47,53.61,53.44,53.48,6068.0,real_delta_india
2026-06-26T19:30:00+00:00,53.47,53.65,53.47,53.55,3665.0,real_delta_india
2026-06-26T20:00:00+00:00,53.51,53.55,53.22,53.31,17947.0,real_delta_india
2026-06-26T20:30:00+00:00,53.16,53.8,53.16,53.68,12312.0,real_delta_india
2026-06-26T21:00:00+00:00,53.66,53.78,53.66,53.73,9154.0,real_delta_india
2026-06-26T21:30:00+00:00,53.76,53.76,53.61,53.62,9416.0,real_delta_india
2026-06-26T22:00:00+00:00,53.58,53.63,53.58,53.61,380.0,real_delta_india
2026-06-26T22:30:00+00:00,53.65,53.67,53.63,53.67,242.0,real_delta_india
2026-06-26T23:00:00+00:00,53.68,53.68,53.65,53.65,61.0,real_delta_india
2026-06-26T23:30:00+00:00,53.71,53.75,53.68,53.74,1192.0,real_delta_india
2026-06-27T00:00:00+00:00,53.72,53.75,53.69,53.69,838.0,real_delta_india
2026-06-27T00:30:00+00:00,53.67,53.72,53.64,53.68,457.0,real_delta_india
2026-06-27T01:00:00+00:00,53.68,53.72,53.66,53.71,1011.0,real_delta_india
2026-06-27T01:30:00+00:00,53.71,53.71,53.65,53.67,1923.0,real_delta_india
2026-06-27T02:00:00+00:00,53.64,53.71,53.64,53.71,1054.0,real_delta_india
2026-06-27T02:30:00+00:00,53.68,53.72,53.68,53.68,1918.0,real_delta_india
2026-06-27T03:00:00+00:00,53.7,53.71,53.67,53.67,1249.0,real_delta_india
2026-06-27T03:30:00+00:00,53.69,53.71,53.63,53.71,400.0,real_delta_india
2026-06-27T04:00:00+00:00,53.68,53.72,53.68,53.7,1335.0,real_delta_india
2026-06-27T04:30:00+00:00,53.68,53.69,53.65,53.66,1830.0,real_delta_india
2026-06-27T05:00:00+00:00,53.63,53.66,53.62,53.65,2069.0,real_delta_india
2026-06-27T05:30:00+00:00,53.62,53.65,53.61,53.65,3986.0,real_delta_india
2026-06-27T06:00:00+00:00,53.65,53.67,53.61,53.64,2822.0,real_delta_india
2026-06-27T06:30:00+00:00,53.68,53.7,53.65,53.68,2320.0,real_delta_india
2026-06-27T07:00:00+00:00,53.68,53.68,53.55,53.64,1709.0,real_delta_india
2026-06-27T07:30:00+00:00,53.64,53.65,53.58,53.63,3016.0,real_delta_india
2026-06-27T08:00:00+00:00,53.65,53.65,53.6,53.63,135.0,real_delta_india
2026-06-27T08:30:00+00:00,53.6,53.63,53.59,53.6,2304.0,real_delta_india
2026-06-27T09:00:00+00:00,53.63,53.63,53.58,53.59,2224.0,real_delta_india
2026-06-27T09:30:00+00:00,53.6,53.63,53.58,53.61,687.0,real_delta_india
2026-06-27T10:00:00+00:00,53.64,53.64,53.59,53.61,5280.0,real_delta_india
2026-06-27T10:30:00+00:00,53.61,53.64,53.58,53.64,5951.0,real_delta_india
2026-06-27T11:00:00+00:00,53.64,53.69,53.61,53.61,11499.0,real_delta_india
2026-06-27T11:30:00+00:00,53.64,53.65,53.62,53.62,64.0,real_delta_india
2026-06-27T12:00:00+00:00,53.62,53.65,53.62,53.62,2361.0,real_delta_india
2026-06-27T12:30:00+00:00,53.62,53.64,53.59,53.59,1308.0,real_delta_india
2026-06-27T13:00:00+00:00,53.64,53.65,53.62,53.65,1636.0,real_delta_india
2026-06-27T13:30:00+00:00,53.65,53.65,53.59,53.64,4709.0,real_delta_india
2026-06-27T14:00:00+00:00,53.64,53.66,53.62,53.62,2479.0,real_delta_india
2026-06-27T14:30:00+00:00,53.63,53.65,53.62,53.64,1470.0,real_delta_india
2026-06-27T15:00:00+00:00,53.62,53.68,53.59,53.66,2005.0,real_delta_india
2026-06-27T15:30:00+00:00,53.67,53.68,53.62,53.62,2529.0,real_delta_india
2026-06-27T16:00:00+00:00,53.65,53.66,53.62,53.62,1527.0,real_delta_india
2026-06-27T16:30:00+00:00,53.64,53.67,53.61,53.62,10019.0,real_delta_india
2026-06-27T17:00:00+00:00,53.63,53.64,53.58,53.61,1425.0,real_delta_india
2026-06-27T17:30:00+00:00,53.62,53.62,53.58,53.58,276.0,real_delta_india
2026-06-27T18:00:00+00:00,53.61,53.62,53.58,53.59,847.0,real_delta_india
2026-06-27T18:30:00+00:00,53.62,53.62,53.59,53.61,412.0,real_delta_india
2026-06-27T19:00:00+00:00,53.58,53.58,53.56,53.56,13.0,real_delta_india
2026-06-27T19:30:00+00:00,53.59,53.59,53.59,53.59,6.0,real_delta_india
2026-06-27T20:00:00+00:00,53.57,53.6,53.57,53.59,121.0,real_delta_india
2026-06-27T20:30:00+00:00,53.56,53.6,53.56,53.6,62.0,real_delta_india
2026-06-27T21:00:00+00:00,53.58,53.58,53.58,53.58,15.0,real_delta_india
2026-06-27T21:30:00+00:00,53.6,53.6,53.57,53.57,472.0,real_delta_india
2026-06-27T22:00:00+00:00,53.54,53.54,53.46,53.46,1649.0,real_delta_india
2026-06-27T22:30:00+00:00,53.49,53.5,53.46,53.48,834.0,real_delta_india
2026-06-27T23:00:00+00:00,53.5,53.5,53.48,53.5,90.0,real_delta_india
2026-06-27T23:30:00+00:00,53.5,53.5,53.5,53.5,150.0,real_delta_india
2026-06-28T00:00:00+00:00,53.53,53.59,53.53,53.59,34.0,real_delta_india
2026-06-28T00:30:00+00:00,53.59,53.59,53.54,53.58,74.0,real_delta_india
2026-06-28T01:00:00+00:00,53.52,53.6,53.5,53.5,30.0,real_delta_india
2026-06-28T01:30:00+00:00,53.49,53.49,53.49,53.49,52.0,real_delta_india
2026-06-28T02:00:00+00:00,53.53,53.53,53.53,53.53,44.0,real_delta_india
2026-06-28T02:30:00+00:00,53.5,53.54,53.5,53.54,744.0,real_delta_india
2026-06-28T03:00:00+00:00,53.51,53.56,53.51,53.54,71.0,real_delta_india
2026-06-28T03:30:00+00:00,53.54,53.58,53.53,53.58,185.0,real_delta_india
2026-06-28T04:00:00+00:00,53.6,53.62,53.56,53.56,2561.0,real_delta_india
2026-06-28T04:30:00+00:00,53.58,53.62,53.57,53.61,795.0,real_delta_india
2026-06-28T05:00:00+00:00,53.6,53.62,53.56,53.57,307.0,real_delta_india
2026-06-28T05:30:00+00:00,53.56,53.61,53.55,53.55,10139.0,real_delta_india
2026-06-28T06:00:00+00:00,53.58,53.59,53.55,53.55,526.0,real_delta_india
2026-06-28T06:30:00+00:00,53.6,53.62,53.58,53.59,157.0,real_delta_india
2026-06-28T07:00:00+00:00,53.6,53.6,53.54,53.59,202.0,real_delta_india
2026-06-28T07:30:00+00:00,53.56,53.6,53.55,53.55,2862.0,real_delta_india
2026-06-28T08:00:00+00:00,53.58,53.58,53.57,53.57,105.0,real_delta_india
2026-06-28T08:30:00+00:00,53.59,53.61,53.58,53.58,106.0,real_delta_india
2026-06-28T09:00:00+00:00,53.61,53.61,53.55,53.55,410.0,real_delta_india
2026-06-28T09:30:00+00:00,53.58,53.59,53.53,53.56,2782.0,real_delta_india
2026-06-28T10:00:00+00:00,53.56,53.56,53.53,53.54,465.0,real_delta_india
2026-06-28T10:30:00+00:00,53.53,53.54,53.52,53.52,361.0,real_delta_india
2026-06-28T11:00:00+00:00,53.49,53.51,53.48,53.51,342.0,real_delta_india
2026-06-28T11:30:00+00:00,53.51,53.51,53.48,53.48,336.0,real_delta_india
2026-06-28T12:00:00+00:00,53.54,53.56,53.52,53.53,105.0,real_delta_india
2026-06-28T12:30:00+00:00,53.56,53.59,53.53,53.53,188.0,real_delta_india
2026-06-28T13:00:00+00:00,53.56,53.59,53.52,53.53,3812.0,real_delta_india
2026-06-28T13:30:00+00:00,53.52,53.55,53.52,53.55,60.0,real_delta_india
2026-06-28T14:00:00+00:00,53.56,53.58,53.52,53.55,625.0,real_delta_india
2026-06-28T14:30:00+00:00,53.52,53.56,53.5,53.5,353.0,real_delta_india
2026-06-28T15:00:00+00:00,53.49,53.52,53.46,53.52,4074.0,real_delta_india
2026-06-28T15:30:00+00:00,53.52,53.52,53.49,53.5,617.0,real_delta_india
2026-06-28T16:00:00+00:00,53.52,53.52,53.47,53.52,779.0,real_delta_india
2026-06-28T16:30:00+00:00,53.52,53.52,53.47,53.48,558.0,real_delta_india
2026-06-28T17:00:00+00:00,53.5,53.53,53.47,53.5,328.0,real_delta_india
2026-06-28T17:30:00+00:00,53.51,53.53,53.46,53.46,3505.0,real_delta_india
2026-06-28T18:00:00+00:00,53.46,53.51,53.46,53.47,1305.0,real_delta_india
2026-06-28T18:30:00+00:00,53.47,53.47,53.47,53.47,0.0,real_delta_india
2026-06-28T19:00:00+00:00,53.54,53.54,53.51,53.53,239.0,real_delta_india
2026-06-28T19:30:00+00:00,53.51,53.54,53.49,53.52,1367.0,real_delta_india
2026-06-28T20:00:00+00:00,53.54,53.6,53.54,53.57,321.0,real_delta_india
2026-06-28T20:30:00+00:00,53.6,53.7,53.59,53.62,498.0,real_delta_india
2026-06-28T21:00:00+00:00,53.64,53.64,53.59,53.64,1478.0,real_delta_india
2026-06-28T21:30:00+00:00,53.7,53.7,53.54,53.54,206.0,real_delta_india
2026-06-28T22:00:00+00:00,53.47,53.95,53.11,53.21,2024.0,real_delta_india
2026-06-28T22:30:00+00:00,53.21,53.4,53.18,53.34,6432.0,real_delta_india
2026-06-28T23:00:00+00:00,53.54,53.55,53.25,53.27,2696.0,real_delta_india
2026-06-28T23:30:00+00:00,53.23,53.46,53.21,53.39,2687.0,real_delta_india
2026-06-29T00:00:00+00:00,53.2,53.24,52.75,52.75,10807.0,real_delta_india
2026-06-29T00:30:00+00:00,52.74,53.35,52.74,53.35,3232.0,real_delta_india
2026-06-29T01:00:00+00:00,53.13,53.41,53.0,53.22,19321.0,real_delta_india
2026-06-29T01:30:00+00:00,52.82,53.31,52.82,52.98,5287.0,real_delta_india
2026-06-29T02:00:00+00:00,52.9,53.37,52.9,53.36,10716.0,real_delta_india
2026-06-29T02:30:00+00:00,53.37,53.37,53.1,53.27,5830.0,real_delta_india
2026-06-29T03:00:00+00:00,53.34,53.7,53.28,53.53,8519.0,real_delta_india
2026-06-29T03:30:00+00:00,53.49,53.49,53.19,53.27,19661.0,real_delta_india
2026-06-29T04:00:00+00:00,53.26,53.27,53.05,53.11,34897.0,real_delta_india
2026-06-29T04:30:00+00:00,53.05,53.05,52.82,52.86,16923.0,real_delta_india
2026-06-29T05:00:00+00:00,52.9,53.02,52.8,52.8,25091.0,real_delta_india
2026-06-29T05:30:00+00:00,52.77,53.27,52.48,53.14,57390.0,real_delta_india
2026-06-29T06:00:00+00:00,53.16,53.5,53.15,53.45,38205.0,real_delta_india
2026-06-29T06:30:00+00:00,53.35,53.43,53.22,53.24,15529.0,real_delta_india
2026-06-29T07:00:00+00:00,53.22,53.23,53.04,53.15,15814.0,real_delta_india
2026-06-29T07:30:00+00:00,53.12,53.14,52.95,52.97,17769.0,real_delta_india
2026-06-29T08:00:00+00:00,53.0,53.11,52.93,52.97,7057.0,real_delta_india
2026-06-29T08:30:00+00:00,53.06,53.09,52.6,52.7,18151.0,real_delta_india
2026-06-29T09:00:00+00:00,52.64,52.83,52.62,52.78,21453.0,real_delta_india
2026-06-29T09:30:00+00:00,52.79,52.79,52.19,52.41,51984.0,real_delta_india
2026-06-29T10:00:00+00:00,52.42,52.56,52.27,52.44,27566.0,real_delta_india
2026-06-29T10:30:00+00:00,52.47,52.52,52.26,52.5,22625.0,real_delta_india
2026-06-29T11:00:00+00:00,52.53,52.54,52.32,52.39,6161.0,real_delta_india
2026-06-29T11:30:00+00:00,52.5,52.86,52.43,52.85,34909.0,real_delta_india
2026-06-29T12:00:00+00:00,52.8,53.04,52.65,52.69,70613.0,real_delta_india
2026-06-29T12:30:00+00:00,52.67,53.12,52.67,53.02,40067.0,real_delta_india
2026-06-29T13:00:00+00:00,53.08,53.34,53.0,53.0,34988.0,real_delta_india
2026-06-29T13:30:00+00:00,52.99,53.17,52.73,52.81,46976.0,real_delta_india
2026-06-29T14:00:00+00:00,52.82,52.88,52.13,52.75,69285.0,real_delta_india
2026-06-29T14:30:00+00:00,52.78,52.87,52.5,52.68,36502.0,real_delta_india
2026-06-29T15:00:00+00:00,52.65,52.68,52.37,52.54,31569.0,real_delta_india
2026-06-29T15:30:00+00:00,52.59,52.83,52.5,52.79,32520.0,real_delta_india
2026-06-29T16:00:00+00:00,52.77,52.82,52.66,52.66,7912.0,real_delta_india
2026-06-29T16:30:00+00:00,52.71,52.89,52.6,52.81,22353.0,real_delta_india
2026-06-29T17:00:00+00:00,52.82,53.06,52.78,52.82,26781.0,real_delta_india
2026-06-29T17:30:00+00:00,52.8,52.88,52.71,52.86,14512.0,real_delta_india
2026-06-29T18:00:00+00:00,52.89,52.99,52.87,52.92,13961.0,real_delta_india
2026-06-29T18:30:00+00:00,52.92,52.98,52.75,52.82,20313.0,real_delta_india
2026-06-29T19:00:00+00:00,52.82,52.91,52.58,52.9,24525.0,real_delta_india
2026-06-29T19:30:00+00:00,52.97,52.97,52.82,52.91,1138.0,real_delta_india
2026-06-29T20:00:00+00:00,52.87,52.96,52.86,52.93,9232.0,real_delta_india
2026-06-29T20:30:00+00:00,52.93,53.01,52.88,52.96,8275.0,real_delta_india
2026-06-29T21:00:00+00:00,52.98,52.99,52.95,52.95,21.0,real_delta_india
2026-06-29T21:30:00+00:00,52.99,52.99,52.95,52.98,338.0,real_delta_india
2026-06-29T22:00:00+00:00,52.98,53.01,52.9,52.91,3746.0,real_delta_india
2026-06-29T22:30:00+00:00,52.89,52.92,52.85,52.87,1797.0,real_delta_india
2026-06-29T23:00:00+00:00,53.07,53.17,53.07,53.07,2523.0,real_delta_india
2026-06-29T23:30:00+00:00,53.1,53.15,53.05,53.08,3372.0,real_delta_india
2026-06-30T00:00:00+00:00,52.9,53.0,52.75,52.75,2319.0,real_delta_india
2026-06-30T00:30:00+00:00,52.77,52.77,52.01,52.25,31561.0,real_delta_india
2026-06-30T01:00:00+00:00,52.2,52.44,51.4,52.4,93235.0,real_delta_india
2026-06-30T01:30:00+00:00,52.4,52.4,52.01,52.13,6973.0,real_delta_india
2026-06-30T02:00:00+00:00,52.1,52.36,51.89,52.04,19530.0,real_delta_india
2026-06-30T02:30:00+00:00,52.03,52.26,51.84,52.14,32996.0,real_delta_india
2026-06-30T03:00:00+00:00,52.13,52.42,52.13,52.17,10256.0,real_delta_india
2026-06-30T03:30:00+00:00,52.05,52.11,51.92,52.0,20639.0,real_delta_india
2026-06-30T04:00:00+00:00,52.03,52.26,52.02,52.25,8030.0,real_delta_india
2026-06-30T04:30:00+00:00,52.28,52.68,52.25,52.4,58194.0,real_delta_india
2026-06-30T05:00:00+00:00,52.38,52.44,51.99,52.05,46794.0,real_delta_india
2026-06-30T05:30:00+00:00,51.99,52.25,51.82,52.04,23241.0,real_delta_india
2026-06-30T06:00:00+00:00,52.14,53.58,52.07,53.41,55645.0,real_delta_india
2026-06-30T06:30:00+00:00,53.47,54.15,53.42,53.65,111349.0,real_delta_india
2026-06-30T07:00:00+00:00,53.56,53.68,53.31,53.53,49116.0,real_delta_india
2026-06-30T07:30:00+00:00,53.54,53.62,53.4,53.59,6358.0,real_delta_india
2026-06-30T08:00:00+00:00,53.57,53.68,53.21,53.33,30910.0,real_delta_india
2026-06-30T08:30:00+00:00,53.33,53.39,53.03,53.12,28092.0,real_delta_india
2026-06-30T09:00:00+00:00,53.14,53.33,53.12,53.15,18079.0,real_delta_india
2026-06-30T09:30:00+00:00,53.16,53.42,53.07,53.42,26759.0,real_delta_india
2026-06-30T10:00:00+00:00,53.46,53.52,53.33,53.51,15708.0,real_delta_india
2026-06-30T10:30:00+00:00,53.44,53.64,53.42,53.57,28654.0,real_delta_india
2026-06-30T11:00:00+00:00,53.59,53.65,53.37,53.64,11087.0,real_delta_india
2026-06-30T11:30:00+00:00,53.62,53.74,53.52,53.59,16950.0,real_delta_india
2026-06-30T12:00:00+00:00,53.59,53.6,52.98,52.98,56098.0,real_delta_india
2026-06-30T12:30:00+00:00,53.01,53.23,52.89,53.0,39036.0,real_delta_india
2026-06-30T13:00:00+00:00,53.28,53.92,53.19,53.53,63212.0,real_delta_india
2026-06-30T13:30:00+00:00,53.58,53.86,53.4,53.81,45041.0,real_delta_india
2026-06-30T14:00:00+00:00,53.78,54.82,53.64,54.55,121432.0,real_delta_india
2026-06-30T14:30:00+00:00,54.58,54.88,54.28,54.35,61368.0,real_delta_india
2026-06-30T15:00:00+00:00,54.33,54.46,54.02,54.27,49484.0,real_delta_india
2026-06-30T15:30:00+00:00,54.27,54.3,54.05,54.08,20749.0,real_delta_india
2026-06-30T16:00:00+00:00,54.07,54.3,54.07,54.24,13504.0,real_delta_india
2026-06-30T16:30:00+00:00,54.24,54.3,53.95,54.01,20733.0,real_delta_india
2026-06-30T17:00:00+00:00,54.01,54.14,53.9,53.99,40087.0,real_delta_india
2026-06-30T17:30:00+00:00,54.03,54.2,53.98,54.15,17620.0,real_delta_india
2026-06-30T18:00:00+00:00,54.14,54.22,54.12,54.12,12578.0,real_delta_india
2026-06-30T18:30:00+00:00,54.08,54.38,54.08,54.27,22429.0,real_delta_india
2026-06-30T19:00:00+00:00,54.27,54.27,53.94,54.02,22352.0,real_delta_india
2026-06-30T19:30:00+00:00,53.96,53.99,53.66,53.68,30560.0,real_delta_india
2026-06-30T20:00:00+00:00,53.65,53.83,53.5,53.52,17182.0,real_delta_india
2026-06-30T20:30:00+00:00,53.46,53.46,53.19,53.21,30587.0,real_delta_india
2026-06-30T21:00:00+00:00,53.19,53.26,53.19,53.21,2363.0,real_delta_india
2026-06-30T21:30:00+00:00,53.24,53.24,53.18,53.23,1624.0,real_delta_india
2026-06-30T22:00:00+00:00,53.28,53.46,53.28,53.39,5783.0,real_delta_india
2026-06-30T22:30:00+00:00,53.41,53.45,53.28,53.28,1482.0,real_delta_india
2026-06-30T23:00:00+00:00,53.33,53.43,53.21,53.23,4974.0,real_delta_india
2026-06-30T23:30:00+00:00,53.2,53.23,53.03,53.03,1798.0,real_delta_india
2026-07-01T00:00:00+00:00,53.03,53.23,52.93,52.98,19760.0,real_delta_india
2026-07-01T00:30:00+00:00,53.05,53.17,52.93,53.11,10846.0,real_delta_india
2026-07-01T01:00:00+00:00,53.13,53.25,52.51,52.65,44384.0,real_delta_india
2026-07-01T01:30:00+00:00,52.67,52.73,52.23,52.44,60058.0,real_delta_india
2026-07-01T02:00:00+00:00,52.4,52.52,52.2,52.43,13067.0,real_delta_india
2026-07-01T02:30:00+00:00,52.5,52.6,52.36,52.36,30585.0,real_delta_india
2026-07-01T03:00:00+00:00,52.44,52.69,52.41,52.55,6445.0,real_delta_india
2026-07-01T03:30:00+00:00,52.54,52.59,52.36,52.45,24459.0,real_delta_india
2026-07-01T04:00:00+00:00,52.51,52.54,52.32,52.38,17398.0,real_delta_india
2026-07-01T04:30:00+00:00,52.41,52.55,52.27,52.39,17046.0,real_delta_india
2026-07-01T05:00:00+00:00,52.38,52.39,52.16,52.3,18779.0,real_delta_india
2026-07-01T05:30:00+00:00,52.26,52.4,52.16,52.27,38316.0,real_delta_india
2026-07-01T06:00:00+00:00,52.22,52.34,51.9,52.22,58503.0,real_delta_india
2026-07-01T06:30:00+00:00,52.22,52.28,51.98,52.12,33474.0,real_delta_india
2026-07-01T07:00:00+00:00,52.13,52.26,51.98,52.09,65995.0,real_delta_india
2026-07-01T07:30:00+00:00,52.08,52.41,51.99,52.38,53246.0,real_delta_india
2026-07-01T08:00:00+00:00,52.38,52.57,52.23,52.52,53417.0,real_delta_india
2026-07-01T08:30:00+00:00,52.49,52.54,52.31,52.4,24667.0,real_delta_india
2026-07-01T09:00:00+00:00,52.37,52.63,52.32,52.6,42270.0,real_delta_india
2026-07-01T09:30:00+00:00,52.6,52.75,52.56,52.66,51541.0,real_delta_india
2026-07-01T10:00:00+00:00,52.71,52.77,52.55,52.68,45807.0,real_delta_india
2026-07-01T10:30:00+00:00,52.68,52.92,52.63,52.88,47285.0,real_delta_india
2026-07-01T11:00:00+00:00,52.94,53.54,52.86,53.49,144972.0,real_delta_india
2026-07-01T11:30:00+00:00,53.48,53.68,53.37,53.45,35929.0,real_delta_india
2026-07-01T12:00:00+00:00,53.49,53.5,53.23,53.33,57409.0,real_delta_india
2026-07-01T12:30:00+00:00,53.31,53.59,53.25,53.42,31705.0,real_delta_india
2026-07-01T13:00:00+00:00,53.4,53.57,52.94,53.57,83873.0,real_delta_india
2026-07-01T13:30:00+00:00,53.49,55.17,53.47,54.71,199024.0,real_delta_india
2026-07-01T14:00:00+00:00,54.79,55.42,54.59,55.06,140206.0,real_delta_india
2026-07-01T14:30:00+00:00,55.04,55.34,54.68,54.7,118215.0,real_delta_india
2026-07-01T15:00:00+00:00,54.76,54.82,54.49,54.68,58400.0,real_delta_india
2026-07-01T15:30:00+00:00,54.6,54.8,54.58,54.62,44548.0,real_delta_india
2026-07-01T16:00:00+00:00,54.63,54.86,54.63,54.77,24208.0,real_delta_india
2026-07-01T16:30:00+00:00,54.81,54.81,54.51,54.51,22183.0,real_delta_india
2026-07-01T17:00:00+00:00,54.54,54.61,54.34,54.43,37257.0,real_delta_india
2026-07-01T17:30:00+00:00,54.45,54.58,54.31,54.36,31001.0,real_delta_india
2026-07-01T18:00:00+00:00,54.34,54.48,54.14,54.14,30608.0,real_delta_india
2026-07-01T18:30:00+00:00,54.21,54.31,54.09,54.22,22464.0,real_delta_india
2026-07-01T19:00:00+00:00,54.27,54.39,54.13,54.18,16638.0,real_delta_india
2026-07-01T19:30:00+00:00,54.18,54.22,53.74,53.82,35603.0,real_delta_india
2026-07-01T20:00:00+00:00,53.75,53.79,53.61,53.72,38694.0,real_delta_india
2026-07-01T20:30:00+00:00,53.73,53.75,53.61,53.71,31641.0,real_delta_india
2026-07-01T21:00:00+00:00,53.71,53.8,53.68,53.76,14026.0,real_delta_india
2026-07-01T21:30:00+00:00,53.73,53.93,53.73,53.8,12124.0,real_delta_india
2026-07-01T22:00:00+00:00,53.8,53.91,53.77,53.85,5429.0,real_delta_india
2026-07-01T22:30:00+00:00,53.85,53.94,53.85,53.9,468.0,real_delta_india
2026-07-01T23:00:00+00:00,53.91,53.91,53.7,53.8,2323.0,real_delta_india
2026-07-01T23:30:00+00:00,53.8,53.84,53.66,53.66,9118.0,real_delta_india
2026-07-02T00:00:00+00:00,53.65,53.92,53.48,53.83,18590.0,real_delta_india
2026-07-02T00:30:00+00:00,53.86,54.07,53.65,53.98,25741.0,real_delta_india
2026-07-02T01:00:00+00:00,54.01,54.61,54.01,54.19,35816.0,real_delta_india
2026-07-02T01:30:00+00:00,54.18,54.43,54.05,54.29,27128.0,real_delta_india
2026-07-02T02:00:00+00:00,54.25,54.41,54.14,54.35,14368.0,real_delta_india
2026-07-02T02:30:00+00:00,54.33,54.64,54.18,54.54,36462.0,real_delta_india
2026-07-02T03:00:00+00:00,54.53,54.62,54.44,54.54,34521.0,real_delta_india
2026-07-02T03:30:00+00:00,54.53,54.87,54.52,54.72,22044.0,real_delta_india
2026-07-02T04:00:00+00:00,54.77,54.89,54.59,54.62,29796.0,real_delta_india
2026-07-02T04:30:00+00:00,54.62,54.62,54.47,54.56,21484.0,real_delta_india
2026-07-02T05:00:00+00:00,54.56,54.57,54.2,54.22,54397.0,real_delta_india
2026-07-02T05:30:00+00:00,54.18,54.39,53.91,54.29,68081.0,real_delta_india
2026-07-02T06:00:00+00:00,54.37,54.69,54.37,54.51,31306.0,real_delta_india
2026-07-02T06:30:00+00:00,54.5,54.58,54.27,54.44,30263.0,real_delta_india
2026-07-02T07:00:00+00:00,54.42,54.45,54.08,54.13,35859.0,real_delta_india
2026-07-02T07:30:00+00:00,54.12,54.25,53.9,53.93,29283.0,real_delta_india
2026-07-02T08:00:00+00:00,53.9,54.48,53.83,54.48,23906.0,real_delta_india
2026-07-02T08:30:00+00:00,54.44,54.8,54.41,54.65,34597.0,real_delta_india
2026-07-02T09:00:00+00:00,54.63,54.69,54.35,54.4,23017.0,real_delta_india
2026-07-02T09:30:00+00:00,54.38,54.55,54.31,54.32,15598.0,real_delta_india
2026-07-02T10:00:00+00:00,54.35,54.42,54.24,54.4,15100.0,real_delta_india
2026-07-02T10:30:00+00:00,54.33,54.43,54.25,54.34,8520.0,real_delta_india
2026-07-02T11:00:00+00:00,54.27,54.43,54.01,54.37,63339.0,real_delta_india
2026-07-02T11:30:00+00:00,54.37,54.57,54.29,54.29,37169.0,real_delta_india
2026-07-02T12:00:00+00:00,54.29,54.46,54.19,54.25,36409.0,real_delta_india
2026-07-02T12:30:00+00:00,54.4,56.0,54.4,55.62,160723.0,real_delta_india
2026-07-02T13:00:00+00:00,55.54,56.09,55.32,55.35,72192.0,real_delta_india
2026-07-02T13:30:00+00:00,55.37,56.37,55.23,56.17,90489.0,real_delta_india
2026-07-02T14:00:00+00:00,56.19,56.19,55.48,55.57,62296.0,real_delta_india
2026-07-02T14:30:00+00:00,55.56,55.76,55.43,55.68,36772.0,real_delta_india
2026-07-02T15:00:00+00:00,55.68,55.72,55.2,55.39,57970.0,real_delta_india
2026-07-02T15:30:00+00:00,55.42,55.69,55.39,55.5,42720.0,real_delta_india
2026-07-02T16:00:00+00:00,55.52,55.52,55.17,55.17,59901.0,real_delta_india
2026-07-02T16:30:00+00:00,55.18,55.35,54.91,55.21,87710.0,real_delta_india
2026-07-02T17:00:00+00:00,55.25,55.3,54.87,54.98,53714.0,real_delta_india
2026-07-02T17:30:00+00:00,55.03,55.08,54.86,54.9,21173.0,real_delta_india
2026-07-02T18:00:00+00:00,54.92,55.23,54.89,55.2,27845.0,real_delta_india
2026-07-02T18:30:00+00:00,55.21,55.33,55.12,55.21,48320.0,real_delta_india
2026-07-02T19:00:00+00:00,55.22,55.25,54.78,54.98,40393.0,real_delta_india
2026-07-02T19:30:00+00:00,54.97,55.35,54.97,55.27,17741.0,real_delta_india
2026-07-02T20:00:00+00:00,55.25,55.37,55.18,55.3,22538.0,real_delta_india
2026-07-02T20:30:00+00:00,55.29,55.4,55.23,55.39,9528.0,real_delta_india
2026-07-02T21:00:00+00:00,55.38,55.41,55.36,55.36,5245.0,real_delta_india
2026-07-02T21:30:00+00:00,55.37,55.44,55.37,55.44,684.0,real_delta_india
2026-07-02T22:00:00+00:00,55.46,55.46,55.32,55.33,4890.0,real_delta_india
2026-07-02T22:30:00+00:00,55.35,55.42,55.34,55.42,1291.0,real_delta_india
2026-07-02T23:00:00+00:00,55.4,55.5,55.36,55.47,801.0,real_delta_india
2026-07-02T23:30:00+00:00,55.5,55.54,55.36,55.5,7162.0,real_delta_india
2026-07-03T00:00:00+00:00,55.47,55.66,55.42,55.57,10109.0,real_delta_india
2026-07-03T00:30:00+00:00,55.54,55.84,55.49,55.81,14441.0,real_delta_india
2026-07-03T01:00:00+00:00,55.79,56.56,55.68,56.4,78994.0,real_delta_india
2026-07-03T01:30:00+00:00,56.41,56.72,56.33,56.5,61284.0,real_delta_india
2026-07-03T02:00:00+00:00,56.49,56.6,56.4,56.57,20892.0,real_delta_india
2026-07-03T02:30:00+00:00,56.58,56.84,56.58,56.62,28289.0,real_delta_india
2026-07-03T03:00:00+00:00,56.66,56.66,56.47,56.58,24421.0,real_delta_india
2026-07-03T03:30:00+00:00,56.58,56.6,56.43,56.51,33459.0,real_delta_india
2026-07-03T04:00:00+00:00,56.53,56.89,56.44,56.71,59488.0,real_delta_india
2026-07-03T04:30:00+00:00,56.66,56.7,56.54,56.61,70015.0,real_delta_india
2026-07-03T05:00:00+00:00,56.66,56.71,56.47,56.59,42127.0,real_delta_india
2026-07-03T05:30:00+00:00,56.53,56.82,56.5,56.6,38520.0,real_delta_india
2026-07-03T06:00:00+00:00,56.6,56.64,56.35,56.45,47732.0,real_delta_india
2026-07-03T06:30:00+00:00,56.48,56.71,56.48,56.64,32775.0,real_delta_india
2026-07-03T07:00:00+00:00,56.64,56.83,56.59,56.83,42999.0,real_delta_india
2026-07-03T07:30:00+00:00,56.85,57.06,56.79,56.88,162805.0,real_delta_india
2026-07-03T08:00:00+00:00,56.91,57.1,56.89,56.91,56099.0,real_delta_india
2026-07-03T08:30:00+00:00,56.88,56.98,56.8,56.91,49722.0,real_delta_india
2026-07-03T09:00:00+00:00,56.91,56.94,56.78,56.82,27082.0,real_delta_india
2026-07-03T09:30:00+00:00,56.81,56.88,56.75,56.8,23362.0,real_delta_india
2026-07-03T10:00:00+00:00,56.75,56.92,56.75,56.8,54711.0,real_delta_india
2026-07-03T10:30:00+00:00,56.77,56.79,56.61,56.68,32819.0,real_delta_india
2026-07-03T11:00:00+00:00,56.65,56.75,56.51,56.6,43334.0,real_delta_india
2026-07-03T11:30:00+00:00,56.57,56.73,56.55,56.57,25314.0,real_delta_india
2026-07-03T12:00:00+00:00,56.64,56.64,56.31,56.41,46898.0,real_delta_india
2026-07-03T12:30:00+00:00,56.41,56.7,56.29,56.66,39174.0,real_delta_india
2026-07-03T13:00:00+00:00,56.6,56.71,56.2,56.51,72952.0,real_delta_india
2026-07-03T13:30:00+00:00,56.46,56.54,56.33,56.44,56111.0,real_delta_india
2026-07-03T14:00:00+00:00,56.43,56.6,56.4,56.56,20618.0,real_delta_india
2026-07-03T14:30:00+00:00,56.55,56.69,56.44,56.66,22106.0,real_delta_india
2026-07-03T15:00:00+00:00,56.62,56.76,56.51,56.52,26931.0,real_delta_india
2026-07-03T15:30:00+00:00,56.51,56.59,56.44,56.46,14716.0,real_delta_india
2026-07-03T16:00:00+00:00,56.47,56.59,56.47,56.51,6527.0,real_delta_india
2026-07-03T16:30:00+00:00,56.54,56.65,56.48,56.6,13183.0,real_delta_india
2026-07-03T17:00:00+00:00,56.63,56.67,56.61,56.63,19158.0,real_delta_india
2026-07-03T17:30:00+00:00,56.62,56.67,56.58,56.64,11602.0,real_delta_india
2026-07-03T18:00:00+00:00,56.67,56.67,56.6,56.6,10250.0,real_delta_india
2026-07-03T18:30:00+00:00,56.6,56.66,56.57,56.65,19172.0,real_delta_india
2026-07-03T19:00:00+00:00,56.64,56.64,56.6,56.61,4448.0,real_delta_india
2026-07-03T19:30:00+00:00,56.63,56.67,56.59,56.59,1283.0,real_delta_india
2026-07-03T20:00:00+00:00,56.59,56.65,56.59,56.61,1011.0,real_delta_india
2026-07-03T20:30:00+00:00,56.61,56.65,56.6,56.64,3849.0,real_delta_india
2026-07-03T21:00:00+00:00,56.64,56.64,56.6,56.6,1184.0,real_delta_india
2026-07-03T21:30:00+00:00,56.6,56.66,56.6,56.61,2753.0,real_delta_india
2026-07-03T22:00:00+00:00,56.61,56.64,56.61,56.62,586.0,real_delta_india
2026-07-03T22:30:00+00:00,56.64,56.64,56.62,56.62,364.0,real_delta_india
2026-07-03T23:00:00+00:00,56.65,56.68,56.61,56.68,1870.0,real_delta_india
2026-07-03T23:30:00+00:00,56.66,56.7,56.65,56.7,454.0,real_delta_india
2026-07-04T00:00:00+00:00,56.65,56.7,56.65,56.68,1909.0,real_delta_india
2026-07-04T00:30:00+00:00,56.65,56.68,56.64,56.67,898.0,real_delta_india
2026-07-04T01:00:00+00:00,56.66,56.66,56.62,56.66,2106.0,real_delta_india
2026-07-04T01:30:00+00:00,56.63,56.66,56.63,56.66,1554.0,real_delta_india
2026-07-04T02:00:00+00:00,56.63,56.66,56.63,56.65,2047.0,real_delta_india
2026-07-04T02:30:00+00:00,56.66,56.67,56.63,56.66,3073.0,real_delta_india
2026-07-04T03:00:00+00:00,56.66,56.67,56.63,56.63,2079.0,real_delta_india
2026-07-04T03:30:00+00:00,56.66,56.66,56.63,56.64,2760.0,real_delta_india
2026-07-04T04:00:00+00:00,56.64,56.71,56.64,56.66,13165.0,real_delta_india
2026-07-04T04:30:00+00:00,56.66,56.7,56.66,56.7,4717.0,real_delta_india
2026-07-04T05:00:00+00:00,56.7,56.7,56.65,56.68,4027.0,real_delta_india
2026-07-04T05:30:00+00:00,56.68,56.69,56.65,56.69,4220.0,real_delta_india
2026-07-04T06:00:00+00:00,56.69,56.69,56.63,56.63,2357.0,real_delta_india
2026-07-04T06:30:00+00:00,56.66,56.69,56.63,56.65,3399.0,real_delta_india
2026-07-04T07:00:00+00:00,56.67,56.73,56.65,56.66,7424.0,real_delta_india
2026-07-04T07:30:00+00:00,56.66,56.7,56.66,56.7,5678.0,real_delta_india
2026-07-04T08:00:00+00:00,56.67,56.7,56.67,56.67,563.0,real_delta_india
2026-07-04T08:30:00+00:00,56.67,56.69,56.65,56.65,1657.0,real_delta_india
2026-07-04T09:00:00+00:00,56.68,56.68,56.65,56.65,1119.0,real_delta_india
2026-07-04T09:30:00+00:00,56.68,56.68,56.65,56.65,1087.0,real_delta_india
2026-07-04T10:00:00+00:00,56.68,56.68,56.65,56.65,957.0,real_delta_india
2026-07-04T10:30:00+00:00,56.67,56.67,56.66,56.66,544.0,real_delta_india
2026-07-04T11:00:00+00:00,56.66,56.71,56.65,56.69,3996.0,real_delta_india
2026-07-04T11:30:00+00:00,56.69,56.7,56.66,56.67,3939.0,real_delta_india
2026-07-04T12:00:00+00:00,56.7,56.72,56.64,56.7,15227.0,real_delta_india
2026-07-04T12:30:00+00:00,56.69,56.7,56.65,56.69,2625.0,real_delta_india
2026-07-04T13:00:00+00:00,56.66,56.69,56.6,56.68,3254.0,real_delta_india
2026-07-04T13:30:00+00:00,56.65,56.67,56.64,56.67,646.0,real_delta_india
2026-07-04T14:00:00+00:00,56.67,56.69,56.61,56.65,3908.0,real_delta_india
2026-07-04T14:30:00+00:00,56.65,56.69,56.61,56.67,3433.0,real_delta_india
2026-07-04T15:00:00+00:00,56.67,56.67,56.6,56.63,3071.0,real_delta_india
2026-07-04T15:30:00+00:00,56.63,56.67,56.62,56.67,966.0,real_delta_india
2026-07-04T16:00:00+00:00,56.67,56.7,56.63,56.67,3534.0,real_delta_india
2026-07-04T16:30:00+00:00,56.67,56.67,56.6,56.65,4854.0,real_delta_india
2026-07-04T17:00:00+00:00,56.62,56.66,56.62,56.66,1755.0,real_delta_india
2026-07-04T17:30:00+00:00,56.63,56.68,56.63,56.64,796.0,real_delta_india
2026-07-04T18:00:00+00:00,56.64,56.68,56.63,56.67,1975.0,real_delta_india
2026-07-04T18:30:00+00:00,56.67,56.67,56.6,56.64,2915.0,real_delta_india
2026-07-04T19:00:00+00:00,56.64,57.1,56.64,56.99,10895.0,real_delta_india
2026-07-04T19:30:00+00:00,57.05,57.05,56.84,56.87,2268.0,real_delta_india
2026-07-04T20:00:00+00:00,56.83,56.87,56.79,56.79,3162.0,real_delta_india
2026-07-04T20:30:00+00:00,56.79,56.92,56.79,56.92,7990.0,real_delta_india
2026-07-04T21:00:00+00:00,56.93,56.94,56.88,56.88,1493.0,real_delta_india
2026-07-04T21:30:00+00:00,56.91,56.92,56.89,56.92,691.0,real_delta_india
2026-07-04T22:00:00+00:00,56.9,56.93,56.9,56.93,534.0,real_delta_india
2026-07-04T22:30:00+00:00,56.93,56.95,56.9,56.93,308.0,real_delta_india
2026-07-04T23:00:00+00:00,56.91,57.08,56.91,57.03,1530.0,real_delta_india
2026-07-04T23:30:00+00:00,57.01,57.13,56.96,57.08,5695.0,real_delta_india
2026-07-05T00:00:00+00:00,57.07,57.07,57.02,57.03,2238.0,real_delta_india
2026-07-05T00:30:00+00:00,57.03,57.04,56.92,56.97,10924.0,real_delta_india
2026-07-05T01:00:00+00:00,56.98,57.05,56.97,57.05,2132.0,real_delta_india
2026-07-05T01:30:00+00:00,57.02,57.05,56.97,57.0,2515.0,real_delta_india
2026-07-05T02:00:00+00:00,56.95,56.98,56.78,56.82,1560.0,real_delta_india
2026-07-05T02:30:00+00:00,56.85,56.86,56.77,56.77,9101.0,real_delta_india
2026-07-05T03:00:00+00:00,56.75,56.82,56.75,56.82,8076.0,real_delta_india
2026-07-05T03:30:00+00:00,56.79,56.81,56.75,56.78,3615.0,real_delta_india
2026-07-05T04:00:00+00:00,56.81,56.89,56.78,56.86,14379.0,real_delta_india
2026-07-05T04:30:00+00:00,56.86,56.91,56.86,56.88,4876.0,real_delta_india
2026-07-05T05:00:00+00:00,56.89,56.89,56.82,56.83,1009.0,real_delta_india
2026-07-05T05:30:00+00:00,56.82,56.87,56.81,56.83,1380.0,real_delta_india
2026-07-05T06:00:00+00:00,56.86,56.86,56.8,56.83,1338.0,real_delta_india
2026-07-05T06:30:00+00:00,56.83,56.87,56.8,56.84,659.0,real_delta_india
2026-07-05T07:00:00+00:00,56.87,56.87,56.8,56.8,807.0,real_delta_india
2026-07-05T07:30:00+00:00,56.83,56.84,56.8,56.84,1761.0,real_delta_india
2026-07-05T08:00:00+00:00,56.84,56.87,56.81,56.87,750.0,real_delta_india
2026-07-05T08:30:00+00:00,56.88,56.89,56.86,56.89,4040.0,real_delta_india
2026-07-05T09:00:00+00:00,56.94,56.97,56.9,56.96,3664.0,real_delta_india
2026-07-05T09:30:00+00:00,56.96,56.98,56.91,56.96,2011.0,real_delta_india
2026-07-05T10:00:00+00:00,56.96,57.02,56.96,57.01,656.0,real_delta_india
2026-07-05T10:30:00+00:00,57.0,57.05,56.97,57.03,18581.0,real_delta_india
2026-07-05T11:00:00+00:00,57.03,57.05,56.95,56.98,1059.0,real_delta_india
2026-07-05T11:30:00+00:00,56.98,57.08,56.97,57.08,28619.0,real_delta_india
2026-07-05T12:00:00+00:00,57.03,57.11,57.03,57.06,1253.0,real_delta_india
2026-07-05T12:30:00+00:00,57.06,57.13,56.98,57.13,2690.0,real_delta_india
2026-07-05T13:00:00+00:00,57.1,57.24,57.1,57.18,6302.0,real_delta_india
2026-07-05T13:30:00+00:00,57.18,57.27,57.12,57.12,5979.0,real_delta_india
2026-07-05T14:00:00+00:00,57.12,57.15,57.04,57.11,3380.0,real_delta_india
2026-07-05T14:30:00+00:00,57.11,57.11,57.01,57.02,3326.0,real_delta_india
2026-07-05T15:00:00+00:00,57.02,57.1,56.99,57.07,20106.0,real_delta_india
2026-07-05T15:30:00+00:00,57.1,57.34,56.96,57.08,17648.0,real_delta_india
2026-07-05T16:00:00+00:00,57.07,57.09,57.0,57.04,6921.0,real_delta_india
2026-07-05T16:30:00+00:00,57.04,57.1,57.03,57.09,1008.0,real_delta_india
2026-07-05T17:00:00+00:00,57.07,57.09,57.0,57.04,13245.0,real_delta_india
2026-07-05T17:30:00+00:00,57.0,57.05,56.97,56.98,9073.0,real_delta_india
2026-07-05T18:00:00+00:00,56.98,57.04,56.96,56.99,4057.0,real_delta_india
2026-07-05T18:30:00+00:00,56.99,57.08,56.96,57.01,21309.0,real_delta_india
2026-07-05T19:00:00+00:00,56.96,57.01,56.86,56.93,17448.0,real_delta_india
2026-07-05T19:30:00+00:00,56.93,57.09,56.89,56.96,2601.0,real_delta_india
2026-07-05T20:00:00+00:00,56.93,57.02,56.93,56.97,1204.0,real_delta_india
2026-07-05T20:30:00+00:00,56.98,56.99,56.93,56.93,1660.0,real_delta_india
2026-07-05T21:00:00+00:00,56.96,56.96,56.89,56.91,1503.0,real_delta_india
2026-07-05T21:30:00+00:00,56.93,56.98,56.88,56.96,701.0,real_delta_india
2026-07-05T22:00:00+00:00,56.88,57.26,56.75,57.26,6141.0,real_delta_india
2026-07-05T22:30:00+00:00,57.21,57.37,57.21,57.33,16612.0,real_delta_india
2026-07-05T23:00:00+00:00,57.29,57.47,57.25,57.47,5711.0,real_delta_india
2026-07-05T23:30:00+00:00,57.42,57.44,56.92,57.01,16892.0,real_delta_india
2026-07-06T00:00:00+00:00,57.0,57.02,56.69,56.69,7101.0,real_delta_india
2026-07-06T00:30:00+00:00,56.73,57.12,56.73,56.91,16207.0,real_delta_india
2026-07-06T01:00:00+00:00,56.85,57.21,56.63,56.65,21890.0,real_delta_india
2026-07-06T01:30:00+00:00,56.73,57.02,56.66,56.66,17333.0,real_delta_india
2026-07-06T02:00:00+00:00,56.69,56.7,56.44,56.46,28112.0,real_delta_india
2026-07-06T02:30:00+00:00,56.48,56.48,56.22,56.32,29059.0,real_delta_india
2026-07-06T03:00:00+00:00,56.29,56.38,56.1,56.25,33118.0,real_delta_india
2026-07-06T03:30:00+00:00,56.25,56.29,56.05,56.17,23509.0,real_delta_india
2026-07-06T04:00:00+00:00,56.12,56.18,55.99,56.15,13874.0,real_delta_india
2026-07-06T04:30:00+00:00,56.15,56.18,56.07,56.17,8129.0,real_delta_india
2026-07-06T05:00:00+00:00,56.17,56.17,56.04,56.16,5724.0,real_delta_india
2026-07-06T05:30:00+00:00,56.0,56.23,55.9,55.9,22759.0,real_delta_india
2026-07-06T06:00:00+00:00,55.97,56.21,55.9,56.2,18437.0,real_delta_india
2026-07-06T06:30:00+00:00,56.22,56.24,55.95,56.03,16493.0,real_delta_india
2026-07-06T07:00:00+00:00,56.0,56.22,55.95,56.2,13488.0,real_delta_india
2026-07-06T07:30:00+00:00,56.18,56.62,56.18,56.58,26119.0,real_delta_india
2026-07-06T08:00:00+00:00,56.58,56.61,56.3,56.3,18971.0,real_delta_india
2026-07-06T08:30:00+00:00,56.3,56.38,56.14,56.3,23312.0,real_delta_india
2026-07-06T09:00:00+00:00,56.27,56.44,56.25,56.3,12169.0,real_delta_india
2026-07-06T09:30:00+00:00,56.28,56.28,56.12,56.25,15083.0,real_delta_india
2026-07-06T10:00:00+00:00,56.26,56.4,56.16,56.35,16718.0,real_delta_india
2026-07-06T10:30:00+00:00,56.34,56.5,56.34,56.38,19227.0,real_delta_india
2026-07-06T11:00:00+00:00,56.34,56.48,56.25,56.44,13691.0,real_delta_india
2026-07-06T11:30:00+00:00,56.41,56.49,56.33,56.43,5357.0,real_delta_india
2026-07-06T12:00:00+00:00,56.43,56.53,56.24,56.28,22139.0,real_delta_india
2026-07-06T12:30:00+00:00,56.31,56.31,55.79,55.9,57381.0,real_delta_india
2026-07-06T13:00:00+00:00,55.88,56.07,55.66,55.98,68772.0,real_delta_india
2026-07-06T13:30:00+00:00,56.03,56.32,55.98,56.13,134092.0,real_delta_india
2026-07-06T14:00:00+00:00,56.13,56.25,55.86,56.03,41667.0,real_delta_india
2026-07-06T14:30:00+00:00,56.0,56.17,55.79,56.05,54014.0,real_delta_india
2026-07-06T15:00:00+00:00,56.06,56.21,55.95,56.08,41326.0,real_delta_india
2026-07-06T15:30:00+00:00,56.11,56.24,56.06,56.13,13464.0,real_delta_india
2026-07-06T16:00:00+00:00,56.1,56.1,55.85,55.9,22796.0,real_delta_india
2026-07-06T16:30:00+00:00,55.87,56.18,55.87,56.1,11115.0,real_delta_india
2026-07-06T17:00:00+00:00,56.11,56.27,56.0,56.2,28340.0,real_delta_india
2026-07-06T17:30:00+00:00,56.17,56.39,56.17,56.25,48855.0,real_delta_india
2026-07-06T18:00:00+00:00,56.27,56.43,56.19,56.35,23267.0,real_delta_india
2026-07-06T18:30:00+00:00,56.34,56.6,56.34,56.48,14609.0,real_delta_india
2026-07-06T19:00:00+00:00,56.48,56.48,56.34,56.41,6812.0,real_delta_india
2026-07-06T19:30:00+00:00,56.39,56.44,56.3,56.34,12372.0,real_delta_india
2026-07-06T20:00:00+00:00,56.32,56.32,56.27,56.28,2922.0,real_delta_india
2026-07-06T20:30:00+00:00,56.34,56.38,56.3,56.38,3006.0,real_delta_india
2026-07-06T21:00:00+00:00,56.39,56.42,56.34,56.4,3046.0,real_delta_india
2026-07-06T21:30:00+00:00,56.36,56.41,56.29,56.29,7122.0,real_delta_india
2026-07-06T22:00:00+00:00,56.28,56.33,56.27,56.31,2399.0,real_delta_india
2026-07-06T22:30:00+00:00,56.31,56.36,56.25,56.25,1333.0,real_delta_india
2026-07-06T23:00:00+00:00,56.26,56.29,56.22,56.23,5618.0,real_delta_india
2026-07-06T23:30:00+00:00,56.21,56.26,56.01,56.01,8162.0,real_delta_india
2026-07-07T00:00:00+00:00,56.0,56.22,55.96,56.17,11389.0,real_delta_india
2026-07-07T00:30:00+00:00,56.2,56.2,55.77,55.77,13063.0,real_delta_india
2026-07-07T01:00:00+00:00,55.75,55.79,55.26,55.37,62652.0,real_delta_india
2026-07-07T01:30:00+00:00,55.37,55.83,55.37,55.79,16987.0,real_delta_india
2026-07-07T02:00:00+00:00,55.79,55.92,55.7,55.76,12932.0,real_delta_india
2026-07-07T02:30:00+00:00,55.7,55.9,55.52,55.54,13261.0,real_delta_india
2026-07-07T03:00:00+00:00,55.56,55.67,55.23,55.34,16502.0,real_delta_india
2026-07-07T03:30:00+00:00,55.28,55.44,55.23,55.42,21715.0,real_delta_india
2026-07-07T04:00:00+00:00,55.4,55.58,55.31,55.33,5674.0,real_delta_india
2026-07-07T04:30:00+00:00,55.35,55.37,55.16,55.21,23461.0,real_delta_india
2026-07-07T05:00:00+00:00,55.2,55.26,54.93,55.06,44327.0,real_delta_india
2026-07-07T05:30:00+00:00,55.03,55.03,54.7,54.9,51532.0,real_delta_india
2026-07-07T06:00:00+00:00,54.98,55.34,54.98,55.33,28020.0,real_delta_india
2026-07-07T06:30:00+00:00,55.27,55.57,55.27,55.43,23172.0,real_delta_india
2026-07-07T07:00:00+00:00,55.43,55.43,55.25,55.34,19130.0,real_delta_india
2026-07-07T07:30:00+00:00,55.35,55.41,55.16,55.16,12200.0,real_delta_india
2026-07-07T08:00:00+00:00,55.19,55.55,55.14,55.5,27813.0,real_delta_india
2026-07-07T08:30:00+00:00,55.45,55.45,55.14,55.22,20013.0,real_delta_india
2026-07-07T09:00:00+00:00,55.27,55.31,55.12,55.14,13631.0,real_delta_india
2026-07-07T09:30:00+00:00,55.15,55.33,55.12,55.24,5562.0,real_delta_india
2026-07-07T10:00:00+00:00,55.24,55.43,55.22,55.41,20304.0,real_delta_india
2026-07-07T10:30:00+00:00,55.41,55.41,55.12,55.15,16220.0,real_delta_india
2026-07-07T11:00:00+00:00,55.11,55.34,55.01,55.33,29139.0,real_delta_india
2026-07-07T11:30:00+00:00,55.33,55.69,55.22,55.67,45819.0,real_delta_india
2026-07-07T12:00:00+00:00,55.7,56.0,55.65,55.93,112340.0,real_delta_india
2026-07-07T12:30:00+00:00,55.93,55.99,55.62,55.9,68503.0,real_delta_india
2026-07-07T13:00:00+00:00,55.9,55.92,55.5,55.54,31701.0,real_delta_india
2026-07-07T13:30:00+00:00,55.54,56.11,55.42,55.6,100338.0,real_delta_india
2026-07-07T14:00:00+00:00,55.59,55.71,55.24,55.38,34003.0,real_delta_india
2026-07-07T14:30:00+00:00,55.42,55.42,55.03,55.27,52955.0,real_delta_india
2026-07-07T15:00:00+00:00,55.25,55.3,55.0,55.07,20987.0,real_delta_india
2026-07-07T15:30:00+00:00,55.14,55.2,54.85,54.97,38869.0,real_delta_india
2026-07-07T16:00:00+00:00,55.0,55.33,54.98,55.31,30992.0,real_delta_india
2026-07-07T16:30:00+00:00,55.29,55.29,55.14,55.26,29953.0,real_delta_india
2026-07-07T17:00:00+00:00,55.27,55.3,55.1,55.3,15615.0,real_delta_india
2026-07-07T17:30:00+00:00,55.32,55.36,55.27,55.35,17068.0,real_delta_india
2026-07-07T18:00:00+00:00,55.32,55.34,55.23,55.25,7295.0,real_delta_india
2026-07-07T18:30:00+00:00,55.2,55.25,54.8,54.83,20158.0,real_delta_india
2026-07-07T19:00:00+00:00,54.8,54.8,53.87,54.27,131733.0,real_delta_india
2026-07-07T19:30:00+00:00,54.24,54.68,54.23,54.62,45596.0,real_delta_india
2026-07-07T20:00:00+00:00,54.64,54.69,54.46,54.55,7810.0,real_delta_india
2026-07-07T20:30:00+00:00,54.51,54.51,54.3,54.44,8424.0,real_delta_india
2026-07-07T21:00:00+00:00,54.46,54.46,54.35,54.38,2587.0,real_delta_india
2026-07-07T21:30:00+00:00,54.39,54.41,54.37,54.4,3564.0,real_delta_india
2026-07-07T22:00:00+00:00,54.34,54.34,54.17,54.17,2225.0,real_delta_india
2026-07-07T22:30:00+00:00,54.14,54.21,54.05,54.21,5557.0,real_delta_india
2026-07-07T23:00:00+00:00,54.26,54.33,54.26,54.3,1471.0,real_delta_india
2026-07-07T23:30:00+00:00,54.28,54.28,54.08,54.11,4463.0,real_delta_india
2026-07-08T00:00:00+00:00,54.12,54.37,54.09,54.37,18079.0,real_delta_india
2026-07-08T00:30:00+00:00,54.29,54.65,54.27,54.59,6102.0,real_delta_india
2026-07-08T01:00:00+00:00,54.44,54.64,54.18,54.38,20142.0,real_delta_india
2026-07-08T01:30:00+00:00,54.39,54.42,54.08,54.4,42481.0,real_delta_india
2026-07-08T02:00:00+00:00,54.41,54.53,54.3,54.45,9737.0,real_delta_india
2026-07-08T02:30:00+00:00,54.38,54.53,54.38,54.42,10053.0,real_delta_india
2026-07-08T03:00:00+00:00,54.47,55.04,54.47,55.01,38389.0,real_delta_india
2026-07-08T03:30:00+00:00,55.05,55.08,54.7,54.75,19125.0,real_delta_india
2026-07-08T04:00:00+00:00,54.71,54.82,54.64,54.73,21414.0,real_delta_india
2026-07-08T04:30:00+00:00,54.78,54.82,54.69,54.72,23419.0,real_delta_india
2026-07-08T05:00:00+00:00,54.74,55.0,54.72,54.77,23900.0,real_delta_india
2026-07-08T05:30:00+00:00,54.89,55.28,54.89,55.17,59766.0,real_delta_india
2026-07-08T06:00:00+00:00,55.21,55.34,54.94,55.3,21001.0,real_delta_india
2026-07-08T06:30:00+00:00,55.26,55.26,55.04,55.04,11327.0,real_delta_india
2026-07-08T07:00:00+00:00,54.99,55.05,54.82,54.94,49318.0,real_delta_india
2026-07-08T07:30:00+00:00,54.93,55.14,54.89,54.99,16661.0,real_delta_india
2026-07-08T08:00:00+00:00,54.89,55.03,53.99,54.16,103619.0,real_delta_india
2026-07-08T08:30:00+00:00,54.14,54.25,52.79,52.98,138892.0,real_delta_india
2026-07-08T09:00:00+00:00,52.96,53.24,52.83,53.11,60331.0,real_delta_india
2026-07-08T09:30:00+00:00,53.1,53.27,52.84,52.86,33902.0,real_delta_india
2026-07-08T10:00:00+00:00,52.89,53.29,52.89,53.06,43048.0,real_delta_india
2026-07-08T10:30:00+00:00,53.04,53.22,53.0,53.0,21555.0,real_delta_india
2026-07-08T11:00:00+00:00,53.03,53.14,52.84,52.98,21609.0,real_delta_india
2026-07-08T11:30:00+00:00,52.96,53.54,52.66,53.24,97094.0,real_delta_india
2026-07-08T12:00:00+00:00,53.28,53.45,53.04,53.07,23398.0,real_delta_india
2026-07-08T12:30:00+00:00,53.18,53.45,52.92,53.09,32207.0,real_delta_india
2026-07-08T13:00:00+00:00,53.16,53.45,52.89,52.93,44968.0,real_delta_india
2026-07-08T13:30:00+00:00,52.96,53.23,52.91,53.02,25700.0,real_delta_india
2026-07-08T14:00:00+00:00,52.98,53.02,52.64,52.9,67374.0,real_delta_india
2026-07-08T14:30:00+00:00,52.9,52.9,52.26,52.41,64465.0,real_delta_india
2026-07-08T15:00:00+00:00,52.41,52.51,52.01,52.11,44489.0,real_delta_india
2026-07-08T15:30:00+00:00,52.1,52.12,51.91,52.08,36723.0,real_delta_india
2026-07-08T16:00:00+00:00,52.08,52.29,52.06,52.23,40471.0,real_delta_india
2026-07-08T16:30:00+00:00,52.21,52.63,52.12,52.52,40151.0,real_delta_india
2026-07-08T17:00:00+00:00,52.52,52.9,52.43,52.9,31164.0,real_delta_india
2026-07-08T17:30:00+00:00,52.9,53.04,52.68,52.7,33236.0,real_delta_india
2026-07-08T18:00:00+00:00,52.72,53.03,52.72,52.87,38842.0,real_delta_india
2026-07-08T18:30:00+00:00,52.87,53.18,52.8,53.09,26010.0,real_delta_india
2026-07-08T19:00:00+00:00,53.09,53.19,53.01,53.14,43046.0,real_delta_india
2026-07-08T19:30:00+00:00,53.16,53.17,52.93,52.99,16551.0,real_delta_india
2026-07-08T20:00:00+00:00,52.96,53.01,52.81,52.85,25138.0,real_delta_india
2026-07-08T20:30:00+00:00,52.88,52.93,52.72,52.89,5311.0,real_delta_india
2026-07-08T21:00:00+00:00,52.92,52.92,52.88,52.91,894.0,real_delta_india
2026-07-08T21:30:00+00:00,52.91,52.94,52.89,52.91,300.0,real_delta_india
2026-07-08T22:00:00+00:00,52.92,53.04,52.91,52.93,3985.0,real_delta_india
2026-07-08T22:30:00+00:00,52.93,53.01,52.92,52.98,2858.0,real_delta_india
2026-07-08T23:00:00+00:00,52.95,52.97,52.89,52.97,3338.0,real_delta_india
2026-07-08T23:30:00+00:00,52.97,53.03,52.89,52.97,5505.0,real_delta_india
2026-07-09T00:00:00+00:00,52.98,53.13,52.88,52.94,12052.0,real_delta_india
2026-07-09T00:30:00+00:00,52.98,53.0,52.84,52.86,4428.0,real_delta_india
2026-07-09T01:00:00+00:00,52.83,52.94,52.54,52.57,31149.0,real_delta_india
2026-07-09T01:30:00+00:00,52.5,52.8,52.45,52.71,30545.0,real_delta_india
2026-07-09T02:00:00+00:00,52.75,52.99,52.72,52.94,21613.0,real_delta_india
2026-07-09T02:30:00+00:00,52.91,52.91,52.47,52.47,19242.0,real_delta_india
2026-07-09T03:00:00+00:00,52.49,52.53,52.22,52.31,38305.0,real_delta_india
2026-07-09T03:30:00+00:00,52.32,52.49,52.31,52.45,11173.0,real_delta_india
2026-07-09T04:00:00+00:00,52.48,52.5,52.34,52.4,19183.0,real_delta_india
2026-07-09T04:30:00+00:00,52.4,52.6,52.4,52.6,13040.0,real_delta_india
2026-07-09T05:00:00+00:00,52.59,52.82,52.58,52.7,29333.0,real_delta_india
2026-07-09T05:30:00+00:00,52.67,53.05,52.54,52.98,28297.0,real_delta_india
2026-07-09T06:00:00+00:00,53.02,53.45,53.0,53.4,58736.0,real_delta_india
2026-07-09T06:30:00+00:00,53.37,53.53,53.36,53.5,37145.0,real_delta_india
2026-07-09T07:00:00+00:00,53.53,53.67,53.44,53.66,64654.0,real_delta_india
2026-07-09T07:30:00+00:00,53.63,53.75,53.52,53.7,47952.0,real_delta_india
2026-07-09T08:00:00+00:00,53.7,53.89,53.61,53.85,37895.0,real_delta_india
2026-07-09T08:30:00+00:00,53.88,53.91,53.65,53.66,27099.0,real_delta_india
2026-07-09T09:00:00+00:00,53.63,53.72,53.6,53.66,25839.0,real_delta_india
2026-07-09T09:30:00+00:00,53.68,53.69,53.56,53.65,22293.0,real_delta_india
2026-07-09T10:00:00+00:00,53.66,53.66,53.45,53.46,19411.0,real_delta_india
2026-07-09T10:30:00+00:00,53.49,53.51,53.28,53.38,36895.0,real_delta_india
2026-07-09T11:00:00+00:00,53.36,53.46,53.32,53.36,37763.0,real_delta_india
2026-07-09T11:30:00+00:00,53.37,53.62,53.32,53.52,22573.0,real_delta_india
2026-07-09T12:00:00+00:00,53.52,53.74,53.42,53.63,55974.0,real_delta_india
2026-07-09T12:30:00+00:00,53.61,54.09,53.61,53.78,80509.0,real_delta_india
2026-07-09T13:00:00+00:00,53.81,54.3,53.71,54.3,77002.0,real_delta_india
2026-07-09T13:30:00+00:00,54.27,54.71,54.17,54.63,101601.0,real_delta_india
2026-07-09T14:00:00+00:00,54.64,54.83,54.3,54.54,167268.0,real_delta_india
2026-07-09T14:30:00+00:00,54.54,54.65,54.37,54.65,47259.0,real_delta_india
2026-07-09T15:00:00+00:00,54.62,54.76,54.59,54.68,65962.0,real_delta_india
2026-07-09T15:30:00+00:00,54.7,54.86,54.67,54.7,47843.0,real_delta_india
2026-07-09T16:00:00+00:00,54.69,54.95,54.66,54.86,60500.0,real_delta_india
2026-07-09T16:30:00+00:00,54.84,54.95,54.75,54.75,27615.0,real_delta_india
2026-07-09T17:00:00+00:00,54.75,54.79,54.57,54.72,67701.0,real_delta_india
2026-07-09T17:30:00+00:00,54.72,54.82,54.67,54.8,13328.0,real_delta_india
2026-07-09T18:00:00+00:00,54.77,54.79,54.51,54.52,30072.0,real_delta_india
2026-07-09T18:30:00+00:00,54.51,54.51,54.39,54.44,18848.0,real_delta_india
2026-07-09T19:00:00+00:00,54.46,54.46,54.31,54.35,14222.0,real_delta_india
2026-07-09T19:30:00+00:00,54.31,54.38,54.29,54.32,15014.0,real_delta_india
2026-07-09T20:00:00+00:00,54.34,54.38,54.3,54.32,9708.0,real_delta_india
2026-07-09T20:30:00+00:00,54.31,54.44,54.31,54.4,7291.0,real_delta_india
2026-07-09T21:00:00+00:00,54.38,54.41,54.37,54.37,4458.0,real_delta_india
2026-07-09T21:30:00+00:00,54.39,54.4,54.35,54.37,5944.0,real_delta_india
2026-07-09T22:00:00+00:00,54.37,54.41,54.33,54.34,8091.0,real_delta_india
2026-07-09T22:30:00+00:00,54.33,54.39,54.33,54.37,1446.0,real_delta_india
2026-07-09T23:00:00+00:00,54.37,54.45,54.36,54.45,3860.0,real_delta_india
2026-07-09T23:30:00+00:00,54.44,54.46,54.41,54.44,1571.0,real_delta_india
2026-07-10T00:00:00+00:00,54.43,54.43,54.22,54.23,4622.0,real_delta_india
2026-07-10T00:30:00+00:00,54.27,54.6,54.17,54.53,29228.0,real_delta_india
2026-07-10T01:00:00+00:00,54.62,54.73,54.43,54.45,23295.0,real_delta_india
2026-07-10T01:30:00+00:00,54.48,54.58,54.22,54.56,19544.0,real_delta_india
2026-07-10T02:00:00+00:00,54.5,54.68,54.48,54.62,14949.0,real_delta_india
2026-07-10T02:30:00+00:00,54.61,54.83,54.59,54.75,12825.0,real_delta_india
2026-07-10T03:00:00+00:00,54.83,55.1,54.72,54.76,21597.0,real_delta_india
2026-07-10T03:30:00+00:00,54.7,54.84,54.68,54.78,8545.0,real_delta_india
2026-07-10T04:00:00+00:00,54.78,54.86,54.66,54.73,17655.0,real_delta_india
2026-07-10T04:30:00+00:00,54.76,54.82,54.68,54.71,11798.0,real_delta_india
2026-07-10T05:00:00+00:00,54.71,54.73,54.61,54.63,17300.0,real_delta_india
2026-07-10T05:30:00+00:00,54.54,54.62,54.36,54.62,46648.0,real_delta_india
2026-07-10T06:00:00+00:00,54.64,54.76,54.52,54.52,33991.0,real_delta_india
2026-07-10T06:30:00+00:00,54.54,54.58,54.45,54.49,14349.0,real_delta_india
2026-07-10T07:00:00+00:00,54.46,54.58,54.4,54.48,12477.0,real_delta_india
2026-07-10T07:30:00+00:00,54.52,54.54,54.21,54.34,37563.0,real_delta_india
2026-07-10T08:00:00+00:00,54.35,54.39,54.07,54.1,50556.0,real_delta_india
2026-07-10T08:30:00+00:00,54.12,54.13,53.84,53.97,64653.0,real_delta_india
2026-07-10T09:00:00+00:00,53.97,54.02,53.86,54.0,25517.0,real_delta_india
2026-07-10T09:30:00+00:00,53.99,54.01,53.87,53.94,22660.0,real_delta_india
2026-07-10T10:00:00+00:00,53.96,54.08,53.93,54.08,22779.0,real_delta_india
2026-07-10T10:30:00+00:00,54.1,54.15,53.75,53.76,51312.0,real_delta_india
2026-07-10T11:00:00+00:00,53.75,54.04,53.75,53.82,31630.0,real_delta_india
2026-07-10T11:30:00+00:00,53.81,54.0,53.76,53.87,34614.0,real_delta_india
2026-07-10T12:00:00+00:00,53.89,54.26,53.81,54.09,51613.0,real_delta_india
2026-07-10T12:30:00+00:00,54.19,54.19,53.97,54.1,14263.0,real_delta_india
2026-07-10T13:00:00+00:00,54.08,54.32,53.85,53.85,61985.0,real_delta_india
2026-07-10T13:30:00+00:00,53.93,54.31,53.87,54.15,39057.0,real_delta_india
2026-07-10T14:00:00+00:00,54.16,54.44,54.11,54.36,68382.0,real_delta_india
2026-07-10T14:30:00+00:00,54.35,54.35,53.42,53.91,95203.0,real_delta_india
2026-07-10T15:00:00+00:00,53.9,54.29,53.89,54.23,26636.0,real_delta_india
2026-07-10T15:30:00+00:00,54.22,54.39,54.18,54.37,11532.0,real_delta_india
2026-07-10T16:00:00+00:00,54.37,54.42,54.23,54.3,21101.0,real_delta_india
2026-07-10T16:30:00+00:00,54.32,54.36,54.17,54.17,19878.0,real_delta_india
2026-07-10T17:00:00+00:00,54.17,54.24,54.07,54.15,19239.0,real_delta_india
2026-07-10T17:30:00+00:00,54.17,54.18,54.0,54.0,8581.0,real_delta_india
2026-07-10T18:00:00+00:00,54.04,54.14,54.0,54.06,5687.0,real_delta_india
2026-07-10T18:30:00+00:00,54.08,54.14,53.98,53.99,20865.0,real_delta_india
2026-07-10T19:00:00+00:00,54.08,54.12,54.04,54.12,197.0,real_delta_india
2026-07-10T19:30:00+00:00,54.07,54.15,54.06,54.13,9333.0,real_delta_india
2026-07-10T20:00:00+00:00,54.19,54.25,54.16,54.17,7899.0,real_delta_india
2026-07-10T20:30:00+00:00,54.17,54.3,54.17,54.3,5128.0,real_delta_india
2026-07-10T21:00:00+00:00,54.31,54.31,54.26,54.26,3569.0,real_delta_india
2026-07-10T21:30:00+00:00,54.26,54.34,54.26,54.28,64.0,real_delta_india
2026-07-10T22:00:00+00:00,54.26,54.3,54.26,54.28,1031.0,real_delta_india
2026-07-10T22:30:00+00:00,54.26,54.28,54.26,54.26,1723.0,real_delta_india
2026-07-10T23:00:00+00:00,54.26,54.26,54.26,54.26,0.0,real_delta_india
2026-07-10T23:30:00+00:00,54.29,54.29,54.27,54.27,1037.0,real_delta_india
2026-07-11T00:00:00+00:00,54.29,54.35,54.27,54.28,4482.0,real_delta_india
2026-07-11T00:30:00+00:00,54.3,54.3,54.28,54.28,1018.0,real_delta_india
2026-07-11T01:00:00+00:00,54.28,54.3,54.28,54.3,1065.0,real_delta_india
2026-07-11T01:30:00+00:00,54.3,54.32,54.24,54.3,20837.0,real_delta_india
2026-07-11T02:00:00+00:00,54.3,54.3,54.27,54.29,518.0,real_delta_india
2026-07-11T02:30:00+00:00,54.27,54.29,54.27,54.27,2370.0,real_delta_india
2026-07-11T03:00:00+00:00,54.27,54.29,54.27,54.28,3915.0,real_delta_india
2026-07-11T03:30:00+00:00,54.28,54.3,54.28,54.28,3595.0,real_delta_india
2026-07-11T04:00:00+00:00,54.31,54.31,54.29,54.31,701.0,real_delta_india
2026-07-11T04:30:00+00:00,54.32,54.33,54.3,54.33,275.0,real_delta_india
2026-07-11T05:00:00+00:00,54.33,54.33,54.3,54.3,2017.0,real_delta_india
2026-07-11T05:30:00+00:00,54.32,54.33,54.31,54.33,532.0,real_delta_india
2026-07-11T06:00:00+00:00,54.31,54.33,54.3,54.3,906.0,real_delta_india
2026-07-11T06:30:00+00:00,54.3,54.32,54.28,54.28,6811.0,real_delta_india
2026-07-11T07:00:00+00:00,54.28,54.3,54.26,54.27,5997.0,real_delta_india
2026-07-11T07:30:00+00:00,54.27,54.29,54.26,54.28,2256.0,real_delta_india
2026-07-11T08:00:00+00:00,54.28,54.29,54.26,54.27,2714.0,real_delta_india
2026-07-11T08:30:00+00:00,54.29,54.3,54.27,54.3,169.0,real_delta_india
2026-07-11T09:00:00+00:00,54.3,54.3,54.28,54.28,1248.0,real_delta_india
2026-07-11T09:30:00+00:00,54.28,54.32,54.28,54.32,1404.0,real_delta_india
2026-07-11T10:00:00+00:00,54.32,54.32,54.3,54.32,453.0,real_delta_india
2026-07-11T10:30:00+00:00,54.3,54.32,54.3,54.3,597.0,real_delta_india
2026-07-11T11:00:00+00:00,54.3,54.31,54.27,54.29,2715.0,real_delta_india
2026-07-11T11:30:00+00:00,54.27,54.29,54.27,54.27,1933.0,real_delta_india
2026-07-11T12:00:00+00:00,54.29,54.3,54.27,54.27,2126.0,real_delta_india
2026-07-11T12:30:00+00:00,54.25,54.26,54.23,54.24,1593.0,real_delta_india
2026-07-11T13:00:00+00:00,54.23,54.24,54.22,54.22,838.0,real_delta_india
2026-07-11T13:30:00+00:00,54.23,54.27,54.23,54.23,1470.0,real_delta_india
2026-07-11T14:00:00+00:00,54.25,54.25,54.23,54.23,236.0,real_delta_india
2026-07-11T14:30:00+00:00,54.24,54.27,54.24,54.27,261.0,real_delta_india
2026-07-11T15:00:00+00:00,54.22,54.27,54.22,54.27,3556.0,real_delta_india
2026-07-11T15:30:00+00:00,54.25,54.27,54.21,54.24,954.0,real_delta_india
2026-07-11T16:00:00+00:00,54.24,54.24,54.22,54.22,1978.0,real_delta_india
2026-07-11T16:30:00+00:00,54.24,54.25,54.22,54.22,3889.0,real_delta_india
2026-07-11T17:00:00+00:00,54.24,54.24,54.22,54.22,1075.0,real_delta_india
2026-07-11T17:30:00+00:00,54.23,54.23,54.21,54.23,1306.0,real_delta_india
2026-07-11T18:00:00+00:00,54.21,54.23,54.2,54.2,1726.0,real_delta_india
2026-07-11T18:30:00+00:00,54.22,54.23,54.21,54.23,762.0,real_delta_india
2026-07-11T19:00:00+00:00,54.23,54.23,54.21,54.23,214.0,real_delta_india
2026-07-11T19:30:00+00:00,54.21,54.23,54.21,54.23,8.0,real_delta_india
2026-07-11T20:00:00+00:00,54.21,54.21,54.2,54.2,65.0,real_delta_india
2026-07-11T20:30:00+00:00,54.2,54.2,54.2,54.2,17.0,real_delta_india
2026-07-11T21:00:00+00:00,54.2,54.22,54.18,54.2,2838.0,real_delta_india
2026-07-11T21:30:00+00:00,54.22,54.22,54.21,54.21,200.0,real_delta_india
2026-07-11T22:00:00+00:00,54.22,54.25,54.22,54.23,254.0,real_delta_india
2026-07-11T22:30:00+00:00,54.22,54.22,54.22,54.22,68.0,real_delta_india
2026-07-11T23:00:00+00:00,54.2,54.2,54.19,54.19,81.0,real_delta_india
2026-07-11T23:30:00+00:00,54.17,54.19,54.17,54.19,1789.0,real_delta_india
2026-07-12T00:00:00+00:00,54.18,54.2,54.14,54.14,1620.0,real_delta_india
2026-07-12T00:30:00+00:00,54.15,54.15,54.14,54.14,1926.0,real_delta_india
2026-07-12T01:00:00+00:00,54.14,54.18,54.14,54.18,1648.0,real_delta_india
2026-07-12T01:30:00+00:00,54.16,54.18,54.15,54.15,1694.0,real_delta_india
2026-07-12T02:00:00+00:00,54.16,54.16,54.14,54.16,2730.0,real_delta_india
2026-07-12T02:30:00+00:00,54.17,54.19,54.15,54.19,3420.0,real_delta_india
2026-07-12T03:00:00+00:00,54.17,54.21,54.17,54.2,3955.0,real_delta_india
2026-07-12T03:30:00+00:00,54.18,54.21,54.18,54.21,221.0,real_delta_india
2026-07-12T04:00:00+00:00,54.21,54.22,54.18,54.21,10278.0,real_delta_india
2026-07-12T04:30:00+00:00,54.19,54.22,54.19,54.22,500.0,real_delta_india
2026-07-12T05:00:00+00:00,54.22,54.22,54.2,54.2,3548.0,real_delta_india
2026-07-12T05:30:00+00:00,54.17,54.22,54.17,54.2,888.0,real_delta_india
2026-07-12T06:00:00+00:00,54.2,54.22,54.19,54.19,1719.0,real_delta_india
2026-07-12T06:30:00+00:00,54.19,54.2,54.15,54.17,16440.0,real_delta_india
2026-07-12T07:00:00+00:00,54.15,54.17,54.13,54.14,1616.0,real_delta_india
2026-07-12T07:30:00+00:00,54.14,54.17,54.14,54.17,406.0,real_delta_india
2026-07-12T08:00:00+00:00,54.14,54.15,54.13,54.15,415.0,real_delta_india
2026-07-12T08:30:00+00:00,54.13,54.14,54.12,54.12,551.0,real_delta_india
2026-07-12T09:00:00+00:00,54.12,54.14,54.12,54.12,365.0,real_delta_india
2026-07-12T09:30:00+00:00,54.12,54.14,54.12,54.13,1060.0,real_delta_india
2026-07-12T10:00:00+00:00,54.13,54.17,54.13,54.13,1129.0,real_delta_india
2026-07-12T10:30:00+00:00,54.13,54.15,54.13,54.15,18.0,real_delta_india
2026-07-12T11:00:00+00:00,54.13,54.15,54.12,54.15,302.0,real_delta_india
2026-07-12T11:30:00+00:00,54.17,54.18,54.15,54.17,611.0,real_delta_india
2026-07-12T12:00:00+00:00,54.19,54.19,54.16,54.17,654.0,real_delta_india
2026-07-12T12:30:00+00:00,54.16,54.22,54.16,54.22,3211.0,real_delta_india
2026-07-12T13:00:00+00:00,54.21,54.27,54.12,54.13,2354.0,real_delta_india
2026-07-12T13:30:00+00:00,54.13,54.14,54.1,54.12,18762.0,real_delta_india
2026-07-12T14:00:00+00:00,54.12,54.12,54.07,54.1,4933.0,real_delta_india
2026-07-12T14:30:00+00:00,54.1,54.1,54.06,54.08,3483.0,real_delta_india
2026-07-12T15:00:00+00:00,54.08,54.13,54.08,54.1,708.0,real_delta_india
2026-07-12T15:30:00+00:00,54.11,54.11,54.07,54.11,633.0,real_delta_india
2026-07-12T16:00:00+00:00,54.09,54.11,54.07,54.07,6559.0,real_delta_india
2026-07-12T16:30:00+00:00,54.07,54.08,54.07,54.08,868.0,real_delta_india
2026-07-12T17:00:00+00:00,54.07,54.08,54.06,54.06,2436.0,real_delta_india
2026-07-12T17:30:00+00:00,54.06,54.07,54.04,54.06,2262.0,real_delta_india
2026-07-12T18:00:00+00:00,54.04,54.07,54.04,54.05,5233.0,real_delta_india
2026-07-12T18:30:00+00:00,54.05,54.05,54.01,54.03,2111.0,real_delta_india
2026-07-12T19:00:00+00:00,54.02,54.04,54.02,54.04,1052.0,real_delta_india
2026-07-12T19:30:00+00:00,54.05,54.06,54.03,54.05,3396.0,real_delta_india
2026-07-12T20:00:00+00:00,54.04,54.06,54.02,54.03,276.0,real_delta_india
2026-07-12T20:30:00+00:00,54.07,54.07,54.07,54.07,559.0,real_delta_india
2026-07-12T21:00:00+00:00,54.04,54.04,54.04,54.04,341.0,real_delta_india
2026-07-12T21:30:00+00:00,54.05,54.07,54.01,54.01,3851.0,real_delta_india
2026-07-12T22:00:00+00:00,54.01,54.01,53.24,53.25,44457.0,real_delta_india
2026-07-12T22:30:00+00:00,53.35,53.36,53.2,53.28,9726.0,real_delta_india
2026-07-12T23:00:00+00:00,53.26,53.27,53.14,53.27,17435.0,real_delta_india
2026-07-12T23:30:00+00:00,53.31,53.47,53.23,53.45,15980.0,real_delta_india
2026-07-13T00:00:00+00:00,53.37,53.84,53.35,53.53,22835.0,real_delta_india
2026-07-13T00:30:00+00:00,53.52,53.53,53.26,53.32,6504.0,real_delta_india
2026-07-13T01:00:00+00:00,53.25,53.45,53.1,53.27,25122.0,real_delta_india
2026-07-13T01:30:00+00:00,53.25,53.62,53.01,53.05,22011.0,real_delta_india
2026-07-13T02:00:00+00:00,53.07,53.09,52.9,52.92,34419.0,real_delta_india
2026-07-13T02:30:00+00:00,52.91,53.13,52.85,52.96,21287.0,real_delta_india
2026-07-13T03:00:00+00:00,52.96,52.96,52.61,52.78,58019.0,real_delta_india
2026-07-13T03:30:00+00:00,52.77,52.77,52.65,52.76,10119.0,real_delta_india
2026-07-13T04:00:00+00:00,52.76,52.77,52.6,52.7,14235.0,real_delta_india
2026-07-13T04:30:00+00:00,52.74,52.82,52.66,52.82,13227.0,real_delta_india
2026-07-13T05:00:00+00:00,52.8,53.07,52.7,52.71,36542.0,real_delta_india
2026-07-13T05:30:00+00:00,52.65,52.96,52.55,52.63,29509.0,real_delta_india
2026-07-13T06:00:00+00:00,52.66,52.71,52.35,52.64,51864.0,real_delta_india
2026-07-13T06:30:00+00:00,52.63,52.77,52.54,52.56,31041.0,real_delta_india
2026-07-13T07:00:00+00:00,52.59,52.88,52.49,52.83,25742.0,real_delta_india
2026-07-13T07:30:00+00:00,52.8,53.06,52.78,53.03,22225.0,real_delta_india
2026-07-13T08:00:00+00:00,53.1,53.48,53.09,53.36,59571.0,real_delta_india
2026-07-13T08:30:00+00:00,53.36,53.46,53.32,53.36,27147.0,real_delta_india
2026-07-13T09:00:00+00:00,53.37,53.39,53.17,53.17,23357.0,real_delta_india
2026-07-13T09:30:00+00:00,53.16,53.22,53.0,53.03,23487.0,real_delta_india
2026-07-13T10:00:00+00:00,53.01,53.12,52.94,52.94,7407.0,real_delta_india
2026-07-13T10:30:00+00:00,52.97,53.05,52.84,52.98,24309.0,real_delta_india
2026-07-13T11:00:00+00:00,52.96,53.13,52.91,53.13,14915.0,real_delta_india
2026-07-13T11:30:00+00:00,53.16,53.28,53.04,53.09,10957.0,real_delta_india
2026-07-13T12:00:00+00:00,53.1,53.11,52.9,52.91,20400.0,real_delta_india
2026-07-13T12:30:00+00:00,52.89,53.21,52.8,53.18,23474.0,real_delta_india
2026-07-13T13:00:00+00:00,53.02,53.24,52.84,53.11,72578.0,real_delta_india
2026-07-13T13:30:00+00:00,53.1,53.14,52.66,52.79,32254.0,real_delta_india
2026-07-13T14:00:00+00:00,52.82,52.82,52.17,52.6,105682.0,real_delta_india
2026-07-13T14:30:00+00:00,52.6,52.7,52.3,52.7,41013.0,real_delta_india
2026-07-13T15:00:00+00:00,52.71,52.76,52.56,52.67,35001.0,real_delta_india
2026-07-13T15:30:00+00:00,52.7,52.75,52.52,52.56,16446.0,real_delta_india
2026-07-13T16:00:00+00:00,52.58,52.65,52.29,52.33,28741.0,real_delta_india
2026-07-13T16:30:00+00:00,52.34,52.37,52.08,52.24,60545.0,real_delta_india
2026-07-13T17:00:00+00:00,52.23,52.4,52.21,52.28,52973.0,real_delta_india
2026-07-13T17:30:00+00:00,52.27,52.28,51.96,52.0,68269.0,real_delta_india
2026-07-13T18:00:00+00:00,51.98,52.2,51.94,52.16,53480.0,real_delta_india
2026-07-13T18:30:00+00:00,52.12,52.32,52.09,52.21,13405.0,real_delta_india
2026-07-13T19:00:00+00:00,52.25,52.32,52.11,52.14,9975.0,real_delta_india
2026-07-13T19:30:00+00:00,52.12,52.31,52.07,52.31,11592.0,real_delta_india
2026-07-13T20:00:00+00:00,52.33,52.4,52.18,52.22,11104.0,real_delta_india
2026-07-13T20:30:00+00:00,52.23,52.29,52.18,52.29,4907.0,real_delta_india
2026-07-13T21:00:00+00:00,52.32,52.33,52.3,52.33,266.0,real_delta_india
2026-07-13T21:30:00+00:00,52.32,52.33,52.29,52.31,1675.0,real_delta_india
2026-07-13T22:00:00+00:00,52.29,52.32,52.27,52.31,1863.0,real_delta_india
2026-07-13T22:30:00+00:00,52.28,52.31,52.24,52.24,1455.0,real_delta_india
2026-07-13T23:00:00+00:00,52.21,52.22,52.15,52.19,1839.0,real_delta_india
2026-07-13T23:30:00+00:00,52.15,52.23,52.07,52.23,5620.0,real_delta_india
2026-07-14T00:00:00+00:00,52.28,52.28,51.75,51.93,53607.0,real_delta_india
2026-07-14T00:30:00+00:00,51.93,52.22,51.89,52.11,14908.0,real_delta_india
2026-07-14T01:00:00+00:00,52.1,52.1,51.57,51.82,26341.0,real_delta_india
2026-07-14T01:30:00+00:00,51.82,52.1,51.64,52.06,14175.0,real_delta_india
2026-07-14T02:00:00+00:00,52.01,52.34,51.96,52.32,36071.0,real_delta_india
2026-07-14T02:30:00+00:00,52.33,52.36,52.13,52.23,8308.0,real_delta_india
2026-07-14T03:00:00+00:00,52.22,52.29,51.99,52.21,10436.0,real_delta_india
2026-07-14T03:30:00+00:00,52.25,52.32,52.17,52.3,26307.0,real_delta_india
2026-07-14T04:00:00+00:00,52.33,52.35,52.18,52.22,8042.0,real_delta_india
2026-07-14T04:30:00+00:00,52.17,52.44,52.17,52.42,12442.0,real_delta_india
2026-07-14T05:00:00+00:00,52.44,52.62,52.42,52.58,23349.0,real_delta_india
2026-07-14T05:30:00+00:00,52.64,52.95,52.63,52.83,57869.0,real_delta_india
2026-07-14T06:00:00+00:00,52.8,52.82,52.63,52.64,31410.0,real_delta_india
2026-07-14T06:30:00+00:00,52.61,52.83,52.61,52.73,10937.0,real_delta_india
2026-07-14T07:00:00+00:00,52.7,52.8,52.64,52.7,11728.0,real_delta_india
2026-07-14T07:30:00+00:00,52.7,52.72,52.54,52.57,13280.0,real_delta_india
2026-07-14T08:00:00+00:00,52.57,52.67,52.45,52.67,24079.0,real_delta_india
2026-07-14T08:30:00+00:00,52.61,52.71,52.58,52.58,7590.0,real_delta_india
2026-07-14T09:00:00+00:00,52.56,52.76,52.55,52.61,7466.0,real_delta_india
2026-07-14T09:30:00+00:00,52.58,52.75,52.57,52.67,17426.0,real_delta_india
2026-07-14T10:00:00+00:00,52.69,52.69,52.48,52.56,10040.0,real_delta_india
2026-07-14T10:30:00+00:00,52.56,52.57,52.46,52.54,24073.0,real_delta_india
2026-07-14T11:00:00+00:00,52.49,52.68,52.36,52.6,33706.0,real_delta_india
2026-07-14T11:30:00+00:00,52.61,52.68,52.55,52.68,10579.0,real_delta_india
2026-07-14T12:00:00+00:00,52.68,52.68,52.42,52.59,14744.0,real_delta_india
2026-07-14T12:30:00+00:00,52.67,54.06,52.67,53.57,232967.0,real_delta_india
2026-07-14T13:00:00+00:00,53.56,53.77,53.41,53.69,69716.0,real_delta_india
2026-07-14T13:30:00+00:00,53.73,54.0,53.57,53.59,55700.0,real_delta_india
2026-07-14T14:00:00+00:00,53.54,53.72,53.38,53.6,45935.0,real_delta_india
2026-07-14T14:30:00+00:00,53.59,53.86,53.47,53.75,28987.0,real_delta_india
2026-07-14T15:00:00+00:00,53.76,54.09,53.58,53.66,29264.0,real_delta_india
2026-07-14T15:30:00+00:00,53.67,53.67,53.27,53.31,29551.0,real_delta_india
2026-07-14T16:00:00+00:00,53.31,53.4,53.17,53.35,25998.0,real_delta_india
2026-07-14T16:30:00+00:00,53.32,53.35,53.19,53.28,40236.0,real_delta_india
2026-07-14T17:00:00+00:00,53.28,53.34,53.13,53.34,15951.0,real_delta_india
2026-07-14T17:30:00+00:00,53.35,53.35,53.24,53.32,7198.0,real_delta_india
2026-07-14T18:00:00+00:00,53.32,53.36,53.26,53.28,25649.0,real_delta_india
2026-07-14T18:30:00+00:00,53.28,53.28,53.02,53.18,20906.0,real_delta_india
2026-07-14T19:00:00+00:00,53.15,53.31,53.14,53.23,16808.0,real_delta_india
2026-07-14T19:30:00+00:00,53.22,53.34,53.18,53.34,20076.0,real_delta_india
2026-07-14T20:00:00+00:00,53.31,53.33,53.24,53.25,2653.0,real_delta_india
2026-07-14T20:30:00+00:00,53.25,53.26,53.19,53.24,6108.0,real_delta_india
2026-07-14T21:00:00+00:00,53.26,53.28,53.24,53.28,1126.0,real_delta_india
2026-07-14T21:30:00+00:00,53.28,53.3,53.27,53.27,211.0,real_delta_india
2026-07-14T22:00:00+00:00,53.28,53.3,53.2,53.22,441.0,real_delta_india
2026-07-14T22:30:00+00:00,53.26,53.26,53.2,53.22,291.0,real_delta_india
2026-07-14T23:00:00+00:00,53.24,53.3,53.19,53.3,5278.0,real_delta_india
2026-07-14T23:30:00+00:00,53.32,53.35,53.29,53.33,591.0,real_delta_india
2026-07-15T00:00:00+00:00,53.31,53.43,53.3,53.43,5827.0,real_delta_india
2026-07-15T00:30:00+00:00,53.44,53.53,53.26,53.51,42769.0,real_delta_india
2026-07-15T01:00:00+00:00,53.42,53.54,53.39,53.45,45414.0,real_delta_india
2026-07-15T01:30:00+00:00,53.4,53.4,52.95,53.0,84267.0,real_delta_india
2026-07-15T02:00:00+00:00,52.94,53.06,52.84,52.93,20233.0,real_delta_india
2026-07-15T02:30:00+00:00,52.99,53.23,52.99,53.15,15340.0,real_delta_india
2026-07-15T03:00:00+00:00,53.06,53.11,52.81,52.81,12810.0,real_delta_india
2026-07-15T03:30:00+00:00,52.84,53.02,52.84,52.99,19740.0,real_delta_india
2026-07-15T04:00:00+00:00,53.04,53.07,52.93,53.04,20914.0,real_delta_india
2026-07-15T04:30:00+00:00,53.02,53.04,52.93,53.04,11010.0,real_delta_india
2026-07-15T05:00:00+00:00,53.08,53.08,52.82,52.87,29065.0,real_delta_india
2026-07-15T05:30:00+00:00,52.86,53.09,52.71,53.09,37765.0,real_delta_india
2026-07-15T06:00:00+00:00,53.07,53.09,52.65,52.77,20692.0,real_delta_india
2026-07-15T06:30:00+00:00,52.76,52.95,52.7,52.94,37221.0,real_delta_india
2026-07-15T07:00:00+00:00,52.88,53.09,52.62,52.77,25281.0,real_delta_india
2026-07-15T07:30:00+00:00,52.77,52.85,52.67,52.78,7930.0,real_delta_india
2026-07-15T08:00:00+00:00,52.83,52.89,52.71,52.89,8077.0,real_delta_india
2026-07-15T08:30:00+00:00,52.93,53.0,52.87,53.0,7053.0,real_delta_india
2026-07-15T09:00:00+00:00,53.0,53.06,52.93,52.96,12918.0,real_delta_india
2026-07-15T09:30:00+00:00,52.98,52.98,52.84,52.94,5801.0,real_delta_india
2026-07-15T10:00:00+00:00,52.91,52.94,52.6,52.64,9270.0,real_delta_india
2026-07-15T10:30:00+00:00,52.71,52.8,52.62,52.64,13863.0,real_delta_india
2026-07-15T11:00:00+00:00,52.67,52.67,52.5,52.64,18364.0,real_delta_india
2026-07-15T11:30:00+00:00,52.62,52.84,52.62,52.82,19736.0,real_delta_india
2026-07-15T12:00:00+00:00,52.82,52.87,52.48,52.63,76292.0,real_delta_india
2026-07-15T12:30:00+00:00,52.75,53.31,52.75,53.22,139295.0,real_delta_india
2026-07-15T13:00:00+00:00,53.19,53.43,52.88,52.96,60703.0,real_delta_india
2026-07-15T13:30:00+00:00,52.99,53.14,52.8,52.95,71573.0,real_delta_india
2026-07-15T14:00:00+00:00,53.01,53.08,52.78,52.83,32079.0,real_delta_india
2026-07-15T14:30:00+00:00,52.87,52.92,52.62,52.76,48056.0,real_delta_india
2026-07-15T15:00:00+00:00,52.79,52.84,52.18,52.43,120182.0,real_delta_india
2026-07-15T15:30:00+00:00,52.42,52.52,52.32,52.32,22401.0,real_delta_india
2026-07-15T16:00:00+00:00,52.36,52.36,51.74,51.78,113720.0,real_delta_india
2026-07-15T16:30:00+00:00,51.77,51.88,51.42,51.68,162634.0,real_delta_india
2026-07-15T17:00:00+00:00,51.66,52.05,51.65,52.03,53231.0,real_delta_india
2026-07-15T17:30:00+00:00,52.03,52.42,52.03,52.35,100238.0,real_delta_india
2026-07-15T18:00:00+00:00,52.35,52.89,52.35,52.85,105068.0,real_delta_india
2026-07-15T18:30:00+00:00,52.87,53.0,52.5,52.58,102217.0,real_delta_india
2026-07-15T19:00:00+00:00,52.58,52.7,52.51,52.51,35504.0,real_delta_india
2026-07-15T19:30:00+00:00,52.55,52.55,52.32,52.41,21745.0,real_delta_india
2026-07-15T20:00:00+00:00,52.45,52.53,52.42,52.49,3749.0,real_delta_india
2026-07-15T20:30:00+00:00,52.51,52.55,52.48,52.48,5804.0,real_delta_india
2026-07-15T21:00:00+00:00,52.48,52.56,52.48,52.55,2985.0,real_delta_india
2026-07-15T21:30:00+00:00,52.55,52.55,52.52,52.52,1196.0,real_delta_india
2026-07-15T22:00:00+00:00,52.49,52.53,52.49,52.49,135.0,real_delta_india
2026-07-15T22:30:00+00:00,52.49,52.49,52.43,52.48,6457.0,real_delta_india
2026-07-15T23:00:00+00:00,52.45,52.51,52.45,52.5,1148.0,real_delta_india
2026-07-15T23:30:00+00:00,52.48,52.53,52.42,52.48,11035.0,real_delta_india
2026-07-16T00:00:00+00:00,52.48,52.52,52.4,52.45,10444.0,real_delta_india
2026-07-16T00:30:00+00:00,52.44,52.44,52.18,52.19,26791.0,real_delta_india
2026-07-16T01:00:00+00:00,52.17,52.3,51.67,51.77,52702.0,real_delta_india
2026-07-16T01:30:00+00:00,51.72,52.0,51.72,51.83,60521.0,real_delta_india
2026-07-16T02:00:00+00:00,51.86,51.91,51.7,51.91,35316.0,real_delta_india
2026-07-16T02:30:00+00:00,51.87,51.92,51.68,51.89,27738.0,real_delta_india
2026-07-16T03:00:00+00:00,51.89,51.9,51.72,51.89,28485.0,real_delta_india
2026-07-16T03:30:00+00:00,51.89,51.99,51.81,51.93,9335.0,real_delta_india
2026-07-16T04:00:00+00:00,51.97,51.97,51.84,51.84,7192.0,real_delta_india
2026-07-16T04:30:00+00:00,51.85,51.89,51.79,51.82,16369.0,real_delta_india
2026-07-16T05:00:00+00:00,51.88,51.9,51.75,51.8,20275.0,real_delta_india
2026-07-16T05:30:00+00:00,51.76,52.03,51.71,51.95,49708.0,real_delta_india
2026-07-16T06:00:00+00:00,52.0,52.2,51.89,51.94,47660.0,real_delta_india
2026-07-16T06:30:00+00:00,51.93,51.94,51.63,51.93,76230.0,real_delta_india
2026-07-16T07:00:00+00:00,51.93,51.93,51.53,51.6,52845.0,real_delta_india
2026-07-16T07:30:00+00:00,51.59,51.71,51.52,51.65,26922.0,real_delta_india
2026-07-16T08:00:00+00:00,51.66,51.77,51.36,51.63,87974.0,real_delta_india
2026-07-16T08:30:00+00:00,51.65,51.84,51.61,51.84,19221.0,real_delta_india
2026-07-16T09:00:00+00:00,51.81,51.87,51.76,51.8,30261.0,real_delta_india
2026-07-16T09:30:00+00:00,51.81,51.83,51.66,51.72,18780.0,real_delta_india
2026-07-16T10:00:00+00:00,51.71,51.71,51.47,51.57,58050.0,real_delta_india
2026-07-16T10:30:00+00:00,51.55,51.6,51.34,51.38,27088.0,real_delta_india
2026-07-16T11:00:00+00:00,51.38,51.45,51.24,51.35,87374.0,real_delta_india
2026-07-16T11:30:00+00:00,51.35,51.6,51.25,51.51,70017.0,real_delta_india
2026-07-16T12:00:00+00:00,51.53,51.6,51.08,51.31,145547.0,real_delta_india
2026-07-16T12:30:00+00:00,51.27,51.56,50.66,50.77,140970.0,real_delta_india
2026-07-16T13:00:00+00:00,50.73,51.19,50.36,51.14,170510.0,real_delta_india
2026-07-16T13:30:00+00:00,51.14,51.23,50.55,50.6,146508.0,real_delta_india
2026-07-16T14:00:00+00:00,50.65,51.01,50.56,50.95,131068.0,real_delta_india
2026-07-16T14:30:00+00:00,50.95,51.14,50.84,50.96,59795.0,real_delta_india
2026-07-16T15:00:00+00:00,51.0,51.36,50.83,51.23,101853.0,real_delta_india
2026-07-16T15:30:00+00:00,51.17,51.32,51.1,51.11,84752.0,real_delta_india
2026-07-16T16:00:00+00:00,51.11,51.12,50.69,50.83,95147.0,real_delta_india
2026-07-16T16:30:00+00:00,50.85,51.03,50.8,50.94,36627.0,real_delta_india
2026-07-16T17:00:00+00:00,50.9,50.98,50.64,50.71,86336.0,real_delta_india
2026-07-16T17:30:00+00:00,50.69,50.73,50.52,50.62,45528.0,real_delta_india
2026-07-16T18:00:00+00:00,50.62,50.77,50.58,50.66,23663.0,real_delta_india
2026-07-16T18:30:00+00:00,50.65,50.65,50.28,50.48,68967.0,real_delta_india
2026-07-16T19:00:00+00:00,50.48,50.62,50.45,50.46,24919.0,real_delta_india
2026-07-16T19:30:00+00:00,50.42,50.64,50.32,50.64,58005.0,real_delta_india
2026-07-16T20:00:00+00:00,50.61,50.61,50.44,50.44,24844.0,real_delta_india
2026-07-16T20:30:00+00:00,50.42,50.51,50.4,50.48,21058.0,real_delta_india
2026-07-16T21:00:00+00:00,50.47,50.61,50.47,50.61,2764.0,real_delta_india
2026-07-16T21:30:00+00:00,50.59,50.64,50.59,50.62,6223.0,real_delta_india
2026-07-16T22:00:00+00:00,50.55,50.55,50.42,50.47,7743.0,real_delta_india
2026-07-16T22:30:00+00:00,50.47,50.48,50.35,50.42,6157.0,real_delta_india
2026-07-16T23:00:00+00:00,50.42,50.49,50.42,50.49,2879.0,real_delta_india
2026-07-16T23:30:00+00:00,50.51,50.51,50.36,50.5,5123.0,real_delta_india
2026-07-17T00:00:00+00:00,50.51,50.56,50.39,50.39,12912.0,real_delta_india
2026-07-17T00:30:00+00:00,50.37,50.67,50.27,50.67,28579.0,real_delta_india
2026-07-17T01:00:00+00:00,50.62,50.66,50.35,50.44,41204.0,real_delta_india
2026-07-17T01:30:00+00:00,50.48,50.48,50.0,50.18,67071.0,real_delta_india
2026-07-17T02:00:00+00:00,50.15,50.26,50.05,50.14,40577.0,real_delta_india
2026-07-17T02:30:00+00:00,50.13,50.13,49.74,49.83,81649.0,real_delta_india
2026-07-17T03:00:00+00:00,49.88,50.64,49.88,50.53,76414.0,real_delta_india
2026-07-17T03:30:00+00:00,50.53,50.56,50.31,50.34,16961.0,real_delta_india
2026-07-17T04:00:00+00:00,50.34,50.34,50.21,50.22,18227.0,real_delta_india
2026-07-17T04:30:00+00:00,50.23,50.25,50.01,50.17,39732.0,real_delta_india
2026-07-17T05:00:00+00:00,50.15,50.17,49.95,49.98,58043.0,real_delta_india
2026-07-17T05:30:00+00:00,49.96,50.47,49.94,50.35,84063.0,real_delta_india
2026-07-17T06:00:00+00:00,50.41,50.81,50.36,50.76,117617.0,real_delta_india
2026-07-17T06:30:00+00:00,50.7,50.77,50.4,50.45,60334.0,real_delta_india
2026-07-17T07:00:00+00:00,50.44,50.5,50.32,50.38,35293.0,real_delta_india
2026-07-17T07:30:00+00:00,50.39,50.49,50.33,50.34,21950.0,real_delta_india
2026-07-17T08:00:00+00:00,50.36,50.55,50.2,50.32,30358.0,real_delta_india
2026-07-17T08:30:00+00:00,50.3,50.47,50.15,50.38,29386.0,real_delta_india
2026-07-17T09:00:00+00:00,50.37,50.62,50.35,50.52,24929.0,real_delta_india
2026-07-17T09:30:00+00:00,50.51,50.53,50.37,50.46,30158.0,real_delta_india
2026-07-17T10:00:00+00:00,50.45,50.45,50.3,50.39,15659.0,real_delta_india
2026-07-17T10:30:00+00:00,50.36,50.41,50.19,50.19,18960.0,real_delta_india
2026-07-17T11:00:00+00:00,50.23,50.39,50.19,50.36,21328.0,real_delta_india
2026-07-17T11:30:00+00:00,50.35,50.47,50.25,50.32,11457.0,real_delta_india
2026-07-17T12:00:00+00:00,50.33,50.37,50.11,50.28,40360.0,real_delta_india
2026-07-17T12:30:00+00:00,50.24,50.3,49.93,50.04,71854.0,real_delta_india
2026-07-17T13:00:00+00:00,49.99,50.22,49.88,49.95,52495.0,real_delta_india
2026-07-17T13:30:00+00:00,49.93,50.68,49.85,50.68,125567.0,real_delta_india
2026-07-17T14:00:00+00:00,50.69,50.88,50.55,50.73,143825.0,real_delta_india
2026-07-17T14:30:00+00:00,50.71,50.71,50.43,50.56,147745.0,real_delta_india
2026-07-17T15:00:00+00:00,50.58,50.87,50.54,50.83,98365.0,real_delta_india
2026-07-17T15:30:00+00:00,50.85,51.02,50.74,50.95,94579.0,real_delta_india
2026-07-17T16:00:00+00:00,50.91,50.95,50.76,50.94,53669.0,real_delta_india
2026-07-17T16:30:00+00:00,50.91,50.95,50.77,50.87,39351.0,real_delta_india
2026-07-17T17:00:00+00:00,50.88,51.04,50.88,50.94,37778.0,real_delta_india
2026-07-17T17:30:00+00:00,50.94,50.96,50.77,50.81,29597.0,real_delta_india
2026-07-17T18:00:00+00:00,50.81,51.01,50.78,51.01,34850.0,real_delta_india
2026-07-17T18:30:00+00:00,51.02,51.04,50.81,51.01,26786.0,real_delta_india
2026-07-17T19:00:00+00:00,50.99,51.0,50.76,50.8,5245.0,real_delta_india
2026-07-17T19:30:00+00:00,50.83,51.05,50.83,51.0,9363.0,real_delta_india
2026-07-17T20:00:00+00:00,51.0,51.01,50.83,50.83,2063.0,real_delta_india
2026-07-17T20:30:00+00:00,50.87,50.88,50.79,50.85,3687.0,real_delta_india
2026-07-17T21:00:00+00:00,50.89,50.89,50.81,50.84,2701.0,real_delta_india
2026-07-17T21:30:00+00:00,50.83,50.89,50.81,50.85,1159.0,real_delta_india
2026-07-17T22:00:00+00:00,50.88,50.88,50.83,50.83,1775.0,real_delta_india
2026-07-17T22:30:00+00:00,50.83,50.86,50.82,50.85,653.0,real_delta_india
2026-07-17T23:00:00+00:00,50.82,50.85,50.81,50.83,654.0,real_delta_india
2026-07-17T23:30:00+00:00,50.8,50.84,50.8,50.84,905.0,real_delta_india
2026-07-18T00:00:00+00:00,50.81,50.87,50.81,50.84,570.0,real_delta_india
2026-07-18T00:30:00+00:00,50.86,50.88,50.83,50.88,237.0,real_delta_india
2026-07-18T01:00:00+00:00,50.88,50.88,50.85,50.85,2460.0,real_delta_india
2026-07-18T01:30:00+00:00,50.88,50.88,50.84,50.84,5155.0,real_delta_india
2026-07-18T02:00:00+00:00,50.84,50.89,50.84,50.84,9776.0,real_delta_india
2026-07-18T02:30:00+00:00,50.87,50.87,50.83,50.86,3382.0,real_delta_india
2026-07-18T03:00:00+00:00,50.83,50.85,50.82,50.85,820.0,real_delta_india
2026-07-18T03:30:00+00:00,50.84,50.85,50.81,50.81,3075.0,real_delta_india
2026-07-18T04:00:00+00:00,50.81,50.84,50.8,50.84,49779.0,real_delta_india
2026-07-18T04:30:00+00:00,50.83,50.84,50.81,50.81,1668.0,real_delta_india
2026-07-18T05:00:00+00:00,50.84,50.84,50.81,50.81,1292.0,real_delta_india
2026-07-18T05:30:00+00:00,50.84,50.86,50.82,50.86,4439.0,real_delta_india
2026-07-18T06:00:00+00:00,50.83,50.86,50.82,50.85,1328.0,real_delta_india
2026-07-18T06:30:00+00:00,50.86,50.86,50.81,50.81,15541.0,real_delta_india
2026-07-18T07:00:00+00:00,50.84,50.88,50.81,50.85,4402.0,real_delta_india
2026-07-18T07:30:00+00:00,50.85,50.89,50.85,50.88,2324.0,real_delta_india
2026-07-18T08:00:00+00:00,50.85,50.89,50.85,50.86,1422.0,real_delta_india
2026-07-18T08:30:00+00:00,50.89,50.9,50.86,50.87,3167.0,real_delta_india
2026-07-18T09:00:00+00:00,50.87,50.9,50.86,50.87,1246.0,real_delta_india
2026-07-18T09:30:00+00:00,50.89,50.9,50.86,50.86,937.0,real_delta_india
2026-07-18T10:00:00+00:00,50.86,50.89,50.86,50.89,11627.0,real_delta_india
2026-07-18T10:30:00+00:00,50.89,50.89,50.85,50.88,685.0,real_delta_india
2026-07-18T11:00:00+00:00,50.88,50.89,50.85,50.88,512.0,real_delta_india
2026-07-18T11:30:00+00:00,50.88,50.88,50.86,50.86,358.0,real_delta_india
2026-07-18T12:00:00+00:00,50.86,50.88,50.86,50.86,196.0,real_delta_india
2026-07-18T12:30:00+00:00,50.88,50.9,50.87,50.9,921.0,real_delta_india
2026-07-18T13:00:00+00:00,50.9,50.9,50.88,50.88,690.0,real_delta_india
2026-07-18T13:30:00+00:00,50.86,50.89,50.86,50.89,2604.0,real_delta_india
2026-07-18T14:00:00+00:00,50.88,50.88,50.85,50.85,3391.0,real_delta_india
2026-07-18T14:30:00+00:00,50.85,50.89,50.84,50.89,12462.0,real_delta_india
2026-07-18T15:00:00+00:00,50.89,50.89,50.86,50.86,504.0,real_delta_india
2026-07-18T15:30:00+00:00,50.86,50.89,50.86,50.89,1596.0,real_delta_india
2026-07-18T16:00:00+00:00,50.89,50.89,50.85,50.86,700.0,real_delta_india
2026-07-18T16:30:00+00:00,50.88,50.88,50.85,50.86,1905.0,real_delta_india
2026-07-18T17:00:00+00:00,50.86,50.89,50.85,50.88,984.0,real_delta_india
2026-07-18T17:30:00+00:00,50.85,50.9,50.85,50.87,6677.0,real_delta_india
2026-07-18T18:00:00+00:00,50.89,50.89,50.78,50.82,7610.0,real_delta_india
2026-07-18T18:30:00+00:00,50.82,50.84,50.79,50.82,1588.0,real_delta_india
2026-07-18T19:00:00+00:00,50.79,50.82,50.77,50.82,1210.0,real_delta_india
2026-07-18T19:30:00+00:00,50.81,50.81,50.78,50.8,1247.0,real_delta_india
2026-07-18T20:00:00+00:00,50.78,50.8,50.78,50.8,276.0,real_delta_india
2026-07-18T20:30:00+00:00,50.78,50.78,50.78,50.78,111.0,real_delta_india
2026-07-18T21:00:00+00:00,50.8,50.8,50.76,50.76,90.0,real_delta_india
2026-07-18T21:30:00+00:00,50.76,50.8,50.74,50.76,6096.0,real_delta_india
2026-07-18T22:00:00+00:00,50.79,50.79,50.79,50.79,1.0,real_delta_india
2026-07-18T22:30:00+00:00,50.83,50.83,50.79,50.79,60.0,real_delta_india
2026-07-18T23:00:00+00:00,50.82,50.84,50.8,50.84,248.0,real_delta_india
2026-07-18T23:30:00+00:00,50.84,50.85,50.81,50.85,2788.0,real_delta_india
2026-07-19T00:00:00+00:00,50.85,50.87,50.85,50.85,756.0,real_delta_india
2026-07-19T00:30:00+00:00,50.85,50.87,50.84,50.84,3064.0,real_delta_india
2026-07-19T01:00:00+00:00,50.85,50.87,50.81,50.87,18409.0,real_delta_india
2026-07-19T01:30:00+00:00,50.84,50.87,50.84,50.87,371.0,real_delta_india
2026-07-19T02:00:00+00:00,50.87,50.9,50.86,50.9,5317.0,real_delta_india
2026-07-19T02:30:00+00:00,50.9,50.9,50.86,50.88,1734.0,real_delta_india
2026-07-19T03:00:00+00:00,50.86,50.88,50.85,50.86,6062.0,real_delta_india
2026-07-19T03:30:00+00:00,50.88,50.88,50.85,50.85,739.0,real_delta_india
2026-07-19T04:00:00+00:00,50.87,50.87,50.83,50.86,1918.0,real_delta_india
2026-07-19T04:30:00+00:00,50.83,50.88,50.83,50.84,10317.0,real_delta_india
2026-07-19T05:00:00+00:00,50.88,50.88,50.85,50.87,697.0,real_delta_india
2026-07-19T05:30:00+00:00,50.85,50.89,50.85,50.86,2651.0,real_delta_india
2026-07-19T06:00:00+00:00,50.86,50.89,50.86,50.86,336.0,real_delta_india
2026-07-19T06:30:00+00:00,50.87,50.89,50.86,50.86,1185.0,real_delta_india
2026-07-19T07:00:00+00:00,50.86,50.89,50.85,50.85,521.0,real_delta_india
2026-07-19T07:30:00+00:00,50.88,50.88,50.83,50.83,1017.0,real_delta_india
2026-07-19T08:00:00+00:00,50.83,50.87,50.83,50.84,3160.0,real_delta_india
2026-07-19T08:30:00+00:00,50.86,50.87,50.82,50.82,649.0,real_delta_india
2026-07-19T09:00:00+00:00,50.85,50.87,50.82,50.84,1980.0,real_delta_india
2026-07-19T09:30:00+00:00,50.83,50.9,50.83,50.85,3707.0,real_delta_india
2026-07-19T10:00:00+00:00,50.86,50.86,50.82,50.82,871.0,real_delta_india
2026-07-19T10:30:00+00:00,50.85,50.85,50.8,50.84,1063.0,real_delta_india
2026-07-19T11:00:00+00:00,50.83,50.83,50.77,50.77,2629.0,real_delta_india
2026-07-19T11:30:00+00:00,50.78,50.78,50.76,50.77,386.0,real_delta_india
2026-07-19T12:00:00+00:00,50.77,50.8,50.77,50.8,4006.0,real_delta_india
2026-07-19T12:30:00+00:00,50.78,50.78,50.75,50.75,5444.0,real_delta_india
2026-07-19T13:00:00+00:00,50.78,50.83,50.77,50.83,686.0,real_delta_india
2026-07-19T13:30:00+00:00,50.8,50.83,50.8,50.8,1987.0,real_delta_india
2026-07-19T14:00:00+00:00,50.8,50.83,50.78,50.81,268.0,real_delta_india
2026-07-19T14:30:00+00:00,50.81,50.81,50.77,50.77,402.0,real_delta_india
2026-07-19T15:00:00+00:00,50.8,50.8,50.75,50.75,3388.0,real_delta_india
2026-07-19T15:30:00+00:00,50.77,50.77,50.74,50.77,2757.0,real_delta_india
2026-07-19T16:00:00+00:00,50.75,50.78,50.71,50.75,970.0,real_delta_india
2026-07-19T16:30:00+00:00,50.75,50.75,50.65,50.65,10221.0,real_delta_india
2026-07-19T17:00:00+00:00,50.68,50.68,50.64,50.65,5938.0,real_delta_india
2026-07-19T17:30:00+00:00,50.67,50.7,50.65,50.68,3478.0,real_delta_india
2026-07-19T18:00:00+00:00,50.65,50.68,50.65,50.65,5036.0,real_delta_india
2026-07-19T18:30:00+00:00,50.65,50.68,50.65,50.67,5075.0,real_delta_india
2026-07-19T19:00:00+00:00,50.68,50.69,50.67,50.69,42.0,real_delta_india
2026-07-19T19:30:00+00:00,50.67,50.69,50.65,50.68,1905.0,real_delta_india
2026-07-19T20:00:00+00:00,50.68,50.7,50.65,50.65,526.0,real_delta_india
2026-07-19T20:30:00+00:00,50.65,50.68,50.65,50.68,61.0,real_delta_india
2026-07-19T21:00:00+00:00,50.65,50.65,50.61,50.61,4210.0,real_delta_india
2026-07-19T21:30:00+00:00,50.63,50.63,50.6,50.6,1144.0,real_delta_india
2026-07-19T22:00:00+00:00,50.55,50.63,50.45,50.45,10576.0,real_delta_india
2026-07-19T22:30:00+00:00,50.52,50.75,50.52,50.69,8898.0,real_delta_india
2026-07-19T23:00:00+00:00,50.57,50.67,50.55,50.66,4063.0,real_delta_india
2026-07-19T23:30:00+00:00,50.62,50.79,50.59,50.79,3799.0,real_delta_india
2026-07-20T00:00:00+00:00,50.65,51.41,50.57,51.31,63075.0,real_delta_india
2026-07-20T00:30:00+00:00,51.25,51.49,51.15,51.43,26801.0,real_delta_india
2026-07-20T01:00:00+00:00,51.35,51.65,51.23,51.27,26815.0,real_delta_india
2026-07-20T01:30:00+00:00,51.31,51.48,51.22,51.48,14788.0,real_delta_india
2026-07-20T02:00:00+00:00,51.45,51.69,51.41,51.52,28742.0,real_delta_india
2026-07-20T02:30:00+00:00,51.55,52.09,51.43,51.95,87895.0,real_delta_india
2026-07-20T03:00:00+00:00,51.93,52.1,51.82,51.91,55836.0,real_delta_india
2026-07-20T03:30:00+00:00,51.9,51.99,51.78,51.8,21205.0,real_delta_india
2026-07-20T04:00:00+00:00,51.8,51.84,51.66,51.77,22943.0,real_delta_india
2026-07-20T04:30:00+00:00,51.7,51.86,51.66,51.68,18621.0,real_delta_india
2026-07-20T05:00:00+00:00,51.7,51.76,51.46,51.46,61193.0,real_delta_india
2026-07-20T05:30:00+00:00,51.46,51.6,51.33,51.36,72023.0,real_delta_india
2026-07-20T06:00:00+00:00,51.36,51.51,51.35,51.4,19320.0,real_delta_india
2026-07-20T06:30:00+00:00,51.44,51.46,51.26,51.26,34758.0,real_delta_india
2026-07-20T07:00:00+00:00,51.28,51.45,51.22,51.45,39076.0,real_delta_india
2026-07-20T07:30:00+00:00,51.48,51.8,51.48,51.77,52659.0,real_delta_india
2026-07-20T08:00:00+00:00,51.81,51.96,51.73,51.82,47915.0,real_delta_india
2026-07-20T08:30:00+00:00,51.82,51.84,51.6,51.63,25071.0,real_delta_india
2026-07-20T09:00:00+00:00,51.63,51.67,51.5,51.54,29555.0,real_delta_india
2026-07-20T09:30:00+00:00,51.51,51.86,51.51,51.77,31496.0,real_delta_india
2026-07-20T10:00:00+00:00,51.77,51.77,51.62,51.67,41265.0,real_delta_india
2026-07-20T10:30:00+00:00,51.68,51.73,51.61,51.63,19712.0,real_delta_india
2026-07-20T11:00:00+00:00,51.62,51.77,51.61,51.72,7064.0,real_delta_india
2026-07-20T11:30:00+00:00,51.73,52.22,51.73,51.85,119100.0,real_delta_india
2026-07-20T12:00:00+00:00,51.85,51.85,51.43,51.64,103117.0,real_delta_india
2026-07-20T12:30:00+00:00,51.66,51.73,51.53,51.57,54764.0,real_delta_india
2026-07-20T13:00:00+00:00,51.57,51.71,51.47,51.51,30166.0,real_delta_india
2026-07-20T13:30:00+00:00,51.48,51.8,51.48,51.6,39127.0,real_delta_india
2026-07-20T14:00:00+00:00,51.57,51.6,51.22,51.57,71698.0,real_delta_india
2026-07-20T14:30:00+00:00,51.55,51.78,51.52,51.52,30367.0,real_delta_india
2026-07-20T15:00:00+00:00,51.58,51.91,51.47,51.8,91922.0,real_delta_india
2026-07-20T15:30:00+00:00,51.83,51.85,51.69,51.7,89382.0,real_delta_india
2026-07-20T16:00:00+00:00,51.75,51.92,51.74,51.77,55150.0,real_delta_india
2026-07-20T16:30:00+00:00,51.74,51.74,51.36,51.6,40070.0,real_delta_india
2026-07-20T17:00:00+00:00,51.63,51.74,51.58,51.63,9487.0,real_delta_india
2026-07-20T17:30:00+00:00,51.63,51.63,51.43,51.52,38259.0,real_delta_india
2026-07-20T18:00:00+00:00,51.54,51.65,51.43,51.48,28572.0,real_delta_india
2026-07-20T18:30:00+00:00,51.45,51.45,51.32,51.42,21872.0,real_delta_india
2026-07-20T19:00:00+00:00,51.41,51.5,51.25,51.5,30973.0,real_delta_india
2026-07-20T19:30:00+00:00,51.6,51.6,51.21,51.21,5414.0,real_delta_india
2026-07-20T20:00:00+00:00,51.29,51.29,51.2,51.25,7704.0,real_delta_india
2026-07-20T20:30:00+00:00,51.25,51.29,51.23,51.27,3374.0,real_delta_india
2026-07-20T21:00:00+00:00,51.26,51.33,51.26,51.29,1737.0,real_delta_india
2026-07-20T21:30:00+00:00,51.34,51.37,51.31,51.36,5111.0,real_delta_india
2026-07-20T22:00:00+00:00,51.31,51.31,51.15,51.2,8573.0,real_delta_india
2026-07-20T22:30:00+00:00,51.17,51.17,51.01,51.08,16385.0,real_delta_india
2026-07-20T23:00:00+00:00,51.05,51.18,51.05,51.16,2023.0,real_delta_india
2026-07-20T23:30:00+00:00,51.16,51.22,51.14,51.2,3571.0,real_delta_india
2026-07-21T00:00:00+00:00,51.18,51.39,51.07,51.36,7169.0,real_delta_india
2026-07-21T00:30:00+00:00,51.36,51.7,51.33,51.68,30769.0,real_delta_india
2026-07-21T01:00:00+00:00,51.62,51.99,51.59,51.81,27269.0,real_delta_india
2026-07-21T01:30:00+00:00,51.74,51.89,51.66,51.66,41845.0,real_delta_india
2026-07-21T02:00:00+00:00,51.74,51.83,51.61,51.79,14204.0,real_delta_india
2026-07-21T02:30:00+00:00,51.78,52.5,51.78,52.27,129819.0,real_delta_india
2026-07-21T03:00:00+00:00,52.31,52.52,52.28,52.41,39115.0,real_delta_india
2026-07-21T03:30:00+00:00,52.43,52.51,52.35,52.51,15328.0,real_delta_india
2026-07-21T04:00:00+00:00,52.51,52.58,52.4,52.43,21745.0,real_delta_india
2026-07-21T04:30:00+00:00,52.44,52.55,52.41,52.53,59863.0,real_delta_india
2026-07-21T05:00:00+00:00,52.54,52.67,52.5,52.67,25931.0,real_delta_india
2026-07-21T05:30:00+00:00,52.67,52.85,52.63,52.72,45674.0,real_delta_india
2026-07-21T06:00:00+00:00,52.78,53.24,52.76,53.13,141997.0,real_delta_india
2026-07-21T06:30:00+00:00,53.13,53.51,53.13,53.46,70723.0,real_delta_india
2026-07-21T07:00:00+00:00,53.48,53.52,53.4,53.47,65023.0,real_delta_india
2026-07-21T07:30:00+00:00,53.49,53.71,53.46,53.71,59840.0,real_delta_india
2026-07-21T08:00:00+00:00,53.74,53.74,53.52,53.55,45968.0,real_delta_india
2026-07-21T08:30:00+00:00,53.51,53.63,53.48,53.52,26971.0,real_delta_india
2026-07-21T09:00:00+00:00,53.53,53.81,53.53,53.7,63772.0,real_delta_india
2026-07-21T09:30:00+00:00,53.71,53.76,53.62,53.63,42469.0,real_delta_india
2026-07-21T10:00:00+00:00,53.66,53.75,53.57,53.63,18366.0,real_delta_india
2026-07-21T10:30:00+00:00,53.65,53.72,53.47,53.48,16610.0,real_delta_india
2026-07-21T11:00:00+00:00,53.54,53.54,53.3,53.43,69409.0,real_delta_india
2026-07-21T11:30:00+00:00,53.42,53.49,53.33,53.44,19647.0,real_delta_india
2026-07-21T12:00:00+00:00,53.44,53.73,53.39,53.67,54559.0,real_delta_india
2026-07-21T12:30:00+00:00,53.7,53.76,53.45,53.51,157254.0,real_delta_india
2026-07-21T13:00:00+00:00,53.58,53.59,53.06,53.09,172367.0,real_delta_india
2026-07-21T13:30:00+00:00,53.12,53.21,52.88,53.08,247415.0,real_delta_india
2026-07-21T14:00:00+00:00,53.06,53.62,53.06,53.54,119580.0,real_delta_india
2026-07-21T14:30:00+00:00,53.57,53.67,53.4,53.52,104189.0,real_delta_india
2026-07-21T15:00:00+00:00,53.55,53.74,53.42,53.67,52429.0,real_delta_india
2026-07-21T15:30:00+00:00,53.63,53.73,53.48,53.53,48026.0,real_delta_india
2026-07-21T16:00:00+00:00,53.51,53.66,53.5,53.59,27006.0,real_delta_india
2026-07-21T16:30:00+00:00,53.58,53.6,53.38,53.4,11706.0,real_delta_india
2026-07-21T17:00:00+00:00,53.43,53.45,53.3,53.41,46961.0,real_delta_india
2026-07-21T17:30:00+00:00,53.42,53.46,53.29,53.35,29957.0,real_delta_india
2026-07-21T18:00:00+00:00,53.31,53.56,53.31,53.51,31381.0,real_delta_india
2026-07-21T18:30:00+00:00,53.48,53.57,53.41,53.42,39408.0,real_delta_india
2026-07-21T19:00:00+00:00,53.42,53.49,53.34,53.41,11210.0,real_delta_india
2026-07-21T19:30:00+00:00,53.36,53.38,53.3,53.35,5954.0,real_delta_india
2026-07-21T20:00:00+00:00,53.32,53.35,53.26,53.3,8423.0,real_delta_india
2026-07-21T20:30:00+00:00,53.32,53.44,53.32,53.42,69230.0,real_delta_india
2026-07-21T21:00:00+00:00,53.45,53.47,53.42,53.45,3680.0,real_delta_india
2026-07-21T21:30:00+00:00,53.46,53.51,53.43,53.51,3281.0,real_delta_india
2026-07-21T22:00:00+00:00,53.46,53.47,53.36,53.43,1784.0,real_delta_india
2026-07-21T22:30:00+00:00,53.46,53.48,53.35,53.39,1692.0,real_delta_india
2026-07-21T23:00:00+00:00,53.34,53.42,53.34,53.42,1233.0,real_delta_india
2026-07-21T23:30:00+00:00,53.44,53.45,53.42,53.45,436.0,real_delta_india
2026-07-22T00:00:00+00:00,53.44,53.68,53.4,53.61,30082.0,real_delta_india
2026-07-22T00:30:00+00:00,53.64,53.75,53.53,53.73,38750.0,real_delta_india
2026-07-22T01:00:00+00:00,53.78,54.41,53.78,54.27,118834.0,real_delta_india
2026-07-22T01:30:00+00:00,54.27,54.43,54.23,54.4,73448.0,real_delta_india
2026-07-22T02:00:00+00:00,54.41,54.44,54.23,54.39,34646.0,real_delta_india
2026-07-22T02:30:00+00:00,54.37,54.46,54.06,54.11,86932.0,real_delta_india
2026-07-22T03:00:00+00:00,54.15,54.45,54.12,54.42,53400.0,real_delta_india
2026-07-22T03:30:00+00:00,54.39,54.41,54.22,54.3,26598.0,real_delta_india
2026-07-22T04:00:00+00:00,54.26,54.31,54.17,54.22,37043.0,real_delta_india
2026-07-22T04:30:00+00:00,54.22,54.22,54.09,54.2,39320.0,real_delta_india
2026-07-22T05:00:00+00:00,54.2,54.25,54.0,54.0,36490.0,real_delta_india
2026-07-22T05:30:00+00:00,54.0,54.27,53.98,54.19,67270.0,real_delta_india
2026-07-22T06:00:00+00:00,54.21,54.28,53.82,53.87,39374.0,real_delta_india
2026-07-22T06:30:00+00:00,53.85,53.96,53.79,53.82,30696.0,real_delta_india
2026-07-22T07:00:00+00:00,53.84,53.99,53.74,53.93,31418.0,real_delta_india
2026-07-22T07:30:00+00:00,53.97,54.03,53.63,53.69,111115.0,real_delta_india
2026-07-22T08:00:00+00:00,53.74,53.95,53.7,53.95,15868.0,real_delta_india
2026-07-22T08:30:00+00:00,53.95,54.05,53.91,54.03,34324.0,real_delta_india
2026-07-22T09:00:00+00:00,54.05,54.15,54.01,54.01,23143.0,real_delta_india
2026-07-22T09:30:00+00:00,54.01,54.05,53.88,53.88,21099.0,real_delta_india
2026-07-22T10:00:00+00:00,53.98,54.04,53.86,53.96,45319.0,real_delta_india
2026-07-22T10:30:00+00:00,53.97,53.99,53.85,53.9,15523.0,real_delta_india
2026-07-22T11:00:00+00:00,53.88,53.97,53.83,53.9,13355.0,real_delta_india
2026-07-22T11:30:00+00:00,53.9,53.95,53.68,53.9,37448.0,real_delta_india
2026-07-22T12:00:00+00:00,53.91,54.08,53.84,53.96,43410.0,real_delta_india
2026-07-22T12:30:00+00:00,54.01,54.02,53.5,53.6,67916.0,real_delta_india
2026-07-22T13:00:00+00:00,53.59,54.09,53.59,54.04,102206.0,real_delta_india
2026-07-22T13:30:00+00:00,54.05,54.98,54.05,54.91,285120.0,real_delta_india
2026-07-22T14:00:00+00:00,54.92,55.33,54.6,54.62,223858.0,real_delta_india
2026-07-22T14:30:00+00:00,54.64,54.83,54.58,54.67,110917.0,real_delta_india
2026-07-22T15:00:00+00:00,54.67,54.86,54.65,54.78,46111.0,real_delta_india
2026-07-22T15:30:00+00:00,54.76,54.82,54.6,54.72,34183.0,real_delta_india
2026-07-22T16:00:00+00:00,54.7,54.73,54.49,54.59,40975.0,real_delta_india
2026-07-22T16:30:00+00:00,54.58,54.64,54.36,54.53,83805.0,real_delta_india
2026-07-22T17:00:00+00:00,54.53,54.53,54.31,54.4,26950.0,real_delta_india
2026-07-22T17:30:00+00:00,54.4,54.52,54.27,54.45,32273.0,real_delta_india
2026-07-22T18:00:00+00:00,54.45,54.45,54.32,54.39,20469.0,real_delta_india
2026-07-22T18:30:00+00:00,54.35,54.43,54.26,54.38,18439.0,real_delta_india
2026-07-22T19:00:00+00:00,54.34,54.4,54.28,54.33,14215.0,real_delta_india
2026-07-22T19:30:00+00:00,54.34,54.41,54.05,54.18,30917.0,real_delta_india
2026-07-22T20:00:00+00:00,54.14,54.39,54.11,54.38,12624.0,real_delta_india
2026-07-22T20:30:00+00:00,54.3,54.35,54.19,54.25,4974.0,real_delta_india
2026-07-22T21:00:00+00:00,54.24,54.29,54.24,54.25,549.0,real_delta_india
2026-07-22T21:30:00+00:00,54.25,54.29,54.22,54.22,1133.0,real_delta_india
2026-07-22T22:00:00+00:00,54.15,54.27,53.85,54.11,33971.0,real_delta_india
2026-07-22T22:30:00+00:00,54.15,54.15,53.83,53.87,28247.0,real_delta_india
2026-07-22T23:00:00+00:00,53.92,54.02,53.84,53.99,13956.0,real_delta_india
2026-07-22T23:30:00+00:00,53.96,54.24,53.96,54.24,10331.0,real_delta_india
2026-07-23T00:00:00+00:00,54.25,54.35,54.13,54.27,12736.0,real_delta_india
2026-07-23T00:30:00+00:00,54.22,54.37,54.19,54.37,21781.0,real_delta_india
2026-07-23T01:00:00+00:00,54.4,54.52,54.16,54.4,41823.0,real_delta_india
2026-07-23T01:30:00+00:00,54.31,54.31,53.94,53.99,73116.0,real_delta_india
2026-07-23T02:00:00+00:00,54.04,54.09,53.94,54.0,12166.0,real_delta_india
2026-07-23T02:30:00+00:00,54.02,54.34,53.98,54.32,40223.0,real_delta_india
2026-07-23T03:00:00+00:00,54.33,54.39,54.19,54.33,16841.0,real_delta_india
2026-07-23T03:30:00+00:00,54.33,54.37,54.2,54.21,25809.0,real_delta_india
2026-07-23T04:00:00+00:00,54.23,54.39,54.19,54.35,18135.0,real_delta_india
2026-07-23T04:30:00+00:00,54.36,54.36,54.1,54.13,15932.0,real_delta_india
2026-07-23T05:00:00+00:00,54.13,54.23,54.08,54.18,12653.0,real_delta_india
2026-07-23T05:30:00+00:00,54.17,54.36,54.06,54.1,11995.0,real_delta_india
2026-07-23T06:00:00+00:00,54.17,54.19,54.0,54.0,17086.0,real_delta_india
2026-07-23T06:30:00+00:00,54.0,54.11,53.95,53.96,22093.0,real_delta_india
2026-07-23T07:00:00+00:00,53.93,53.93,53.41,53.65,72717.0,real_delta_india
2026-07-23T07:30:00+00:00,53.61,53.63,53.24,53.51,70225.0,real_delta_india
2026-07-23T08:00:00+00:00,53.48,53.56,53.34,53.45,18423.0,real_delta_india
2026-07-23T08:30:00+00:00,53.46,53.51,53.26,53.45,27079.0,real_delta_india
2026-07-23T09:00:00+00:00,53.4,53.57,53.36,53.4,10504.0,real_delta_india
2026-07-23T09:30:00+00:00,53.4,53.47,53.28,53.34,23725.0,real_delta_india
2026-07-23T10:00:00+00:00,53.34,53.36,53.18,53.31,42851.0,real_delta_india
2026-07-23T10:30:00+00:00,53.31,53.41,53.23,53.31,74142.0,real_delta_india
2026-07-23T11:00:00+00:00,53.33,53.35,53.02,53.09,59756.0,real_delta_india
2026-07-23T11:30:00+00:00,53.06,53.2,52.7,53.16,133935.0,real_delta_india
2026-07-23T12:00:00+00:00,53.14,53.15,52.81,52.86,60538.0,real_delta_india
2026-07-23T12:30:00+00:00,52.81,52.89,52.34,52.37,133644.0,real_delta_india
2026-07-23T13:00:00+00:00,52.4,52.46,51.8,52.29,183539.0,real_delta_india
2026-07-23T13:30:00+00:00,52.35,52.71,52.31,52.31,123612.0,real_delta_india
2026-07-23T14:00:00+00:00,52.33,52.64,52.26,52.63,37973.0,real_delta_india
2026-07-23T14:30:00+00:00,52.62,52.64,52.41,52.44,87365.0,real_delta_india
2026-07-23T15:00:00+00:00,52.49,52.49,52.07,52.16,51374.0,real_delta_india
2026-07-23T15:30:00+00:00,52.14,52.37,52.06,52.3,35886.0,real_delta_india
2026-07-23T16:00:00+00:00,52.31,52.48,52.3,52.48,21669.0,real_delta_india
2026-07-23T16:30:00+00:00,52.48,52.52,52.32,52.52,29380.0,real_delta_india
2026-07-23T17:00:00+00:00,52.5,52.58,52.37,52.4,31575.0,real_delta_india
2026-07-23T17:30:00+00:00,52.45,52.45,52.22,52.23,34777.0,real_delta_india
2026-07-23T18:00:00+00:00,52.2,52.25,52.12,52.21,46220.0,real_delta_india
2026-07-23T18:30:00+00:00,52.25,52.29,52.17,52.24,17802.0,real_delta_india
2026-07-23T19:00:00+00:00,52.33,52.35,52.15,52.29,20142.0,real_delta_india
2026-07-23T19:30:00+00:00,52.36,52.36,52.16,52.28,10348.0,real_delta_india
2026-07-23T20:00:00+00:00,52.31,52.34,52.24,52.34,2850.0,real_delta_india
2026-07-23T20:30:00+00:00,52.32,52.37,52.29,52.37,5851.0,real_delta_india
2026-07-23T21:00:00+00:00,52.37,52.4,52.31,52.38,13486.0,real_delta_india
2026-07-23T21:30:00+00:00,52.35,52.38,52.32,52.32,894.0,real_delta_india
2026-07-23T22:00:00+00:00,52.32,52.36,52.24,52.35,2435.0,real_delta_india
2026-07-23T22:30:00+00:00,52.35,52.38,52.33,52.33,1637.0,real_delta_india
2026-07-23T23:00:00+00:00,52.3,52.3,52.25,52.27,270.0,real_delta_india
2026-07-23T23:30:00+00:00,52.28,52.35,52.25,52.25,2256.0,real_delta_india
2026-07-24T00:00:00+00:00,52.28,52.34,52.11,52.33,21553.0,real_delta_india
2026-07-24T00:30:00+00:00,52.31,52.53,52.29,52.53,8513.0,real_delta_india
2026-07-24T01:00:00+00:00,52.37,52.42,52.12,52.26,16249.0,real_delta_india
2026-07-24T01:30:00+00:00,52.2,52.55,52.19,52.26,32954.0,real_delta_india
2026-07-24T02:00:00+00:00,52.36,52.45,52.24,52.38,6893.0,real_delta_india
2026-07-24T02:30:00+00:00,52.36,52.44,51.84,51.9,44813.0,real_delta_india
2026-07-24T03:00:00+00:00,51.94,52.14,51.84,52.01,51940.0,real_delta_india
2026-07-24T03:30:00+00:00,52.03,52.12,52.0,52.0,9069.0,real_delta_india
2026-07-24T04:00:00+00:00,52.03,52.13,51.92,52.12,32588.0,real_delta_india
2026-07-24T04:30:00+00:00,52.12,52.14,51.99,52.05,18571.0,real_delta_india
2026-07-24T05:00:00+00:00,52.01,52.28,51.97,52.13,56287.0,real_delta_india
2026-07-24T05:30:00+00:00,52.15,52.3,52.05,52.06,31628.0,real_delta_india
2026-07-24T06:00:00+00:00,52.06,52.44,52.04,52.35,48112.0,real_delta_india
2026-07-24T06:30:00+00:00,52.35,52.49,52.28,52.46,32186.0,real_delta_india
2026-07-24T07:00:00+00:00,52.42,52.95,52.38,52.91,72728.0,real_delta_india
2026-07-24T07:30:00+00:00,52.92,53.03,52.74,52.8,73414.0,real_delta_india
2026-07-24T08:00:00+00:00,52.78,52.88,52.7,52.88,26644.0,real_delta_india
2026-07-24T08:30:00+00:00,52.86,52.95,52.81,52.95,7070.0,real_delta_india
2026-07-24T09:00:00+00:00,52.92,53.08,52.91,52.91,24820.0,real_delta_india
2026-07-24T09:30:00+00:00,52.91,53.07,52.87,53.06,25934.0,real_delta_india
2026-07-24T10:00:00+00:00,53.07,53.23,53.0,53.18,48968.0,real_delta_india
2026-07-24T10:30:00+00:00,53.15,53.21,52.98,53.01,24098.0,real_delta_india
2026-07-24T11:00:00+00:00,53.01,53.09,52.95,53.02,34548.0,real_delta_india
2026-07-24T11:30:00+00:00,52.98,53.15,52.84,53.06,68367.0,real_delta_india
2026-07-24T12:00:00+00:00,53.08,53.24,52.94,53.21,24048.0,real_delta_india
2026-07-24T12:30:00+00:00,53.19,53.2,52.91,52.97,20367.0,real_delta_india
2026-07-24T13:00:00+00:00,53.06,53.13,52.53,52.59,118062.0,real_delta_india
2026-07-24T13:30:00+00:00,52.6,53.02,52.55,53.02,74615.0,real_delta_india
2026-07-24T14:00:00+00:00,53.01,53.18,52.81,53.08,56730.0,real_delta_india
2026-07-24T14:30:00+00:00,53.1,53.27,53.0,53.13,38574.0,real_delta_india
2026-07-24T15:00:00+00:00,53.09,53.55,52.98,53.41,63305.0,real_delta_india
2026-07-24T15:30:00+00:00,53.38,53.52,53.3,53.47,32260.0,real_delta_india
2026-07-24T16:00:00+00:00,53.43,53.48,53.34,53.34,37798.0,real_delta_india
2026-07-24T16:30:00+00:00,53.29,53.34,53.16,53.25,44583.0,real_delta_india
2026-07-24T17:00:00+00:00,53.24,53.28,53.09,53.26,41486.0,real_delta_india
2026-07-24T17:30:00+00:00,53.28,53.35,53.14,53.17,19799.0,real_delta_india
2026-07-24T18:00:00+00:00,53.17,53.21,52.96,52.96,21646.0,real_delta_india
2026-07-24T18:30:00+00:00,52.95,53.03,52.85,52.94,21684.0,real_delta_india
2026-07-24T19:00:00+00:00,52.95,52.96,52.74,52.75,10834.0,real_delta_india
2026-07-24T19:30:00+00:00,52.76,52.95,52.76,52.87,10613.0,real_delta_india
2026-07-24T20:00:00+00:00,52.82,52.88,52.77,52.85,6387.0,real_delta_india
2026-07-24T20:30:00+00:00,52.81,52.92,52.78,52.87,2385.0,real_delta_india
2026-07-24T21:00:00+00:00,52.85,52.89,52.83,52.89,4036.0,real_delta_india
2026-07-24T21:30:00+00:00,52.9,52.93,52.9,52.93,51.0,real_delta_india
2026-07-24T22:00:00+00:00,52.9,52.92,52.9,52.92,35.0,real_delta_india
2026-07-24T22:30:00+00:00,52.91,52.95,52.89,52.95,114.0,real_delta_india
2026-07-24T23:00:00+00:00,52.94,52.94,52.9,52.93,78.0,real_delta_india
2026-07-24T23:30:00+00:00,52.94,52.94,52.9,52.93,610.0,real_delta_india
2026-07-25T00:00:00+00:00,52.92,52.96,52.92,52.93,605.0,real_delta_india
2026-07-25T00:30:00+00:00,52.97,52.98,52.95,52.96,666.0,real_delta_india
2026-07-25T01:00:00+00:00,52.96,52.96,52.92,52.95,1417.0,real_delta_india
2026-07-25T01:30:00+00:00,52.96,52.96,52.93,52.93,907.0,real_delta_india
2026-07-25T02:00:00+00:00,52.96,52.96,52.93,52.93,1781.0,real_delta_india
2026-07-25T02:30:00+00:00,52.93,52.96,52.89,52.91,5053.0,real_delta_india
2026-07-25T03:00:00+00:00,52.91,52.93,52.91,52.91,768.0,real_delta_india
2026-07-25T03:30:00+00:00,52.91,52.96,52.89,52.89,1470.0,real_delta_india
2026-07-25T04:00:00+00:00,52.89,52.96,52.89,52.96,1462.0,real_delta_india
2026-07-25T04:30:00+00:00,52.89,52.96,52.89,52.96,1503.0,real_delta_india
2026-07-25T05:00:00+00:00,52.96,52.96,52.92,52.92,2140.0,real_delta_india
2026-07-25T05:30:00+00:00,52.93,52.93,52.88,52.91,1020.0,real_delta_india
2026-07-25T06:00:00+00:00,52.88,52.92,52.88,52.88,8139.0,real_delta_india
2026-07-25T06:30:00+00:00,52.88,52.91,52.88,52.9,1160.0,real_delta_india
2026-07-25T07:00:00+00:00,52.94,52.94,52.9,52.94,2105.0,real_delta_india
2026-07-25T07:30:00+00:00,52.94,52.95,52.92,52.92,1158.0,real_delta_india
2026-07-25T08:00:00+00:00,52.92,52.96,52.9,52.91,207.0,real_delta_india
2026-07-25T08:30:00+00:00,52.96,52.96,52.9,52.95,2566.0,real_delta_india
2026-07-25T09:00:00+00:00,52.93,52.95,52.92,52.95,945.0,real_delta_india
2026-07-25T09:30:00+00:00,52.92,52.95,52.92,52.92,370.0,real_delta_india
2026-07-25T10:00:00+00:00,52.91,52.93,52.88,52.92,3017.0,real_delta_india
2026-07-25T10:30:00+00:00,52.89,52.92,52.89,52.92,223.0,real_delta_india
2026-07-25T11:00:00+00:00,52.89,52.92,52.88,52.88,2024.0,real_delta_india
2026-07-25T11:30:00+00:00,52.88,52.89,52.88,52.88,1453.0,real_delta_india
2026-07-25T12:00:00+00:00,52.88,52.9,52.86,52.87,6925.0,real_delta_india
2026-07-25T12:30:00+00:00,52.87,52.9,52.87,52.9,1817.0,real_delta_india
2026-07-25T13:00:00+00:00,52.88,52.9,52.87,52.9,565.0,real_delta_india
2026-07-25T13:30:00+00:00,52.87,52.98,52.87,52.96,2394.0,real_delta_india
2026-07-25T14:00:00+00:00,52.96,52.96,52.92,52.92,643.0,real_delta_india
2026-07-25T14:30:00+00:00,52.92,52.97,52.91,52.91,1445.0,real_delta_india
2026-07-25T15:00:00+00:00,52.96,52.98,52.91,52.91,2555.0,real_delta_india
2026-07-25T15:30:00+00:00,52.91,52.98,52.91,52.91,59.0,real_delta_india
2026-07-25T16:00:00+00:00,52.91,52.98,52.91,52.91,1193.0,real_delta_india
2026-07-25T16:30:00+00:00,52.91,52.97,52.91,52.95,205.0,real_delta_india
2026-07-25T17:00:00+00:00,52.97,52.97,52.92,52.97,285.0,real_delta_india
2026-07-25T17:30:00+00:00,52.98,52.98,52.92,52.92,1923.0,real_delta_india
2026-07-25T18:00:00+00:00,52.92,53.07,52.92,53.07,3364.0,real_delta_india
2026-07-25T18:30:00+00:00,53.07,53.07,53.03,53.07,935.0,real_delta_india
2026-07-25T19:00:00+00:00,53.03,53.06,53.03,53.04,273.0,real_delta_india
2026-07-25T19:30:00+00:00,53.03,53.04,53.03,53.03,222.0,real_delta_india
2026-07-25T20:00:00+00:00,53.03,53.04,53.03,53.03,71.0,real_delta_india
2026-07-25T20:30:00+00:00,53.02,53.02,53.0,53.0,40.0,real_delta_india
2026-07-25T21:00:00+00:00,53.0,53.0,53.0,53.0,111.0,real_delta_india
2026-07-25T21:30:00+00:00,53.0,53.07,53.0,53.07,125.0,real_delta_india
2026-07-25T22:00:00+00:00,53.07,53.07,53.07,53.07,0.0,real_delta_india
2026-07-25T22:30:00+00:00,53.01,53.06,53.0,53.0,87.0,real_delta_india
2026-07-25T23:00:00+00:00,53.0,53.0,53.0,53.0,0.0,real_delta_india
2026-07-25T23:30:00+00:00,53.0,53.0,53.0,53.0,555.0,real_delta_india
2026-07-26T00:00:00+00:00,53.0,53.04,53.0,53.04,77.0,real_delta_india
2026-07-26T00:30:00+00:00,53.0,53.0,52.94,52.94,375.0,real_delta_india
2026-07-26T01:00:00+00:00,52.94,53.0,52.94,53.0,162.0,real_delta_india
2026-07-26T01:30:00+00:00,53.0,53.04,52.94,53.04,444.0,real_delta_india
2026-07-26T02:00:00+00:00,52.94,53.03,52.94,53.03,1025.0,real_delta_india
2026-07-26T02:30:00+00:00,53.03,53.04,52.98,52.98,527.0,real_delta_india
2026-07-26T03:00:00+00:00,52.98,53.04,52.98,52.98,59.0,real_delta_india
2026-07-26T03:30:00+00:00,53.04,53.04,52.98,53.04,346.0,real_delta_india
2026-07-26T04:00:00+00:00,53.04,53.08,52.93,52.93,2473.0,real_delta_india
2026-07-26T04:30:00+00:00,52.93,53.08,52.93,52.93,4968.0,real_delta_india
2026-07-26T05:00:00+00:00,53.02,53.07,52.95,53.07,376.0,real_delta_india
2026-07-26T05:30:00+00:00,53.01,53.05,52.95,53.05,2250.0,real_delta_india
2026-07-26T06:00:00+00:00,53.02,53.08,53.02,53.03,3997.0,real_delta_india
2026-07-26T06:30:00+00:00,53.06,53.07,53.04,53.07,2936.0,real_delta_india
2026-07-26T07:00:00+00:00,53.04,53.14,53.04,53.06,2672.0,real_delta_india
2026-07-26T07:30:00+00:00,53.13,53.17,53.02,53.15,4031.0,real_delta_india
2026-07-26T08:00:00+00:00,53.16,53.22,53.12,53.15,2482.0,real_delta_india
2026-07-26T08:30:00+00:00,53.21,53.22,53.08,53.16,6272.0,real_delta_india
2026-07-26T09:00:00+00:00,53.16,53.25,53.14,53.14,2906.0,real_delta_india
2026-07-26T09:30:00+00:00,53.25,53.25,53.14,53.21,703.0,real_delta_india
2026-07-26T10:00:00+00:00,53.23,53.37,53.16,53.3,3917.0,real_delta_india
2026-07-26T10:30:00+00:00,53.3,53.5,53.17,53.23,5915.0,real_delta_india
2026-07-26T11:00:00+00:00,53.23,53.51,53.23,53.46,3658.0,real_delta_india
2026-07-26T11:30:00+00:00,53.39,53.47,53.3,53.45,3340.0,real_delta_india
2026-07-26T12:00:00+00:00,53.32,53.47,53.32,53.44,2384.0,real_delta_india
2026-07-26T12:30:00+00:00,53.36,53.47,53.32,53.47,5190.0,real_delta_india
2026-07-26T13:00:00+00:00,53.51,53.52,53.43,53.52,3674.0,real_delta_india
2026-07-26T13:30:00+00:00,53.44,53.53,53.43,53.53,7070.0,real_delta_india
2026-07-26T14:00:00+00:00,53.43,53.64,53.43,53.55,4922.0,real_delta_india
2026-07-26T14:30:00+00:00,53.53,53.56,53.47,53.47,1414.0,real_delta_india
2026-07-26T15:00:00+00:00,53.45,53.57,53.43,53.54,3375.0,real_delta_india
2026-07-26T15:30:00+00:00,53.5,53.58,53.4,53.48,12841.0,real_delta_india
2026-07-26T16:00:00+00:00,53.43,53.63,53.35,53.49,4272.0,real_delta_india
2026-07-26T16:30:00+00:00,53.63,53.66,53.4,53.46,9863.0,real_delta_india
2026-07-26T17:00:00+00:00,53.55,53.6,53.43,53.52,2647.0,real_delta_india
2026-07-26T17:30:00+00:00,53.51,53.74,53.43,53.64,5709.0,real_delta_india
2026-07-26T18:00:00+00:00,53.65,53.71,53.59,53.71,2834.0,real_delta_india
2026-07-26T18:30:00+00:00,53.71,53.71,53.65,53.65,1839.0,real_delta_india
2026-07-26T19:00:00+00:00,53.63,53.65,53.57,53.62,1485.0,real_delta_india
2026-07-26T19:30:00+00:00,53.61,53.61,53.4,53.6,5530.0,real_delta_india
2026-07-26T20:00:00+00:00,53.6,53.63,53.4,53.59,1111.0,real_delta_india
2026-07-26T20:30:00+00:00,53.58,53.58,53.51,53.51,15.0,real_delta_india
2026-07-26T21:00:00+00:00,53.51,53.56,53.4,53.56,294.0,real_delta_india
2026-07-26T21:30:00+00:00,53.56,53.63,53.56,53.63,1577.0,real_delta_india
2026-07-26T22:00:00+00:00,53.63,54.24,53.63,53.93,41548.0,real_delta_india
2026-07-26T22:30:00+00:00,53.95,54.33,53.9,54.15,8630.0,real_delta_india
2026-07-26T23:00:00+00:00,54.1,54.1,53.84,53.92,14260.0,real_delta_india
2026-07-26T23:30:00+00:00,53.91,54.2,53.87,54.08,3957.0,real_delta_india
2026-07-27T00:00:00+00:00,54.08,54.52,54.04,54.13,60329.0,real_delta_india
2026-07-27T00:30:00+00:00,54.17,54.32,54.06,54.06,20988.0,real_delta_india
2026-07-27T01:00:00+00:00,54.19,54.29,54.03,54.08,51013.0,real_delta_india
2026-07-27T01:30:00+00:00,54.08,54.29,54.04,54.27,9598.0,real_delta_india
2026-07-27T02:00:00+00:00,54.28,54.3,54.1,54.11,12411.0,real_delta_india
2026-07-27T02:30:00+00:00,54.08,54.08,53.88,53.88,20293.0,real_delta_india
2026-07-27T03:00:00+00:00,53.87,53.98,53.82,53.87,29402.0,real_delta_india
2026-07-27T03:30:00+00:00,53.82,53.97,53.82,53.86,17830.0,real_delta_india
2026-07-27T04:00:00+00:00,53.86,53.89,53.68,53.74,15128.0,real_delta_india
2026-07-27T04:30:00+00:00,53.76,53.88,53.76,53.86,35297.0,real_delta_india
2026-07-27T05:00:00+00:00,53.83,53.96,53.78,53.82,43192.0,real_delta_india
2026-07-27T05:30:00+00:00,53.79,53.97,53.71,53.93,35043.0,real_delta_india
2026-07-27T06:00:00+00:00,53.94,54.05,53.89,54.02,33194.0,real_delta_india
2026-07-27T06:30:00+00:00,54.02,54.11,53.9,53.95,56825.0,real_delta_india
2026-07-27T07:00:00+00:00,53.96,54.28,53.96,54.22,29945.0,real_delta_india
2026-07-27T07:30:00+00:00,54.18,54.18,53.76,53.76,92035.0,real_delta_india
2026-07-27T08:00:00+00:00,53.79,53.89,53.66,53.8,19460.0,real_delta_india
2026-07-27T08:30:00+00:00,53.76,53.99,53.68,53.95,36392.0,real_delta_india
2026-07-27T09:00:00+00:00,53.89,53.99,53.76,53.76,6941.0,real_delta_india
2026-07-27T09:30:00+00:00,53.77,53.94,53.74,53.86,6362.0,real_delta_india
2026-07-27T10:00:00+00:00,53.82,53.84,53.62,53.72,26868.0,real_delta_india
2026-07-27T10:30:00+00:00,53.72,53.88,53.72,53.8,12406.0,real_delta_india
2026-07-27T11:00:00+00:00,53.81,53.85,53.63,53.81,14665.0,real_delta_india
2026-07-27T11:30:00+00:00,53.77,53.78,53.6,53.66,50518.0,real_delta_india
2026-07-27T12:00:00+00:00,53.63,53.71,53.3,53.42,167693.0,real_delta_india
2026-07-27T12:30:00+00:00,53.44,53.61,53.4,53.52,80843.0,real_delta_india
2026-07-27T13:00:00+00:00,53.51,53.63,53.25,53.29,108604.0,real_delta_india
2026-07-27T13:30:00+00:00,53.28,53.56,53.07,53.13,109623.0,real_delta_india
2026-07-27T14:00:00+00:00,53.18,53.32,52.87,53.04,88545.0,real_delta_india
2026-07-27T14:30:00+00:00,53.0,53.3,52.93,53.29,31554.0,real_delta_india
2026-07-27T15:00:00+00:00,53.29,53.33,53.16,53.25,24108.0,real_delta_india
2026-07-27T15:30:00+00:00,53.28,53.28,53.12,53.26,13133.0,real_delta_india
2026-07-27T16:00:00+00:00,53.24,53.49,53.21,53.43,50805.0,real_delta_india
2026-07-27T16:30:00+00:00,53.43,53.56,53.21,53.26,48602.0,real_delta_india
2026-07-27T17:00:00+00:00,53.24,53.26,53.02,53.07,42289.0,real_delta_india
2026-07-27T17:30:00+00:00,53.08,53.14,53.04,53.11,8081.0,real_delta_india
2026-07-27T18:00:00+00:00,53.14,53.14,52.88,53.0,21151.0,real_delta_india
2026-07-27T18:30:00+00:00,52.99,53.02,52.82,53.0,20642.0,real_delta_india
2026-07-27T19:00:00+00:00,53.03,53.24,52.98,53.22,23596.0,real_delta_india
2026-07-27T19:30:00+00:00,53.19,53.24,53.16,53.17,2934.0,real_delta_india
2026-07-27T20:00:00+00:00,53.15,53.16,53.05,53.05,3711.0,real_delta_india
2026-07-27T20:30:00+00:00,53.07,53.1,53.04,53.04,1505.0,real_delta_india
2026-07-27T21:00:00+00:00,53.12,53.13,53.08,53.13,2485.0,real_delta_india
2026-07-27T21:30:00+00:00,53.12,53.12,53.08,53.1,221.0,real_delta_india
2026-07-27T22:00:00+00:00,53.12,53.12,52.98,53.0,879.0,real_delta_india
2026-07-27T22:30:00+00:00,53.03,53.06,52.99,53.01,3974.0,real_delta_india
2026-07-27T23:00:00+00:00,53.03,53.06,52.96,53.06,4055.0,real_delta_india
2026-07-27T23:30:00+00:00,53.09,53.09,52.98,53.02,2256.0,real_delta_india
2026-07-28T00:00:00+00:00,52.97,52.97,52.68,52.78,18748.0,real_delta_india
2026-07-28T00:30:00+00:00,52.77,52.83,52.41,52.42,76724.0,real_delta_india
2026-07-28T01:00:00+00:00,52.46,52.47,51.86,51.94,79215.0,real_delta_india
2026-07-28T01:30:00+00:00,52.01,52.13,51.87,51.95,49082.0,real_delta_india
2026-07-28T02:00:00+00:00,51.99,52.15,51.91,52.0,30363.0,real_delta_india
2026-07-28T02:30:00+00:00,52.03,52.08,51.85,51.99,33682.0,real_delta_india
2026-07-28T03:00:00+00:00,51.99,52.12,51.84,52.07,26432.0,real_delta_india
2026-07-28T03:30:00+00:00,52.05,52.2,52.01,52.11,25506.0,real_delta_india
2026-07-28T04:00:00+00:00,52.08,52.09,51.95,52.0,29442.0,real_delta_india
2026-07-28T04:30:00+00:00,51.99,52.06,51.91,51.92,8884.0,real_delta_india
2026-07-28T05:00:00+00:00,51.92,51.98,51.7,51.8,64477.0,real_delta_india
2026-07-28T05:30:00+00:00,51.79,51.87,51.52,51.86,95181.0,real_delta_india
2026-07-28T06:00:00+00:00,51.85,52.13,51.85,52.1,106228.0,real_delta_india
2026-07-28T06:30:00+00:00,52.11,52.26,52.04,52.16,19897.0,real_delta_india
2026-07-28T07:00:00+00:00,52.12,52.26,52.05,52.19,26092.0,real_delta_india
2026-07-28T07:30:00+00:00,52.19,52.24,52.08,52.18,49622.0,real_delta_india
2026-07-28T08:00:00+00:00,52.18,52.37,52.08,52.33,36026.0,real_delta_india
2026-07-28T08:30:00+00:00,52.32,52.35,52.16,52.25,40229.0,real_delta_india
2026-07-28T09:00:00+00:00,52.24,52.32,52.16,52.16,21880.0,real_delta_india
2026-07-28T09:30:00+00:00,52.19,52.19,51.89,51.92,74030.0,real_delta_india
2026-07-28T10:00:00+00:00,51.92,52.05,51.77,51.89,39978.0,real_delta_india
2026-07-28T10:30:00+00:00,51.86,52.03,51.84,51.91,16856.0,real_delta_india
2026-07-28T11:00:00+00:00,51.91,52.08,51.86,51.99,23121.0,real_delta_india
2026-07-28T11:30:00+00:00,51.99,52.11,51.95,52.05,34665.0,real_delta_india
2026-07-28T12:00:00+00:00,52.09,52.15,51.98,52.04,55430.0,real_delta_india
2026-07-28T12:30:00+00:00,52.02,52.21,51.91,52.05,56195.0,real_delta_india
2026-07-28T13:00:00+00:00,52.1,52.14,51.81,51.84,60915.0,real_delta_india
2026-07-28T13:30:00+00:00,51.84,51.9,51.5,51.62,101165.0,real_delta_india
2026-07-28T14:00:00+00:00,51.62,52.0,51.44,51.74,139997.0,real_delta_india
2026-07-28T14:30:00+00:00,51.75,51.89,51.64,51.8,41864.0,real_delta_india
2026-07-28T15:00:00+00:00,51.8,52.13,51.72,51.98,70295.0,real_delta_india
2026-07-28T15:30:00+00:00,51.95,52.17,51.92,52.17,71280.0,real_delta_india
2026-07-28T16:00:00+00:00,52.17,52.25,52.11,52.14,43352.0,real_delta_india
2026-07-28T16:30:00+00:00,52.16,52.2,52.01,52.04,50992.0,real_delta_india
2026-07-28T17:00:00+00:00,52.08,52.17,51.99,52.11,29984.0,real_delta_india
2026-07-28T17:30:00+00:00,52.07,52.1,51.8,51.87,34695.0,real_delta_india
2026-07-28T18:00:00+00:00,51.86,51.94,51.84,51.88,13119.0,real_delta_india
2026-07-28T18:30:00+00:00,51.86,51.92,51.82,51.89,21618.0,real_delta_india
2026-07-28T19:00:00+00:00,51.88,52.0,51.86,51.97,40299.0,real_delta_india
2026-07-28T19:30:00+00:00,51.99,52.05,51.93,51.95,17909.0,real_delta_india
2026-07-28T20:00:00+00:00,51.92,51.94,51.84,51.92,7248.0,real_delta_india
2026-07-28T20:30:00+00:00,51.9,51.94,51.85,51.92,3433.0,real_delta_india
2026-07-28T21:00:00+00:00,51.9,51.93,51.9,51.93,500.0,real_delta_india
2026-07-28T21:30:00+00:00,51.92,51.92,51.9,51.9,2133.0,real_delta_india
2026-07-28T22:00:00+00:00,51.88,51.88,51.76,51.84,10997.0,real_delta_india
2026-07-28T22:30:00+00:00,51.84,51.84,51.68,51.74,2148.0,real_delta_india
2026-07-28T23:00:00+00:00,51.67,51.82,51.67,51.76,7004.0,real_delta_india
2026-07-28T23:30:00+00:00,51.76,51.99,51.76,51.98,17191.0,real_delta_india
2026-07-29T00:00:00+00:00,51.99,52.1,51.94,51.96,14849.0,real_delta_india
2026-07-29T00:30:00+00:00,51.93,52.05,51.88,51.88,9529.0,real_delta_india
2026-07-29T01:00:00+00:00,51.86,52.01,51.73,52.01,15824.0,real_delta_india
2026-07-29T01:30:00+00:00,51.95,52.35,51.87,52.2,50692.0,real_delta_india
2026-07-29T02:00:00+00:00,52.22,52.44,52.08,52.4,66280.0,real_delta_india
2026-07-29T02:30:00+00:00,52.45,52.66,52.37,52.38,33369.0,real_delta_india
2026-07-29T03:00:00+00:00,52.39,52.43,52.18,52.21,14041.0,real_delta_india
2026-07-29T03:30:00+00:00,52.21,52.24,52.08,52.09,22328.0,real_delta_india
2026-07-29T04:00:00+00:00,52.13,52.19,52.05,52.09,12419.0,real_delta_india
2026-07-29T04:30:00+00:00,52.09,52.25,52.09,52.21,15224.0,real_delta_india
2026-07-29T05:00:00+00:00,52.22,52.45,52.2,52.41,37655.0,real_delta_india
2026-07-29T05:30:00+00:00,52.42,52.7,52.41,52.5,60212.0,real_delta_india
2026-07-29T06:00:00+00:00,52.48,52.64,52.45,52.57,13943.0,real_delta_india
2026-07-29T06:30:00+00:00,52.59,52.78,52.59,52.78,29089.0,real_delta_india
2026-07-29T07:00:00+00:00,52.76,52.88,52.73,52.83,20635.0,real_delta_india
2026-07-29T07:30:00+00:00,52.83,52.86,52.72,52.73,58903.0,real_delta_india
2026-07-29T08:00:00+00:00,52.77,52.77,52.46,52.5,31962.0,real_delta_india
2026-07-29T08:30:00+00:00,52.47,52.63,52.47,52.57,15261.0,real_delta_india
2026-07-29T09:00:00+00:00,52.57,52.6,52.51,52.51,10247.0,real_delta_india
2026-07-29T09:30:00+00:00,52.51,52.56,52.4,52.4,19695.0,real_delta_india
2026-07-29T10:00:00+00:00,52.41,52.45,52.24,52.28,29620.0,real_delta_india
2026-07-29T10:30:00+00:00,52.31,52.34,52.11,52.12,22832.0,real_delta_india
2026-07-29T11:00:00+00:00,52.16,52.4,52.13,52.4,59573.0,real_delta_india
2026-07-29T11:30:00+00:00,52.39,52.45,52.31,52.33,18899.0,real_delta_india
2026-07-29T12:00:00+00:00,52.36,52.38,51.72,51.75,97393.0,real_delta_india
2026-07-29T12:30:00+00:00,51.74,52.06,51.62,52.0,60366.0,real_delta_india
2026-07-29T13:00:00+00:00,52.05,52.22,51.87,51.98,78668.0,real_delta_india
2026-07-29T13:30:00+00:00,51.99,52.0,51.66,51.78,87517.0,real_delta_india
2026-07-29T14:00:00+00:00,51.77,52.0,51.64,51.9,54997.0,real_delta_india
2026-07-29T14:30:00+00:00,51.84,51.92,51.56,51.76,39028.0,real_delta_india
2026-07-29T15:00:00+00:00,51.8,51.85,51.68,51.8,32025.0,real_delta_india
2026-07-29T15:30:00+00:00,51.82,51.88,51.7,51.81,8643.0,real_delta_india
2026-07-29T16:00:00+00:00,51.84,51.88,51.6,51.87,31091.0,real_delta_india
2026-07-29T16:30:00+00:00,51.84,52.7,51.81,52.44,116367.0,real_delta_india
2026-07-29T17:00:00+00:00,52.46,52.8,52.41,52.47,97324.0,real_delta_india
2026-07-29T17:30:00+00:00,52.47,52.66,52.38,52.64,34974.0,real_delta_india
2026-07-29T18:00:00+00:00,52.72,53.41,52.72,52.83,180635.0,real_delta_india
2026-07-29T18:30:00+00:00,52.9,53.69,52.57,53.61,125228.0,real_delta_india
2026-07-29T19:00:00+00:00,53.63,53.77,52.98,53.06,86283.0,real_delta_india
2026-07-29T19:30:00+00:00,53.06,53.08,52.03,52.07,104240.0,real_delta_india
2026-07-29T20:00:00+00:00,52.03,52.18,51.88,52.11,59594.0,real_delta_india
2026-07-29T20:30:00+00:00,52.05,52.36,52.01,52.35,14828.0,real_delta_india
2026-07-29T21:00:00+00:00,52.37,52.37,52.3,52.31,15571.0,real_delta_india
2026-07-29T21:30:00+00:00,52.33,52.34,52.3,52.3,3238.0,real_delta_india
2026-07-29T22:00:00+00:00,52.5,52.87,52.5,52.75,6647.0,real_delta_india
2026-07-29T22:30:00+00:00,52.79,52.98,52.78,52.94,2471.0,real_delta_india
2026-07-29T23:00:00+00:00,52.96,53.15,52.92,52.95,5865.0,real_delta_india
2026-07-29T23:30:00+00:00,52.98,53.0,52.88,52.9,9918.0,real_delta_india
2026-07-30T00:00:00+00:00,52.85,52.94,52.61,52.67,14666.0,real_delta_india
2026-07-30T00:30:00+00:00,52.69,52.69,52.45,52.63,11102.0,real_delta_india
2026-07-30T01:00:00+00:00,52.66,53.24,52.66,53.13,24151.0,real_delta_india
2026-07-30T01:30:00+00:00,53.16,53.26,53.06,53.06,16372.0,real_delta_india
2026-07-30T02:00:00+00:00,53.07,53.18,52.83,52.88,10907.0,real_delta_india
2026-07-30T02:30:00+00:00,52.87,52.87,52.43,52.43,27841.0,real_delta_india
2026-07-30T03:00:00+00:00,52.43,52.62,52.11,52.19,41688.0,real_delta_india
2026-07-30T03:30:00+00:00,52.24,52.33,52.12,52.3,24360.0,real_delta_india
2026-07-30T04:00:00+00:00,52.3,52.32,52.12,52.21,34947.0,real_delta_india
2026-07-30T04:30:00+00:00,52.2,52.23,51.91,51.98,42860.0,real_delta_india
2026-07-30T05:00:00+00:00,51.96,52.09,51.8,52.09,79590.0,real_delta_india
2026-07-30T05:30:00+00:00,52.07,52.24,51.76,51.89,82638.0,real_delta_india
2026-07-30T06:00:00+00:00,51.87,52.07,51.86,51.9,24755.0,real_delta_india
2026-07-30T06:30:00+00:00,51.95,52.08,51.93,51.97,25856.0,real_delta_india
2026-07-30T07:00:00+00:00,52.0,52.29,52.0,52.06,58138.0,real_delta_india
2026-07-30T07:30:00+00:00,52.05,52.1,51.78,51.78,62939.0,real_delta_india
2026-07-30T08:00:00+00:00,51.81,52.5,51.77,52.45,55681.0,real_delta_india
2026-07-30T08:30:00+00:00,52.46,52.58,52.26,52.3,36996.0,real_delta_india
2026-07-30T09:00:00+00:00,52.33,52.6,52.3,52.45,38522.0,real_delta_india
2026-07-30T09:30:00+00:00,52.49,52.65,52.42,52.45,21108.0,real_delta_india
2026-07-30T10:00:00+00:00,52.44,52.82,52.43,52.79,35472.0,real_delta_india
2026-07-30T10:30:00+00:00,52.74,52.95,52.74,52.76,58031.0,real_delta_india
2026-07-30T11:00:00+00:00,52.72,52.83,52.68,52.71,29880.0,real_delta_india
2026-07-30T11:30:00+00:00,52.72,52.85,52.7,52.79,48594.0,real_delta_india
2026-07-30T12:00:00+00:00,52.82,53.0,52.73,52.83,53627.0,real_delta_india
2026-07-30T12:30:00+00:00,52.89,52.94,52.6,52.7,66803.0,real_delta_india
2026-07-30T13:00:00+00:00,52.63,52.81,52.54,52.62,122718.0,real_delta_india
2026-07-30T13:30:00+00:00,52.58,53.17,52.54,53.15,164119.0,real_delta_india
2026-07-30T14:00:00+00:00,53.11,53.26,52.64,52.8,129908.0,real_delta_india
2026-07-30T14:30:00+00:00,52.82,53.1,52.77,52.95,54411.0,real_delta_india
2026-07-30T15:00:00+00:00,52.99,53.14,52.75,53.04,44856.0,real_delta_india
2026-07-30T15:30:00+00:00,53.03,53.26,52.99,53.2,69690.0,real_delta_india
2026-07-30T16:00:00+00:00,53.21,53.51,53.21,53.41,121990.0,real_delta_india
2026-07-30T16:30:00+00:00,53.41,53.44,53.2,53.3,47942.0,real_delta_india
2026-07-30T17:00:00+00:00,53.3,53.42,53.17,53.26,24725.0,real_delta_india
2026-07-30T17:30:00+00:00,53.3,53.45,53.26,53.35,21264.0,real_delta_india
2026-07-30T18:00:00+00:00,53.36,53.51,53.36,53.49,21709.0,real_delta_india
2026-07-30T18:30:00+00:00,53.47,53.57,53.41,53.45,27028.0,real_delta_india
2026-07-30T19:00:00+00:00,53.46,53.82,53.44,53.74,62828.0,real_delta_india
2026-07-30T19:30:00+00:00,53.74,53.81,53.67,53.79,15107.0,real_delta_india
2026-07-30T20:00:00+00:00,53.75,53.87,53.69,53.69,35304.0,real_delta_india
2026-07-30T20:30:00+00:00,53.7,53.7,53.48,53.6,13357.0,real_delta_india
2026-07-30T21:00:00+00:00,53.6,53.64,53.58,53.58,2938.0,real_delta_india
2026-07-30T21:30:00+00:00,53.6,53.6,53.58,53.6,1949.0,real_delta_india
2026-07-30T22:00:00+00:00,53.58,53.69,53.58,53.59,806.0,real_delta_india
2026-07-30T22:30:00+00:00,53.6,53.67,53.58,53.66,3945.0,real_delta_india
2026-07-30T23:00:00+00:00,53.66,53.69,53.56,53.62,2343.0,real_delta_india
2026-07-30T23:30:00+00:00,53.63,53.71,53.59,53.66,3607.0,real_delta_india
2026-07-31T00:00:00+00:00,53.61,53.71,53.57,53.57,17850.0,real_delta_india
2026-07-31T00:30:00+00:00,53.57,53.57,53.38,53.45,15228.0,real_delta_india
2026-07-31T01:00:00+00:00,53.5,53.7,53.29,53.36,18149.0,real_delta_india
2026-07-31T01:30:00+00:00,53.4,53.4,53.25,53.35,15957.0,real_delta_india
2026-07-31T02:00:00+00:00,53.3,53.44,53.19,53.21,32292.0,real_delta_india
2026-07-31T02:30:00+00:00,53.23,53.31,53.06,53.14,22166.0,real_delta_india
2026-07-31T03:00:00+00:00,53.15,53.15,52.97,53.06,26060.0,real_delta_india
2026-07-31T03:30:00+00:00,53.05,53.12,53.0,53.0,15750.0,real_delta_india
2026-07-31T04:00:00+00:00,53.01,53.17,53.01,53.17,39303.0,real_delta_india
2026-07-31T04:30:00+00:00,53.18,53.26,53.13,53.26,52137.0,real_delta_india
2026-07-31T05:00:00+00:00,53.26,53.36,53.22,53.26,23723.0,real_delta_india
2026-07-31T05:30:00+00:00,53.21,53.24,52.91,53.01,55108.0,real_delta_india
2026-07-31T06:00:00+00:00,53.03,53.22,52.95,53.17,38520.0,real_delta_india
2026-07-31T06:30:00+00:00,53.2,53.2,52.93,52.94,25252.0,real_delta_india
2026-07-31T07:00:00+00:00,52.92,52.92,52.72,52.86,69025.0,real_delta_india
2026-07-31T07:30:00+00:00,52.82,53.04,52.77,52.88,41275.0,real_delta_india
2026-07-31T08:00:00+00:00,52.88,52.96,52.74,52.77,21819.0,real_delta_india
2026-07-31T08:30:00+00:00,52.74,52.88,52.7,52.83,31445.0,real_delta_india
2026-07-31T09:00:00+00:00,52.85,52.86,52.65,52.68,32736.0,real_delta_india
2026-07-31T09:30:00+00:00,52.68,52.74,52.59,52.66,41060.0,real_delta_india
2026-07-31T10:00:00+00:00,52.63,52.75,52.61,52.62,17133.0,real_delta_india
2026-07-31T10:30:00+00:00,52.68,52.74,52.54,52.58,33862.0,real_delta_india
2026-07-31T11:00:00+00:00,52.58,52.71,52.47,52.61,86453.0,real_delta_india
2026-07-31T11:30:00+00:00,52.67,52.68,52.38,52.56,87760.0,real_delta_india
2026-07-31T12:00:00+00:00,52.53,52.61,52.31,52.37,98293.0,real_delta_india
2026-07-31T12:30:00+00:00,52.34,52.48,52.3,52.34,62990.0,real_delta_india
2026-07-31T13:00:00+00:00,52.34,52.34,51.97,52.23,114318.0,real_delta_india
2026-07-31T13:30:00+00:00,52.22,52.25,51.85,51.96,103227.0,real_delta_india
2026-07-31T14:00:00+00:00,51.97,52.16,51.8,52.06,108392.0,real_delta_india
2026-07-31T14:30:00+00:00,52.13,52.42,52.11,52.28,121538.0,real_delta_india
2026-07-31T15:00:00+00:00,52.29,52.39,52.1,52.1,58746.0,real_delta_india
2026-07-31T15:30:00+00:00,52.11,52.27,52.04,52.21,47357.0,real_delta_india
2026-07-31T16:00:00+00:00,52.23,52.27,52.12,52.23,10518.0,real_delta_india
2026-07-31T16:30:00+00:00,52.25,52.35,52.17,52.2,15511.0,real_delta_india
2026-07-31T17:00:00+00:00,52.2,52.5,52.15,52.45,21968.0,real_delta_india
2026-07-31T17:30:00+00:00,52.48,52.59,52.42,52.56,61897.0,real_delta_india
2026-07-31T18:00:00+00:00,52.58,52.6,52.47,52.56,24237.0,real_delta_india
2026-07-31T18:30:00+00:00,52.57,52.64,52.52,52.64,10256.0,real_delta_india
2026-07-31T19:00:00+00:00,52.67,52.68,52.55,52.61,20311.0,real_delta_india
2026-07-31T19:30:00+00:00,52.63,52.66,52.51,52.66,5025.0,real_delta_india
2026-07-31T20:00:00+00:00,52.62,52.62,52.42,52.49,9429.0,real_delta_india
2026-07-31T20:30:00+00:00,52.5,52.59,52.32,52.32,6281.0,real_delta_india
2026-07-31T21:00:00+00:00,52.38,52.44,52.36,52.44,597.0,real_delta_india
2026-07-31T21:30:00+00:00,52.44,52.49,52.44,52.46,153.0,real_delta_india
2026-07-31T22:00:00+00:00,52.5,52.52,52.49,52.52,1658.0,real_delta_india
2026-07-31T22:30:00+00:00,52.52,52.52,52.49,52.52,1065.0,real_delta_india
2026-07-31T23:00:00+00:00,52.52,52.52,52.52,52.52,221.0,real_delta_india
2026-07-31T23:30:00+00:00,52.48,52.51,52.43,52.47,2027.0,real_delta_india
2026-08-01T00:00:00+00:00,52.45,52.49,52.45,52.48,1269.0,real_delta_india
2026-08-01T00:30:00+00:00,52.52,52.52,52.49,52.49,724.0,real_delta_india
2026-08-01T01:00:00+00:00,52.47,52.5,52.47,52.49,313.0,real_delta_india
2026-08-01T01:30:00+00:00,52.46,52.5,52.46,52.5,705.0,real_delta_india
2026-08-01T02:00:00+00:00,52.49,52.5,52.44,52.47,30702.0,real_delta_india
2026-08-01T02:30:00+00:00,52.47,52.5,52.45,52.45,3070.0,real_delta_india
2026-08-01T03:00:00+00:00,52.45,52.5,52.45,52.45,2320.0,real_delta_india
2026-08-01T03:30:00+00:00,52.45,52.48,52.44,52.45,497.0,real_delta_india
2026-08-01T04:00:00+00:00,52.48,52.48,52.45,52.45,665.0,real_delta_india
2026-08-01T04:30:00+00:00,52.48,52.5,52.44,52.5,2619.0,real_delta_india
2026-08-01T05:00:00+00:00,52.47,52.52,52.45,52.49,16440.0,real_delta_india
2026-08-01T05:30:00+00:00,52.51,52.54,52.48,52.54,806.0,real_delta_india
2026-08-01T06:00:00+00:00,52.54,52.54,52.48,52.48,1933.0,real_delta_india
2026-08-01T06:30:00+00:00,52.48,52.53,52.48,52.5,166.0,real_delta_india
2026-08-01T07:00:00+00:00,52.53,52.53,52.45,52.5,1009.0,real_delta_india
2026-08-01T07:30:00+00:00,52.5,52.5,52.47,52.47,399.0,real_delta_india
2026-08-01T08:00:00+00:00,52.47,52.5,52.46,52.46,2165.0,real_delta_india
2026-08-01T08:30:00+00:00,52.49,52.49,52.46,52.46,1125.0,real_delta_india
2026-08-01T09:00:00+00:00,52.49,52.49,52.46,52.46,1516.0,real_delta_india
2026-08-01T09:30:00+00:00,52.49,52.5,52.47,52.5,279.0,real_delta_india
2026-08-01T10:00:00+00:00,52.5,52.5,52.47,52.47,1381.0,real_delta_india
2026-08-01T10:30:00+00:00,52.48,52.5,52.47,52.48,433.0,real_delta_india
2026-08-01T11:00:00+00:00,52.48,52.48,52.47,52.48,95.0,real_delta_india
2026-08-01T11:30:00+00:00,52.47,52.48,52.47,52.47,1790.0,real_delta_india
2026-08-01T12:00:00+00:00,52.47,52.5,52.47,52.5,1301.0,real_delta_india
2026-08-01T12:30:00+00:00,52.47,52.5,52.47,52.47,2389.0,real_delta_india
2026-08-01T13:00:00+00:00,52.5,52.5,52.47,52.5,1013.0,real_delta_india
2026-08-01T13:30:00+00:00,52.5,52.5,52.46,52.46,593.0,real_delta_india
2026-08-01T14:00:00+00:00,52.46,52.49,52.46,52.49,3434.0,real_delta_india
2026-08-01T14:30:00+00:00,52.47,52.49,52.42,52.42,3355.0,real_delta_india
2026-08-01T15:00:00+00:00,52.43,52.46,52.43,52.46,713.0,real_delta_india
2026-08-01T15:30:00+00:00,52.43,52.46,52.42,52.45,1376.0,real_delta_india
2026-08-01T16:00:00+00:00,52.45,52.45,52.37,52.38,2035.0,real_delta_india
2026-08-01T16:30:00+00:00,52.4,52.41,52.37,52.39,1558.0,real_delta_india
2026-08-01T17:00:00+00:00,52.39,52.39,52.36,52.39,7867.0,real_delta_india
2026-08-01T17:30:00+00:00,52.39,52.39,52.31,52.34,9722.0,real_delta_india
2026-08-01T18:00:00+00:00,52.38,52.38,52.27,52.33,10484.0,real_delta_india
2026-08-01T18:30:00+00:00,52.28,52.36,52.24,52.36,75549.0,real_delta_india
2026-08-01T19:00:00+00:00,52.37,52.52,52.34,52.52,11405.0,real_delta_india
2026-08-01T19:30:00+00:00,52.39,52.51,52.39,52.51,171.0,real_delta_india
2026-08-01T20:00:00+00:00,52.39,52.5,52.39,52.39,189.0,real_delta_india
2026-08-01T20:30:00+00:00,52.39,52.39,52.37,52.37,213.0,real_delta_india
2026-08-01T21:00:00+00:00,52.48,52.55,52.37,52.55,2025.0,real_delta_india
2026-08-01T21:30:00+00:00,52.37,52.43,52.32,52.43,142.0,real_delta_india
2026-08-01T22:00:00+00:00,52.43,52.43,52.43,52.43,0.0,real_delta_india
2026-08-01T22:30:00+00:00,52.43,52.57,52.33,52.57,425.0,real_delta_india
2026-08-01T23:00:00+00:00,52.57,52.57,52.34,52.34,338.0,real_delta_india
2026-08-01T23:30:00+00:00,52.56,52.56,52.55,52.56,176.0,real_delta_india
2026-08-02T00:00:00+00:00,52.55,52.55,52.42,52.42,26.0,real_delta_india
2026-08-02T00:30:00+00:00,52.55,52.55,52.42,52.42,250.0,real_delta_india
2026-08-02T01:00:00+00:00,52.43,52.7,52.43,52.7,2089.0,real_delta_india
2026-08-02T01:30:00+00:00,52.7,52.7,52.42,52.65,1816.0,real_delta_india
2026-08-02T02:00:00+00:00,52.48,52.73,52.48,52.67,2221.0,real_delta_india
2026-08-02T02:30:00+00:00,52.61,52.78,52.6,52.61,2522.0,real_delta_india
2026-08-02T03:00:00+00:00,52.72,53.11,52.64,52.78,13459.0,real_delta_india
2026-08-02T03:30:00+00:00,53.09,53.11,52.78,53.04,18798.0,real_delta_india
2026-08-02T04:00:00+00:00,53.04,53.35,52.96,53.35,39735.0,real_delta_india
2026-08-02T04:30:00+00:00,53.14,53.35,52.97,53.08,21491.0,real_delta_india
2026-08-02T05:00:00+00:00,53.13,53.25,53.01,53.2,8470.0,real_delta_india
2026-08-02T05:30:00+00:00,53.21,53.37,53.05,53.24,11357.0,real_delta_india
2026-08-02T06:00:00+00:00,53.2,53.33,53.15,53.19,5337.0,real_delta_india
2026-08-02T06:30:00+00:00,53.19,53.32,53.07,53.3,11445.0,real_delta_india
2026-08-02T07:00:00+00:00,53.09,53.33,53.07,53.15,13637.0,real_delta_india
2026-08-02T07:30:00+00:00,53.25,53.32,53.16,53.23,1568.0,real_delta_india
2026-08-02T08:00:00+00:00,53.22,53.32,53.21,53.22,8443.0,real_delta_india
2026-08-02T08:30:00+00:00,53.23,53.3,53.19,53.21,6468.0,real_delta_india
2026-08-02T09:00:00+00:00,53.24,53.24,53.18,53.22,7239.0,real_delta_india
2026-08-02T09:30:00+00:00,53.2,53.23,53.11,53.18,14548.0,real_delta_india
2026-08-02T10:00:00+00:00,53.2,53.21,53.12,53.2,3788.0,real_delta_india
2026-08-02T10:30:00+00:00,53.19,53.2,53.17,53.18,1983.0,real_delta_india
2026-08-02T11:00:00+00:00,53.15,53.19,53.12,53.16,2289.0,real_delta_india
2026-08-02T11:30:00+00:00,53.13,53.16,52.9,52.9,10904.0,real_delta_india
2026-08-02T12:00:00+00:00,53.1,53.11,52.92,52.98,1601.0,real_delta_india
2026-08-02T12:30:00+00:00,52.98,53.13,52.98,53.08,11529.0,real_delta_india
2026-08-02T13:00:00+00:00,53.08,53.18,53.08,53.15,2601.0,real_delta_india
2026-08-02T13:30:00+00:00,53.16,53.2,53.14,53.19,3241.0,real_delta_india
2026-08-02T14:00:00+00:00,53.16,53.22,53.16,53.2,1617.0,real_delta_india
2026-08-02T14:30:00+00:00,53.18,53.25,53.18,53.2,9895.0,real_delta_india
2026-08-02T15:00:00+00:00,53.2,53.2,53.14,53.17,2889.0,real_delta_india
2026-08-02T15:30:00+00:00,53.17,53.21,53.14,53.21,639.0,real_delta_india
2026-08-02T16:00:00+00:00,53.21,53.26,53.15,53.26,9658.0,real_delta_india
2026-08-02T16:30:00+00:00,53.26,53.33,53.13,53.19,3296.0,real_delta_india
2026-08-02T17:00:00+00:00,53.29,53.36,53.23,53.25,1686.0,real_delta_india
2026-08-02T17:30:00+00:00,53.25,53.31,53.25,53.28,730.0,real_delta_india
2026-08-02T18:00:00+00:00,53.29,53.55,53.09,53.33,22502.0,real_delta_india
2026-08-02T18:30:00+00:00,53.3,53.46,53.3,53.38,1738.0,real_delta_india
2026-08-02T19:00:00+00:00,53.42,53.48,53.36,53.37,1222.0,real_delta_india
2026-08-02T19:30:00+00:00,53.43,53.59,53.31,53.56,1643.0,real_delta_india
2026-08-02T20:00:00+00:00,53.57,53.6,53.3,53.42,2495.0,real_delta_india
2026-08-02T20:30:00+00:00,53.6,53.71,53.46,53.57,9467.0,real_delta_india
2026-08-02T21:00:00+00:00,53.52,53.74,53.52,53.59,595.0,real_delta_india
2026-08-02T21:30:00+00:00,53.69,53.74,53.46,53.71,1164.0,real_delta_india
2026-08-02T22:00:00+00:00,53.44,53.44,52.63,53.04,32753.0,real_delta_india
2026-08-02T22:30:00+00:00,53.07,53.13,52.87,52.97,2218.0,real_delta_india
2026-08-02T23:00:00+00:00,52.97,53.03,52.91,53.03,13750.0,real_delta_india
2026-08-02T23:30:00+00:00,52.99,52.99,52.89,52.97,3256.0,real_delta_india
2026-08-03T00:00:00+00:00,52.99,53.07,52.67,52.71,8237.0,real_delta_india
2026-08-03T00:30:00+00:00,52.74,52.84,52.6,52.67,17649.0,real_delta_india
2026-08-03T01:00:00+00:00,52.6,52.97,52.55,52.85,26876.0,real_delta_india
2026-08-03T01:30:00+00:00,52.84,52.88,52.73,52.86,10403.0,real_delta_india
2026-08-03T02:00:00+00:00,52.92,52.93,52.75,52.81,4371.0,real_delta_india
2026-08-03T02:30:00+00:00,52.77,52.88,52.65,52.83,10129.0,real_delta_india
2026-08-03T03:00:00+00:00,52.84,52.91,52.8,52.8,8384.0,real_delta_india
2026-08-03T03:30:00+00:00,52.8,52.92,52.8,52.9,6061.0,real_delta_india
2026-08-03T04:00:00+00:00,52.89,53.05,52.89,53.05,23190.0,real_delta_india
2026-08-03T04:30:00+00:00,53.05,53.19,52.99,52.99,37378.0,real_delta_india
2026-08-03T05:00:00+00:00,52.97,53.02,52.78,52.85,56918.0,real_delta_india
2026-08-03T05:30:00+00:00,52.8,52.84,52.51,52.84,45909.0,real_delta_india
2026-08-03T06:00:00+00:00,52.83,53.22,52.75,53.01,75759.0,real_delta_india
2026-08-03T06:30:00+00:00,53.03,53.03,52.8,52.8,52368.0,real_delta_india
2026-08-03T07:00:00+00:00,52.8,52.83,52.53,52.69,65674.0,real_delta_india
2026-08-03T07:30:00+00:00,52.71,52.98,52.71,52.96,38518.0,real_delta_india
2026-08-03T08:00:00+00:00,52.94,52.95,52.83,52.87,21806.0,real_delta_india
2026-08-03T08:30:00+00:00,52.86,53.05,52.83,52.97,21135.0,real_delta_india
2026-08-03T09:00:00+00:00,52.99,53.05,52.86,52.87,18929.0,real_delta_india
2026-08-03T09:30:00+00:00,52.87,52.93,52.77,52.88,14801.0,real_delta_india
2026-08-03T10:00:00+00:00,52.88,52.88,52.76,52.79,14910.0,real_delta_india
2026-08-03T10:30:00+00:00,52.78,52.78,52.61,52.7,16088.0,real_delta_india
2026-08-03T11:00:00+00:00,52.72,52.72,52.54,52.6,18919.0,real_delta_india
2026-08-03T11:30:00+00:00,52.58,52.77,52.5,52.7,28254.0,real_delta_india
2026-08-03T12:00:00+00:00,52.67,52.75,52.37,52.41,59921.0,real_delta_india
2026-08-03T12:30:00+00:00,52.41,52.46,52.19,52.19,46938.0,real_delta_india
2026-08-03T13:00:00+00:00,52.35,52.41,51.46,51.55,162159.0,real_delta_india
2026-08-03T13:30:00+00:00,51.51,51.95,51.43,51.9,87257.0,real_delta_india
2026-08-03T14:00:00+00:00,51.9,52.06,51.84,51.89,98565.0,real_delta_india
2026-08-03T14:30:00+00:00,51.86,52.09,51.86,52.08,38477.0,real_delta_india
2026-08-03T15:00:00+00:00,52.08,52.23,51.97,52.03,33255.0,real_delta_india
2026-08-03T15:30:00+00:00,51.99,52.27,51.96,52.21,22034.0,real_delta_india
2026-08-03T16:00:00+00:00,52.23,52.27,52.12,52.2,17574.0,real_delta_india
2026-08-03T16:30:00+00:00,52.2,52.46,52.2,52.42,46994.0,real_delta_india
2026-08-03T17:00:00+00:00,52.39,52.49,52.28,52.37,19998.0,real_delta_india
2026-08-03T17:30:00+00:00,52.38,52.51,52.35,52.35,25950.0,real_delta_india
2026-08-03T18:00:00+00:00,52.38,52.63,52.35,52.6,29891.0,real_delta_india
2026-08-03T18:30:00+00:00,52.61,52.64,52.54,52.6,29034.0,real_delta_india
2026-08-03T19:00:00+00:00,52.61,52.86,52.61,52.79,39138.0,real_delta_india
2026-08-03T19:30:00+00:00,52.8,52.87,52.7,52.71,51538.0,real_delta_india
2026-08-03T20:00:00+00:00,52.7,52.8,52.67,52.8,5435.0,real_delta_india
2026-08-03T20:30:00+00:00,52.85,52.88,52.83,52.87,15442.0,real_delta_india
2026-08-03T21:00:00+00:00,52.86,52.89,52.85,52.88,2974.0,real_delta_india
2026-08-03T21:30:00+00:00,52.87,52.9,52.86,52.86,3482.0,real_delta_india
2026-08-03T22:00:00+00:00,52.88,52.88,52.72,52.76,775.0,real_delta_india
2026-08-03T22:30:00+00:00,52.77,52.8,52.77,52.79,1414.0,real_delta_india
2026-08-03T23:00:00+00:00,52.78,52.83,52.75,52.79,3035.0,real_delta_india
2026-08-03T23:30:00+00:00,52.76,52.91,52.75,52.87,4920.0,real_delta_india
2026-08-04T00:00:00+00:00,52.87,53.2,52.87,52.98,32108.0,real_delta_india
2026-08-04T00:30:00+00:00,52.96,53.01,52.78,52.78,23574.0,real_delta_india
2026-08-04T01:00:00+00:00,52.76,53.0,52.66,52.98,31364.0,real_delta_india
2026-08-04T01:30:00+00:00,53.04,53.45,52.97,53.31,62763.0,real_delta_india
2026-08-04T02:00:00+00:00,53.3,53.36,53.2,53.33,36849.0,real_delta_india
2026-08-04T02:30:00+00:00,53.3,53.44,53.25,53.27,26928.0,real_delta_india
2026-08-04T03:00:00+00:00,53.3,53.42,53.23,53.4,21672.0,real_delta_india
2026-08-04T03:30:00+00:00,53.37,53.39,53.25,53.31,25846.0,real_delta_india
2026-08-04T04:00:00+00:00,53.31,53.52,53.28,53.5,29908.0,real_delta_india
2026-08-04T04:30:00+00:00,53.52,53.65,53.49,53.58,48939.0,real_delta_india
2026-08-04T05:00:00+00:00,53.57,53.59,53.35,53.54,55783.0,real_delta_india
2026-08-04T05:30:00+00:00,53.6,53.63,53.43,53.6,58186.0,real_delta_india
2026-08-04T06:00:00+00:00,53.59,53.7,53.5,53.51,30619.0,real_delta_india
2026-08-04T06:30:00+00:00,53.51,53.55,53.4,53.54,13398.0,real_delta_india
2026-08-04T07:00:00+00:00,53.56,53.67,53.02,53.61,85681.0,real_delta_india
2026-08-04T07:30:00+00:00,53.6,53.64,53.5,53.56,19728.0,real_delta_india
2026-08-04T08:00:00+00:00,53.58,53.76,53.49,53.54,38558.0,real_delta_india
2026-08-04T08:30:00+00:00,53.55,53.58,53.36,53.39,36900.0,real_delta_india
2026-08-04T09:00:00+00:00,53.37,53.39,53.22,53.33,94728.0,real_delta_india
2026-08-04T09:30:00+00:00,53.34,53.43,53.3,53.37,21754.0,real_delta_india
2026-08-04T10:00:00+00:00,53.38,53.38,53.27,53.31,2645.0,real_delta_india
2026-08-04T10:30:00+00:00,53.31,53.64,53.2,53.44,67515.0,real_delta_india
2026-08-04T11:00:00+00:00,53.45,53.68,53.39,53.67,37934.0,real_delta_india
2026-08-04T11:30:00+00:00,53.69,54.03,53.59,54.02,151309.0,real_delta_india
2026-08-04T12:00:00+00:00,54.03,54.1,53.7,54.1,128197.0,real_delta_india
2026-08-04T12:30:00+00:00,54.1,54.43,54.09,54.32,151205.0,real_delta_india
2026-08-04T13:00:00+00:00,54.36,54.36,53.9,54.24,60411.0,real_delta_india
2026-08-04T13:30:00+00:00,54.2,54.48,54.12,54.19,66405.0,real_delta_india
2026-08-04T14:00:00+00:00,54.21,54.35,53.99,54.08,45472.0,real_delta_india
2026-08-04T14:30:00+00:00,54.03,54.09,53.86,54.08,31842.0,real_delta_india
2026-08-04T15:00:00+00:00,54.09,54.13,53.87,53.95,45305.0,real_delta_india
2026-08-04T15:30:00+00:00,54.01,54.31,53.95,54.22,25070.0,real_delta_india
2026-08-04T16:00:00+00:00,54.23,54.39,54.13,54.36,39355.0,real_delta_india
2026-08-04T16:30:00+00:00,54.3,54.39,54.23,54.34,33478.0,real_delta_india
2026-08-04T17:00:00+00:00,54.32,54.51,54.27,54.35,61724.0,real_delta_india
2026-08-04T17:30:00+00:00,54.34,54.45,54.27,54.32,18457.0,real_delta_india
2026-08-04T18:00:00+00:00,54.29,54.31,54.19,54.25,22607.0,real_delta_india
2026-08-04T18:30:00+00:00,54.23,54.25,54.06,54.15,17780.0,real_delta_india
2026-08-04T19:00:00+00:00,54.1,54.23,54.09,54.15,11810.0,real_delta_india
2026-08-04T19:30:00+00:00,54.14,54.21,54.07,54.12,8619.0,real_delta_india
2026-08-04T20:00:00+00:00,54.08,54.13,53.99,54.01,13858.0,real_delta_india
2026-08-04T20:30:00+00:00,54.02,54.08,54.01,54.08,1893.0,real_delta_india
2026-08-04T21:00:00+00:00,54.06,54.11,54.06,54.09,5284.0,real_delta_india
2026-08-04T21:30:00+00:00,54.1,54.1,54.1,54.1,2127.0,real_delta_india
2026-08-04T22:00:00+00:00,54.07,54.08,54.04,54.06,6409.0,real_delta_india
2026-08-04T22:30:00+00:00,54.09,54.13,54.05,54.05,3295.0,real_delta_india
2026-08-04T23:00:00+00:00,54.03,54.03,53.96,53.97,2166.0,real_delta_india
2026-08-04T23:30:00+00:00,53.99,54.0,53.93,53.97,7601.0,real_delta_india
2026-08-05T00:00:00+00:00,53.99,54.14,53.94,54.14,17645.0,real_delta_india
2026-08-05T00:30:00+00:00,54.16,54.25,54.1,54.25,5965.0,real_delta_india
2026-08-05T01:00:00+00:00,54.22,54.29,54.08,54.11,27527.0,real_delta_india
2026-08-05T01:30:00+00:00,54.14,54.42,54.12,54.38,32958.0,real_delta_india
2026-08-05T02:00:00+00:00,54.41,54.43,54.29,54.41,28797.0,real_delta_india
2026-08-05T02:30:00+00:00,54.37,55.25,54.37,55.13,202174.0,real_delta_india
2026-08-05T03:00:00+00:00,55.09,55.33,55.05,55.23,51080.0,real_delta_india
2026-08-05T03:30:00+00:00,55.19,55.23,55.12,55.18,36999.0,real_delta_india
2026-08-05T04:00:00+00:00,55.16,55.29,55.14,55.21,28853.0,real_delta_india
2026-08-05T04:30:00+00:00,55.21,55.27,55.09,55.16,38243.0,real_delta_india
2026-08-05T05:00:00+00:00,55.18,55.33,55.13,55.33,30353.0,real_delta_india
2026-08-05T05:30:00+00:00,55.33,55.98,55.33,55.78,222961.0,real_delta_india
2026-08-05T06:00:00+00:00,55.79,55.9,55.73,55.86,51501.0,real_delta_india
2026-08-05T06:30:00+00:00,55.82,56.2,55.82,56.15,39108.0,real_delta_india
2026-08-05T07:00:00+00:00,56.13,56.19,55.88,55.93,59493.0,real_delta_india
2026-08-05T07:30:00+00:00,55.85,56.13,55.83,56.13,38455.0,real_delta_india
2026-08-05T08:00:00+00:00,56.12,56.15,55.77,55.87,34384.0,real_delta_india
2026-08-05T08:30:00+00:00,55.84,55.98,55.74,55.78,23015.0,real_delta_india
2026-08-05T09:00:00+00:00,55.79,55.95,55.74,55.76,18543.0,real_delta_india
2026-08-05T09:30:00+00:00,55.75,55.9,55.73,55.78,15854.0,real_delta_india
2026-08-05T10:00:00+00:00,55.76,55.77,55.56,55.56,46654.0,real_delta_india
2026-08-05T10:30:00+00:00,55.56,55.63,55.45,55.63,52156.0,real_delta_india
2026-08-05T11:00:00+00:00,55.64,56.1,55.63,56.0,63561.0,real_delta_india
2026-08-05T11:30:00+00:00,56.05,56.33,56.0,56.27,73037.0,real_delta_india
2026-08-05T12:00:00+00:00,56.28,56.74,56.25,56.49,232694.0,real_delta_india
2026-08-05T12:30:00+00:00,56.57,56.57,55.8,55.82,107380.0,real_delta_india
2026-08-05T13:00:00+00:00,55.84,56.39,55.83,56.33,111052.0,real_delta_india
2026-08-05T13:30:00+00:00,56.33,56.6,56.11,56.58,91584.0,real_delta_india
2026-08-05T14:00:00+00:00,56.58,56.97,56.56,56.68,136240.0,real_delta_india
2026-08-05T14:30:00+00:00,56.66,56.73,56.35,56.49,172849.0,real_delta_india
2026-08-05T15:00:00+00:00,56.48,56.82,56.46,56.54,81984.0,real_delta_india
2026-08-05T15:30:00+00:00,56.54,56.76,56.08,56.21,102090.0,real_delta_india
2026-08-05T16:00:00+00:00,56.2,56.43,56.04,56.41,67400.0,real_delta_india
2026-08-05T16:30:00+00:00,56.46,56.52,56.31,56.34,39649.0,real_delta_india
2026-08-05T17:00:00+00:00,56.37,56.38,56.22,56.38,33959.0,real_delta_india
2026-08-05T17:30:00+00:00,56.35,56.51,56.33,56.45,48776.0,real_delta_india
2026-08-05T18:00:00+00:00,56.44,56.66,56.37,56.58,72320.0,real_delta_india
2026-08-05T18:30:00+00:00,56.56,56.57,56.42,56.47,31227.0,real_delta_india
2026-08-05T19:00:00+00:00,56.52,56.55,56.41,56.44,11683.0,real_delta_india
2026-08-05T19:30:00+00:00,56.4,56.41,56.28,56.28,10118.0,real_delta_india
2026-08-05T20:00:00+00:00,56.35,56.37,56.24,56.24,3832.0,real_delta_india
2026-08-05T20:30:00+00:00,56.28,56.36,56.28,56.34,10469.0,real_delta_india
2026-08-05T21:00:00+00:00,56.35,56.45,56.33,56.36,4280.0,real_delta_india
2026-08-05T21:30:00+00:00,56.39,56.43,56.38,56.43,1761.0,real_delta_india
2026-08-05T22:00:00+00:00,56.38,56.41,56.33,56.41,2247.0,real_delta_india
2026-08-05T22:30:00+00:00,56.43,56.43,56.31,56.34,2164.0,real_delta_india
2026-08-05T23:00:00+00:00,56.36,56.46,56.36,56.45,1586.0,real_delta_india
2026-08-05T23:30:00+00:00,56.45,56.6,56.38,56.5,41507.0,real_delta_india
2026-08-06T00:00:00+00:00,56.4,56.62,56.38,56.49,22387.0,real_delta_india
2026-08-06T00:30:00+00:00,56.46,56.93,56.46,56.89,33693.0,real_delta_india
2026-08-06T01:00:00+00:00,56.92,57.09,56.32,56.37,86905.0,real_delta_india
2026-08-06T01:30:00+00:00,56.37,56.67,56.37,56.49,47837.0,real_delta_india
2026-08-06T02:00:00+00:00,56.48,56.77,56.48,56.64,47885.0,real_delta_india
2026-08-06T02:30:00+00:00,56.5,56.66,56.39,56.55,37934.0,real_delta_india
2026-08-06T03:00:00+00:00,56.55,56.6,56.23,56.29,29065.0,real_delta_india
2026-08-06T03:30:00+00:00,56.32,56.39,56.23,56.39,19806.0,real_delta_india
2026-08-06T04:00:00+00:00,56.39,56.46,56.25,56.29,33086.0,real_delta_india
2026-08-06T04:30:00+00:00,56.32,56.47,56.32,56.43,20524.0,real_delta_india
2026-08-06T05:00:00+00:00,56.42,56.47,56.14,56.14,23933.0,real_delta_india
2026-08-06T05:30:00+00:00,56.12,56.46,55.93,56.42,83166.0,real_delta_india
2026-08-06T06:00:00+00:00,56.4,56.4,56.12,56.2,78766.0,real_delta_india
2026-08-06T06:30:00+00:00,56.2,56.2,55.87,55.99,70260.0,real_delta_india
2026-08-06T07:00:00+00:00,55.96,56.25,55.93,56.14,55337.0,real_delta_india
2026-08-06T07:30:00+00:00,56.17,56.19,55.99,56.19,80905.0,real_delta_india
2026-08-06T08:00:00+00:00,56.19,56.29,56.07,56.2,97595.0,real_delta_india
2026-08-06T08:30:00+00:00,56.26,56.39,56.12,56.39,92149.0,real_delta_india
2026-08-06T09:00:00+00:00,56.26,56.39,56.19,56.27,76740.0,real_delta_india
2026-08-06T09:30:00+00:00,56.33,56.34,56.1,56.18,33188.0,real_delta_india
2026-08-06T10:00:00+00:00,56.18,56.18,56.02,56.14,29194.0,real_delta_india
2026-08-06T10:30:00+00:00,56.17,56.2,56.02,56.07,66792.0,real_delta_india
2026-08-06T11:00:00+00:00,56.09,56.12,55.93,56.06,26142.0,real_delta_india
2026-08-06T11:30:00+00:00,56.1,56.15,55.94,56.09,43434.0,real_delta_india
2026-08-06T12:00:00+00:00,56.13,56.15,55.83,55.94,59402.0,real_delta_india
2026-08-06T12:30:00+00:00,55.89,56.12,55.6,55.62,136056.0,real_delta_india
2026-08-06T13:00:00+00:00,55.65,55.88,55.44,55.74,152254.0,real_delta_india
2026-08-06T13:30:00+00:00,55.74,56.11,55.7,55.95,65473.0,real_delta_india
2026-08-06T14:00:00+00:00,55.97,56.06,55.82,55.94,43216.0,real_delta_india
2026-08-06T14:30:00+00:00,55.91,56.07,55.83,55.96,48564.0,real_delta_india
2026-08-06T15:00:00+00:00,56.05,56.05,55.56,55.74,58372.0,real_delta_india
2026-08-06T15:30:00+00:00,55.76,55.76,55.38,55.46,56575.0,real_delta_india
2026-08-06T16:00:00+00:00,55.5,55.66,55.29,55.43,53719.0,real_delta_india
2026-08-06T16:30:00+00:00,55.45,55.73,55.43,55.67,36651.0,real_delta_india
2026-08-06T17:00:00+00:00,55.68,55.76,55.66,55.66,26892.0,real_delta_india
2026-08-06T17:30:00+00:00,55.64,55.84,55.62,55.8,20849.0,real_delta_india
2026-08-06T18:00:00+00:00,55.81,55.87,55.75,55.82,16135.0,real_delta_india
2026-08-06T18:30:00+00:00,55.82,55.91,55.77,55.85,11488.0,real_delta_india
2026-08-06T19:00:00+00:00,55.84,56.11,55.84,55.87,33221.0,real_delta_india
2026-08-06T19:30:00+00:00,55.86,56.14,55.8,56.1,19544.0,real_delta_india
2026-08-06T20:00:00+00:00,56.1,56.16,55.92,55.92,1682.0,real_delta_india
2026-08-06T20:30:00+00:00,55.93,55.95,55.83,55.9,2624.0,real_delta_india
2026-08-06T21:00:00+00:00,55.92,55.95,55.9,55.91,1444.0,real_delta_india
2026-08-06T21:30:00+00:00,55.95,55.98,55.93,55.93,387.0,real_delta_india
2026-08-06T22:00:00+00:00,55.86,55.86,55.78,55.85,6294.0,real_delta_india
2026-08-06T22:30:00+00:00,55.89,55.9,55.83,55.87,1885.0,real_delta_india
2026-08-06T23:00:00+00:00,55.86,55.94,55.84,55.91,1439.0,real_delta_india
2026-08-06T23:30:00+00:00,55.92,56.01,55.92,55.97,8757.0,real_delta_india
2026-08-07T00:00:00+00:00,55.93,55.97,55.71,55.8,5871.0,real_delta_india
2026-08-07T00:30:00+00:00,55.73,55.81,55.54,55.54,17714.0,real_delta_india
2026-08-07T01:00:00+00:00,55.54,56.1,55.54,56.06,27466.0,real_delta_india
2026-08-07T01:30:00+00:00,56.08,56.42,56.01,56.39,109834.0,real_delta_india
2026-08-07T02:00:00+00:00,56.39,56.59,56.37,56.52,37075.0,real_delta_india
2026-08-07T02:30:00+00:00,56.45,56.49,56.21,56.29,26973.0,real_delta_india
2026-08-07T03:00:00+00:00,56.31,56.51,56.31,56.47,19318.0,real_delta_india
2026-08-07T03:30:00+00:00,56.5,56.63,56.46,56.61,34403.0,real_delta_india
2026-08-07T04:00:00+00:00,56.59,56.68,56.48,56.51,35988.0,real_delta_india
2026-08-07T04:30:00+00:00,56.57,56.63,56.48,56.54,13755.0,real_delta_india
2026-08-07T05:00:00+00:00,56.54,56.6,56.47,56.51,25248.0,real_delta_india
2026-08-07T05:30:00+00:00,56.56,57.03,56.52,57.01,69534.0,real_delta_india
2026-08-07T06:00:00+00:00,57.0,57.87,56.94,57.54,153144.0,real_delta_india
2026-08-07T06:30:00+00:00,57.5,58.0,57.46,57.9,108490.0,real_delta_india
2026-08-07T07:00:00+00:00,57.93,57.93,57.66,57.78,65889.0,real_delta_india
2026-08-07T07:30:00+00:00,57.75,58.07,57.75,58.01,103170.0,real_delta_india
2026-08-07T08:00:00+00:00,58.0,58.47,57.6,58.17,169507.0,real_delta_india
2026-08-07T08:30:00+00:00,58.19,58.51,58.14,58.3,124860.0,real_delta_india
2026-08-07T09:00:00+00:00,58.39,58.45,58.3,58.35,39801.0,real_delta_india
2026-08-07T09:30:00+00:00,58.37,58.67,58.34,58.49,109955.0,real_delta_india
2026-08-07T10:00:00+00:00,58.48,58.5,58.32,58.38,51010.0,real_delta_india
2026-08-07T10:30:00+00:00,58.39,58.55,58.37,58.37,16048.0,real_delta_india
2026-08-07T11:00:00+00:00,58.43,58.48,58.04,58.22,109040.0,real_delta_india
2026-08-07T11:30:00+00:00,58.26,58.36,58.08,58.21,52078.0,real_delta_india
2026-08-07T12:00:00+00:00,58.2,58.33,57.85,58.04,90408.0,real_delta_india
2026-08-07T12:30:00+00:00,58.2,59.17,58.2,58.74,199155.0,real_delta_india
2026-08-07T13:00:00+00:00,58.74,58.78,57.92,58.23,177534.0,real_delta_india
2026-08-07T13:30:00+00:00,58.29,58.42,57.85,58.0,116416.0,real_delta_india
2026-08-07T14:00:00+00:00,57.98,58.03,57.48,57.87,126463.0,real_delta_india
2026-08-07T14:30:00+00:00,57.88,57.9,57.5,57.53,91144.0,real_delta_india
2026-08-07T15:00:00+00:00,57.53,57.89,57.5,57.68,35520.0,real_delta_india
2026-08-07T15:30:00+00:00,57.63,57.74,57.48,57.51,27345.0,real_delta_india
2026-08-07T16:00:00+00:00,57.5,57.73,57.35,57.51,53554.0,real_delta_india
2026-08-07T16:30:00+00:00,57.47,57.51,57.29,57.33,47512.0,real_delta_india
2026-08-07T17:00:00+00:00,57.32,57.5,57.27,57.45,34925.0,real_delta_india
2026-08-07T17:30:00+00:00,57.46,57.59,57.32,57.51,29927.0,real_delta_india
2026-08-07T18:00:00+00:00,57.49,57.57,57.33,57.37,25620.0,real_delta_india
2026-08-07T18:30:00+00:00,57.4,57.56,57.4,57.49,6359.0,real_delta_india
2026-08-07T19:00:00+00:00,57.6,57.82,57.55,57.72,37767.0,real_delta_india
2026-08-07T19:30:00+00:00,57.76,57.82,57.62,57.74,10735.0,real_delta_india
2026-08-07T20:00:00+00:00,57.7,57.74,57.57,57.57,16496.0,real_delta_india
2026-08-07T20:30:00+00:00,57.57,57.78,57.55,57.77,4520.0,real_delta_india
2026-08-07T21:00:00+00:00,57.8,57.86,57.72,57.84,10496.0,real_delta_india
2026-08-07T21:30:00+00:00,57.87,57.9,57.81,57.83,4790.0,real_delta_india
2026-08-07T22:00:00+00:00,57.78,57.94,57.75,57.93,9977.0,real_delta_india
2026-08-07T22:30:00+00:00,57.93,58.07,57.9,57.92,3223.0,real_delta_india
2026-08-07T23:00:00+00:00,57.92,58.04,57.91,57.96,6795.0,real_delta_india
2026-08-07T23:30:00+00:00,57.97,58.0,57.93,57.96,3142.0,real_delta_india
2026-08-08T00:00:00+00:00,57.98,58.18,57.98,58.11,8918.0,real_delta_india
2026-08-08T00:30:00+00:00,58.18,58.19,58.09,58.15,5852.0,real_delta_india
2026-08-08T01:00:00+00:00,58.15,58.21,58.1,58.11,10852.0,real_delta_india
2026-08-08T01:30:00+00:00,58.13,58.13,57.98,58.04,16140.0,real_delta_india
2026-08-08T02:00:00+00:00,58.01,58.04,57.91,57.97,12821.0,real_delta_india
2026-08-08T02:30:00+00:00,57.95,57.98,57.87,57.88,14927.0,real_delta_india
2026-08-08T03:00:00+00:00,57.86,57.94,57.85,57.85,9803.0,real_delta_india
2026-08-08T03:30:00+00:00,57.85,57.92,57.83,57.9,9037.0,real_delta_india
2026-08-08T04:00:00+00:00,57.9,57.94,57.86,57.91,3448.0,real_delta_india
2026-08-08T04:30:00+00:00,57.88,57.92,57.86,57.87,4459.0,real_delta_india
2026-08-08T05:00:00+00:00,57.87,57.9,57.84,57.89,1633.0,real_delta_india
2026-08-08T05:30:00+00:00,57.89,57.89,57.84,57.87,3254.0,real_delta_india
2026-08-08T06:00:00+00:00,57.87,57.89,57.84,57.89,2581.0,real_delta_india
2026-08-08T06:30:00+00:00,57.89,57.9,57.86,57.86,3074.0,real_delta_india
2026-08-08T07:00:00+00:00,57.9,57.92,57.87,57.92,1744.0,real_delta_india
2026-08-08T07:30:00+00:00,57.92,57.97,57.88,57.97,3436.0,real_delta_india
2026-08-08T08:00:00+00:00,57.96,58.0,57.92,57.95,6471.0,real_delta_india
2026-08-08T08:30:00+00:00,57.96,57.96,57.89,57.9,2959.0,real_delta_india
2026-08-08T09:00:00+00:00,57.91,57.98,57.91,57.94,1253.0,real_delta_india
2026-08-08T09:30:00+00:00,57.93,57.96,57.9,57.96,6674.0,real_delta_india
2026-08-08T10:00:00+00:00,57.96,57.96,57.93,57.93,734.0,real_delta_india
2026-08-08T10:30:00+00:00,57.92,57.92,57.87,57.91,1617.0,real_delta_india
2026-08-08T11:00:00+00:00,57.88,57.92,57.86,57.92,208.0,real_delta_india
2026-08-08T11:30:00+00:00,57.92,57.92,57.89,57.92,3225.0,real_delta_india
2026-08-08T12:00:00+00:00,57.89,57.92,57.87,57.91,4791.0,real_delta_india
2026-08-08T12:30:00+00:00,57.88,57.92,57.88,57.92,903.0,real_delta_india
2026-08-08T13:00:00+00:00,57.89,57.92,57.87,57.9,3365.0,real_delta_india
2026-08-08T13:30:00+00:00,57.87,57.91,57.86,57.91,6638.0,real_delta_india
2026-08-08T14:00:00+00:00,57.89,57.92,57.87,57.89,1537.0,real_delta_india
2026-08-08T14:30:00+00:00,57.89,57.92,57.86,57.91,4310.0,real_delta_india
2026-08-08T15:00:00+00:00,57.91,57.91,57.87,57.91,2410.0,real_delta_india
2026-08-08T15:30:00+00:00,57.91,57.91,57.86,57.9,522.0,real_delta_india
2026-08-08T16:00:00+00:00,57.91,57.93,57.86,57.86,18201.0,real_delta_india
2026-08-08T16:30:00+00:00,57.89,57.91,57.86,57.88,4017.0,real_delta_india
2026-08-08T17:00:00+00:00,57.88,57.91,57.85,57.87,2283.0,real_delta_india
2026-08-08T17:30:00+00:00,57.86,57.89,57.85,57.85,1817.0,real_delta_india
2026-08-08T18:00:00+00:00,57.88,57.91,57.85,57.86,3867.0,real_delta_india
2026-08-08T18:30:00+00:00,57.9,57.91,57.87,57.91,1007.0,real_delta_india
2026-08-08T19:00:00+00:00,57.91,57.91,57.9,57.9,35.0,real_delta_india
2026-08-08T19:30:00+00:00,57.9,57.9,57.88,57.88,28.0,real_delta_india
2026-08-08T20:00:00+00:00,57.9,57.9,57.87,57.9,743.0,real_delta_india
2026-08-08T20:30:00+00:00,57.9,57.9,57.87,57.89,1058.0,real_delta_india
2026-08-08T21:00:00+00:00,57.89,57.89,57.85,57.85,6618.0,real_delta_india
2026-08-08T21:30:00+00:00,57.85,57.88,57.84,57.84,2049.0,real_delta_india
2026-08-08T22:00:00+00:00,57.9,57.92,57.87,57.92,299.0,real_delta_india
2026-08-08T22:30:00+00:00,57.91,57.92,57.9,57.9,29.0,real_delta_india
2026-08-08T23:00:00+00:00,57.93,57.99,57.93,57.99,3854.0,real_delta_india
2026-08-08T23:30:00+00:00,57.99,57.99,57.98,57.98,85.0,real_delta_india
2026-08-09T00:00:00+00:00,57.94,57.94,57.91,57.93,183.0,real_delta_india
2026-08-09T00:30:00+00:00,57.93,57.93,57.9,57.9,230.0,real_delta_india
2026-08-09T01:00:00+00:00,57.92,57.93,57.9,57.9,1996.0,real_delta_india
2026-08-09T01:30:00+00:00,57.9,57.92,57.89,57.89,561.0,real_delta_india
2026-08-09T02:00:00+00:00,57.92,57.92,57.89,57.9,854.0,real_delta_india
2026-08-09T02:30:00+00:00,57.9,57.91,57.88,57.91,458.0,real_delta_india
2026-08-09T03:00:00+00:00,57.88,57.91,57.88,57.91,197.0,real_delta_india
2026-08-09T03:30:00+00:00,57.91,57.91,57.89,57.89,1266.0,real_delta_india
2026-08-09T04:00:00+00:00,57.92,57.92,57.89,57.89,2100.0,real_delta_india
2026-08-09T04:30:00+00:00,57.93,57.94,57.91,57.91,1007.0,real_delta_india
2026-08-09T05:00:00+00:00,57.91,57.94,57.9,57.9,525.0,real_delta_india
2026-08-09T05:30:00+00:00,57.93,57.93,57.9,57.9,22.0,real_delta_india
2026-08-09T06:00:00+00:00,57.93,57.93,57.9,57.93,2558.0,real_delta_india
2026-08-09T06:30:00+00:00,57.93,57.95,57.87,57.89,18292.0,real_delta_india
2026-08-09T07:00:00+00:00,57.92,57.92,57.89,57.92,636.0,real_delta_india
2026-08-09T07:30:00+00:00,57.93,57.95,57.89,57.95,4030.0,real_delta_india
2026-08-09T08:00:00+00:00,57.92,57.98,57.89,57.89,1439.0,real_delta_india
2026-08-09T08:30:00+00:00,57.92,57.94,57.89,57.91,201.0,real_delta_india
2026-08-09T09:00:00+00:00,57.95,57.96,57.92,57.93,291.0,real_delta_india
2026-08-09T09:30:00+00:00,57.93,57.96,57.91,57.94,3752.0,real_delta_india
2026-08-09T10:00:00+00:00,57.91,57.93,57.86,57.86,5305.0,real_delta_india
2026-08-09T10:30:00+00:00,57.86,57.88,57.84,57.88,1599.0,real_delta_india
2026-08-09T11:00:00+00:00,57.86,57.95,57.86,57.89,1982.0,real_delta_india
2026-08-09T11:30:00+00:00,57.89,57.93,57.89,57.9,3323.0,real_delta_india
2026-08-09T12:00:00+00:00,57.91,57.94,57.89,57.9,1930.0,real_delta_india
2026-08-09T12:30:00+00:00,57.89,57.92,57.89,57.92,4314.0,real_delta_india
2026-08-09T13:00:00+00:00,57.91,57.96,57.9,57.93,1257.0,real_delta_india
2026-08-09T13:30:00+00:00,57.94,57.97,57.93,57.97,2034.0,real_delta_india
2026-08-09T14:00:00+00:00,57.97,57.97,57.95,57.97,2923.0,real_delta_india
2026-08-09T14:30:00+00:00,57.96,58.0,57.96,57.99,2508.0,real_delta_india
2026-08-09T15:00:00+00:00,58.0,58.13,57.97,58.12,18030.0,real_delta_india
2026-08-09T15:30:00+00:00,58.12,58.13,58.01,58.08,7261.0,real_delta_india
2026-08-09T16:00:00+00:00,58.11,58.14,58.02,58.05,6662.0,real_delta_india
2026-08-09T16:30:00+00:00,58.02,58.06,57.91,57.95,9007.0,real_delta_india
2026-08-09T17:00:00+00:00,57.95,58.04,57.92,57.97,6300.0,real_delta_india
2026-08-09T17:30:00+00:00,57.94,58.02,57.94,57.98,1870.0,real_delta_india
2026-08-09T18:00:00+00:00,58.0,58.03,57.99,58.02,1667.0,real_delta_india
2026-08-09T18:30:00+00:00,58.01,58.04,57.95,57.98,551.0,real_delta_india
2026-08-09T19:00:00+00:00,57.96,58.03,57.93,58.0,1177.0,real_delta_india
2026-08-09T19:30:00+00:00,57.98,58.03,57.97,58.03,584.0,real_delta_india
2026-08-09T20:00:00+00:00,58.0,58.05,58.0,58.0,3724.0,real_delta_india
2026-08-09T20:30:00+00:00,58.03,58.06,57.91,57.96,13441.0,real_delta_india
2026-08-09T21:00:00+00:00,57.96,57.96,57.65,57.65,24397.0,real_delta_india
2026-08-09T21:30:00+00:00,57.73,57.78,57.59,57.62,2179.0,real_delta_india
2026-08-09T22:00:00+00:00,57.83,57.96,57.56,57.75,6105.0,real_delta_india
2026-08-09T22:30:00+00:00,57.84,57.84,57.77,57.77,2447.0,real_delta_india
2026-08-09T23:00:00+00:00,57.94,58.05,57.92,58.05,2750.0,real_delta_india
2026-08-09T23:30:00+00:00,58.02,58.02,57.66,57.66,2661.0,real_delta_india
2026-08-10T00:00:00+00:00,57.67,58.14,57.67,57.79,10750.0,real_delta_india
2026-08-10T00:30:00+00:00,57.8,57.83,57.5,57.6,12559.0,real_delta_india
2026-08-10T01:00:00+00:00,57.5,57.81,57.22,57.25,61860.0,real_delta_india
2026-08-10T01:30:00+00:00,57.22,57.64,57.2,57.6,26613.0,real_delta_india
2026-08-10T02:00:00+00:00,57.6,57.81,57.54,57.79,11686.0,real_delta_india
2026-08-10T02:30:00+00:00,57.79,57.79,57.48,57.53,18249.0,real_delta_india
2026-08-10T03:00:00+00:00,57.53,57.67,57.44,57.65,18550.0,real_delta_india
2026-08-10T03:30:00+00:00,57.66,57.82,57.64,57.73,5057.0,real_delta_india
2026-08-10T04:00:00+00:00,57.76,58.03,57.7,57.94,22093.0,real_delta_india
2026-08-10T04:30:00+00:00,57.91,58.03,57.87,57.96,22003.0,real_delta_india
2026-08-10T05:00:00+00:00,57.97,57.99,57.84,57.85,15027.0,real_delta_india
2026-08-10T05:30:00+00:00,57.89,58.41,57.77,58.25,69706.0,real_delta_india
2026-08-10T06:00:00+00:00,58.25,58.35,58.14,58.23,37264.0,real_delta_india
2026-08-10T06:30:00+00:00,58.3,58.35,58.18,58.35,12589.0,real_delta_india
2026-08-10T07:00:00+00:00,58.34,58.48,58.19,58.39,44416.0,real_delta_india
2026-08-10T07:30:00+00:00,58.39,58.5,58.33,58.4,59041.0,real_delta_india
2026-08-10T08:00:00+00:00,58.4,58.45,58.3,58.41,24034.0,real_delta_india
2026-08-10T08:30:00+00:00,58.45,58.48,58.17,58.29,52096.0,real_delta_india
2026-08-10T09:00:00+00:00,58.26,58.36,58.25,58.31,8211.0,real_delta_india
2026-08-10T09:30:00+00:00,58.31,58.31,58.17,58.2,11134.0,real_delta_india
2026-08-10T10:00:00+00:00,58.16,58.18,58.06,58.17,27062.0,real_delta_india
2026-08-10T10:30:00+00:00,58.17,58.19,58.01,58.03,27333.0,real_delta_india
2026-08-10T11:00:00+00:00,58.03,58.16,57.93,58.16,34582.0,real_delta_india
2026-08-10T11:30:00+00:00,58.15,58.21,58.06,58.17,32559.0,real_delta_india
2026-08-10T12:00:00+00:00,58.17,58.23,57.88,57.96,27079.0,real_delta_india
2026-08-10T12:30:00+00:00,57.96,58.09,57.9,57.99,42109.0,real_delta_india
2026-08-10T13:00:00+00:00,57.95,58.13,57.73,58.05,98771.0,real_delta_india
2026-08-10T13:30:00+00:00,58.12,58.25,57.77,57.78,85735.0,real_delta_india
2026-08-10T14:00:00+00:00,57.78,58.65,57.78,58.59,53088.0,real_delta_india
2026-08-10T14:30:00+00:00,58.6,58.9,58.55,58.77,162456.0,real_delta_india
2026-08-10T15:00:00+00:00,58.78,58.86,58.56,58.59,119207.0,real_delta_india
2026-08-10T15:30:00+00:00,58.61,59.14,58.6,59.03,85083.0,real_delta_india
2026-08-10T16:00:00+00:00,59.04,59.28,59.02,59.15,158862.0,real_delta_india
2026-08-10T16:30:00+00:00,59.15,59.18,58.8,58.91,99712.0,real_delta_india
2026-08-10T17:00:00+00:00,58.93,59.15,58.84,59.09,44860.0,real_delta_india
2026-08-10T17:30:00+00:00,59.12,59.22,59.02,59.08,41013.0,real_delta_india
2026-08-10T18:00:00+00:00,59.08,59.15,59.01,59.07,13139.0,real_delta_india
2026-08-10T18:30:00+00:00,59.09,59.68,59.09,59.53,125327.0,real_delta_india
2026-08-10T19:00:00+00:00,59.58,59.95,59.57,59.86,71952.0,real_delta_india
2026-08-10T19:30:00+00:00,59.91,59.96,59.61,59.66,23582.0,real_delta_india
2026-08-10T20:00:00+00:00,59.65,59.76,59.61,59.73,19407.0,real_delta_india
2026-08-10T20:30:00+00:00,59.78,59.78,59.65,59.7,10758.0,real_delta_india
2026-08-10T21:00:00+00:00,59.64,59.71,59.64,59.68,13373.0,real_delta_india
2026-08-10T21:30:00+00:00,59.68,59.72,59.66,59.68,4875.0,real_delta_india
2026-08-10T22:00:00+00:00,59.64,59.71,59.64,59.66,4169.0,real_delta_india
2026-08-10T22:30:00+00:00,59.68,59.83,59.66,59.81,6022.0,real_delta_india
2026-08-10T23:00:00+00:00,59.8,59.83,59.64,59.65,2898.0,real_delta_india
2026-08-10T23:30:00+00:00,59.68,59.73,59.61,59.71,3703.0,real_delta_india
2026-08-11T00:00:00+00:00,59.76,60.13,59.69,60.12,34011.0,real_delta_india
2026-08-11T00:30:00+00:00,60.09,60.09,59.64,59.73,44476.0,real_delta_india
2026-08-11T01:00:00+00:00,59.71,60.0,59.4,59.9,91641.0,real_delta_india
2026-08-11T01:30:00+00:00,59.94,60.36,59.75,60.23,130947.0,real_delta_india
2026-08-11T02:00:00+00:00,60.2,60.22,59.98,60.19,27341.0,real_delta_india
2026-08-11T02:30:00+00:00,60.17,60.19,59.51,59.61,52135.0,real_delta_india
2026-08-11T03:00:00+00:00,59.61,59.79,59.61,59.74,24224.0,real_delta_india
2026-08-11T03:30:00+00:00,59.8,59.86,59.7,59.7,7888.0,real_delta_india
2026-08-11T04:00:00+00:00,59.72,59.78,59.61,59.66,18282.0,real_delta_india
2026-08-11T04:30:00+00:00,59.61,59.76,59.3,59.5,105498.0,real_delta_india
2026-08-11T05:00:00+00:00,59.52,59.52,59.07,59.1,70246.0,real_delta_india
2026-08-11T05:30:00+00:00,59.08,59.08,58.57,58.81,109050.0,real_delta_india
2026-08-11T06:00:00+00:00,58.79,58.99,58.42,58.45,87748.0,real_delta_india
2026-08-11T06:30:00+00:00,58.44,58.63,58.34,58.55,94315.0,real_delta_india
2026-08-11T07:00:00+00:00,58.55,58.65,58.43,58.5,27150.0,real_delta_india
2026-08-11T07:30:00+00:00,58.44,58.6,58.4,58.49,20505.0,real_delta_india
2026-08-11T08:00:00+00:00,58.49,58.77,58.49,58.72,61090.0,real_delta_india
2026-08-11T08:30:00+00:00,58.71,58.93,58.7,58.71,38963.0,real_delta_india
2026-08-11T09:00:00+00:00,58.72,58.92,58.66,58.84,28369.0,real_delta_india
2026-08-11T09:30:00+00:00,58.83,58.98,58.83,58.94,16133.0,real_delta_india
2026-08-11T10:00:00+00:00,58.93,59.15,58.84,59.07,53062.0,real_delta_india
2026-08-11T10:30:00+00:00,59.04,59.12,58.98,59.12,42537.0,real_delta_india
2026-08-11T11:00:00+00:00,59.13,59.31,59.05,59.24,90255.0,real_delta_india
2026-08-11T11:30:00+00:00,59.21,59.24,59.1,59.2,34264.0,real_delta_india
2026-08-11T12:00:00+00:00,59.1,59.29,58.9,58.95,94694.0,real_delta_india
2026-08-11T12:30:00+00:00,58.98,59.11,58.83,58.88,98789.0,real_delta_india
2026-08-11T13:00:00+00:00,58.9,59.13,58.83,58.95,61622.0,real_delta_india
2026-08-11T13:30:00+00:00,58.95,59.25,58.72,58.86,114095.0,real_delta_india
2026-08-11T14:00:00+00:00,58.84,59.02,58.8,58.88,54720.0,real_delta_india
2026-08-11T14:30:00+00:00,58.94,59.1,58.9,58.99,25164.0,real_delta_india
2026-08-11T15:00:00+00:00,58.99,59.13,58.79,58.87,28561.0,real_delta_india
2026-08-11T15:30:00+00:00,58.88,58.95,58.42,58.93,117499.0,real_delta_india
2026-08-11T16:00:00+00:00,58.99,59.12,58.86,59.06,61071.0,real_delta_india
2026-08-11T16:30:00+00:00,59.02,59.07,58.87,58.94,27913.0,real_delta_india
2026-08-11T17:00:00+00:00,58.92,59.0,58.75,58.78,22781.0,real_delta_india
2026-08-11T17:30:00+00:00,58.78,58.87,58.59,58.61,36665.0,real_delta_india
2026-08-11T18:00:00+00:00,58.6,58.66,58.42,58.5,58000.0,real_delta_india
2026-08-11T18:30:00+00:00,58.46,58.76,58.46,58.69,11705.0,real_delta_india
2026-08-11T19:00:00+00:00,58.69,58.72,58.55,58.72,10963.0,real_delta_india
2026-08-11T19:30:00+00:00,58.73,58.82,58.66,58.8,10632.0,real_delta_india
2026-08-11T20:00:00+00:00,58.72,58.77,58.66,58.69,3601.0,real_delta_india
2026-08-11T20:30:00+00:00,58.71,58.76,58.69,58.71,39212.0,real_delta_india
2026-08-11T21:00:00+00:00,58.75,58.76,58.72,58.73,389.0,real_delta_india
2026-08-11T21:30:00+00:00,58.72,58.75,58.68,58.72,501.0,real_delta_india
2026-08-11T22:00:00+00:00,58.74,58.9,58.74,58.9,5832.0,real_delta_india
2026-08-11T22:30:00+00:00,58.87,58.89,58.8,58.83,3277.0,real_delta_india
2026-08-11T23:00:00+00:00,58.77,58.84,58.75,58.82,1883.0,real_delta_india
2026-08-11T23:30:00+00:00,58.81,58.81,58.72,58.79,5387.0,real_delta_india
2026-08-12T00:00:00+00:00,58.75,58.97,58.74,58.93,11682.0,real_delta_india
2026-08-12T00:30:00+00:00,58.97,59.02,58.83,58.91,13195.0,real_delta_india
2026-08-12T01:00:00+00:00,58.95,59.16,58.9,59.0,20756.0,real_delta_india
2026-08-12T01:30:00+00:00,58.98,59.09,58.85,59.06,9860.0,real_delta_india
2026-08-12T02:00:00+00:00,59.05,59.19,59.01,59.09,11275.0,real_delta_india
2026-08-12T02:30:00+00:00,59.06,59.5,59.01,59.36,42891.0,real_delta_india
2026-08-12T03:00:00+00:00,59.4,59.67,59.35,59.41,57745.0,real_delta_india
2026-08-12T03:30:00+00:00,59.4,59.43,59.29,59.3,21598.0,real_delta_india
2026-08-12T04:00:00+00:00,59.3,59.3,59.08,59.19,34108.0,real_delta_india
2026-08-12T04:30:00+00:00,59.18,59.34,59.15,59.29,21024.0,real_delta_india
2026-08-12T05:00:00+00:00,59.3,59.33,59.02,59.11,29240.0,real_delta_india
2026-08-12T05:30:00+00:00,59.09,59.26,58.95,59.24,35419.0,real_delta_india
2026-08-12T06:00:00+00:00,59.23,59.36,59.11,59.31,22299.0,real_delta_india
2026-08-12T06:30:00+00:00,59.33,59.91,59.28,59.81,103694.0,real_delta_india
2026-08-12T07:00:00+00:00,59.85,59.94,59.72,59.86,67982.0,real_delta_india
2026-08-12T07:30:00+00:00,59.8,60.04,59.78,59.96,50407.0,real_delta_india
2026-08-12T08:00:00+00:00,59.91,60.13,59.89,60.13,49105.0,real_delta_india
2026-08-12T08:30:00+00:00,60.15,60.18,59.98,60.03,53792.0,real_delta_india
2026-08-12T09:00:00+00:00,60.04,60.62,60.0,60.34,166438.0,real_delta_india
2026-08-12T09:30:00+00:00,60.34,60.37,60.19,60.29,72648.0,real_delta_india
2026-08-12T10:00:00+00:00,60.28,60.29,60.2,60.26,47012.0,real_delta_india
2026-08-12T10:30:00+00:00,60.22,60.25,59.97,60.16,59094.0,real_delta_india
2026-08-12T11:00:00+00:00,60.15,60.26,60.02,60.24,56115.0,real_delta_india
2026-08-12T11:30:00+00:00,60.23,60.26,60.12,60.17,36150.0,real_delta_india
2026-08-12T12:00:00+00:00,60.17,60.37,59.82,60.32,128533.0,real_delta_india
2026-08-12T12:30:00+00:00,60.37,60.72,59.63,60.32,234523.0,real_delta_india
2026-08-12T13:00:00+00:00,60.38,60.42,59.7,59.78,120586.0,real_delta_india
2026-08-12T13:30:00+00:00,59.75,60.1,59.55,60.0,118376.0,real_delta_india
2026-08-12T14:00:00+00:00,60.03,60.18,59.83,59.98,87706.0,real_delta_india
2026-08-12T14:30:00+00:00,60.08,60.12,59.74,59.74,56562.0,real_delta_india
2026-08-12T15:00:00+00:00,59.74,59.91,59.58,59.7,94815.0,real_delta_india
2026-08-12T15:30:00+00:00,59.72,59.79,59.43,59.71,52689.0,real_delta_india
2026-08-12T16:00:00+00:00,59.7,59.78,59.52,59.57,29852.0,real_delta_india
2026-08-12T16:30:00+00:00,59.55,59.55,59.07,59.22,119166.0,real_delta_india
2026-08-12T17:00:00+00:00,59.23,59.5,59.15,59.48,47619.0,real_delta_india
2026-08-12T17:30:00+00:00,59.46,59.52,59.31,59.31,40478.0,real_delta_india
2026-08-12T18:00:00+00:00,59.33,59.51,59.21,59.43,32369.0,real_delta_india
2026-08-12T18:30:00+00:00,59.44,59.55,59.4,59.43,23907.0,real_delta_india
2026-08-12T19:00:00+00:00,59.44,59.54,59.38,59.4,46716.0,real_delta_india
2026-08-12T19:30:00+00:00,59.38,59.39,59.22,59.32,15616.0,real_delta_india
2026-08-12T20:00:00+00:00,59.33,59.34,59.18,59.25,9837.0,real_delta_india
2026-08-12T20:30:00+00:00,59.23,59.31,59.2,59.31,3680.0,real_delta_india
2026-08-12T21:00:00+00:00,59.32,59.32,59.25,59.25,1463.0,real_delta_india
2026-08-12T21:30:00+00:00,59.25,59.31,59.24,59.28,2216.0,real_delta_india
2026-08-12T22:00:00+00:00,59.28,59.28,59.05,59.08,3978.0,real_delta_india
2026-08-12T22:30:00+00:00,59.13,59.14,59.03,59.09,11790.0,real_delta_india
2026-08-12T23:00:00+00:00,59.12,59.24,59.1,59.21,7376.0,real_delta_india
2026-08-12T23:30:00+00:00,59.22,59.29,59.18,59.29,1053.0,real_delta_india
2026-08-13T00:00:00+00:00,59.3,59.96,59.3,59.79,52672.0,real_delta_india
2026-08-13T00:30:00+00:00,59.77,60.19,59.65,59.67,70305.0,real_delta_india
2026-08-13T01:00:00+00:00,59.65,59.91,59.53,59.56,28093.0,real_delta_india
2026-08-13T01:30:00+00:00,59.57,59.84,59.3,59.39,23672.0,real_delta_india
2026-08-13T02:00:00+00:00,59.36,59.54,59.34,59.46,14366.0,real_delta_india
2026-08-13T02:30:00+00:00,59.42,59.42,58.91,59.39,49505.0,real_delta_india
2026-08-13T03:00:00+00:00,59.36,59.5,59.24,59.38,40555.0,real_delta_india
2026-08-13T03:30:00+00:00,59.43,59.51,59.22,59.29,28181.0,real_delta_india
2026-08-13T04:00:00+00:00,59.26,59.28,59.08,59.23,68753.0,real_delta_india
2026-08-13T04:30:00+00:00,59.23,59.33,59.21,59.33,10367.0,real_delta_india
2026-08-13T05:00:00+00:00,59.33,59.56,59.23,59.56,41649.0,real_delta_india
2026-08-13T05:30:00+00:00,59.46,59.46,58.93,59.0,49503.0,real_delta_india
2026-08-13T06:00:00+00:00,59.03,59.13,58.84,58.91,45634.0,real_delta_india
2026-08-13T06:30:00+00:00,58.91,58.96,58.73,58.86,54873.0,real_delta_india
2026-08-13T07:00:00+00:00,58.81,58.83,58.65,58.67,32313.0,real_delta_india
2026-08-13T07:30:00+00:00,58.7,58.77,58.68,58.75,1464.0,real_delta_india
