timestamp,open,high,low,close,volume,source
2026-07-02T15:45:00+00:00,55.5,55.54,55.39,55.5,29500.0,real_delta_india
2026-07-02T16:00:00+00:00,55.52,55.52,55.27,55.42,21076.0,real_delta_india
2026-07-02T16:15:00+00:00,55.42,55.45,55.17,55.17,38825.0,real_delta_india
2026-07-02T16:30:00+00:00,55.18,55.25,54.91,55.2,55196.0,real_delta_india
2026-07-02T16:45:00+00:00,55.2,55.35,55.18,55.21,32514.0,real_delta_india
2026-07-02T17:00:00+00:00,55.25,55.3,55.08,55.2,27892.0,real_delta_india
2026-07-02T17:15:00+00:00,55.19,55.2,54.87,54.98,25822.0,real_delta_india
2026-07-02T17:30:00+00:00,55.03,55.08,54.88,54.88,9737.0,real_delta_india
2026-07-02T17:45:00+00:00,54.86,55.02,54.86,54.9,11436.0,real_delta_india
2026-07-02T18:00:00+00:00,54.92,55.23,54.89,55.12,18910.0,real_delta_india
2026-07-02T18:15:00+00:00,55.16,55.2,55.0,55.2,8935.0,real_delta_india
2026-07-02T18:30:00+00:00,55.21,55.33,55.16,55.16,28447.0,real_delta_india
2026-07-02T18:45:00+00:00,55.17,55.26,55.12,55.21,19873.0,real_delta_india
2026-07-02T19:00:00+00:00,55.22,55.25,54.95,54.97,21869.0,real_delta_india
2026-07-02T19:15:00+00:00,54.98,55.01,54.78,54.98,18524.0,real_delta_india
2026-07-02T19:30:00+00:00,54.97,55.07,54.97,55.06,4673.0,real_delta_india
2026-07-02T19:45:00+00:00,55.03,55.35,55.02,55.27,13068.0,real_delta_india
2026-07-02T20:00:00+00:00,55.25,55.29,55.18,55.2,11207.0,real_delta_india
2026-07-02T20:15:00+00:00,55.24,55.37,55.22,55.3,11331.0,real_delta_india
2026-07-02T20:30:00+00:00,55.29,55.31,55.24,55.27,682.0,real_delta_india
2026-07-02T20:45:00+00:00,55.27,55.4,55.23,55.39,8846.0,real_delta_india
2026-07-02T21:00:00+00:00,55.38,55.41,55.37,55.38,1630.0,real_delta_india
2026-07-02T21:15:00+00:00,55.37,55.41,55.36,55.36,3615.0,real_delta_india
2026-07-02T21:30:00+00:00,55.37,55.42,55.37,55.4,440.0,real_delta_india
2026-07-02T21:45:00+00:00,55.4,55.44,55.39,55.44,244.0,real_delta_india
2026-07-02T22:00:00+00:00,55.46,55.46,55.34,55.34,1221.0,real_delta_india
2026-07-02T22:15:00+00:00,55.34,55.37,55.32,55.33,3669.0,real_delta_india
2026-07-02T22:30:00+00:00,55.35,55.4,55.34,55.34,643.0,real_delta_india
2026-07-02T22:45:00+00:00,55.4,55.42,55.4,55.42,648.0,real_delta_india
2026-07-02T23:00:00+00:00,55.4,55.45,55.37,55.42,267.0,real_delta_india
2026-07-02T23:15:00+00:00,55.41,55.5,55.36,55.47,534.0,real_delta_india
2026-07-02T23:30:00+00:00,55.5,55.54,55.36,55.44,4805.0,real_delta_india
2026-07-02T23:45:00+00:00,55.4,55.52,55.4,55.5,2357.0,real_delta_india
2026-07-03T00:00:00+00:00,55.47,55.66,55.42,55.62,6285.0,real_delta_india
2026-07-03T00:15:00+00:00,55.53,55.64,55.52,55.57,3824.0,real_delta_india
2026-07-03T00:30:00+00:00,55.54,55.66,55.49,55.56,2595.0,real_delta_india
2026-07-03T00:45:00+00:00,55.56,55.84,55.55,55.81,11846.0,real_delta_india
2026-07-03T01:00:00+00:00,55.79,56.35,55.68,56.29,41867.0,real_delta_india
2026-07-03T01:15:00+00:00,56.29,56.56,56.22,56.4,37127.0,real_delta_india
2026-07-03T01:30:00+00:00,56.41,56.72,56.35,56.42,46476.0,real_delta_india
2026-07-03T01:45:00+00:00,56.35,56.55,56.33,56.5,14808.0,real_delta_india
2026-07-03T02:00:00+00:00,56.49,56.6,56.4,56.57,12771.0,real_delta_india
2026-07-03T02:15:00+00:00,56.56,56.58,56.49,56.57,8121.0,real_delta_india
2026-07-03T02:30:00+00:00,56.58,56.84,56.58,56.75,20428.0,real_delta_india
2026-07-03T02:45:00+00:00,56.74,56.77,56.58,56.62,7861.0,real_delta_india
2026-07-03T03:00:00+00:00,56.66,56.66,56.52,56.59,9502.0,real_delta_india
2026-07-03T03:15:00+00:00,56.57,56.6,56.47,56.58,14919.0,real_delta_india
2026-07-03T03:30:00+00:00,56.58,56.6,56.43,56.47,26550.0,real_delta_india
2026-07-03T03:45:00+00:00,56.46,56.53,56.44,56.51,6909.0,real_delta_india
2026-07-03T04:00:00+00:00,56.53,56.68,56.44,56.68,30870.0,real_delta_india
2026-07-03T04:15:00+00:00,56.66,56.89,56.63,56.71,28618.0,real_delta_india
2026-07-03T04:30:00+00:00,56.66,56.69,56.58,56.65,16834.0,real_delta_india
2026-07-03T04:45:00+00:00,56.65,56.7,56.54,56.61,53181.0,real_delta_india
2026-07-03T05:00:00+00:00,56.66,56.71,56.57,56.65,12403.0,real_delta_india
2026-07-03T05:15:00+00:00,56.66,56.7,56.47,56.59,29724.0,real_delta_india
2026-07-03T05:30:00+00:00,56.53,56.82,56.53,56.67,30714.0,real_delta_india
2026-07-03T05:45:00+00:00,56.64,56.72,56.5,56.6,7806.0,real_delta_india
2026-07-03T06:00:00+00:00,56.6,56.64,56.5,56.52,26404.0,real_delta_india
2026-07-03T06:15:00+00:00,56.5,56.57,56.35,56.45,21328.0,real_delta_india
2026-07-03T06:30:00+00:00,56.48,56.66,56.48,56.61,16760.0,real_delta_india
2026-07-03T06:45:00+00:00,56.58,56.71,56.58,56.64,16015.0,real_delta_india
2026-07-03T07:00:00+00:00,56.64,56.81,56.61,56.67,31282.0,real_delta_india
2026-07-03T07:15:00+00:00,56.67,56.83,56.59,56.83,11717.0,real_delta_india
2026-07-03T07:30:00+00:00,56.85,57.06,56.79,56.98,105840.0,real_delta_india
2026-07-03T07:45:00+00:00,57.02,57.06,56.83,56.88,56965.0,real_delta_india
2026-07-03T08:00:00+00:00,56.91,57.1,56.9,56.98,43653.0,real_delta_india
2026-07-03T08:15:00+00:00,56.96,57.01,56.89,56.91,12446.0,real_delta_india
2026-07-03T08:30:00+00:00,56.88,56.98,56.8,56.89,34134.0,real_delta_india
2026-07-03T08:45:00+00:00,56.92,56.94,56.8,56.91,15588.0,real_delta_india
2026-07-03T09:00:00+00:00,56.91,56.92,56.78,56.89,21604.0,real_delta_india
2026-07-03T09:15:00+00:00,56.89,56.94,56.79,56.82,5478.0,real_delta_india
2026-07-03T09:30:00+00:00,56.81,56.87,56.77,56.85,10806.0,real_delta_india
2026-07-03T09:45:00+00:00,56.85,56.88,56.75,56.8,12556.0,real_delta_india
2026-07-03T10:00:00+00:00,56.75,56.92,56.75,56.85,31523.0,real_delta_india
2026-07-03T10:15:00+00:00,56.85,56.88,56.75,56.8,23188.0,real_delta_india
2026-07-03T10:30:00+00:00,56.77,56.79,56.63,56.79,14940.0,real_delta_india
2026-07-03T10:45:00+00:00,56.74,56.77,56.61,56.68,17879.0,real_delta_india
2026-07-03T11:00:00+00:00,56.65,56.71,56.51,56.68,25518.0,real_delta_india
2026-07-03T11:15:00+00:00,56.71,56.75,56.56,56.6,17816.0,real_delta_india
2026-07-03T11:30:00+00:00,56.57,56.7,56.55,56.7,9447.0,real_delta_india
2026-07-03T11:45:00+00:00,56.68,56.73,56.56,56.57,15867.0,real_delta_india
2026-07-03T12:00:00+00:00,56.64,56.64,56.49,56.52,12799.0,real_delta_india
2026-07-03T12:15:00+00:00,56.54,56.54,56.31,56.41,34099.0,real_delta_india
2026-07-03T12:30:00+00:00,56.41,56.59,56.29,56.59,18050.0,real_delta_india
2026-07-03T12:45:00+00:00,56.59,56.7,56.49,56.66,21124.0,real_delta_india
2026-07-03T13:00:00+00:00,56.6,56.71,56.2,56.25,41039.0,real_delta_india
2026-07-03T13:15:00+00:00,56.28,56.55,56.27,56.51,31913.0,real_delta_india
2026-07-03T13:30:00+00:00,56.46,56.47,56.33,56.42,18298.0,real_delta_india
2026-07-03T13:45:00+00:00,56.43,56.54,56.37,56.44,37813.0,real_delta_india
2026-07-03T14:00:00+00:00,56.43,56.57,56.4,56.47,16175.0,real_delta_india
2026-07-03T14:15:00+00:00,56.48,56.6,56.47,56.56,4443.0,real_delta_india
2026-07-03T14:30:00+00:00,56.55,56.55,56.44,56.44,6628.0,real_delta_india
2026-07-03T14:45:00+00:00,56.47,56.69,56.44,56.66,15478.0,real_delta_india
2026-07-03T15:00:00+00:00,56.62,56.76,56.6,56.67,15586.0,real_delta_india
2026-07-03T15:15:00+00:00,56.66,56.72,56.51,56.52,11345.0,real_delta_india
2026-07-03T15:30:00+00:00,56.51,56.58,56.5,56.55,8292.0,real_delta_india
2026-07-03T15:45:00+00:00,56.57,56.59,56.44,56.46,6424.0,real_delta_india
2026-07-03T16:00:00+00:00,56.47,56.57,56.47,56.51,4590.0,real_delta_india
2026-07-03T16:15:00+00:00,56.53,56.59,56.48,56.51,1937.0,real_delta_india
2026-07-03T16:30:00+00:00,56.54,56.56,56.48,56.56,6485.0,real_delta_india
2026-07-03T16:45:00+00:00,56.56,56.65,56.53,56.6,6698.0,real_delta_india
2026-07-03T17:00:00+00:00,56.63,56.67,56.61,56.62,9207.0,real_delta_india
2026-07-03T17:15:00+00:00,56.62,56.67,56.62,56.63,9951.0,real_delta_india
2026-07-03T17:30:00+00:00,56.62,56.64,56.59,56.59,3141.0,real_delta_india
2026-07-03T17:45:00+00:00,56.62,56.67,56.58,56.64,8461.0,real_delta_india
2026-07-03T18:00:00+00:00,56.67,56.67,56.6,56.6,6849.0,real_delta_india
2026-07-03T18:15:00+00:00,56.63,56.65,56.6,56.6,3401.0,real_delta_india
2026-07-03T18:30:00+00:00,56.6,56.63,56.57,56.62,7618.0,real_delta_india
2026-07-03T18:45:00+00:00,56.62,56.66,56.6,56.65,11554.0,real_delta_india
2026-07-03T19:00:00+00:00,56.64,56.64,56.6,56.62,3238.0,real_delta_india
2026-07-03T19:15:00+00:00,56.62,56.64,56.61,56.61,1210.0,real_delta_india
2026-07-03T19:30:00+00:00,56.63,56.67,56.6,56.64,742.0,real_delta_india
2026-07-03T19:45:00+00:00,56.63,56.63,56.59,56.59,541.0,real_delta_india
2026-07-03T20:00:00+00:00,56.59,56.63,56.59,56.6,904.0,real_delta_india
2026-07-03T20:15:00+00:00,56.62,56.65,56.61,56.61,107.0,real_delta_india
2026-07-03T20:30:00+00:00,56.61,56.64,56.61,56.61,1491.0,real_delta_india
2026-07-03T20:45:00+00:00,56.61,56.65,56.6,56.64,2358.0,real_delta_india
2026-07-03T21:00:00+00:00,56.64,56.64,56.61,56.64,973.0,real_delta_india
2026-07-03T21:15:00+00:00,56.62,56.63,56.6,56.6,211.0,real_delta_india
2026-07-03T21:30:00+00:00,56.6,56.64,56.6,56.63,853.0,real_delta_india
2026-07-03T21:45:00+00:00,56.63,56.66,56.61,56.61,1900.0,real_delta_india
2026-07-03T22:00:00+00:00,56.61,56.64,56.61,56.61,194.0,real_delta_india
2026-07-03T22:15:00+00:00,56.62,56.64,56.62,56.62,392.0,real_delta_india
2026-07-03T22:30:00+00:00,56.64,56.64,56.62,56.64,353.0,real_delta_india
2026-07-03T22:45:00+00:00,56.62,56.64,56.62,56.62,11.0,real_delta_india
2026-07-03T23:00:00+00:00,56.65,56.65,56.61,56.62,1859.0,real_delta_india
2026-07-03T23:15:00+00:00,56.64,56.68,56.64,56.68,11.0,real_delta_india
2026-07-03T23:30:00+00:00,56.66,56.69,56.66,56.68,261.0,real_delta_india
2026-07-03T23:45:00+00:00,56.65,56.7,56.65,56.7,193.0,real_delta_india
2026-07-04T00:00:00+00:00,56.65,56.7,56.65,56.68,1206.0,real_delta_india
2026-07-04T00:15:00+00:00,56.65,56.68,56.65,56.68,703.0,real_delta_india
2026-07-04T00:30:00+00:00,56.65,56.68,56.64,56.65,163.0,real_delta_india
2026-07-04T00:45:00+00:00,56.67,56.67,56.64,56.67,735.0,real_delta_india
2026-07-04T01:00:00+00:00,56.66,56.66,56.62,56.62,397.0,real_delta_india
2026-07-04T01:15:00+00:00,56.65,56.66,56.62,56.66,1709.0,real_delta_india
2026-07-04T01:30:00+00:00,56.63,56.66,56.63,56.66,1472.0,real_delta_india
2026-07-04T01:45:00+00:00,56.66,56.66,56.63,56.66,82.0,real_delta_india
2026-07-04T02:00:00+00:00,56.63,56.66,56.63,56.66,1586.0,real_delta_india
2026-07-04T02:15:00+00:00,56.66,56.66,56.63,56.65,461.0,real_delta_india
2026-07-04T02:30:00+00:00,56.66,56.66,56.63,56.63,1917.0,real_delta_india
2026-07-04T02:45:00+00:00,56.63,56.67,56.63,56.66,1156.0,real_delta_india
2026-07-04T03:00:00+00:00,56.66,56.67,56.63,56.66,695.0,real_delta_india
2026-07-04T03:15:00+00:00,56.63,56.66,56.63,56.63,1384.0,real_delta_india
2026-07-04T03:30:00+00:00,56.66,56.66,56.63,56.63,923.0,real_delta_india
2026-07-04T03:45:00+00:00,56.63,56.66,56.63,56.64,1837.0,real_delta_india
2026-07-04T04:00:00+00:00,56.64,56.69,56.64,56.69,3375.0,real_delta_india
2026-07-04T04:15:00+00:00,56.66,56.71,56.64,56.66,9790.0,real_delta_india
2026-07-04T04:30:00+00:00,56.66,56.7,56.66,56.69,2725.0,real_delta_india
2026-07-04T04:45:00+00:00,56.69,56.7,56.66,56.7,1992.0,real_delta_india
2026-07-04T05:00:00+00:00,56.7,56.7,56.66,56.7,2359.0,real_delta_india
2026-07-04T05:15:00+00:00,56.67,56.7,56.65,56.68,1668.0,real_delta_india
2026-07-04T05:30:00+00:00,56.68,56.69,56.65,56.68,2136.0,real_delta_india
2026-07-04T05:45:00+00:00,56.65,56.69,56.65,56.69,2084.0,real_delta_india
2026-07-04T06:00:00+00:00,56.69,56.69,56.65,56.66,1173.0,real_delta_india
2026-07-04T06:15:00+00:00,56.69,56.69,56.63,56.63,1184.0,real_delta_india
2026-07-04T06:30:00+00:00,56.66,56.68,56.63,56.68,2710.0,real_delta_india
2026-07-04T06:45:00+00:00,56.65,56.69,56.65,56.65,689.0,real_delta_india
2026-07-04T07:00:00+00:00,56.67,56.68,56.65,56.66,1852.0,real_delta_india
2026-07-04T07:15:00+00:00,56.66,56.73,56.66,56.66,5572.0,real_delta_india
2026-07-04T07:30:00+00:00,56.66,56.69,56.66,56.66,1204.0,real_delta_india
2026-07-04T07:45:00+00:00,56.67,56.7,56.66,56.7,4474.0,real_delta_india
2026-07-04T08:00:00+00:00,56.67,56.7,56.67,56.7,297.0,real_delta_india
2026-07-04T08:15:00+00:00,56.67,56.7,56.67,56.67,266.0,real_delta_india
2026-07-04T08:30:00+00:00,56.67,56.69,56.66,56.69,689.0,real_delta_india
2026-07-04T08:45:00+00:00,56.66,56.69,56.65,56.65,968.0,real_delta_india
2026-07-04T09:00:00+00:00,56.68,56.68,56.65,56.68,862.0,real_delta_india
2026-07-04T09:15:00+00:00,56.68,56.68,56.65,56.65,257.0,real_delta_india
2026-07-04T09:30:00+00:00,56.68,56.68,56.65,56.65,137.0,real_delta_india
2026-07-04T09:45:00+00:00,56.65,56.68,56.65,56.65,950.0,real_delta_india
2026-07-04T10:00:00+00:00,56.68,56.68,56.65,56.65,749.0,real_delta_india
2026-07-04T10:15:00+00:00,56.65,56.68,56.65,56.65,208.0,real_delta_india
2026-07-04T10:30:00+00:00,56.67,56.67,56.66,56.66,329.0,real_delta_india
2026-07-04T10:45:00+00:00,56.66,56.67,56.66,56.66,215.0,real_delta_india
2026-07-04T11:00:00+00:00,56.66,56.69,56.66,56.66,965.0,real_delta_india
2026-07-04T11:15:00+00:00,56.69,56.71,56.65,56.69,3031.0,real_delta_india
2026-07-04T11:30:00+00:00,56.69,56.7,56.67,56.67,1612.0,real_delta_india
2026-07-04T11:45:00+00:00,56.67,56.7,56.66,56.67,2327.0,real_delta_india
2026-07-04T12:00:00+00:00,56.7,56.72,56.64,56.69,10360.0,real_delta_india
2026-07-04T12:15:00+00:00,56.7,56.71,56.66,56.7,4867.0,real_delta_india
2026-07-04T12:30:00+00:00,56.69,56.7,56.67,56.7,609.0,real_delta_india
2026-07-04T12:45:00+00:00,56.67,56.7,56.65,56.69,2016.0,real_delta_india
2026-07-04T13:00:00+00:00,56.66,56.69,56.6,56.6,3023.0,real_delta_india
2026-07-04T13:15:00+00:00,56.66,56.68,56.64,56.68,231.0,real_delta_india
2026-07-04T13:30:00+00:00,56.65,56.67,56.64,56.67,254.0,real_delta_india
2026-07-04T13:45:00+00:00,56.67,56.67,56.64,56.67,392.0,real_delta_india
2026-07-04T14:00:00+00:00,56.67,56.68,56.65,56.68,352.0,real_delta_india
2026-07-04T14:15:00+00:00,56.68,56.69,56.61,56.65,3556.0,real_delta_india
2026-07-04T14:30:00+00:00,56.65,56.69,56.61,56.64,3107.0,real_delta_india
2026-07-04T14:45:00+00:00,56.63,56.67,56.63,56.67,326.0,real_delta_india
2026-07-04T15:00:00+00:00,56.67,56.67,56.6,56.6,539.0,real_delta_india
2026-07-04T15:15:00+00:00,56.6,56.67,56.6,56.63,2532.0,real_delta_india
2026-07-04T15:30:00+00:00,56.63,56.67,56.62,56.64,597.0,real_delta_india
2026-07-04T15:45:00+00:00,56.67,56.67,56.64,56.67,369.0,real_delta_india
2026-07-04T16:00:00+00:00,56.67,56.69,56.64,56.66,1879.0,real_delta_india
2026-07-04T16:15:00+00:00,56.66,56.7,56.63,56.67,1655.0,real_delta_india
2026-07-04T16:30:00+00:00,56.67,56.67,56.63,56.64,1222.0,real_delta_india
2026-07-04T16:45:00+00:00,56.64,56.67,56.6,56.65,3632.0,real_delta_india
2026-07-04T17:00:00+00:00,56.62,56.66,56.62,56.66,1094.0,real_delta_india
2026-07-04T17:15:00+00:00,56.66,56.66,56.63,56.66,661.0,real_delta_india
2026-07-04T17:30:00+00:00,56.63,56.67,56.63,56.64,321.0,real_delta_india
2026-07-04T17:45:00+00:00,56.64,56.68,56.64,56.64,475.0,real_delta_india
2026-07-04T18:00:00+00:00,56.64,56.68,56.63,56.64,609.0,real_delta_india
2026-07-04T18:15:00+00:00,56.67,56.67,56.64,56.67,1366.0,real_delta_india
2026-07-04T18:30:00+00:00,56.67,56.67,56.6,56.66,1650.0,real_delta_india
2026-07-04T18:45:00+00:00,56.63,56.65,56.61,56.64,1265.0,real_delta_india
2026-07-04T19:00:00+00:00,56.64,57.02,56.64,57.0,6282.0,real_delta_india
2026-07-04T19:15:00+00:00,57.03,57.1,56.87,56.99,4613.0,real_delta_india
2026-07-04T19:30:00+00:00,57.05,57.05,56.96,57.0,1055.0,real_delta_india
2026-07-04T19:45:00+00:00,56.89,56.92,56.84,56.87,1213.0,real_delta_india
2026-07-04T20:00:00+00:00,56.83,56.87,56.8,56.8,1261.0,real_delta_india
2026-07-04T20:15:00+00:00,56.82,56.85,56.79,56.79,1901.0,real_delta_india
2026-07-04T20:30:00+00:00,56.79,56.83,56.79,56.82,1070.0,real_delta_india
2026-07-04T20:45:00+00:00,56.84,56.92,56.84,56.92,6920.0,real_delta_india
2026-07-04T21:00:00+00:00,56.93,56.94,56.89,56.92,633.0,real_delta_india
2026-07-04T21:15:00+00:00,56.9,56.92,56.88,56.88,860.0,real_delta_india
2026-07-04T21:30:00+00:00,56.91,56.92,56.89,56.89,408.0,real_delta_india
2026-07-04T21:45:00+00:00,56.89,56.92,56.89,56.92,283.0,real_delta_india
2026-07-04T22:00:00+00:00,56.9,56.93,56.9,56.93,534.0,real_delta_india
2026-07-04T22:15:00+00:00,56.93,56.93,56.93,56.93,0.0,real_delta_india
2026-07-04T22:30:00+00:00,56.93,56.95,56.9,56.95,156.0,real_delta_india
2026-07-04T22:45:00+00:00,56.9,56.93,56.9,56.93,152.0,real_delta_india
2026-07-04T23:00:00+00:00,56.91,57.01,56.91,56.93,799.0,real_delta_india
2026-07-04T23:15:00+00:00,56.96,57.08,56.96,57.03,731.0,real_delta_india
2026-07-04T23:30:00+00:00,57.01,57.13,56.96,57.09,4808.0,real_delta_india
2026-07-04T23:45:00+00:00,57.11,57.11,57.06,57.08,887.0,real_delta_india
2026-07-05T00:00:00+00:00,57.07,57.07,57.02,57.02,2015.0,real_delta_india
2026-07-05T00:15:00+00:00,57.03,57.06,57.03,57.03,223.0,real_delta_india
2026-07-05T00:30:00+00:00,57.03,57.04,57.01,57.04,757.0,real_delta_india
2026-07-05T00:45:00+00:00,57.01,57.04,56.92,56.97,10167.0,real_delta_india
2026-07-05T01:00:00+00:00,56.98,57.05,56.98,57.03,547.0,real_delta_india
2026-07-05T01:15:00+00:00,56.98,57.05,56.97,57.05,1585.0,real_delta_india
2026-07-05T01:30:00+00:00,57.02,57.05,56.99,56.99,1211.0,real_delta_india
2026-07-05T01:45:00+00:00,57.02,57.02,56.97,57.0,1304.0,real_delta_india
2026-07-05T02:00:00+00:00,56.95,56.98,56.81,56.82,755.0,real_delta_india
2026-07-05T02:15:00+00:00,56.83,56.86,56.78,56.82,805.0,real_delta_india
2026-07-05T02:30:00+00:00,56.85,56.86,56.8,56.8,424.0,real_delta_india
2026-07-05T02:45:00+00:00,56.78,56.84,56.77,56.77,8677.0,real_delta_india
2026-07-05T03:00:00+00:00,56.75,56.82,56.75,56.76,7079.0,real_delta_india
2026-07-05T03:15:00+00:00,56.82,56.82,56.79,56.82,997.0,real_delta_india
2026-07-05T03:30:00+00:00,56.79,56.8,56.75,56.75,296.0,real_delta_india
2026-07-05T03:45:00+00:00,56.8,56.81,56.77,56.78,3319.0,real_delta_india
2026-07-05T04:00:00+00:00,56.81,56.81,56.78,56.81,340.0,real_delta_india
2026-07-05T04:15:00+00:00,56.82,56.89,56.79,56.86,14039.0,real_delta_india
2026-07-05T04:30:00+00:00,56.86,56.91,56.86,56.89,3174.0,real_delta_india
2026-07-05T04:45:00+00:00,56.89,56.89,56.86,56.88,1702.0,real_delta_india
2026-07-05T05:00:00+00:00,56.89,56.89,56.82,56.82,611.0,real_delta_india
2026-07-05T05:15:00+00:00,56.86,56.87,56.82,56.83,398.0,real_delta_india
2026-07-05T05:30:00+00:00,56.82,56.87,56.82,56.82,991.0,real_delta_india
2026-07-05T05:45:00+00:00,56.82,56.86,56.81,56.83,389.0,real_delta_india
2026-07-05T06:00:00+00:00,56.86,56.86,56.8,56.83,1035.0,real_delta_india
2026-07-05T06:15:00+00:00,56.8,56.85,56.8,56.83,303.0,real_delta_india
2026-07-05T06:30:00+00:00,56.83,56.85,56.8,56.85,539.0,real_delta_india
2026-07-05T06:45:00+00:00,56.85,56.87,56.82,56.84,120.0,real_delta_india
2026-07-05T07:00:00+00:00,56.87,56.87,56.8,56.8,508.0,real_delta_india
2026-07-05T07:15:00+00:00,56.83,56.83,56.8,56.8,299.0,real_delta_india
2026-07-05T07:30:00+00:00,56.83,56.83,56.8,56.81,17.0,real_delta_india
2026-07-05T07:45:00+00:00,56.81,56.84,56.81,56.84,1744.0,real_delta_india
2026-07-05T08:00:00+00:00,56.84,56.86,56.81,56.86,180.0,real_delta_india
2026-07-05T08:15:00+00:00,56.86,56.87,56.83,56.87,570.0,real_delta_india
2026-07-05T08:30:00+00:00,56.88,56.89,56.86,56.86,509.0,real_delta_india
2026-07-05T08:45:00+00:00,56.87,56.89,56.87,56.89,3531.0,real_delta_india
2026-07-05T09:00:00+00:00,56.94,56.95,56.9,56.95,338.0,real_delta_india
2026-07-05T09:15:00+00:00,56.92,56.97,56.92,56.96,3326.0,real_delta_india
2026-07-05T09:30:00+00:00,56.96,56.98,56.91,56.94,1739.0,real_delta_india
2026-07-05T09:45:00+00:00,56.95,56.96,56.92,56.96,272.0,real_delta_india
2026-07-05T10:00:00+00:00,56.96,57.02,56.96,56.98,378.0,real_delta_india
2026-07-05T10:15:00+00:00,56.99,57.02,56.99,57.01,278.0,real_delta_india
2026-07-05T10:30:00+00:00,57.0,57.05,57.0,57.05,14305.0,real_delta_india
2026-07-05T10:45:00+00:00,56.98,57.04,56.97,57.03,4276.0,real_delta_india
2026-07-05T11:00:00+00:00,57.03,57.05,56.98,56.98,719.0,real_delta_india
2026-07-05T11:15:00+00:00,57.0,57.0,56.95,56.98,340.0,real_delta_india
2026-07-05T11:30:00+00:00,56.98,57.07,56.97,56.97,27643.0,real_delta_india
2026-07-05T11:45:00+00:00,57.02,57.08,57.01,57.08,976.0,real_delta_india
2026-07-05T12:00:00+00:00,57.03,57.09,57.03,57.06,595.0,real_delta_india
2026-07-05T12:15:00+00:00,57.08,57.11,57.06,57.06,658.0,real_delta_india
2026-07-05T12:30:00+00:00,57.06,57.07,56.98,57.07,1467.0,real_delta_india
2026-07-05T12:45:00+00:00,57.08,57.13,57.05,57.13,1223.0,real_delta_india
2026-07-05T13:00:00+00:00,57.1,57.19,57.1,57.15,3497.0,real_delta_india
2026-07-05T13:15:00+00:00,57.15,57.24,57.15,57.18,2805.0,real_delta_india
2026-07-05T13:30:00+00:00,57.18,57.21,57.16,57.16,773.0,real_delta_india
2026-07-05T13:45:00+00:00,57.17,57.27,57.12,57.12,5206.0,real_delta_india
2026-07-05T14:00:00+00:00,57.12,57.15,57.04,57.09,1850.0,real_delta_india
2026-07-05T14:15:00+00:00,57.07,57.12,57.06,57.11,1530.0,real_delta_india
2026-07-05T14:30:00+00:00,57.11,57.11,57.05,57.09,1466.0,real_delta_india
2026-07-05T14:45:00+00:00,57.06,57.08,57.01,57.02,1860.0,real_delta_india
2026-07-05T15:00:00+00:00,57.02,57.07,56.99,57.05,19315.0,real_delta_india
2026-07-05T15:15:00+00:00,57.05,57.1,57.01,57.07,791.0,real_delta_india
2026-07-05T15:30:00+00:00,57.1,57.34,56.96,57.02,14525.0,real_delta_india
2026-07-05T15:45:00+00:00,57.06,57.1,57.03,57.08,3123.0,real_delta_india
2026-07-05T16:00:00+00:00,57.07,57.09,57.0,57.0,4942.0,real_delta_india
2026-07-05T16:15:00+00:00,57.03,57.05,57.0,57.04,1979.0,real_delta_india
2026-07-05T16:30:00+00:00,57.04,57.08,57.03,57.05,807.0,real_delta_india
2026-07-05T16:45:00+00:00,57.08,57.1,57.05,57.09,201.0,real_delta_india
2026-07-05T17:00:00+00:00,57.07,57.09,57.01,57.02,5378.0,real_delta_india
2026-07-05T17:15:00+00:00,57.03,57.06,57.0,57.04,7867.0,real_delta_india
2026-07-05T17:30:00+00:00,57.0,57.05,56.98,57.0,7675.0,real_delta_india
2026-07-05T17:45:00+00:00,56.98,57.01,56.97,56.98,1398.0,real_delta_india
2026-07-05T18:00:00+00:00,56.98,57.04,56.96,57.04,3825.0,real_delta_india
2026-07-05T18:15:00+00:00,57.02,57.02,56.99,56.99,232.0,real_delta_india
2026-07-05T18:30:00+00:00,56.99,57.03,56.96,56.97,17668.0,real_delta_india
2026-07-05T18:45:00+00:00,57.07,57.08,56.97,57.01,3641.0,real_delta_india
2026-07-05T19:00:00+00:00,56.96,57.01,56.91,56.91,13186.0,real_delta_india
2026-07-05T19:15:00+00:00,56.94,56.95,56.86,56.93,4262.0,real_delta_india
2026-07-05T19:30:00+00:00,56.93,57.09,56.92,56.99,2329.0,real_delta_india
2026-07-05T19:45:00+00:00,56.95,56.96,56.89,56.96,272.0,real_delta_india
2026-07-05T20:00:00+00:00,56.93,57.01,56.93,56.98,159.0,real_delta_india
2026-07-05T20:15:00+00:00,57.01,57.02,56.97,56.97,1045.0,real_delta_india
2026-07-05T20:30:00+00:00,56.98,56.99,56.95,56.96,1567.0,real_delta_india
2026-07-05T20:45:00+00:00,56.93,56.96,56.93,56.93,93.0,real_delta_india
2026-07-05T21:00:00+00:00,56.96,56.96,56.9,56.91,905.0,real_delta_india
2026-07-05T21:15:00+00:00,56.89,56.94,56.89,56.91,598.0,real_delta_india
2026-07-05T21:30:00+00:00,56.93,56.93,56.88,56.88,239.0,real_delta_india
2026-07-05T21:45:00+00:00,56.89,56.98,56.89,56.96,462.0,real_delta_india
2026-07-05T22:00:00+00:00,56.88,57.16,56.75,57.11,3222.0,real_delta_india
2026-07-05T22:15:00+00:00,57.15,57.26,57.1,57.26,2919.0,real_delta_india
2026-07-05T22:30:00+00:00,57.21,57.32,57.21,57.26,14058.0,real_delta_india
2026-07-05T22:45:00+00:00,57.29,57.37,57.26,57.33,2554.0,real_delta_india
2026-07-05T23:00:00+00:00,57.29,57.42,57.25,57.27,4351.0,real_delta_india
2026-07-05T23:15:00+00:00,57.33,57.47,57.31,57.47,1360.0,real_delta_india
2026-07-05T23:30:00+00:00,57.42,57.44,57.2,57.2,1733.0,real_delta_india
2026-07-05T23:45:00+00:00,57.14,57.16,56.92,57.01,15159.0,real_delta_india
2026-07-06T00:00:00+00:00,57.0,57.02,56.76,56.82,2531.0,real_delta_india
2026-07-06T00:15:00+00:00,56.86,56.92,56.69,56.69,4570.0,real_delta_india
2026-07-06T00:30:00+00:00,56.73,57.07,56.73,57.07,5156.0,real_delta_india
2026-07-06T00:45:00+00:00,57.12,57.12,56.73,56.91,11051.0,real_delta_india
2026-07-06T01:00:00+00:00,56.85,57.21,56.72,56.95,14910.0,real_delta_india
2026-07-06T01:15:00+00:00,56.93,56.99,56.63,56.65,6980.0,real_delta_india
2026-07-06T01:30:00+00:00,56.73,56.96,56.69,56.9,7915.0,real_delta_india
2026-07-06T01:45:00+00:00,56.9,57.02,56.66,56.66,9418.0,real_delta_india
2026-07-06T02:00:00+00:00,56.69,56.7,56.45,56.52,14207.0,real_delta_india
2026-07-06T02:15:00+00:00,56.52,56.59,56.44,56.46,13905.0,real_delta_india
2026-07-06T02:30:00+00:00,56.48,56.48,56.22,56.23,16804.0,real_delta_india
2026-07-06T02:45:00+00:00,56.26,56.38,56.23,56.32,12255.0,real_delta_india
2026-07-06T03:00:00+00:00,56.29,56.38,56.1,56.16,27651.0,real_delta_india
2026-07-06T03:15:00+00:00,56.18,56.25,56.14,56.25,5467.0,real_delta_india
2026-07-06T03:30:00+00:00,56.25,56.29,56.06,56.1,17964.0,real_delta_india
2026-07-06T03:45:00+00:00,56.13,56.18,56.05,56.17,5545.0,real_delta_india
2026-07-06T04:00:00+00:00,56.12,56.17,55.99,56.13,9753.0,real_delta_india
2026-07-06T04:15:00+00:00,56.12,56.18,56.06,56.15,4121.0,real_delta_india
2026-07-06T04:30:00+00:00,56.15,56.15,56.07,56.14,3158.0,real_delta_india
2026-07-06T04:45:00+00:00,56.13,56.18,56.08,56.17,4971.0,real_delta_india
2026-07-06T05:00:00+00:00,56.17,56.17,56.04,56.08,2562.0,real_delta_india
2026-07-06T05:15:00+00:00,56.08,56.16,56.05,56.16,3162.0,real_delta_india
2026-07-06T05:30:00+00:00,56.0,56.23,55.95,56.17,12989.0,real_delta_india
2026-07-06T05:45:00+00:00,56.08,56.11,55.9,55.9,9770.0,real_delta_india
2026-07-06T06:00:00+00:00,55.97,56.16,55.9,56.16,10894.0,real_delta_india
2026-07-06T06:15:00+00:00,56.14,56.21,56.05,56.2,7543.0,real_delta_india
2026-07-06T06:30:00+00:00,56.22,56.24,56.05,56.08,11174.0,real_delta_india
2026-07-06T06:45:00+00:00,56.09,56.11,55.95,56.03,5319.0,real_delta_india
2026-07-06T07:00:00+00:00,56.0,56.11,55.95,56.11,3299.0,real_delta_india
2026-07-06T07:15:00+00:00,56.12,56.22,56.09,56.2,10189.0,real_delta_india
2026-07-06T07:30:00+00:00,56.18,56.49,56.18,56.45,13035.0,real_delta_india
2026-07-06T07:45:00+00:00,56.48,56.62,56.44,56.58,13084.0,real_delta_india
2026-07-06T08:00:00+00:00,56.58,56.61,56.34,56.35,15432.0,real_delta_india
2026-07-06T08:15:00+00:00,56.39,56.39,56.3,56.3,3539.0,real_delta_india
2026-07-06T08:30:00+00:00,56.3,56.38,56.24,56.29,10098.0,real_delta_india
2026-07-06T08:45:00+00:00,56.25,56.34,56.14,56.3,13214.0,real_delta_india
2026-07-06T09:00:00+00:00,56.27,56.41,56.26,56.38,6169.0,real_delta_india
2026-07-06T09:15:00+00:00,56.36,56.44,56.25,56.3,6000.0,real_delta_india
2026-07-06T09:30:00+00:00,56.28,56.28,56.12,56.18,11845.0,real_delta_india
2026-07-06T09:45:00+00:00,56.17,56.28,56.15,56.25,3238.0,real_delta_india
2026-07-06T10:00:00+00:00,56.26,56.27,56.16,56.26,4506.0,real_delta_india
2026-07-06T10:15:00+00:00,56.27,56.4,56.25,56.35,12212.0,real_delta_india
2026-07-06T10:30:00+00:00,56.34,56.5,56.34,56.48,12388.0,real_delta_india
2026-07-06T10:45:00+00:00,56.45,56.48,56.37,56.38,6839.0,real_delta_india
2026-07-06T11:00:00+00:00,56.34,56.37,56.25,56.35,9894.0,real_delta_india
2026-07-06T11:15:00+00:00,56.35,56.48,56.31,56.44,3797.0,real_delta_india
2026-07-06T11:30:00+00:00,56.41,56.47,56.35,56.39,2288.0,real_delta_india
2026-07-06T11:45:00+00:00,56.39,56.49,56.33,56.43,3069.0,real_delta_india
2026-07-06T12:00:00+00:00,56.43,56.53,56.35,56.41,16435.0,real_delta_india
2026-07-06T12:15:00+00:00,56.44,56.51,56.24,56.28,5704.0,real_delta_india
2026-07-06T12:30:00+00:00,56.31,56.31,55.8,55.84,30145.0,real_delta_india
2026-07-06T12:45:00+00:00,55.83,56.12,55.79,55.9,27236.0,real_delta_india
2026-07-06T13:00:00+00:00,55.88,56.06,55.76,55.8,30083.0,real_delta_india
2026-07-06T13:15:00+00:00,55.78,56.07,55.66,55.98,38689.0,real_delta_india
2026-07-06T13:30:00+00:00,56.03,56.27,55.98,56.22,117773.0,real_delta_india
2026-07-06T13:45:00+00:00,56.24,56.32,56.08,56.13,16319.0,real_delta_india
2026-07-06T14:00:00+00:00,56.13,56.25,55.94,56.12,14488.0,real_delta_india
2026-07-06T14:15:00+00:00,56.09,56.09,55.86,56.03,27179.0,real_delta_india
2026-07-06T14:30:00+00:00,56.0,56.17,55.84,55.86,23772.0,real_delta_india
2026-07-06T14:45:00+00:00,55.85,56.05,55.79,56.05,30242.0,real_delta_india
2026-07-06T15:00:00+00:00,56.06,56.21,55.95,56.0,38243.0,real_delta_india
2026-07-06T15:15:00+00:00,56.0,56.08,55.96,56.08,3083.0,real_delta_india
2026-07-06T15:30:00+00:00,56.11,56.2,56.06,56.2,5782.0,real_delta_india
2026-07-06T15:45:00+00:00,56.2,56.24,56.07,56.13,7682.0,real_delta_india
2026-07-06T16:00:00+00:00,56.1,56.1,55.94,55.98,9384.0,real_delta_india
2026-07-06T16:15:00+00:00,55.92,56.0,55.85,55.9,13412.0,real_delta_india
2026-07-06T16:30:00+00:00,55.87,56.04,55.87,56.04,5146.0,real_delta_india
2026-07-06T16:45:00+00:00,56.04,56.18,56.01,56.1,5969.0,real_delta_india
2026-07-06T17:00:00+00:00,56.11,56.25,56.09,56.13,16075.0,real_delta_india
2026-07-06T17:15:00+00:00,56.17,56.27,56.0,56.2,12265.0,real_delta_india
2026-07-06T17:30:00+00:00,56.17,56.34,56.17,56.22,31127.0,real_delta_india
2026-07-06T17:45:00+00:00,56.21,56.39,56.18,56.25,17728.0,real_delta_india
2026-07-06T18:00:00+00:00,56.27,56.28,56.19,56.26,10158.0,real_delta_india
2026-07-06T18:15:00+00:00,56.29,56.43,56.29,56.35,13109.0,real_delta_india
2026-07-06T18:30:00+00:00,56.34,56.6,56.34,56.49,13355.0,real_delta_india
2026-07-06T18:45:00+00:00,56.46,56.48,56.39,56.48,1254.0,real_delta_india
2026-07-06T19:00:00+00:00,56.48,56.48,56.34,56.38,5560.0,real_delta_india
2026-07-06T19:15:00+00:00,56.36,56.45,56.34,56.41,1252.0,real_delta_india
2026-07-06T19:30:00+00:00,56.39,56.44,56.3,56.3,1022.0,real_delta_india
2026-07-06T19:45:00+00:00,56.32,56.39,56.31,56.34,11350.0,real_delta_india
2026-07-06T20:00:00+00:00,56.32,56.32,56.27,56.29,1253.0,real_delta_india
2026-07-06T20:15:00+00:00,56.27,56.32,56.27,56.28,1669.0,real_delta_india
2026-07-06T20:30:00+00:00,56.34,56.37,56.31,56.34,1613.0,real_delta_india
2026-07-06T20:45:00+00:00,56.31,56.38,56.3,56.38,1393.0,real_delta_india
2026-07-06T21:00:00+00:00,56.39,56.42,56.36,56.38,644.0,real_delta_india
2026-07-06T21:15:00+00:00,56.38,56.4,56.34,56.4,2402.0,real_delta_india
2026-07-06T21:30:00+00:00,56.36,56.41,56.36,56.41,1985.0,real_delta_india
2026-07-06T21:45:00+00:00,56.41,56.41,56.29,56.29,5137.0,real_delta_india
2026-07-06T22:00:00+00:00,56.28,56.33,56.27,56.33,2238.0,real_delta_india
2026-07-06T22:15:00+00:00,56.32,56.32,56.31,56.31,161.0,real_delta_india
2026-07-06T22:30:00+00:00,56.31,56.36,56.31,56.36,1128.0,real_delta_india
2026-07-06T22:45:00+00:00,56.29,56.29,56.25,56.25,205.0,real_delta_india
2026-07-06T23:00:00+00:00,56.26,56.28,56.26,56.28,5053.0,real_delta_india
2026-07-06T23:15:00+00:00,56.29,56.29,56.22,56.23,565.0,real_delta_india
2026-07-06T23:30:00+00:00,56.21,56.26,56.19,56.19,1164.0,real_delta_india
2026-07-06T23:45:00+00:00,56.19,56.19,56.01,56.01,6998.0,real_delta_india
2026-07-07T00:00:00+00:00,56.0,56.18,55.96,56.07,2717.0,real_delta_india
2026-07-07T00:15:00+00:00,56.13,56.22,56.1,56.17,8672.0,real_delta_india
2026-07-07T00:30:00+00:00,56.2,56.2,55.84,55.9,4045.0,real_delta_india
2026-07-07T00:45:00+00:00,55.89,55.96,55.77,55.77,9018.0,real_delta_india
2026-07-07T01:00:00+00:00,55.75,55.79,55.44,55.58,35301.0,real_delta_india
2026-07-07T01:15:00+00:00,55.56,55.59,55.26,55.37,27351.0,real_delta_india
2026-07-07T01:30:00+00:00,55.37,55.69,55.37,55.68,8069.0,real_delta_india
2026-07-07T01:45:00+00:00,55.69,55.83,55.69,55.79,8918.0,real_delta_india
2026-07-07T02:00:00+00:00,55.79,55.91,55.7,55.86,5418.0,real_delta_india
2026-07-07T02:15:00+00:00,55.91,55.92,55.74,55.76,7514.0,real_delta_india
2026-07-07T02:30:00+00:00,55.7,55.9,55.7,55.77,4951.0,real_delta_india
2026-07-07T02:45:00+00:00,55.75,55.75,55.52,55.54,8310.0,real_delta_india
2026-07-07T03:00:00+00:00,55.56,55.67,55.55,55.55,3821.0,real_delta_india
2026-07-07T03:15:00+00:00,55.55,55.56,55.23,55.34,12681.0,real_delta_india
2026-07-07T03:30:00+00:00,55.28,55.44,55.25,55.35,9854.0,real_delta_india
2026-07-07T03:45:00+00:00,55.32,55.44,55.23,55.42,11861.0,real_delta_india
2026-07-07T04:00:00+00:00,55.4,55.58,55.4,55.51,4501.0,real_delta_india
2026-07-07T04:15:00+00:00,55.5,55.5,55.31,55.33,1173.0,real_delta_india
2026-07-07T04:30:00+00:00,55.35,55.37,55.31,55.33,14645.0,real_delta_india
2026-07-07T04:45:00+00:00,55.35,55.35,55.16,55.21,8816.0,real_delta_india
2026-07-07T05:00:00+00:00,55.2,55.26,54.97,54.97,32486.0,real_delta_india
2026-07-07T05:15:00+00:00,54.99,55.09,54.93,55.06,11841.0,real_delta_india
2026-07-07T05:30:00+00:00,55.03,55.03,54.7,54.83,36869.0,real_delta_india
2026-07-07T05:45:00+00:00,54.84,54.98,54.83,54.9,14663.0,real_delta_india
2026-07-07T06:00:00+00:00,54.98,55.21,54.98,55.06,20107.0,real_delta_india
2026-07-07T06:15:00+00:00,55.13,55.34,55.11,55.33,7913.0,real_delta_india
2026-07-07T06:30:00+00:00,55.27,55.54,55.27,55.49,9434.0,real_delta_india
2026-07-07T06:45:00+00:00,55.56,55.57,55.4,55.43,13738.0,real_delta_india
2026-07-07T07:00:00+00:00,55.43,55.43,55.29,55.35,9239.0,real_delta_india
2026-07-07T07:15:00+00:00,55.31,55.39,55.25,55.34,9891.0,real_delta_india
2026-07-07T07:30:00+00:00,55.35,55.41,55.29,55.29,2162.0,real_delta_india
2026-07-07T07:45:00+00:00,55.32,55.33,55.16,55.16,10038.0,real_delta_india
2026-07-07T08:00:00+00:00,55.19,55.55,55.14,55.54,17506.0,real_delta_india
2026-07-07T08:15:00+00:00,55.54,55.54,55.45,55.5,10307.0,real_delta_india
2026-07-07T08:30:00+00:00,55.45,55.45,55.3,55.35,10198.0,real_delta_india
2026-07-07T08:45:00+00:00,55.32,55.32,55.14,55.22,9815.0,real_delta_india
2026-07-07T09:00:00+00:00,55.27,55.31,55.2,55.22,6074.0,real_delta_india
2026-07-07T09:15:00+00:00,55.27,55.28,55.12,55.14,7557.0,real_delta_india
2026-07-07T09:30:00+00:00,55.15,55.33,55.15,55.32,2483.0,real_delta_india
2026-07-07T09:45:00+00:00,55.31,55.31,55.12,55.24,3079.0,real_delta_india
2026-07-07T10:00:00+00:00,55.24,55.37,55.22,55.33,9599.0,real_delta_india
2026-07-07T10:15:00+00:00,55.32,55.43,55.32,55.41,10705.0,real_delta_india
2026-07-07T10:30:00+00:00,55.41,55.41,55.29,55.29,8329.0,real_delta_india
2026-07-07T10:45:00+00:00,55.23,55.24,55.12,55.15,7891.0,real_delta_india
2026-07-07T11:00:00+00:00,55.11,55.11,55.01,55.07,14946.0,real_delta_india
2026-07-07T11:15:00+00:00,55.08,55.34,55.06,55.33,14193.0,real_delta_india
2026-07-07T11:30:00+00:00,55.33,55.4,55.22,55.4,10434.0,real_delta_india
2026-07-07T11:45:00+00:00,55.46,55.69,55.4,55.67,35385.0,real_delta_india
2026-07-07T12:00:00+00:00,55.7,55.94,55.65,55.92,78580.0,real_delta_india
2026-07-07T12:15:00+00:00,55.92,56.0,55.78,55.93,33760.0,real_delta_india
2026-07-07T12:30:00+00:00,55.93,55.99,55.66,55.68,32517.0,real_delta_india
2026-07-07T12:45:00+00:00,55.69,55.91,55.62,55.9,35986.0,real_delta_india
2026-07-07T13:00:00+00:00,55.9,55.92,55.51,55.65,22000.0,real_delta_india
2026-07-07T13:15:00+00:00,55.62,55.65,55.5,55.54,9701.0,real_delta_india
2026-07-07T13:30:00+00:00,55.54,56.11,55.42,56.06,70310.0,real_delta_india
2026-07-07T13:45:00+00:00,56.08,56.08,55.54,55.6,30028.0,real_delta_india
2026-07-07T14:00:00+00:00,55.59,55.71,55.45,55.45,12061.0,real_delta_india
2026-07-07T14:15:00+00:00,55.46,55.58,55.24,55.38,21942.0,real_delta_india
2026-07-07T14:30:00+00:00,55.42,55.42,55.03,55.21,36909.0,real_delta_india
2026-07-07T14:45:00+00:00,55.24,55.37,55.23,55.27,16046.0,real_delta_india
2026-07-07T15:00:00+00:00,55.25,55.3,55.12,55.18,10874.0,real_delta_india
2026-07-07T15:15:00+00:00,55.13,55.16,55.0,55.07,10113.0,real_delta_india
2026-07-07T15:30:00+00:00,55.14,55.2,55.09,55.18,12299.0,real_delta_india
2026-07-07T15:45:00+00:00,55.17,55.18,54.85,54.97,26570.0,real_delta_india
2026-07-07T16:00:00+00:00,55.0,55.18,54.98,55.17,11037.0,real_delta_india
2026-07-07T16:15:00+00:00,55.16,55.33,55.16,55.31,19955.0,real_delta_india
2026-07-07T16:30:00+00:00,55.29,55.29,55.15,55.2,25020.0,real_delta_india
2026-07-07T16:45:00+00:00,55.19,55.26,55.14,55.26,4933.0,real_delta_india
2026-07-07T17:00:00+00:00,55.27,55.28,55.14,55.15,3802.0,real_delta_india
2026-07-07T17:15:00+00:00,55.14,55.3,55.1,55.3,11813.0,real_delta_india
2026-07-07T17:30:00+00:00,55.32,55.36,55.31,55.34,12335.0,real_delta_india
2026-07-07T17:45:00+00:00,55.33,55.35,55.27,55.35,4733.0,real_delta_india
2026-07-07T18:00:00+00:00,55.32,55.34,55.23,55.28,5318.0,real_delta_india
2026-07-07T18:15:00+00:00,55.25,55.33,55.24,55.25,1977.0,real_delta_india
2026-07-07T18:30:00+00:00,55.2,55.25,55.09,55.22,5825.0,real_delta_india
2026-07-07T18:45:00+00:00,55.23,55.24,54.8,54.83,14333.0,real_delta_india
2026-07-07T19:00:00+00:00,54.8,54.8,54.24,54.27,55970.0,real_delta_india
2026-07-07T19:15:00+00:00,54.24,54.3,53.87,54.27,75763.0,real_delta_india
2026-07-07T19:30:00+00:00,54.24,54.51,54.23,54.45,24118.0,real_delta_india
2026-07-07T19:45:00+00:00,54.43,54.68,54.41,54.62,21478.0,real_delta_india
2026-07-07T20:00:00+00:00,54.64,54.69,54.58,54.58,5313.0,real_delta_india
2026-07-07T20:15:00+00:00,54.6,54.6,54.46,54.55,2497.0,real_delta_india
2026-07-07T20:30:00+00:00,54.51,54.51,54.3,54.35,4694.0,real_delta_india
2026-07-07T20:45:00+00:00,54.32,54.44,54.31,54.44,3730.0,real_delta_india
2026-07-07T21:00:00+00:00,54.46,54.46,54.4,54.4,1846.0,real_delta_india
2026-07-07T21:15:00+00:00,54.38,54.38,54.35,54.38,741.0,real_delta_india
2026-07-07T21:30:00+00:00,54.39,54.4,54.39,54.4,358.0,real_delta_india
2026-07-07T21:45:00+00:00,54.37,54.41,54.37,54.4,3206.0,real_delta_india
2026-07-07T22:00:00+00:00,54.34,54.34,54.2,54.27,1484.0,real_delta_india
2026-07-07T22:15:00+00:00,54.21,54.22,54.17,54.17,741.0,real_delta_india
2026-07-07T22:30:00+00:00,54.14,54.19,54.05,54.1,2294.0,real_delta_india
2026-07-07T22:45:00+00:00,54.12,54.21,54.08,54.21,3263.0,real_delta_india
2026-07-07T23:00:00+00:00,54.26,54.29,54.26,54.28,113.0,real_delta_india
2026-07-07T23:15:00+00:00,54.29,54.33,54.28,54.3,1358.0,real_delta_india
2026-07-07T23:30:00+00:00,54.28,54.28,54.11,54.12,305.0,real_delta_india
2026-07-07T23:45:00+00:00,54.08,54.19,54.08,54.11,4158.0,real_delta_india
2026-07-08T00:00:00+00:00,54.12,54.33,54.12,54.33,9150.0,real_delta_india
2026-07-08T00:15:00+00:00,54.18,54.37,54.09,54.37,8929.0,real_delta_india
2026-07-08T00:30:00+00:00,54.29,54.65,54.27,54.65,4687.0,real_delta_india
2026-07-08T00:45:00+00:00,54.65,54.65,54.47,54.59,1415.0,real_delta_india
2026-07-08T01:00:00+00:00,54.44,54.64,54.18,54.42,18863.0,real_delta_india
2026-07-08T01:15:00+00:00,54.42,54.5,54.25,54.38,1279.0,real_delta_india
2026-07-08T01:30:00+00:00,54.39,54.42,54.08,54.16,36195.0,real_delta_india
2026-07-08T01:45:00+00:00,54.18,54.4,54.18,54.4,6286.0,real_delta_india
2026-07-08T02:00:00+00:00,54.41,54.48,54.3,54.34,3031.0,real_delta_india
2026-07-08T02:15:00+00:00,54.38,54.53,54.34,54.45,6706.0,real_delta_india
2026-07-08T02:30:00+00:00,54.38,54.52,54.38,54.52,8228.0,real_delta_india
2026-07-08T02:45:00+00:00,54.53,54.53,54.38,54.42,1825.0,real_delta_india
2026-07-08T03:00:00+00:00,54.47,54.99,54.47,54.9,16282.0,real_delta_india
2026-07-08T03:15:00+00:00,54.9,55.04,54.85,55.01,22107.0,real_delta_india
2026-07-08T03:30:00+00:00,55.05,55.08,54.91,54.95,6617.0,real_delta_india
2026-07-08T03:45:00+00:00,54.91,54.94,54.7,54.75,12508.0,real_delta_india
2026-07-08T04:00:00+00:00,54.71,54.82,54.64,54.73,9786.0,real_delta_india
2026-07-08T04:15:00+00:00,54.72,54.78,54.64,54.73,11628.0,real_delta_india
2026-07-08T04:30:00+00:00,54.78,54.82,54.69,54.71,14832.0,real_delta_india
2026-07-08T04:45:00+00:00,54.76,54.79,54.69,54.72,8587.0,real_delta_india
2026-07-08T05:00:00+00:00,54.74,55.0,54.72,54.88,19310.0,real_delta_india
2026-07-08T05:15:00+00:00,54.88,54.97,54.77,54.77,4590.0,real_delta_india
2026-07-08T05:30:00+00:00,54.89,55.28,54.89,55.16,55011.0,real_delta_india
2026-07-08T05:45:00+00:00,55.14,55.17,54.98,55.17,4755.0,real_delta_india
2026-07-08T06:00:00+00:00,55.21,55.23,54.94,55.09,5632.0,real_delta_india
2026-07-08T06:15:00+00:00,55.09,55.34,55.06,55.3,15369.0,real_delta_india
2026-07-08T06:30:00+00:00,55.26,55.26,55.14,55.17,7262.0,real_delta_india
2026-07-08T06:45:00+00:00,55.15,55.16,55.04,55.04,4065.0,real_delta_india
2026-07-08T07:00:00+00:00,54.99,55.05,54.84,54.89,8712.0,real_delta_india
2026-07-08T07:15:00+00:00,54.88,54.98,54.82,54.94,40606.0,real_delta_india
2026-07-08T07:30:00+00:00,54.93,55.1,54.89,55.1,7536.0,real_delta_india
2026-07-08T07:45:00+00:00,55.1,55.14,54.96,54.99,9125.0,real_delta_india
2026-07-08T08:00:00+00:00,54.89,55.03,54.86,54.91,23436.0,real_delta_india
2026-07-08T08:15:00+00:00,54.94,55.02,53.99,54.16,80183.0,real_delta_india
2026-07-08T08:30:00+00:00,54.14,54.25,53.27,53.4,89699.0,real_delta_india
2026-07-08T08:45:00+00:00,53.39,53.5,52.79,52.98,49193.0,real_delta_india
2026-07-08T09:00:00+00:00,52.96,53.05,52.83,52.99,26781.0,real_delta_india
2026-07-08T09:15:00+00:00,53.02,53.24,52.93,53.11,33550.0,real_delta_india
2026-07-08T09:30:00+00:00,53.1,53.27,52.98,53.11,18138.0,real_delta_india
2026-07-08T09:45:00+00:00,53.11,53.17,52.84,52.86,15764.0,real_delta_india
2026-07-08T10:00:00+00:00,52.89,53.08,52.89,53.03,13983.0,real_delta_india
2026-07-08T10:15:00+00:00,53.04,53.29,53.03,53.06,29065.0,real_delta_india
2026-07-08T10:30:00+00:00,53.04,53.22,53.02,53.14,5959.0,real_delta_india
2026-07-08T10:45:00+00:00,53.16,53.2,53.0,53.0,15596.0,real_delta_india
2026-07-08T11:00:00+00:00,53.03,53.14,52.84,52.97,16442.0,real_delta_india
2026-07-08T11:15:00+00:00,53.07,53.1,52.92,52.98,5167.0,real_delta_india
2026-07-08T11:30:00+00:00,52.96,53.38,52.66,53.38,59667.0,real_delta_india
2026-07-08T11:45:00+00:00,53.29,53.54,53.13,53.24,37427.0,real_delta_india
2026-07-08T12:00:00+00:00,53.28,53.45,53.19,53.35,8849.0,real_delta_india
2026-07-08T12:15:00+00:00,53.32,53.4,53.04,53.07,14549.0,real_delta_india
2026-07-08T12:30:00+00:00,53.18,53.18,52.92,53.11,13712.0,real_delta_india
2026-07-08T12:45:00+00:00,53.11,53.45,53.09,53.09,18495.0,real_delta_india
2026-07-08T13:00:00+00:00,53.16,53.45,53.05,53.15,17171.0,real_delta_india
2026-07-08T13:15:00+00:00,53.11,53.2,52.89,52.93,27797.0,real_delta_india
2026-07-08T13:30:00+00:00,52.96,53.23,52.91,53.1,17041.0,real_delta_india
2026-07-08T13:45:00+00:00,53.11,53.2,52.93,53.02,8659.0,real_delta_india
2026-07-08T14:00:00+00:00,52.98,53.02,52.86,52.86,13477.0,real_delta_india
2026-07-08T14:15:00+00:00,52.85,53.01,52.64,52.9,53897.0,real_delta_india
2026-07-08T14:30:00+00:00,52.9,52.9,52.31,52.31,31132.0,real_delta_india
2026-07-08T14:45:00+00:00,52.31,52.52,52.26,52.41,33333.0,real_delta_india
2026-07-08T15:00:00+00:00,52.41,52.51,52.2,52.2,18484.0,real_delta_india
2026-07-08T15:15:00+00:00,52.22,52.23,52.01,52.11,26005.0,real_delta_india
2026-07-08T15:30:00+00:00,52.1,52.12,51.91,52.06,30309.0,real_delta_india
2026-07-08T15:45:00+00:00,52.04,52.09,51.95,52.08,6414.0,real_delta_india
2026-07-08T16:00:00+00:00,52.08,52.29,52.06,52.23,29460.0,real_delta_india
2026-07-08T16:15:00+00:00,52.19,52.26,52.11,52.23,11011.0,real_delta_india
2026-07-08T16:30:00+00:00,52.21,52.54,52.12,52.53,20726.0,real_delta_india
2026-07-08T16:45:00+00:00,52.51,52.63,52.45,52.52,19425.0,real_delta_india
2026-07-08T17:00:00+00:00,52.52,52.63,52.43,52.57,7937.0,real_delta_india
2026-07-08T17:15:00+00:00,52.57,52.9,52.57,52.9,23227.0,real_delta_india
2026-07-08T17:30:00+00:00,52.9,53.04,52.76,52.77,16219.0,real_delta_india
2026-07-08T17:45:00+00:00,52.76,52.82,52.68,52.7,17017.0,real_delta_india
2026-07-08T18:00:00+00:00,52.72,53.03,52.72,53.03,29213.0,real_delta_india
2026-07-08T18:15:00+00:00,53.01,53.01,52.83,52.87,9629.0,real_delta_india
2026-07-08T18:30:00+00:00,52.87,53.05,52.8,53.05,11776.0,real_delta_india
2026-07-08T18:45:00+00:00,53.05,53.18,53.03,53.09,14234.0,real_delta_india
2026-07-08T19:00:00+00:00,53.09,53.19,53.06,53.08,10914.0,real_delta_india
2026-07-08T19:15:00+00:00,53.08,53.15,53.01,53.14,32132.0,real_delta_india
2026-07-08T19:30:00+00:00,53.16,53.17,53.05,53.05,2966.0,real_delta_india
2026-07-08T19:45:00+00:00,53.03,53.07,52.93,52.99,13585.0,real_delta_india
2026-07-08T20:00:00+00:00,52.96,53.01,52.88,52.93,18317.0,real_delta_india
2026-07-08T20:15:00+00:00,52.87,52.87,52.81,52.85,6821.0,real_delta_india
2026-07-08T20:30:00+00:00,52.88,52.88,52.72,52.78,1894.0,real_delta_india
2026-07-08T20:45:00+00:00,52.76,52.93,52.76,52.89,3417.0,real_delta_india
2026-07-08T21:00:00+00:00,52.92,52.92,52.88,52.89,712.0,real_delta_india
2026-07-08T21:15:00+00:00,52.89,52.91,52.89,52.91,182.0,real_delta_india
2026-07-08T21:30:00+00:00,52.91,52.91,52.89,52.91,162.0,real_delta_india
2026-07-08T21:45:00+00:00,52.94,52.94,52.91,52.91,138.0,real_delta_india
2026-07-08T22:00:00+00:00,52.92,53.04,52.91,53.01,2047.0,real_delta_india
2026-07-08T22:15:00+00:00,53.01,53.01,52.93,52.93,1938.0,real_delta_india
2026-07-08T22:30:00+00:00,52.93,52.97,52.92,52.93,1423.0,real_delta_india
2026-07-08T22:45:00+00:00,52.97,53.01,52.97,52.98,1435.0,real_delta_india
2026-07-08T23:00:00+00:00,52.95,52.97,52.92,52.94,2361.0,real_delta_india
2026-07-08T23:15:00+00:00,52.96,52.97,52.89,52.97,977.0,real_delta_india
2026-07-08T23:30:00+00:00,52.97,53.0,52.93,52.97,2103.0,real_delta_india
2026-07-08T23:45:00+00:00,52.97,53.03,52.89,52.97,3402.0,real_delta_india
2026-07-09T00:00:00+00:00,52.98,53.09,52.96,53.07,5464.0,real_delta_india
2026-07-09T00:15:00+00:00,53.13,53.13,52.88,52.94,6588.0,real_delta_india
2026-07-09T00:30:00+00:00,52.98,53.0,52.87,52.9,3790.0,real_delta_india
2026-07-09T00:45:00+00:00,52.87,52.92,52.84,52.86,638.0,real_delta_india
2026-07-09T01:00:00+00:00,52.83,52.94,52.66,52.79,10772.0,real_delta_india
2026-07-09T01:15:00+00:00,52.76,52.78,52.54,52.57,20377.0,real_delta_india
2026-07-09T01:30:00+00:00,52.5,52.73,52.45,52.7,10356.0,real_delta_india
2026-07-09T01:45:00+00:00,52.7,52.8,52.65,52.71,20189.0,real_delta_india
2026-07-09T02:00:00+00:00,52.75,52.88,52.72,52.86,9187.0,real_delta_india
2026-07-09T02:15:00+00:00,52.85,52.99,52.85,52.94,12426.0,real_delta_india
2026-07-09T02:30:00+00:00,52.91,52.91,52.7,52.73,11182.0,real_delta_india
2026-07-09T02:45:00+00:00,52.7,52.75,52.47,52.47,8060.0,real_delta_india
2026-07-09T03:00:00+00:00,52.49,52.53,52.23,52.3,30901.0,real_delta_india
2026-07-09T03:15:00+00:00,52.32,52.4,52.22,52.31,7404.0,real_delta_india
2026-07-09T03:30:00+00:00,52.32,52.46,52.31,52.4,5880.0,real_delta_india
2026-07-09T03:45:00+00:00,52.43,52.49,52.43,52.45,5293.0,real_delta_india
2026-07-09T04:00:00+00:00,52.48,52.5,52.39,52.46,9891.0,real_delta_india
2026-07-09T04:15:00+00:00,52.43,52.43,52.34,52.4,9292.0,real_delta_india
2026-07-09T04:30:00+00:00,52.4,52.55,52.4,52.48,7391.0,real_delta_india
2026-07-09T04:45:00+00:00,52.48,52.6,52.48,52.6,5649.0,real_delta_india
2026-07-09T05:00:00+00:00,52.59,52.82,52.58,52.77,23276.0,real_delta_india
2026-07-09T05:15:00+00:00,52.79,52.79,52.58,52.7,6057.0,real_delta_india
2026-07-09T05:30:00+00:00,52.67,52.85,52.54,52.84,17465.0,real_delta_india
2026-07-09T05:45:00+00:00,52.87,53.05,52.82,52.98,10832.0,real_delta_india
2026-07-09T06:00:00+00:00,53.02,53.28,53.0,53.1,27446.0,real_delta_india
2026-07-09T06:15:00+00:00,53.15,53.45,53.1,53.4,31290.0,real_delta_india
2026-07-09T06:30:00+00:00,53.37,53.51,53.36,53.46,18148.0,real_delta_india
2026-07-09T06:45:00+00:00,53.48,53.53,53.42,53.5,18997.0,real_delta_india
2026-07-09T07:00:00+00:00,53.53,53.64,53.47,53.5,13478.0,real_delta_india
2026-07-09T07:15:00+00:00,53.49,53.67,53.44,53.66,51176.0,real_delta_india
2026-07-09T07:30:00+00:00,53.63,53.68,53.52,53.64,34331.0,real_delta_india
2026-07-09T07:45:00+00:00,53.67,53.75,53.58,53.7,13621.0,real_delta_india
2026-07-09T08:00:00+00:00,53.7,53.75,53.61,53.61,13039.0,real_delta_india
2026-07-09T08:15:00+00:00,53.66,53.89,53.66,53.85,24856.0,real_delta_india
2026-07-09T08:30:00+00:00,53.88,53.91,53.73,53.77,15948.0,real_delta_india
2026-07-09T08:45:00+00:00,53.75,53.75,53.65,53.66,11151.0,real_delta_india
2026-07-09T09:00:00+00:00,53.63,53.7,53.6,53.63,9997.0,real_delta_india
2026-07-09T09:15:00+00:00,53.62,53.72,53.61,53.66,15842.0,real_delta_india
2026-07-09T09:30:00+00:00,53.68,53.69,53.57,53.57,10785.0,real_delta_india
2026-07-09T09:45:00+00:00,53.57,53.66,53.56,53.65,11508.0,real_delta_india
2026-07-09T10:00:00+00:00,53.66,53.66,53.56,53.58,5154.0,real_delta_india
2026-07-09T10:15:00+00:00,53.56,53.59,53.45,53.46,14257.0,real_delta_india
2026-07-09T10:30:00+00:00,53.49,53.51,53.43,53.43,19113.0,real_delta_india
2026-07-09T10:45:00+00:00,53.45,53.45,53.28,53.38,17782.0,real_delta_india
2026-07-09T11:00:00+00:00,53.36,53.46,53.35,53.44,30545.0,real_delta_india
2026-07-09T11:15:00+00:00,53.43,53.46,53.32,53.36,7218.0,real_delta_india
2026-07-09T11:30:00+00:00,53.37,53.51,53.32,53.46,7997.0,real_delta_india
2026-07-09T11:45:00+00:00,53.47,53.62,53.46,53.52,14576.0,real_delta_india
2026-07-09T12:00:00+00:00,53.52,53.74,53.42,53.62,28518.0,real_delta_india
2026-07-09T12:15:00+00:00,53.62,53.65,53.49,53.63,27456.0,real_delta_india
2026-07-09T12:30:00+00:00,53.61,54.09,53.61,53.9,42852.0,real_delta_india
2026-07-09T12:45:00+00:00,53.92,54.01,53.78,53.78,37657.0,real_delta_india
2026-07-09T13:00:00+00:00,53.81,54.19,53.71,54.17,25481.0,real_delta_india
2026-07-09T13:15:00+00:00,54.11,54.3,54.04,54.3,51521.0,real_delta_india
2026-07-09T13:30:00+00:00,54.27,54.66,54.17,54.65,53668.0,real_delta_india
2026-07-09T13:45:00+00:00,54.61,54.71,54.44,54.63,47933.0,real_delta_india
2026-07-09T14:00:00+00:00,54.64,54.83,54.46,54.51,116292.0,real_delta_india
2026-07-09T14:15:00+00:00,54.51,54.56,54.3,54.54,50976.0,real_delta_india
2026-07-09T14:30:00+00:00,54.54,54.55,54.38,54.5,35233.0,real_delta_india
2026-07-09T14:45:00+00:00,54.49,54.65,54.37,54.65,12026.0,real_delta_india
2026-07-09T15:00:00+00:00,54.62,54.76,54.59,54.65,47205.0,real_delta_india
2026-07-09T15:15:00+00:00,54.66,54.75,54.63,54.68,18757.0,real_delta_india
2026-07-09T15:30:00+00:00,54.7,54.79,54.67,54.74,23787.0,real_delta_india
2026-07-09T15:45:00+00:00,54.75,54.86,54.67,54.7,24056.0,real_delta_india
2026-07-09T16:00:00+00:00,54.69,54.8,54.66,54.76,28875.0,real_delta_india
2026-07-09T16:15:00+00:00,54.79,54.95,54.77,54.86,31625.0,real_delta_india
2026-07-09T16:30:00+00:00,54.84,54.95,54.8,54.86,16769.0,real_delta_india
2026-07-09T16:45:00+00:00,54.87,54.9,54.75,54.75,10846.0,real_delta_india
2026-07-09T17:00:00+00:00,54.75,54.79,54.62,54.65,36245.0,real_delta_india
2026-07-09T17:15:00+00:00,54.67,54.75,54.57,54.72,31456.0,real_delta_india
2026-07-09T17:30:00+00:00,54.72,54.77,54.67,54.67,6168.0,real_delta_india
2026-07-09T17:45:00+00:00,54.67,54.82,54.67,54.8,7160.0,real_delta_india
2026-07-09T18:00:00+00:00,54.77,54.79,54.54,54.58,10088.0,real_delta_india
2026-07-09T18:15:00+00:00,54.53,54.59,54.51,54.52,19984.0,real_delta_india
2026-07-09T18:30:00+00:00,54.51,54.51,54.4,54.49,10444.0,real_delta_india
2026-07-09T18:45:00+00:00,54.46,54.47,54.39,54.44,8404.0,real_delta_india
2026-07-09T19:00:00+00:00,54.46,54.46,54.32,54.35,8303.0,real_delta_india
2026-07-09T19:15:00+00:00,54.33,54.42,54.31,54.35,5919.0,real_delta_india
2026-07-09T19:30:00+00:00,54.31,54.38,54.3,54.33,8426.0,real_delta_india
2026-07-09T19:45:00+00:00,54.33,54.38,54.29,54.32,6588.0,real_delta_india
2026-07-09T20:00:00+00:00,54.34,54.38,54.3,54.33,2947.0,real_delta_india
2026-07-09T20:15:00+00:00,54.33,54.36,54.3,54.32,6761.0,real_delta_india
2026-07-09T20:30:00+00:00,54.31,54.37,54.31,54.37,923.0,real_delta_india
2026-07-09T20:45:00+00:00,54.38,54.44,54.37,54.4,6368.0,real_delta_india
2026-07-09T21:00:00+00:00,54.38,54.41,54.38,54.39,123.0,real_delta_india
2026-07-09T21:15:00+00:00,54.39,54.41,54.37,54.37,4335.0,real_delta_india
2026-07-09T21:30:00+00:00,54.39,54.4,54.37,54.4,4054.0,real_delta_india
2026-07-09T21:45:00+00:00,54.4,54.4,54.35,54.37,1890.0,real_delta_india
2026-07-09T22:00:00+00:00,54.37,54.41,54.33,54.36,7608.0,real_delta_india
2026-07-09T22:15:00+00:00,54.34,54.34,54.33,54.34,483.0,real_delta_india
2026-07-09T22:30:00+00:00,54.33,54.39,54.33,54.34,1253.0,real_delta_india
2026-07-09T22:45:00+00:00,54.37,54.37,54.37,54.37,193.0,real_delta_india
2026-07-09T23:00:00+00:00,54.37,54.44,54.36,54.44,2999.0,real_delta_india
2026-07-09T23:15:00+00:00,54.43,54.45,54.41,54.45,861.0,real_delta_india
2026-07-09T23:30:00+00:00,54.44,54.46,54.44,54.46,280.0,real_delta_india
2026-07-09T23:45:00+00:00,54.45,54.46,54.41,54.44,1291.0,real_delta_india
2026-07-10T00:00:00+00:00,54.43,54.43,54.31,54.31,1615.0,real_delta_india
2026-07-10T00:15:00+00:00,54.31,54.33,54.22,54.23,3007.0,real_delta_india
2026-07-10T00:30:00+00:00,54.27,54.45,54.17,54.44,7112.0,real_delta_india
2026-07-10T00:45:00+00:00,54.44,54.6,54.38,54.53,22116.0,real_delta_india
2026-07-10T01:00:00+00:00,54.62,54.73,54.43,54.45,17422.0,real_delta_india
2026-07-10T01:15:00+00:00,54.49,54.65,54.45,54.45,5873.0,real_delta_india
2026-07-10T01:30:00+00:00,54.48,54.48,54.23,54.28,9264.0,real_delta_india
2026-07-10T01:45:00+00:00,54.27,54.58,54.22,54.56,10280.0,real_delta_india
2026-07-10T02:00:00+00:00,54.5,54.68,54.48,54.59,6188.0,real_delta_india
2026-07-10T02:15:00+00:00,54.59,54.68,54.55,54.62,8761.0,real_delta_india
2026-07-10T02:30:00+00:00,54.61,54.7,54.59,54.67,2403.0,real_delta_india
2026-07-10T02:45:00+00:00,54.64,54.83,54.63,54.75,10422.0,real_delta_india
2026-07-10T03:00:00+00:00,54.83,55.1,54.81,54.96,17674.0,real_delta_india
2026-07-10T03:15:00+00:00,54.92,54.94,54.72,54.76,3923.0,real_delta_india
2026-07-10T03:30:00+00:00,54.7,54.84,54.69,54.72,3788.0,real_delta_india
2026-07-10T03:45:00+00:00,54.72,54.78,54.68,54.78,4757.0,real_delta_india
2026-07-10T04:00:00+00:00,54.78,54.85,54.69,54.81,6014.0,real_delta_india
2026-07-10T04:15:00+00:00,54.84,54.86,54.66,54.73,11641.0,real_delta_india
2026-07-10T04:30:00+00:00,54.76,54.82,54.75,54.79,9099.0,real_delta_india
2026-07-10T04:45:00+00:00,54.8,54.8,54.68,54.71,2699.0,real_delta_india
2026-07-10T05:00:00+00:00,54.71,54.73,54.62,54.67,14457.0,real_delta_india
2026-07-10T05:15:00+00:00,54.71,54.73,54.61,54.63,2843.0,real_delta_india
2026-07-10T05:30:00+00:00,54.54,54.55,54.4,54.5,26882.0,real_delta_india
2026-07-10T05:45:00+00:00,54.49,54.62,54.36,54.62,19766.0,real_delta_india
2026-07-10T06:00:00+00:00,54.64,54.7,54.57,54.58,9547.0,real_delta_india
2026-07-10T06:15:00+00:00,54.54,54.76,54.52,54.52,24444.0,real_delta_india
2026-07-10T06:30:00+00:00,54.54,54.58,54.45,54.47,5510.0,real_delta_india
2026-07-10T06:45:00+00:00,54.48,54.53,54.46,54.49,8839.0,real_delta_india
2026-07-10T07:00:00+00:00,54.46,54.5,54.4,54.46,7713.0,real_delta_india
2026-07-10T07:15:00+00:00,54.44,54.58,54.4,54.48,4764.0,real_delta_india
2026-07-10T07:30:00+00:00,54.52,54.54,54.29,54.32,13102.0,real_delta_india
2026-07-10T07:45:00+00:00,54.32,54.35,54.21,54.34,24461.0,real_delta_india
2026-07-10T08:00:00+00:00,54.35,54.39,54.22,54.3,28526.0,real_delta_india
2026-07-10T08:15:00+00:00,54.34,54.35,54.07,54.1,22030.0,real_delta_india
2026-07-10T08:30:00+00:00,54.12,54.13,53.97,54.06,47099.0,real_delta_india
2026-07-10T08:45:00+00:00,54.04,54.04,53.84,53.97,17554.0,real_delta_india
2026-07-10T09:00:00+00:00,53.97,54.02,53.86,53.97,21008.0,real_delta_india
2026-07-10T09:15:00+00:00,53.97,54.01,53.9,54.0,4509.0,real_delta_india
2026-07-10T09:30:00+00:00,53.99,54.01,53.9,53.98,9009.0,real_delta_india
2026-07-10T09:45:00+00:00,53.98,54.0,53.87,53.94,13651.0,real_delta_india
2026-07-10T10:00:00+00:00,53.96,54.07,53.96,54.02,11951.0,real_delta_india
2026-07-10T10:15:00+00:00,54.01,54.08,53.93,54.08,10828.0,real_delta_india
2026-07-10T10:30:00+00:00,54.1,54.15,53.97,53.98,27931.0,real_delta_india
2026-07-10T10:45:00+00:00,53.97,53.99,53.75,53.76,23381.0,real_delta_india
2026-07-10T11:00:00+00:00,53.75,53.95,53.75,53.91,13479.0,real_delta_india
2026-07-10T11:15:00+00:00,53.93,54.04,53.82,53.82,18151.0,real_delta_india
2026-07-10T11:30:00+00:00,53.81,53.99,53.76,53.97,26164.0,real_delta_india
2026-07-10T11:45:00+00:00,53.96,54.0,53.86,53.87,8450.0,real_delta_india
2026-07-10T12:00:00+00:00,53.89,54.25,53.81,54.22,25320.0,real_delta_india
2026-07-10T12:15:00+00:00,54.18,54.26,54.05,54.09,26293.0,real_delta_india
2026-07-10T12:30:00+00:00,54.19,54.19,53.97,53.97,9125.0,real_delta_india
2026-07-10T12:45:00+00:00,53.97,54.12,53.97,54.1,5138.0,real_delta_india
2026-07-10T13:00:00+00:00,54.08,54.3,54.01,54.24,44231.0,real_delta_india
2026-07-10T13:15:00+00:00,54.23,54.32,53.85,53.85,17754.0,real_delta_india
2026-07-10T13:30:00+00:00,53.93,54.2,53.87,54.1,17867.0,real_delta_india
2026-07-10T13:45:00+00:00,54.15,54.31,54.07,54.15,21190.0,real_delta_india
2026-07-10T14:00:00+00:00,54.16,54.25,54.12,54.15,29861.0,real_delta_india
2026-07-10T14:15:00+00:00,54.13,54.44,54.11,54.36,38521.0,real_delta_india
2026-07-10T14:30:00+00:00,54.35,54.35,53.42,54.09,73520.0,real_delta_india
2026-07-10T14:45:00+00:00,54.05,54.27,53.91,53.91,21683.0,real_delta_india
2026-07-10T15:00:00+00:00,53.9,54.09,53.89,53.99,3960.0,real_delta_india
2026-07-10T15:15:00+00:00,54.03,54.29,54.03,54.23,22676.0,real_delta_india
2026-07-10T15:30:00+00:00,54.22,54.27,54.18,54.22,2791.0,real_delta_india
2026-07-10T15:45:00+00:00,54.2,54.39,54.2,54.37,8741.0,real_delta_india
2026-07-10T16:00:00+00:00,54.37,54.42,54.27,54.3,14486.0,real_delta_india
2026-07-10T16:15:00+00:00,54.28,54.35,54.23,54.3,6615.0,real_delta_india
2026-07-10T16:30:00+00:00,54.32,54.36,54.28,54.28,7215.0,real_delta_india
2026-07-10T16:45:00+00:00,54.29,54.29,54.17,54.17,12663.0,real_delta_india
2026-07-10T17:00:00+00:00,54.17,54.21,54.07,54.1,9404.0,real_delta_india
2026-07-10T17:15:00+00:00,54.13,54.24,54.12,54.15,9835.0,real_delta_india
2026-07-10T17:30:00+00:00,54.17,54.18,54.06,54.08,5776.0,real_delta_india
2026-07-10T17:45:00+00:00,54.06,54.15,54.0,54.0,2805.0,real_delta_india
2026-07-10T18:00:00+00:00,54.04,54.08,54.0,54.08,1770.0,real_delta_india
2026-07-10T18:15:00+00:00,54.05,54.14,54.0,54.06,3917.0,real_delta_india
2026-07-10T18:30:00+00:00,54.08,54.14,53.98,54.0,2204.0,real_delta_india
2026-07-10T18:45:00+00:00,53.98,54.06,53.98,53.99,18661.0,real_delta_india
2026-07-10T19:00:00+00:00,54.08,54.09,54.04,54.08,96.0,real_delta_india
2026-07-10T19:15:00+00:00,54.11,54.12,54.06,54.12,101.0,real_delta_india
2026-07-10T19:30:00+00:00,54.07,54.13,54.06,54.13,2451.0,real_delta_india
2026-07-10T19:45:00+00:00,54.1,54.15,54.09,54.13,6882.0,real_delta_india
2026-07-10T20:00:00+00:00,54.19,54.25,54.17,54.18,7249.0,real_delta_india
2026-07-10T20:15:00+00:00,54.18,54.2,54.16,54.17,650.0,real_delta_india
2026-07-10T20:30:00+00:00,54.17,54.19,54.17,54.18,1054.0,real_delta_india
2026-07-10T20:45:00+00:00,54.22,54.3,54.22,54.3,4074.0,real_delta_india
2026-07-10T21:00:00+00:00,54.31,54.31,54.28,54.28,1755.0,real_delta_india
2026-07-10T21:15:00+00:00,54.28,54.3,54.26,54.26,1814.0,real_delta_india
2026-07-10T21:30:00+00:00,54.26,54.28,54.26,54.28,13.0,real_delta_india
2026-07-10T21:45:00+00:00,54.34,54.34,54.28,54.28,51.0,real_delta_india
2026-07-10T22:00:00+00:00,54.26,54.28,54.26,54.28,214.0,real_delta_india
2026-07-10T22:15:00+00:00,54.27,54.3,54.27,54.28,817.0,real_delta_india
2026-07-10T22:30:00+00:00,54.28,54.28,54.28,54.28,0.0,real_delta_india
2026-07-10T22:45:00+00:00,54.26,54.28,54.26,54.26,1723.0,real_delta_india
2026-07-10T23:00:00+00:00,54.26,54.26,54.26,54.26,0.0,real_delta_india
2026-07-10T23:15:00+00:00,54.26,54.26,54.26,54.26,0.0,real_delta_india
2026-07-10T23:30:00+00:00,54.26,54.26,54.26,54.26,0.0,real_delta_india
2026-07-10T23:45:00+00:00,54.29,54.29,54.27,54.27,1037.0,real_delta_india
2026-07-11T00:00:00+00:00,54.29,54.29,54.27,54.27,2435.0,real_delta_india
2026-07-11T00:15:00+00:00,54.33,54.35,54.28,54.28,2047.0,real_delta_india
2026-07-11T00:30:00+00:00,54.3,54.3,54.28,54.3,728.0,real_delta_india
2026-07-11T00:45:00+00:00,54.28,54.3,54.28,54.28,290.0,real_delta_india
2026-07-11T01:00:00+00:00,54.28,54.3,54.28,54.3,446.0,real_delta_india
2026-07-11T01:15:00+00:00,54.28,54.3,54.28,54.3,619.0,real_delta_india
2026-07-11T01:30:00+00:00,54.3,54.32,54.3,54.32,328.0,real_delta_india
2026-07-11T01:45:00+00:00,54.32,54.32,54.24,54.3,20509.0,real_delta_india
2026-07-11T02:00:00+00:00,54.3,54.3,54.28,54.29,150.0,real_delta_india
2026-07-11T02:15:00+00:00,54.27,54.29,54.27,54.29,368.0,real_delta_india
2026-07-11T02:30:00+00:00,54.27,54.29,54.27,54.27,1769.0,real_delta_india
2026-07-11T02:45:00+00:00,54.29,54.29,54.27,54.27,601.0,real_delta_india
2026-07-11T03:00:00+00:00,54.27,54.29,54.27,54.29,1598.0,real_delta_india
2026-07-11T03:15:00+00:00,54.28,54.29,54.28,54.28,2317.0,real_delta_india
2026-07-11T03:30:00+00:00,54.28,54.3,54.28,54.28,3346.0,real_delta_india
2026-07-11T03:45:00+00:00,54.3,54.3,54.28,54.28,249.0,real_delta_india
2026-07-11T04:00:00+00:00,54.31,54.31,54.31,54.31,159.0,real_delta_india
2026-07-11T04:15:00+00:00,54.3,54.31,54.29,54.31,542.0,real_delta_india
2026-07-11T04:30:00+00:00,54.32,54.32,54.3,54.32,83.0,real_delta_india
2026-07-11T04:45:00+00:00,54.3,54.33,54.3,54.33,192.0,real_delta_india
2026-07-11T05:00:00+00:00,54.33,54.33,54.31,54.32,1136.0,real_delta_india
2026-07-11T05:15:00+00:00,54.3,54.32,54.3,54.3,881.0,real_delta_india
2026-07-11T05:30:00+00:00,54.32,54.33,54.31,54.31,197.0,real_delta_india
2026-07-11T05:45:00+00:00,54.33,54.33,54.31,54.33,335.0,real_delta_india
2026-07-11T06:00:00+00:00,54.31,54.33,54.31,54.32,44.0,real_delta_india
2026-07-11T06:15:00+00:00,54.32,54.32,54.3,54.3,862.0,real_delta_india
2026-07-11T06:30:00+00:00,54.3,54.32,54.3,54.31,500.0,real_delta_india
2026-07-11T06:45:00+00:00,54.31,54.31,54.28,54.28,6311.0,real_delta_india
2026-07-11T07:00:00+00:00,54.28,54.3,54.26,54.26,5903.0,real_delta_india
2026-07-11T07:15:00+00:00,54.26,54.27,54.26,54.27,94.0,real_delta_india
2026-07-11T07:30:00+00:00,54.27,54.29,54.26,54.28,1228.0,real_delta_india
2026-07-11T07:45:00+00:00,54.28,54.29,54.26,54.28,1028.0,real_delta_india
2026-07-11T08:00:00+00:00,54.28,54.29,54.26,54.27,1689.0,real_delta_india
2026-07-11T08:15:00+00:00,54.29,54.29,54.27,54.27,1025.0,real_delta_india
2026-07-11T08:30:00+00:00,54.29,54.29,54.27,54.27,148.0,real_delta_india
2026-07-11T08:45:00+00:00,54.28,54.3,54.28,54.3,21.0,real_delta_india
2026-07-11T09:00:00+00:00,54.3,54.3,54.28,54.3,14.0,real_delta_india
2026-07-11T09:15:00+00:00,54.28,54.3,54.28,54.28,1234.0,real_delta_india
2026-07-11T09:30:00+00:00,54.28,54.3,54.28,54.28,517.0,real_delta_india
2026-07-11T09:45:00+00:00,54.28,54.32,54.28,54.32,887.0,real_delta_india
2026-07-11T10:00:00+00:00,54.32,54.32,54.3,54.32,423.0,real_delta_india
2026-07-11T10:15:00+00:00,54.3,54.32,54.3,54.32,30.0,real_delta_india
2026-07-11T10:30:00+00:00,54.3,54.32,54.3,54.3,111.0,real_delta_india
2026-07-11T10:45:00+00:00,54.3,54.32,54.3,54.3,486.0,real_delta_india
2026-07-11T11:00:00+00:00,54.3,54.3,54.3,54.3,257.0,real_delta_india
2026-07-11T11:15:00+00:00,54.31,54.31,54.27,54.29,2458.0,real_delta_india
2026-07-11T11:30:00+00:00,54.27,54.29,54.27,54.29,1888.0,real_delta_india
2026-07-11T11:45:00+00:00,54.28,54.29,54.27,54.27,45.0,real_delta_india
2026-07-11T12:00:00+00:00,54.29,54.29,54.27,54.29,787.0,real_delta_india
2026-07-11T12:15:00+00:00,54.29,54.3,54.27,54.27,1339.0,real_delta_india
2026-07-11T12:30:00+00:00,54.25,54.26,54.23,54.25,1546.0,real_delta_india
2026-07-11T12:45:00+00:00,54.23,54.25,54.23,54.24,47.0,real_delta_india
2026-07-11T13:00:00+00:00,54.23,54.24,54.22,54.22,668.0,real_delta_india
2026-07-11T13:15:00+00:00,54.22,54.24,54.22,54.22,170.0,real_delta_india
2026-07-11T13:30:00+00:00,54.23,54.27,54.23,54.26,1267.0,real_delta_india
2026-07-11T13:45:00+00:00,54.25,54.25,54.23,54.23,203.0,real_delta_india
2026-07-11T14:00:00+00:00,54.25,54.25,54.23,54.25,195.0,real_delta_india
2026-07-11T14:15:00+00:00,54.25,54.25,54.23,54.23,41.0,real_delta_india
2026-07-11T14:30:00+00:00,54.24,54.26,54.24,54.25,72.0,real_delta_india
2026-07-11T14:45:00+00:00,54.27,54.27,54.26,54.27,189.0,real_delta_india
2026-07-11T15:00:00+00:00,54.22,54.27,54.22,54.27,3060.0,real_delta_india
2026-07-11T15:15:00+00:00,54.26,54.27,54.24,54.27,496.0,real_delta_india
2026-07-11T15:30:00+00:00,54.25,54.27,54.21,54.24,555.0,real_delta_india
2026-07-11T15:45:00+00:00,54.22,54.24,54.22,54.24,399.0,real_delta_india
2026-07-11T16:00:00+00:00,54.24,54.24,54.22,54.22,1581.0,real_delta_india
2026-07-11T16:15:00+00:00,54.24,54.24,54.22,54.22,397.0,real_delta_india
2026-07-11T16:30:00+00:00,54.24,54.25,54.22,54.25,2565.0,real_delta_india
2026-07-11T16:45:00+00:00,54.23,54.23,54.22,54.22,1324.0,real_delta_india
2026-07-11T17:00:00+00:00,54.24,54.24,54.22,54.22,945.0,real_delta_india
2026-07-11T17:15:00+00:00,54.22,54.24,54.22,54.22,130.0,real_delta_india
2026-07-11T17:30:00+00:00,54.23,54.23,54.21,54.21,276.0,real_delta_india
2026-07-11T17:45:00+00:00,54.22,54.23,54.22,54.23,1030.0,real_delta_india
2026-07-11T18:00:00+00:00,54.21,54.23,54.21,54.23,1697.0,real_delta_india
2026-07-11T18:15:00+00:00,54.23,54.23,54.2,54.2,29.0,real_delta_india
2026-07-11T18:30:00+00:00,54.22,54.23,54.21,54.23,524.0,real_delta_india
2026-07-11T18:45:00+00:00,54.23,54.23,54.21,54.23,238.0,real_delta_india
2026-07-11T19:00:00+00:00,54.23,54.23,54.21,54.21,197.0,real_delta_india
2026-07-11T19:15:00+00:00,54.23,54.23,54.23,54.23,17.0,real_delta_india
2026-07-11T19:30:00+00:00,54.21,54.23,54.21,54.23,4.0,real_delta_india
2026-07-11T19:45:00+00:00,54.23,54.23,54.23,54.23,4.0,real_delta_india
2026-07-11T20:00:00+00:00,54.23,54.23,54.23,54.23,0.0,real_delta_india
2026-07-11T20:15:00+00:00,54.21,54.21,54.2,54.2,65.0,real_delta_india
2026-07-11T20:30:00+00:00,54.2,54.2,54.2,54.2,17.0,real_delta_india
2026-07-11T20:45:00+00:00,54.2,54.2,54.2,54.2,0.0,real_delta_india
2026-07-11T21:00:00+00:00,54.2,54.22,54.2,54.22,1554.0,real_delta_india
2026-07-11T21:15:00+00:00,54.22,54.22,54.18,54.2,1284.0,real_delta_india
2026-07-11T21:30:00+00:00,54.22,54.22,54.21,54.21,200.0,real_delta_india
2026-07-11T21:45:00+00:00,54.21,54.21,54.21,54.21,0.0,real_delta_india
2026-07-11T22:00:00+00:00,54.22,54.25,54.22,54.25,186.0,real_delta_india
2026-07-11T22:15:00+00:00,54.23,54.23,54.23,54.23,68.0,real_delta_india
2026-07-11T22:30:00+00:00,54.22,54.22,54.22,54.22,68.0,real_delta_india
2026-07-11T22:45:00+00:00,54.22,54.22,54.22,54.22,0.0,real_delta_india
2026-07-11T23:00:00+00:00,54.22,54.22,54.22,54.22,0.0,real_delta_india
2026-07-11T23:15:00+00:00,54.2,54.2,54.19,54.19,81.0,real_delta_india
2026-07-11T23:30:00+00:00,54.17,54.19,54.17,54.19,1789.0,real_delta_india
2026-07-11T23:45:00+00:00,54.19,54.19,54.19,54.19,0.0,real_delta_india
2026-07-12T00:00:00+00:00,54.18,54.2,54.15,54.16,253.0,real_delta_india
2026-07-12T00:15:00+00:00,54.14,54.16,54.14,54.14,1367.0,real_delta_india
2026-07-12T00:30:00+00:00,54.15,54.15,54.15,54.15,1009.0,real_delta_india
2026-07-12T00:45:00+00:00,54.14,54.14,54.14,54.14,917.0,real_delta_india
2026-07-12T01:00:00+00:00,54.14,54.14,54.14,54.14,0.0,real_delta_india
2026-07-12T01:15:00+00:00,54.14,54.18,54.14,54.18,1648.0,real_delta_india
2026-07-12T01:30:00+00:00,54.16,54.18,54.16,54.16,1680.0,real_delta_india
2026-07-12T01:45:00+00:00,54.18,54.18,54.15,54.15,14.0,real_delta_india
2026-07-12T02:00:00+00:00,54.16,54.16,54.14,54.14,2297.0,real_delta_india
2026-07-12T02:15:00+00:00,54.16,54.16,54.16,54.16,433.0,real_delta_india
2026-07-12T02:30:00+00:00,54.17,54.17,54.15,54.17,215.0,real_delta_india
2026-07-12T02:45:00+00:00,54.17,54.19,54.15,54.19,3205.0,real_delta_india
2026-07-12T03:00:00+00:00,54.17,54.19,54.17,54.17,3582.0,real_delta_india
2026-07-12T03:15:00+00:00,54.19,54.21,54.19,54.2,373.0,real_delta_india
2026-07-12T03:30:00+00:00,54.18,54.21,54.18,54.2,109.0,real_delta_india
2026-07-12T03:45:00+00:00,54.19,54.21,54.19,54.21,112.0,real_delta_india
2026-07-12T04:00:00+00:00,54.21,54.22,54.18,54.19,9179.0,real_delta_india
2026-07-12T04:15:00+00:00,54.19,54.21,54.18,54.21,1099.0,real_delta_india
2026-07-12T04:30:00+00:00,54.19,54.19,54.19,54.19,497.0,real_delta_india
2026-07-12T04:45:00+00:00,54.22,54.22,54.22,54.22,3.0,real_delta_india
2026-07-12T05:00:00+00:00,54.22,54.22,54.2,54.2,2623.0,real_delta_india
2026-07-12T05:15:00+00:00,54.2,54.22,54.2,54.2,925.0,real_delta_india
2026-07-12T05:30:00+00:00,54.17,54.22,54.17,54.22,13.0,real_delta_india
2026-07-12T05:45:00+00:00,54.22,54.22,54.2,54.2,875.0,real_delta_india
2026-07-12T06:00:00+00:00,54.2,54.22,54.19,54.19,1505.0,real_delta_india
2026-07-12T06:15:00+00:00,54.19,54.2,54.19,54.19,214.0,real_delta_india
2026-07-12T06:30:00+00:00,54.19,54.19,54.15,54.17,10789.0,real_delta_india
2026-07-12T06:45:00+00:00,54.16,54.2,54.15,54.17,5651.0,real_delta_india
2026-07-12T07:00:00+00:00,54.15,54.17,54.14,54.14,959.0,real_delta_india
2026-07-12T07:15:00+00:00,54.14,54.16,54.13,54.14,657.0,real_delta_india
2026-07-12T07:30:00+00:00,54.14,54.16,54.14,54.16,270.0,real_delta_india
2026-07-12T07:45:00+00:00,54.14,54.17,54.14,54.17,136.0,real_delta_india
2026-07-12T08:00:00+00:00,54.14,54.15,54.13,54.13,355.0,real_delta_india
2026-07-12T08:15:00+00:00,54.15,54.15,54.13,54.15,60.0,real_delta_india
2026-07-12T08:30:00+00:00,54.13,54.14,54.13,54.14,26.0,real_delta_india
2026-07-12T08:45:00+00:00,54.12,54.12,54.12,54.12,525.0,real_delta_india
2026-07-12T09:00:00+00:00,54.12,54.14,54.12,54.14,236.0,real_delta_india
2026-07-12T09:15:00+00:00,54.12,54.12,54.12,54.12,129.0,real_delta_india
2026-07-12T09:30:00+00:00,54.12,54.14,54.12,54.14,979.0,real_delta_india
2026-07-12T09:45:00+00:00,54.13,54.14,54.12,54.13,81.0,real_delta_india
2026-07-12T10:00:00+00:00,54.13,54.17,54.13,54.17,917.0,real_delta_india
2026-07-12T10:15:00+00:00,54.15,54.15,54.13,54.13,212.0,real_delta_india
2026-07-12T10:30:00+00:00,54.13,54.15,54.13,54.15,18.0,real_delta_india
2026-07-12T10:45:00+00:00,54.15,54.15,54.15,54.15,0.0,real_delta_india
2026-07-12T11:00:00+00:00,54.13,54.15,54.13,54.15,202.0,real_delta_india
2026-07-12T11:15:00+00:00,54.13,54.15,54.12,54.15,100.0,real_delta_india
2026-07-12T11:30:00+00:00,54.17,54.17,54.15,54.15,121.0,real_delta_india
2026-07-12T11:45:00+00:00,54.18,54.18,54.16,54.17,490.0,real_delta_india
2026-07-12T12:00:00+00:00,54.19,54.19,54.16,54.16,153.0,real_delta_india
2026-07-12T12:15:00+00:00,54.17,54.17,54.17,54.17,501.0,real_delta_india
2026-07-12T12:30:00+00:00,54.16,54.19,54.16,54.19,83.0,real_delta_india
2026-07-12T12:45:00+00:00,54.19,54.22,54.19,54.22,3128.0,real_delta_india
2026-07-12T13:00:00+00:00,54.21,54.23,54.2,54.23,716.0,real_delta_india
2026-07-12T13:15:00+00:00,54.22,54.27,54.12,54.13,1638.0,real_delta_india
2026-07-12T13:30:00+00:00,54.13,54.13,54.1,54.12,9284.0,real_delta_india
2026-07-12T13:45:00+00:00,54.12,54.14,54.11,54.12,9478.0,real_delta_india
2026-07-12T14:00:00+00:00,54.12,54.12,54.07,54.07,3360.0,real_delta_india
2026-07-12T14:15:00+00:00,54.1,54.1,54.08,54.1,1573.0,real_delta_india
2026-07-12T14:30:00+00:00,54.1,54.1,54.08,54.08,2168.0,real_delta_india
2026-07-12T14:45:00+00:00,54.08,54.1,54.06,54.08,1315.0,real_delta_india
2026-07-12T15:00:00+00:00,54.08,54.13,54.08,54.13,365.0,real_delta_india
2026-07-12T15:15:00+00:00,54.1,54.12,54.09,54.1,343.0,real_delta_india
2026-07-12T15:30:00+00:00,54.11,54.11,54.11,54.11,92.0,real_delta_india
2026-07-12T15:45:00+00:00,54.09,54.11,54.07,54.11,541.0,real_delta_india
2026-07-12T16:00:00+00:00,54.09,54.11,54.07,54.09,1971.0,real_delta_india
2026-07-12T16:15:00+00:00,54.08,54.1,54.07,54.07,4588.0,real_delta_india
2026-07-12T16:30:00+00:00,54.07,54.08,54.07,54.08,132.0,real_delta_india
2026-07-12T16:45:00+00:00,54.08,54.08,54.07,54.08,736.0,real_delta_india
2026-07-12T17:00:00+00:00,54.07,54.08,54.06,54.08,802.0,real_delta_india
2026-07-12T17:15:00+00:00,54.08,54.08,54.06,54.06,1634.0,real_delta_india
2026-07-12T17:30:00+00:00,54.06,54.07,54.05,54.07,1604.0,real_delta_india
2026-07-12T17:45:00+00:00,54.05,54.06,54.04,54.06,658.0,real_delta_india
2026-07-12T18:00:00+00:00,54.04,54.06,54.04,54.05,552.0,real_delta_india
2026-07-12T18:15:00+00:00,54.06,54.07,54.05,54.05,4681.0,real_delta_india
2026-07-12T18:30:00+00:00,54.05,54.05,54.01,54.01,658.0,real_delta_india
2026-07-12T18:45:00+00:00,54.03,54.05,54.03,54.03,1453.0,real_delta_india
2026-07-12T19:00:00+00:00,54.02,54.04,54.02,54.02,935.0,real_delta_india
2026-07-12T19:15:00+00:00,54.02,54.04,54.02,54.04,117.0,real_delta_india
2026-07-12T19:30:00+00:00,54.05,54.05,54.03,54.05,3047.0,real_delta_india
2026-07-12T19:45:00+00:00,54.04,54.06,54.03,54.05,349.0,real_delta_india
2026-07-12T20:00:00+00:00,54.04,54.06,54.02,54.02,261.0,real_delta_india
2026-07-12T20:15:00+00:00,54.03,54.03,54.03,54.03,15.0,real_delta_india
2026-07-12T20:30:00+00:00,54.03,54.03,54.03,54.03,0.0,real_delta_india
2026-07-12T20:45:00+00:00,54.07,54.07,54.07,54.07,559.0,real_delta_india
2026-07-12T21:00:00+00:00,54.07,54.07,54.07,54.07,0.0,real_delta_india
2026-07-12T21:15:00+00:00,54.04,54.04,54.04,54.04,341.0,real_delta_india
2026-07-12T21:30:00+00:00,54.05,54.07,54.03,54.03,1008.0,real_delta_india
2026-07-12T21:45:00+00:00,54.02,54.02,54.01,54.01,2843.0,real_delta_india
2026-07-12T22:00:00+00:00,54.01,54.01,53.24,53.3,42234.0,real_delta_india
2026-07-12T22:15:00+00:00,53.38,53.38,53.25,53.25,2223.0,real_delta_india
2026-07-12T22:30:00+00:00,53.35,53.36,53.21,53.24,4151.0,real_delta_india
2026-07-12T22:45:00+00:00,53.24,53.34,53.2,53.28,5575.0,real_delta_india
2026-07-12T23:00:00+00:00,53.26,53.26,53.16,53.2,2447.0,real_delta_india
2026-07-12T23:15:00+00:00,53.23,53.27,53.14,53.27,14988.0,real_delta_india
2026-07-12T23:30:00+00:00,53.31,53.34,53.25,53.33,1589.0,real_delta_india
2026-07-12T23:45:00+00:00,53.33,53.47,53.23,53.45,14391.0,real_delta_india
2026-07-13T00:00:00+00:00,53.37,53.84,53.35,53.75,17396.0,real_delta_india
2026-07-13T00:15:00+00:00,53.77,53.78,53.53,53.53,5439.0,real_delta_india
2026-07-13T00:30:00+00:00,53.52,53.52,53.26,53.4,3006.0,real_delta_india
2026-07-13T00:45:00+00:00,53.43,53.53,53.3,53.32,3498.0,real_delta_india
2026-07-13T01:00:00+00:00,53.25,53.45,53.1,53.41,17965.0,real_delta_india
2026-07-13T01:15:00+00:00,53.42,53.44,53.15,53.27,7157.0,real_delta_india
2026-07-13T01:30:00+00:00,53.25,53.58,53.25,53.48,7929.0,real_delta_india
2026-07-13T01:45:00+00:00,53.54,53.62,53.01,53.05,14082.0,real_delta_india
2026-07-13T02:00:00+00:00,53.07,53.09,52.96,52.99,26421.0,real_delta_india
2026-07-13T02:15:00+00:00,52.98,53.06,52.9,52.92,7998.0,real_delta_india
2026-07-13T02:30:00+00:00,52.91,53.13,52.85,52.92,17494.0,real_delta_india
2026-07-13T02:45:00+00:00,52.96,52.98,52.87,52.96,3793.0,real_delta_india
2026-07-13T03:00:00+00:00,52.96,52.96,52.61,52.68,47557.0,real_delta_india
2026-07-13T03:15:00+00:00,52.68,52.82,52.68,52.78,10462.0,real_delta_india
2026-07-13T03:30:00+00:00,52.77,52.77,52.65,52.69,4449.0,real_delta_india
2026-07-13T03:45:00+00:00,52.69,52.77,52.69,52.76,5670.0,real_delta_india
2026-07-13T04:00:00+00:00,52.76,52.76,52.63,52.63,2739.0,real_delta_india
2026-07-13T04:15:00+00:00,52.61,52.77,52.6,52.7,11496.0,real_delta_india
2026-07-13T04:30:00+00:00,52.74,52.77,52.66,52.69,8269.0,real_delta_india
2026-07-13T04:45:00+00:00,52.73,52.82,52.7,52.82,4958.0,real_delta_india
2026-07-13T05:00:00+00:00,52.8,53.07,52.72,53.05,21366.0,real_delta_india
2026-07-13T05:15:00+00:00,53.03,53.06,52.7,52.71,15176.0,real_delta_india
2026-07-13T05:30:00+00:00,52.65,52.96,52.55,52.89,20720.0,real_delta_india
2026-07-13T05:45:00+00:00,52.84,52.86,52.6,52.63,8789.0,real_delta_india
2026-07-13T06:00:00+00:00,52.66,52.71,52.35,52.42,31874.0,real_delta_india
2026-07-13T06:15:00+00:00,52.39,52.64,52.39,52.64,19990.0,real_delta_india
2026-07-13T06:30:00+00:00,52.63,52.77,52.56,52.74,9826.0,real_delta_india
2026-07-13T06:45:00+00:00,52.7,52.72,52.54,52.56,21215.0,real_delta_india
2026-07-13T07:00:00+00:00,52.59,52.88,52.49,52.8,22226.0,real_delta_india
2026-07-13T07:15:00+00:00,52.81,52.83,52.75,52.83,3516.0,real_delta_india
2026-07-13T07:30:00+00:00,52.8,52.96,52.78,52.89,12313.0,real_delta_india
2026-07-13T07:45:00+00:00,52.9,53.06,52.87,53.03,9912.0,real_delta_india
2026-07-13T08:00:00+00:00,53.1,53.43,53.09,53.4,41024.0,real_delta_india
2026-07-13T08:15:00+00:00,53.43,53.48,53.35,53.36,18547.0,real_delta_india
2026-07-13T08:30:00+00:00,53.36,53.45,53.32,53.44,15754.0,real_delta_india
2026-07-13T08:45:00+00:00,53.44,53.46,53.35,53.36,11393.0,real_delta_india
2026-07-13T09:00:00+00:00,53.37,53.39,53.22,53.22,17104.0,real_delta_india
2026-07-13T09:15:00+00:00,53.23,53.26,53.17,53.17,6253.0,real_delta_india
2026-07-13T09:30:00+00:00,53.16,53.22,53.1,53.18,5943.0,real_delta_india
2026-07-13T09:45:00+00:00,53.17,53.17,53.0,53.03,17544.0,real_delta_india
2026-07-13T10:00:00+00:00,53.01,53.12,53.0,53.03,3747.0,real_delta_india
2026-07-13T10:15:00+00:00,53.01,53.04,52.94,52.94,3660.0,real_delta_india
2026-07-13T10:30:00+00:00,52.97,53.05,52.84,52.85,14362.0,real_delta_india
2026-07-13T10:45:00+00:00,52.85,53.05,52.85,52.98,9947.0,real_delta_india
2026-07-13T11:00:00+00:00,52.96,53.13,52.91,53.0,9273.0,real_delta_india
2026-07-13T11:15:00+00:00,53.01,53.13,52.96,53.13,5642.0,real_delta_india
2026-07-13T11:30:00+00:00,53.16,53.28,53.14,53.21,4278.0,real_delta_india
2026-07-13T11:45:00+00:00,53.22,53.24,53.04,53.09,6679.0,real_delta_india
2026-07-13T12:00:00+00:00,53.1,53.1,52.94,53.0,12609.0,real_delta_india
2026-07-13T12:15:00+00:00,53.05,53.11,52.9,52.91,7791.0,real_delta_india
2026-07-13T12:30:00+00:00,52.89,53.01,52.8,53.01,18253.0,real_delta_india
2026-07-13T12:45:00+00:00,53.02,53.21,53.01,53.18,5221.0,real_delta_india
2026-07-13T13:00:00+00:00,53.02,53.05,52.91,53.01,21208.0,real_delta_india
2026-07-13T13:15:00+00:00,52.92,53.24,52.84,53.11,51370.0,real_delta_india
2026-07-13T13:30:00+00:00,53.1,53.14,52.8,52.85,11072.0,real_delta_india
2026-07-13T13:45:00+00:00,52.89,52.94,52.66,52.79,21182.0,real_delta_india
2026-07-13T14:00:00+00:00,52.82,52.82,52.49,52.74,32836.0,real_delta_india
2026-07-13T14:15:00+00:00,52.75,52.78,52.17,52.6,72846.0,real_delta_india
2026-07-13T14:30:00+00:00,52.6,52.61,52.3,52.41,16498.0,real_delta_india
2026-07-13T14:45:00+00:00,52.42,52.7,52.36,52.7,24515.0,real_delta_india
2026-07-13T15:00:00+00:00,52.71,52.76,52.56,52.61,29306.0,real_delta_india
2026-07-13T15:15:00+00:00,52.6,52.71,52.57,52.67,5695.0,real_delta_india
2026-07-13T15:30:00+00:00,52.7,52.75,52.59,52.59,9353.0,real_delta_india
2026-07-13T15:45:00+00:00,52.61,52.62,52.52,52.56,7093.0,real_delta_india
2026-07-13T16:00:00+00:00,52.58,52.65,52.56,52.56,3931.0,real_delta_india
2026-07-13T16:15:00+00:00,52.6,52.6,52.29,52.33,24810.0,real_delta_india
2026-07-13T16:30:00+00:00,52.34,52.37,52.08,52.25,43384.0,real_delta_india
2026-07-13T16:45:00+00:00,52.34,52.34,52.1,52.24,17161.0,real_delta_india
2026-07-13T17:00:00+00:00,52.23,52.34,52.21,52.34,34776.0,real_delta_india
2026-07-13T17:15:00+00:00,52.35,52.4,52.21,52.28,18197.0,real_delta_india
2026-07-13T17:30:00+00:00,52.27,52.28,52.19,52.23,25339.0,real_delta_india
2026-07-13T17:45:00+00:00,52.24,52.26,51.96,52.0,42930.0,real_delta_india
2026-07-13T18:00:00+00:00,51.98,52.12,51.98,52.11,28252.0,real_delta_india
2026-07-13T18:15:00+00:00,52.1,52.2,51.94,52.16,25228.0,real_delta_india
2026-07-13T18:30:00+00:00,52.12,52.23,52.09,52.17,7922.0,real_delta_india
2026-07-13T18:45:00+00:00,52.2,52.32,52.19,52.21,5483.0,real_delta_india
2026-07-13T19:00:00+00:00,52.25,52.32,52.12,52.12,5438.0,real_delta_india
2026-07-13T19:15:00+00:00,52.14,52.17,52.11,52.14,4537.0,real_delta_india
2026-07-13T19:30:00+00:00,52.12,52.22,52.07,52.22,8334.0,real_delta_india
2026-07-13T19:45:00+00:00,52.23,52.31,52.17,52.31,3258.0,real_delta_india
2026-07-13T20:00:00+00:00,52.33,52.4,52.23,52.23,3594.0,real_delta_india
2026-07-13T20:15:00+00:00,52.21,52.24,52.18,52.22,7510.0,real_delta_india
2026-07-13T20:30:00+00:00,52.23,52.23,52.18,52.18,1980.0,real_delta_india
2026-07-13T20:45:00+00:00,52.22,52.29,52.2,52.29,2927.0,real_delta_india
2026-07-13T21:00:00+00:00,52.32,52.32,52.3,52.32,66.0,real_delta_india
2026-07-13T21:15:00+00:00,52.3,52.33,52.3,52.33,200.0,real_delta_india
2026-07-13T21:30:00+00:00,52.32,52.33,52.32,52.32,501.0,real_delta_india
2026-07-13T21:45:00+00:00,52.29,52.31,52.29,52.31,1174.0,real_delta_india
2026-07-13T22:00:00+00:00,52.29,52.29,52.27,52.27,758.0,real_delta_india
2026-07-13T22:15:00+00:00,52.32,52.32,52.31,52.31,1105.0,real_delta_india
2026-07-13T22:30:00+00:00,52.28,52.3,52.28,52.3,1131.0,real_delta_india
2026-07-13T22:45:00+00:00,52.31,52.31,52.24,52.24,324.0,real_delta_india
2026-07-13T23:00:00+00:00,52.21,52.21,52.15,52.15,488.0,real_delta_india
2026-07-13T23:15:00+00:00,52.18,52.22,52.16,52.19,1351.0,real_delta_india
2026-07-13T23:30:00+00:00,52.15,52.15,52.07,52.09,3539.0,real_delta_india
2026-07-13T23:45:00+00:00,52.09,52.23,52.07,52.23,2081.0,real_delta_india
2026-07-14T00:00:00+00:00,52.28,52.28,51.75,51.96,48755.0,real_delta_india
2026-07-14T00:15:00+00:00,52.01,52.01,51.79,51.93,4852.0,real_delta_india
2026-07-14T00:30:00+00:00,51.93,52.18,51.89,52.07,10641.0,real_delta_india
2026-07-14T00:45:00+00:00,52.07,52.22,52.04,52.11,4267.0,real_delta_india
2026-07-14T01:00:00+00:00,52.1,52.1,51.57,51.59,17266.0,real_delta_india
2026-07-14T01:15:00+00:00,51.64,51.93,51.62,51.82,9075.0,real_delta_india
2026-07-14T01:30:00+00:00,51.82,51.9,51.64,51.81,3237.0,real_delta_india
2026-07-14T01:45:00+00:00,51.87,52.1,51.79,52.06,10938.0,real_delta_india
2026-07-14T02:00:00+00:00,52.01,52.22,51.96,52.22,16280.0,real_delta_india
2026-07-14T02:15:00+00:00,52.21,52.34,52.19,52.32,19791.0,real_delta_india
2026-07-14T02:30:00+00:00,52.33,52.36,52.17,52.21,6199.0,real_delta_india
2026-07-14T02:45:00+00:00,52.22,52.24,52.13,52.23,2109.0,real_delta_india
2026-07-14T03:00:00+00:00,52.22,52.29,52.03,52.03,2985.0,real_delta_india
2026-07-14T03:15:00+00:00,52.05,52.23,51.99,52.21,7451.0,real_delta_india
2026-07-14T03:30:00+00:00,52.25,52.27,52.17,52.22,4743.0,real_delta_india
2026-07-14T03:45:00+00:00,52.22,52.32,52.22,52.3,21564.0,real_delta_india
2026-07-14T04:00:00+00:00,52.33,52.35,52.21,52.24,5925.0,real_delta_india
2026-07-14T04:15:00+00:00,52.2,52.27,52.18,52.22,2117.0,real_delta_india
2026-07-14T04:30:00+00:00,52.17,52.35,52.17,52.33,7674.0,real_delta_india
2026-07-14T04:45:00+00:00,52.31,52.44,52.29,52.42,4768.0,real_delta_india
2026-07-14T05:00:00+00:00,52.44,52.57,52.42,52.54,18561.0,real_delta_india
2026-07-14T05:15:00+00:00,52.54,52.62,52.46,52.58,4788.0,real_delta_india
2026-07-14T05:30:00+00:00,52.64,52.87,52.63,52.86,47331.0,real_delta_india
2026-07-14T05:45:00+00:00,52.84,52.95,52.79,52.83,10538.0,real_delta_india
2026-07-14T06:00:00+00:00,52.8,52.82,52.71,52.74,7917.0,real_delta_india
2026-07-14T06:15:00+00:00,52.72,52.73,52.63,52.64,23493.0,real_delta_india
2026-07-14T06:30:00+00:00,52.61,52.76,52.61,52.71,7847.0,real_delta_india
2026-07-14T06:45:00+00:00,52.75,52.83,52.7,52.73,3090.0,real_delta_india
2026-07-14T07:00:00+00:00,52.7,52.8,52.64,52.69,8834.0,real_delta_india
2026-07-14T07:15:00+00:00,52.7,52.77,52.7,52.7,2894.0,real_delta_india
2026-07-14T07:30:00+00:00,52.7,52.72,52.55,52.56,7647.0,real_delta_india
2026-07-14T07:45:00+00:00,52.55,52.67,52.54,52.57,5633.0,real_delta_india
2026-07-14T08:00:00+00:00,52.57,52.63,52.45,52.46,17767.0,real_delta_india
2026-07-14T08:15:00+00:00,52.5,52.67,52.5,52.67,6312.0,real_delta_india
2026-07-14T08:30:00+00:00,52.61,52.71,52.61,52.67,4035.0,real_delta_india
2026-07-14T08:45:00+00:00,52.68,52.68,52.58,52.58,3555.0,real_delta_india
2026-07-14T09:00:00+00:00,52.56,52.76,52.55,52.7,4723.0,real_delta_india
2026-07-14T09:15:00+00:00,52.7,52.71,52.61,52.61,2743.0,real_delta_india
2026-07-14T09:30:00+00:00,52.58,52.62,52.57,52.61,3538.0,real_delta_india
2026-07-14T09:45:00+00:00,52.61,52.75,52.6,52.67,13888.0,real_delta_india
2026-07-14T10:00:00+00:00,52.69,52.69,52.55,52.58,5548.0,real_delta_india
2026-07-14T10:15:00+00:00,52.58,52.59,52.48,52.56,4492.0,real_delta_india
2026-07-14T10:30:00+00:00,52.56,52.56,52.46,52.52,3052.0,real_delta_india
2026-07-14T10:45:00+00:00,52.51,52.57,52.5,52.54,21021.0,real_delta_india
2026-07-14T11:00:00+00:00,52.49,52.54,52.36,52.49,24487.0,real_delta_india
2026-07-14T11:15:00+00:00,52.5,52.68,52.49,52.6,9219.0,real_delta_india
2026-07-14T11:30:00+00:00,52.61,52.66,52.55,52.63,5304.0,real_delta_india
2026-07-14T11:45:00+00:00,52.64,52.68,52.6,52.68,5275.0,real_delta_india
2026-07-14T12:00:00+00:00,52.68,52.68,52.49,52.51,9134.0,real_delta_india
2026-07-14T12:15:00+00:00,52.5,52.62,52.42,52.59,5610.0,real_delta_india
2026-07-14T12:30:00+00:00,52.67,54.06,52.67,53.63,182860.0,real_delta_india
2026-07-14T12:45:00+00:00,53.56,53.66,53.16,53.57,50107.0,real_delta_india
2026-07-14T13:00:00+00:00,53.56,53.65,53.41,53.43,27160.0,real_delta_india
2026-07-14T13:15:00+00:00,53.46,53.77,53.45,53.69,42556.0,real_delta_india
2026-07-14T13:30:00+00:00,53.73,54.0,53.57,53.98,25168.0,real_delta_india
2026-07-14T13:45:00+00:00,53.97,53.97,53.58,53.59,30532.0,real_delta_india
2026-07-14T14:00:00+00:00,53.54,53.68,53.44,53.58,29704.0,real_delta_india
2026-07-14T14:15:00+00:00,53.54,53.72,53.38,53.6,16231.0,real_delta_india
2026-07-14T14:30:00+00:00,53.59,53.86,53.47,53.68,21544.0,real_delta_india
2026-07-14T14:45:00+00:00,53.72,53.78,53.59,53.75,7443.0,real_delta_india
2026-07-14T15:00:00+00:00,53.76,54.09,53.58,53.81,13495.0,real_delta_india
2026-07-14T15:15:00+00:00,53.82,53.83,53.64,53.66,15769.0,real_delta_india
2026-07-14T15:30:00+00:00,53.67,53.67,53.28,53.45,16818.0,real_delta_india
2026-07-14T15:45:00+00:00,53.45,53.47,53.27,53.31,12733.0,real_delta_india
2026-07-14T16:00:00+00:00,53.31,53.36,53.17,53.33,19324.0,real_delta_india
2026-07-14T16:15:00+00:00,53.33,53.4,53.29,53.35,6674.0,real_delta_india
2026-07-14T16:30:00+00:00,53.32,53.35,53.23,53.33,28013.0,real_delta_india
2026-07-14T16:45:00+00:00,53.31,53.33,53.19,53.28,12223.0,real_delta_india
2026-07-14T17:00:00+00:00,53.28,53.29,53.13,53.18,8316.0,real_delta_india
2026-07-14T17:15:00+00:00,53.19,53.34,53.15,53.34,7635.0,real_delta_india
2026-07-14T17:30:00+00:00,53.35,53.35,53.27,53.28,5127.0,real_delta_india
2026-07-14T17:45:00+00:00,53.27,53.35,53.24,53.32,2071.0,real_delta_india
2026-07-14T18:00:00+00:00,53.32,53.36,53.27,53.34,8897.0,real_delta_india
2026-07-14T18:15:00+00:00,53.36,53.36,53.26,53.28,16752.0,real_delta_india
2026-07-14T18:30:00+00:00,53.28,53.28,53.02,53.08,14962.0,real_delta_india
2026-07-14T18:45:00+00:00,53.11,53.18,53.07,53.18,5944.0,real_delta_india
2026-07-14T19:00:00+00:00,53.15,53.31,53.14,53.31,9821.0,real_delta_india
2026-07-14T19:15:00+00:00,53.3,53.3,53.23,53.23,6987.0,real_delta_india
2026-07-14T19:30:00+00:00,53.22,53.26,53.18,53.23,6047.0,real_delta_india
2026-07-14T19:45:00+00:00,53.28,53.34,53.28,53.34,14029.0,real_delta_india
2026-07-14T20:00:00+00:00,53.31,53.33,53.29,53.3,1293.0,real_delta_india
2026-07-14T20:15:00+00:00,53.3,53.3,53.24,53.25,1360.0,real_delta_india
2026-07-14T20:30:00+00:00,53.25,53.25,53.2,53.23,457.0,real_delta_india
2026-07-14T20:45:00+00:00,53.19,53.26,53.19,53.24,5651.0,real_delta_india
2026-07-14T21:00:00+00:00,53.26,53.27,53.24,53.25,821.0,real_delta_india
2026-07-14T21:15:00+00:00,53.28,53.28,53.26,53.28,305.0,real_delta_india
2026-07-14T21:30:00+00:00,53.28,53.3,53.27,53.29,186.0,real_delta_india
2026-07-14T21:45:00+00:00,53.28,53.28,53.27,53.27,25.0,real_delta_india
2026-07-14T22:00:00+00:00,53.28,53.3,53.2,53.22,171.0,real_delta_india
2026-07-14T22:15:00+00:00,53.21,53.25,53.21,53.22,270.0,real_delta_india
2026-07-14T22:30:00+00:00,53.26,53.26,53.21,53.21,202.0,real_delta_india
2026-07-14T22:45:00+00:00,53.2,53.22,53.2,53.22,89.0,real_delta_india
2026-07-14T23:00:00+00:00,53.24,53.24,53.24,53.24,32.0,real_delta_india
2026-07-14T23:15:00+00:00,53.19,53.3,53.19,53.3,5246.0,real_delta_india
2026-07-14T23:30:00+00:00,53.32,53.35,53.32,53.33,305.0,real_delta_india
2026-07-14T23:45:00+00:00,53.31,53.33,53.29,53.33,286.0,real_delta_india
2026-07-15T00:00:00+00:00,53.31,53.34,53.3,53.31,2912.0,real_delta_india
2026-07-15T00:15:00+00:00,53.31,53.43,53.3,53.43,2915.0,real_delta_india
2026-07-15T00:30:00+00:00,53.44,53.44,53.26,53.37,38339.0,real_delta_india
2026-07-15T00:45:00+00:00,53.31,53.53,53.29,53.51,4430.0,real_delta_india
2026-07-15T01:00:00+00:00,53.42,53.5,53.39,53.48,6652.0,real_delta_india
2026-07-15T01:15:00+00:00,53.52,53.54,53.44,53.45,38762.0,real_delta_india
2026-07-15T01:30:00+00:00,53.4,53.4,53.02,53.08,61656.0,real_delta_india
2026-07-15T01:45:00+00:00,53.08,53.16,52.95,53.0,22611.0,real_delta_india
2026-07-15T02:00:00+00:00,52.94,53.06,52.84,52.94,8793.0,real_delta_india
2026-07-15T02:15:00+00:00,52.92,52.94,52.84,52.93,11440.0,real_delta_india
2026-07-15T02:30:00+00:00,52.99,53.23,52.99,53.22,7104.0,real_delta_india
2026-07-15T02:45:00+00:00,53.22,53.22,53.05,53.15,8236.0,real_delta_india
2026-07-15T03:00:00+00:00,53.06,53.11,53.01,53.02,6668.0,real_delta_india
2026-07-15T03:15:00+00:00,53.0,53.02,52.81,52.81,6142.0,real_delta_india
2026-07-15T03:30:00+00:00,52.84,53.02,52.84,52.91,17692.0,real_delta_india
2026-07-15T03:45:00+00:00,52.96,53.0,52.94,52.99,2048.0,real_delta_india
2026-07-15T04:00:00+00:00,53.04,53.04,52.93,52.96,9732.0,real_delta_india
2026-07-15T04:15:00+00:00,52.94,53.07,52.93,53.04,11182.0,real_delta_india
2026-07-15T04:30:00+00:00,53.02,53.04,52.93,52.94,5692.0,real_delta_india
2026-07-15T04:45:00+00:00,52.94,53.04,52.94,53.04,5318.0,real_delta_india
2026-07-15T05:00:00+00:00,53.08,53.08,52.82,52.86,19648.0,real_delta_india
2026-07-15T05:15:00+00:00,52.84,52.92,52.83,52.87,9417.0,real_delta_india
2026-07-15T05:30:00+00:00,52.86,53.05,52.71,52.95,33717.0,real_delta_india
2026-07-15T05:45:00+00:00,52.93,53.09,52.93,53.09,4048.0,real_delta_india
2026-07-15T06:00:00+00:00,53.07,53.09,52.88,52.89,4615.0,real_delta_india
2026-07-15T06:15:00+00:00,52.85,52.87,52.65,52.77,16077.0,real_delta_india
2026-07-15T06:30:00+00:00,52.76,52.84,52.7,52.84,26206.0,real_delta_india
2026-07-15T06:45:00+00:00,52.85,52.95,52.8,52.94,11015.0,real_delta_india
2026-07-15T07:00:00+00:00,52.88,53.09,52.85,52.89,9556.0,real_delta_india
2026-07-15T07:15:00+00:00,52.91,52.94,52.62,52.77,15725.0,real_delta_india
2026-07-15T07:30:00+00:00,52.77,52.81,52.67,52.72,6041.0,real_delta_india
2026-07-15T07:45:00+00:00,52.72,52.85,52.72,52.78,1889.0,real_delta_india
2026-07-15T08:00:00+00:00,52.83,52.87,52.71,52.71,4265.0,real_delta_india
2026-07-15T08:15:00+00:00,52.79,52.89,52.75,52.89,3812.0,real_delta_india
2026-07-15T08:30:00+00:00,52.93,52.97,52.87,52.91,3500.0,real_delta_india
2026-07-15T08:45:00+00:00,52.99,53.0,52.95,53.0,3553.0,real_delta_india
2026-07-15T09:00:00+00:00,53.0,53.06,52.97,52.97,11136.0,real_delta_india
2026-07-15T09:15:00+00:00,52.96,53.03,52.93,52.96,1782.0,real_delta_india
2026-07-15T09:30:00+00:00,52.98,52.98,52.91,52.93,3347.0,real_delta_india
2026-07-15T09:45:00+00:00,52.94,52.94,52.84,52.94,2454.0,real_delta_india
2026-07-15T10:00:00+00:00,52.91,52.94,52.83,52.88,2717.0,real_delta_india
2026-07-15T10:15:00+00:00,52.85,52.92,52.6,52.64,6553.0,real_delta_india
2026-07-15T10:30:00+00:00,52.71,52.8,52.68,52.72,6257.0,real_delta_india
2026-07-15T10:45:00+00:00,52.72,52.72,52.62,52.64,7606.0,real_delta_india
2026-07-15T11:00:00+00:00,52.67,52.67,52.53,52.58,11250.0,real_delta_india
2026-07-15T11:15:00+00:00,52.55,52.67,52.5,52.64,7114.0,real_delta_india
2026-07-15T11:30:00+00:00,52.62,52.84,52.62,52.81,8242.0,real_delta_india
2026-07-15T11:45:00+00:00,52.78,52.83,52.7,52.82,11494.0,real_delta_india
2026-07-15T12:00:00+00:00,52.82,52.85,52.71,52.76,30912.0,real_delta_india
2026-07-15T12:15:00+00:00,52.73,52.87,52.48,52.63,45380.0,real_delta_india
2026-07-15T12:30:00+00:00,52.75,53.13,52.75,52.97,89168.0,real_delta_india
2026-07-15T12:45:00+00:00,53.0,53.31,52.96,53.22,50127.0,real_delta_india
2026-07-15T13:00:00+00:00,53.19,53.43,53.11,53.12,31343.0,real_delta_india
2026-07-15T13:15:00+00:00,53.12,53.15,52.88,52.96,29360.0,real_delta_india
2026-07-15T13:30:00+00:00,52.99,53.14,52.99,53.0,14398.0,real_delta_india
2026-07-15T13:45:00+00:00,52.95,53.05,52.8,52.95,57175.0,real_delta_india
2026-07-15T14:00:00+00:00,53.01,53.08,52.93,53.0,21595.0,real_delta_india
2026-07-15T14:15:00+00:00,53.0,53.06,52.78,52.83,10484.0,real_delta_india
2026-07-15T14:30:00+00:00,52.87,52.92,52.72,52.76,27282.0,real_delta_india
2026-07-15T14:45:00+00:00,52.74,52.79,52.62,52.76,20774.0,real_delta_india
2026-07-15T15:00:00+00:00,52.79,52.84,52.27,52.32,47220.0,real_delta_india
2026-07-15T15:15:00+00:00,52.28,52.46,52.18,52.43,72962.0,real_delta_india
2026-07-15T15:30:00+00:00,52.42,52.48,52.35,52.48,13279.0,real_delta_india
2026-07-15T15:45:00+00:00,52.45,52.52,52.32,52.32,9122.0,real_delta_india
2026-07-15T16:00:00+00:00,52.36,52.36,52.2,52.22,22454.0,real_delta_india
2026-07-15T16:15:00+00:00,52.22,52.23,51.74,51.78,91266.0,real_delta_india
2026-07-15T16:30:00+00:00,51.77,51.88,51.42,51.53,105597.0,real_delta_india
2026-07-15T16:45:00+00:00,51.52,51.77,51.5,51.68,57037.0,real_delta_india
2026-07-15T17:00:00+00:00,51.66,51.79,51.65,51.73,28935.0,real_delta_india
2026-07-15T17:15:00+00:00,51.73,52.05,51.66,52.03,24296.0,real_delta_india
2026-07-15T17:30:00+00:00,52.03,52.33,52.03,52.31,49564.0,real_delta_india
2026-07-15T17:45:00+00:00,52.3,52.42,52.29,52.35,50674.0,real_delta_india
2026-07-15T18:00:00+00:00,52.35,52.75,52.35,52.75,73876.0,real_delta_india
2026-07-15T18:15:00+00:00,52.75,52.89,52.68,52.85,31192.0,real_delta_india
2026-07-15T18:30:00+00:00,52.87,53.0,52.66,52.69,51511.0,real_delta_india
2026-07-15T18:45:00+00:00,52.66,52.71,52.5,52.58,50706.0,real_delta_india
2026-07-15T19:00:00+00:00,52.58,52.7,52.55,52.66,26681.0,real_delta_india
2026-07-15T19:15:00+00:00,52.68,52.68,52.51,52.51,8823.0,real_delta_india
2026-07-15T19:30:00+00:00,52.55,52.55,52.32,52.38,5251.0,real_delta_india
2026-07-15T19:45:00+00:00,52.38,52.44,52.33,52.41,16494.0,real_delta_india
2026-07-15T20:00:00+00:00,52.45,52.48,52.42,52.44,2434.0,real_delta_india
2026-07-15T20:15:00+00:00,52.48,52.53,52.47,52.49,1315.0,real_delta_india
2026-07-15T20:30:00+00:00,52.51,52.55,52.48,52.51,4471.0,real_delta_india
2026-07-15T20:45:00+00:00,52.53,52.53,52.48,52.48,1333.0,real_delta_india
2026-07-15T21:00:00+00:00,52.48,52.56,52.48,52.52,514.0,real_delta_india
2026-07-15T21:15:00+00:00,52.52,52.55,52.51,52.55,2471.0,real_delta_india
2026-07-15T21:30:00+00:00,52.55,52.55,52.52,52.55,661.0,real_delta_india
2026-07-15T21:45:00+00:00,52.55,52.55,52.52,52.52,535.0,real_delta_india
2026-07-15T22:00:00+00:00,52.49,52.53,52.49,52.51,134.0,real_delta_india
2026-07-15T22:15:00+00:00,52.49,52.49,52.49,52.49,1.0,real_delta_india
2026-07-15T22:30:00+00:00,52.49,52.49,52.45,52.48,73.0,real_delta_india
2026-07-15T22:45:00+00:00,52.44,52.48,52.43,52.48,6384.0,real_delta_india
2026-07-15T23:00:00+00:00,52.45,52.48,52.45,52.48,15.0,real_delta_india
2026-07-15T23:15:00+00:00,52.5,52.51,52.47,52.5,1133.0,real_delta_india
2026-07-15T23:30:00+00:00,52.48,52.53,52.42,52.44,6109.0,real_delta_india
2026-07-15T23:45:00+00:00,52.48,52.52,52.45,52.48,4926.0,real_delta_india
2026-07-16T00:00:00+00:00,52.48,52.52,52.41,52.42,1168.0,real_delta_india
2026-07-16T00:15:00+00:00,52.47,52.5,52.4,52.45,9276.0,real_delta_india
2026-07-16T00:30:00+00:00,52.44,52.44,52.25,52.27,15947.0,real_delta_india
2026-07-16T00:45:00+00:00,52.28,52.42,52.18,52.19,10844.0,real_delta_india
2026-07-16T01:00:00+00:00,52.17,52.3,52.0,52.05,28053.0,real_delta_india
2026-07-16T01:15:00+00:00,52.08,52.1,51.67,51.77,24649.0,real_delta_india
2026-07-16T01:30:00+00:00,51.72,52.0,51.72,51.92,46549.0,real_delta_india
2026-07-16T01:45:00+00:00,51.91,51.99,51.77,51.83,13972.0,real_delta_india
2026-07-16T02:00:00+00:00,51.86,51.91,51.71,51.76,26867.0,real_delta_india
2026-07-16T02:15:00+00:00,51.73,51.91,51.7,51.91,8449.0,real_delta_india
2026-07-16T02:30:00+00:00,51.87,51.92,51.68,51.77,13732.0,real_delta_india
2026-07-16T02:45:00+00:00,51.8,51.89,51.69,51.89,14006.0,real_delta_india
2026-07-16T03:00:00+00:00,51.89,51.9,51.74,51.75,23259.0,real_delta_india
2026-07-16T03:15:00+00:00,51.76,51.89,51.72,51.89,5226.0,real_delta_india
2026-07-16T03:30:00+00:00,51.89,51.92,51.81,51.92,5333.0,real_delta_india
2026-07-16T03:45:00+00:00,51.88,51.99,51.87,51.93,4002.0,real_delta_india
2026-07-16T04:00:00+00:00,51.97,51.97,51.85,51.97,3497.0,real_delta_india
2026-07-16T04:15:00+00:00,51.95,51.95,51.84,51.84,3695.0,real_delta_india
2026-07-16T04:30:00+00:00,51.85,51.89,51.79,51.8,14400.0,real_delta_india
2026-07-16T04:45:00+00:00,51.82,51.88,51.81,51.82,1969.0,real_delta_india
2026-07-16T05:00:00+00:00,51.88,51.88,51.75,51.85,6381.0,real_delta_india
2026-07-16T05:15:00+00:00,51.9,51.9,51.76,51.8,13894.0,real_delta_india
2026-07-16T05:30:00+00:00,51.76,52.0,51.71,52.0,30280.0,real_delta_india
2026-07-16T05:45:00+00:00,52.02,52.03,51.86,51.95,19428.0,real_delta_india
2026-07-16T06:00:00+00:00,52.0,52.2,51.96,52.05,39038.0,real_delta_india
2026-07-16T06:15:00+00:00,52.05,52.08,51.89,51.94,8622.0,real_delta_india
2026-07-16T06:30:00+00:00,51.93,51.93,51.63,51.77,64951.0,real_delta_india
2026-07-16T06:45:00+00:00,51.78,51.94,51.77,51.93,11279.0,real_delta_india
2026-07-16T07:00:00+00:00,51.93,51.93,51.79,51.8,18570.0,real_delta_india
2026-07-16T07:15:00+00:00,51.77,51.77,51.53,51.6,34275.0,real_delta_india
2026-07-16T07:30:00+00:00,51.59,51.71,51.55,51.7,16550.0,real_delta_india
2026-07-16T07:45:00+00:00,51.64,51.7,51.52,51.65,10372.0,real_delta_india
2026-07-16T08:00:00+00:00,51.66,51.75,51.36,51.4,57916.0,real_delta_india
2026-07-16T08:15:00+00:00,51.44,51.77,51.38,51.63,30058.0,real_delta_india
2026-07-16T08:30:00+00:00,51.65,51.74,51.61,51.74,7124.0,real_delta_india
2026-07-16T08:45:00+00:00,51.71,51.84,51.71,51.84,12097.0,real_delta_india
2026-07-16T09:00:00+00:00,51.81,51.87,51.76,51.84,24911.0,real_delta_india
2026-07-16T09:15:00+00:00,51.84,51.87,51.76,51.8,5350.0,real_delta_india
2026-07-16T09:30:00+00:00,51.81,51.81,51.71,51.76,5871.0,real_delta_india
2026-07-16T09:45:00+00:00,51.71,51.83,51.66,51.72,12909.0,real_delta_india
2026-07-16T10:00:00+00:00,51.71,51.71,51.52,51.57,42443.0,real_delta_india
2026-07-16T10:15:00+00:00,51.59,51.62,51.47,51.57,15607.0,real_delta_india
2026-07-16T10:30:00+00:00,51.55,51.6,51.43,51.48,14505.0,real_delta_india
2026-07-16T10:45:00+00:00,51.48,51.49,51.34,51.38,12583.0,real_delta_india
2026-07-16T11:00:00+00:00,51.38,51.45,51.24,51.35,61790.0,real_delta_india
2026-07-16T11:15:00+00:00,51.39,51.45,51.29,51.35,25584.0,real_delta_india
2026-07-16T11:30:00+00:00,51.35,51.55,51.32,51.44,31809.0,real_delta_india
2026-07-16T11:45:00+00:00,51.53,51.6,51.25,51.51,38208.0,real_delta_india
2026-07-16T12:00:00+00:00,51.53,51.6,51.35,51.4,37184.0,real_delta_india
2026-07-16T12:15:00+00:00,51.39,51.42,51.08,51.31,108363.0,real_delta_india
2026-07-16T12:30:00+00:00,51.27,51.56,50.9,50.93,70964.0,real_delta_india
2026-07-16T12:45:00+00:00,50.99,51.08,50.66,50.77,70006.0,real_delta_india
2026-07-16T13:00:00+00:00,50.73,50.83,50.36,50.79,138092.0,real_delta_india
2026-07-16T13:15:00+00:00,50.81,51.19,50.76,51.14,32418.0,real_delta_india
2026-07-16T13:30:00+00:00,51.14,51.23,50.57,50.59,79898.0,real_delta_india
2026-07-16T13:45:00+00:00,50.61,50.78,50.55,50.6,66610.0,real_delta_india
2026-07-16T14:00:00+00:00,50.65,50.83,50.56,50.66,35690.0,real_delta_india
2026-07-16T14:15:00+00:00,50.65,51.01,50.57,50.95,95378.0,real_delta_india
2026-07-16T14:30:00+00:00,50.95,51.08,50.84,51.08,38627.0,real_delta_india
2026-07-16T14:45:00+00:00,51.1,51.14,50.85,50.96,21168.0,real_delta_india
2026-07-16T15:00:00+00:00,51.0,51.01,50.83,50.9,50392.0,real_delta_india
2026-07-16T15:15:00+00:00,50.88,51.36,50.87,51.23,51461.0,real_delta_india
2026-07-16T15:30:00+00:00,51.17,51.32,51.11,51.2,52125.0,real_delta_india
2026-07-16T15:45:00+00:00,51.2,51.26,51.1,51.11,32627.0,real_delta_india
2026-07-16T16:00:00+00:00,51.11,51.12,50.81,50.81,27088.0,real_delta_india
2026-07-16T16:15:00+00:00,50.84,50.86,50.69,50.83,68059.0,real_delta_india
2026-07-16T16:30:00+00:00,50.85,50.94,50.8,50.93,27258.0,real_delta_india
2026-07-16T16:45:00+00:00,50.92,51.03,50.82,50.94,9369.0,real_delta_india
2026-07-16T17:00:00+00:00,50.9,50.98,50.72,50.76,25538.0,real_delta_india
2026-07-16T17:15:00+00:00,50.77,50.85,50.64,50.71,60798.0,real_delta_india
2026-07-16T17:30:00+00:00,50.69,50.73,50.52,50.55,35165.0,real_delta_india
2026-07-16T17:45:00+00:00,50.55,50.69,50.53,50.62,10363.0,real_delta_india
2026-07-16T18:00:00+00:00,50.62,50.73,50.58,50.65,11436.0,real_delta_india
2026-07-16T18:15:00+00:00,50.64,50.77,50.64,50.66,12227.0,real_delta_india
2026-07-16T18:30:00+00:00,50.65,50.65,50.28,50.5,49728.0,real_delta_india
2026-07-16T18:45:00+00:00,50.52,50.57,50.43,50.48,19239.0,real_delta_india
2026-07-16T19:00:00+00:00,50.48,50.62,50.46,50.5,15993.0,real_delta_india
2026-07-16T19:15:00+00:00,50.49,50.61,50.45,50.46,8926.0,real_delta_india
2026-07-16T19:30:00+00:00,50.42,50.46,50.32,50.39,20823.0,real_delta_india
2026-07-16T19:45:00+00:00,50.41,50.64,50.35,50.64,37182.0,real_delta_india
2026-07-16T20:00:00+00:00,50.61,50.61,50.46,50.48,11664.0,real_delta_india
2026-07-16T20:15:00+00:00,50.47,50.52,50.44,50.44,13180.0,real_delta_india
2026-07-16T20:30:00+00:00,50.42,50.48,50.4,50.45,19640.0,real_delta_india
2026-07-16T20:45:00+00:00,50.49,50.51,50.47,50.48,1418.0,real_delta_india
2026-07-16T21:00:00+00:00,50.47,50.6,50.47,50.59,1236.0,real_delta_india
2026-07-16T21:15:00+00:00,50.61,50.61,50.58,50.61,1528.0,real_delta_india
2026-07-16T21:30:00+00:00,50.59,50.64,50.59,50.6,2292.0,real_delta_india
2026-07-16T21:45:00+00:00,50.63,50.63,50.6,50.62,3931.0,real_delta_india
2026-07-16T22:00:00+00:00,50.55,50.55,50.46,50.46,700.0,real_delta_india
2026-07-16T22:15:00+00:00,50.45,50.48,50.42,50.47,7043.0,real_delta_india
2026-07-16T22:30:00+00:00,50.47,50.48,50.41,50.41,668.0,real_delta_india
2026-07-16T22:45:00+00:00,50.4,50.42,50.35,50.42,5489.0,real_delta_india
2026-07-16T23:00:00+00:00,50.42,50.48,50.42,50.45,557.0,real_delta_india
2026-07-16T23:15:00+00:00,50.49,50.49,50.43,50.49,2322.0,real_delta_india
2026-07-16T23:30:00+00:00,50.51,50.51,50.4,50.46,4074.0,real_delta_india
2026-07-16T23:45:00+00:00,50.4,50.5,50.36,50.5,1049.0,real_delta_india
2026-07-17T00:00:00+00:00,50.51,50.53,50.4,50.43,3289.0,real_delta_india
2026-07-17T00:15:00+00:00,50.41,50.56,50.39,50.39,9623.0,real_delta_india
2026-07-17T00:30:00+00:00,50.37,50.4,50.27,50.3,21105.0,real_delta_india
2026-07-17T00:45:00+00:00,50.35,50.67,50.35,50.67,7474.0,real_delta_india
2026-07-17T01:00:00+00:00,50.62,50.66,50.47,50.52,6392.0,real_delta_india
2026-07-17T01:15:00+00:00,50.58,50.62,50.35,50.44,34812.0,real_delta_india
2026-07-17T01:30:00+00:00,50.48,50.48,50.31,50.38,6354.0,real_delta_india
2026-07-17T01:45:00+00:00,50.35,50.35,50.0,50.18,60717.0,real_delta_india
2026-07-17T02:00:00+00:00,50.15,50.25,50.05,50.16,31397.0,real_delta_india
2026-07-17T02:15:00+00:00,50.17,50.26,50.14,50.14,9180.0,real_delta_india
2026-07-17T02:30:00+00:00,50.13,50.13,49.79,49.88,47876.0,real_delta_india
2026-07-17T02:45:00+00:00,49.81,49.92,49.74,49.83,33773.0,real_delta_india
2026-07-17T03:00:00+00:00,49.88,50.28,49.88,50.19,22982.0,real_delta_india
2026-07-17T03:15:00+00:00,50.2,50.64,50.2,50.53,53432.0,real_delta_india
2026-07-17T03:30:00+00:00,50.53,50.53,50.44,50.5,11210.0,real_delta_india
2026-07-17T03:45:00+00:00,50.54,50.56,50.31,50.34,5751.0,real_delta_india
2026-07-17T04:00:00+00:00,50.34,50.34,50.26,50.28,6502.0,real_delta_india
2026-07-17T04:15:00+00:00,50.28,50.32,50.21,50.22,11725.0,real_delta_india
2026-07-17T04:30:00+00:00,50.23,50.25,50.01,50.13,31437.0,real_delta_india
2026-07-17T04:45:00+00:00,50.15,50.21,50.15,50.17,8295.0,real_delta_india
2026-07-17T05:00:00+00:00,50.15,50.17,50.06,50.1,25403.0,real_delta_india
2026-07-17T05:15:00+00:00,50.12,50.15,49.95,49.98,32640.0,real_delta_india
2026-07-17T05:30:00+00:00,49.96,50.31,49.94,50.25,32629.0,real_delta_india
2026-07-17T05:45:00+00:00,50.22,50.47,50.07,50.35,51434.0,real_delta_india
2026-07-17T06:00:00+00:00,50.41,50.81,50.36,50.79,67492.0,real_delta_india
2026-07-17T06:15:00+00:00,50.8,50.81,50.66,50.76,50125.0,real_delta_india
2026-07-17T06:30:00+00:00,50.7,50.77,50.43,50.47,50632.0,real_delta_india
2026-07-17T06:45:00+00:00,50.46,50.55,50.4,50.45,9702.0,real_delta_india
2026-07-17T07:00:00+00:00,50.44,50.5,50.33,50.41,8892.0,real_delta_india
2026-07-17T07:15:00+00:00,50.39,50.48,50.32,50.38,26401.0,real_delta_india
2026-07-17T07:30:00+00:00,50.39,50.45,50.36,50.44,16761.0,real_delta_india
2026-07-17T07:45:00+00:00,50.49,50.49,50.33,50.34,5189.0,real_delta_india
2026-07-17T08:00:00+00:00,50.36,50.55,50.31,50.33,8873.0,real_delta_india
2026-07-17T08:15:00+00:00,50.37,50.37,50.2,50.32,21485.0,real_delta_india
2026-07-17T08:30:00+00:00,50.3,50.36,50.15,50.36,10888.0,real_delta_india
2026-07-17T08:45:00+00:00,50.35,50.47,50.34,50.38,18498.0,real_delta_india
2026-07-17T09:00:00+00:00,50.37,50.5,50.35,50.5,9155.0,real_delta_india
2026-07-17T09:15:00+00:00,50.53,50.62,50.45,50.52,15774.0,real_delta_india
2026-07-17T09:30:00+00:00,50.51,50.53,50.37,50.46,25093.0,real_delta_india
2026-07-17T09:45:00+00:00,50.46,50.48,50.42,50.46,5065.0,real_delta_india
2026-07-17T10:00:00+00:00,50.45,50.45,50.35,50.43,6111.0,real_delta_india
2026-07-17T10:15:00+00:00,50.44,50.44,50.3,50.39,9548.0,real_delta_india
2026-07-17T10:30:00+00:00,50.36,50.41,50.32,50.38,4946.0,real_delta_india
2026-07-17T10:45:00+00:00,50.38,50.4,50.19,50.19,14014.0,real_delta_india
2026-07-17T11:00:00+00:00,50.23,50.31,50.19,50.3,10776.0,real_delta_india
2026-07-17T11:15:00+00:00,50.28,50.39,50.19,50.36,10552.0,real_delta_india
2026-07-17T11:30:00+00:00,50.35,50.36,50.27,50.28,3365.0,real_delta_india
2026-07-17T11:45:00+00:00,50.25,50.47,50.25,50.32,8092.0,real_delta_india
2026-07-17T12:00:00+00:00,50.33,50.37,50.14,50.25,11613.0,real_delta_india
2026-07-17T12:15:00+00:00,50.27,50.28,50.11,50.28,28747.0,real_delta_india
2026-07-17T12:30:00+00:00,50.24,50.3,49.93,50.05,34636.0,real_delta_india
2026-07-17T12:45:00+00:00,50.08,50.24,49.94,50.04,37218.0,real_delta_india
2026-07-17T13:00:00+00:00,49.99,50.22,49.95,50.0,25263.0,real_delta_india
2026-07-17T13:15:00+00:00,50.0,50.1,49.88,49.95,27232.0,real_delta_india
2026-07-17T13:30:00+00:00,49.93,50.31,49.85,50.09,78470.0,real_delta_india
2026-07-17T13:45:00+00:00,50.09,50.68,50.0,50.68,47097.0,real_delta_india
2026-07-17T14:00:00+00:00,50.69,50.75,50.55,50.57,81157.0,real_delta_india
2026-07-17T14:15:00+00:00,50.56,50.88,50.55,50.73,62668.0,real_delta_india
2026-07-17T14:30:00+00:00,50.71,50.71,50.5,50.55,85143.0,real_delta_india
2026-07-17T14:45:00+00:00,50.53,50.6,50.43,50.56,62602.0,real_delta_india
2026-07-17T15:00:00+00:00,50.58,50.87,50.54,50.69,74994.0,real_delta_india
2026-07-17T15:15:00+00:00,50.69,50.83,50.64,50.83,23371.0,real_delta_india
2026-07-17T15:30:00+00:00,50.85,50.99,50.74,50.92,24305.0,real_delta_india
2026-07-17T15:45:00+00:00,50.87,51.02,50.86,50.95,70274.0,real_delta_india
2026-07-17T16:00:00+00:00,50.91,50.95,50.76,50.89,24219.0,real_delta_india
2026-07-17T16:15:00+00:00,50.9,50.95,50.85,50.94,29450.0,real_delta_india
2026-07-17T16:30:00+00:00,50.91,50.91,50.77,50.87,17116.0,real_delta_india
2026-07-17T16:45:00+00:00,50.88,50.95,50.85,50.87,22235.0,real_delta_india
2026-07-17T17:00:00+00:00,50.88,51.04,50.88,50.93,30493.0,real_delta_india
2026-07-17T17:15:00+00:00,50.95,51.0,50.92,50.94,7285.0,real_delta_india
2026-07-17T17:30:00+00:00,50.94,50.96,50.77,50.78,9409.0,real_delta_india
2026-07-17T17:45:00+00:00,50.79,50.89,50.78,50.81,20188.0,real_delta_india
2026-07-17T18:00:00+00:00,50.81,50.92,50.78,50.92,23218.0,real_delta_india
2026-07-17T18:15:00+00:00,50.94,51.01,50.89,51.01,11632.0,real_delta_india
2026-07-17T18:30:00+00:00,51.02,51.04,50.81,50.81,6248.0,real_delta_india
2026-07-17T18:45:00+00:00,50.82,51.03,50.82,51.01,20538.0,real_delta_india
2026-07-17T19:00:00+00:00,50.99,51.0,50.83,50.83,2487.0,real_delta_india
2026-07-17T19:15:00+00:00,50.83,50.85,50.76,50.8,2758.0,real_delta_india
2026-07-17T19:30:00+00:00,50.83,51.0,50.83,50.95,4150.0,real_delta_india
2026-07-17T19:45:00+00:00,51.01,51.05,50.97,51.0,5213.0,real_delta_india
2026-07-17T20:00:00+00:00,51.0,51.01,50.95,50.96,1058.0,real_delta_india
2026-07-17T20:15:00+00:00,50.94,50.94,50.83,50.83,1005.0,real_delta_india
2026-07-17T20:30:00+00:00,50.87,50.87,50.79,50.83,1289.0,real_delta_india
2026-07-17T20:45:00+00:00,50.82,50.88,50.8,50.85,2398.0,real_delta_india
2026-07-17T21:00:00+00:00,50.89,50.89,50.81,50.84,461.0,real_delta_india
2026-07-17T21:15:00+00:00,50.84,50.84,50.84,50.84,2240.0,real_delta_india
2026-07-17T21:30:00+00:00,50.83,50.89,50.81,50.89,839.0,real_delta_india
2026-07-17T21:45:00+00:00,50.89,50.89,50.85,50.85,320.0,real_delta_india
2026-07-17T22:00:00+00:00,50.88,50.88,50.85,50.86,348.0,real_delta_india
2026-07-17T22:15:00+00:00,50.86,50.86,50.83,50.83,1427.0,real_delta_india
2026-07-17T22:30:00+00:00,50.83,50.83,50.83,50.83,23.0,real_delta_india
2026-07-17T22:45:00+00:00,50.86,50.86,50.82,50.85,630.0,real_delta_india
2026-07-17T23:00:00+00:00,50.82,50.85,50.82,50.82,121.0,real_delta_india
2026-07-17T23:15:00+00:00,50.81,50.83,50.81,50.83,533.0,real_delta_india
2026-07-17T23:30:00+00:00,50.8,50.83,50.8,50.82,168.0,real_delta_india
2026-07-17T23:45:00+00:00,50.83,50.84,50.81,50.84,737.0,real_delta_india
2026-07-18T00:00:00+00:00,50.81,50.85,50.81,50.82,538.0,real_delta_india
2026-07-18T00:15:00+00:00,50.83,50.87,50.83,50.84,32.0,real_delta_india
2026-07-18T00:30:00+00:00,50.86,50.86,50.83,50.86,114.0,real_delta_india
2026-07-18T00:45:00+00:00,50.83,50.88,50.83,50.88,123.0,real_delta_india
2026-07-18T01:00:00+00:00,50.88,50.88,50.85,50.85,1359.0,real_delta_india
2026-07-18T01:15:00+00:00,50.88,50.88,50.85,50.85,1101.0,real_delta_india
2026-07-18T01:30:00+00:00,50.88,50.88,50.85,50.88,4167.0,real_delta_india
2026-07-18T01:45:00+00:00,50.85,50.87,50.84,50.84,988.0,real_delta_india
2026-07-18T02:00:00+00:00,50.84,50.89,50.84,50.84,8839.0,real_delta_india
2026-07-18T02:15:00+00:00,50.87,50.87,50.84,50.84,937.0,real_delta_india
2026-07-18T02:30:00+00:00,50.87,50.87,50.84,50.87,2568.0,real_delta_india
2026-07-18T02:45:00+00:00,50.84,50.86,50.83,50.86,814.0,real_delta_india
2026-07-18T03:00:00+00:00,50.83,50.85,50.82,50.82,672.0,real_delta_india
2026-07-18T03:15:00+00:00,50.82,50.85,50.82,50.85,148.0,real_delta_india
2026-07-18T03:30:00+00:00,50.84,50.85,50.82,50.82,2135.0,real_delta_india
2026-07-18T03:45:00+00:00,50.82,50.83,50.81,50.81,940.0,real_delta_india
2026-07-18T04:00:00+00:00,50.81,50.83,50.8,50.81,48918.0,real_delta_india
2026-07-18T04:15:00+00:00,50.83,50.84,50.82,50.84,861.0,real_delta_india
2026-07-18T04:30:00+00:00,50.83,50.84,50.81,50.84,1492.0,real_delta_india
2026-07-18T04:45:00+00:00,50.81,50.84,50.81,50.81,176.0,real_delta_india
2026-07-18T05:00:00+00:00,50.84,50.84,50.81,50.81,996.0,real_delta_india
2026-07-18T05:15:00+00:00,50.81,50.83,50.81,50.81,296.0,real_delta_india
2026-07-18T05:30:00+00:00,50.84,50.86,50.82,50.86,3564.0,real_delta_india
2026-07-18T05:45:00+00:00,50.86,50.86,50.83,50.86,875.0,real_delta_india
2026-07-18T06:00:00+00:00,50.83,50.86,50.83,50.83,1108.0,real_delta_india
2026-07-18T06:15:00+00:00,50.86,50.86,50.82,50.85,220.0,real_delta_india
2026-07-18T06:30:00+00:00,50.86,50.86,50.83,50.85,15456.0,real_delta_india
2026-07-18T06:45:00+00:00,50.85,50.85,50.81,50.81,85.0,real_delta_india
2026-07-18T07:00:00+00:00,50.84,50.85,50.81,50.85,4338.0,real_delta_india
2026-07-18T07:15:00+00:00,50.86,50.88,50.85,50.85,64.0,real_delta_india
2026-07-18T07:30:00+00:00,50.85,50.89,50.85,50.86,1324.0,real_delta_india
2026-07-18T07:45:00+00:00,50.85,50.88,50.85,50.88,1000.0,real_delta_india
2026-07-18T08:00:00+00:00,50.85,50.89,50.85,50.89,1316.0,real_delta_india
2026-07-18T08:15:00+00:00,50.89,50.89,50.86,50.86,106.0,real_delta_india
2026-07-18T08:30:00+00:00,50.89,50.89,50.86,50.86,1580.0,real_delta_india
2026-07-18T08:45:00+00:00,50.9,50.9,50.87,50.87,1587.0,real_delta_india
2026-07-18T09:00:00+00:00,50.87,50.9,50.86,50.89,985.0,real_delta_india
2026-07-18T09:15:00+00:00,50.89,50.89,50.87,50.87,261.0,real_delta_india
2026-07-18T09:30:00+00:00,50.89,50.9,50.87,50.87,510.0,real_delta_india
2026-07-18T09:45:00+00:00,50.87,50.9,50.86,50.86,427.0,real_delta_india
2026-07-18T10:00:00+00:00,50.86,50.89,50.86,50.89,11092.0,real_delta_india
2026-07-18T10:15:00+00:00,50.86,50.89,50.86,50.89,535.0,real_delta_india
2026-07-18T10:30:00+00:00,50.89,50.89,50.85,50.85,344.0,real_delta_india
2026-07-18T10:45:00+00:00,50.85,50.88,50.85,50.88,341.0,real_delta_india
2026-07-18T11:00:00+00:00,50.88,50.89,50.85,50.89,161.0,real_delta_india
2026-07-18T11:15:00+00:00,50.88,50.88,50.86,50.88,351.0,real_delta_india
2026-07-18T11:30:00+00:00,50.88,50.88,50.86,50.86,333.0,real_delta_india
2026-07-18T11:45:00+00:00,50.86,50.88,50.86,50.86,25.0,real_delta_india
2026-07-18T12:00:00+00:00,50.86,50.88,50.86,50.88,175.0,real_delta_india
2026-07-18T12:15:00+00:00,50.88,50.88,50.86,50.86,21.0,real_delta_india
2026-07-18T12:30:00+00:00,50.88,50.9,50.87,50.88,733.0,real_delta_india
2026-07-18T12:45:00+00:00,50.9,50.9,50.88,50.9,188.0,real_delta_india
2026-07-18T13:00:00+00:00,50.9,50.9,50.88,50.88,494.0,real_delta_india
2026-07-18T13:15:00+00:00,50.88,50.88,50.88,50.88,196.0,real_delta_india
2026-07-18T13:30:00+00:00,50.86,50.88,50.86,50.88,1698.0,real_delta_india
2026-07-18T13:45:00+00:00,50.86,50.89,50.86,50.89,906.0,real_delta_india
2026-07-18T14:00:00+00:00,50.88,50.88,50.85,50.85,1779.0,real_delta_india
2026-07-18T14:15:00+00:00,50.88,50.88,50.85,50.85,1612.0,real_delta_india
2026-07-18T14:30:00+00:00,50.85,50.89,50.85,50.89,985.0,real_delta_india
2026-07-18T14:45:00+00:00,50.88,50.89,50.84,50.89,11477.0,real_delta_india
2026-07-18T15:00:00+00:00,50.89,50.89,50.86,50.86,336.0,real_delta_india
2026-07-18T15:15:00+00:00,50.86,50.89,50.86,50.86,168.0,real_delta_india
2026-07-18T15:30:00+00:00,50.86,50.89,50.86,50.89,1313.0,real_delta_india
2026-07-18T15:45:00+00:00,50.89,50.89,50.86,50.89,283.0,real_delta_india
2026-07-18T16:00:00+00:00,50.89,50.89,50.85,50.85,578.0,real_delta_india
2026-07-18T16:15:00+00:00,50.88,50.88,50.86,50.86,122.0,real_delta_india
2026-07-18T16:30:00+00:00,50.88,50.88,50.85,50.85,551.0,real_delta_india
2026-07-18T16:45:00+00:00,50.87,50.88,50.85,50.86,1354.0,real_delta_india
2026-07-18T17:00:00+00:00,50.86,50.89,50.86,50.86,201.0,real_delta_india
2026-07-18T17:15:00+00:00,50.86,50.89,50.85,50.88,783.0,real_delta_india
2026-07-18T17:30:00+00:00,50.85,50.89,50.85,50.89,1922.0,real_delta_india
2026-07-18T17:45:00+00:00,50.89,50.9,50.86,50.87,4755.0,real_delta_india
2026-07-18T18:00:00+00:00,50.89,50.89,50.78,50.78,7103.0,real_delta_india
2026-07-18T18:15:00+00:00,50.82,50.85,50.78,50.82,507.0,real_delta_india
2026-07-18T18:30:00+00:00,50.82,50.84,50.81,50.83,328.0,real_delta_india
2026-07-18T18:45:00+00:00,50.83,50.83,50.79,50.82,1260.0,real_delta_india
2026-07-18T19:00:00+00:00,50.79,50.82,50.79,50.79,207.0,real_delta_india
2026-07-18T19:15:00+00:00,50.77,50.82,50.77,50.82,1003.0,real_delta_india
2026-07-18T19:30:00+00:00,50.81,50.81,50.78,50.8,231.0,real_delta_india
2026-07-18T19:45:00+00:00,50.8,50.8,50.8,50.8,1016.0,real_delta_india
2026-07-18T20:00:00+00:00,50.78,50.8,50.78,50.79,141.0,real_delta_india
2026-07-18T20:15:00+00:00,50.79,50.8,50.78,50.8,135.0,real_delta_india
2026-07-18T20:30:00+00:00,50.78,50.78,50.78,50.78,111.0,real_delta_india
2026-07-18T20:45:00+00:00,50.78,50.78,50.78,50.78,0.0,real_delta_india
2026-07-18T21:00:00+00:00,50.8,50.8,50.8,50.8,10.0,real_delta_india
2026-07-18T21:15:00+00:00,50.78,50.78,50.76,50.76,80.0,real_delta_india
2026-07-18T21:30:00+00:00,50.76,50.8,50.74,50.8,5985.0,real_delta_india
2026-07-18T21:45:00+00:00,50.77,50.77,50.74,50.76,111.0,real_delta_india
2026-07-18T22:00:00+00:00,50.79,50.79,50.79,50.79,1.0,real_delta_india
2026-07-18T22:15:00+00:00,50.79,50.79,50.79,50.79,0.0,real_delta_india
2026-07-18T22:30:00+00:00,50.83,50.83,50.79,50.79,60.0,real_delta_india
2026-07-18T22:45:00+00:00,50.79,50.79,50.79,50.79,0.0,real_delta_india
2026-07-18T23:00:00+00:00,50.82,50.82,50.82,50.82,1.0,real_delta_india
2026-07-18T23:15:00+00:00,50.83,50.84,50.8,50.84,247.0,real_delta_india
2026-07-18T23:30:00+00:00,50.84,50.84,50.81,50.81,209.0,real_delta_india
2026-07-18T23:45:00+00:00,50.84,50.85,50.84,50.85,2579.0,real_delta_india
2026-07-19T00:00:00+00:00,50.85,50.87,50.85,50.87,550.0,real_delta_india
2026-07-19T00:15:00+00:00,50.87,50.87,50.85,50.85,206.0,real_delta_india
2026-07-19T00:30:00+00:00,50.85,50.87,50.85,50.87,202.0,real_delta_india
2026-07-19T00:45:00+00:00,50.87,50.87,50.84,50.84,2862.0,real_delta_india
2026-07-19T01:00:00+00:00,50.84,50.84,50.84,50.84,0.0,real_delta_india
2026-07-19T01:15:00+00:00,50.85,50.87,50.81,50.87,18409.0,real_delta_india
2026-07-19T01:30:00+00:00,50.84,50.87,50.84,50.87,115.0,real_delta_india
2026-07-19T01:45:00+00:00,50.84,50.87,50.84,50.87,256.0,real_delta_india
2026-07-19T02:00:00+00:00,50.87,50.9,50.86,50.87,3123.0,real_delta_india
2026-07-19T02:15:00+00:00,50.87,50.9,50.87,50.9,2194.0,real_delta_india
2026-07-19T02:30:00+00:00,50.9,50.9,50.86,50.88,1396.0,real_delta_india
2026-07-19T02:45:00+00:00,50.88,50.88,50.86,50.88,338.0,real_delta_india
2026-07-19T03:00:00+00:00,50.86,50.88,50.86,50.86,782.0,real_delta_india
2026-07-19T03:15:00+00:00,50.86,50.88,50.85,50.86,5280.0,real_delta_india
2026-07-19T03:30:00+00:00,50.88,50.88,50.86,50.86,406.0,real_delta_india
2026-07-19T03:45:00+00:00,50.86,50.88,50.85,50.85,333.0,real_delta_india
2026-07-19T04:00:00+00:00,50.87,50.87,50.87,50.87,1738.0,real_delta_india
2026-07-19T04:15:00+00:00,50.87,50.87,50.83,50.86,180.0,real_delta_india
2026-07-19T04:30:00+00:00,50.83,50.88,50.83,50.88,80.0,real_delta_india
2026-07-19T04:45:00+00:00,50.87,50.87,50.84,50.84,10237.0,real_delta_india
2026-07-19T05:00:00+00:00,50.88,50.88,50.88,50.88,110.0,real_delta_india
2026-07-19T05:15:00+00:00,50.85,50.87,50.85,50.87,587.0,real_delta_india
2026-07-19T05:30:00+00:00,50.85,50.89,50.85,50.89,1361.0,real_delta_india
2026-07-19T05:45:00+00:00,50.87,50.89,50.86,50.86,1290.0,real_delta_india
2026-07-19T06:00:00+00:00,50.86,50.89,50.86,50.87,219.0,real_delta_india
2026-07-19T06:15:00+00:00,50.86,50.87,50.86,50.86,117.0,real_delta_india
2026-07-19T06:30:00+00:00,50.87,50.87,50.86,50.86,335.0,real_delta_india
2026-07-19T06:45:00+00:00,50.86,50.89,50.86,50.86,850.0,real_delta_india
2026-07-19T07:00:00+00:00,50.86,50.89,50.86,50.87,455.0,real_delta_india
2026-07-19T07:15:00+00:00,50.89,50.89,50.85,50.85,66.0,real_delta_india
2026-07-19T07:30:00+00:00,50.88,50.88,50.85,50.87,248.0,real_delta_india
2026-07-19T07:45:00+00:00,50.87,50.88,50.83,50.83,769.0,real_delta_india
2026-07-19T08:00:00+00:00,50.83,50.87,50.83,50.87,3022.0,real_delta_india
2026-07-19T08:15:00+00:00,50.87,50.87,50.84,50.84,138.0,real_delta_india
2026-07-19T08:30:00+00:00,50.86,50.87,50.83,50.87,41.0,real_delta_india
2026-07-19T08:45:00+00:00,50.82,50.85,50.82,50.82,608.0,real_delta_india
2026-07-19T09:00:00+00:00,50.85,50.85,50.82,50.85,1564.0,real_delta_india
2026-07-19T09:15:00+00:00,50.85,50.87,50.84,50.84,416.0,real_delta_india
2026-07-19T09:30:00+00:00,50.83,50.86,50.83,50.83,2193.0,real_delta_india
2026-07-19T09:45:00+00:00,50.83,50.9,50.83,50.85,1514.0,real_delta_india
2026-07-19T10:00:00+00:00,50.86,50.86,50.83,50.84,473.0,real_delta_india
2026-07-19T10:15:00+00:00,50.84,50.85,50.82,50.82,398.0,real_delta_india
2026-07-19T10:30:00+00:00,50.85,50.85,50.8,50.8,361.0,real_delta_india
2026-07-19T10:45:00+00:00,50.8,50.84,50.8,50.84,702.0,real_delta_india
2026-07-19T11:00:00+00:00,50.83,50.83,50.8,50.81,284.0,real_delta_india
2026-07-19T11:15:00+00:00,50.81,50.81,50.77,50.77,2345.0,real_delta_india
2026-07-19T11:30:00+00:00,50.78,50.78,50.76,50.77,291.0,real_delta_india
2026-07-19T11:45:00+00:00,50.77,50.78,50.77,50.77,95.0,real_delta_india
2026-07-19T12:00:00+00:00,50.77,50.8,50.77,50.8,118.0,real_delta_india
2026-07-19T12:15:00+00:00,50.8,50.8,50.77,50.8,3888.0,real_delta_india
2026-07-19T12:30:00+00:00,50.78,50.78,50.75,50.78,97.0,real_delta_india
2026-07-19T12:45:00+00:00,50.78,50.78,50.75,50.75,5347.0,real_delta_india
2026-07-19T13:00:00+00:00,50.78,50.8,50.77,50.77,429.0,real_delta_india
2026-07-19T13:15:00+00:00,50.8,50.83,50.8,50.83,257.0,real_delta_india
2026-07-19T13:30:00+00:00,50.8,50.83,50.8,50.81,1849.0,real_delta_india
2026-07-19T13:45:00+00:00,50.82,50.83,50.8,50.8,138.0,real_delta_india
2026-07-19T14:00:00+00:00,50.8,50.83,50.8,50.83,47.0,real_delta_india
2026-07-19T14:15:00+00:00,50.8,50.83,50.78,50.81,221.0,real_delta_india
2026-07-19T14:30:00+00:00,50.81,50.81,50.78,50.78,88.0,real_delta_india
2026-07-19T14:45:00+00:00,50.8,50.8,50.77,50.77,314.0,real_delta_india
2026-07-19T15:00:00+00:00,50.8,50.8,50.77,50.8,1460.0,real_delta_india
2026-07-19T15:15:00+00:00,50.77,50.8,50.75,50.75,1928.0,real_delta_india
2026-07-19T15:30:00+00:00,50.77,50.77,50.74,50.75,1498.0,real_delta_india
2026-07-19T15:45:00+00:00,50.77,50.77,50.75,50.77,1259.0,real_delta_india
2026-07-19T16:00:00+00:00,50.75,50.78,50.75,50.75,534.0,real_delta_india
2026-07-19T16:15:00+00:00,50.75,50.75,50.71,50.75,436.0,real_delta_india
2026-07-19T16:30:00+00:00,50.75,50.75,50.67,50.7,4633.0,real_delta_india
2026-07-19T16:45:00+00:00,50.69,50.69,50.65,50.65,5588.0,real_delta_india
2026-07-19T17:00:00+00:00,50.68,50.68,50.64,50.66,5494.0,real_delta_india
2026-07-19T17:15:00+00:00,50.65,50.68,50.65,50.65,444.0,real_delta_india
2026-07-19T17:30:00+00:00,50.67,50.7,50.65,50.65,2302.0,real_delta_india
2026-07-19T17:45:00+00:00,50.66,50.68,50.65,50.68,1176.0,real_delta_india
2026-07-19T18:00:00+00:00,50.65,50.68,50.65,50.66,2884.0,real_delta_india
2026-07-19T18:15:00+00:00,50.66,50.67,50.65,50.65,2152.0,real_delta_india
2026-07-19T18:30:00+00:00,50.65,50.68,50.65,50.67,4903.0,real_delta_india
2026-07-19T18:45:00+00:00,50.68,50.68,50.67,50.67,172.0,real_delta_india
2026-07-19T19:00:00+00:00,50.68,50.68,50.67,50.67,40.0,real_delta_india
2026-07-19T19:15:00+00:00,50.69,50.69,50.69,50.69,2.0,real_delta_india
2026-07-19T19:30:00+00:00,50.67,50.69,50.67,50.68,1051.0,real_delta_india
2026-07-19T19:45:00+00:00,50.66,50.68,50.65,50.68,854.0,real_delta_india
2026-07-19T20:00:00+00:00,50.68,50.7,50.68,50.7,240.0,real_delta_india
2026-07-19T20:15:00+00:00,50.67,50.67,50.65,50.65,286.0,real_delta_india
2026-07-19T20:30:00+00:00,50.65,50.67,50.65,50.65,41.0,real_delta_india
2026-07-19T20:45:00+00:00,50.68,50.68,50.68,50.68,20.0,real_delta_india
2026-07-19T21:00:00+00:00,50.65,50.65,50.65,50.65,4131.0,real_delta_india
2026-07-19T21:15:00+00:00,50.61,50.62,50.61,50.61,79.0,real_delta_india
2026-07-19T21:30:00+00:00,50.63,50.63,50.6,50.6,1144.0,real_delta_india
2026-07-19T21:45:00+00:00,50.6,50.6,50.6,50.6,0.0,real_delta_india
2026-07-19T22:00:00+00:00,50.55,50.63,50.52,50.54,2379.0,real_delta_india
2026-07-19T22:15:00+00:00,50.59,50.6,50.45,50.45,8197.0,real_delta_india
2026-07-19T22:30:00+00:00,50.52,50.75,50.52,50.75,5562.0,real_delta_india
2026-07-19T22:45:00+00:00,50.68,50.71,50.66,50.69,3336.0,real_delta_india
2026-07-19T23:00:00+00:00,50.57,50.67,50.55,50.67,3943.0,real_delta_india
2026-07-19T23:15:00+00:00,50.64,50.66,50.64,50.66,120.0,real_delta_india
2026-07-19T23:30:00+00:00,50.62,50.62,50.59,50.59,1100.0,real_delta_india
2026-07-19T23:45:00+00:00,50.62,50.79,50.62,50.79,2699.0,real_delta_india
2026-07-20T00:00:00+00:00,50.65,51.0,50.57,51.0,18019.0,real_delta_india
2026-07-20T00:15:00+00:00,51.01,51.41,51.01,51.31,45056.0,real_delta_india
2026-07-20T00:30:00+00:00,51.25,51.28,51.15,51.15,11713.0,real_delta_india
2026-07-20T00:45:00+00:00,51.25,51.49,51.2,51.43,15088.0,real_delta_india
2026-07-20T01:00:00+00:00,51.35,51.65,51.25,51.32,21654.0,real_delta_india
2026-07-20T01:15:00+00:00,51.27,51.3,51.23,51.27,5161.0,real_delta_india
2026-07-20T01:30:00+00:00,51.31,51.38,51.22,51.24,7299.0,real_delta_india
2026-07-20T01:45:00+00:00,51.24,51.48,51.24,51.48,7489.0,real_delta_india
2026-07-20T02:00:00+00:00,51.45,51.69,51.41,51.55,14343.0,real_delta_india
2026-07-20T02:15:00+00:00,51.57,51.57,51.47,51.52,14399.0,real_delta_india
2026-07-20T02:30:00+00:00,51.55,51.79,51.43,51.74,28649.0,real_delta_india
2026-07-20T02:45:00+00:00,51.76,52.09,51.75,51.95,59246.0,real_delta_india
2026-07-20T03:00:00+00:00,51.93,52.01,51.82,52.01,38887.0,real_delta_india
2026-07-20T03:15:00+00:00,52.0,52.1,51.91,51.91,16949.0,real_delta_india
2026-07-20T03:30:00+00:00,51.9,51.98,51.86,51.95,13131.0,real_delta_india
2026-07-20T03:45:00+00:00,51.99,51.99,51.78,51.8,8074.0,real_delta_india
2026-07-20T04:00:00+00:00,51.8,51.84,51.7,51.73,14977.0,real_delta_india
2026-07-20T04:15:00+00:00,51.74,51.78,51.66,51.77,7966.0,real_delta_india
2026-07-20T04:30:00+00:00,51.7,51.86,51.7,51.82,7070.0,real_delta_india
2026-07-20T04:45:00+00:00,51.79,51.8,51.66,51.68,11551.0,real_delta_india
2026-07-20T05:00:00+00:00,51.7,51.76,51.55,51.62,27822.0,real_delta_india
2026-07-20T05:15:00+00:00,51.61,51.63,51.46,51.46,33371.0,real_delta_india
2026-07-20T05:30:00+00:00,51.46,51.6,51.38,51.41,60339.0,real_delta_india
2026-07-20T05:45:00+00:00,51.36,51.46,51.33,51.36,11684.0,real_delta_india
2026-07-20T06:00:00+00:00,51.36,51.51,51.35,51.35,12515.0,real_delta_india
2026-07-20T06:15:00+00:00,51.43,51.5,51.4,51.4,6805.0,real_delta_india
2026-07-20T06:30:00+00:00,51.44,51.46,51.32,51.35,8265.0,real_delta_india
2026-07-20T06:45:00+00:00,51.36,51.41,51.26,51.26,26493.0,real_delta_india
2026-07-20T07:00:00+00:00,51.28,51.38,51.22,51.26,31005.0,real_delta_india
2026-07-20T07:15:00+00:00,51.27,51.45,51.22,51.45,8071.0,real_delta_india
2026-07-20T07:30:00+00:00,51.48,51.77,51.48,51.73,45272.0,real_delta_india
2026-07-20T07:45:00+00:00,51.73,51.8,51.65,51.77,7387.0,real_delta_india
2026-07-20T08:00:00+00:00,51.81,51.95,51.73,51.85,36200.0,real_delta_india
2026-07-20T08:15:00+00:00,51.86,51.96,51.81,51.82,11715.0,real_delta_india
2026-07-20T08:30:00+00:00,51.82,51.84,51.74,51.74,12622.0,real_delta_india
2026-07-20T08:45:00+00:00,51.74,51.76,51.6,51.63,12449.0,real_delta_india
2026-07-20T09:00:00+00:00,51.63,51.67,51.55,51.61,10654.0,real_delta_india
2026-07-20T09:15:00+00:00,51.61,51.64,51.5,51.54,18901.0,real_delta_india
2026-07-20T09:30:00+00:00,51.51,51.7,51.51,51.68,19529.0,real_delta_india
2026-07-20T09:45:00+00:00,51.65,51.86,51.63,51.77,11967.0,real_delta_india
2026-07-20T10:00:00+00:00,51.77,51.77,51.62,51.69,29097.0,real_delta_india
2026-07-20T10:15:00+00:00,51.65,51.72,51.63,51.67,12168.0,real_delta_india
2026-07-20T10:30:00+00:00,51.68,51.73,51.65,51.67,1702.0,real_delta_india
2026-07-20T10:45:00+00:00,51.67,51.71,51.61,51.63,18010.0,real_delta_india
2026-07-20T11:00:00+00:00,51.62,51.77,51.61,51.66,1862.0,real_delta_india
2026-07-20T11:15:00+00:00,51.71,51.75,51.65,51.72,5202.0,real_delta_india
2026-07-20T11:30:00+00:00,51.73,52.22,51.73,51.96,76396.0,real_delta_india
2026-07-20T11:45:00+00:00,51.95,51.97,51.8,51.85,42704.0,real_delta_india
2026-07-20T12:00:00+00:00,51.85,51.85,51.5,51.5,59712.0,real_delta_india
2026-07-20T12:15:00+00:00,51.5,51.64,51.43,51.64,43405.0,real_delta_india
2026-07-20T12:30:00+00:00,51.66,51.73,51.55,51.58,30204.0,real_delta_india
2026-07-20T12:45:00+00:00,51.57,51.65,51.53,51.57,24560.0,real_delta_india
2026-07-20T13:00:00+00:00,51.57,51.71,51.51,51.64,9341.0,real_delta_india
2026-07-20T13:15:00+00:00,51.63,51.71,51.47,51.51,20825.0,real_delta_india
2026-07-20T13:30:00+00:00,51.48,51.79,51.48,51.73,21056.0,real_delta_india
2026-07-20T13:45:00+00:00,51.74,51.8,51.56,51.6,18071.0,real_delta_india
2026-07-20T14:00:00+00:00,51.57,51.6,51.35,51.38,38811.0,real_delta_india
2026-07-20T14:15:00+00:00,51.36,51.58,51.22,51.57,32887.0,real_delta_india
2026-07-20T14:30:00+00:00,51.55,51.75,51.53,51.6,17208.0,real_delta_india
2026-07-20T14:45:00+00:00,51.61,51.78,51.52,51.52,13159.0,real_delta_india
2026-07-20T15:00:00+00:00,51.58,51.91,51.47,51.73,68896.0,real_delta_india
2026-07-20T15:15:00+00:00,51.76,51.82,51.67,51.8,23026.0,real_delta_india
2026-07-20T15:30:00+00:00,51.83,51.83,51.69,51.77,45339.0,real_delta_india
2026-07-20T15:45:00+00:00,51.78,51.85,51.7,51.7,44043.0,real_delta_india
2026-07-20T16:00:00+00:00,51.75,51.92,51.75,51.84,46866.0,real_delta_india
2026-07-20T16:15:00+00:00,51.82,51.86,51.74,51.77,8284.0,real_delta_india
2026-07-20T16:30:00+00:00,51.74,51.74,51.36,51.58,37839.0,real_delta_india
2026-07-20T16:45:00+00:00,51.59,51.64,51.5,51.6,2231.0,real_delta_india
2026-07-20T17:00:00+00:00,51.63,51.74,51.62,51.62,5494.0,real_delta_india
2026-07-20T17:15:00+00:00,51.66,51.67,51.58,51.63,3993.0,real_delta_india
2026-07-20T17:30:00+00:00,51.63,51.63,51.54,51.54,17240.0,real_delta_india
2026-07-20T17:45:00+00:00,51.53,51.58,51.43,51.52,21019.0,real_delta_india
2026-07-20T18:00:00+00:00,51.54,51.64,51.54,51.57,18998.0,real_delta_india
2026-07-20T18:15:00+00:00,51.57,51.65,51.43,51.48,9574.0,real_delta_india
2026-07-20T18:30:00+00:00,51.45,51.45,51.34,51.35,19361.0,real_delta_india
2026-07-20T18:45:00+00:00,51.33,51.42,51.32,51.42,2511.0,real_delta_india
2026-07-20T19:00:00+00:00,51.41,51.41,51.26,51.26,25067.0,real_delta_india
2026-07-20T19:15:00+00:00,51.25,51.5,51.25,51.5,5906.0,real_delta_india
2026-07-20T19:30:00+00:00,51.6,51.6,51.28,51.28,2726.0,real_delta_india
2026-07-20T19:45:00+00:00,51.28,51.32,51.21,51.21,2688.0,real_delta_india
2026-07-20T20:00:00+00:00,51.29,51.29,51.2,51.2,6717.0,real_delta_india
2026-07-20T20:15:00+00:00,51.2,51.25,51.2,51.25,987.0,real_delta_india
2026-07-20T20:30:00+00:00,51.25,51.29,51.23,51.29,1816.0,real_delta_india
2026-07-20T20:45:00+00:00,51.28,51.28,51.25,51.27,1558.0,real_delta_india
2026-07-20T21:00:00+00:00,51.26,51.33,51.26,51.31,1333.0,real_delta_india
2026-07-20T21:15:00+00:00,51.32,51.32,51.29,51.29,404.0,real_delta_india
2026-07-20T21:30:00+00:00,51.34,51.34,51.31,51.31,1997.0,real_delta_india
2026-07-20T21:45:00+00:00,51.33,51.37,51.31,51.36,3114.0,real_delta_india
2026-07-20T22:00:00+00:00,51.31,51.31,51.2,51.27,80.0,real_delta_india
2026-07-20T22:15:00+00:00,51.2,51.21,51.15,51.2,8493.0,real_delta_india
2026-07-20T22:30:00+00:00,51.17,51.17,51.08,51.1,6019.0,real_delta_india
2026-07-20T22:45:00+00:00,51.11,51.11,51.01,51.08,10366.0,real_delta_india
2026-07-20T23:00:00+00:00,51.05,51.16,51.05,51.14,1797.0,real_delta_india
2026-07-20T23:15:00+00:00,51.14,51.18,51.12,51.16,226.0,real_delta_india
2026-07-20T23:30:00+00:00,51.16,51.2,51.16,51.18,401.0,real_delta_india
2026-07-20T23:45:00+00:00,51.17,51.22,51.14,51.2,3170.0,real_delta_india
2026-07-21T00:00:00+00:00,51.18,51.27,51.07,51.27,3961.0,real_delta_india
2026-07-21T00:15:00+00:00,51.22,51.39,51.22,51.36,3208.0,real_delta_india
2026-07-21T00:30:00+00:00,51.36,51.56,51.33,51.49,20364.0,real_delta_india
2026-07-21T00:45:00+00:00,51.53,51.7,51.48,51.68,10405.0,real_delta_india
2026-07-21T01:00:00+00:00,51.62,51.92,51.59,51.87,18227.0,real_delta_india
2026-07-21T01:15:00+00:00,51.83,51.99,51.74,51.81,9042.0,real_delta_india
2026-07-21T01:30:00+00:00,51.74,51.85,51.67,51.72,8329.0,real_delta_india
2026-07-21T01:45:00+00:00,51.69,51.89,51.66,51.66,33516.0,real_delta_india
2026-07-21T02:00:00+00:00,51.74,51.74,51.63,51.69,6894.0,real_delta_india
2026-07-21T02:15:00+00:00,51.66,51.83,51.61,51.79,7310.0,real_delta_india
2026-07-21T02:30:00+00:00,51.78,52.5,51.78,52.32,107638.0,real_delta_india
2026-07-21T02:45:00+00:00,52.36,52.36,52.16,52.27,22181.0,real_delta_india
2026-07-21T03:00:00+00:00,52.31,52.47,52.28,52.28,17790.0,real_delta_india
2026-07-21T03:15:00+00:00,52.3,52.52,52.28,52.41,21325.0,real_delta_india
2026-07-21T03:30:00+00:00,52.43,52.46,52.35,52.37,6390.0,real_delta_india
2026-07-21T03:45:00+00:00,52.37,52.51,52.37,52.51,8938.0,real_delta_india
2026-07-21T04:00:00+00:00,52.51,52.58,52.47,52.5,13841.0,real_delta_india
2026-07-21T04:15:00+00:00,52.48,52.5,52.4,52.43,7904.0,real_delta_india
2026-07-21T04:30:00+00:00,52.44,52.54,52.41,52.49,38172.0,real_delta_india
2026-07-21T04:45:00+00:00,52.51,52.55,52.46,52.53,21691.0,real_delta_india
2026-07-21T05:00:00+00:00,52.54,52.6,52.51,52.6,14776.0,real_delta_india
2026-07-21T05:15:00+00:00,52.58,52.67,52.5,52.67,11155.0,real_delta_india
2026-07-21T05:30:00+00:00,52.67,52.85,52.63,52.78,35170.0,real_delta_india
2026-07-21T05:45:00+00:00,52.75,52.83,52.67,52.72,10504.0,real_delta_india
2026-07-21T06:00:00+00:00,52.78,53.14,52.76,53.07,75974.0,real_delta_india
2026-07-21T06:15:00+00:00,53.06,53.24,53.03,53.13,66023.0,real_delta_india
2026-07-21T06:30:00+00:00,53.13,53.42,53.13,53.37,32295.0,real_delta_india
2026-07-21T06:45:00+00:00,53.36,53.51,53.34,53.46,38428.0,real_delta_india
2026-07-21T07:00:00+00:00,53.48,53.5,53.4,53.48,32938.0,real_delta_india
2026-07-21T07:15:00+00:00,53.45,53.52,53.41,53.47,32085.0,real_delta_india
2026-07-21T07:30:00+00:00,53.49,53.65,53.46,53.61,41660.0,real_delta_india
2026-07-21T07:45:00+00:00,53.6,53.71,53.52,53.71,18180.0,real_delta_india
2026-07-21T08:00:00+00:00,53.74,53.74,53.55,53.59,26992.0,real_delta_india
2026-07-21T08:15:00+00:00,53.61,53.62,53.52,53.55,18976.0,real_delta_india
2026-07-21T08:30:00+00:00,53.51,53.59,53.48,53.57,11458.0,real_delta_india
2026-07-21T08:45:00+00:00,53.57,53.63,53.48,53.52,15513.0,real_delta_india
2026-07-21T09:00:00+00:00,53.53,53.76,53.53,53.66,21793.0,real_delta_india
2026-07-21T09:15:00+00:00,53.69,53.81,53.69,53.7,41979.0,real_delta_india
2026-07-21T09:30:00+00:00,53.71,53.73,53.62,53.67,32610.0,real_delta_india
2026-07-21T09:45:00+00:00,53.67,53.76,53.63,53.63,9859.0,real_delta_india
2026-07-21T10:00:00+00:00,53.66,53.73,53.57,53.69,11208.0,real_delta_india
2026-07-21T10:15:00+00:00,53.66,53.75,53.63,53.63,7158.0,real_delta_india
2026-07-21T10:30:00+00:00,53.65,53.72,53.62,53.66,8987.0,real_delta_india
2026-07-21T10:45:00+00:00,53.62,53.66,53.47,53.48,7623.0,real_delta_india
2026-07-21T11:00:00+00:00,53.54,53.54,53.3,53.47,51431.0,real_delta_india
2026-07-21T11:15:00+00:00,53.47,53.48,53.39,53.43,17978.0,real_delta_india
2026-07-21T11:30:00+00:00,53.42,53.48,53.33,53.37,9128.0,real_delta_india
2026-07-21T11:45:00+00:00,53.38,53.49,53.35,53.44,10519.0,real_delta_india
2026-07-21T12:00:00+00:00,53.44,53.57,53.43,53.51,20654.0,real_delta_india
2026-07-21T12:15:00+00:00,53.51,53.73,53.39,53.67,33905.0,real_delta_india
2026-07-21T12:30:00+00:00,53.7,53.71,53.45,53.52,74297.0,real_delta_india
2026-07-21T12:45:00+00:00,53.53,53.76,53.51,53.51,82957.0,real_delta_india
2026-07-21T13:00:00+00:00,53.58,53.59,53.37,53.48,64065.0,real_delta_india
2026-07-21T13:15:00+00:00,53.49,53.49,53.06,53.09,108302.0,real_delta_india
2026-07-21T13:30:00+00:00,53.12,53.21,52.89,52.91,186864.0,real_delta_india
2026-07-21T13:45:00+00:00,52.94,53.14,52.88,53.08,60551.0,real_delta_india
2026-07-21T14:00:00+00:00,53.06,53.43,53.06,53.41,75545.0,real_delta_india
2026-07-21T14:15:00+00:00,53.41,53.62,53.33,53.54,44035.0,real_delta_india
2026-07-21T14:30:00+00:00,53.57,53.67,53.4,53.55,54617.0,real_delta_india
2026-07-21T14:45:00+00:00,53.56,53.66,53.49,53.52,49572.0,real_delta_india
2026-07-21T15:00:00+00:00,53.55,53.69,53.42,53.62,25373.0,real_delta_india
2026-07-21T15:15:00+00:00,53.63,53.74,53.61,53.67,27056.0,real_delta_india
2026-07-21T15:30:00+00:00,53.63,53.73,53.5,53.52,21096.0,real_delta_india
2026-07-21T15:45:00+00:00,53.5,53.59,53.48,53.53,26930.0,real_delta_india
2026-07-21T16:00:00+00:00,53.51,53.66,53.5,53.66,18503.0,real_delta_india
2026-07-21T16:15:00+00:00,53.63,53.66,53.55,53.59,8503.0,real_delta_india
2026-07-21T16:30:00+00:00,53.58,53.6,53.48,53.49,3830.0,real_delta_india
2026-07-21T16:45:00+00:00,53.51,53.51,53.38,53.4,7876.0,real_delta_india
2026-07-21T17:00:00+00:00,53.43,53.45,53.34,53.39,27642.0,real_delta_india
2026-07-21T17:15:00+00:00,53.41,53.44,53.3,53.41,19319.0,real_delta_india
2026-07-21T17:30:00+00:00,53.42,53.46,53.29,53.31,12898.0,real_delta_india
2026-07-21T17:45:00+00:00,53.31,53.35,53.29,53.35,17059.0,real_delta_india
2026-07-21T18:00:00+00:00,53.31,53.41,53.31,53.35,5019.0,real_delta_india
2026-07-21T18:15:00+00:00,53.39,53.56,53.39,53.51,26362.0,real_delta_india
2026-07-21T18:30:00+00:00,53.48,53.57,53.47,53.52,24516.0,real_delta_india
2026-07-21T18:45:00+00:00,53.49,53.51,53.41,53.42,14892.0,real_delta_india
2026-07-21T19:00:00+00:00,53.42,53.49,53.34,53.39,7827.0,real_delta_india
2026-07-21T19:15:00+00:00,53.38,53.43,53.36,53.41,3383.0,real_delta_india
2026-07-21T19:30:00+00:00,53.36,53.38,53.3,53.32,4418.0,real_delta_india
2026-07-21T19:45:00+00:00,53.35,53.35,53.32,53.35,1536.0,real_delta_india
2026-07-21T20:00:00+00:00,53.32,53.35,53.31,53.32,4665.0,real_delta_india
2026-07-21T20:15:00+00:00,53.3,53.32,53.26,53.3,3758.0,real_delta_india
2026-07-21T20:30:00+00:00,53.32,53.43,53.32,53.42,41799.0,real_delta_india
2026-07-21T20:45:00+00:00,53.37,53.44,53.34,53.42,27431.0,real_delta_india
2026-07-21T21:00:00+00:00,53.45,53.47,53.42,53.46,3271.0,real_delta_india
2026-07-21T21:15:00+00:00,53.46,53.46,53.43,53.45,409.0,real_delta_india
2026-07-21T21:30:00+00:00,53.46,53.49,53.45,53.45,3047.0,real_delta_india
2026-07-21T21:45:00+00:00,53.45,53.51,53.43,53.51,234.0,real_delta_india
2026-07-21T22:00:00+00:00,53.46,53.47,53.36,53.41,1624.0,real_delta_india
2026-07-21T22:15:00+00:00,53.42,53.46,53.4,53.43,160.0,real_delta_india
2026-07-21T22:30:00+00:00,53.46,53.48,53.45,53.48,1467.0,real_delta_india
2026-07-21T22:45:00+00:00,53.4,53.43,53.35,53.39,225.0,real_delta_india
2026-07-21T23:00:00+00:00,53.34,53.39,53.34,53.39,948.0,real_delta_india
2026-07-21T23:15:00+00:00,53.37,53.42,53.37,53.42,285.0,real_delta_india
2026-07-21T23:30:00+00:00,53.44,53.44,53.42,53.42,75.0,real_delta_india
2026-07-21T23:45:00+00:00,53.43,53.45,53.43,53.45,361.0,real_delta_india
2026-07-22T00:00:00+00:00,53.44,53.63,53.4,53.61,9639.0,real_delta_india
2026-07-22T00:15:00+00:00,53.62,53.68,53.58,53.61,20443.0,real_delta_india
2026-07-22T00:30:00+00:00,53.64,53.66,53.53,53.59,4374.0,real_delta_india
2026-07-22T00:45:00+00:00,53.55,53.75,53.55,53.73,34376.0,real_delta_india
2026-07-22T01:00:00+00:00,53.78,54.41,53.78,54.41,97780.0,real_delta_india
2026-07-22T01:15:00+00:00,54.39,54.39,54.2,54.27,21054.0,real_delta_india
2026-07-22T01:30:00+00:00,54.27,54.43,54.23,54.35,50470.0,real_delta_india
2026-07-22T01:45:00+00:00,54.37,54.42,54.25,54.4,22978.0,real_delta_india
2026-07-22T02:00:00+00:00,54.41,54.44,54.26,54.29,19619.0,real_delta_india
2026-07-22T02:15:00+00:00,54.29,54.42,54.23,54.39,15027.0,real_delta_india
2026-07-22T02:30:00+00:00,54.37,54.46,54.2,54.25,51580.0,real_delta_india
2026-07-22T02:45:00+00:00,54.31,54.31,54.06,54.11,35352.0,real_delta_india
2026-07-22T03:00:00+00:00,54.15,54.4,54.12,54.37,34911.0,real_delta_india
2026-07-22T03:15:00+00:00,54.39,54.45,54.37,54.42,18489.0,real_delta_india
2026-07-22T03:30:00+00:00,54.39,54.41,54.25,54.29,14941.0,real_delta_india
2026-07-22T03:45:00+00:00,54.31,54.32,54.22,54.3,11657.0,real_delta_india
2026-07-22T04:00:00+00:00,54.26,54.31,54.2,54.21,16052.0,real_delta_india
2026-07-22T04:15:00+00:00,54.24,54.26,54.17,54.22,20991.0,real_delta_india
2026-07-22T04:30:00+00:00,54.22,54.22,54.09,54.19,19568.0,real_delta_india
2026-07-22T04:45:00+00:00,54.14,54.2,54.09,54.2,19752.0,real_delta_india
2026-07-22T05:00:00+00:00,54.2,54.25,54.16,54.21,23976.0,real_delta_india
2026-07-22T05:15:00+00:00,54.18,54.18,54.0,54.0,12514.0,real_delta_india
2026-07-22T05:30:00+00:00,54.0,54.25,53.98,54.14,41176.0,real_delta_india
2026-07-22T05:45:00+00:00,54.18,54.27,54.08,54.19,26094.0,real_delta_india
2026-07-22T06:00:00+00:00,54.21,54.28,54.16,54.16,17887.0,real_delta_india
2026-07-22T06:15:00+00:00,54.16,54.21,53.82,53.87,21487.0,real_delta_india
2026-07-22T06:30:00+00:00,53.85,53.96,53.8,53.91,19322.0,real_delta_india
2026-07-22T06:45:00+00:00,53.88,53.91,53.79,53.82,11374.0,real_delta_india
2026-07-22T07:00:00+00:00,53.84,53.9,53.74,53.86,21405.0,real_delta_india
2026-07-22T07:15:00+00:00,53.9,53.99,53.89,53.93,10013.0,real_delta_india
2026-07-22T07:30:00+00:00,53.97,54.03,53.63,53.76,69680.0,real_delta_india
2026-07-22T07:45:00+00:00,53.73,53.75,53.64,53.69,41435.0,real_delta_india
2026-07-22T08:00:00+00:00,53.74,53.84,53.7,53.83,6988.0,real_delta_india
2026-07-22T08:15:00+00:00,53.82,53.95,53.82,53.95,8880.0,real_delta_india
2026-07-22T08:30:00+00:00,53.95,54.04,53.94,53.97,22632.0,real_delta_india
2026-07-22T08:45:00+00:00,53.97,54.05,53.91,54.03,11692.0,real_delta_india
2026-07-22T09:00:00+00:00,54.05,54.13,54.04,54.12,16880.0,real_delta_india
2026-07-22T09:15:00+00:00,54.15,54.15,54.01,54.01,6263.0,real_delta_india
2026-07-22T09:30:00+00:00,54.01,54.05,53.9,53.97,8486.0,real_delta_india
2026-07-22T09:45:00+00:00,53.97,54.03,53.88,53.88,12613.0,real_delta_india
2026-07-22T10:00:00+00:00,53.98,54.02,53.89,53.95,17127.0,real_delta_india
2026-07-22T10:15:00+00:00,53.91,54.04,53.86,53.96,28192.0,real_delta_india
2026-07-22T10:30:00+00:00,53.97,53.98,53.85,53.91,8272.0,real_delta_india
2026-07-22T10:45:00+00:00,53.86,53.99,53.86,53.9,7251.0,real_delta_india
2026-07-22T11:00:00+00:00,53.88,53.92,53.83,53.9,10455.0,real_delta_india
2026-07-22T11:15:00+00:00,53.89,53.97,53.85,53.9,2900.0,real_delta_india
2026-07-22T11:30:00+00:00,53.9,53.92,53.68,53.81,16865.0,real_delta_india
2026-07-22T11:45:00+00:00,53.8,53.95,53.78,53.9,20583.0,real_delta_india
2026-07-22T12:00:00+00:00,53.91,53.96,53.84,53.96,13705.0,real_delta_india
2026-07-22T12:15:00+00:00,53.97,54.08,53.9,53.96,29705.0,real_delta_india
2026-07-22T12:30:00+00:00,54.01,54.02,53.82,53.89,9110.0,real_delta_india
2026-07-22T12:45:00+00:00,53.89,53.89,53.5,53.6,58806.0,real_delta_india
2026-07-22T13:00:00+00:00,53.59,53.92,53.59,53.9,45757.0,real_delta_india
2026-07-22T13:15:00+00:00,53.91,54.09,53.9,54.04,56449.0,real_delta_india
2026-07-22T13:30:00+00:00,54.05,54.55,54.05,54.49,146222.0,real_delta_india
2026-07-22T13:45:00+00:00,54.5,54.98,54.49,54.91,138898.0,real_delta_india
2026-07-22T14:00:00+00:00,54.92,55.33,54.91,55.1,129090.0,real_delta_india
2026-07-22T14:15:00+00:00,55.06,55.06,54.6,54.62,94768.0,real_delta_india
2026-07-22T14:30:00+00:00,54.64,54.83,54.62,54.72,65060.0,real_delta_india
2026-07-22T14:45:00+00:00,54.75,54.8,54.58,54.67,45857.0,real_delta_india
2026-07-22T15:00:00+00:00,54.67,54.8,54.66,54.8,22099.0,real_delta_india
2026-07-22T15:15:00+00:00,54.78,54.86,54.65,54.78,24012.0,real_delta_india
2026-07-22T15:30:00+00:00,54.76,54.77,54.6,54.7,11389.0,real_delta_india
2026-07-22T15:45:00+00:00,54.72,54.82,54.64,54.72,22794.0,real_delta_india
2026-07-22T16:00:00+00:00,54.7,54.73,54.56,54.58,10678.0,real_delta_india
2026-07-22T16:15:00+00:00,54.59,54.66,54.49,54.59,30297.0,real_delta_india
2026-07-22T16:30:00+00:00,54.58,54.64,54.5,54.51,15753.0,real_delta_india
2026-07-22T16:45:00+00:00,54.54,54.56,54.36,54.53,68052.0,real_delta_india
2026-07-22T17:00:00+00:00,54.53,54.53,54.38,54.38,16441.0,real_delta_india
2026-07-22T17:15:00+00:00,54.37,54.45,54.31,54.4,10509.0,real_delta_india
2026-07-22T17:30:00+00:00,54.4,54.51,54.27,54.35,16771.0,real_delta_india
2026-07-22T17:45:00+00:00,54.38,54.52,54.34,54.45,15502.0,real_delta_india
2026-07-22T18:00:00+00:00,54.45,54.45,54.32,54.39,11128.0,real_delta_india
2026-07-22T18:15:00+00:00,54.39,54.41,54.32,54.39,9341.0,real_delta_india
2026-07-22T18:30:00+00:00,54.35,54.35,54.26,54.32,10479.0,real_delta_india
2026-07-22T18:45:00+00:00,54.32,54.43,54.32,54.38,7960.0,real_delta_india
2026-07-22T19:00:00+00:00,54.34,54.4,54.3,54.35,8092.0,real_delta_india
2026-07-22T19:15:00+00:00,54.3,54.34,54.28,54.33,6123.0,real_delta_india
2026-07-22T19:30:00+00:00,54.34,54.41,54.24,54.25,7664.0,real_delta_india
2026-07-22T19:45:00+00:00,54.25,54.25,54.05,54.18,23253.0,real_delta_india
2026-07-22T20:00:00+00:00,54.14,54.25,54.11,54.15,5234.0,real_delta_india
2026-07-22T20:15:00+00:00,54.21,54.39,54.17,54.38,7390.0,real_delta_india
2026-07-22T20:30:00+00:00,54.3,54.35,54.21,54.22,2420.0,real_delta_india
2026-07-22T20:45:00+00:00,54.22,54.25,54.19,54.25,2554.0,real_delta_india
2026-07-22T21:00:00+00:00,54.24,54.29,54.24,54.25,128.0,real_delta_india
2026-07-22T21:15:00+00:00,54.29,54.29,54.25,54.25,421.0,real_delta_india
2026-07-22T21:30:00+00:00,54.25,54.29,54.25,54.25,379.0,real_delta_india
2026-07-22T21:45:00+00:00,54.25,54.25,54.22,54.22,754.0,real_delta_india
2026-07-22T22:00:00+00:00,54.15,54.27,53.85,54.09,28527.0,real_delta_india
2026-07-22T22:15:00+00:00,54.02,54.15,54.02,54.11,5444.0,real_delta_india
2026-07-22T22:30:00+00:00,54.15,54.15,53.89,53.93,19040.0,real_delta_india
2026-07-22T22:45:00+00:00,53.88,53.91,53.83,53.87,9207.0,real_delta_india
2026-07-22T23:00:00+00:00,53.92,54.02,53.84,54.02,10139.0,real_delta_india
2026-07-22T23:15:00+00:00,53.95,54.02,53.93,53.99,3817.0,real_delta_india
2026-07-22T23:30:00+00:00,53.96,54.1,53.96,54.1,1949.0,real_delta_india
2026-07-22T23:45:00+00:00,54.07,54.24,54.07,54.24,8382.0,real_delta_india
2026-07-23T00:00:00+00:00,54.25,54.26,54.13,54.13,4815.0,real_delta_india
2026-07-23T00:15:00+00:00,54.18,54.35,54.15,54.27,7921.0,real_delta_india
2026-07-23T00:30:00+00:00,54.22,54.3,54.19,54.19,9424.0,real_delta_india
2026-07-23T00:45:00+00:00,54.27,54.37,54.19,54.37,12357.0,real_delta_india
2026-07-23T01:00:00+00:00,54.4,54.5,54.16,54.31,17649.0,real_delta_india
2026-07-23T01:15:00+00:00,54.32,54.52,54.32,54.4,24174.0,real_delta_india
2026-07-23T01:30:00+00:00,54.31,54.31,54.07,54.12,29892.0,real_delta_india
2026-07-23T01:45:00+00:00,54.08,54.15,53.94,53.99,43224.0,real_delta_india
2026-07-23T02:00:00+00:00,54.04,54.09,53.99,54.09,5558.0,real_delta_india
2026-07-23T02:15:00+00:00,54.05,54.05,53.94,54.0,6608.0,real_delta_india
2026-07-23T02:30:00+00:00,54.02,54.17,53.98,54.14,17082.0,real_delta_india
2026-07-23T02:45:00+00:00,54.12,54.34,54.12,54.32,23141.0,real_delta_india
2026-07-23T03:00:00+00:00,54.33,54.36,54.19,54.27,7884.0,real_delta_india
2026-07-23T03:15:00+00:00,54.24,54.39,54.24,54.33,8957.0,real_delta_india
2026-07-23T03:30:00+00:00,54.33,54.37,54.28,54.3,18332.0,real_delta_india
2026-07-23T03:45:00+00:00,54.31,54.31,54.2,54.21,7477.0,real_delta_india
2026-07-23T04:00:00+00:00,54.23,54.35,54.19,54.35,15026.0,real_delta_india
2026-07-23T04:15:00+00:00,54.36,54.39,54.27,54.35,3109.0,real_delta_india
2026-07-23T04:30:00+00:00,54.36,54.36,54.2,54.2,5244.0,real_delta_india
2026-07-23T04:45:00+00:00,54.18,54.23,54.1,54.13,10688.0,real_delta_india
2026-07-23T05:00:00+00:00,54.13,54.23,54.08,54.22,5607.0,real_delta_india
2026-07-23T05:15:00+00:00,54.12,54.19,54.08,54.18,7046.0,real_delta_india
2026-07-23T05:30:00+00:00,54.17,54.36,54.17,54.23,6148.0,real_delta_india
2026-07-23T05:45:00+00:00,54.25,54.31,54.06,54.1,5847.0,real_delta_india
2026-07-23T06:00:00+00:00,54.17,54.19,54.04,54.06,5570.0,real_delta_india
2026-07-23T06:15:00+00:00,54.07,54.18,54.0,54.0,11516.0,real_delta_india
2026-07-23T06:30:00+00:00,54.0,54.09,53.96,54.08,15186.0,real_delta_india
2026-07-23T06:45:00+00:00,54.08,54.11,53.95,53.96,6907.0,real_delta_india
2026-07-23T07:00:00+00:00,53.93,53.93,53.41,53.61,43125.0,real_delta_india
2026-07-23T07:15:00+00:00,53.61,53.71,53.57,53.65,29592.0,real_delta_india
2026-07-23T07:30:00+00:00,53.61,53.63,53.24,53.39,35758.0,real_delta_india
2026-07-23T07:45:00+00:00,53.39,53.51,53.28,53.51,34467.0,real_delta_india
2026-07-23T08:00:00+00:00,53.48,53.56,53.34,53.39,14601.0,real_delta_india
2026-07-23T08:15:00+00:00,53.42,53.46,53.36,53.45,3822.0,real_delta_india
2026-07-23T08:30:00+00:00,53.46,53.51,53.29,53.38,17063.0,real_delta_india
2026-07-23T08:45:00+00:00,53.36,53.47,53.26,53.45,10016.0,real_delta_india
2026-07-23T09:00:00+00:00,53.4,53.57,53.4,53.46,5173.0,real_delta_india
2026-07-23T09:15:00+00:00,53.45,53.52,53.36,53.4,5331.0,real_delta_india
2026-07-23T09:30:00+00:00,53.4,53.47,53.38,53.42,8788.0,real_delta_india
2026-07-23T09:45:00+00:00,53.45,53.46,53.28,53.34,14937.0,real_delta_india
2026-07-23T10:00:00+00:00,53.34,53.36,53.25,53.32,19886.0,real_delta_india
2026-07-23T10:15:00+00:00,53.3,53.35,53.18,53.31,22965.0,real_delta_india
2026-07-23T10:30:00+00:00,53.31,53.4,53.23,53.27,48256.0,real_delta_india
2026-07-23T10:45:00+00:00,53.28,53.41,53.26,53.31,25886.0,real_delta_india
2026-07-23T11:00:00+00:00,53.33,53.35,53.15,53.22,25449.0,real_delta_india
2026-07-23T11:15:00+00:00,53.25,53.25,53.02,53.09,34307.0,real_delta_india
2026-07-23T11:30:00+00:00,53.06,53.09,52.7,52.91,109140.0,real_delta_india
2026-07-23T11:45:00+00:00,52.89,53.2,52.88,53.16,24795.0,real_delta_india
2026-07-23T12:00:00+00:00,53.14,53.15,52.99,53.03,30949.0,real_delta_india
2026-07-23T12:15:00+00:00,53.06,53.09,52.81,52.86,29589.0,real_delta_india
2026-07-23T12:30:00+00:00,52.81,52.89,52.6,52.7,64427.0,real_delta_india
2026-07-23T12:45:00+00:00,52.7,52.76,52.34,52.37,69217.0,real_delta_india
2026-07-23T13:00:00+00:00,52.4,52.46,51.8,51.87,115066.0,real_delta_india
2026-07-23T13:15:00+00:00,51.9,52.32,51.85,52.29,68473.0,real_delta_india
2026-07-23T13:30:00+00:00,52.35,52.71,52.34,52.57,50172.0,real_delta_india
2026-07-23T13:45:00+00:00,52.56,52.59,52.31,52.31,73440.0,real_delta_india
2026-07-23T14:00:00+00:00,52.33,52.55,52.26,52.51,24933.0,real_delta_india
2026-07-23T14:15:00+00:00,52.45,52.64,52.32,52.63,13040.0,real_delta_india
2026-07-23T14:30:00+00:00,52.62,52.64,52.41,52.52,59272.0,real_delta_india
2026-07-23T14:45:00+00:00,52.56,52.64,52.42,52.44,28093.0,real_delta_india
2026-07-23T15:00:00+00:00,52.49,52.49,52.1,52.15,35292.0,real_delta_india
2026-07-23T15:15:00+00:00,52.19,52.31,52.07,52.16,16082.0,real_delta_india
2026-07-23T15:30:00+00:00,52.14,52.34,52.06,52.25,23808.0,real_delta_india
2026-07-23T15:45:00+00:00,52.24,52.37,52.24,52.3,12078.0,real_delta_india
2026-07-23T16:00:00+00:00,52.31,52.45,52.3,52.43,14189.0,real_delta_india
2026-07-23T16:15:00+00:00,52.45,52.48,52.34,52.48,7480.0,real_delta_india
2026-07-23T16:30:00+00:00,52.48,52.49,52.34,52.41,15050.0,real_delta_india
2026-07-23T16:45:00+00:00,52.37,52.52,52.32,52.52,14330.0,real_delta_india
2026-07-23T17:00:00+00:00,52.5,52.58,52.42,52.42,25511.0,real_delta_india
2026-07-23T17:15:00+00:00,52.43,52.51,52.37,52.4,6064.0,real_delta_india
2026-07-23T17:30:00+00:00,52.45,52.45,52.24,52.24,26137.0,real_delta_india
2026-07-23T17:45:00+00:00,52.23,52.31,52.22,52.23,8640.0,real_delta_india
2026-07-23T18:00:00+00:00,52.2,52.25,52.12,52.17,32706.0,real_delta_india
2026-07-23T18:15:00+00:00,52.16,52.25,52.13,52.21,13514.0,real_delta_india
2026-07-23T18:30:00+00:00,52.25,52.28,52.17,52.22,10384.0,real_delta_india
2026-07-23T18:45:00+00:00,52.22,52.29,52.22,52.24,7418.0,real_delta_india
2026-07-23T19:00:00+00:00,52.33,52.33,52.15,52.15,5068.0,real_delta_india
2026-07-23T19:15:00+00:00,52.16,52.35,52.16,52.29,15074.0,real_delta_india
2026-07-23T19:30:00+00:00,52.36,52.36,52.21,52.21,4509.0,real_delta_india
2026-07-23T19:45:00+00:00,52.22,52.29,52.16,52.28,5839.0,real_delta_india
2026-07-23T20:00:00+00:00,52.31,52.32,52.24,52.29,1458.0,real_delta_india
2026-07-23T20:15:00+00:00,52.27,52.34,52.27,52.34,1392.0,real_delta_india
2026-07-23T20:30:00+00:00,52.32,52.34,52.29,52.34,4304.0,real_delta_india
2026-07-23T20:45:00+00:00,52.34,52.37,52.31,52.37,1547.0,real_delta_india
2026-07-23T21:00:00+00:00,52.37,52.4,52.33,52.4,4325.0,real_delta_india
2026-07-23T21:15:00+00:00,52.38,52.38,52.31,52.38,9161.0,real_delta_india
2026-07-23T21:30:00+00:00,52.35,52.38,52.33,52.34,783.0,real_delta_india
2026-07-23T21:45:00+00:00,52.38,52.38,52.32,52.32,111.0,real_delta_india
2026-07-23T22:00:00+00:00,52.32,52.35,52.24,52.24,1401.0,real_delta_india
2026-07-23T22:15:00+00:00,52.25,52.36,52.25,52.35,1034.0,real_delta_india
2026-07-23T22:30:00+00:00,52.35,52.38,52.33,52.35,1593.0,real_delta_india
2026-07-23T22:45:00+00:00,52.37,52.37,52.33,52.33,44.0,real_delta_india
2026-07-23T23:00:00+00:00,52.3,52.3,52.3,52.3,50.0,real_delta_india
2026-07-23T23:15:00+00:00,52.25,52.27,52.25,52.27,220.0,real_delta_india
2026-07-23T23:30:00+00:00,52.28,52.35,52.27,52.27,267.0,real_delta_india
2026-07-23T23:45:00+00:00,52.34,52.34,52.25,52.25,1989.0,real_delta_india
2026-07-24T00:00:00+00:00,52.28,52.31,52.11,52.13,12012.0,real_delta_india
2026-07-24T00:15:00+00:00,52.16,52.34,52.13,52.33,9541.0,real_delta_india
2026-07-24T00:30:00+00:00,52.31,52.41,52.29,52.4,512.0,real_delta_india
2026-07-24T00:45:00+00:00,52.39,52.53,52.36,52.53,8001.0,real_delta_india
2026-07-24T01:00:00+00:00,52.37,52.42,52.14,52.16,8847.0,real_delta_india
2026-07-24T01:15:00+00:00,52.2,52.3,52.12,52.26,7402.0,real_delta_india
2026-07-24T01:30:00+00:00,52.2,52.45,52.19,52.45,14268.0,real_delta_india
2026-07-24T01:45:00+00:00,52.45,52.55,52.26,52.26,18686.0,real_delta_india
2026-07-24T02:00:00+00:00,52.36,52.44,52.24,52.36,5937.0,real_delta_india
2026-07-24T02:15:00+00:00,52.36,52.45,52.31,52.38,956.0,real_delta_india
2026-07-24T02:30:00+00:00,52.36,52.44,52.19,52.26,2390.0,real_delta_india
2026-07-24T02:45:00+00:00,52.21,52.22,51.84,51.9,42423.0,real_delta_india
2026-07-24T03:00:00+00:00,51.94,52.13,51.84,52.07,38338.0,real_delta_india
2026-07-24T03:15:00+00:00,52.1,52.14,51.98,52.01,13602.0,real_delta_india
2026-07-24T03:30:00+00:00,52.03,52.11,52.03,52.11,2534.0,real_delta_india
2026-07-24T03:45:00+00:00,52.1,52.12,52.0,52.0,6535.0,real_delta_india
2026-07-24T04:00:00+00:00,52.03,52.05,51.92,51.96,17988.0,real_delta_india
2026-07-24T04:15:00+00:00,51.96,52.13,51.96,52.12,14600.0,real_delta_india
2026-07-24T04:30:00+00:00,52.12,52.14,52.0,52.04,9247.0,real_delta_india
2026-07-24T04:45:00+00:00,52.01,52.05,51.99,52.05,9324.0,real_delta_india
2026-07-24T05:00:00+00:00,52.01,52.26,51.97,52.13,30670.0,real_delta_india
2026-07-24T05:15:00+00:00,52.13,52.28,52.03,52.13,25617.0,real_delta_india
2026-07-24T05:30:00+00:00,52.15,52.3,52.13,52.14,6099.0,real_delta_india
2026-07-24T05:45:00+00:00,52.18,52.26,52.05,52.06,25529.0,real_delta_india
2026-07-24T06:00:00+00:00,52.06,52.18,52.04,52.18,13320.0,real_delta_india
2026-07-24T06:15:00+00:00,52.2,52.44,52.15,52.35,34792.0,real_delta_india
2026-07-24T06:30:00+00:00,52.35,52.4,52.28,52.28,9469.0,real_delta_india
2026-07-24T06:45:00+00:00,52.34,52.49,52.33,52.46,22717.0,real_delta_india
2026-07-24T07:00:00+00:00,52.42,52.91,52.38,52.85,54058.0,real_delta_india
2026-07-24T07:15:00+00:00,52.83,52.95,52.8,52.91,18670.0,real_delta_india
2026-07-24T07:30:00+00:00,52.92,53.03,52.79,52.86,18902.0,real_delta_india
2026-07-24T07:45:00+00:00,52.83,52.87,52.74,52.8,54512.0,real_delta_india
2026-07-24T08:00:00+00:00,52.78,52.83,52.7,52.76,19347.0,real_delta_india
2026-07-24T08:15:00+00:00,52.79,52.88,52.73,52.88,7297.0,real_delta_india
2026-07-24T08:30:00+00:00,52.86,52.94,52.81,52.9,4143.0,real_delta_india
2026-07-24T08:45:00+00:00,52.91,52.95,52.85,52.95,2927.0,real_delta_india
2026-07-24T09:00:00+00:00,52.92,53.08,52.92,53.0,14801.0,real_delta_india
2026-07-24T09:15:00+00:00,52.96,53.03,52.91,52.91,10019.0,real_delta_india
2026-07-24T09:30:00+00:00,52.91,53.0,52.87,53.0,12844.0,real_delta_india
2026-07-24T09:45:00+00:00,53.0,53.07,52.95,53.06,13090.0,real_delta_india
2026-07-24T10:00:00+00:00,53.07,53.11,53.0,53.1,27108.0,real_delta_india
2026-07-24T10:15:00+00:00,53.02,53.23,53.02,53.18,21860.0,real_delta_india
2026-07-24T10:30:00+00:00,53.15,53.21,53.07,53.1,14851.0,real_delta_india
2026-07-24T10:45:00+00:00,53.06,53.1,52.98,53.01,9247.0,real_delta_india
2026-07-24T11:00:00+00:00,53.01,53.09,52.95,53.04,27603.0,real_delta_india
2026-07-24T11:15:00+00:00,53.06,53.08,52.98,53.02,6945.0,real_delta_india
2026-07-24T11:30:00+00:00,52.98,53.02,52.91,52.91,24246.0,real_delta_india
2026-07-24T11:45:00+00:00,52.94,53.15,52.84,53.06,44121.0,real_delta_india
2026-07-24T12:00:00+00:00,53.08,53.22,52.94,53.15,11644.0,real_delta_india
2026-07-24T12:15:00+00:00,53.13,53.24,53.04,53.21,12404.0,real_delta_india
2026-07-24T12:30:00+00:00,53.19,53.2,52.96,53.03,11629.0,real_delta_india
2026-07-24T12:45:00+00:00,53.07,53.12,52.91,52.97,8738.0,real_delta_india
2026-07-24T13:00:00+00:00,53.06,53.13,52.57,52.59,70287.0,real_delta_india
2026-07-24T13:15:00+00:00,52.62,52.69,52.53,52.59,47775.0,real_delta_india
2026-07-24T13:30:00+00:00,52.6,52.79,52.55,52.65,34630.0,real_delta_india
2026-07-24T13:45:00+00:00,52.63,53.02,52.61,53.02,39985.0,real_delta_india
2026-07-24T14:00:00+00:00,53.01,53.09,52.81,52.95,31366.0,real_delta_india
2026-07-24T14:15:00+00:00,52.99,53.18,52.82,53.08,25364.0,real_delta_india
2026-07-24T14:30:00+00:00,53.1,53.27,53.03,53.09,31066.0,real_delta_india
2026-07-24T14:45:00+00:00,53.08,53.22,53.0,53.13,7508.0,real_delta_india
2026-07-24T15:00:00+00:00,53.09,53.45,52.98,53.42,35143.0,real_delta_india
2026-07-24T15:15:00+00:00,53.41,53.55,53.29,53.41,28162.0,real_delta_india
2026-07-24T15:30:00+00:00,53.38,53.52,53.34,53.34,14389.0,real_delta_india
2026-07-24T15:45:00+00:00,53.35,53.52,53.3,53.47,17871.0,real_delta_india
2026-07-24T16:00:00+00:00,53.43,53.48,53.35,53.38,32791.0,real_delta_india
2026-07-24T16:15:00+00:00,53.4,53.45,53.34,53.34,5007.0,real_delta_india
2026-07-24T16:30:00+00:00,53.29,53.34,53.2,53.26,29951.0,real_delta_india
2026-07-24T16:45:00+00:00,53.22,53.25,53.16,53.25,14632.0,real_delta_india
2026-07-24T17:00:00+00:00,53.24,53.27,53.09,53.13,32645.0,real_delta_india
2026-07-24T17:15:00+00:00,53.15,53.28,53.12,53.26,8841.0,real_delta_india
2026-07-24T17:30:00+00:00,53.28,53.35,53.24,53.28,17747.0,real_delta_india
2026-07-24T17:45:00+00:00,53.28,53.29,53.14,53.17,2052.0,real_delta_india
2026-07-24T18:00:00+00:00,53.17,53.21,53.12,53.16,12467.0,real_delta_india
2026-07-24T18:15:00+00:00,53.14,53.17,52.96,52.96,9179.0,real_delta_india
2026-07-24T18:30:00+00:00,52.95,53.03,52.85,52.86,8850.0,real_delta_india
2026-07-24T18:45:00+00:00,52.85,52.98,52.85,52.94,12834.0,real_delta_india
2026-07-24T19:00:00+00:00,52.95,52.96,52.86,52.86,2615.0,real_delta_india
2026-07-24T19:15:00+00:00,52.84,52.85,52.74,52.75,8219.0,real_delta_india
2026-07-24T19:30:00+00:00,52.76,52.93,52.76,52.92,5682.0,real_delta_india
2026-07-24T19:45:00+00:00,52.95,52.95,52.81,52.87,4931.0,real_delta_india
2026-07-24T20:00:00+00:00,52.82,52.88,52.77,52.79,6100.0,real_delta_india
2026-07-24T20:15:00+00:00,52.78,52.86,52.78,52.85,287.0,real_delta_india
2026-07-24T20:30:00+00:00,52.81,52.91,52.78,52.91,1006.0,real_delta_india
2026-07-24T20:45:00+00:00,52.91,52.92,52.83,52.87,1379.0,real_delta_india
2026-07-24T21:00:00+00:00,52.85,52.88,52.83,52.86,1649.0,real_delta_india
2026-07-24T21:15:00+00:00,52.89,52.89,52.86,52.89,2387.0,real_delta_india
2026-07-24T21:30:00+00:00,52.9,52.93,52.9,52.93,51.0,real_delta_india
2026-07-24T21:45:00+00:00,52.93,52.93,52.93,52.93,0.0,real_delta_india
2026-07-24T22:00:00+00:00,52.9,52.9,52.9,52.9,10.0,real_delta_india
2026-07-24T22:15:00+00:00,52.92,52.92,52.92,52.92,25.0,real_delta_india
2026-07-24T22:30:00+00:00,52.91,52.91,52.89,52.89,113.0,real_delta_india
2026-07-24T22:45:00+00:00,52.95,52.95,52.95,52.95,1.0,real_delta_india
2026-07-24T23:00:00+00:00,52.94,52.94,52.94,52.94,70.0,real_delta_india
2026-07-24T23:15:00+00:00,52.93,52.93,52.9,52.93,8.0,real_delta_india
2026-07-24T23:30:00+00:00,52.94,52.94,52.9,52.93,281.0,real_delta_india
2026-07-24T23:45:00+00:00,52.93,52.93,52.9,52.93,329.0,real_delta_india
2026-07-25T00:00:00+00:00,52.92,52.96,52.92,52.96,388.0,real_delta_india
2026-07-25T00:15:00+00:00,52.93,52.96,52.93,52.93,217.0,real_delta_india
2026-07-25T00:30:00+00:00,52.97,52.98,52.95,52.95,355.0,real_delta_india
2026-07-25T00:45:00+00:00,52.95,52.97,52.95,52.96,311.0,real_delta_india
2026-07-25T01:00:00+00:00,52.96,52.96,52.92,52.92,801.0,real_delta_india
2026-07-25T01:15:00+00:00,52.92,52.95,52.92,52.95,616.0,real_delta_india
2026-07-25T01:30:00+00:00,52.96,52.96,52.93,52.93,299.0,real_delta_india
2026-07-25T01:45:00+00:00,52.96,52.96,52.93,52.93,608.0,real_delta_india
2026-07-25T02:00:00+00:00,52.96,52.96,52.93,52.96,1071.0,real_delta_india
2026-07-25T02:15:00+00:00,52.96,52.96,52.93,52.93,710.0,real_delta_india
2026-07-25T02:30:00+00:00,52.93,52.96,52.89,52.96,4195.0,real_delta_india
2026-07-25T02:45:00+00:00,52.95,52.95,52.91,52.91,858.0,real_delta_india
2026-07-25T03:00:00+00:00,52.91,52.93,52.91,52.92,363.0,real_delta_india
2026-07-25T03:15:00+00:00,52.91,52.92,52.91,52.91,405.0,real_delta_india
2026-07-25T03:30:00+00:00,52.91,52.96,52.91,52.96,583.0,real_delta_india
2026-07-25T03:45:00+00:00,52.96,52.96,52.89,52.89,887.0,real_delta_india
2026-07-25T04:00:00+00:00,52.89,52.96,52.89,52.92,995.0,real_delta_india
2026-07-25T04:15:00+00:00,52.96,52.96,52.94,52.96,467.0,real_delta_india
2026-07-25T04:30:00+00:00,52.89,52.96,52.89,52.89,293.0,real_delta_india
2026-07-25T04:45:00+00:00,52.93,52.96,52.91,52.96,1210.0,real_delta_india
2026-07-25T05:00:00+00:00,52.96,52.96,52.92,52.92,1951.0,real_delta_india
2026-07-25T05:15:00+00:00,52.93,52.95,52.92,52.92,189.0,real_delta_india
2026-07-25T05:30:00+00:00,52.93,52.93,52.88,52.91,778.0,real_delta_india
2026-07-25T05:45:00+00:00,52.88,52.91,52.88,52.91,242.0,real_delta_india
2026-07-25T06:00:00+00:00,52.88,52.92,52.88,52.88,207.0,real_delta_india
2026-07-25T06:15:00+00:00,52.88,52.91,52.88,52.88,7932.0,real_delta_india
2026-07-25T06:30:00+00:00,52.88,52.91,52.88,52.88,76.0,real_delta_india
2026-07-25T06:45:00+00:00,52.88,52.91,52.88,52.9,1084.0,real_delta_india
2026-07-25T07:00:00+00:00,52.94,52.94,52.9,52.94,1493.0,real_delta_india
2026-07-25T07:15:00+00:00,52.9,52.94,52.9,52.94,612.0,real_delta_india
2026-07-25T07:30:00+00:00,52.94,52.94,52.92,52.94,81.0,real_delta_india
2026-07-25T07:45:00+00:00,52.95,52.95,52.92,52.92,1077.0,real_delta_india
2026-07-25T08:00:00+00:00,52.92,52.95,52.9,52.9,141.0,real_delta_india
2026-07-25T08:15:00+00:00,52.95,52.96,52.9,52.91,66.0,real_delta_india
2026-07-25T08:30:00+00:00,52.96,52.96,52.91,52.91,1135.0,real_delta_india
2026-07-25T08:45:00+00:00,52.91,52.95,52.9,52.95,1431.0,real_delta_india
2026-07-25T09:00:00+00:00,52.93,52.95,52.93,52.93,342.0,real_delta_india
2026-07-25T09:15:00+00:00,52.95,52.95,52.92,52.95,603.0,real_delta_india
2026-07-25T09:30:00+00:00,52.92,52.92,52.92,52.92,28.0,real_delta_india
2026-07-25T09:45:00+00:00,52.95,52.95,52.92,52.92,342.0,real_delta_india
2026-07-25T10:00:00+00:00,52.91,52.93,52.89,52.92,1521.0,real_delta_india
2026-07-25T10:15:00+00:00,52.89,52.92,52.88,52.92,1496.0,real_delta_india
2026-07-25T10:30:00+00:00,52.89,52.92,52.89,52.92,123.0,real_delta_india
2026-07-25T10:45:00+00:00,52.92,52.92,52.92,52.92,100.0,real_delta_india
2026-07-25T11:00:00+00:00,52.89,52.92,52.89,52.92,1363.0,real_delta_india
2026-07-25T11:15:00+00:00,52.89,52.92,52.88,52.88,661.0,real_delta_india
2026-07-25T11:30:00+00:00,52.88,52.89,52.88,52.88,1321.0,real_delta_india
2026-07-25T11:45:00+00:00,52.88,52.89,52.88,52.88,132.0,real_delta_india
2026-07-25T12:00:00+00:00,52.88,52.89,52.88,52.89,145.0,real_delta_india
2026-07-25T12:15:00+00:00,52.9,52.9,52.86,52.87,6780.0,real_delta_india
2026-07-25T12:30:00+00:00,52.87,52.9,52.87,52.87,1411.0,real_delta_india
2026-07-25T12:45:00+00:00,52.9,52.9,52.87,52.9,406.0,real_delta_india
2026-07-25T13:00:00+00:00,52.88,52.9,52.87,52.87,447.0,real_delta_india
2026-07-25T13:15:00+00:00,52.87,52.9,52.87,52.9,118.0,real_delta_india
2026-07-25T13:30:00+00:00,52.87,52.98,52.87,52.98,1686.0,real_delta_india
2026-07-25T13:45:00+00:00,52.93,52.97,52.93,52.96,708.0,real_delta_india
2026-07-25T14:00:00+00:00,52.96,52.96,52.93,52.93,532.0,real_delta_india
2026-07-25T14:15:00+00:00,52.96,52.96,52.92,52.92,111.0,real_delta_india
2026-07-25T14:30:00+00:00,52.92,52.93,52.92,52.93,19.0,real_delta_india
2026-07-25T14:45:00+00:00,52.95,52.97,52.91,52.91,1426.0,real_delta_india
2026-07-25T15:00:00+00:00,52.96,52.98,52.91,52.96,343.0,real_delta_india
2026-07-25T15:15:00+00:00,52.96,52.98,52.91,52.91,2212.0,real_delta_india
2026-07-25T15:30:00+00:00,52.91,52.98,52.91,52.91,30.0,real_delta_india
2026-07-25T15:45:00+00:00,52.98,52.98,52.91,52.91,29.0,real_delta_india
2026-07-25T16:00:00+00:00,52.91,52.98,52.91,52.98,1182.0,real_delta_india
2026-07-25T16:15:00+00:00,52.98,52.98,52.91,52.91,11.0,real_delta_india
2026-07-25T16:30:00+00:00,52.91,52.97,52.91,52.92,179.0,real_delta_india
2026-07-25T16:45:00+00:00,52.91,52.95,52.91,52.95,26.0,real_delta_india
2026-07-25T17:00:00+00:00,52.97,52.97,52.92,52.92,260.0,real_delta_india
2026-07-25T17:15:00+00:00,52.92,52.97,52.92,52.97,25.0,real_delta_india
2026-07-25T17:30:00+00:00,52.98,52.98,52.92,52.92,1064.0,real_delta_india
2026-07-25T17:45:00+00:00,52.98,52.98,52.92,52.92,859.0,real_delta_india
2026-07-25T18:00:00+00:00,52.92,53.05,52.92,52.97,3122.0,real_delta_india
2026-07-25T18:15:00+00:00,52.97,53.07,52.94,53.07,242.0,real_delta_india
2026-07-25T18:30:00+00:00,53.07,53.07,53.03,53.07,708.0,real_delta_india
2026-07-25T18:45:00+00:00,53.07,53.07,53.07,53.07,227.0,real_delta_india
2026-07-25T19:00:00+00:00,53.03,53.06,53.03,53.03,271.0,real_delta_india
2026-07-25T19:15:00+00:00,53.04,53.04,53.04,53.04,2.0,real_delta_india
2026-07-25T19:30:00+00:00,53.03,53.04,53.03,53.04,16.0,real_delta_india
2026-07-25T19:45:00+00:00,53.03,53.04,53.03,53.03,206.0,real_delta_india
2026-07-25T20:00:00+00:00,53.03,53.04,53.03,53.03,52.0,real_delta_india
2026-07-25T20:15:00+00:00,53.03,53.03,53.03,53.03,19.0,real_delta_india
2026-07-25T20:30:00+00:00,53.02,53.02,53.02,53.02,20.0,real_delta_india
2026-07-25T20:45:00+00:00,53.02,53.02,53.0,53.0,20.0,real_delta_india
2026-07-25T21:00:00+00:00,53.0,53.0,53.0,53.0,11.0,real_delta_india
2026-07-25T21:15:00+00:00,53.0,53.0,53.0,53.0,100.0,real_delta_india
2026-07-25T21:30:00+00:00,53.0,53.07,53.0,53.07,125.0,real_delta_india
2026-07-25T21:45:00+00:00,53.07,53.07,53.07,53.07,0.0,real_delta_india
2026-07-25T22:00:00+00:00,53.07,53.07,53.07,53.07,0.0,real_delta_india
2026-07-25T22:15:00+00:00,53.07,53.07,53.07,53.07,0.0,real_delta_india
2026-07-25T22:30:00+00:00,53.01,53.06,53.0,53.0,87.0,real_delta_india
2026-07-25T22:45:00+00:00,53.0,53.0,53.0,53.0,0.0,real_delta_india
2026-07-25T23:00:00+00:00,53.0,53.0,53.0,53.0,0.0,real_delta_india
2026-07-25T23:15:00+00:00,53.0,53.0,53.0,53.0,0.0,real_delta_india
2026-07-25T23:30:00+00:00,53.0,53.0,53.0,53.0,555.0,real_delta_india
2026-07-25T23:45:00+00:00,53.0,53.0,53.0,53.0,0.0,real_delta_india
2026-07-26T00:00:00+00:00,53.0,53.0,53.0,53.0,76.0,real_delta_india
2026-07-26T00:15:00+00:00,53.04,53.04,53.04,53.04,1.0,real_delta_india
2026-07-26T00:30:00+00:00,53.0,53.0,52.94,52.94,375.0,real_delta_india
2026-07-26T00:45:00+00:00,52.94,52.94,52.94,52.94,0.0,real_delta_india
2026-07-26T01:00:00+00:00,52.94,52.94,52.94,52.94,12.0,real_delta_india
2026-07-26T01:15:00+00:00,53.0,53.0,52.94,53.0,150.0,real_delta_india
2026-07-26T01:30:00+00:00,53.0,53.0,53.0,53.0,30.0,real_delta_india
2026-07-26T01:45:00+00:00,53.04,53.04,52.94,53.04,414.0,real_delta_india
2026-07-26T02:00:00+00:00,52.94,52.94,52.94,52.94,34.0,real_delta_india
2026-07-26T02:15:00+00:00,52.94,53.03,52.94,53.03,991.0,real_delta_india
2026-07-26T02:30:00+00:00,53.03,53.04,52.98,52.98,445.0,real_delta_india
2026-07-26T02:45:00+00:00,53.04,53.04,52.98,52.98,82.0,real_delta_india
2026-07-26T03:00:00+00:00,52.98,53.04,52.98,53.04,11.0,real_delta_india
2026-07-26T03:15:00+00:00,52.98,52.98,52.98,52.98,48.0,real_delta_india
2026-07-26T03:30:00+00:00,53.04,53.04,52.98,53.04,215.0,real_delta_india
2026-07-26T03:45:00+00:00,53.0,53.04,52.98,53.04,131.0,real_delta_india
2026-07-26T04:00:00+00:00,53.04,53.08,52.98,53.08,631.0,real_delta_india
2026-07-26T04:15:00+00:00,53.08,53.08,52.93,52.93,1842.0,real_delta_india
2026-07-26T04:30:00+00:00,52.93,53.08,52.93,53.08,4418.0,real_delta_india
2026-07-26T04:45:00+00:00,53.08,53.08,52.93,52.93,550.0,real_delta_india
2026-07-26T05:00:00+00:00,53.02,53.02,52.95,53.01,249.0,real_delta_india
2026-07-26T05:15:00+00:00,53.01,53.07,52.96,53.07,127.0,real_delta_india
2026-07-26T05:30:00+00:00,53.01,53.03,52.95,52.95,1689.0,real_delta_india
2026-07-26T05:45:00+00:00,53.02,53.05,53.02,53.05,561.0,real_delta_india
2026-07-26T06:00:00+00:00,53.02,53.08,53.02,53.04,2075.0,real_delta_india
2026-07-26T06:15:00+00:00,53.03,53.03,53.03,53.03,1922.0,real_delta_india
2026-07-26T06:30:00+00:00,53.06,53.06,53.04,53.04,1733.0,real_delta_india
2026-07-26T06:45:00+00:00,53.07,53.07,53.07,53.07,1203.0,real_delta_india
2026-07-26T07:00:00+00:00,53.04,53.14,53.04,53.14,317.0,real_delta_india
2026-07-26T07:15:00+00:00,53.13,53.13,53.06,53.06,2355.0,real_delta_india
2026-07-26T07:30:00+00:00,53.13,53.13,53.02,53.02,530.0,real_delta_india
2026-07-26T07:45:00+00:00,53.14,53.17,53.07,53.15,3501.0,real_delta_india
2026-07-26T08:00:00+00:00,53.16,53.2,53.12,53.2,2094.0,real_delta_india
2026-07-26T08:15:00+00:00,53.12,53.22,53.12,53.15,388.0,real_delta_india
2026-07-26T08:30:00+00:00,53.21,53.22,53.08,53.13,1084.0,real_delta_india
2026-07-26T08:45:00+00:00,53.13,53.22,53.12,53.16,5188.0,real_delta_india
2026-07-26T09:00:00+00:00,53.16,53.25,53.14,53.25,2900.0,real_delta_india
2026-07-26T09:15:00+00:00,53.14,53.14,53.14,53.14,6.0,real_delta_india
2026-07-26T09:30:00+00:00,53.25,53.25,53.14,53.14,39.0,real_delta_india
2026-07-26T09:45:00+00:00,53.23,53.23,53.15,53.21,664.0,real_delta_india
2026-07-26T10:00:00+00:00,53.23,53.28,53.16,53.16,1933.0,real_delta_india
2026-07-26T10:15:00+00:00,53.27,53.37,53.16,53.3,1984.0,real_delta_india
2026-07-26T10:30:00+00:00,53.3,53.48,53.19,53.29,4780.0,real_delta_india
2026-07-26T10:45:00+00:00,53.46,53.5,53.17,53.23,1135.0,real_delta_india
2026-07-26T11:00:00+00:00,53.23,53.44,53.23,53.28,922.0,real_delta_india
2026-07-26T11:15:00+00:00,53.28,53.51,53.28,53.46,2736.0,real_delta_india
2026-07-26T11:30:00+00:00,53.39,53.45,53.3,53.31,2652.0,real_delta_india
2026-07-26T11:45:00+00:00,53.35,53.47,53.31,53.45,688.0,real_delta_india
2026-07-26T12:00:00+00:00,53.32,53.47,53.32,53.42,644.0,real_delta_india
2026-07-26T12:15:00+00:00,53.41,53.46,53.33,53.44,1740.0,real_delta_india
2026-07-26T12:30:00+00:00,53.36,53.47,53.32,53.47,2996.0,real_delta_india
2026-07-26T12:45:00+00:00,53.44,53.47,53.42,53.47,2194.0,real_delta_india
2026-07-26T13:00:00+00:00,53.51,53.51,53.43,53.49,1817.0,real_delta_india
2026-07-26T13:15:00+00:00,53.47,53.52,53.45,53.52,1857.0,real_delta_india
2026-07-26T13:30:00+00:00,53.44,53.44,53.44,53.44,720.0,real_delta_india
2026-07-26T13:45:00+00:00,53.44,53.53,53.43,53.53,6350.0,real_delta_india
2026-07-26T14:00:00+00:00,53.43,53.64,53.43,53.5,3104.0,real_delta_india
2026-07-26T14:15:00+00:00,53.57,53.6,53.5,53.55,1818.0,real_delta_india
2026-07-26T14:30:00+00:00,53.53,53.56,53.49,53.56,207.0,real_delta_india
2026-07-26T14:45:00+00:00,53.54,53.54,53.47,53.47,1207.0,real_delta_india
2026-07-26T15:00:00+00:00,53.45,53.5,53.43,53.44,2412.0,real_delta_india
2026-07-26T15:15:00+00:00,53.44,53.57,53.44,53.54,963.0,real_delta_india
2026-07-26T15:30:00+00:00,53.5,53.58,53.44,53.45,1853.0,real_delta_india
2026-07-26T15:45:00+00:00,53.46,53.49,53.4,53.48,10988.0,real_delta_india
2026-07-26T16:00:00+00:00,53.43,53.56,53.35,53.52,1865.0,real_delta_india
2026-07-26T16:15:00+00:00,53.52,53.63,53.45,53.49,2407.0,real_delta_india
2026-07-26T16:30:00+00:00,53.63,53.65,53.4,53.65,8085.0,real_delta_india
2026-07-26T16:45:00+00:00,53.64,53.66,53.46,53.46,1778.0,real_delta_india
2026-07-26T17:00:00+00:00,53.55,53.59,53.46,53.58,1341.0,real_delta_india
2026-07-26T17:15:00+00:00,53.58,53.6,53.43,53.52,1306.0,real_delta_india
2026-07-26T17:30:00+00:00,53.51,53.6,53.43,53.6,3582.0,real_delta_india
2026-07-26T17:45:00+00:00,53.61,53.74,53.61,53.64,2127.0,real_delta_india
2026-07-26T18:00:00+00:00,53.65,53.66,53.59,53.64,1449.0,real_delta_india
2026-07-26T18:15:00+00:00,53.67,53.71,53.66,53.71,1385.0,real_delta_india
2026-07-26T18:30:00+00:00,53.71,53.71,53.66,53.67,1077.0,real_delta_india
2026-07-26T18:45:00+00:00,53.67,53.67,53.65,53.65,762.0,real_delta_india
2026-07-26T19:00:00+00:00,53.63,53.65,53.62,53.62,416.0,real_delta_india
2026-07-26T19:15:00+00:00,53.61,53.62,53.57,53.62,1069.0,real_delta_india
2026-07-26T19:30:00+00:00,53.61,53.61,53.49,53.49,4159.0,real_delta_india
2026-07-26T19:45:00+00:00,53.43,53.61,53.4,53.6,1371.0,real_delta_india
2026-07-26T20:00:00+00:00,53.6,53.6,53.4,53.4,569.0,real_delta_india
2026-07-26T20:15:00+00:00,53.63,53.63,53.51,53.59,542.0,real_delta_india
2026-07-26T20:30:00+00:00,53.58,53.58,53.58,53.58,10.0,real_delta_india
2026-07-26T20:45:00+00:00,53.51,53.51,53.51,53.51,5.0,real_delta_india
2026-07-26T21:00:00+00:00,53.51,53.56,53.4,53.4,250.0,real_delta_india
2026-07-26T21:15:00+00:00,53.4,53.56,53.4,53.56,44.0,real_delta_india
2026-07-26T21:30:00+00:00,53.56,53.63,53.56,53.61,824.0,real_delta_india
2026-07-26T21:45:00+00:00,53.61,53.63,53.61,53.63,753.0,real_delta_india
2026-07-26T22:00:00+00:00,53.63,54.1,53.63,53.99,25303.0,real_delta_india
2026-07-26T22:15:00+00:00,53.92,54.24,53.92,53.93,16245.0,real_delta_india
2026-07-26T22:30:00+00:00,53.95,54.33,53.9,54.15,5324.0,real_delta_india
2026-07-26T22:45:00+00:00,54.15,54.33,54.03,54.15,3306.0,real_delta_india
2026-07-26T23:00:00+00:00,54.1,54.1,54.01,54.01,6429.0,real_delta_india
2026-07-26T23:15:00+00:00,54.01,54.07,53.84,53.92,7831.0,real_delta_india
2026-07-26T23:30:00+00:00,53.91,53.98,53.87,53.87,1527.0,real_delta_india
2026-07-26T23:45:00+00:00,54.0,54.2,53.94,54.08,2430.0,real_delta_india
2026-07-27T00:00:00+00:00,54.08,54.52,54.04,54.52,33695.0,real_delta_india
2026-07-27T00:15:00+00:00,54.52,54.52,54.1,54.13,26634.0,real_delta_india
2026-07-27T00:30:00+00:00,54.17,54.28,54.15,54.15,13776.0,real_delta_india
2026-07-27T00:45:00+00:00,54.15,54.32,54.06,54.06,7212.0,real_delta_india
2026-07-27T01:00:00+00:00,54.19,54.29,54.1,54.16,45546.0,real_delta_india
2026-07-27T01:15:00+00:00,54.25,54.25,54.03,54.08,5467.0,real_delta_india
2026-07-27T01:30:00+00:00,54.08,54.26,54.04,54.2,1830.0,real_delta_india
2026-07-27T01:45:00+00:00,54.21,54.29,54.18,54.27,7768.0,real_delta_india
2026-07-27T02:00:00+00:00,54.28,54.3,54.13,54.15,9553.0,real_delta_india
2026-07-27T02:15:00+00:00,54.14,54.19,54.1,54.11,2858.0,real_delta_india
2026-07-27T02:30:00+00:00,54.08,54.08,53.95,53.98,5765.0,real_delta_india
2026-07-27T02:45:00+00:00,53.99,53.99,53.88,53.88,14528.0,real_delta_india
2026-07-27T03:00:00+00:00,53.87,53.93,53.82,53.89,20000.0,real_delta_india
2026-07-27T03:15:00+00:00,53.91,53.98,53.85,53.87,9402.0,real_delta_india
2026-07-27T03:30:00+00:00,53.82,53.97,53.82,53.97,14294.0,real_delta_india
2026-07-27T03:45:00+00:00,53.94,53.94,53.83,53.86,3536.0,real_delta_india
2026-07-27T04:00:00+00:00,53.86,53.89,53.72,53.76,11368.0,real_delta_india
2026-07-27T04:15:00+00:00,53.78,53.79,53.68,53.74,3760.0,real_delta_india
2026-07-27T04:30:00+00:00,53.76,53.86,53.76,53.83,15979.0,real_delta_india
2026-07-27T04:45:00+00:00,53.81,53.88,53.8,53.86,19318.0,real_delta_india
2026-07-27T05:00:00+00:00,53.83,53.96,53.82,53.96,27090.0,real_delta_india
2026-07-27T05:15:00+00:00,53.94,53.95,53.78,53.82,16102.0,real_delta_india
2026-07-27T05:30:00+00:00,53.79,53.85,53.71,53.85,13430.0,real_delta_india
2026-07-27T05:45:00+00:00,53.83,53.97,53.78,53.93,21613.0,real_delta_india
2026-07-27T06:00:00+00:00,53.94,54.04,53.89,53.99,12744.0,real_delta_india
2026-07-27T06:15:00+00:00,53.98,54.05,53.92,54.02,20450.0,real_delta_india
2026-07-27T06:30:00+00:00,54.02,54.11,53.97,54.02,39946.0,real_delta_india
2026-07-27T06:45:00+00:00,53.96,54.0,53.9,53.95,16879.0,real_delta_india
2026-07-27T07:00:00+00:00,53.96,54.13,53.96,54.12,10743.0,real_delta_india
2026-07-27T07:15:00+00:00,54.12,54.28,54.08,54.22,19202.0,real_delta_india
2026-07-27T07:30:00+00:00,54.18,54.18,54.01,54.02,61331.0,real_delta_india
2026-07-27T07:45:00+00:00,54.04,54.05,53.76,53.76,30704.0,real_delta_india
2026-07-27T08:00:00+00:00,53.79,53.89,53.66,53.82,15299.0,real_delta_india
2026-07-27T08:15:00+00:00,53.84,53.84,53.73,53.8,4161.0,real_delta_india
2026-07-27T08:30:00+00:00,53.76,53.92,53.68,53.88,5109.0,real_delta_india
2026-07-27T08:45:00+00:00,53.91,53.99,53.87,53.95,31283.0,real_delta_india
2026-07-27T09:00:00+00:00,53.89,53.99,53.87,53.91,3751.0,real_delta_india
2026-07-27T09:15:00+00:00,53.87,53.89,53.76,53.76,3190.0,real_delta_india
2026-07-27T09:30:00+00:00,53.77,53.86,53.74,53.81,3639.0,real_delta_india
2026-07-27T09:45:00+00:00,53.82,53.94,53.82,53.86,2723.0,real_delta_india
2026-07-27T10:00:00+00:00,53.82,53.84,53.62,53.7,25778.0,real_delta_india
2026-07-27T10:15:00+00:00,53.68,53.77,53.67,53.72,1090.0,real_delta_india
2026-07-27T10:30:00+00:00,53.72,53.87,53.72,53.84,7511.0,real_delta_india
2026-07-27T10:45:00+00:00,53.82,53.88,53.8,53.8,4895.0,real_delta_india
2026-07-27T11:00:00+00:00,53.81,53.85,53.63,53.83,8880.0,real_delta_india
2026-07-27T11:15:00+00:00,53.78,53.81,53.74,53.81,5785.0,real_delta_india
2026-07-27T11:30:00+00:00,53.77,53.78,53.7,53.72,9420.0,real_delta_india
2026-07-27T11:45:00+00:00,53.71,53.71,53.6,53.66,41098.0,real_delta_india
2026-07-27T12:00:00+00:00,53.63,53.71,53.3,53.4,114414.0,real_delta_india
2026-07-27T12:15:00+00:00,53.44,53.51,53.36,53.42,53279.0,real_delta_india
2026-07-27T12:30:00+00:00,53.44,53.58,53.4,53.58,26598.0,real_delta_india
2026-07-27T12:45:00+00:00,53.58,53.61,53.48,53.52,54245.0,real_delta_india
2026-07-27T13:00:00+00:00,53.51,53.63,53.39,53.47,77297.0,real_delta_india
2026-07-27T13:15:00+00:00,53.51,53.55,53.25,53.29,31307.0,real_delta_india
2026-07-27T13:30:00+00:00,53.28,53.55,53.22,53.51,71154.0,real_delta_india
2026-07-27T13:45:00+00:00,53.55,53.56,53.07,53.13,38469.0,real_delta_india
2026-07-27T14:00:00+00:00,53.18,53.32,53.1,53.27,35620.0,real_delta_india
2026-07-27T14:15:00+00:00,53.27,53.32,52.87,53.04,52925.0,real_delta_india
2026-07-27T14:30:00+00:00,53.0,53.08,52.93,53.02,20097.0,real_delta_india
2026-07-27T14:45:00+00:00,53.1,53.3,53.07,53.29,11457.0,real_delta_india
2026-07-27T15:00:00+00:00,53.29,53.3,53.16,53.18,4880.0,real_delta_india
2026-07-27T15:15:00+00:00,53.27,53.33,53.18,53.25,19228.0,real_delta_india
2026-07-27T15:30:00+00:00,53.28,53.28,53.12,53.18,8448.0,real_delta_india
2026-07-27T15:45:00+00:00,53.17,53.27,53.14,53.26,4685.0,real_delta_india
2026-07-27T16:00:00+00:00,53.24,53.38,53.21,53.35,23356.0,real_delta_india
2026-07-27T16:15:00+00:00,53.33,53.49,53.28,53.43,27449.0,real_delta_india
2026-07-27T16:30:00+00:00,53.43,53.56,53.39,53.42,27617.0,real_delta_india
2026-07-27T16:45:00+00:00,53.43,53.43,53.21,53.26,20985.0,real_delta_india
2026-07-27T17:00:00+00:00,53.24,53.26,53.04,53.15,29048.0,real_delta_india
2026-07-27T17:15:00+00:00,53.11,53.14,53.02,53.07,13241.0,real_delta_india
2026-07-27T17:30:00+00:00,53.08,53.1,53.04,53.09,5042.0,real_delta_india
2026-07-27T17:45:00+00:00,53.07,53.14,53.05,53.11,3039.0,real_delta_india
2026-07-27T18:00:00+00:00,53.14,53.14,53.02,53.02,10240.0,real_delta_india
2026-07-27T18:15:00+00:00,53.0,53.0,52.88,53.0,10911.0,real_delta_india
2026-07-27T18:30:00+00:00,52.99,53.0,52.88,52.99,7880.0,real_delta_india
2026-07-27T18:45:00+00:00,52.97,53.02,52.82,53.0,12762.0,real_delta_india
2026-07-27T19:00:00+00:00,53.03,53.11,52.98,53.04,5841.0,real_delta_india
2026-07-27T19:15:00+00:00,53.04,53.24,53.04,53.22,17755.0,real_delta_india
2026-07-27T19:30:00+00:00,53.19,53.24,53.16,53.18,2218.0,real_delta_india
2026-07-27T19:45:00+00:00,53.21,53.24,53.16,53.17,716.0,real_delta_india
2026-07-27T20:00:00+00:00,53.15,53.16,53.09,53.16,273.0,real_delta_india
2026-07-27T20:15:00+00:00,53.12,53.13,53.05,53.05,3438.0,real_delta_india
2026-07-27T20:30:00+00:00,53.07,53.09,53.06,53.09,101.0,real_delta_india
2026-07-27T20:45:00+00:00,53.08,53.1,53.04,53.04,1404.0,real_delta_india
2026-07-27T21:00:00+00:00,53.12,53.12,53.08,53.11,762.0,real_delta_india
2026-07-27T21:15:00+00:00,53.12,53.13,53.12,53.13,1723.0,real_delta_india
2026-07-27T21:30:00+00:00,53.12,53.12,53.08,53.08,161.0,real_delta_india
2026-07-27T21:45:00+00:00,53.1,53.1,53.1,53.1,60.0,real_delta_india
2026-07-27T22:00:00+00:00,53.12,53.12,53.12,53.12,4.0,real_delta_india
2026-07-27T22:15:00+00:00,53.04,53.07,52.98,53.0,875.0,real_delta_india
2026-07-27T22:30:00+00:00,53.03,53.04,53.01,53.01,4.0,real_delta_india
2026-07-27T22:45:00+00:00,53.0,53.06,52.99,53.01,3970.0,real_delta_india
2026-07-27T23:00:00+00:00,53.03,53.05,52.96,53.0,4016.0,real_delta_india
2026-07-27T23:15:00+00:00,53.03,53.06,53.03,53.06,39.0,real_delta_india
2026-07-27T23:30:00+00:00,53.09,53.09,53.02,53.02,1248.0,real_delta_india
2026-07-27T23:45:00+00:00,53.03,53.05,52.98,53.02,1008.0,real_delta_india
2026-07-28T00:00:00+00:00,52.97,52.97,52.71,52.8,16370.0,real_delta_india
2026-07-28T00:15:00+00:00,52.81,52.86,52.68,52.78,2378.0,real_delta_india
2026-07-28T00:30:00+00:00,52.77,52.83,52.67,52.8,7049.0,real_delta_india
2026-07-28T00:45:00+00:00,52.77,52.77,52.41,52.42,69675.0,real_delta_india
2026-07-28T01:00:00+00:00,52.46,52.47,52.05,52.17,39183.0,real_delta_india
2026-07-28T01:15:00+00:00,52.16,52.19,51.86,51.94,40032.0,real_delta_india
2026-07-28T01:30:00+00:00,52.01,52.13,51.87,52.02,31274.0,real_delta_india
2026-07-28T01:45:00+00:00,52.07,52.1,51.88,51.95,17808.0,real_delta_india
2026-07-28T02:00:00+00:00,51.99,52.06,51.91,52.06,14150.0,real_delta_india
2026-07-28T02:15:00+00:00,52.05,52.15,52.0,52.0,16213.0,real_delta_india
2026-07-28T02:30:00+00:00,52.03,52.08,51.85,51.89,15405.0,real_delta_india
2026-07-28T02:45:00+00:00,51.93,52.08,51.92,51.99,18277.0,real_delta_india
2026-07-28T03:00:00+00:00,51.99,52.07,51.84,52.05,15371.0,real_delta_india
2026-07-28T03:15:00+00:00,52.06,52.12,52.04,52.07,11061.0,real_delta_india
2026-07-28T03:30:00+00:00,52.05,52.19,52.01,52.14,21271.0,real_delta_india
2026-07-28T03:45:00+00:00,52.14,52.2,52.05,52.11,4235.0,real_delta_india
2026-07-28T04:00:00+00:00,52.08,52.09,51.97,51.99,7090.0,real_delta_india
2026-07-28T04:15:00+00:00,51.96,52.07,51.95,52.0,22352.0,real_delta_india
2026-07-28T04:30:00+00:00,51.99,52.04,51.96,52.01,3101.0,real_delta_india
2026-07-28T04:45:00+00:00,52.05,52.06,51.91,51.92,5783.0,real_delta_india
2026-07-28T05:00:00+00:00,51.92,51.98,51.86,51.92,7190.0,real_delta_india
2026-07-28T05:15:00+00:00,51.94,51.95,51.7,51.8,57287.0,real_delta_india
2026-07-28T05:30:00+00:00,51.79,51.8,51.52,51.74,67961.0,real_delta_india
2026-07-28T05:45:00+00:00,51.71,51.87,51.69,51.86,27220.0,real_delta_india
2026-07-28T06:00:00+00:00,51.85,52.05,51.85,52.01,57006.0,real_delta_india
2026-07-28T06:15:00+00:00,52.02,52.13,52.01,52.1,49222.0,real_delta_india
2026-07-28T06:30:00+00:00,52.11,52.26,52.04,52.19,15535.0,real_delta_india
2026-07-28T06:45:00+00:00,52.17,52.2,52.11,52.16,4362.0,real_delta_india
2026-07-28T07:00:00+00:00,52.12,52.18,52.05,52.06,10028.0,real_delta_india
2026-07-28T07:15:00+00:00,52.06,52.26,52.06,52.19,16064.0,real_delta_india
2026-07-28T07:30:00+00:00,52.19,52.19,52.08,52.14,39774.0,real_delta_india
2026-07-28T07:45:00+00:00,52.15,52.24,52.1,52.18,9848.0,real_delta_india
2026-07-28T08:00:00+00:00,52.18,52.37,52.08,52.08,26063.0,real_delta_india
2026-07-28T08:15:00+00:00,52.11,52.35,52.1,52.33,9963.0,real_delta_india
2026-07-28T08:30:00+00:00,52.32,52.35,52.24,52.3,23084.0,real_delta_india
2026-07-28T08:45:00+00:00,52.3,52.34,52.16,52.25,17145.0,real_delta_india
2026-07-28T09:00:00+00:00,52.24,52.31,52.21,52.24,4825.0,real_delta_india
2026-07-28T09:15:00+00:00,52.25,52.32,52.16,52.16,17055.0,real_delta_india
2026-07-28T09:30:00+00:00,52.19,52.19,51.99,52.05,41274.0,real_delta_india
2026-07-28T09:45:00+00:00,52.03,52.09,51.89,51.92,32756.0,real_delta_india
2026-07-28T10:00:00+00:00,51.92,52.04,51.87,52.0,13559.0,real_delta_india
2026-07-28T10:15:00+00:00,51.98,52.05,51.77,51.89,26419.0,real_delta_india
2026-07-28T10:30:00+00:00,51.86,51.97,51.84,51.91,7334.0,real_delta_india
2026-07-28T10:45:00+00:00,51.92,52.03,51.87,51.91,9522.0,real_delta_india
2026-07-28T11:00:00+00:00,51.91,51.97,51.86,51.89,2879.0,real_delta_india
2026-07-28T11:15:00+00:00,51.91,52.08,51.91,51.99,20242.0,real_delta_india
2026-07-28T11:30:00+00:00,51.99,52.11,51.98,52.0,18279.0,real_delta_india
2026-07-28T11:45:00+00:00,52.01,52.07,51.95,52.05,16386.0,real_delta_india
2026-07-28T12:00:00+00:00,52.09,52.13,51.98,52.06,16373.0,real_delta_india
2026-07-28T12:15:00+00:00,52.1,52.15,52.0,52.04,39057.0,real_delta_india
2026-07-28T12:30:00+00:00,52.02,52.15,51.91,52.13,34984.0,real_delta_india
2026-07-28T12:45:00+00:00,52.13,52.21,52.0,52.05,21211.0,real_delta_india
2026-07-28T13:00:00+00:00,52.1,52.14,51.92,51.96,21790.0,real_delta_india
2026-07-28T13:15:00+00:00,51.95,51.99,51.81,51.84,39125.0,real_delta_india
2026-07-28T13:30:00+00:00,51.84,51.9,51.53,51.64,77711.0,real_delta_india
2026-07-28T13:45:00+00:00,51.63,51.65,51.5,51.62,23454.0,real_delta_india
2026-07-28T14:00:00+00:00,51.62,52.0,51.62,51.78,59306.0,real_delta_india
2026-07-28T14:15:00+00:00,51.8,51.82,51.44,51.74,80691.0,real_delta_india
2026-07-28T14:30:00+00:00,51.75,51.79,51.64,51.76,11837.0,real_delta_india
2026-07-28T14:45:00+00:00,51.74,51.89,51.72,51.8,30027.0,real_delta_india
2026-07-28T15:00:00+00:00,51.8,52.05,51.72,52.01,35526.0,real_delta_india
2026-07-28T15:15:00+00:00,52.04,52.13,51.96,51.98,34769.0,real_delta_india
2026-07-28T15:30:00+00:00,51.95,52.1,51.92,52.1,29468.0,real_delta_india
2026-07-28T15:45:00+00:00,52.1,52.17,52.03,52.17,41812.0,real_delta_india
2026-07-28T16:00:00+00:00,52.17,52.25,52.11,52.22,27587.0,real_delta_india
2026-07-28T16:15:00+00:00,52.21,52.25,52.14,52.14,15765.0,real_delta_india
2026-07-28T16:30:00+00:00,52.16,52.2,52.07,52.07,24792.0,real_delta_india
2026-07-28T16:45:00+00:00,52.07,52.13,52.01,52.04,26200.0,real_delta_india
2026-07-28T17:00:00+00:00,52.08,52.11,51.99,51.99,15961.0,real_delta_india
2026-07-28T17:15:00+00:00,52.03,52.17,52.0,52.11,14023.0,real_delta_india
2026-07-28T17:30:00+00:00,52.07,52.1,51.86,51.86,13293.0,real_delta_india
2026-07-28T17:45:00+00:00,51.86,51.89,51.8,51.87,21402.0,real_delta_india
2026-07-28T18:00:00+00:00,51.86,51.9,51.84,51.9,8914.0,real_delta_india
2026-07-28T18:15:00+00:00,51.87,51.94,51.85,51.88,4205.0,real_delta_india
2026-07-28T18:30:00+00:00,51.86,51.9,51.82,51.89,10475.0,real_delta_india
2026-07-28T18:45:00+00:00,51.87,51.92,51.83,51.89,11143.0,real_delta_india
2026-07-28T19:00:00+00:00,51.88,51.99,51.86,51.96,37472.0,real_delta_india
2026-07-28T19:15:00+00:00,51.92,52.0,51.92,51.97,2827.0,real_delta_india
2026-07-28T19:30:00+00:00,51.99,52.05,51.94,51.95,3237.0,real_delta_india
2026-07-28T19:45:00+00:00,51.97,52.01,51.93,51.95,14672.0,real_delta_india
2026-07-28T20:00:00+00:00,51.92,51.92,51.84,51.84,2586.0,real_delta_india
2026-07-28T20:15:00+00:00,51.88,51.94,51.86,51.92,4662.0,real_delta_india
2026-07-28T20:30:00+00:00,51.9,51.94,51.89,51.91,2733.0,real_delta_india
2026-07-28T20:45:00+00:00,51.91,51.92,51.85,51.92,700.0,real_delta_india
2026-07-28T21:00:00+00:00,51.9,51.93,51.9,51.93,500.0,real_delta_india
2026-07-28T21:15:00+00:00,51.93,51.93,51.93,51.93,0.0,real_delta_india
2026-07-28T21:30:00+00:00,51.93,51.93,51.93,51.93,0.0,real_delta_india
2026-07-28T21:45:00+00:00,51.92,51.92,51.9,51.9,2133.0,real_delta_india
2026-07-28T22:00:00+00:00,51.88,51.88,51.83,51.83,3195.0,real_delta_india
2026-07-28T22:15:00+00:00,51.81,51.84,51.76,51.84,7802.0,real_delta_india
2026-07-28T22:30:00+00:00,51.84,51.84,51.68,51.74,1635.0,real_delta_india
2026-07-28T22:45:00+00:00,51.69,51.74,51.68,51.74,513.0,real_delta_india
2026-07-28T23:00:00+00:00,51.67,51.77,51.67,51.77,6701.0,real_delta_india
2026-07-28T23:15:00+00:00,51.82,51.82,51.76,51.76,303.0,real_delta_india
2026-07-28T23:30:00+00:00,51.76,51.79,51.76,51.78,12151.0,real_delta_india
2026-07-28T23:45:00+00:00,51.89,51.99,51.86,51.98,5040.0,real_delta_india
2026-07-29T00:00:00+00:00,51.99,52.04,51.94,51.95,7065.0,real_delta_india
2026-07-29T00:15:00+00:00,52.0,52.1,51.96,51.96,7784.0,real_delta_india
2026-07-29T00:30:00+00:00,51.93,52.05,51.92,52.0,2616.0,real_delta_india
2026-07-29T00:45:00+00:00,52.03,52.03,51.88,51.88,6913.0,real_delta_india
2026-07-29T01:00:00+00:00,51.86,51.89,51.73,51.73,11726.0,real_delta_india
2026-07-29T01:15:00+00:00,51.78,52.01,51.78,52.01,4098.0,real_delta_india
2026-07-29T01:30:00+00:00,51.95,52.35,51.87,52.24,32275.0,real_delta_india
2026-07-29T01:45:00+00:00,52.25,52.25,52.02,52.2,18417.0,real_delta_india
2026-07-29T02:00:00+00:00,52.22,52.31,52.08,52.27,29388.0,real_delta_india
2026-07-29T02:15:00+00:00,52.28,52.44,52.24,52.4,36892.0,real_delta_india
2026-07-29T02:30:00+00:00,52.45,52.66,52.44,52.56,24618.0,real_delta_india
2026-07-29T02:45:00+00:00,52.59,52.59,52.37,52.38,8751.0,real_delta_india
2026-07-29T03:00:00+00:00,52.39,52.43,52.29,52.3,6411.0,real_delta_india
2026-07-29T03:15:00+00:00,52.32,52.32,52.18,52.21,7630.0,real_delta_india
2026-07-29T03:30:00+00:00,52.21,52.21,52.12,52.18,13899.0,real_delta_india
2026-07-29T03:45:00+00:00,52.23,52.24,52.08,52.09,8429.0,real_delta_india
2026-07-29T04:00:00+00:00,52.13,52.14,52.07,52.1,8071.0,real_delta_india
2026-07-29T04:15:00+00:00,52.08,52.19,52.05,52.09,4348.0,real_delta_india
2026-07-29T04:30:00+00:00,52.09,52.22,52.09,52.19,7631.0,real_delta_india
2026-07-29T04:45:00+00:00,52.15,52.25,52.13,52.21,7593.0,real_delta_india
2026-07-29T05:00:00+00:00,52.22,52.45,52.2,52.39,30458.0,real_delta_india
2026-07-29T05:15:00+00:00,52.36,52.44,52.3,52.41,7197.0,real_delta_india
2026-07-29T05:30:00+00:00,52.42,52.64,52.41,52.64,34753.0,real_delta_india
2026-07-29T05:45:00+00:00,52.69,52.7,52.43,52.5,25459.0,real_delta_india
2026-07-29T06:00:00+00:00,52.48,52.6,52.45,52.56,8185.0,real_delta_india
2026-07-29T06:15:00+00:00,52.6,52.64,52.51,52.57,5758.0,real_delta_india
2026-07-29T06:30:00+00:00,52.59,52.75,52.59,52.71,12811.0,real_delta_india
2026-07-29T06:45:00+00:00,52.74,52.78,52.66,52.78,16278.0,real_delta_india
2026-07-29T07:00:00+00:00,52.76,52.82,52.73,52.78,5255.0,real_delta_india
2026-07-29T07:15:00+00:00,52.8,52.88,52.75,52.83,15380.0,real_delta_india
2026-07-29T07:30:00+00:00,52.83,52.86,52.79,52.84,39860.0,real_delta_india
2026-07-29T07:45:00+00:00,52.84,52.84,52.72,52.73,19043.0,real_delta_india
2026-07-29T08:00:00+00:00,52.77,52.77,52.51,52.56,17853.0,real_delta_india
2026-07-29T08:15:00+00:00,52.56,52.61,52.46,52.5,14109.0,real_delta_india
2026-07-29T08:30:00+00:00,52.47,52.58,52.47,52.53,11885.0,real_delta_india
2026-07-29T08:45:00+00:00,52.53,52.63,52.53,52.57,3376.0,real_delta_india
2026-07-29T09:00:00+00:00,52.57,52.6,52.53,52.56,7508.0,real_delta_india
2026-07-29T09:15:00+00:00,52.56,52.59,52.51,52.51,2739.0,real_delta_india
2026-07-29T09:30:00+00:00,52.51,52.56,52.48,52.53,5943.0,real_delta_india
2026-07-29T09:45:00+00:00,52.53,52.53,52.4,52.4,13752.0,real_delta_india
2026-07-29T10:00:00+00:00,52.41,52.45,52.3,52.35,16137.0,real_delta_india
2026-07-29T10:15:00+00:00,52.31,52.34,52.24,52.28,13483.0,real_delta_india
2026-07-29T10:30:00+00:00,52.31,52.34,52.17,52.21,19850.0,real_delta_india
2026-07-29T10:45:00+00:00,52.21,52.25,52.11,52.12,2982.0,real_delta_india
2026-07-29T11:00:00+00:00,52.16,52.3,52.13,52.28,37127.0,real_delta_india
2026-07-29T11:15:00+00:00,52.3,52.4,52.26,52.4,22446.0,real_delta_india
2026-07-29T11:30:00+00:00,52.39,52.42,52.33,52.38,9785.0,real_delta_india
2026-07-29T11:45:00+00:00,52.38,52.45,52.31,52.33,9114.0,real_delta_india
2026-07-29T12:00:00+00:00,52.36,52.38,52.29,52.34,25860.0,real_delta_india
2026-07-29T12:15:00+00:00,52.29,52.29,51.72,51.75,71533.0,real_delta_india
2026-07-29T12:30:00+00:00,51.74,52.05,51.62,51.99,45419.0,real_delta_india
2026-07-29T12:45:00+00:00,51.99,52.06,51.95,52.0,14947.0,real_delta_india
2026-07-29T13:00:00+00:00,52.05,52.22,51.87,51.89,51914.0,real_delta_india
2026-07-29T13:15:00+00:00,51.9,52.09,51.87,51.98,26754.0,real_delta_india
2026-07-29T13:30:00+00:00,51.99,52.0,51.84,51.85,42637.0,real_delta_india
2026-07-29T13:45:00+00:00,51.84,51.87,51.66,51.78,44880.0,real_delta_india
2026-07-29T14:00:00+00:00,51.77,51.8,51.64,51.7,27821.0,real_delta_india
2026-07-29T14:15:00+00:00,51.7,52.0,51.7,51.9,27176.0,real_delta_india
2026-07-29T14:30:00+00:00,51.84,51.92,51.65,51.7,14976.0,real_delta_india
2026-07-29T14:45:00+00:00,51.7,51.8,51.56,51.76,24052.0,real_delta_india
2026-07-29T15:00:00+00:00,51.8,51.84,51.69,51.78,13375.0,real_delta_india
2026-07-29T15:15:00+00:00,51.81,51.85,51.68,51.8,18650.0,real_delta_india
2026-07-29T15:30:00+00:00,51.82,51.88,51.79,51.85,6714.0,real_delta_india
2026-07-29T15:45:00+00:00,51.82,51.86,51.7,51.81,1929.0,real_delta_india
2026-07-29T16:00:00+00:00,51.84,51.84,51.68,51.68,9302.0,real_delta_india
2026-07-29T16:15:00+00:00,51.65,51.88,51.6,51.87,21789.0,real_delta_india
2026-07-29T16:30:00+00:00,51.84,51.89,51.81,51.86,6045.0,real_delta_india
2026-07-29T16:45:00+00:00,51.83,52.7,51.81,52.44,110322.0,real_delta_india
2026-07-29T17:00:00+00:00,52.46,52.77,52.43,52.62,46784.0,real_delta_india
2026-07-29T17:15:00+00:00,52.65,52.8,52.41,52.47,50540.0,real_delta_india
2026-07-29T17:30:00+00:00,52.47,52.59,52.38,52.57,17085.0,real_delta_india
2026-07-29T17:45:00+00:00,52.58,52.66,52.54,52.64,17889.0,real_delta_india
2026-07-29T18:00:00+00:00,52.72,53.41,52.72,53.12,152859.0,real_delta_india
2026-07-29T18:15:00+00:00,53.12,53.2,52.77,52.83,27776.0,real_delta_india
2026-07-29T18:30:00+00:00,52.9,53.37,52.57,53.3,54394.0,real_delta_india
2026-07-29T18:45:00+00:00,53.28,53.69,53.28,53.61,70834.0,real_delta_india
2026-07-29T19:00:00+00:00,53.63,53.77,53.13,53.34,59101.0,real_delta_india
2026-07-29T19:15:00+00:00,53.37,53.47,52.98,53.06,27182.0,real_delta_india
2026-07-29T19:30:00+00:00,53.06,53.08,52.56,52.56,39133.0,real_delta_india
2026-07-29T19:45:00+00:00,52.64,52.64,52.03,52.07,65107.0,real_delta_india
2026-07-29T20:00:00+00:00,52.03,52.18,51.9,52.03,30677.0,real_delta_india
2026-07-29T20:15:00+00:00,51.99,52.11,51.88,52.11,28917.0,real_delta_india
2026-07-29T20:30:00+00:00,52.05,52.31,52.01,52.29,7091.0,real_delta_india
2026-07-29T20:45:00+00:00,52.26,52.36,52.26,52.35,7737.0,real_delta_india
2026-07-29T21:00:00+00:00,52.37,52.37,52.32,52.36,11710.0,real_delta_india
2026-07-29T21:15:00+00:00,52.34,52.34,52.3,52.31,3861.0,real_delta_india
2026-07-29T21:30:00+00:00,52.33,52.34,52.3,52.34,2992.0,real_delta_india
2026-07-29T21:45:00+00:00,52.3,52.34,52.3,52.3,246.0,real_delta_india
2026-07-29T22:00:00+00:00,52.5,52.87,52.5,52.82,4416.0,real_delta_india
2026-07-29T22:15:00+00:00,52.81,52.81,52.74,52.75,2231.0,real_delta_india
2026-07-29T22:30:00+00:00,52.79,52.82,52.78,52.82,1055.0,real_delta_india
2026-07-29T22:45:00+00:00,52.9,52.98,52.9,52.94,1416.0,real_delta_india
2026-07-29T23:00:00+00:00,52.96,53.15,52.96,52.96,1995.0,real_delta_india
2026-07-29T23:15:00+00:00,52.94,53.01,52.92,52.95,3870.0,real_delta_india
2026-07-29T23:30:00+00:00,52.98,53.0,52.93,52.93,611.0,real_delta_india
2026-07-29T23:45:00+00:00,52.92,53.0,52.88,52.9,9307.0,real_delta_india
2026-07-30T00:00:00+00:00,52.85,52.94,52.74,52.79,4778.0,real_delta_india
2026-07-30T00:15:00+00:00,52.78,52.78,52.61,52.67,9888.0,real_delta_india
2026-07-30T00:30:00+00:00,52.69,52.69,52.45,52.49,8627.0,real_delta_india
2026-07-30T00:45:00+00:00,52.51,52.64,52.5,52.63,2475.0,real_delta_india
2026-07-30T01:00:00+00:00,52.66,53.24,52.66,53.02,15970.0,real_delta_india
2026-07-30T01:15:00+00:00,52.94,53.21,52.92,53.13,8181.0,real_delta_india
2026-07-30T01:30:00+00:00,53.16,53.26,53.1,53.16,8628.0,real_delta_india
2026-07-30T01:45:00+00:00,53.2,53.25,53.06,53.06,7744.0,real_delta_india
2026-07-30T02:00:00+00:00,53.07,53.18,52.89,52.89,7485.0,real_delta_india
2026-07-30T02:15:00+00:00,52.93,52.94,52.83,52.88,3422.0,real_delta_india
2026-07-30T02:30:00+00:00,52.87,52.87,52.5,52.57,23298.0,real_delta_india
2026-07-30T02:45:00+00:00,52.62,52.65,52.43,52.43,4543.0,real_delta_india
2026-07-30T03:00:00+00:00,52.43,52.62,52.36,52.41,19911.0,real_delta_india
2026-07-30T03:15:00+00:00,52.42,52.42,52.11,52.19,21777.0,real_delta_india
2026-07-30T03:30:00+00:00,52.24,52.33,52.12,52.2,9215.0,real_delta_india
2026-07-30T03:45:00+00:00,52.29,52.33,52.26,52.3,15145.0,real_delta_india
2026-07-30T04:00:00+00:00,52.3,52.32,52.16,52.23,15732.0,real_delta_india
2026-07-30T04:15:00+00:00,52.16,52.22,52.12,52.21,19215.0,real_delta_india
2026-07-30T04:30:00+00:00,52.2,52.23,52.05,52.07,12833.0,real_delta_india
2026-07-30T04:45:00+00:00,52.1,52.18,51.91,51.98,30027.0,real_delta_india
2026-07-30T05:00:00+00:00,51.96,52.01,51.8,52.01,30017.0,real_delta_india
2026-07-30T05:15:00+00:00,52.03,52.09,51.83,52.09,49573.0,real_delta_india
2026-07-30T05:30:00+00:00,52.07,52.24,51.76,51.92,55682.0,real_delta_india
2026-07-30T05:45:00+00:00,51.91,52.06,51.85,51.89,26956.0,real_delta_india
2026-07-30T06:00:00+00:00,51.87,51.98,51.86,51.86,8390.0,real_delta_india
2026-07-30T06:15:00+00:00,51.87,52.07,51.87,51.9,16365.0,real_delta_india
2026-07-30T06:30:00+00:00,51.95,52.07,51.93,52.02,19223.0,real_delta_india
2026-07-30T06:45:00+00:00,52.02,52.08,51.97,51.97,6633.0,real_delta_india
2026-07-30T07:00:00+00:00,52.0,52.29,52.0,52.21,27585.0,real_delta_india
2026-07-30T07:15:00+00:00,52.26,52.28,52.06,52.06,30553.0,real_delta_india
2026-07-30T07:30:00+00:00,52.05,52.1,51.88,52.08,35984.0,real_delta_india
2026-07-30T07:45:00+00:00,52.06,52.09,51.78,51.78,26955.0,real_delta_india
2026-07-30T08:00:00+00:00,51.81,52.17,51.77,52.1,15659.0,real_delta_india
2026-07-30T08:15:00+00:00,52.16,52.5,52.14,52.45,40022.0,real_delta_india
2026-07-30T08:30:00+00:00,52.46,52.58,52.33,52.37,28217.0,real_delta_india
2026-07-30T08:45:00+00:00,52.35,52.42,52.26,52.3,8779.0,real_delta_india
2026-07-30T09:00:00+00:00,52.33,52.53,52.3,52.53,19875.0,real_delta_india
2026-07-30T09:15:00+00:00,52.47,52.6,52.45,52.45,18647.0,real_delta_india
2026-07-30T09:30:00+00:00,52.49,52.64,52.42,52.56,7552.0,real_delta_india
2026-07-30T09:45:00+00:00,52.54,52.65,52.45,52.45,13556.0,real_delta_india
2026-07-30T10:00:00+00:00,52.44,52.67,52.43,52.57,20724.0,real_delta_india
2026-07-30T10:15:00+00:00,52.58,52.82,52.56,52.79,14748.0,real_delta_india
2026-07-30T10:30:00+00:00,52.74,52.91,52.74,52.85,35849.0,real_delta_india
2026-07-30T10:45:00+00:00,52.87,52.95,52.75,52.76,22182.0,real_delta_india
2026-07-30T11:00:00+00:00,52.72,52.81,52.68,52.68,8632.0,real_delta_india
2026-07-30T11:15:00+00:00,52.71,52.83,52.68,52.71,21248.0,real_delta_india
2026-07-30T11:30:00+00:00,52.72,52.77,52.7,52.72,25911.0,real_delta_india
2026-07-30T11:45:00+00:00,52.72,52.85,52.72,52.79,22683.0,real_delta_india
2026-07-30T12:00:00+00:00,52.82,53.0,52.73,52.96,16656.0,real_delta_india
2026-07-30T12:15:00+00:00,52.97,52.97,52.73,52.83,36971.0,real_delta_india
2026-07-30T12:30:00+00:00,52.89,52.94,52.6,52.69,52181.0,real_delta_india
2026-07-30T12:45:00+00:00,52.68,52.82,52.61,52.7,14622.0,real_delta_india
2026-07-30T13:00:00+00:00,52.63,52.81,52.54,52.71,34888.0,real_delta_india
2026-07-30T13:15:00+00:00,52.69,52.75,52.56,52.62,87830.0,real_delta_india
2026-07-30T13:30:00+00:00,52.58,52.95,52.54,52.78,67520.0,real_delta_india
2026-07-30T13:45:00+00:00,52.78,53.17,52.65,53.15,96599.0,real_delta_india
2026-07-30T14:00:00+00:00,53.11,53.26,52.77,52.78,69036.0,real_delta_india
2026-07-30T14:15:00+00:00,52.79,52.88,52.64,52.8,60872.0,real_delta_india
2026-07-30T14:30:00+00:00,52.82,53.1,52.77,53.05,35414.0,real_delta_india
2026-07-30T14:45:00+00:00,53.05,53.05,52.85,52.95,18997.0,real_delta_india
2026-07-30T15:00:00+00:00,52.99,53.02,52.75,52.76,18083.0,real_delta_india
2026-07-30T15:15:00+00:00,52.77,53.14,52.77,53.04,26773.0,real_delta_india
2026-07-30T15:30:00+00:00,53.03,53.19,52.99,53.18,29472.0,real_delta_india
2026-07-30T15:45:00+00:00,53.17,53.26,53.13,53.2,40218.0,real_delta_india
2026-07-30T16:00:00+00:00,53.21,53.5,53.21,53.4,87067.0,real_delta_india
2026-07-30T16:15:00+00:00,53.41,53.51,53.38,53.41,34923.0,real_delta_india
2026-07-30T16:30:00+00:00,53.41,53.44,53.28,53.28,31771.0,real_delta_india
2026-07-30T16:45:00+00:00,53.25,53.32,53.2,53.3,16171.0,real_delta_india
2026-07-30T17:00:00+00:00,53.3,53.34,53.2,53.22,7450.0,real_delta_india
2026-07-30T17:15:00+00:00,53.22,53.42,53.17,53.26,17275.0,real_delta_india
2026-07-30T17:30:00+00:00,53.3,53.45,53.26,53.4,14153.0,real_delta_india
2026-07-30T17:45:00+00:00,53.43,53.45,53.31,53.35,7111.0,real_delta_india
2026-07-30T18:00:00+00:00,53.36,53.51,53.36,53.48,11480.0,real_delta_india
2026-07-30T18:15:00+00:00,53.49,53.49,53.38,53.49,10229.0,real_delta_india
2026-07-30T18:30:00+00:00,53.47,53.57,53.45,53.49,22063.0,real_delta_india
2026-07-30T18:45:00+00:00,53.52,53.52,53.41,53.45,4965.0,real_delta_india
2026-07-30T19:00:00+00:00,53.46,53.64,53.44,53.6,26827.0,real_delta_india
2026-07-30T19:15:00+00:00,53.59,53.82,53.58,53.74,36001.0,real_delta_india
2026-07-30T19:30:00+00:00,53.74,53.81,53.67,53.77,9875.0,real_delta_india
2026-07-30T19:45:00+00:00,53.75,53.79,53.73,53.79,5232.0,real_delta_india
2026-07-30T20:00:00+00:00,53.75,53.87,53.74,53.76,17745.0,real_delta_india
2026-07-30T20:15:00+00:00,53.76,53.83,53.69,53.69,17559.0,real_delta_india
2026-07-30T20:30:00+00:00,53.7,53.7,53.58,53.6,6492.0,real_delta_india
2026-07-30T20:45:00+00:00,53.6,53.6,53.48,53.6,6865.0,real_delta_india
2026-07-30T21:00:00+00:00,53.6,53.64,53.58,53.61,2434.0,real_delta_india
2026-07-30T21:15:00+00:00,53.62,53.62,53.58,53.58,504.0,real_delta_india
2026-07-30T21:30:00+00:00,53.6,53.6,53.58,53.6,1321.0,real_delta_india
2026-07-30T21:45:00+00:00,53.58,53.6,53.58,53.6,628.0,real_delta_india
2026-07-30T22:00:00+00:00,53.58,53.62,53.58,53.59,106.0,real_delta_india
2026-07-30T22:15:00+00:00,53.67,53.69,53.59,53.59,700.0,real_delta_india
2026-07-30T22:30:00+00:00,53.6,53.66,53.58,53.66,3512.0,real_delta_india
2026-07-30T22:45:00+00:00,53.66,53.67,53.64,53.66,433.0,real_delta_india
2026-07-30T23:00:00+00:00,53.66,53.69,53.57,53.57,191.0,real_delta_india
2026-07-30T23:15:00+00:00,53.56,53.63,53.56,53.62,2152.0,real_delta_india
2026-07-30T23:30:00+00:00,53.63,53.63,53.59,53.63,152.0,real_delta_india
2026-07-30T23:45:00+00:00,53.7,53.71,53.64,53.66,3455.0,real_delta_india
2026-07-31T00:00:00+00:00,53.61,53.71,53.57,53.67,6112.0,real_delta_india
2026-07-31T00:15:00+00:00,53.65,53.65,53.57,53.57,11738.0,real_delta_india
2026-07-31T00:30:00+00:00,53.57,53.57,53.4,53.5,9857.0,real_delta_india
2026-07-31T00:45:00+00:00,53.48,53.48,53.38,53.45,5371.0,real_delta_india
2026-07-31T01:00:00+00:00,53.5,53.7,53.4,53.4,10922.0,real_delta_india
2026-07-31T01:15:00+00:00,53.36,53.42,53.29,53.36,7227.0,real_delta_india
2026-07-31T01:30:00+00:00,53.4,53.4,53.25,53.26,7625.0,real_delta_india
2026-07-31T01:45:00+00:00,53.27,53.37,53.25,53.35,8332.0,real_delta_india
2026-07-31T02:00:00+00:00,53.3,53.44,53.25,53.38,17172.0,real_delta_india
2026-07-31T02:15:00+00:00,53.3,53.32,53.19,53.21,15120.0,real_delta_india
2026-07-31T02:30:00+00:00,53.23,53.31,53.15,53.15,4407.0,real_delta_india
2026-07-31T02:45:00+00:00,53.17,53.21,53.06,53.14,17759.0,real_delta_india
2026-07-31T03:00:00+00:00,53.15,53.15,53.0,53.03,13161.0,real_delta_india
2026-07-31T03:15:00+00:00,53.03,53.06,52.97,53.06,12899.0,real_delta_india
2026-07-31T03:30:00+00:00,53.05,53.12,53.05,53.09,7586.0,real_delta_india
2026-07-31T03:45:00+00:00,53.09,53.12,53.0,53.0,8164.0,real_delta_india
2026-07-31T04:00:00+00:00,53.01,53.12,53.01,53.12,31200.0,real_delta_india
2026-07-31T04:15:00+00:00,53.11,53.17,53.1,53.17,8103.0,real_delta_india
2026-07-31T04:30:00+00:00,53.18,53.22,53.17,53.22,46292.0,real_delta_india
2026-07-31T04:45:00+00:00,53.2,53.26,53.13,53.26,5845.0,real_delta_india
2026-07-31T05:00:00+00:00,53.26,53.36,53.25,53.25,14743.0,real_delta_india
2026-07-31T05:15:00+00:00,53.25,53.28,53.22,53.26,8980.0,real_delta_india
2026-07-31T05:30:00+00:00,53.21,53.24,53.1,53.1,19536.0,real_delta_india
2026-07-31T05:45:00+00:00,53.13,53.13,52.91,53.01,35572.0,real_delta_india
2026-07-31T06:00:00+00:00,53.03,53.18,52.95,53.11,13774.0,real_delta_india
2026-07-31T06:15:00+00:00,53.1,53.22,53.05,53.17,24746.0,real_delta_india
2026-07-31T06:30:00+00:00,53.2,53.2,52.98,53.02,18277.0,real_delta_india
2026-07-31T06:45:00+00:00,52.98,53.06,52.93,52.94,6975.0,real_delta_india
2026-07-31T07:00:00+00:00,52.92,52.92,52.72,52.79,41960.0,real_delta_india
2026-07-31T07:15:00+00:00,52.8,52.91,52.78,52.86,27065.0,real_delta_india
2026-07-31T07:30:00+00:00,52.82,52.98,52.77,52.95,20556.0,real_delta_india
2026-07-31T07:45:00+00:00,52.94,53.04,52.88,52.88,20719.0,real_delta_india
2026-07-31T08:00:00+00:00,52.88,52.9,52.78,52.83,12677.0,real_delta_india
2026-07-31T08:15:00+00:00,52.86,52.96,52.74,52.77,9142.0,real_delta_india
2026-07-31T08:30:00+00:00,52.74,52.84,52.7,52.81,16530.0,real_delta_india
2026-07-31T08:45:00+00:00,52.76,52.88,52.73,52.83,14915.0,real_delta_india
2026-07-31T09:00:00+00:00,52.85,52.86,52.7,52.8,8107.0,real_delta_india
2026-07-31T09:15:00+00:00,52.76,52.81,52.65,52.68,24629.0,real_delta_india
2026-07-31T09:30:00+00:00,52.68,52.71,52.59,52.7,24577.0,real_delta_india
2026-07-31T09:45:00+00:00,52.7,52.74,52.65,52.66,16483.0,real_delta_india
2026-07-31T10:00:00+00:00,52.63,52.75,52.61,52.71,12388.0,real_delta_india
2026-07-31T10:15:00+00:00,52.67,52.71,52.61,52.62,4745.0,real_delta_india
2026-07-31T10:30:00+00:00,52.68,52.71,52.62,52.7,13378.0,real_delta_india
2026-07-31T10:45:00+00:00,52.74,52.74,52.54,52.58,20484.0,real_delta_india
2026-07-31T11:00:00+00:00,52.58,52.69,52.47,52.63,50074.0,real_delta_india
2026-07-31T11:15:00+00:00,52.63,52.71,52.58,52.61,36379.0,real_delta_india
2026-07-31T11:30:00+00:00,52.67,52.68,52.38,52.4,42795.0,real_delta_india
2026-07-31T11:45:00+00:00,52.4,52.59,52.39,52.56,44965.0,real_delta_india
2026-07-31T12:00:00+00:00,52.53,52.61,52.44,52.51,50485.0,real_delta_india
2026-07-31T12:15:00+00:00,52.52,52.52,52.31,52.37,47808.0,real_delta_india
2026-07-31T12:30:00+00:00,52.34,52.48,52.3,52.42,42673.0,real_delta_india
2026-07-31T12:45:00+00:00,52.41,52.48,52.34,52.34,20317.0,real_delta_india
2026-07-31T13:00:00+00:00,52.34,52.34,52.04,52.09,72219.0,real_delta_india
2026-07-31T13:15:00+00:00,52.05,52.27,51.97,52.23,42099.0,real_delta_india
2026-07-31T13:30:00+00:00,52.22,52.25,51.85,51.97,75218.0,real_delta_india
2026-07-31T13:45:00+00:00,51.96,52.07,51.9,51.96,28009.0,real_delta_india
2026-07-31T14:00:00+00:00,51.97,52.11,51.8,52.05,58193.0,real_delta_india
2026-07-31T14:15:00+00:00,52.0,52.16,51.93,52.06,50199.0,real_delta_india
2026-07-31T14:30:00+00:00,52.13,52.25,52.11,52.25,43519.0,real_delta_india
2026-07-31T14:45:00+00:00,52.26,52.42,52.22,52.28,78019.0,real_delta_india
2026-07-31T15:00:00+00:00,52.29,52.35,52.17,52.26,32744.0,real_delta_india
2026-07-31T15:15:00+00:00,52.36,52.39,52.1,52.1,26002.0,real_delta_india
2026-07-31T15:30:00+00:00,52.11,52.25,52.04,52.14,38805.0,real_delta_india
2026-07-31T15:45:00+00:00,52.18,52.27,52.1,52.21,8552.0,real_delta_india
2026-07-31T16:00:00+00:00,52.23,52.23,52.12,52.19,6756.0,real_delta_india
2026-07-31T16:15:00+00:00,52.16,52.27,52.14,52.23,3762.0,real_delta_india
2026-07-31T16:30:00+00:00,52.25,52.35,52.17,52.19,11528.0,real_delta_india
2026-07-31T16:45:00+00:00,52.22,52.26,52.17,52.2,3983.0,real_delta_india
2026-07-31T17:00:00+00:00,52.2,52.29,52.15,52.29,3637.0,real_delta_india
2026-07-31T17:15:00+00:00,52.28,52.5,52.25,52.45,18331.0,real_delta_india
2026-07-31T17:30:00+00:00,52.48,52.58,52.42,52.52,33265.0,real_delta_india
2026-07-31T17:45:00+00:00,52.52,52.59,52.45,52.56,28632.0,real_delta_india
2026-07-31T18:00:00+00:00,52.58,52.6,52.47,52.51,12225.0,real_delta_india
2026-07-31T18:15:00+00:00,52.5,52.57,52.47,52.56,12012.0,real_delta_india
2026-07-31T18:30:00+00:00,52.57,52.62,52.52,52.62,1628.0,real_delta_india
2026-07-31T18:45:00+00:00,52.57,52.64,52.55,52.64,8628.0,real_delta_india
2026-07-31T19:00:00+00:00,52.67,52.68,52.55,52.58,8920.0,real_delta_india
2026-07-31T19:15:00+00:00,52.56,52.64,52.56,52.61,11391.0,real_delta_india
2026-07-31T19:30:00+00:00,52.63,52.64,52.51,52.56,2848.0,real_delta_india
2026-07-31T19:45:00+00:00,52.66,52.66,52.59,52.66,2177.0,real_delta_india
2026-07-31T20:00:00+00:00,52.62,52.62,52.42,52.49,8759.0,real_delta_india
2026-07-31T20:15:00+00:00,52.47,52.51,52.47,52.49,670.0,real_delta_india
2026-07-31T20:30:00+00:00,52.5,52.59,52.5,52.53,3660.0,real_delta_india
2026-07-31T20:45:00+00:00,52.59,52.59,52.32,52.32,2621.0,real_delta_india
2026-07-31T21:00:00+00:00,52.38,52.4,52.36,52.4,358.0,real_delta_india
2026-07-31T21:15:00+00:00,52.41,52.44,52.41,52.44,239.0,real_delta_india
2026-07-31T21:30:00+00:00,52.44,52.44,52.44,52.44,138.0,real_delta_india
2026-07-31T21:45:00+00:00,52.46,52.49,52.46,52.46,15.0,real_delta_india
2026-07-31T22:00:00+00:00,52.5,52.5,52.49,52.49,120.0,real_delta_india
2026-07-31T22:15:00+00:00,52.52,52.52,52.49,52.52,1538.0,real_delta_india
2026-07-31T22:30:00+00:00,52.52,52.52,52.49,52.52,730.0,real_delta_india
2026-07-31T22:45:00+00:00,52.51,52.52,52.49,52.52,335.0,real_delta_india
2026-07-31T23:00:00+00:00,52.52,52.52,52.52,52.52,137.0,real_delta_india
2026-07-31T23:15:00+00:00,52.52,52.52,52.52,52.52,84.0,real_delta_india
2026-07-31T23:30:00+00:00,52.48,52.51,52.48,52.51,26.0,real_delta_india
2026-07-31T23:45:00+00:00,52.43,52.47,52.43,52.47,2001.0,real_delta_india
2026-08-01T00:00:00+00:00,52.45,52.49,52.45,52.49,3.0,real_delta_india
2026-08-01T00:15:00+00:00,52.46,52.48,52.46,52.48,1266.0,real_delta_india
2026-08-01T00:30:00+00:00,52.52,52.52,52.52,52.52,70.0,real_delta_india
2026-08-01T00:45:00+00:00,52.52,52.52,52.49,52.49,654.0,real_delta_india
2026-08-01T01:00:00+00:00,52.47,52.5,52.47,52.5,102.0,real_delta_india
2026-08-01T01:15:00+00:00,52.47,52.5,52.47,52.49,211.0,real_delta_india
2026-08-01T01:30:00+00:00,52.46,52.49,52.46,52.49,262.0,real_delta_india
2026-08-01T01:45:00+00:00,52.49,52.5,52.49,52.5,443.0,real_delta_india
2026-08-01T02:00:00+00:00,52.49,52.49,52.44,52.47,30588.0,real_delta_india
2026-08-01T02:15:00+00:00,52.5,52.5,52.47,52.47,114.0,real_delta_india
2026-08-01T02:30:00+00:00,52.47,52.5,52.47,52.5,50.0,real_delta_india
2026-08-01T02:45:00+00:00,52.5,52.5,52.45,52.45,3020.0,real_delta_india
2026-08-01T03:00:00+00:00,52.45,52.5,52.45,52.5,1375.0,real_delta_india
2026-08-01T03:15:00+00:00,52.5,52.5,52.45,52.45,945.0,real_delta_india
2026-08-01T03:30:00+00:00,52.45,52.48,52.44,52.48,190.0,real_delta_india
2026-08-01T03:45:00+00:00,52.45,52.48,52.45,52.45,307.0,real_delta_india
2026-08-01T04:00:00+00:00,52.48,52.48,52.45,52.48,540.0,real_delta_india
2026-08-01T04:15:00+00:00,52.45,52.48,52.45,52.45,125.0,real_delta_india
2026-08-01T04:30:00+00:00,52.48,52.49,52.45,52.49,1174.0,real_delta_india
2026-08-01T04:45:00+00:00,52.46,52.5,52.44,52.5,1445.0,real_delta_india
2026-08-01T05:00:00+00:00,52.47,52.5,52.45,52.47,16263.0,real_delta_india
2026-08-01T05:15:00+00:00,52.51,52.52,52.49,52.49,177.0,real_delta_india
2026-08-01T05:30:00+00:00,52.51,52.51,52.48,52.51,514.0,real_delta_india
2026-08-01T05:45:00+00:00,52.51,52.54,52.48,52.54,292.0,real_delta_india
2026-08-01T06:00:00+00:00,52.54,52.54,52.51,52.51,330.0,real_delta_india
2026-08-01T06:15:00+00:00,52.51,52.52,52.48,52.48,1603.0,real_delta_india
2026-08-01T06:30:00+00:00,52.48,52.52,52.48,52.52,24.0,real_delta_india
2026-08-01T06:45:00+00:00,52.52,52.53,52.5,52.5,142.0,real_delta_india
2026-08-01T07:00:00+00:00,52.53,52.53,52.48,52.49,183.0,real_delta_india
2026-08-01T07:15:00+00:00,52.49,52.5,52.45,52.5,826.0,real_delta_india
2026-08-01T07:30:00+00:00,52.5,52.5,52.47,52.5,176.0,real_delta_india
2026-08-01T07:45:00+00:00,52.5,52.5,52.47,52.47,223.0,real_delta_india
2026-08-01T08:00:00+00:00,52.47,52.5,52.46,52.49,1338.0,real_delta_india
2026-08-01T08:15:00+00:00,52.49,52.49,52.46,52.46,827.0,real_delta_india
2026-08-01T08:30:00+00:00,52.49,52.49,52.46,52.46,922.0,real_delta_india
2026-08-01T08:45:00+00:00,52.46,52.49,52.46,52.46,203.0,real_delta_india
2026-08-01T09:00:00+00:00,52.49,52.49,52.46,52.46,841.0,real_delta_india
2026-08-01T09:15:00+00:00,52.49,52.49,52.46,52.46,675.0,real_delta_india
2026-08-01T09:30:00+00:00,52.49,52.5,52.47,52.5,197.0,real_delta_india
2026-08-01T09:45:00+00:00,52.5,52.5,52.47,52.5,82.0,real_delta_india
2026-08-01T10:00:00+00:00,52.5,52.5,52.47,52.5,132.0,real_delta_india
2026-08-01T10:15:00+00:00,52.5,52.5,52.47,52.47,1249.0,real_delta_india
2026-08-01T10:30:00+00:00,52.48,52.5,52.48,52.48,270.0,real_delta_india
2026-08-01T10:45:00+00:00,52.48,52.48,52.47,52.48,163.0,real_delta_india
2026-08-01T11:00:00+00:00,52.48,52.48,52.47,52.48,24.0,real_delta_india
2026-08-01T11:15:00+00:00,52.48,52.48,52.47,52.48,71.0,real_delta_india
2026-08-01T11:30:00+00:00,52.47,52.48,52.47,52.47,1504.0,real_delta_india
2026-08-01T11:45:00+00:00,52.47,52.48,52.47,52.47,286.0,real_delta_india
2026-08-01T12:00:00+00:00,52.47,52.5,52.47,52.47,1125.0,real_delta_india
2026-08-01T12:15:00+00:00,52.5,52.5,52.47,52.5,176.0,real_delta_india
2026-08-01T12:30:00+00:00,52.47,52.5,52.47,52.47,397.0,real_delta_india
2026-08-01T12:45:00+00:00,52.47,52.5,52.47,52.47,1992.0,real_delta_india
2026-08-01T13:00:00+00:00,52.5,52.5,52.47,52.47,757.0,real_delta_india
2026-08-01T13:15:00+00:00,52.47,52.5,52.47,52.5,256.0,real_delta_india
2026-08-01T13:30:00+00:00,52.5,52.5,52.49,52.49,91.0,real_delta_india
2026-08-01T13:45:00+00:00,52.49,52.49,52.46,52.46,502.0,real_delta_india
2026-08-01T14:00:00+00:00,52.46,52.49,52.46,52.49,2847.0,real_delta_india
2026-08-01T14:15:00+00:00,52.49,52.49,52.46,52.49,587.0,real_delta_india
2026-08-01T14:30:00+00:00,52.47,52.49,52.42,52.44,1588.0,real_delta_india
2026-08-01T14:45:00+00:00,52.44,52.45,52.42,52.42,1767.0,real_delta_india
2026-08-01T15:00:00+00:00,52.43,52.46,52.43,52.43,250.0,real_delta_india
2026-08-01T15:15:00+00:00,52.43,52.46,52.43,52.46,463.0,real_delta_india
2026-08-01T15:30:00+00:00,52.43,52.46,52.43,52.43,712.0,real_delta_india
2026-08-01T15:45:00+00:00,52.43,52.45,52.42,52.45,664.0,real_delta_india
2026-08-01T16:00:00+00:00,52.45,52.45,52.39,52.39,817.0,real_delta_india
2026-08-01T16:15:00+00:00,52.42,52.42,52.37,52.38,1218.0,real_delta_india
2026-08-01T16:30:00+00:00,52.4,52.4,52.37,52.38,301.0,real_delta_india
2026-08-01T16:45:00+00:00,52.38,52.41,52.38,52.39,1257.0,real_delta_india
2026-08-01T17:00:00+00:00,52.39,52.39,52.36,52.36,4841.0,real_delta_india
2026-08-01T17:15:00+00:00,52.36,52.39,52.36,52.39,3026.0,real_delta_india
2026-08-01T17:30:00+00:00,52.39,52.39,52.34,52.34,6690.0,real_delta_india
2026-08-01T17:45:00+00:00,52.35,52.35,52.31,52.34,3032.0,real_delta_india
2026-08-01T18:00:00+00:00,52.38,52.38,52.32,52.32,1194.0,real_delta_india
2026-08-01T18:15:00+00:00,52.3,52.33,52.27,52.33,9290.0,real_delta_india
2026-08-01T18:30:00+00:00,52.28,52.33,52.24,52.33,69499.0,real_delta_india
2026-08-01T18:45:00+00:00,52.28,52.36,52.28,52.36,6050.0,real_delta_india
2026-08-01T19:00:00+00:00,52.37,52.46,52.34,52.43,6598.0,real_delta_india
2026-08-01T19:15:00+00:00,52.43,52.52,52.39,52.52,4807.0,real_delta_india
2026-08-01T19:30:00+00:00,52.39,52.51,52.39,52.51,148.0,real_delta_india
2026-08-01T19:45:00+00:00,52.51,52.51,52.51,52.51,23.0,real_delta_india
2026-08-01T20:00:00+00:00,52.39,52.5,52.39,52.39,63.0,real_delta_india
2026-08-01T20:15:00+00:00,52.48,52.48,52.39,52.39,126.0,real_delta_india
2026-08-01T20:30:00+00:00,52.39,52.39,52.38,52.38,203.0,real_delta_india
2026-08-01T20:45:00+00:00,52.37,52.37,52.37,52.37,10.0,real_delta_india
2026-08-01T21:00:00+00:00,52.48,52.55,52.42,52.55,1993.0,real_delta_india
2026-08-01T21:15:00+00:00,52.37,52.55,52.37,52.55,32.0,real_delta_india
2026-08-01T21:30:00+00:00,52.55,52.55,52.55,52.55,0.0,real_delta_india
2026-08-01T21:45:00+00:00,52.37,52.43,52.32,52.43,142.0,real_delta_india
2026-08-01T22:00:00+00:00,52.43,52.43,52.43,52.43,0.0,real_delta_india
2026-08-01T22:15:00+00:00,52.43,52.43,52.43,52.43,0.0,real_delta_india
2026-08-01T22:30:00+00:00,52.43,52.43,52.33,52.33,319.0,real_delta_india
2026-08-01T22:45:00+00:00,52.43,52.57,52.34,52.57,106.0,real_delta_india
2026-08-01T23:00:00+00:00,52.57,52.57,52.57,52.57,208.0,real_delta_india
2026-08-01T23:15:00+00:00,52.34,52.34,52.34,52.34,130.0,real_delta_india
2026-08-01T23:30:00+00:00,52.56,52.56,52.56,52.56,33.0,real_delta_india
2026-08-01T23:45:00+00:00,52.55,52.56,52.55,52.56,143.0,real_delta_india
2026-08-02T00:00:00+00:00,52.56,52.56,52.56,52.56,0.0,real_delta_india
2026-08-02T00:15:00+00:00,52.55,52.55,52.42,52.42,26.0,real_delta_india
2026-08-02T00:30:00+00:00,52.55,52.55,52.42,52.42,78.0,real_delta_india
2026-08-02T00:45:00+00:00,52.54,52.54,52.42,52.42,172.0,real_delta_india
2026-08-02T01:00:00+00:00,52.43,52.57,52.43,52.57,1363.0,real_delta_india
2026-08-02T01:15:00+00:00,52.58,52.7,52.57,52.7,726.0,real_delta_india
2026-08-02T01:30:00+00:00,52.7,52.7,52.58,52.58,1108.0,real_delta_india
2026-08-02T01:45:00+00:00,52.64,52.68,52.42,52.65,708.0,real_delta_india
2026-08-02T02:00:00+00:00,52.48,52.66,52.48,52.54,280.0,real_delta_india
2026-08-02T02:15:00+00:00,52.65,52.73,52.54,52.67,1941.0,real_delta_india
2026-08-02T02:30:00+00:00,52.61,52.78,52.6,52.67,2060.0,real_delta_india
2026-08-02T02:45:00+00:00,52.77,52.77,52.61,52.61,462.0,real_delta_india
2026-08-02T03:00:00+00:00,52.72,52.96,52.64,52.81,6778.0,real_delta_india
2026-08-02T03:15:00+00:00,52.95,53.11,52.78,52.78,6681.0,real_delta_india
2026-08-02T03:30:00+00:00,53.09,53.11,52.78,52.8,17415.0,real_delta_india
2026-08-02T03:45:00+00:00,52.79,53.04,52.79,53.04,1383.0,real_delta_india
2026-08-02T04:00:00+00:00,53.04,53.08,52.96,53.01,3177.0,real_delta_india
2026-08-02T04:15:00+00:00,53.01,53.35,52.96,53.35,36558.0,real_delta_india
2026-08-02T04:30:00+00:00,53.14,53.35,52.97,52.97,18456.0,real_delta_india
2026-08-02T04:45:00+00:00,53.0,53.3,53.0,53.08,3035.0,real_delta_india
2026-08-02T05:00:00+00:00,53.13,53.25,53.13,53.15,1835.0,real_delta_india
2026-08-02T05:15:00+00:00,53.15,53.25,53.01,53.2,6635.0,real_delta_india
2026-08-02T05:30:00+00:00,53.21,53.37,53.05,53.27,10849.0,real_delta_india
2026-08-02T05:45:00+00:00,53.33,53.33,53.11,53.24,508.0,real_delta_india
2026-08-02T06:00:00+00:00,53.2,53.3,53.15,53.18,2470.0,real_delta_india
2026-08-02T06:15:00+00:00,53.18,53.33,53.18,53.19,2867.0,real_delta_india
2026-08-02T06:30:00+00:00,53.19,53.3,53.07,53.08,3477.0,real_delta_india
2026-08-02T06:45:00+00:00,53.19,53.32,53.08,53.3,7968.0,real_delta_india
2026-08-02T07:00:00+00:00,53.09,53.33,53.07,53.3,11810.0,real_delta_india
2026-08-02T07:15:00+00:00,53.3,53.33,53.15,53.15,1827.0,real_delta_india
2026-08-02T07:30:00+00:00,53.25,53.32,53.16,53.31,1184.0,real_delta_india
2026-08-02T07:45:00+00:00,53.31,53.32,53.23,53.23,384.0,real_delta_india
2026-08-02T08:00:00+00:00,53.22,53.31,53.21,53.31,1528.0,real_delta_india
2026-08-02T08:15:00+00:00,53.26,53.32,53.21,53.22,6915.0,real_delta_india
2026-08-02T08:30:00+00:00,53.23,53.3,53.19,53.2,5691.0,real_delta_india
2026-08-02T08:45:00+00:00,53.26,53.28,53.2,53.21,777.0,real_delta_india
2026-08-02T09:00:00+00:00,53.24,53.24,53.2,53.2,2938.0,real_delta_india
2026-08-02T09:15:00+00:00,53.19,53.22,53.18,53.22,4301.0,real_delta_india
2026-08-02T09:30:00+00:00,53.2,53.2,53.11,53.11,11300.0,real_delta_india
2026-08-02T09:45:00+00:00,53.11,53.23,53.11,53.18,3248.0,real_delta_india
2026-08-02T10:00:00+00:00,53.2,53.2,53.12,53.18,3449.0,real_delta_india
2026-08-02T10:15:00+00:00,53.18,53.21,53.15,53.2,339.0,real_delta_india
2026-08-02T10:30:00+00:00,53.19,53.2,53.17,53.17,1968.0,real_delta_india
2026-08-02T10:45:00+00:00,53.19,53.19,53.18,53.18,15.0,real_delta_india
2026-08-02T11:00:00+00:00,53.15,53.19,53.12,53.19,2141.0,real_delta_india
2026-08-02T11:15:00+00:00,53.18,53.18,53.13,53.16,148.0,real_delta_india
2026-08-02T11:30:00+00:00,53.13,53.16,52.9,52.9,7722.0,real_delta_india
2026-08-02T11:45:00+00:00,53.14,53.16,52.9,52.9,3182.0,real_delta_india
2026-08-02T12:00:00+00:00,53.1,53.11,52.92,52.98,316.0,real_delta_india
2026-08-02T12:15:00+00:00,53.05,53.09,52.98,52.98,1285.0,real_delta_india
2026-08-02T12:30:00+00:00,52.98,53.13,52.98,53.06,11152.0,real_delta_india
2026-08-02T12:45:00+00:00,53.12,53.12,53.07,53.08,377.0,real_delta_india
2026-08-02T13:00:00+00:00,53.08,53.1,53.08,53.08,357.0,real_delta_india
2026-08-02T13:15:00+00:00,53.09,53.18,53.09,53.15,2244.0,real_delta_india
2026-08-02T13:30:00+00:00,53.16,53.18,53.14,53.17,2552.0,real_delta_india
2026-08-02T13:45:00+00:00,53.17,53.2,53.14,53.19,689.0,real_delta_india
2026-08-02T14:00:00+00:00,53.16,53.22,53.16,53.22,1591.0,real_delta_india
2026-08-02T14:15:00+00:00,53.22,53.22,53.18,53.2,26.0,real_delta_india
2026-08-02T14:30:00+00:00,53.18,53.23,53.18,53.19,4333.0,real_delta_india
2026-08-02T14:45:00+00:00,53.25,53.25,53.2,53.2,5562.0,real_delta_india
2026-08-02T15:00:00+00:00,53.2,53.2,53.16,53.17,2462.0,real_delta_india
2026-08-02T15:15:00+00:00,53.2,53.2,53.14,53.17,427.0,real_delta_india
2026-08-02T15:30:00+00:00,53.17,53.21,53.14,53.21,581.0,real_delta_india
2026-08-02T15:45:00+00:00,53.21,53.21,53.2,53.21,58.0,real_delta_india
2026-08-02T16:00:00+00:00,53.21,53.23,53.15,53.2,9248.0,real_delta_india
2026-08-02T16:15:00+00:00,53.2,53.26,53.2,53.26,410.0,real_delta_india
2026-08-02T16:30:00+00:00,53.26,53.32,53.13,53.13,2003.0,real_delta_india
2026-08-02T16:45:00+00:00,53.33,53.33,53.19,53.19,1293.0,real_delta_india
2026-08-02T17:00:00+00:00,53.29,53.36,53.25,53.26,718.0,real_delta_india
2026-08-02T17:15:00+00:00,53.24,53.28,53.23,53.25,968.0,real_delta_india
2026-08-02T17:30:00+00:00,53.25,53.28,53.25,53.28,571.0,real_delta_india
2026-08-02T17:45:00+00:00,53.31,53.31,53.28,53.28,159.0,real_delta_india
2026-08-02T18:00:00+00:00,53.29,53.29,53.14,53.14,5802.0,real_delta_india
2026-08-02T18:15:00+00:00,53.13,53.55,53.09,53.33,16700.0,real_delta_india
2026-08-02T18:30:00+00:00,53.3,53.38,53.3,53.38,295.0,real_delta_india
2026-08-02T18:45:00+00:00,53.3,53.46,53.3,53.38,1443.0,real_delta_india
2026-08-02T19:00:00+00:00,53.42,53.48,53.36,53.48,184.0,real_delta_india
2026-08-02T19:15:00+00:00,53.45,53.45,53.37,53.37,1038.0,real_delta_india
2026-08-02T19:30:00+00:00,53.43,53.45,53.31,53.41,1318.0,real_delta_india
2026-08-02T19:45:00+00:00,53.5,53.59,53.44,53.56,325.0,real_delta_india
2026-08-02T20:00:00+00:00,53.57,53.6,53.3,53.6,1790.0,real_delta_india
2026-08-02T20:15:00+00:00,53.6,53.6,53.41,53.42,705.0,real_delta_india
2026-08-02T20:30:00+00:00,53.6,53.68,53.6,53.66,8018.0,real_delta_india
2026-08-02T20:45:00+00:00,53.7,53.71,53.46,53.57,1449.0,real_delta_india
2026-08-02T21:00:00+00:00,53.52,53.61,53.52,53.61,94.0,real_delta_india
2026-08-02T21:15:00+00:00,53.59,53.74,53.59,53.59,501.0,real_delta_india
2026-08-02T21:30:00+00:00,53.69,53.69,53.59,53.59,450.0,real_delta_india
2026-08-02T21:45:00+00:00,53.74,53.74,53.46,53.71,714.0,real_delta_india
2026-08-02T22:00:00+00:00,53.44,53.44,53.0,53.09,12142.0,real_delta_india
2026-08-02T22:15:00+00:00,53.11,53.11,52.63,53.04,20611.0,real_delta_india
2026-08-02T22:30:00+00:00,53.07,53.13,52.87,53.13,1818.0,real_delta_india
2026-08-02T22:45:00+00:00,52.97,52.97,52.97,52.97,400.0,real_delta_india
2026-08-02T23:00:00+00:00,52.97,53.0,52.91,52.94,12921.0,real_delta_india
2026-08-02T23:15:00+00:00,52.94,53.03,52.93,53.03,829.0,real_delta_india
2026-08-02T23:30:00+00:00,52.99,52.99,52.89,52.92,2174.0,real_delta_india
2026-08-02T23:45:00+00:00,52.91,52.97,52.9,52.97,1082.0,real_delta_india
2026-08-03T00:00:00+00:00,52.99,53.07,52.82,52.87,5250.0,real_delta_india
2026-08-03T00:15:00+00:00,52.85,52.88,52.67,52.71,2987.0,real_delta_india
2026-08-03T00:30:00+00:00,52.74,52.84,52.6,52.62,6997.0,real_delta_india
2026-08-03T00:45:00+00:00,52.65,52.71,52.64,52.67,10652.0,real_delta_india
2026-08-03T01:00:00+00:00,52.6,52.97,52.55,52.72,14801.0,real_delta_india
2026-08-03T01:15:00+00:00,52.78,52.9,52.67,52.85,12075.0,real_delta_india
2026-08-03T01:30:00+00:00,52.84,52.87,52.74,52.78,4076.0,real_delta_india
2026-08-03T01:45:00+00:00,52.88,52.88,52.73,52.86,6327.0,real_delta_india
2026-08-03T02:00:00+00:00,52.92,52.93,52.79,52.81,2839.0,real_delta_india
2026-08-03T02:15:00+00:00,52.8,52.89,52.75,52.81,1532.0,real_delta_india
2026-08-03T02:30:00+00:00,52.77,52.79,52.65,52.77,4521.0,real_delta_india
2026-08-03T02:45:00+00:00,52.78,52.88,52.74,52.83,5608.0,real_delta_india
2026-08-03T03:00:00+00:00,52.84,52.91,52.82,52.83,2349.0,real_delta_india
2026-08-03T03:15:00+00:00,52.84,52.9,52.8,52.8,6035.0,real_delta_india
2026-08-03T03:30:00+00:00,52.8,52.89,52.8,52.87,3884.0,real_delta_india
2026-08-03T03:45:00+00:00,52.81,52.92,52.81,52.9,2177.0,real_delta_india
2026-08-03T04:00:00+00:00,52.89,53.0,52.89,52.91,10289.0,real_delta_india
2026-08-03T04:15:00+00:00,52.95,53.05,52.93,53.05,12901.0,real_delta_india
2026-08-03T04:30:00+00:00,53.05,53.16,53.05,53.16,11063.0,real_delta_india
2026-08-03T04:45:00+00:00,53.19,53.19,52.99,52.99,26315.0,real_delta_india
2026-08-03T05:00:00+00:00,52.97,53.02,52.83,52.85,32252.0,real_delta_india
2026-08-03T05:15:00+00:00,52.87,52.9,52.78,52.85,24666.0,real_delta_india
2026-08-03T05:30:00+00:00,52.8,52.8,52.51,52.7,33185.0,real_delta_india
2026-08-03T05:45:00+00:00,52.65,52.84,52.63,52.84,12724.0,real_delta_india
2026-08-03T06:00:00+00:00,52.83,52.86,52.75,52.8,18991.0,real_delta_india
2026-08-03T06:15:00+00:00,52.84,53.22,52.82,53.01,56768.0,real_delta_india
2026-08-03T06:30:00+00:00,53.03,53.03,52.85,52.85,30330.0,real_delta_india
2026-08-03T06:45:00+00:00,52.87,52.91,52.8,52.8,22038.0,real_delta_india
2026-08-03T07:00:00+00:00,52.8,52.83,52.65,52.72,21595.0,real_delta_india
2026-08-03T07:15:00+00:00,52.68,52.75,52.53,52.69,44079.0,real_delta_india
2026-08-03T07:30:00+00:00,52.71,52.85,52.71,52.79,27461.0,real_delta_india
2026-08-03T07:45:00+00:00,52.85,52.98,52.82,52.96,11057.0,real_delta_india
2026-08-03T08:00:00+00:00,52.94,52.95,52.84,52.95,13620.0,real_delta_india
2026-08-03T08:15:00+00:00,52.92,52.92,52.83,52.87,8186.0,real_delta_india
2026-08-03T08:30:00+00:00,52.86,53.05,52.83,53.0,12972.0,real_delta_india
2026-08-03T08:45:00+00:00,52.96,52.99,52.94,52.97,8163.0,real_delta_india
2026-08-03T09:00:00+00:00,52.99,53.04,52.94,53.02,4401.0,real_delta_india
2026-08-03T09:15:00+00:00,53.04,53.05,52.86,52.87,14528.0,real_delta_india
2026-08-03T09:30:00+00:00,52.87,52.87,52.77,52.87,7898.0,real_delta_india
2026-08-03T09:45:00+00:00,52.88,52.93,52.83,52.88,6903.0,real_delta_india
2026-08-03T10:00:00+00:00,52.88,52.88,52.8,52.87,5457.0,real_delta_india
2026-08-03T10:15:00+00:00,52.82,52.82,52.76,52.79,9453.0,real_delta_india
2026-08-03T10:30:00+00:00,52.78,52.78,52.65,52.67,8098.0,real_delta_india
2026-08-03T10:45:00+00:00,52.67,52.7,52.61,52.7,7990.0,real_delta_india
2026-08-03T11:00:00+00:00,52.72,52.72,52.58,52.65,7257.0,real_delta_india
2026-08-03T11:15:00+00:00,52.64,52.65,52.54,52.6,11662.0,real_delta_india
2026-08-03T11:30:00+00:00,52.58,52.66,52.5,52.66,7599.0,real_delta_india
2026-08-03T11:45:00+00:00,52.64,52.77,52.58,52.7,20655.0,real_delta_india
2026-08-03T12:00:00+00:00,52.67,52.75,52.48,52.59,28761.0,real_delta_india
2026-08-03T12:15:00+00:00,52.55,52.58,52.37,52.41,31160.0,real_delta_india
2026-08-03T12:30:00+00:00,52.41,52.46,52.24,52.3,35809.0,real_delta_india
2026-08-03T12:45:00+00:00,52.28,52.32,52.19,52.19,11129.0,real_delta_india
2026-08-03T13:00:00+00:00,52.35,52.41,51.55,51.62,98311.0,real_delta_india
2026-08-03T13:15:00+00:00,51.62,51.66,51.46,51.55,63848.0,real_delta_india
2026-08-03T13:30:00+00:00,51.51,51.78,51.43,51.73,50029.0,real_delta_india
2026-08-03T13:45:00+00:00,51.74,51.95,51.66,51.9,37228.0,real_delta_india
2026-08-03T14:00:00+00:00,51.9,52.06,51.84,52.01,47520.0,real_delta_india
2026-08-03T14:15:00+00:00,51.99,52.03,51.89,51.89,51045.0,real_delta_india
2026-08-03T14:30:00+00:00,51.86,52.04,51.86,52.03,17331.0,real_delta_india
2026-08-03T14:45:00+00:00,52.03,52.09,51.91,52.08,21146.0,real_delta_india
2026-08-03T15:00:00+00:00,52.08,52.23,51.97,52.11,18569.0,real_delta_india
2026-08-03T15:15:00+00:00,52.12,52.2,51.98,52.03,14686.0,real_delta_india
2026-08-03T15:30:00+00:00,51.99,52.18,51.96,52.15,10273.0,real_delta_india
2026-08-03T15:45:00+00:00,52.15,52.27,52.14,52.21,11761.0,real_delta_india
2026-08-03T16:00:00+00:00,52.23,52.24,52.12,52.18,5860.0,real_delta_india
2026-08-03T16:15:00+00:00,52.15,52.27,52.15,52.2,11714.0,real_delta_india
2026-08-03T16:30:00+00:00,52.2,52.46,52.2,52.38,28201.0,real_delta_india
2026-08-03T16:45:00+00:00,52.37,52.45,52.33,52.42,18793.0,real_delta_india
2026-08-03T17:00:00+00:00,52.39,52.39,52.28,52.35,3815.0,real_delta_india
2026-08-03T17:15:00+00:00,52.35,52.49,52.35,52.37,16183.0,real_delta_india
2026-08-03T17:30:00+00:00,52.38,52.51,52.37,52.47,14370.0,real_delta_india
2026-08-03T17:45:00+00:00,52.5,52.5,52.35,52.35,11580.0,real_delta_india
2026-08-03T18:00:00+00:00,52.38,52.63,52.35,52.52,17605.0,real_delta_india
2026-08-03T18:15:00+00:00,52.56,52.61,52.52,52.6,12286.0,real_delta_india
2026-08-03T18:30:00+00:00,52.61,52.63,52.54,52.57,23226.0,real_delta_india
2026-08-03T18:45:00+00:00,52.61,52.64,52.57,52.6,5808.0,real_delta_india
2026-08-03T19:00:00+00:00,52.61,52.74,52.61,52.69,19418.0,real_delta_india
2026-08-03T19:15:00+00:00,52.73,52.86,52.7,52.79,19720.0,real_delta_india
2026-08-03T19:30:00+00:00,52.8,52.87,52.75,52.8,46736.0,real_delta_india
2026-08-03T19:45:00+00:00,52.8,52.84,52.7,52.71,4802.0,real_delta_india
2026-08-03T20:00:00+00:00,52.7,52.74,52.67,52.72,3081.0,real_delta_india
2026-08-03T20:15:00+00:00,52.75,52.8,52.75,52.8,2354.0,real_delta_india
2026-08-03T20:30:00+00:00,52.85,52.88,52.83,52.86,8597.0,real_delta_india
2026-08-03T20:45:00+00:00,52.84,52.88,52.83,52.87,6845.0,real_delta_india
2026-08-03T21:00:00+00:00,52.86,52.89,52.85,52.88,1435.0,real_delta_india
2026-08-03T21:15:00+00:00,52.88,52.89,52.86,52.88,1539.0,real_delta_india
2026-08-03T21:30:00+00:00,52.87,52.9,52.87,52.88,2670.0,real_delta_india
2026-08-03T21:45:00+00:00,52.86,52.89,52.86,52.86,812.0,real_delta_india
2026-08-03T22:00:00+00:00,52.88,52.88,52.72,52.74,667.0,real_delta_india
2026-08-03T22:15:00+00:00,52.76,52.77,52.74,52.76,108.0,real_delta_india
2026-08-03T22:30:00+00:00,52.77,52.8,52.77,52.8,1397.0,real_delta_india
2026-08-03T22:45:00+00:00,52.79,52.79,52.79,52.79,17.0,real_delta_india
2026-08-03T23:00:00+00:00,52.78,52.83,52.77,52.8,537.0,real_delta_india
2026-08-03T23:15:00+00:00,52.8,52.8,52.75,52.79,2498.0,real_delta_india
2026-08-03T23:30:00+00:00,52.76,52.79,52.75,52.75,564.0,real_delta_india
2026-08-03T23:45:00+00:00,52.78,52.91,52.78,52.87,4356.0,real_delta_india
2026-08-04T00:00:00+00:00,52.87,53.2,52.87,53.05,30582.0,real_delta_india
2026-08-04T00:15:00+00:00,53.07,53.07,52.95,52.98,1526.0,real_delta_india
2026-08-04T00:30:00+00:00,52.96,53.01,52.9,52.91,19437.0,real_delta_india
2026-08-04T00:45:00+00:00,52.91,52.91,52.78,52.78,4137.0,real_delta_india
2026-08-04T01:00:00+00:00,52.76,52.89,52.66,52.82,24396.0,real_delta_india
2026-08-04T01:15:00+00:00,52.86,53.0,52.79,52.98,6968.0,real_delta_india
2026-08-04T01:30:00+00:00,53.04,53.36,52.97,53.31,35008.0,real_delta_india
2026-08-04T01:45:00+00:00,53.31,53.45,53.26,53.31,27755.0,real_delta_india
2026-08-04T02:00:00+00:00,53.3,53.33,53.2,53.25,21199.0,real_delta_india
2026-08-04T02:15:00+00:00,53.25,53.36,53.24,53.33,15650.0,real_delta_india
2026-08-04T02:30:00+00:00,53.3,53.43,53.25,53.4,10444.0,real_delta_india
2026-08-04T02:45:00+00:00,53.4,53.44,53.27,53.27,16484.0,real_delta_india
2026-08-04T03:00:00+00:00,53.3,53.35,53.23,53.29,10740.0,real_delta_india
2026-08-04T03:15:00+00:00,53.27,53.42,53.27,53.4,10932.0,real_delta_india
2026-08-04T03:30:00+00:00,53.37,53.39,53.25,53.25,17216.0,real_delta_india
2026-08-04T03:45:00+00:00,53.25,53.35,53.25,53.31,8630.0,real_delta_india
2026-08-04T04:00:00+00:00,53.31,53.39,53.28,53.36,6267.0,real_delta_india
2026-08-04T04:15:00+00:00,53.41,53.52,53.36,53.5,23641.0,real_delta_india
2026-08-04T04:30:00+00:00,53.52,53.59,53.49,53.57,32739.0,real_delta_india
2026-08-04T04:45:00+00:00,53.55,53.65,53.54,53.58,16200.0,real_delta_india
2026-08-04T05:00:00+00:00,53.57,53.59,53.35,53.36,33483.0,real_delta_india
2026-08-04T05:15:00+00:00,53.39,53.56,53.37,53.54,22300.0,real_delta_india
2026-08-04T05:30:00+00:00,53.6,53.63,53.43,53.51,34061.0,real_delta_india
2026-08-04T05:45:00+00:00,53.5,53.6,53.49,53.6,24125.0,real_delta_india
2026-08-04T06:00:00+00:00,53.59,53.7,53.59,53.65,15882.0,real_delta_india
2026-08-04T06:15:00+00:00,53.59,53.64,53.5,53.51,14737.0,real_delta_india
2026-08-04T06:30:00+00:00,53.51,53.53,53.4,53.47,7741.0,real_delta_india
2026-08-04T06:45:00+00:00,53.48,53.55,53.45,53.54,5657.0,real_delta_india
2026-08-04T07:00:00+00:00,53.56,53.65,53.02,53.54,39846.0,real_delta_india
2026-08-04T07:15:00+00:00,53.04,53.67,53.04,53.61,45835.0,real_delta_india
2026-08-04T07:30:00+00:00,53.6,53.64,53.5,53.5,10797.0,real_delta_india
2026-08-04T07:45:00+00:00,53.51,53.59,53.51,53.56,8931.0,real_delta_india
2026-08-04T08:00:00+00:00,53.58,53.76,53.56,53.64,27938.0,real_delta_india
2026-08-04T08:15:00+00:00,53.64,53.65,53.49,53.54,10620.0,real_delta_india
2026-08-04T08:30:00+00:00,53.55,53.58,53.48,53.52,5995.0,real_delta_india
2026-08-04T08:45:00+00:00,53.51,53.51,53.36,53.39,30905.0,real_delta_india
2026-08-04T09:00:00+00:00,53.37,53.39,53.22,53.24,66321.0,real_delta_india
2026-08-04T09:15:00+00:00,53.25,53.35,53.24,53.33,28407.0,real_delta_india
2026-08-04T09:30:00+00:00,53.34,53.43,53.3,53.43,12940.0,real_delta_india
2026-08-04T09:45:00+00:00,53.4,53.41,53.3,53.37,8814.0,real_delta_india
2026-08-04T10:00:00+00:00,53.38,53.38,53.27,53.28,423.0,real_delta_india
2026-08-04T10:15:00+00:00,53.29,53.35,53.27,53.31,2222.0,real_delta_india
2026-08-04T10:30:00+00:00,53.31,53.44,53.2,53.44,18528.0,real_delta_india
2026-08-04T10:45:00+00:00,53.41,53.64,53.41,53.44,48987.0,real_delta_india
2026-08-04T11:00:00+00:00,53.45,53.54,53.39,53.54,11996.0,real_delta_india
2026-08-04T11:15:00+00:00,53.51,53.68,53.49,53.67,25938.0,real_delta_india
2026-08-04T11:30:00+00:00,53.69,53.85,53.59,53.84,33425.0,real_delta_india
2026-08-04T11:45:00+00:00,53.83,54.03,53.78,54.02,117884.0,real_delta_india
2026-08-04T12:00:00+00:00,54.03,54.03,53.72,53.78,74366.0,real_delta_india
2026-08-04T12:15:00+00:00,53.75,54.1,53.7,54.1,53831.0,real_delta_india
2026-08-04T12:30:00+00:00,54.1,54.43,54.09,54.18,111492.0,real_delta_india
2026-08-04T12:45:00+00:00,54.18,54.35,54.14,54.32,39713.0,real_delta_india
2026-08-04T13:00:00+00:00,54.36,54.36,53.96,54.04,32236.0,real_delta_india
2026-08-04T13:15:00+00:00,54.04,54.36,53.9,54.24,28175.0,real_delta_india
2026-08-04T13:30:00+00:00,54.2,54.48,54.12,54.25,47577.0,real_delta_india
2026-08-04T13:45:00+00:00,54.24,54.38,54.17,54.19,18828.0,real_delta_india
2026-08-04T14:00:00+00:00,54.21,54.35,54.11,54.29,9798.0,real_delta_india
2026-08-04T14:15:00+00:00,54.29,54.3,53.99,54.08,35674.0,real_delta_india
2026-08-04T14:30:00+00:00,54.03,54.07,53.86,53.97,23032.0,real_delta_india
2026-08-04T14:45:00+00:00,53.97,54.09,53.9,54.08,8810.0,real_delta_india
2026-08-04T15:00:00+00:00,54.09,54.13,53.99,54.08,16958.0,real_delta_india
2026-08-04T15:15:00+00:00,54.05,54.05,53.87,53.95,28347.0,real_delta_india
2026-08-04T15:30:00+00:00,54.01,54.2,53.95,54.2,11514.0,real_delta_india
2026-08-04T15:45:00+00:00,54.2,54.31,54.15,54.22,13556.0,real_delta_india
2026-08-04T16:00:00+00:00,54.23,54.28,54.17,54.18,16986.0,real_delta_india
2026-08-04T16:15:00+00:00,54.18,54.39,54.13,54.36,22369.0,real_delta_india
2026-08-04T16:30:00+00:00,54.3,54.34,54.23,54.31,17513.0,real_delta_india
2026-08-04T16:45:00+00:00,54.33,54.39,54.29,54.34,15965.0,real_delta_india
2026-08-04T17:00:00+00:00,54.32,54.48,54.27,54.4,27855.0,real_delta_india
2026-08-04T17:15:00+00:00,54.45,54.51,54.35,54.35,33869.0,real_delta_india
2026-08-04T17:30:00+00:00,54.34,54.45,54.3,54.4,11121.0,real_delta_india
2026-08-04T17:45:00+00:00,54.4,54.43,54.27,54.32,7336.0,real_delta_india
2026-08-04T18:00:00+00:00,54.29,54.31,54.2,54.22,8837.0,real_delta_india
2026-08-04T18:15:00+00:00,54.22,54.3,54.19,54.25,13770.0,real_delta_india
2026-08-04T18:30:00+00:00,54.23,54.25,54.06,54.11,13906.0,real_delta_india
2026-08-04T18:45:00+00:00,54.13,54.21,54.1,54.15,3874.0,real_delta_india
2026-08-04T19:00:00+00:00,54.1,54.21,54.1,54.17,8813.0,real_delta_india
2026-08-04T19:15:00+00:00,54.14,54.23,54.09,54.15,2997.0,real_delta_india
2026-08-04T19:30:00+00:00,54.14,54.21,54.09,54.2,6145.0,real_delta_india
2026-08-04T19:45:00+00:00,54.17,54.17,54.07,54.12,2474.0,real_delta_india
2026-08-04T20:00:00+00:00,54.08,54.13,54.08,54.13,6633.0,real_delta_india
2026-08-04T20:15:00+00:00,54.1,54.1,53.99,54.01,7225.0,real_delta_india
2026-08-04T20:30:00+00:00,54.02,54.06,54.01,54.06,1381.0,real_delta_india
2026-08-04T20:45:00+00:00,54.05,54.08,54.05,54.08,512.0,real_delta_india
2026-08-04T21:00:00+00:00,54.06,54.1,54.06,54.1,1342.0,real_delta_india
2026-08-04T21:15:00+00:00,54.1,54.11,54.08,54.09,3942.0,real_delta_india
2026-08-04T21:30:00+00:00,54.1,54.1,54.1,54.1,2126.0,real_delta_india
2026-08-04T21:45:00+00:00,54.1,54.1,54.1,54.1,1.0,real_delta_india
2026-08-04T22:00:00+00:00,54.07,54.07,54.04,54.05,4759.0,real_delta_india
2026-08-04T22:15:00+00:00,54.05,54.08,54.04,54.06,1650.0,real_delta_india
2026-08-04T22:30:00+00:00,54.09,54.13,54.06,54.1,2602.0,real_delta_india
2026-08-04T22:45:00+00:00,54.07,54.1,54.05,54.05,693.0,real_delta_india
2026-08-04T23:00:00+00:00,54.03,54.03,53.96,54.03,1906.0,real_delta_india
2026-08-04T23:15:00+00:00,53.98,54.01,53.97,53.97,260.0,real_delta_india
2026-08-04T23:30:00+00:00,53.99,53.99,53.94,53.96,400.0,real_delta_india
2026-08-04T23:45:00+00:00,53.97,54.0,53.93,53.97,7201.0,real_delta_india
2026-08-05T00:00:00+00:00,53.99,54.04,53.94,53.98,5005.0,real_delta_india
2026-08-05T00:15:00+00:00,54.03,54.14,54.0,54.14,12640.0,real_delta_india
2026-08-05T00:30:00+00:00,54.16,54.23,54.1,54.1,2934.0,real_delta_india
2026-08-05T00:45:00+00:00,54.13,54.25,54.1,54.25,3031.0,real_delta_india
2026-08-05T01:00:00+00:00,54.22,54.29,54.11,54.2,5077.0,real_delta_india
2026-08-05T01:15:00+00:00,54.2,54.23,54.08,54.11,22450.0,real_delta_india
2026-08-05T01:30:00+00:00,54.14,54.37,54.12,54.34,21054.0,real_delta_india
2026-08-05T01:45:00+00:00,54.34,54.42,54.3,54.38,11904.0,real_delta_india
2026-08-05T02:00:00+00:00,54.41,54.42,54.29,54.39,13191.0,real_delta_india
2026-08-05T02:15:00+00:00,54.36,54.43,54.3,54.41,15606.0,real_delta_india
2026-08-05T02:30:00+00:00,54.37,55.08,54.37,55.0,80985.0,real_delta_india
2026-08-05T02:45:00+00:00,54.99,55.25,54.96,55.13,121189.0,real_delta_india
2026-08-05T03:00:00+00:00,55.09,55.33,55.05,55.3,37936.0,real_delta_india
2026-08-05T03:15:00+00:00,55.28,55.29,55.16,55.23,13144.0,real_delta_india
2026-08-05T03:30:00+00:00,55.19,55.23,55.12,55.12,23764.0,real_delta_india
2026-08-05T03:45:00+00:00,55.13,55.19,55.12,55.18,13235.0,real_delta_india
2026-08-05T04:00:00+00:00,55.16,55.25,55.14,55.21,10410.0,real_delta_india
2026-08-05T04:15:00+00:00,55.2,55.29,55.18,55.21,18443.0,real_delta_india
2026-08-05T04:30:00+00:00,55.21,55.27,55.12,55.14,12488.0,real_delta_india
2026-08-05T04:45:00+00:00,55.12,55.19,55.09,55.16,25755.0,real_delta_india
2026-08-05T05:00:00+00:00,55.18,55.2,55.13,55.2,21788.0,real_delta_india
2026-08-05T05:15:00+00:00,55.19,55.33,55.17,55.33,8565.0,real_delta_india
2026-08-05T05:30:00+00:00,55.33,55.7,55.33,55.7,113262.0,real_delta_india
2026-08-05T05:45:00+00:00,55.69,55.98,55.69,55.78,109699.0,real_delta_india
2026-08-05T06:00:00+00:00,55.79,55.9,55.73,55.88,27779.0,real_delta_india
2026-08-05T06:15:00+00:00,55.87,55.87,55.74,55.86,23722.0,real_delta_india
2026-08-05T06:30:00+00:00,55.82,56.2,55.82,56.13,27775.0,real_delta_india
2026-08-05T06:45:00+00:00,56.15,56.15,56.04,56.15,11333.0,real_delta_india
2026-08-05T07:00:00+00:00,56.13,56.19,55.94,55.95,28782.0,real_delta_india
2026-08-05T07:15:00+00:00,55.97,56.14,55.88,55.93,30711.0,real_delta_india
2026-08-05T07:30:00+00:00,55.85,56.1,55.83,55.99,26981.0,real_delta_india
2026-08-05T07:45:00+00:00,56.05,56.13,56.0,56.13,11474.0,real_delta_india
2026-08-05T08:00:00+00:00,56.12,56.15,55.97,56.02,13945.0,real_delta_india
2026-08-05T08:15:00+00:00,55.93,55.95,55.77,55.87,20439.0,real_delta_india
2026-08-05T08:30:00+00:00,55.84,55.98,55.77,55.96,4064.0,real_delta_india
2026-08-05T08:45:00+00:00,55.84,55.85,55.74,55.78,18951.0,real_delta_india
2026-08-05T09:00:00+00:00,55.79,55.95,55.77,55.87,6477.0,real_delta_india
2026-08-05T09:15:00+00:00,55.87,55.89,55.74,55.76,12066.0,real_delta_india
2026-08-05T09:30:00+00:00,55.75,55.9,55.74,55.82,7893.0,real_delta_india
2026-08-05T09:45:00+00:00,55.83,55.84,55.73,55.78,7961.0,real_delta_india
2026-08-05T10:00:00+00:00,55.76,55.77,55.56,55.59,29645.0,real_delta_india
2026-08-05T10:15:00+00:00,55.59,55.7,55.56,55.56,17009.0,real_delta_india
2026-08-05T10:30:00+00:00,55.56,55.61,55.5,55.51,21210.0,real_delta_india
2026-08-05T10:45:00+00:00,55.53,55.63,55.45,55.63,30946.0,real_delta_india
2026-08-05T11:00:00+00:00,55.64,55.9,55.63,55.89,24154.0,real_delta_india
2026-08-05T11:15:00+00:00,55.89,56.1,55.86,56.0,39407.0,real_delta_india
2026-08-05T11:30:00+00:00,56.05,56.2,56.0,56.18,31545.0,real_delta_india
2026-08-05T11:45:00+00:00,56.18,56.33,56.1,56.27,41492.0,real_delta_india
2026-08-05T12:00:00+00:00,56.28,56.49,56.25,56.47,110439.0,real_delta_india
2026-08-05T12:15:00+00:00,56.48,56.74,56.44,56.49,122255.0,real_delta_india
2026-08-05T12:30:00+00:00,56.57,56.57,56.07,56.13,57313.0,real_delta_india
2026-08-05T12:45:00+00:00,56.14,56.21,55.8,55.82,50067.0,real_delta_india
2026-08-05T13:00:00+00:00,55.84,56.24,55.83,56.08,69754.0,real_delta_india
2026-08-05T13:15:00+00:00,56.06,56.39,56.0,56.33,41298.0,real_delta_india
2026-08-05T13:30:00+00:00,56.33,56.42,56.11,56.36,35257.0,real_delta_india
2026-08-05T13:45:00+00:00,56.34,56.6,56.17,56.58,56327.0,real_delta_india
2026-08-05T14:00:00+00:00,56.58,56.97,56.56,56.7,89864.0,real_delta_india
2026-08-05T14:15:00+00:00,56.7,56.85,56.63,56.68,46376.0,real_delta_india
2026-08-05T14:30:00+00:00,56.66,56.73,56.45,56.69,61405.0,real_delta_india
2026-08-05T14:45:00+00:00,56.72,56.73,56.35,56.49,111444.0,real_delta_india
2026-08-05T15:00:00+00:00,56.48,56.75,56.48,56.68,62803.0,real_delta_india
2026-08-05T15:15:00+00:00,56.67,56.82,56.46,56.54,19181.0,real_delta_india
2026-08-05T15:30:00+00:00,56.54,56.76,56.54,56.6,31494.0,real_delta_india
2026-08-05T15:45:00+00:00,56.55,56.55,56.08,56.21,70596.0,real_delta_india
2026-08-05T16:00:00+00:00,56.2,56.26,56.04,56.18,36937.0,real_delta_india
2026-08-05T16:15:00+00:00,56.17,56.43,56.11,56.41,30463.0,real_delta_india
2026-08-05T16:30:00+00:00,56.46,56.52,56.36,56.48,23893.0,real_delta_india
2026-08-05T16:45:00+00:00,56.44,56.47,56.31,56.34,15756.0,real_delta_india
2026-08-05T17:00:00+00:00,56.37,56.38,56.24,56.27,15604.0,real_delta_india
2026-08-05T17:15:00+00:00,56.29,56.38,56.22,56.38,18355.0,real_delta_india
2026-08-05T17:30:00+00:00,56.35,56.5,56.33,56.42,37957.0,real_delta_india
2026-08-05T17:45:00+00:00,56.42,56.51,56.38,56.45,10819.0,real_delta_india
2026-08-05T18:00:00+00:00,56.44,56.51,56.37,56.4,57076.0,real_delta_india
2026-08-05T18:15:00+00:00,56.37,56.66,56.37,56.58,15244.0,real_delta_india
2026-08-05T18:30:00+00:00,56.56,56.57,56.42,56.47,25182.0,real_delta_india
2026-08-05T18:45:00+00:00,56.46,56.57,56.46,56.47,6045.0,real_delta_india
2026-08-05T19:00:00+00:00,56.52,56.55,56.46,56.55,7950.0,real_delta_india
2026-08-05T19:15:00+00:00,56.54,56.54,56.41,56.44,3733.0,real_delta_india
2026-08-05T19:30:00+00:00,56.4,56.41,56.28,56.3,7300.0,real_delta_india
2026-08-05T19:45:00+00:00,56.33,56.39,56.28,56.28,2818.0,real_delta_india
2026-08-05T20:00:00+00:00,56.35,56.37,56.29,56.37,1803.0,real_delta_india
2026-08-05T20:15:00+00:00,56.37,56.37,56.24,56.24,2029.0,real_delta_india
2026-08-05T20:30:00+00:00,56.28,56.35,56.28,56.3,2240.0,real_delta_india
2026-08-05T20:45:00+00:00,56.32,56.36,56.28,56.34,8229.0,real_delta_india
2026-08-05T21:00:00+00:00,56.35,56.45,56.33,56.45,3193.0,real_delta_india
2026-08-05T21:15:00+00:00,56.4,56.4,56.36,56.36,1087.0,real_delta_india
2026-08-05T21:30:00+00:00,56.39,56.42,56.38,56.42,1725.0,real_delta_india
2026-08-05T21:45:00+00:00,56.42,56.43,56.39,56.43,36.0,real_delta_india
2026-08-05T22:00:00+00:00,56.38,56.39,56.33,56.39,2088.0,real_delta_india
2026-08-05T22:15:00+00:00,56.41,56.41,56.38,56.41,159.0,real_delta_india
2026-08-05T22:30:00+00:00,56.43,56.43,56.38,56.38,1910.0,real_delta_india
2026-08-05T22:45:00+00:00,56.32,56.34,56.31,56.34,254.0,real_delta_india
2026-08-05T23:00:00+00:00,56.36,56.39,56.36,56.39,320.0,real_delta_india
2026-08-05T23:15:00+00:00,56.42,56.46,56.4,56.45,1266.0,real_delta_india
2026-08-05T23:30:00+00:00,56.45,56.6,56.38,56.56,34772.0,real_delta_india
2026-08-05T23:45:00+00:00,56.57,56.57,56.48,56.5,6735.0,real_delta_india
2026-08-06T00:00:00+00:00,56.4,56.56,56.38,56.41,5463.0,real_delta_india
2026-08-06T00:15:00+00:00,56.49,56.62,56.44,56.49,16924.0,real_delta_india
2026-08-06T00:30:00+00:00,56.46,56.66,56.46,56.65,12842.0,real_delta_india
2026-08-06T00:45:00+00:00,56.66,56.93,56.65,56.89,20851.0,real_delta_india
2026-08-06T01:00:00+00:00,56.92,57.09,56.6,56.67,55307.0,real_delta_india
2026-08-06T01:15:00+00:00,56.65,56.71,56.32,56.37,31598.0,real_delta_india
2026-08-06T01:30:00+00:00,56.37,56.55,56.37,56.47,26713.0,real_delta_india
2026-08-06T01:45:00+00:00,56.44,56.67,56.39,56.49,21124.0,real_delta_india
2026-08-06T02:00:00+00:00,56.48,56.77,56.48,56.65,45053.0,real_delta_india
2026-08-06T02:15:00+00:00,56.68,56.73,56.6,56.64,2832.0,real_delta_india
2026-08-06T02:30:00+00:00,56.5,56.58,56.39,56.58,16638.0,real_delta_india
2026-08-06T02:45:00+00:00,56.64,56.66,56.47,56.55,21296.0,real_delta_india
2026-08-06T03:00:00+00:00,56.55,56.6,56.46,56.46,11681.0,real_delta_india
2026-08-06T03:15:00+00:00,56.43,56.45,56.23,56.29,17384.0,real_delta_india
2026-08-06T03:30:00+00:00,56.32,56.35,56.23,56.25,10431.0,real_delta_india
2026-08-06T03:45:00+00:00,56.26,56.39,56.25,56.39,9375.0,real_delta_india
2026-08-06T04:00:00+00:00,56.39,56.46,56.35,56.37,14023.0,real_delta_india
2026-08-06T04:15:00+00:00,56.39,56.4,56.25,56.29,19063.0,real_delta_india
2026-08-06T04:30:00+00:00,56.32,56.43,56.32,56.34,10718.0,real_delta_india
2026-08-06T04:45:00+00:00,56.34,56.47,56.34,56.43,9806.0,real_delta_india
2026-08-06T05:00:00+00:00,56.42,56.47,56.33,56.36,6110.0,real_delta_india
2026-08-06T05:15:00+00:00,56.38,56.38,56.14,56.14,17823.0,real_delta_india
2026-08-06T05:30:00+00:00,56.12,56.26,55.93,56.26,64021.0,real_delta_india
2026-08-06T05:45:00+00:00,56.23,56.46,56.22,56.42,19145.0,real_delta_india
2026-08-06T06:00:00+00:00,56.4,56.4,56.2,56.21,18746.0,real_delta_india
2026-08-06T06:15:00+00:00,56.25,56.26,56.12,56.2,60020.0,real_delta_india
2026-08-06T06:30:00+00:00,56.2,56.2,55.87,56.06,47877.0,real_delta_india
2026-08-06T06:45:00+00:00,56.08,56.09,55.91,55.99,22383.0,real_delta_india
2026-08-06T07:00:00+00:00,55.96,56.18,55.93,56.15,33580.0,real_delta_india
2026-08-06T07:15:00+00:00,56.14,56.25,56.11,56.14,21757.0,real_delta_india
2026-08-06T07:30:00+00:00,56.17,56.19,56.08,56.11,17759.0,real_delta_india
2026-08-06T07:45:00+00:00,56.08,56.19,55.99,56.19,63146.0,real_delta_india
2026-08-06T08:00:00+00:00,56.19,56.27,56.07,56.24,46590.0,real_delta_india
2026-08-06T08:15:00+00:00,56.26,56.29,56.08,56.2,51005.0,real_delta_india
2026-08-06T08:30:00+00:00,56.26,56.31,56.15,56.19,63300.0,real_delta_india
2026-08-06T08:45:00+00:00,56.19,56.39,56.12,56.39,28849.0,real_delta_india
2026-08-06T09:00:00+00:00,56.26,56.39,56.19,56.26,61116.0,real_delta_india
2026-08-06T09:15:00+00:00,56.29,56.33,56.25,56.27,15624.0,real_delta_india
2026-08-06T09:30:00+00:00,56.33,56.34,56.1,56.13,19127.0,real_delta_india
2026-08-06T09:45:00+00:00,56.15,56.18,56.11,56.18,14061.0,real_delta_india
2026-08-06T10:00:00+00:00,56.18,56.18,56.06,56.1,13824.0,real_delta_india
2026-08-06T10:15:00+00:00,56.08,56.16,56.02,56.14,15370.0,real_delta_india
2026-08-06T10:30:00+00:00,56.17,56.17,56.02,56.02,46307.0,real_delta_india
2026-08-06T10:45:00+00:00,56.09,56.2,56.06,56.07,20485.0,real_delta_india
2026-08-06T11:00:00+00:00,56.09,56.12,55.93,56.04,16025.0,real_delta_india
2026-08-06T11:15:00+00:00,56.07,56.1,55.96,56.06,10117.0,real_delta_india
2026-08-06T11:30:00+00:00,56.1,56.15,56.04,56.06,21692.0,real_delta_india
2026-08-06T11:45:00+00:00,56.0,56.1,55.94,56.09,21742.0,real_delta_india
2026-08-06T12:00:00+00:00,56.13,56.15,55.87,55.89,40323.0,real_delta_india
2026-08-06T12:15:00+00:00,55.86,56.03,55.83,55.94,19079.0,real_delta_india
2026-08-06T12:30:00+00:00,55.89,56.12,55.89,55.97,48324.0,real_delta_india
2026-08-06T12:45:00+00:00,55.99,55.99,55.6,55.62,87732.0,real_delta_india
2026-08-06T13:00:00+00:00,55.65,55.88,55.49,55.53,110745.0,real_delta_india
2026-08-06T13:15:00+00:00,55.53,55.74,55.44,55.74,41509.0,real_delta_india
2026-08-06T13:30:00+00:00,55.74,56.11,55.7,56.06,49789.0,real_delta_india
2026-08-06T13:45:00+00:00,56.01,56.01,55.88,55.95,15684.0,real_delta_india
2026-08-06T14:00:00+00:00,55.97,56.06,55.88,55.94,28482.0,real_delta_india
2026-08-06T14:15:00+00:00,55.94,55.99,55.82,55.94,14734.0,real_delta_india
2026-08-06T14:30:00+00:00,55.91,56.07,55.9,56.05,34108.0,real_delta_india
2026-08-06T14:45:00+00:00,56.04,56.04,55.83,55.96,14456.0,real_delta_india
2026-08-06T15:00:00+00:00,56.05,56.05,55.87,55.87,9068.0,real_delta_india
2026-08-06T15:15:00+00:00,55.91,55.91,55.56,55.74,49304.0,real_delta_india
2026-08-06T15:30:00+00:00,55.76,55.76,55.6,55.65,11995.0,real_delta_india
2026-08-06T15:45:00+00:00,55.65,55.72,55.38,55.46,44580.0,real_delta_india
2026-08-06T16:00:00+00:00,55.5,55.66,55.45,55.48,20702.0,real_delta_india
2026-08-06T16:15:00+00:00,55.47,55.48,55.29,55.43,33017.0,real_delta_india
2026-08-06T16:30:00+00:00,55.45,55.57,55.43,55.57,15565.0,real_delta_india
2026-08-06T16:45:00+00:00,55.57,55.73,55.52,55.67,21086.0,real_delta_india
2026-08-06T17:00:00+00:00,55.68,55.76,55.68,55.71,11164.0,real_delta_india
2026-08-06T17:15:00+00:00,55.67,55.76,55.66,55.66,15728.0,real_delta_india
2026-08-06T17:30:00+00:00,55.64,55.73,55.62,55.68,5553.0,real_delta_india
2026-08-06T17:45:00+00:00,55.66,55.84,55.66,55.8,15296.0,real_delta_india
2026-08-06T18:00:00+00:00,55.81,55.85,55.75,55.81,13722.0,real_delta_india
2026-08-06T18:15:00+00:00,55.83,55.87,55.8,55.82,2413.0,real_delta_india
2026-08-06T18:30:00+00:00,55.82,55.87,55.77,55.81,8634.0,real_delta_india
2026-08-06T18:45:00+00:00,55.84,55.91,55.8,55.85,2854.0,real_delta_india
2026-08-06T19:00:00+00:00,55.84,56.11,55.84,56.0,24191.0,real_delta_india
2026-08-06T19:15:00+00:00,56.03,56.04,55.85,55.87,9030.0,real_delta_india
2026-08-06T19:30:00+00:00,55.86,55.95,55.8,55.8,9541.0,real_delta_india
2026-08-06T19:45:00+00:00,55.9,56.14,55.88,56.1,10003.0,real_delta_india
2026-08-06T20:00:00+00:00,56.1,56.16,55.95,55.97,1432.0,real_delta_india
2026-08-06T20:15:00+00:00,56.01,56.01,55.92,55.92,250.0,real_delta_india
2026-08-06T20:30:00+00:00,55.93,55.95,55.83,55.83,1459.0,real_delta_india
2026-08-06T20:45:00+00:00,55.84,55.9,55.84,55.9,1165.0,real_delta_india
2026-08-06T21:00:00+00:00,55.92,55.95,55.9,55.93,1253.0,real_delta_india
2026-08-06T21:15:00+00:00,55.9,55.93,55.9,55.91,191.0,real_delta_india
2026-08-06T21:30:00+00:00,55.95,55.98,55.93,55.98,306.0,real_delta_india
2026-08-06T21:45:00+00:00,55.95,55.98,55.93,55.93,81.0,real_delta_india
2026-08-06T22:00:00+00:00,55.86,55.86,55.78,55.85,6034.0,real_delta_india
2026-08-06T22:15:00+00:00,55.86,55.86,55.85,55.85,260.0,real_delta_india
2026-08-06T22:30:00+00:00,55.89,55.9,55.83,55.85,1392.0,real_delta_india
2026-08-06T22:45:00+00:00,55.84,55.89,55.84,55.87,493.0,real_delta_india
2026-08-06T23:00:00+00:00,55.86,55.89,55.84,55.89,517.0,real_delta_india
2026-08-06T23:15:00+00:00,55.89,55.94,55.89,55.91,922.0,real_delta_india
2026-08-06T23:30:00+00:00,55.92,55.98,55.92,55.98,18.0,real_delta_india
2026-08-06T23:45:00+00:00,55.98,56.01,55.96,55.97,8739.0,real_delta_india
2026-08-07T00:00:00+00:00,55.93,55.97,55.81,55.84,1427.0,real_delta_india
2026-08-07T00:15:00+00:00,55.82,55.85,55.71,55.8,4444.0,real_delta_india
2026-08-07T00:30:00+00:00,55.73,55.81,55.55,55.63,13143.0,real_delta_india
2026-08-07T00:45:00+00:00,55.66,55.66,55.54,55.54,4571.0,real_delta_india
2026-08-07T01:00:00+00:00,55.54,55.92,55.54,55.88,12257.0,real_delta_india
2026-08-07T01:15:00+00:00,55.94,56.1,55.91,56.06,15209.0,real_delta_india
2026-08-07T01:30:00+00:00,56.08,56.34,56.01,56.3,53569.0,real_delta_india
2026-08-07T01:45:00+00:00,56.26,56.42,56.15,56.39,56265.0,real_delta_india
2026-08-07T02:00:00+00:00,56.39,56.54,56.37,56.43,19636.0,real_delta_india
2026-08-07T02:15:00+00:00,56.47,56.59,56.41,56.52,17439.0,real_delta_india
2026-08-07T02:30:00+00:00,56.45,56.49,56.27,56.27,6127.0,real_delta_india
2026-08-07T02:45:00+00:00,56.26,56.42,56.21,56.29,20846.0,real_delta_india
2026-08-07T03:00:00+00:00,56.31,56.51,56.31,56.42,10666.0,real_delta_india
2026-08-07T03:15:00+00:00,56.42,56.49,56.37,56.47,8652.0,real_delta_india
2026-08-07T03:30:00+00:00,56.5,56.58,56.46,56.51,17042.0,real_delta_india
2026-08-07T03:45:00+00:00,56.54,56.63,56.48,56.61,17361.0,real_delta_india
2026-08-07T04:00:00+00:00,56.59,56.68,56.54,56.64,14790.0,real_delta_india
2026-08-07T04:15:00+00:00,56.6,56.63,56.48,56.51,21198.0,real_delta_india
2026-08-07T04:30:00+00:00,56.57,56.63,56.48,56.52,9139.0,real_delta_india
2026-08-07T04:45:00+00:00,56.49,56.57,56.48,56.54,4616.0,real_delta_india
2026-08-07T05:00:00+00:00,56.54,56.6,56.47,56.57,13749.0,real_delta_india
2026-08-07T05:15:00+00:00,56.56,56.6,56.51,56.51,11499.0,real_delta_india
2026-08-07T05:30:00+00:00,56.56,56.75,56.52,56.68,17117.0,real_delta_india
2026-08-07T05:45:00+00:00,56.68,57.03,56.67,57.01,52417.0,real_delta_india
2026-08-07T06:00:00+00:00,57.0,57.54,56.94,57.53,84006.0,real_delta_india
2026-08-07T06:15:00+00:00,57.47,57.87,57.42,57.54,69138.0,real_delta_india
2026-08-07T06:30:00+00:00,57.5,57.9,57.46,57.78,73552.0,real_delta_india
2026-08-07T06:45:00+00:00,57.86,58.0,57.78,57.9,34938.0,real_delta_india
2026-08-07T07:00:00+00:00,57.93,57.93,57.66,57.78,43441.0,real_delta_india
2026-08-07T07:15:00+00:00,57.76,57.82,57.71,57.78,22448.0,real_delta_india
2026-08-07T07:30:00+00:00,57.75,57.9,57.75,57.86,28434.0,real_delta_india
2026-08-07T07:45:00+00:00,57.89,58.07,57.84,58.01,74736.0,real_delta_india
2026-08-07T08:00:00+00:00,58.0,58.38,57.6,58.37,120465.0,real_delta_india
2026-08-07T08:15:00+00:00,58.38,58.47,58.12,58.17,49042.0,real_delta_india
2026-08-07T08:30:00+00:00,58.19,58.51,58.14,58.39,96870.0,real_delta_india
2026-08-07T08:45:00+00:00,58.41,58.42,58.3,58.3,27990.0,real_delta_india
2026-08-07T09:00:00+00:00,58.39,58.45,58.3,58.39,31569.0,real_delta_india
2026-08-07T09:15:00+00:00,58.4,58.45,58.32,58.35,8232.0,real_delta_india
2026-08-07T09:30:00+00:00,58.37,58.62,58.34,58.53,65366.0,real_delta_india
2026-08-07T09:45:00+00:00,58.53,58.67,58.43,58.49,44589.0,real_delta_india
2026-08-07T10:00:00+00:00,58.48,58.5,58.35,58.44,27320.0,real_delta_india
2026-08-07T10:15:00+00:00,58.4,58.47,58.32,58.38,23690.0,real_delta_india
2026-08-07T10:30:00+00:00,58.39,58.55,58.39,58.44,9357.0,real_delta_india
2026-08-07T10:45:00+00:00,58.43,58.49,58.37,58.37,6691.0,real_delta_india
2026-08-07T11:00:00+00:00,58.43,58.48,58.22,58.22,24648.0,real_delta_india
2026-08-07T11:15:00+00:00,58.27,58.28,58.04,58.22,84392.0,real_delta_india
2026-08-07T11:30:00+00:00,58.26,58.36,58.08,58.16,26318.0,real_delta_india
2026-08-07T11:45:00+00:00,58.2,58.31,58.16,58.21,25760.0,real_delta_india
2026-08-07T12:00:00+00:00,58.2,58.33,58.11,58.23,28563.0,real_delta_india
2026-08-07T12:15:00+00:00,58.2,58.2,57.85,58.04,61845.0,real_delta_india
2026-08-07T12:30:00+00:00,58.2,59.17,58.2,58.83,136101.0,real_delta_india
2026-08-07T12:45:00+00:00,58.9,59.01,58.66,58.74,63054.0,real_delta_india
2026-08-07T13:00:00+00:00,58.74,58.78,58.16,58.2,96345.0,real_delta_india
2026-08-07T13:15:00+00:00,58.16,58.3,57.92,58.23,81189.0,real_delta_india
2026-08-07T13:30:00+00:00,58.29,58.42,58.03,58.35,42320.0,real_delta_india
2026-08-07T13:45:00+00:00,58.36,58.4,57.85,58.0,74096.0,real_delta_india
2026-08-07T14:00:00+00:00,57.98,58.03,57.49,57.66,85010.0,real_delta_india
2026-08-07T14:15:00+00:00,57.64,57.96,57.48,57.87,41453.0,real_delta_india
2026-08-07T14:30:00+00:00,57.88,57.9,57.71,57.76,52801.0,real_delta_india
2026-08-07T14:45:00+00:00,57.76,57.81,57.5,57.53,38343.0,real_delta_india
2026-08-07T15:00:00+00:00,57.53,57.89,57.5,57.85,25263.0,real_delta_india
2026-08-07T15:15:00+00:00,57.86,57.86,57.65,57.68,10257.0,real_delta_india
2026-08-07T15:30:00+00:00,57.63,57.74,57.55,57.58,13557.0,real_delta_india
2026-08-07T15:45:00+00:00,57.63,57.67,57.48,57.51,13788.0,real_delta_india
2026-08-07T16:00:00+00:00,57.5,57.7,57.35,57.68,39557.0,real_delta_india
2026-08-07T16:15:00+00:00,57.68,57.73,57.4,57.51,13997.0,real_delta_india
2026-08-07T16:30:00+00:00,57.47,57.51,57.36,57.47,8730.0,real_delta_india
2026-08-07T16:45:00+00:00,57.49,57.51,57.29,57.33,38782.0,real_delta_india
2026-08-07T17:00:00+00:00,57.32,57.48,57.27,57.39,26612.0,real_delta_india
2026-08-07T17:15:00+00:00,57.34,57.5,57.31,57.45,8313.0,real_delta_india
2026-08-07T17:30:00+00:00,57.46,57.56,57.32,57.5,10612.0,real_delta_india
2026-08-07T17:45:00+00:00,57.49,57.59,57.46,57.51,19315.0,real_delta_india
2026-08-07T18:00:00+00:00,57.49,57.57,57.35,57.35,9152.0,real_delta_india
2026-08-07T18:15:00+00:00,57.38,57.44,57.33,57.37,16468.0,real_delta_india
2026-08-07T18:30:00+00:00,57.4,57.51,57.4,57.44,3485.0,real_delta_india
2026-08-07T18:45:00+00:00,57.45,57.56,57.44,57.49,2874.0,real_delta_india
2026-08-07T19:00:00+00:00,57.6,57.77,57.55,57.72,31527.0,real_delta_india
2026-08-07T19:15:00+00:00,57.66,57.82,57.66,57.72,6240.0,real_delta_india
2026-08-07T19:30:00+00:00,57.76,57.81,57.72,57.81,2598.0,real_delta_india
2026-08-07T19:45:00+00:00,57.79,57.82,57.62,57.74,8137.0,real_delta_india
2026-08-07T20:00:00+00:00,57.7,57.74,57.61,57.62,6268.0,real_delta_india
2026-08-07T20:15:00+00:00,57.62,57.62,57.57,57.57,10228.0,real_delta_india
2026-08-07T20:30:00+00:00,57.57,57.68,57.55,57.63,2139.0,real_delta_india
2026-08-07T20:45:00+00:00,57.63,57.78,57.56,57.77,2381.0,real_delta_india
2026-08-07T21:00:00+00:00,57.8,57.84,57.74,57.78,10173.0,real_delta_india
2026-08-07T21:15:00+00:00,57.72,57.86,57.72,57.84,323.0,real_delta_india
2026-08-07T21:30:00+00:00,57.87,57.9,57.81,57.86,4655.0,real_delta_india
2026-08-07T21:45:00+00:00,57.86,57.86,57.83,57.83,135.0,real_delta_india
2026-08-07T22:00:00+00:00,57.78,57.94,57.75,57.84,9300.0,real_delta_india
2026-08-07T22:15:00+00:00,57.9,57.93,57.9,57.93,677.0,real_delta_india
2026-08-07T22:30:00+00:00,57.93,58.07,57.9,58.03,1806.0,real_delta_india
2026-08-07T22:45:00+00:00,58.01,58.01,57.92,57.92,1417.0,real_delta_india
2026-08-07T23:00:00+00:00,57.92,58.04,57.92,58.01,3538.0,real_delta_india
2026-08-07T23:15:00+00:00,58.0,58.0,57.91,57.96,3257.0,real_delta_india
2026-08-07T23:30:00+00:00,57.97,58.0,57.93,57.97,2334.0,real_delta_india
2026-08-07T23:45:00+00:00,57.97,58.0,57.96,57.96,808.0,real_delta_india
2026-08-08T00:00:00+00:00,57.98,58.18,57.98,58.07,4319.0,real_delta_india
2026-08-08T00:15:00+00:00,58.12,58.16,58.09,58.11,4599.0,real_delta_india
2026-08-08T00:30:00+00:00,58.18,58.19,58.1,58.1,1351.0,real_delta_india
2026-08-08T00:45:00+00:00,58.1,58.15,58.09,58.15,4501.0,real_delta_india
2026-08-08T01:00:00+00:00,58.15,58.21,58.11,58.15,7356.0,real_delta_india
2026-08-08T01:15:00+00:00,58.15,58.19,58.1,58.11,3496.0,real_delta_india
2026-08-08T01:30:00+00:00,58.13,58.13,58.0,58.0,3528.0,real_delta_india
2026-08-08T01:45:00+00:00,58.0,58.11,57.98,58.04,12612.0,real_delta_india
2026-08-08T02:00:00+00:00,58.01,58.04,57.96,57.96,2486.0,real_delta_india
2026-08-08T02:15:00+00:00,57.92,58.01,57.91,57.97,10335.0,real_delta_india
2026-08-08T02:30:00+00:00,57.95,57.96,57.91,57.96,5301.0,real_delta_india
2026-08-08T02:45:00+00:00,57.93,57.98,57.87,57.88,9626.0,real_delta_india
2026-08-08T03:00:00+00:00,57.86,57.91,57.86,57.87,6201.0,real_delta_india
2026-08-08T03:15:00+00:00,57.9,57.94,57.85,57.85,3602.0,real_delta_india
2026-08-08T03:30:00+00:00,57.85,57.87,57.83,57.83,2819.0,real_delta_india
2026-08-08T03:45:00+00:00,57.84,57.92,57.84,57.9,6218.0,real_delta_india
2026-08-08T04:00:00+00:00,57.9,57.91,57.86,57.86,2806.0,real_delta_india
2026-08-08T04:15:00+00:00,57.91,57.94,57.88,57.91,642.0,real_delta_india
2026-08-08T04:30:00+00:00,57.88,57.92,57.86,57.86,1959.0,real_delta_india
2026-08-08T04:45:00+00:00,57.87,57.92,57.87,57.87,2500.0,real_delta_india
2026-08-08T05:00:00+00:00,57.87,57.9,57.84,57.84,970.0,real_delta_india
2026-08-08T05:15:00+00:00,57.87,57.9,57.84,57.89,663.0,real_delta_india
2026-08-08T05:30:00+00:00,57.89,57.89,57.84,57.87,1805.0,real_delta_india
2026-08-08T05:45:00+00:00,57.87,57.87,57.84,57.87,1449.0,real_delta_india
2026-08-08T06:00:00+00:00,57.87,57.87,57.84,57.86,2040.0,real_delta_india
2026-08-08T06:15:00+00:00,57.89,57.89,57.87,57.89,541.0,real_delta_india
2026-08-08T06:30:00+00:00,57.89,57.9,57.87,57.89,2298.0,real_delta_india
2026-08-08T06:45:00+00:00,57.9,57.9,57.86,57.86,776.0,real_delta_india
2026-08-08T07:00:00+00:00,57.9,57.9,57.87,57.87,860.0,real_delta_india
2026-08-08T07:15:00+00:00,57.87,57.92,57.87,57.92,884.0,real_delta_india
2026-08-08T07:30:00+00:00,57.92,57.92,57.88,57.89,916.0,real_delta_india
2026-08-08T07:45:00+00:00,57.89,57.97,57.89,57.97,2520.0,real_delta_india
2026-08-08T08:00:00+00:00,57.96,57.97,57.94,57.95,4255.0,real_delta_india
2026-08-08T08:15:00+00:00,57.98,58.0,57.92,57.95,2216.0,real_delta_india
2026-08-08T08:30:00+00:00,57.96,57.96,57.9,57.9,2835.0,real_delta_india
2026-08-08T08:45:00+00:00,57.93,57.93,57.89,57.9,124.0,real_delta_india
2026-08-08T09:00:00+00:00,57.91,57.97,57.91,57.95,439.0,real_delta_india
2026-08-08T09:15:00+00:00,57.98,57.98,57.94,57.94,814.0,real_delta_india
2026-08-08T09:30:00+00:00,57.93,57.96,57.9,57.96,558.0,real_delta_india
2026-08-08T09:45:00+00:00,57.93,57.96,57.93,57.96,6116.0,real_delta_india
2026-08-08T10:00:00+00:00,57.96,57.96,57.93,57.96,381.0,real_delta_india
2026-08-08T10:15:00+00:00,57.93,57.96,57.93,57.93,353.0,real_delta_india
2026-08-08T10:30:00+00:00,57.92,57.92,57.87,57.89,1270.0,real_delta_india
2026-08-08T10:45:00+00:00,57.88,57.91,57.88,57.91,347.0,real_delta_india
2026-08-08T11:00:00+00:00,57.88,57.91,57.86,57.9,161.0,real_delta_india
2026-08-08T11:15:00+00:00,57.91,57.92,57.89,57.92,47.0,real_delta_india
2026-08-08T11:30:00+00:00,57.92,57.92,57.89,57.89,2738.0,real_delta_india
2026-08-08T11:45:00+00:00,57.92,57.92,57.89,57.92,487.0,real_delta_india
2026-08-08T12:00:00+00:00,57.89,57.92,57.89,57.89,837.0,real_delta_india
2026-08-08T12:15:00+00:00,57.89,57.91,57.87,57.91,3954.0,real_delta_india
2026-08-08T12:30:00+00:00,57.88,57.92,57.88,57.89,594.0,real_delta_india
2026-08-08T12:45:00+00:00,57.92,57.92,57.89,57.92,309.0,real_delta_india
2026-08-08T13:00:00+00:00,57.89,57.92,57.89,57.89,1960.0,real_delta_india
2026-08-08T13:15:00+00:00,57.92,57.92,57.87,57.9,1405.0,real_delta_india
2026-08-08T13:30:00+00:00,57.87,57.9,57.86,57.86,5954.0,real_delta_india
2026-08-08T13:45:00+00:00,57.9,57.91,57.87,57.91,684.0,real_delta_india
2026-08-08T14:00:00+00:00,57.89,57.92,57.87,57.87,197.0,real_delta_india
2026-08-08T14:15:00+00:00,57.87,57.9,57.87,57.89,1340.0,real_delta_india
2026-08-08T14:30:00+00:00,57.89,57.91,57.87,57.87,625.0,real_delta_india
2026-08-08T14:45:00+00:00,57.9,57.92,57.86,57.91,3685.0,real_delta_india
2026-08-08T15:00:00+00:00,57.91,57.91,57.87,57.87,1026.0,real_delta_india
2026-08-08T15:15:00+00:00,57.88,57.91,57.88,57.91,1384.0,real_delta_india
2026-08-08T15:30:00+00:00,57.91,57.91,57.86,57.86,377.0,real_delta_india
2026-08-08T15:45:00+00:00,57.89,57.9,57.86,57.9,145.0,real_delta_india
2026-08-08T16:00:00+00:00,57.91,57.91,57.87,57.9,6296.0,real_delta_india
2026-08-08T16:15:00+00:00,57.87,57.93,57.86,57.86,11905.0,real_delta_india
2026-08-08T16:30:00+00:00,57.89,57.9,57.86,57.9,3490.0,real_delta_india
2026-08-08T16:45:00+00:00,57.9,57.91,57.87,57.88,527.0,real_delta_india
2026-08-08T17:00:00+00:00,57.88,57.91,57.85,57.88,2146.0,real_delta_india
2026-08-08T17:15:00+00:00,57.87,57.9,57.87,57.87,137.0,real_delta_india
2026-08-08T17:30:00+00:00,57.86,57.89,57.86,57.86,381.0,real_delta_india
2026-08-08T17:45:00+00:00,57.89,57.89,57.85,57.85,1436.0,real_delta_india
2026-08-08T18:00:00+00:00,57.88,57.91,57.86,57.86,1316.0,real_delta_india
2026-08-08T18:15:00+00:00,57.86,57.88,57.85,57.86,2551.0,real_delta_india
2026-08-08T18:30:00+00:00,57.9,57.91,57.87,57.87,84.0,real_delta_india
2026-08-08T18:45:00+00:00,57.87,57.91,57.87,57.91,923.0,real_delta_india
2026-08-08T19:00:00+00:00,57.91,57.91,57.91,57.91,33.0,real_delta_india
2026-08-08T19:15:00+00:00,57.91,57.91,57.9,57.9,2.0,real_delta_india
2026-08-08T19:30:00+00:00,57.9,57.9,57.9,57.9,16.0,real_delta_india
2026-08-08T19:45:00+00:00,57.9,57.9,57.88,57.88,12.0,real_delta_india
2026-08-08T20:00:00+00:00,57.9,57.9,57.87,57.9,634.0,real_delta_india
2026-08-08T20:15:00+00:00,57.9,57.9,57.9,57.9,109.0,real_delta_india
2026-08-08T20:30:00+00:00,57.9,57.9,57.87,57.87,1043.0,real_delta_india
2026-08-08T20:45:00+00:00,57.89,57.89,57.89,57.89,15.0,real_delta_india
2026-08-08T21:00:00+00:00,57.89,57.89,57.86,57.88,6608.0,real_delta_india
2026-08-08T21:15:00+00:00,57.85,57.85,57.85,57.85,10.0,real_delta_india
2026-08-08T21:30:00+00:00,57.85,57.88,57.85,57.88,1604.0,real_delta_india
2026-08-08T21:45:00+00:00,57.84,57.87,57.84,57.84,445.0,real_delta_india
2026-08-08T22:00:00+00:00,57.9,57.92,57.87,57.92,299.0,real_delta_india
2026-08-08T22:15:00+00:00,57.92,57.92,57.92,57.92,0.0,real_delta_india
2026-08-08T22:30:00+00:00,57.91,57.92,57.9,57.9,29.0,real_delta_india
2026-08-08T22:45:00+00:00,57.9,57.9,57.9,57.9,0.0,real_delta_india
2026-08-08T23:00:00+00:00,57.93,57.93,57.93,57.93,33.0,real_delta_india
2026-08-08T23:15:00+00:00,57.94,57.99,57.94,57.99,3821.0,real_delta_india
2026-08-08T23:30:00+00:00,57.99,57.99,57.99,57.99,5.0,real_delta_india
2026-08-08T23:45:00+00:00,57.98,57.98,57.98,57.98,80.0,real_delta_india
2026-08-09T00:00:00+00:00,57.94,57.94,57.94,57.94,100.0,real_delta_india
2026-08-09T00:15:00+00:00,57.93,57.94,57.91,57.93,83.0,real_delta_india
2026-08-09T00:30:00+00:00,57.93,57.93,57.9,57.9,130.0,real_delta_india
2026-08-09T00:45:00+00:00,57.9,57.9,57.9,57.9,100.0,real_delta_india
2026-08-09T01:00:00+00:00,57.92,57.93,57.9,57.93,1930.0,real_delta_india
2026-08-09T01:15:00+00:00,57.93,57.93,57.9,57.9,66.0,real_delta_india
2026-08-09T01:30:00+00:00,57.9,57.92,57.89,57.92,560.0,real_delta_india
2026-08-09T01:45:00+00:00,57.89,57.89,57.89,57.89,1.0,real_delta_india
2026-08-09T02:00:00+00:00,57.92,57.92,57.89,57.92,570.0,real_delta_india
2026-08-09T02:15:00+00:00,57.92,57.92,57.9,57.9,284.0,real_delta_india
2026-08-09T02:30:00+00:00,57.9,57.91,57.9,57.91,7.0,real_delta_india
2026-08-09T02:45:00+00:00,57.91,57.91,57.88,57.91,451.0,real_delta_india
2026-08-09T03:00:00+00:00,57.88,57.91,57.88,57.91,50.0,real_delta_india
2026-08-09T03:15:00+00:00,57.9,57.91,57.89,57.91,147.0,real_delta_india
2026-08-09T03:30:00+00:00,57.91,57.91,57.89,57.91,544.0,real_delta_india
2026-08-09T03:45:00+00:00,57.9,57.91,57.89,57.89,722.0,real_delta_india
2026-08-09T04:00:00+00:00,57.92,57.92,57.89,57.89,655.0,real_delta_india
2026-08-09T04:15:00+00:00,57.92,57.92,57.89,57.89,1445.0,real_delta_india
2026-08-09T04:30:00+00:00,57.93,57.94,57.91,57.94,186.0,real_delta_india
2026-08-09T04:45:00+00:00,57.94,57.94,57.91,57.91,821.0,real_delta_india
2026-08-09T05:00:00+00:00,57.91,57.94,57.91,57.93,358.0,real_delta_india
2026-08-09T05:15:00+00:00,57.93,57.93,57.9,57.9,167.0,real_delta_india
2026-08-09T05:30:00+00:00,57.93,57.93,57.9,57.9,22.0,real_delta_india
2026-08-09T05:45:00+00:00,57.9,57.9,57.9,57.9,0.0,real_delta_india
2026-08-09T06:00:00+00:00,57.93,57.93,57.9,57.93,2303.0,real_delta_india
2026-08-09T06:15:00+00:00,57.93,57.93,57.93,57.93,255.0,real_delta_india
2026-08-09T06:30:00+00:00,57.93,57.95,57.92,57.95,1368.0,real_delta_india
2026-08-09T06:45:00+00:00,57.95,57.95,57.87,57.89,16924.0,real_delta_india
2026-08-09T07:00:00+00:00,57.92,57.92,57.89,57.92,306.0,real_delta_india
2026-08-09T07:15:00+00:00,57.92,57.92,57.89,57.92,330.0,real_delta_india
2026-08-09T07:30:00+00:00,57.93,57.94,57.89,57.94,1662.0,real_delta_india
2026-08-09T07:45:00+00:00,57.92,57.95,57.91,57.95,2368.0,real_delta_india
2026-08-09T08:00:00+00:00,57.92,57.98,57.9,57.9,683.0,real_delta_india
2026-08-09T08:15:00+00:00,57.93,57.93,57.89,57.89,756.0,real_delta_india
2026-08-09T08:30:00+00:00,57.92,57.93,57.89,57.93,197.0,real_delta_india
2026-08-09T08:45:00+00:00,57.89,57.94,57.89,57.91,4.0,real_delta_india
2026-08-09T09:00:00+00:00,57.95,57.95,57.92,57.92,63.0,real_delta_india
2026-08-09T09:15:00+00:00,57.95,57.96,57.92,57.93,228.0,real_delta_india
2026-08-09T09:30:00+00:00,57.93,57.96,57.91,57.92,241.0,real_delta_india
2026-08-09T09:45:00+00:00,57.91,57.94,57.91,57.94,3511.0,real_delta_india
2026-08-09T10:00:00+00:00,57.91,57.92,57.88,57.89,1425.0,real_delta_india
2026-08-09T10:15:00+00:00,57.93,57.93,57.86,57.86,3880.0,real_delta_india
2026-08-09T10:30:00+00:00,57.86,57.88,57.84,57.87,1388.0,real_delta_india
2026-08-09T10:45:00+00:00,57.87,57.88,57.85,57.88,211.0,real_delta_india
2026-08-09T11:00:00+00:00,57.86,57.92,57.86,57.92,367.0,real_delta_india
2026-08-09T11:15:00+00:00,57.89,57.95,57.89,57.89,1615.0,real_delta_india
2026-08-09T11:30:00+00:00,57.89,57.92,57.89,57.89,482.0,real_delta_india
2026-08-09T11:45:00+00:00,57.92,57.93,57.9,57.9,2841.0,real_delta_india
2026-08-09T12:00:00+00:00,57.91,57.94,57.9,57.9,1912.0,real_delta_india
2026-08-09T12:15:00+00:00,57.89,57.92,57.89,57.9,18.0,real_delta_india
2026-08-09T12:30:00+00:00,57.89,57.92,57.89,57.89,2060.0,real_delta_india
2026-08-09T12:45:00+00:00,57.92,57.92,57.89,57.92,2254.0,real_delta_india
2026-08-09T13:00:00+00:00,57.91,57.92,57.9,57.9,112.0,real_delta_india
2026-08-09T13:15:00+00:00,57.93,57.96,57.9,57.93,1145.0,real_delta_india
2026-08-09T13:30:00+00:00,57.94,57.96,57.93,57.96,1999.0,real_delta_india
2026-08-09T13:45:00+00:00,57.95,57.97,57.95,57.97,35.0,real_delta_india
2026-08-09T14:00:00+00:00,57.97,57.97,57.95,57.95,2269.0,real_delta_india
2026-08-09T14:15:00+00:00,57.95,57.97,57.95,57.97,654.0,real_delta_india
2026-08-09T14:30:00+00:00,57.96,58.0,57.96,57.97,2051.0,real_delta_india
2026-08-09T14:45:00+00:00,57.99,58.0,57.97,57.99,457.0,real_delta_india
2026-08-09T15:00:00+00:00,58.0,58.02,57.97,57.99,6550.0,real_delta_india
2026-08-09T15:15:00+00:00,57.99,58.13,57.99,58.12,11480.0,real_delta_india
2026-08-09T15:30:00+00:00,58.12,58.13,58.06,58.06,1647.0,real_delta_india
2026-08-09T15:45:00+00:00,58.05,58.1,58.01,58.08,5614.0,real_delta_india
2026-08-09T16:00:00+00:00,58.11,58.14,58.04,58.08,5312.0,real_delta_india
2026-08-09T16:15:00+00:00,58.05,58.08,58.02,58.05,1350.0,real_delta_india
2026-08-09T16:30:00+00:00,58.02,58.06,58.0,58.02,1665.0,real_delta_india
2026-08-09T16:45:00+00:00,58.02,58.02,57.91,57.95,7342.0,real_delta_india
2026-08-09T17:00:00+00:00,57.95,57.96,57.92,57.96,2647.0,real_delta_india
2026-08-09T17:15:00+00:00,58.04,58.04,57.94,57.97,3653.0,real_delta_india
2026-08-09T17:30:00+00:00,57.94,58.02,57.94,58.02,1583.0,real_delta_india
2026-08-09T17:45:00+00:00,57.99,58.01,57.98,57.98,287.0,real_delta_india
2026-08-09T18:00:00+00:00,58.0,58.03,57.99,57.99,1306.0,real_delta_india
2026-08-09T18:15:00+00:00,57.99,58.02,57.99,58.02,361.0,real_delta_india
2026-08-09T18:30:00+00:00,58.01,58.04,58.01,58.03,115.0,real_delta_india
2026-08-09T18:45:00+00:00,58.03,58.03,57.95,57.98,436.0,real_delta_india
2026-08-09T19:00:00+00:00,57.96,58.01,57.93,58.01,886.0,real_delta_india
2026-08-09T19:15:00+00:00,58.01,58.03,58.0,58.0,291.0,real_delta_india
2026-08-09T19:30:00+00:00,57.98,57.98,57.98,57.98,227.0,real_delta_india
2026-08-09T19:45:00+00:00,57.97,58.03,57.97,58.03,357.0,real_delta_india
2026-08-09T20:00:00+00:00,58.03,58.03,58.03,58.03,0.0,real_delta_india
2026-08-09T20:15:00+00:00,58.0,58.05,58.0,58.0,3724.0,real_delta_india
2026-08-09T20:30:00+00:00,58.03,58.06,58.03,58.06,432.0,real_delta_india
2026-08-09T20:45:00+00:00,58.02,58.02,57.91,57.96,13009.0,real_delta_india
2026-08-09T21:00:00+00:00,57.96,57.96,57.72,57.72,19120.0,real_delta_india
2026-08-09T21:15:00+00:00,57.8,57.85,57.65,57.65,5277.0,real_delta_india
2026-08-09T21:30:00+00:00,57.73,57.78,57.66,57.66,183.0,real_delta_india
2026-08-09T21:45:00+00:00,57.7,57.7,57.59,57.62,1996.0,real_delta_india
2026-08-09T22:00:00+00:00,57.83,57.96,57.56,57.92,4519.0,real_delta_india
2026-08-09T22:15:00+00:00,57.82,57.84,57.73,57.75,1586.0,real_delta_india
2026-08-09T22:30:00+00:00,57.84,57.84,57.77,57.8,858.0,real_delta_india
2026-08-09T22:45:00+00:00,57.77,57.84,57.77,57.77,1589.0,real_delta_india
2026-08-09T23:00:00+00:00,57.94,58.0,57.94,58.0,301.0,real_delta_india
2026-08-09T23:15:00+00:00,57.95,58.05,57.92,58.05,2449.0,real_delta_india
2026-08-09T23:30:00+00:00,58.02,58.02,57.8,57.85,943.0,real_delta_india
2026-08-09T23:45:00+00:00,57.86,57.86,57.66,57.66,1718.0,real_delta_india
2026-08-10T00:00:00+00:00,57.67,58.1,57.67,58.1,4768.0,real_delta_india
2026-08-10T00:15:00+00:00,58.06,58.14,57.79,57.79,5982.0,real_delta_india
2026-08-10T00:30:00+00:00,57.8,57.83,57.64,57.68,3159.0,real_delta_india
2026-08-10T00:45:00+00:00,57.71,57.71,57.5,57.6,9400.0,real_delta_india
2026-08-10T01:00:00+00:00,57.5,57.81,57.22,57.39,50769.0,real_delta_india
2026-08-10T01:15:00+00:00,57.44,57.58,57.25,57.25,11091.0,real_delta_india
2026-08-10T01:30:00+00:00,57.22,57.45,57.2,57.45,14570.0,real_delta_india
2026-08-10T01:45:00+00:00,57.48,57.64,57.44,57.6,12043.0,real_delta_india
2026-08-10T02:00:00+00:00,57.6,57.76,57.54,57.72,6655.0,real_delta_india
2026-08-10T02:15:00+00:00,57.69,57.81,57.69,57.79,5031.0,real_delta_india
2026-08-10T02:30:00+00:00,57.79,57.79,57.61,57.63,10876.0,real_delta_india
2026-08-10T02:45:00+00:00,57.6,57.62,57.48,57.53,7373.0,real_delta_india
2026-08-10T03:00:00+00:00,57.53,57.56,57.44,57.51,15720.0,real_delta_india
2026-08-10T03:15:00+00:00,57.52,57.67,57.49,57.65,2830.0,real_delta_india
2026-08-10T03:30:00+00:00,57.66,57.82,57.64,57.75,3483.0,real_delta_india
2026-08-10T03:45:00+00:00,57.73,57.79,57.72,57.73,1574.0,real_delta_india
2026-08-10T04:00:00+00:00,57.76,57.94,57.7,57.94,7546.0,real_delta_india
2026-08-10T04:15:00+00:00,57.92,58.03,57.87,57.94,14547.0,real_delta_india
2026-08-10T04:30:00+00:00,57.91,58.03,57.87,57.9,13033.0,real_delta_india
2026-08-10T04:45:00+00:00,57.93,58.01,57.9,57.96,8970.0,real_delta_india
2026-08-10T05:00:00+00:00,57.97,57.99,57.87,57.9,10564.0,real_delta_india
2026-08-10T05:15:00+00:00,57.91,57.94,57.84,57.85,4463.0,real_delta_india
2026-08-10T05:30:00+00:00,57.89,58.14,57.77,58.04,36556.0,real_delta_india
2026-08-10T05:45:00+00:00,58.09,58.41,58.03,58.25,33150.0,real_delta_india
2026-08-10T06:00:00+00:00,58.25,58.33,58.14,58.27,23856.0,real_delta_india
2026-08-10T06:15:00+00:00,58.29,58.35,58.14,58.23,13408.0,real_delta_india
2026-08-10T06:30:00+00:00,58.3,58.3,58.18,58.26,4925.0,real_delta_india
2026-08-10T06:45:00+00:00,58.29,58.35,58.24,58.35,7664.0,real_delta_india
2026-08-10T07:00:00+00:00,58.34,58.36,58.2,58.22,27503.0,real_delta_india
2026-08-10T07:15:00+00:00,58.25,58.48,58.19,58.39,16913.0,real_delta_india
2026-08-10T07:30:00+00:00,58.39,58.49,58.33,58.47,30149.0,real_delta_india
2026-08-10T07:45:00+00:00,58.47,58.5,58.33,58.4,28892.0,real_delta_india
2026-08-10T08:00:00+00:00,58.4,58.42,58.3,58.37,5981.0,real_delta_india
2026-08-10T08:15:00+00:00,58.37,58.45,58.32,58.41,18053.0,real_delta_india
2026-08-10T08:30:00+00:00,58.45,58.48,58.19,58.27,18697.0,real_delta_india
2026-08-10T08:45:00+00:00,58.26,58.3,58.17,58.29,33399.0,real_delta_india
2026-08-10T09:00:00+00:00,58.26,58.36,58.25,58.36,4606.0,real_delta_india
2026-08-10T09:15:00+00:00,58.31,58.34,58.27,58.31,3605.0,real_delta_india
2026-08-10T09:30:00+00:00,58.31,58.31,58.18,58.21,8304.0,real_delta_india
2026-08-10T09:45:00+00:00,58.22,58.26,58.17,58.2,2830.0,real_delta_india
2026-08-10T10:00:00+00:00,58.16,58.18,58.09,58.13,13394.0,real_delta_india
2026-08-10T10:15:00+00:00,58.1,58.17,58.06,58.17,13668.0,real_delta_india
2026-08-10T10:30:00+00:00,58.17,58.19,58.05,58.06,11092.0,real_delta_india
2026-08-10T10:45:00+00:00,58.09,58.15,58.01,58.03,16241.0,real_delta_india
2026-08-10T11:00:00+00:00,58.03,58.07,57.94,57.99,14379.0,real_delta_india
2026-08-10T11:15:00+00:00,58.0,58.16,57.93,58.16,20203.0,real_delta_india
2026-08-10T11:30:00+00:00,58.15,58.21,58.11,58.18,20561.0,real_delta_india
2026-08-10T11:45:00+00:00,58.17,58.2,58.06,58.17,11998.0,real_delta_india
2026-08-10T12:00:00+00:00,58.17,58.23,58.06,58.06,9394.0,real_delta_india
2026-08-10T12:15:00+00:00,58.06,58.1,57.88,57.96,17685.0,real_delta_india
2026-08-10T12:30:00+00:00,57.96,58.08,57.9,58.05,16198.0,real_delta_india
2026-08-10T12:45:00+00:00,58.03,58.09,57.98,57.99,25911.0,real_delta_india
2026-08-10T13:00:00+00:00,57.95,58.1,57.73,58.06,67901.0,real_delta_india
2026-08-10T13:15:00+00:00,58.03,58.13,57.98,58.05,30870.0,real_delta_india
2026-08-10T13:30:00+00:00,58.12,58.25,58.0,58.07,48948.0,real_delta_india
2026-08-10T13:45:00+00:00,58.09,58.09,57.77,57.78,36787.0,real_delta_india
2026-08-10T14:00:00+00:00,57.78,58.15,57.78,58.13,17448.0,real_delta_india
2026-08-10T14:15:00+00:00,58.06,58.65,58.05,58.59,35640.0,real_delta_india
2026-08-10T14:30:00+00:00,58.6,58.76,58.55,58.73,94575.0,real_delta_india
2026-08-10T14:45:00+00:00,58.73,58.9,58.61,58.77,67881.0,real_delta_india
2026-08-10T15:00:00+00:00,58.78,58.86,58.69,58.74,48635.0,real_delta_india
2026-08-10T15:15:00+00:00,58.74,58.78,58.56,58.59,70572.0,real_delta_india
2026-08-10T15:30:00+00:00,58.61,58.76,58.6,58.67,20509.0,real_delta_india
2026-08-10T15:45:00+00:00,58.67,59.14,58.67,59.03,64574.0,real_delta_india
2026-08-10T16:00:00+00:00,59.04,59.28,59.02,59.1,126326.0,real_delta_india
2026-08-10T16:15:00+00:00,59.1,59.21,59.06,59.15,32536.0,real_delta_india
2026-08-10T16:30:00+00:00,59.15,59.18,58.85,58.87,47450.0,real_delta_india
2026-08-10T16:45:00+00:00,58.87,58.93,58.8,58.91,52262.0,real_delta_india
2026-08-10T17:00:00+00:00,58.93,59.05,58.84,59.03,19986.0,real_delta_india
2026-08-10T17:15:00+00:00,59.04,59.15,59.0,59.09,24874.0,real_delta_india
2026-08-10T17:30:00+00:00,59.12,59.22,59.06,59.09,18434.0,real_delta_india
2026-08-10T17:45:00+00:00,59.07,59.19,59.02,59.08,22579.0,real_delta_india
2026-08-10T18:00:00+00:00,59.08,59.15,59.05,59.09,8599.0,real_delta_india
2026-08-10T18:15:00+00:00,59.05,59.11,59.01,59.07,4540.0,real_delta_india
2026-08-10T18:30:00+00:00,59.09,59.68,59.09,59.53,107908.0,real_delta_india
2026-08-10T18:45:00+00:00,59.5,59.58,59.39,59.53,17419.0,real_delta_india
2026-08-10T19:00:00+00:00,59.58,59.75,59.57,59.68,21532.0,real_delta_india
2026-08-10T19:15:00+00:00,59.68,59.95,59.67,59.86,50420.0,real_delta_india
2026-08-10T19:30:00+00:00,59.91,59.91,59.75,59.75,6564.0,real_delta_india
2026-08-10T19:45:00+00:00,59.76,59.96,59.61,59.66,17018.0,real_delta_india
2026-08-10T20:00:00+00:00,59.65,59.72,59.61,59.69,13937.0,real_delta_india
2026-08-10T20:15:00+00:00,59.69,59.76,59.61,59.73,5470.0,real_delta_india
2026-08-10T20:30:00+00:00,59.78,59.78,59.69,59.7,7350.0,real_delta_india
2026-08-10T20:45:00+00:00,59.69,59.7,59.65,59.7,3408.0,real_delta_india
2026-08-10T21:00:00+00:00,59.64,59.69,59.64,59.69,790.0,real_delta_india
2026-08-10T21:15:00+00:00,59.71,59.71,59.66,59.68,12583.0,real_delta_india
2026-08-10T21:30:00+00:00,59.68,59.71,59.66,59.71,2154.0,real_delta_india
2026-08-10T21:45:00+00:00,59.69,59.72,59.68,59.68,2721.0,real_delta_india
2026-08-10T22:00:00+00:00,59.64,59.7,59.64,59.7,2653.0,real_delta_india
2026-08-10T22:15:00+00:00,59.66,59.71,59.66,59.66,1516.0,real_delta_india
2026-08-10T22:30:00+00:00,59.68,59.74,59.66,59.74,458.0,real_delta_india
2026-08-10T22:45:00+00:00,59.74,59.83,59.74,59.81,5564.0,real_delta_india
2026-08-10T23:00:00+00:00,59.8,59.83,59.67,59.69,2191.0,real_delta_india
2026-08-10T23:15:00+00:00,59.68,59.69,59.64,59.65,707.0,real_delta_india
2026-08-10T23:30:00+00:00,59.68,59.72,59.61,59.69,2987.0,real_delta_india
2026-08-10T23:45:00+00:00,59.7,59.73,59.65,59.71,716.0,real_delta_india
2026-08-11T00:00:00+00:00,59.76,59.95,59.69,59.89,14083.0,real_delta_india
2026-08-11T00:15:00+00:00,59.86,60.13,59.86,60.12,19928.0,real_delta_india
2026-08-11T00:30:00+00:00,60.09,60.09,59.75,59.84,25917.0,real_delta_india
2026-08-11T00:45:00+00:00,59.9,59.96,59.64,59.73,18559.0,real_delta_india
2026-08-11T01:00:00+00:00,59.71,60.0,59.4,59.91,38658.0,real_delta_india
2026-08-11T01:15:00+00:00,59.93,59.99,59.76,59.9,52983.0,real_delta_india
2026-08-11T01:30:00+00:00,59.94,60.13,59.75,60.0,72663.0,real_delta_india
2026-08-11T01:45:00+00:00,59.97,60.36,59.95,60.23,58284.0,real_delta_india
2026-08-11T02:00:00+00:00,60.2,60.21,59.98,60.21,15678.0,real_delta_india
2026-08-11T02:15:00+00:00,60.21,60.22,60.1,60.19,11663.0,real_delta_india
2026-08-11T02:30:00+00:00,60.17,60.19,59.68,59.81,24665.0,real_delta_india
2026-08-11T02:45:00+00:00,59.82,59.82,59.51,59.61,27470.0,real_delta_india
2026-08-11T03:00:00+00:00,59.61,59.78,59.61,59.7,13951.0,real_delta_india
2026-08-11T03:15:00+00:00,59.71,59.79,59.68,59.74,10273.0,real_delta_india
2026-08-11T03:30:00+00:00,59.8,59.86,59.71,59.71,4946.0,real_delta_india
2026-08-11T03:45:00+00:00,59.71,59.79,59.7,59.7,2942.0,real_delta_india
2026-08-11T04:00:00+00:00,59.72,59.78,59.67,59.73,8083.0,real_delta_india
2026-08-11T04:15:00+00:00,59.73,59.74,59.61,59.66,10199.0,real_delta_india
2026-08-11T04:30:00+00:00,59.61,59.76,59.41,59.43,70767.0,real_delta_india
2026-08-11T04:45:00+00:00,59.42,59.5,59.3,59.5,34731.0,real_delta_india
2026-08-11T05:00:00+00:00,59.52,59.52,59.33,59.33,17234.0,real_delta_india
2026-08-11T05:15:00+00:00,59.36,59.36,59.07,59.1,53012.0,real_delta_india
2026-08-11T05:30:00+00:00,59.08,59.08,58.58,58.78,72609.0,real_delta_india
2026-08-11T05:45:00+00:00,58.72,58.81,58.57,58.81,36441.0,real_delta_india
2026-08-11T06:00:00+00:00,58.79,58.99,58.73,58.77,40992.0,real_delta_india
2026-08-11T06:15:00+00:00,58.71,58.83,58.42,58.45,46756.0,real_delta_india
2026-08-11T06:30:00+00:00,58.44,58.59,58.34,58.55,75200.0,real_delta_india
2026-08-11T06:45:00+00:00,58.5,58.63,58.47,58.55,19115.0,real_delta_india
2026-08-11T07:00:00+00:00,58.55,58.65,58.5,58.59,14137.0,real_delta_india
2026-08-11T07:15:00+00:00,58.59,58.61,58.43,58.5,13013.0,real_delta_india
2026-08-11T07:30:00+00:00,58.44,58.6,58.4,58.45,13925.0,real_delta_india
2026-08-11T07:45:00+00:00,58.43,58.53,58.41,58.49,6580.0,real_delta_india
2026-08-11T08:00:00+00:00,58.49,58.77,58.49,58.7,47406.0,real_delta_india
2026-08-11T08:15:00+00:00,58.68,58.76,58.6,58.72,13684.0,real_delta_india
2026-08-11T08:30:00+00:00,58.71,58.89,58.7,58.84,21495.0,real_delta_india
2026-08-11T08:45:00+00:00,58.9,58.93,58.71,58.71,17468.0,real_delta_india
2026-08-11T09:00:00+00:00,58.72,58.84,58.66,58.79,16366.0,real_delta_india
2026-08-11T09:15:00+00:00,58.84,58.92,58.83,58.84,12003.0,real_delta_india
2026-08-11T09:30:00+00:00,58.83,58.93,58.83,58.87,5536.0,real_delta_india
2026-08-11T09:45:00+00:00,58.85,58.98,58.85,58.94,10597.0,real_delta_india
2026-08-11T10:00:00+00:00,58.93,58.99,58.84,58.9,18526.0,real_delta_india
2026-08-11T10:15:00+00:00,58.91,59.15,58.91,59.07,34536.0,real_delta_india
2026-08-11T10:30:00+00:00,59.04,59.1,58.98,58.99,27006.0,real_delta_india
2026-08-11T10:45:00+00:00,59.0,59.12,59.0,59.12,15531.0,real_delta_india
2026-08-11T11:00:00+00:00,59.13,59.31,59.05,59.21,71950.0,real_delta_india
2026-08-11T11:15:00+00:00,59.24,59.29,59.13,59.24,18305.0,real_delta_india
2026-08-11T11:30:00+00:00,59.21,59.23,59.1,59.16,29046.0,real_delta_india
2026-08-11T11:45:00+00:00,59.18,59.24,59.16,59.2,5218.0,real_delta_india
2026-08-11T12:00:00+00:00,59.1,59.29,59.0,59.29,33308.0,real_delta_india
2026-08-11T12:15:00+00:00,59.25,59.27,58.9,58.95,61386.0,real_delta_india
2026-08-11T12:30:00+00:00,58.98,59.06,58.83,59.06,65551.0,real_delta_india
2026-08-11T12:45:00+00:00,59.09,59.11,58.85,58.88,33238.0,real_delta_india
2026-08-11T13:00:00+00:00,58.9,59.13,58.89,58.91,25665.0,real_delta_india
2026-08-11T13:15:00+00:00,58.87,59.07,58.83,58.95,35957.0,real_delta_india
2026-08-11T13:30:00+00:00,58.95,59.19,58.72,59.14,81960.0,real_delta_india
2026-08-11T13:45:00+00:00,59.14,59.25,58.8,58.86,32135.0,real_delta_india
2026-08-11T14:00:00+00:00,58.84,58.95,58.8,58.92,21629.0,real_delta_india
2026-08-11T14:15:00+00:00,58.92,59.02,58.8,58.88,33091.0,real_delta_india
2026-08-11T14:30:00+00:00,58.94,59.08,58.9,59.04,13482.0,real_delta_india
2026-08-11T14:45:00+00:00,59.08,59.1,58.99,58.99,11682.0,real_delta_india
2026-08-11T15:00:00+00:00,58.99,59.13,58.9,59.01,16515.0,real_delta_india
2026-08-11T15:15:00+00:00,58.94,58.98,58.79,58.87,12046.0,real_delta_india
2026-08-11T15:30:00+00:00,58.88,58.88,58.42,58.68,81111.0,real_delta_india
2026-08-11T15:45:00+00:00,58.65,58.95,58.64,58.93,36388.0,real_delta_india
2026-08-11T16:00:00+00:00,58.99,59.01,58.86,58.94,19516.0,real_delta_india
2026-08-11T16:15:00+00:00,58.94,59.12,58.93,59.06,41555.0,real_delta_india
2026-08-11T16:30:00+00:00,59.02,59.07,58.93,58.93,19549.0,real_delta_india
2026-08-11T16:45:00+00:00,58.97,59.0,58.87,58.94,8364.0,real_delta_india
2026-08-11T17:00:00+00:00,58.92,59.0,58.81,58.81,12137.0,real_delta_india
2026-08-11T17:15:00+00:00,58.82,58.94,58.75,58.78,10644.0,real_delta_india
2026-08-11T17:30:00+00:00,58.78,58.82,58.7,58.81,13301.0,real_delta_india
2026-08-11T17:45:00+00:00,58.81,58.87,58.59,58.61,23364.0,real_delta_india
2026-08-11T18:00:00+00:00,58.6,58.66,58.42,58.5,41087.0,real_delta_india
2026-08-11T18:15:00+00:00,58.49,58.62,58.45,58.5,16913.0,real_delta_india
2026-08-11T18:30:00+00:00,58.46,58.74,58.46,58.72,10406.0,real_delta_india
2026-08-11T18:45:00+00:00,58.7,58.76,58.69,58.69,1299.0,real_delta_india
2026-08-11T19:00:00+00:00,58.69,58.72,58.56,58.57,8273.0,real_delta_india
2026-08-11T19:15:00+00:00,58.57,58.72,58.55,58.72,2690.0,real_delta_india
2026-08-11T19:30:00+00:00,58.73,58.81,58.68,58.7,7445.0,real_delta_india
2026-08-11T19:45:00+00:00,58.66,58.82,58.66,58.8,3187.0,real_delta_india
2026-08-11T20:00:00+00:00,58.72,58.77,58.7,58.72,2151.0,real_delta_india
2026-08-11T20:15:00+00:00,58.67,58.74,58.66,58.69,1450.0,real_delta_india
2026-08-11T20:30:00+00:00,58.71,58.76,58.7,58.7,36207.0,real_delta_india
2026-08-11T20:45:00+00:00,58.73,58.75,58.69,58.71,3005.0,real_delta_india
2026-08-11T21:00:00+00:00,58.75,58.76,58.72,58.76,120.0,real_delta_india
2026-08-11T21:15:00+00:00,58.74,58.74,58.73,58.73,269.0,real_delta_india
2026-08-11T21:30:00+00:00,58.72,58.75,58.72,58.75,221.0,real_delta_india
2026-08-11T21:45:00+00:00,58.68,58.72,58.68,58.72,280.0,real_delta_india
2026-08-11T22:00:00+00:00,58.74,58.83,58.74,58.83,1273.0,real_delta_india
2026-08-11T22:15:00+00:00,58.83,58.9,58.83,58.9,4559.0,real_delta_india
2026-08-11T22:30:00+00:00,58.87,58.89,58.85,58.85,2150.0,real_delta_india
2026-08-11T22:45:00+00:00,58.87,58.87,58.8,58.83,1127.0,real_delta_india
2026-08-11T23:00:00+00:00,58.77,58.82,58.77,58.81,732.0,real_delta_india
2026-08-11T23:15:00+00:00,58.8,58.84,58.75,58.82,1151.0,real_delta_india
2026-08-11T23:30:00+00:00,58.81,58.81,58.72,58.77,4458.0,real_delta_india
2026-08-11T23:45:00+00:00,58.73,58.79,58.73,58.79,929.0,real_delta_india
2026-08-12T00:00:00+00:00,58.75,58.91,58.74,58.91,3159.0,real_delta_india
2026-08-12T00:15:00+00:00,58.89,58.97,58.82,58.93,8523.0,real_delta_india
2026-08-12T00:30:00+00:00,58.97,59.02,58.87,58.91,8423.0,real_delta_india
2026-08-12T00:45:00+00:00,58.91,58.94,58.83,58.91,4772.0,real_delta_india
2026-08-12T01:00:00+00:00,58.95,59.16,58.9,59.14,16113.0,real_delta_india
2026-08-12T01:15:00+00:00,59.1,59.12,58.95,59.0,4643.0,real_delta_india
2026-08-12T01:30:00+00:00,58.98,59.03,58.85,59.01,8072.0,real_delta_india
2026-08-12T01:45:00+00:00,59.01,59.09,58.91,59.06,1788.0,real_delta_india
2026-08-12T02:00:00+00:00,59.05,59.09,59.03,59.06,1301.0,real_delta_india
2026-08-12T02:15:00+00:00,59.03,59.19,59.01,59.09,9974.0,real_delta_india
2026-08-12T02:30:00+00:00,59.06,59.5,59.01,59.34,20622.0,real_delta_india
2026-08-12T02:45:00+00:00,59.31,59.45,59.29,59.36,22269.0,real_delta_india
2026-08-12T03:00:00+00:00,59.4,59.67,59.35,59.57,32491.0,real_delta_india
2026-08-12T03:15:00+00:00,59.53,59.54,59.4,59.41,25254.0,real_delta_india
2026-08-12T03:30:00+00:00,59.4,59.43,59.35,59.37,10304.0,real_delta_india
2026-08-12T03:45:00+00:00,59.4,59.4,59.29,59.3,11294.0,real_delta_india
2026-08-12T04:00:00+00:00,59.3,59.3,59.14,59.16,9415.0,real_delta_india
2026-08-12T04:15:00+00:00,59.15,59.2,59.08,59.19,24693.0,real_delta_india
2026-08-12T04:30:00+00:00,59.18,59.27,59.15,59.27,12589.0,real_delta_india
2026-08-12T04:45:00+00:00,59.25,59.34,59.22,59.29,8435.0,real_delta_india
2026-08-12T05:00:00+00:00,59.3,59.33,59.18,59.18,19830.0,real_delta_india
2026-08-12T05:15:00+00:00,59.16,59.18,59.02,59.11,9410.0,real_delta_india
2026-08-12T05:30:00+00:00,59.09,59.24,58.95,59.13,28664.0,real_delta_india
2026-08-12T05:45:00+00:00,59.06,59.26,59.03,59.24,6755.0,real_delta_india
2026-08-12T06:00:00+00:00,59.23,59.23,59.11,59.2,9797.0,real_delta_india
2026-08-12T06:15:00+00:00,59.2,59.36,59.2,59.31,12502.0,real_delta_india
2026-08-12T06:30:00+00:00,59.33,59.71,59.28,59.6,36857.0,real_delta_india
2026-08-12T06:45:00+00:00,59.65,59.91,59.65,59.81,66837.0,real_delta_india
2026-08-12T07:00:00+00:00,59.85,59.94,59.73,59.86,55558.0,real_delta_india
2026-08-12T07:15:00+00:00,59.8,59.9,59.72,59.86,12424.0,real_delta_india
2026-08-12T07:30:00+00:00,59.8,59.94,59.78,59.85,26296.0,real_delta_india
2026-08-12T07:45:00+00:00,59.89,60.04,59.84,59.96,24111.0,real_delta_india
2026-08-12T08:00:00+00:00,59.91,60.04,59.89,59.98,25188.0,real_delta_india
2026-08-12T08:15:00+00:00,59.94,60.13,59.9,60.13,23917.0,real_delta_india
2026-08-12T08:30:00+00:00,60.15,60.18,60.06,60.1,28170.0,real_delta_india
2026-08-12T08:45:00+00:00,60.03,60.1,59.98,60.03,25622.0,real_delta_india
2026-08-12T09:00:00+00:00,60.04,60.4,60.0,60.38,65387.0,real_delta_india
2026-08-12T09:15:00+00:00,60.38,60.62,60.32,60.34,101051.0,real_delta_india
2026-08-12T09:30:00+00:00,60.34,60.37,60.26,60.27,28215.0,real_delta_india
2026-08-12T09:45:00+00:00,60.27,60.34,60.19,60.29,44433.0,real_delta_india
2026-08-12T10:00:00+00:00,60.28,60.29,60.2,60.25,36889.0,real_delta_india
2026-08-12T10:15:00+00:00,60.21,60.29,60.21,60.26,10123.0,real_delta_india
2026-08-12T10:30:00+00:00,60.22,60.25,60.15,60.15,12723.0,real_delta_india
2026-08-12T10:45:00+00:00,60.15,60.19,59.97,60.16,46371.0,real_delta_india
2026-08-12T11:00:00+00:00,60.15,60.2,60.02,60.15,44908.0,real_delta_india
2026-08-12T11:15:00+00:00,60.11,60.26,60.06,60.24,11207.0,real_delta_india
2026-08-12T11:30:00+00:00,60.23,60.26,60.12,60.17,28034.0,real_delta_india
2026-08-12T11:45:00+00:00,60.19,60.21,60.14,60.17,8116.0,real_delta_india
2026-08-12T12:00:00+00:00,60.17,60.17,59.95,59.98,56334.0,real_delta_india
2026-08-12T12:15:00+00:00,60.0,60.37,59.82,60.32,72199.0,real_delta_india
2026-08-12T12:30:00+00:00,60.37,60.72,59.63,60.37,186950.0,real_delta_india
2026-08-12T12:45:00+00:00,60.3,60.38,60.05,60.32,47573.0,real_delta_india
2026-08-12T13:00:00+00:00,60.38,60.42,59.93,59.95,59093.0,real_delta_india
2026-08-12T13:15:00+00:00,59.93,60.12,59.7,59.78,61493.0,real_delta_india
2026-08-12T13:30:00+00:00,59.75,59.81,59.55,59.66,61175.0,real_delta_india
2026-08-12T13:45:00+00:00,59.74,60.1,59.74,60.0,57201.0,real_delta_india
2026-08-12T14:00:00+00:00,60.03,60.17,59.83,60.1,65047.0,real_delta_india
2026-08-12T14:15:00+00:00,60.13,60.18,59.95,59.98,22659.0,real_delta_india
2026-08-12T14:30:00+00:00,60.08,60.1,59.78,60.1,24603.0,real_delta_india
2026-08-12T14:45:00+00:00,60.06,60.12,59.74,59.74,31959.0,real_delta_india
2026-08-12T15:00:00+00:00,59.74,59.91,59.58,59.8,57183.0,real_delta_india
2026-08-12T15:15:00+00:00,59.85,59.85,59.65,59.7,37632.0,real_delta_india
2026-08-12T15:30:00+00:00,59.72,59.79,59.62,59.65,10202.0,real_delta_india
2026-08-12T15:45:00+00:00,59.67,59.76,59.43,59.71,42487.0,real_delta_india
2026-08-12T16:00:00+00:00,59.7,59.78,59.57,59.68,19650.0,real_delta_india
2026-08-12T16:15:00+00:00,59.72,59.76,59.52,59.57,10202.0,real_delta_india
2026-08-12T16:30:00+00:00,59.55,59.55,59.27,59.28,61767.0,real_delta_india
2026-08-12T16:45:00+00:00,59.27,59.33,59.07,59.22,57399.0,real_delta_india
2026-08-12T17:00:00+00:00,59.23,59.33,59.15,59.28,13734.0,real_delta_india
2026-08-12T17:15:00+00:00,59.28,59.5,59.24,59.48,33885.0,real_delta_india
2026-08-12T17:30:00+00:00,59.46,59.52,59.32,59.38,36711.0,real_delta_india
2026-08-12T17:45:00+00:00,59.34,59.45,59.31,59.31,3767.0,real_delta_india
2026-08-12T18:00:00+00:00,59.33,59.43,59.21,59.36,14196.0,real_delta_india
2026-08-12T18:15:00+00:00,59.39,59.51,59.36,59.43,18173.0,real_delta_india
2026-08-12T18:30:00+00:00,59.44,59.5,59.4,59.47,20244.0,real_delta_india
2026-08-12T18:45:00+00:00,59.5,59.55,59.42,59.43,3663.0,real_delta_india
2026-08-12T19:00:00+00:00,59.44,59.54,59.43,59.48,32263.0,real_delta_india
2026-08-12T19:15:00+00:00,59.46,59.53,59.38,59.4,14453.0,real_delta_india
2026-08-12T19:30:00+00:00,59.38,59.39,59.26,59.31,15124.0,real_delta_india
2026-08-12T19:45:00+00:00,59.28,59.32,59.22,59.32,492.0,real_delta_india
2026-08-12T20:00:00+00:00,59.33,59.34,59.23,59.27,3076.0,real_delta_india
2026-08-12T20:15:00+00:00,59.28,59.28,59.18,59.25,6761.0,real_delta_india
2026-08-12T20:30:00+00:00,59.23,59.28,59.2,59.25,997.0,real_delta_india
2026-08-12T20:45:00+00:00,59.25,59.31,59.22,59.31,2683.0,real_delta_india
2026-08-12T21:00:00+00:00,59.32,59.32,59.25,59.25,1279.0,real_delta_india
2026-08-12T21:15:00+00:00,59.28,59.29,59.25,59.25,184.0,real_delta_india
2026-08-12T21:30:00+00:00,59.25,59.31,59.24,59.31,664.0,real_delta_india
2026-08-12T21:45:00+00:00,59.29,59.29,59.25,59.28,1552.0,real_delta_india
2026-08-12T22:00:00+00:00,59.28,59.28,59.15,59.18,1372.0,real_delta_india
2026-08-12T22:15:00+00:00,59.14,59.15,59.05,59.08,2606.0,real_delta_india
2026-08-12T22:30:00+00:00,59.13,59.14,59.05,59.06,8061.0,real_delta_india
2026-08-12T22:45:00+00:00,59.05,59.1,59.03,59.09,3729.0,real_delta_india
2026-08-12T23:00:00+00:00,59.12,59.19,59.1,59.19,5203.0,real_delta_india
2026-08-12T23:15:00+00:00,59.21,59.24,59.19,59.21,2173.0,real_delta_india
2026-08-12T23:30:00+00:00,59.22,59.25,59.2,59.25,466.0,real_delta_india
2026-08-12T23:45:00+00:00,59.22,59.29,59.18,59.29,587.0,real_delta_india
2026-08-13T00:00:00+00:00,59.3,59.56,59.3,59.55,14454.0,real_delta_india
2026-08-13T00:15:00+00:00,59.57,59.96,59.57,59.79,38218.0,real_delta_india
2026-08-13T00:30:00+00:00,59.77,60.19,59.77,60.09,44983.0,real_delta_india
2026-08-13T00:45:00+00:00,59.98,60.1,59.65,59.67,25322.0,real_delta_india
2026-08-13T01:00:00+00:00,59.65,59.91,59.6,59.72,12306.0,real_delta_india
2026-08-13T01:15:00+00:00,59.72,59.84,59.53,59.56,15787.0,real_delta_india
2026-08-13T01:30:00+00:00,59.57,59.84,59.55,59.58,6494.0,real_delta_india
2026-08-13T01:45:00+00:00,59.58,59.58,59.3,59.39,17178.0,real_delta_india
2026-08-13T02:00:00+00:00,59.36,59.54,59.34,59.48,9901.0,real_delta_india
2026-08-13T02:15:00+00:00,59.46,59.54,59.45,59.46,4465.0,real_delta_india
2026-08-13T02:30:00+00:00,59.42,59.42,58.91,59.3,38333.0,real_delta_india
2026-08-13T02:45:00+00:00,59.3,59.4,59.26,59.39,11172.0,real_delta_india
2026-08-13T03:00:00+00:00,59.36,59.5,59.24,59.34,22726.0,real_delta_india
2026-08-13T03:15:00+00:00,59.38,59.44,59.33,59.38,17829.0,real_delta_india
2026-08-13T03:30:00+00:00,59.43,59.51,59.39,59.4,14888.0,real_delta_india
2026-08-13T03:45:00+00:00,59.35,59.42,59.22,59.29,13293.0,real_delta_india
2026-08-13T04:00:00+00:00,59.26,59.28,59.08,59.1,50970.0,real_delta_india
2026-08-13T04:15:00+00:00,59.12,59.27,59.1,59.23,17783.0,real_delta_india
2026-08-13T04:30:00+00:00,59.23,59.3,59.21,59.25,3360.0,real_delta_india
2026-08-13T04:45:00+00:00,59.23,59.33,59.23,59.33,7007.0,real_delta_india
2026-08-13T05:00:00+00:00,59.33,59.49,59.23,59.49,14665.0,real_delta_india
2026-08-13T05:15:00+00:00,59.49,59.56,59.36,59.56,26984.0,real_delta_india
2026-08-13T05:30:00+00:00,59.46,59.46,59.1,59.12,13674.0,real_delta_india
2026-08-13T05:45:00+00:00,59.12,59.17,58.93,59.0,35829.0,real_delta_india
2026-08-13T06:00:00+00:00,59.03,59.13,58.84,58.9,19969.0,real_delta_india
2026-08-13T06:15:00+00:00,58.93,59.01,58.88,58.91,25665.0,real_delta_india
2026-08-13T06:30:00+00:00,58.91,58.96,58.73,58.77,37729.0,real_delta_india
2026-08-13T06:45:00+00:00,58.76,58.88,58.76,58.86,17144.0,real_delta_india
2026-08-13T07:00:00+00:00,58.81,58.83,58.65,58.72,23564.0,real_delta_india
2026-08-13T07:15:00+00:00,58.72,58.75,58.65,58.67,8749.0,real_delta_india
2026-08-13T07:30:00+00:00,58.7,58.77,58.68,58.75,1464.0,real_delta_india
