timestamp,open,high,low,close,volume,source
2026-05-22T00:00:00+00:00,69.42,69.57,69.21,69.23,2792.0,real_delta_india
2026-05-22T01:00:00+00:00,69.1,69.46,68.99,69.46,3644.0,real_delta_india
2026-05-22T02:00:00+00:00,69.44,69.44,68.91,69.18,6743.0,real_delta_india
2026-05-22T03:00:00+00:00,69.23,69.35,69.04,69.3,2278.0,real_delta_india
2026-05-22T04:00:00+00:00,69.29,69.6,69.29,69.6,4150.0,real_delta_india
2026-05-22T05:00:00+00:00,69.6,69.85,68.77,69.09,15612.0,real_delta_india
2026-05-22T06:00:00+00:00,68.85,69.46,68.83,69.29,8898.0,real_delta_india
2026-05-22T07:00:00+00:00,69.05,69.27,68.84,69.03,6944.0,real_delta_india
2026-05-22T08:00:00+00:00,68.95,69.22,68.67,68.95,6962.0,real_delta_india
2026-05-22T09:00:00+00:00,69.0,69.11,68.65,69.11,3753.0,real_delta_india
2026-05-22T10:00:00+00:00,69.11,69.2,68.64,68.81,4045.0,real_delta_india
2026-05-22T11:00:00+00:00,68.76,69.05,68.65,68.86,2204.0,real_delta_india
2026-05-22T12:00:00+00:00,68.8,69.38,68.6,69.05,8587.0,real_delta_india
2026-05-22T13:00:00+00:00,69.06,69.47,68.64,68.98,9186.0,real_delta_india
2026-05-22T14:00:00+00:00,68.86,68.91,68.13,68.52,23025.0,real_delta_india
2026-05-22T15:00:00+00:00,68.51,69.0,68.44,68.96,7769.0,real_delta_india
2026-05-22T16:00:00+00:00,68.79,69.24,68.77,68.86,6716.0,real_delta_india
2026-05-22T17:00:00+00:00,68.86,69.36,68.8,68.97,6820.0,real_delta_india
2026-05-22T18:00:00+00:00,69.12,69.12,68.7,68.75,10737.0,real_delta_india
2026-05-22T19:00:00+00:00,68.79,68.79,68.38,68.56,23045.0,real_delta_india
2026-05-22T20:00:00+00:00,68.52,68.7,68.45,68.51,295.0,real_delta_india
2026-05-22T21:00:00+00:00,68.63,68.73,68.51,68.72,401.0,real_delta_india
2026-05-22T22:00:00+00:00,68.52,68.63,68.43,68.55,132.0,real_delta_india
2026-05-22T23:00:00+00:00,68.43,68.49,68.43,68.43,274.0,real_delta_india
2026-05-23T00:00:00+00:00,68.44,68.62,68.43,68.62,632.0,real_delta_india
2026-05-23T01:00:00+00:00,68.45,68.62,68.35,68.62,1718.0,real_delta_india
2026-05-23T02:00:00+00:00,68.43,68.62,68.43,68.44,515.0,real_delta_india
2026-05-23T03:00:00+00:00,68.5,68.62,68.43,68.43,1967.0,real_delta_india
2026-05-23T04:00:00+00:00,68.39,68.62,68.34,68.35,2231.0,real_delta_india
2026-05-23T05:00:00+00:00,68.35,68.57,68.35,68.37,2592.0,real_delta_india
2026-05-23T06:00:00+00:00,68.49,68.52,68.32,68.48,2222.0,real_delta_india
2026-05-23T07:00:00+00:00,68.43,68.47,68.24,68.47,2680.0,real_delta_india
2026-05-23T08:00:00+00:00,68.47,68.53,68.2,68.42,4634.0,real_delta_india
2026-05-23T09:00:00+00:00,68.42,68.43,68.28,68.42,256.0,real_delta_india
2026-05-23T10:00:00+00:00,68.45,68.45,68.26,68.26,955.0,real_delta_india
2026-05-23T11:00:00+00:00,68.34,68.42,68.34,68.35,120.0,real_delta_india
2026-05-23T12:00:00+00:00,68.34,68.46,68.32,68.34,2152.0,real_delta_india
2026-05-23T13:00:00+00:00,68.33,68.46,68.33,68.34,731.0,real_delta_india
2026-05-23T14:00:00+00:00,68.43,68.77,68.36,68.7,6786.0,real_delta_india
2026-05-23T15:00:00+00:00,68.64,68.84,68.44,68.65,7192.0,real_delta_india
2026-05-23T16:00:00+00:00,68.65,68.74,68.44,68.44,933.0,real_delta_india
2026-05-23T17:00:00+00:00,68.64,68.64,68.44,68.48,1624.0,real_delta_india
2026-05-23T18:00:00+00:00,68.54,68.74,68.44,68.65,1358.0,real_delta_india
2026-05-23T19:00:00+00:00,68.53,68.75,68.53,68.53,106.0,real_delta_india
2026-05-23T20:00:00+00:00,69.12,69.46,69.11,69.46,3597.0,real_delta_india
2026-05-23T21:00:00+00:00,69.45,69.77,69.15,69.15,11365.0,real_delta_india
2026-05-23T22:00:00+00:00,69.03,69.25,68.87,68.94,2751.0,real_delta_india
2026-05-23T23:00:00+00:00,68.95,69.5,68.87,69.3,2400.0,real_delta_india
2026-05-24T00:00:00+00:00,69.41,69.57,69.3,69.3,3022.0,real_delta_india
2026-05-24T01:00:00+00:00,69.32,69.58,69.22,69.51,3610.0,real_delta_india
2026-05-24T02:00:00+00:00,69.38,69.58,69.26,69.58,1990.0,real_delta_india
2026-05-24T03:00:00+00:00,69.42,69.6,69.31,69.35,4148.0,real_delta_india
2026-05-24T04:00:00+00:00,69.35,69.58,69.34,69.5,882.0,real_delta_india
2026-05-24T05:00:00+00:00,69.4,69.57,69.35,69.36,1812.0,real_delta_india
2026-05-24T06:00:00+00:00,69.36,69.57,69.36,69.57,483.0,real_delta_india
2026-05-24T07:00:00+00:00,69.5,69.57,69.42,69.55,773.0,real_delta_india
2026-05-24T08:00:00+00:00,69.55,69.6,69.42,69.55,1699.0,real_delta_india
2026-05-24T09:00:00+00:00,69.53,69.61,69.4,69.57,2064.0,real_delta_india
2026-05-24T10:00:00+00:00,69.41,69.57,69.4,69.52,1622.0,real_delta_india
2026-05-24T11:00:00+00:00,69.5,69.55,69.39,69.45,4319.0,real_delta_india
2026-05-24T12:00:00+00:00,69.46,69.52,69.42,69.5,237.0,real_delta_india
2026-05-24T13:00:00+00:00,69.5,69.54,69.23,69.23,867.0,real_delta_india
2026-05-24T14:00:00+00:00,69.35,69.35,68.9,68.97,9661.0,real_delta_india
2026-05-24T15:00:00+00:00,68.97,69.15,68.92,68.93,5004.0,real_delta_india
2026-05-24T16:00:00+00:00,69.09,69.3,68.94,69.11,3091.0,real_delta_india
2026-05-24T17:00:00+00:00,69.29,69.41,69.22,69.39,1199.0,real_delta_india
2026-05-24T18:00:00+00:00,69.31,69.44,69.28,69.4,1024.0,real_delta_india
2026-05-24T19:00:00+00:00,69.35,69.38,69.17,69.36,1266.0,real_delta_india
2026-05-24T20:00:00+00:00,69.21,69.21,69.05,69.12,428.0,real_delta_india
2026-05-24T21:00:00+00:00,69.05,69.25,69.0,69.13,1331.0,real_delta_india
2026-05-24T22:00:00+00:00,69.38,70.88,69.38,70.61,21956.0,real_delta_india
2026-05-24T23:00:00+00:00,70.8,71.12,70.69,70.73,25399.0,real_delta_india
2026-05-25T00:00:00+00:00,70.93,70.99,70.38,70.45,12701.0,real_delta_india
2026-05-25T01:00:00+00:00,70.44,70.51,70.02,70.02,14736.0,real_delta_india
2026-05-25T02:00:00+00:00,70.02,70.17,69.82,69.96,3719.0,real_delta_india
2026-05-25T03:00:00+00:00,70.17,70.17,69.73,70.06,2410.0,real_delta_india
2026-05-25T04:00:00+00:00,69.95,70.48,69.9,70.11,7725.0,real_delta_india
2026-05-25T05:00:00+00:00,70.11,70.32,69.86,69.91,4749.0,real_delta_india
2026-05-25T06:00:00+00:00,69.91,70.05,69.69,70.0,3541.0,real_delta_india
2026-05-25T07:00:00+00:00,70.0,70.25,69.81,70.24,3800.0,real_delta_india
2026-05-25T08:00:00+00:00,70.24,70.44,69.9,70.17,2150.0,real_delta_india
2026-05-25T09:00:00+00:00,70.31,70.39,70.04,70.3,6278.0,real_delta_india
2026-05-25T10:00:00+00:00,70.2,70.73,70.19,70.48,5734.0,real_delta_india
2026-05-25T11:00:00+00:00,70.45,70.64,70.32,70.58,4142.0,real_delta_india
2026-05-25T12:00:00+00:00,70.34,70.46,70.03,70.22,21106.0,real_delta_india
2026-05-25T13:00:00+00:00,70.2,70.43,69.95,70.17,9103.0,real_delta_india
2026-05-25T14:00:00+00:00,70.26,70.65,70.25,70.55,9612.0,real_delta_india
2026-05-25T15:00:00+00:00,70.54,70.84,70.37,70.47,8765.0,real_delta_india
2026-05-25T16:00:00+00:00,70.48,70.6,70.18,70.6,2949.0,real_delta_india
2026-05-25T17:00:00+00:00,70.6,71.05,70.47,70.81,12424.0,real_delta_india
2026-05-25T18:00:00+00:00,70.6,70.83,70.54,70.8,3739.0,real_delta_india
2026-05-25T19:00:00+00:00,70.75,70.83,70.58,70.58,2239.0,real_delta_india
2026-05-25T20:00:00+00:00,70.58,70.64,70.07,70.55,3753.0,real_delta_india
2026-05-25T21:00:00+00:00,70.3,70.56,70.25,70.56,722.0,real_delta_india
2026-05-25T22:00:00+00:00,70.42,70.5,70.41,70.5,177.0,real_delta_india
2026-05-25T23:00:00+00:00,70.24,70.3,69.6,70.03,6699.0,real_delta_india
2026-05-26T00:00:00+00:00,70.25,70.37,70.05,70.27,5753.0,real_delta_india
2026-05-26T01:00:00+00:00,70.27,70.27,68.83,69.42,13549.0,real_delta_india
2026-05-26T02:00:00+00:00,69.17,69.72,69.17,69.48,13017.0,real_delta_india
2026-05-26T03:00:00+00:00,69.42,69.89,69.42,69.81,5218.0,real_delta_india
2026-05-26T04:00:00+00:00,69.81,69.81,69.37,69.43,9424.0,real_delta_india
2026-05-26T05:00:00+00:00,69.47,69.7,69.3,69.3,9234.0,real_delta_india
2026-05-26T06:00:00+00:00,69.35,69.5,69.2,69.49,8939.0,real_delta_india
2026-05-26T07:00:00+00:00,69.48,69.48,68.95,69.23,14177.0,real_delta_india
2026-05-26T08:00:00+00:00,69.23,69.38,68.75,68.96,13050.0,real_delta_india
2026-05-26T09:00:00+00:00,68.83,69.13,68.68,68.88,6931.0,real_delta_india
2026-05-26T10:00:00+00:00,68.88,69.54,68.77,69.44,8207.0,real_delta_india
2026-05-26T11:00:00+00:00,69.37,69.44,68.98,69.04,3645.0,real_delta_india
2026-05-26T12:00:00+00:00,69.04,69.28,68.66,69.23,26054.0,real_delta_india
2026-05-26T13:00:00+00:00,69.23,69.64,68.9,68.94,18040.0,real_delta_india
2026-05-26T14:00:00+00:00,69.06,69.45,68.92,68.92,30046.0,real_delta_india
2026-05-26T15:00:00+00:00,69.16,69.17,68.73,68.79,26640.0,real_delta_india
2026-05-26T16:00:00+00:00,68.64,69.7,68.57,69.08,6474.0,real_delta_india
2026-05-26T17:00:00+00:00,69.15,69.35,68.84,68.84,23429.0,real_delta_india
2026-05-26T18:00:00+00:00,68.85,69.41,68.67,69.33,7008.0,real_delta_india
2026-05-26T19:00:00+00:00,69.28,69.88,69.28,69.83,6493.0,real_delta_india
2026-05-26T20:00:00+00:00,69.88,70.02,69.78,69.82,6436.0,real_delta_india
2026-05-26T21:00:00+00:00,69.91,69.91,69.81,69.9,179.0,real_delta_india
2026-05-26T22:00:00+00:00,69.95,69.97,69.82,69.94,972.0,real_delta_india
2026-05-26T23:00:00+00:00,69.94,70.27,69.84,70.01,3122.0,real_delta_india
2026-05-27T00:00:00+00:00,70.15,70.43,70.02,70.02,3053.0,real_delta_india
2026-05-27T01:00:00+00:00,70.06,70.28,69.64,69.64,6082.0,real_delta_india
2026-05-27T02:00:00+00:00,69.71,69.82,69.48,69.75,5043.0,real_delta_india
2026-05-27T03:00:00+00:00,69.7,69.85,69.53,69.53,4835.0,real_delta_india
2026-05-27T04:00:00+00:00,69.52,69.87,69.47,69.85,19572.0,real_delta_india
2026-05-27T05:00:00+00:00,69.71,69.93,68.75,68.85,27274.0,real_delta_india
2026-05-27T06:00:00+00:00,68.91,68.99,68.05,68.15,50262.0,real_delta_india
2026-05-27T07:00:00+00:00,68.15,68.4,68.0,68.22,14172.0,real_delta_india
2026-05-27T08:00:00+00:00,68.22,68.69,68.16,68.69,10078.0,real_delta_india
2026-05-27T09:00:00+00:00,68.6,68.64,68.26,68.41,6497.0,real_delta_india
2026-05-27T10:00:00+00:00,68.46,68.6,67.37,67.59,24188.0,real_delta_india
2026-05-27T11:00:00+00:00,67.64,67.85,67.01,67.28,21970.0,real_delta_india
2026-05-27T12:00:00+00:00,67.21,68.41,67.17,67.85,34281.0,real_delta_india
2026-05-27T13:00:00+00:00,67.63,67.88,67.24,67.76,8867.0,real_delta_india
2026-05-27T14:00:00+00:00,67.83,68.15,67.53,67.54,5897.0,real_delta_india
2026-05-27T15:00:00+00:00,67.54,67.84,67.35,67.83,9598.0,real_delta_india
2026-05-27T16:00:00+00:00,67.98,68.05,67.71,67.81,11067.0,real_delta_india
2026-05-27T17:00:00+00:00,67.99,67.99,67.61,67.98,3701.0,real_delta_india
2026-05-27T18:00:00+00:00,67.9,68.19,67.66,67.92,5467.0,real_delta_india
2026-05-27T19:00:00+00:00,67.95,68.06,67.84,68.0,888.0,real_delta_india
2026-05-27T20:00:00+00:00,67.9,67.93,67.66,67.66,1044.0,real_delta_india
2026-05-27T21:00:00+00:00,67.66,67.88,67.61,67.66,3159.0,real_delta_india
2026-05-27T22:00:00+00:00,67.95,67.95,67.71,67.93,2105.0,real_delta_india
2026-05-27T23:00:00+00:00,67.8,67.8,67.43,67.44,4344.0,real_delta_india
2026-05-28T00:00:00+00:00,67.44,67.87,67.44,67.85,1745.0,real_delta_india
2026-05-28T01:00:00+00:00,67.85,67.89,66.52,66.62,16150.0,real_delta_india
2026-05-28T02:00:00+00:00,66.63,66.84,66.37,66.56,25477.0,real_delta_india
2026-05-28T03:00:00+00:00,66.55,66.58,65.2,65.64,41122.0,real_delta_india
2026-05-28T04:00:00+00:00,65.6,65.85,65.2,65.31,25137.0,real_delta_india
2026-05-28T05:00:00+00:00,65.38,66.7,65.22,66.27,31223.0,real_delta_india
2026-05-28T06:00:00+00:00,66.27,66.54,65.81,66.17,31052.0,real_delta_india
2026-05-28T07:00:00+00:00,66.24,66.78,66.24,66.66,7036.0,real_delta_india
2026-05-28T08:00:00+00:00,66.66,66.78,66.31,66.31,13312.0,real_delta_india
2026-05-28T09:00:00+00:00,66.31,66.88,66.05,66.63,9048.0,real_delta_india
2026-05-28T10:00:00+00:00,66.63,66.88,65.99,66.16,16307.0,real_delta_india
2026-05-28T11:00:00+00:00,66.2,66.45,66.01,66.25,5402.0,real_delta_india
2026-05-28T12:00:00+00:00,66.25,67.43,66.11,67.17,11151.0,real_delta_india
2026-05-28T13:00:00+00:00,67.18,67.42,66.46,66.46,10088.0,real_delta_india
2026-05-28T14:00:00+00:00,66.57,68.0,66.48,67.6,45845.0,real_delta_india
2026-05-28T15:00:00+00:00,67.82,68.25,67.66,68.23,27389.0,real_delta_india
2026-05-28T16:00:00+00:00,68.18,68.8,68.04,68.8,29681.0,real_delta_india
2026-05-28T17:00:00+00:00,68.67,68.93,68.5,68.85,35686.0,real_delta_india
2026-05-28T18:00:00+00:00,68.8,68.96,68.6,68.63,12576.0,real_delta_india
2026-05-28T19:00:00+00:00,68.65,68.73,68.58,68.58,937.0,real_delta_india
2026-05-28T20:00:00+00:00,68.73,68.91,68.5,68.77,1906.0,real_delta_india
2026-05-28T21:00:00+00:00,68.67,68.82,68.56,68.78,4569.0,real_delta_india
2026-05-28T22:00:00+00:00,68.77,68.92,68.5,68.73,573.0,real_delta_india
2026-05-28T23:00:00+00:00,68.67,68.84,68.62,68.65,1521.0,real_delta_india
2026-05-29T00:00:00+00:00,68.85,69.0,68.69,68.93,6256.0,real_delta_india
2026-05-29T01:00:00+00:00,68.68,69.37,68.58,69.0,13786.0,real_delta_india
2026-05-29T02:00:00+00:00,69.0,69.1,68.63,68.97,3634.0,real_delta_india
2026-05-29T03:00:00+00:00,68.78,68.8,68.48,68.52,4757.0,real_delta_india
2026-05-29T04:00:00+00:00,68.52,68.99,68.52,68.83,7317.0,real_delta_india
2026-05-29T05:00:00+00:00,68.83,68.95,68.44,68.55,5593.0,real_delta_india
2026-05-29T06:00:00+00:00,68.55,68.81,68.5,68.68,17081.0,real_delta_india
2026-05-29T07:00:00+00:00,68.8,68.85,68.2,68.34,7702.0,real_delta_india
2026-05-29T08:00:00+00:00,68.41,68.48,68.1,68.1,5394.0,real_delta_india
2026-05-29T09:00:00+00:00,68.1,68.7,68.1,68.7,10512.0,real_delta_india
2026-05-29T10:00:00+00:00,68.7,68.72,68.47,68.71,2075.0,real_delta_india
2026-05-29T11:00:00+00:00,68.71,68.74,68.43,68.54,3064.0,real_delta_india
2026-05-29T12:00:00+00:00,68.5,68.61,68.2,68.61,5755.0,real_delta_india
2026-05-29T13:00:00+00:00,68.6,68.64,68.23,68.52,6844.0,real_delta_india
2026-05-29T14:00:00+00:00,68.54,68.6,67.69,68.59,29686.0,real_delta_india
2026-05-29T15:00:00+00:00,68.59,69.46,68.5,68.79,26551.0,real_delta_india
2026-05-29T16:00:00+00:00,68.69,68.84,68.42,68.72,5206.0,real_delta_india
2026-05-29T17:00:00+00:00,68.54,68.72,68.31,68.31,4624.0,real_delta_india
2026-05-29T18:00:00+00:00,68.31,68.62,68.3,68.35,1846.0,real_delta_india
2026-05-29T19:00:00+00:00,68.39,68.5,68.39,68.4,420.0,real_delta_india
2026-05-29T20:00:00+00:00,68.5,68.5,68.12,68.12,4774.0,real_delta_india
2026-05-29T21:00:00+00:00,68.34,68.34,68.11,68.11,610.0,real_delta_india
2026-05-29T22:00:00+00:00,68.15,68.32,68.1,68.17,1121.0,real_delta_india
2026-05-29T23:00:00+00:00,68.17,68.2,68.16,68.16,225.0,real_delta_india
2026-05-30T00:00:00+00:00,68.42,68.42,68.14,68.2,486.0,real_delta_india
2026-05-30T01:00:00+00:00,68.32,68.43,68.11,68.43,1613.0,real_delta_india
2026-05-30T02:00:00+00:00,68.25,68.4,68.17,68.27,5432.0,real_delta_india
2026-05-30T03:00:00+00:00,68.27,68.29,68.21,68.21,245.0,real_delta_india
2026-05-30T04:00:00+00:00,68.29,68.4,68.21,68.21,1333.0,real_delta_india
2026-05-30T05:00:00+00:00,68.21,68.36,68.21,68.22,195.0,real_delta_india
2026-05-30T06:00:00+00:00,68.34,68.34,68.22,68.22,221.0,real_delta_india
2026-05-30T07:00:00+00:00,68.34,68.34,68.23,68.23,76.0,real_delta_india
2026-05-30T08:00:00+00:00,68.23,68.34,68.23,68.3,117.0,real_delta_india
2026-05-30T09:00:00+00:00,68.3,68.34,68.23,68.23,140.0,real_delta_india
2026-05-30T10:00:00+00:00,68.25,68.4,68.23,68.24,8731.0,real_delta_india
2026-05-30T11:00:00+00:00,68.24,68.31,68.11,68.27,1527.0,real_delta_india
2026-05-30T12:00:00+00:00,68.16,68.35,68.04,68.35,4978.0,real_delta_india
2026-05-30T13:00:00+00:00,68.21,68.4,68.18,68.2,4398.0,real_delta_india
2026-05-30T14:00:00+00:00,68.34,68.38,68.21,68.31,1336.0,real_delta_india
2026-05-30T15:00:00+00:00,68.11,68.28,68.11,68.28,1476.0,real_delta_india
2026-05-30T16:00:00+00:00,68.14,68.24,68.11,68.11,1718.0,real_delta_india
2026-05-30T17:00:00+00:00,68.24,68.31,68.12,68.31,788.0,real_delta_india
2026-05-30T18:00:00+00:00,68.18,68.24,68.11,68.16,215.0,real_delta_india
2026-05-30T19:00:00+00:00,68.11,68.11,68.11,68.11,53.0,real_delta_india
2026-05-30T20:00:00+00:00,68.24,68.24,68.03,68.03,724.0,real_delta_india
2026-05-30T21:00:00+00:00,68.36,68.4,68.36,68.4,64.0,real_delta_india
2026-05-30T22:00:00+00:00,68.19,68.19,68.19,68.19,58.0,real_delta_india
2026-05-30T23:00:00+00:00,68.2,68.2,68.2,68.2,2.0,real_delta_india
2026-05-31T00:00:00+00:00,68.21,68.21,68.1,68.1,598.0,real_delta_india
2026-05-31T01:00:00+00:00,68.32,68.37,68.11,68.29,421.0,real_delta_india
2026-05-31T02:00:00+00:00,68.12,68.27,68.12,68.27,1050.0,real_delta_india
2026-05-31T03:00:00+00:00,68.13,68.29,68.09,68.28,1086.0,real_delta_india
2026-05-31T04:00:00+00:00,68.24,68.24,68.24,68.24,13.0,real_delta_india
2026-05-31T05:00:00+00:00,68.28,68.29,68.1,68.13,785.0,real_delta_india
2026-05-31T06:00:00+00:00,68.27,68.37,68.18,68.27,4938.0,real_delta_india
2026-05-31T07:00:00+00:00,68.28,68.32,68.11,68.26,902.0,real_delta_india
2026-05-31T08:00:00+00:00,68.31,68.31,68.31,68.31,2.0,real_delta_india
2026-05-31T09:00:00+00:00,68.24,68.32,68.21,68.32,2417.0,real_delta_india
2026-05-31T10:00:00+00:00,68.39,68.39,68.23,68.23,114.0,real_delta_india
2026-05-31T11:00:00+00:00,68.23,68.24,68.11,68.24,2650.0,real_delta_india
2026-05-31T12:00:00+00:00,68.11,68.32,68.1,68.11,3240.0,real_delta_india
2026-05-31T13:00:00+00:00,68.29,68.37,68.11,68.18,2299.0,real_delta_india
2026-05-31T14:00:00+00:00,68.11,68.11,68.09,68.09,195.0,real_delta_india
2026-05-31T15:00:00+00:00,68.2,68.32,67.6,67.79,12633.0,real_delta_india
2026-05-31T16:00:00+00:00,67.78,68.0,67.7,67.8,1745.0,real_delta_india
2026-05-31T17:00:00+00:00,67.98,68.0,67.87,68.0,1302.0,real_delta_india
2026-05-31T18:00:00+00:00,67.85,67.99,67.81,67.99,993.0,real_delta_india
2026-05-31T19:00:00+00:00,67.9,68.04,67.8,68.04,1936.0,real_delta_india
2026-05-31T20:00:00+00:00,68.04,68.04,68.04,68.04,0.0,real_delta_india
2026-05-31T21:00:00+00:00,68.11,68.28,68.11,68.28,347.0,real_delta_india
2026-05-31T22:00:00+00:00,67.77,67.85,67.24,67.85,2225.0,real_delta_india
2026-05-31T23:00:00+00:00,67.77,68.81,67.77,68.72,2708.0,real_delta_india
2026-06-01T00:00:00+00:00,68.6,68.84,68.4,68.67,2906.0,real_delta_india
2026-06-01T01:00:00+00:00,68.44,68.64,68.0,68.6,6238.0,real_delta_india
2026-06-01T02:00:00+00:00,68.46,68.95,68.33,68.63,23808.0,real_delta_india
2026-06-01T03:00:00+00:00,68.57,68.67,68.24,68.46,2157.0,real_delta_india
2026-06-01T04:00:00+00:00,68.41,68.75,68.31,68.58,3079.0,real_delta_india
2026-06-01T05:00:00+00:00,68.61,68.87,68.56,68.72,5416.0,real_delta_india
2026-06-01T06:00:00+00:00,68.68,68.85,68.4,68.4,6094.0,real_delta_india
2026-06-01T07:00:00+00:00,68.49,69.05,68.38,68.56,6640.0,real_delta_india
2026-06-01T08:00:00+00:00,68.84,68.84,68.31,68.64,3722.0,real_delta_india
2026-06-01T09:00:00+00:00,68.65,69.13,68.54,68.77,12233.0,real_delta_india
2026-06-01T10:00:00+00:00,68.77,68.85,68.53,68.63,7104.0,real_delta_india
2026-06-01T11:00:00+00:00,68.64,68.85,68.6,68.63,1122.0,real_delta_india
2026-06-01T12:00:00+00:00,68.63,68.8,68.3,68.63,7598.0,real_delta_india
2026-06-01T13:00:00+00:00,68.61,68.65,67.03,67.1,24374.0,real_delta_india
2026-06-01T14:00:00+00:00,67.04,67.58,67.0,67.34,16170.0,real_delta_india
2026-06-01T15:00:00+00:00,67.39,68.15,67.3,67.83,11360.0,real_delta_india
2026-06-01T16:00:00+00:00,67.89,68.0,67.62,67.88,4854.0,real_delta_india
2026-06-01T17:00:00+00:00,67.95,68.36,67.82,68.33,9562.0,real_delta_india
2026-06-01T18:00:00+00:00,68.24,68.24,68.03,68.24,3977.0,real_delta_india
2026-06-01T19:00:00+00:00,68.13,68.13,67.67,67.83,5283.0,real_delta_india
2026-06-01T20:00:00+00:00,67.86,67.87,67.64,67.71,841.0,real_delta_india
2026-06-01T21:00:00+00:00,67.63,67.86,67.5,67.73,1977.0,real_delta_india
2026-06-01T22:00:00+00:00,67.8,68.12,67.73,68.04,354.0,real_delta_india
2026-06-01T23:00:00+00:00,68.0,68.15,67.99,68.15,194.0,real_delta_india
2026-06-02T00:00:00+00:00,67.88,68.3,67.88,68.02,844.0,real_delta_india
2026-06-02T01:00:00+00:00,67.85,68.98,67.8,67.97,22641.0,real_delta_india
2026-06-02T02:00:00+00:00,67.95,68.38,67.95,68.35,3271.0,real_delta_india
2026-06-02T03:00:00+00:00,68.3,68.5,68.21,68.29,4859.0,real_delta_india
2026-06-02T04:00:00+00:00,68.45,68.9,68.35,68.89,5930.0,real_delta_india
2026-06-02T05:00:00+00:00,68.74,69.8,68.57,69.32,22853.0,real_delta_india
2026-06-02T06:00:00+00:00,69.42,69.68,69.32,69.43,6039.0,real_delta_india
2026-06-02T07:00:00+00:00,69.5,69.69,69.44,69.61,4746.0,real_delta_india
2026-06-02T08:00:00+00:00,69.67,69.85,69.23,69.29,12500.0,real_delta_india
2026-06-02T09:00:00+00:00,69.26,69.6,69.06,69.15,7880.0,real_delta_india
2026-06-02T10:00:00+00:00,69.12,69.35,69.0,69.21,1256.0,real_delta_india
2026-06-02T11:00:00+00:00,69.3,69.41,69.13,69.22,1497.0,real_delta_india
2026-06-02T12:00:00+00:00,69.34,69.56,69.0,69.03,7982.0,real_delta_india
2026-06-02T13:00:00+00:00,69.0,69.45,68.78,68.78,8266.0,real_delta_india
2026-06-02T14:00:00+00:00,68.83,69.06,68.35,68.71,14806.0,real_delta_india
2026-06-02T15:00:00+00:00,68.86,69.03,68.71,68.75,7527.0,real_delta_india
2026-06-02T16:00:00+00:00,68.74,68.92,68.45,68.53,13152.0,real_delta_india
2026-06-02T17:00:00+00:00,68.53,68.64,68.2,68.34,4363.0,real_delta_india
2026-06-02T18:00:00+00:00,68.34,68.35,67.89,68.24,4484.0,real_delta_india
2026-06-02T19:00:00+00:00,68.14,68.46,68.13,68.15,2685.0,real_delta_india
2026-06-02T20:00:00+00:00,68.15,68.36,68.12,68.24,857.0,real_delta_india
2026-06-02T21:00:00+00:00,68.19,68.26,68.03,68.03,544.0,real_delta_india
2026-06-02T22:00:00+00:00,68.17,68.31,67.95,67.95,889.0,real_delta_india
2026-06-02T23:00:00+00:00,67.95,68.07,67.39,67.84,12889.0,real_delta_india
2026-06-03T00:00:00+00:00,67.94,68.41,67.82,68.16,2637.0,real_delta_india
2026-06-03T01:00:00+00:00,68.1,68.1,67.37,67.85,4621.0,real_delta_india
2026-06-03T02:00:00+00:00,67.74,68.03,67.73,68.03,6159.0,real_delta_india
2026-06-03T03:00:00+00:00,68.04,68.16,68.02,68.06,2099.0,real_delta_india
2026-06-03T04:00:00+00:00,68.15,68.16,67.83,68.03,1610.0,real_delta_india
2026-06-03T05:00:00+00:00,68.03,68.04,67.59,67.76,2831.0,real_delta_india
2026-06-03T06:00:00+00:00,67.77,67.84,67.25,67.43,13175.0,real_delta_india
2026-06-03T07:00:00+00:00,67.34,67.64,67.3,67.41,7950.0,real_delta_india
2026-06-03T08:00:00+00:00,67.29,67.55,67.25,67.42,6188.0,real_delta_india
2026-06-03T09:00:00+00:00,67.25,67.61,67.18,67.38,6397.0,real_delta_india
2026-06-03T10:00:00+00:00,67.35,67.98,67.18,67.44,10820.0,real_delta_india
2026-06-03T11:00:00+00:00,67.61,67.77,67.48,67.74,3902.0,real_delta_india
2026-06-03T12:00:00+00:00,67.73,67.84,67.1,67.25,12207.0,real_delta_india
2026-06-03T13:00:00+00:00,67.25,67.64,66.33,66.91,22205.0,real_delta_india
2026-06-03T14:00:00+00:00,67.04,67.2,66.8,67.07,5877.0,real_delta_india
2026-06-03T15:00:00+00:00,67.07,67.12,66.62,66.72,3237.0,real_delta_india
2026-06-03T16:00:00+00:00,66.63,66.85,66.37,66.73,7174.0,real_delta_india
2026-06-03T17:00:00+00:00,66.74,66.94,66.46,66.46,3809.0,real_delta_india
2026-06-03T18:00:00+00:00,66.5,66.6,66.3,66.56,8113.0,real_delta_india
2026-06-03T19:00:00+00:00,66.56,66.75,66.44,66.59,2064.0,real_delta_india
2026-06-03T20:00:00+00:00,66.44,66.44,66.0,66.08,5255.0,real_delta_india
2026-06-03T21:00:00+00:00,66.0,66.31,65.92,66.31,2832.0,real_delta_india
2026-06-03T22:00:00+00:00,66.23,66.29,65.9,66.29,962.0,real_delta_india
2026-06-03T23:00:00+00:00,66.37,66.63,66.28,66.63,5839.0,real_delta_india
2026-06-04T00:00:00+00:00,66.5,66.59,66.31,66.41,779.0,real_delta_india
2026-06-04T01:00:00+00:00,66.58,67.0,66.05,66.39,8426.0,real_delta_india
2026-06-04T02:00:00+00:00,66.48,66.67,66.15,66.67,8826.0,real_delta_india
2026-06-04T03:00:00+00:00,66.57,66.85,66.46,66.47,3255.0,real_delta_india
2026-06-04T04:00:00+00:00,66.53,66.85,66.5,66.81,2642.0,real_delta_india
2026-06-04T05:00:00+00:00,66.72,66.8,66.36,66.36,3860.0,real_delta_india
2026-06-04T06:00:00+00:00,66.36,66.58,66.19,66.32,4493.0,real_delta_india
2026-06-04T07:00:00+00:00,66.32,66.34,66.09,66.23,1479.0,real_delta_india
2026-06-04T08:00:00+00:00,66.25,66.71,66.22,66.49,5071.0,real_delta_india
2026-06-04T09:00:00+00:00,66.39,66.83,66.38,66.68,3867.0,real_delta_india
2026-06-04T10:00:00+00:00,66.75,66.78,66.41,66.5,7408.0,real_delta_india
2026-06-04T11:00:00+00:00,66.7,67.65,66.55,67.54,26065.0,real_delta_india
2026-06-04T12:00:00+00:00,67.6,67.7,67.2,67.5,12403.0,real_delta_india
2026-06-04T13:00:00+00:00,67.6,68.0,67.49,67.6,17836.0,real_delta_india
2026-06-04T14:00:00+00:00,67.6,67.6,66.55,66.7,11904.0,real_delta_india
2026-06-04T15:00:00+00:00,66.74,67.03,66.6,66.94,8838.0,real_delta_india
2026-06-04T16:00:00+00:00,66.93,67.2,66.92,67.14,8519.0,real_delta_india
2026-06-04T17:00:00+00:00,67.1,67.22,66.79,67.0,3544.0,real_delta_india
2026-06-04T18:00:00+00:00,67.0,67.34,66.95,67.19,2814.0,real_delta_india
2026-06-04T19:00:00+00:00,67.2,67.41,67.05,67.19,2251.0,real_delta_india
2026-06-04T20:00:00+00:00,67.18,67.3,67.07,67.21,297.0,real_delta_india
2026-06-04T21:00:00+00:00,67.05,67.22,66.92,66.92,444.0,real_delta_india
2026-06-04T22:00:00+00:00,66.93,67.22,66.93,67.22,843.0,real_delta_india
2026-06-04T23:00:00+00:00,66.92,67.24,66.9,66.9,1213.0,real_delta_india
2026-06-05T00:00:00+00:00,66.87,66.9,66.62,66.62,4531.0,real_delta_india
2026-06-05T01:00:00+00:00,66.6,66.6,65.96,66.08,13452.0,real_delta_india
2026-06-05T02:00:00+00:00,66.28,66.29,65.82,66.02,20707.0,real_delta_india
2026-06-05T03:00:00+00:00,66.08,66.12,65.8,66.08,15043.0,real_delta_india
2026-06-05T04:00:00+00:00,66.08,66.1,65.9,66.04,6156.0,real_delta_india
2026-06-05T05:00:00+00:00,66.07,66.19,65.69,65.69,10520.0,real_delta_india
2026-06-05T06:00:00+00:00,65.67,65.84,64.86,65.84,30122.0,real_delta_india
2026-06-05T07:00:00+00:00,65.79,66.0,65.65,65.8,8943.0,real_delta_india
2026-06-05T08:00:00+00:00,65.96,66.05,65.62,65.9,6964.0,real_delta_india
2026-06-05T09:00:00+00:00,65.82,66.2,65.78,65.91,2870.0,real_delta_india
2026-06-05T10:00:00+00:00,65.91,66.15,65.91,66.07,2687.0,real_delta_india
2026-06-05T11:00:00+00:00,66.07,66.18,65.82,66.08,4264.0,real_delta_india
2026-06-05T12:00:00+00:00,66.18,66.76,64.8,64.81,43293.0,real_delta_india
2026-06-05T13:00:00+00:00,64.8,64.89,63.12,63.3,75862.0,real_delta_india
2026-06-05T14:00:00+00:00,63.13,63.43,62.33,62.94,30216.0,real_delta_india
2026-06-05T15:00:00+00:00,62.98,63.13,62.12,62.46,12508.0,real_delta_india
2026-06-05T16:00:00+00:00,62.29,62.85,62.1,62.85,26161.0,real_delta_india
2026-06-05T17:00:00+00:00,62.87,62.98,62.43,62.45,9921.0,real_delta_india
2026-06-05T18:00:00+00:00,62.6,62.6,61.71,62.04,26637.0,real_delta_india
2026-06-05T19:00:00+00:00,62.03,62.03,61.51,61.87,5413.0,real_delta_india
2026-06-05T20:00:00+00:00,61.7,61.71,61.09,61.63,8678.0,real_delta_india
2026-06-05T21:00:00+00:00,61.69,61.91,61.61,61.72,1206.0,real_delta_india
2026-06-05T22:00:00+00:00,61.71,61.71,61.51,61.51,464.0,real_delta_india
2026-06-05T23:00:00+00:00,61.62,61.65,61.45,61.45,360.0,real_delta_india
2026-06-06T00:00:00+00:00,61.55,61.7,61.48,61.54,4058.0,real_delta_india
2026-06-06T01:00:00+00:00,61.58,61.77,61.49,61.57,2239.0,real_delta_india
2026-06-06T02:00:00+00:00,61.65,61.7,61.48,61.49,5366.0,real_delta_india
2026-06-06T03:00:00+00:00,61.57,61.68,61.49,61.5,2717.0,real_delta_india
2026-06-06T04:00:00+00:00,61.5,61.63,61.23,61.46,4625.0,real_delta_india
2026-06-06T05:00:00+00:00,61.37,61.5,61.36,61.47,2768.0,real_delta_india
2026-06-06T06:00:00+00:00,61.5,61.59,61.41,61.42,572.0,real_delta_india
2026-06-06T07:00:00+00:00,61.55,61.63,61.45,61.63,677.0,real_delta_india
2026-06-06T08:00:00+00:00,61.55,62.0,61.51,61.86,3980.0,real_delta_india
2026-06-06T09:00:00+00:00,61.64,61.7,61.36,61.7,4263.0,real_delta_india
2026-06-06T10:00:00+00:00,61.7,61.7,61.36,61.6,5859.0,real_delta_india
2026-06-06T11:00:00+00:00,61.6,61.86,61.41,61.59,7224.0,real_delta_india
2026-06-06T12:00:00+00:00,61.71,61.86,61.54,61.79,2950.0,real_delta_india
2026-06-06T13:00:00+00:00,61.82,62.04,61.74,61.99,1551.0,real_delta_india
2026-06-06T14:00:00+00:00,61.94,61.98,61.75,61.79,842.0,real_delta_india
2026-06-06T15:00:00+00:00,61.79,61.9,61.41,61.54,8742.0,real_delta_india
2026-06-06T16:00:00+00:00,61.53,61.81,61.42,61.81,3365.0,real_delta_india
2026-06-06T17:00:00+00:00,61.75,61.87,61.66,61.76,1288.0,real_delta_india
2026-06-06T18:00:00+00:00,61.77,61.86,61.64,61.67,383.0,real_delta_india
2026-06-06T19:00:00+00:00,61.73,61.73,61.73,61.73,213.0,real_delta_india
2026-06-06T20:00:00+00:00,61.87,61.88,61.8,61.83,207.0,real_delta_india
2026-06-06T21:00:00+00:00,61.66,61.66,61.62,61.62,253.0,real_delta_india
2026-06-06T22:00:00+00:00,61.59,61.6,61.47,61.47,543.0,real_delta_india
2026-06-06T23:00:00+00:00,61.54,61.82,61.54,61.58,697.0,real_delta_india
2026-06-07T00:00:00+00:00,61.8,61.96,61.72,61.96,1840.0,real_delta_india
2026-06-07T01:00:00+00:00,61.84,61.91,61.71,61.75,361.0,real_delta_india
2026-06-07T02:00:00+00:00,61.85,61.95,61.72,61.72,5523.0,real_delta_india
2026-06-07T03:00:00+00:00,61.81,61.94,61.74,61.74,1582.0,real_delta_india
2026-06-07T04:00:00+00:00,61.75,61.85,61.7,61.85,2274.0,real_delta_india
2026-06-07T05:00:00+00:00,61.76,62.04,61.7,61.87,8084.0,real_delta_india
2026-06-07T06:00:00+00:00,61.9,62.05,61.82,62.02,1232.0,real_delta_india
2026-06-07T07:00:00+00:00,61.97,62.38,61.86,62.09,5598.0,real_delta_india
2026-06-07T08:00:00+00:00,62.0,62.12,61.9,61.9,15101.0,real_delta_india
2026-06-07T09:00:00+00:00,61.91,62.2,61.89,62.0,4676.0,real_delta_india
2026-06-07T10:00:00+00:00,62.0,62.22,62.0,62.22,3922.0,real_delta_india
2026-06-07T11:00:00+00:00,62.13,62.21,62.0,62.1,3720.0,real_delta_india
2026-06-07T12:00:00+00:00,62.03,62.14,62.0,62.0,9921.0,real_delta_india
2026-06-07T13:00:00+00:00,61.9,61.95,61.73,61.77,9099.0,real_delta_india
2026-06-07T14:00:00+00:00,61.88,62.11,61.66,61.84,6542.0,real_delta_india
2026-06-07T15:00:00+00:00,61.73,61.82,61.64,61.72,1577.0,real_delta_india
2026-06-07T16:00:00+00:00,61.79,61.99,61.79,61.85,783.0,real_delta_india
2026-06-07T17:00:00+00:00,61.86,62.0,61.72,61.96,2656.0,real_delta_india
2026-06-07T18:00:00+00:00,61.98,61.98,61.68,61.9,7136.0,real_delta_india
2026-06-07T19:00:00+00:00,61.7,61.75,61.08,61.27,9568.0,real_delta_india
2026-06-07T20:00:00+00:00,61.31,61.45,61.26,61.35,3300.0,real_delta_india
2026-06-07T21:00:00+00:00,61.27,61.39,61.27,61.27,2195.0,real_delta_india
2026-06-07T22:00:00+00:00,61.27,61.45,60.64,61.15,15977.0,real_delta_india
2026-06-07T23:00:00+00:00,61.33,61.85,61.33,61.85,2347.0,real_delta_india
2026-06-08T00:00:00+00:00,61.84,62.28,61.8,62.02,10971.0,real_delta_india
2026-06-08T01:00:00+00:00,61.99,61.99,60.69,61.59,11790.0,real_delta_india
2026-06-08T02:00:00+00:00,61.65,61.66,61.24,61.35,4262.0,real_delta_india
2026-06-08T03:00:00+00:00,61.35,61.58,60.97,61.57,9530.0,real_delta_india
2026-06-08T04:00:00+00:00,61.5,61.76,61.3,61.45,7704.0,real_delta_india
2026-06-08T05:00:00+00:00,61.45,61.53,60.01,60.4,35766.0,real_delta_india
2026-06-08T06:00:00+00:00,60.42,61.24,60.42,60.85,12600.0,real_delta_india
2026-06-08T07:00:00+00:00,60.73,61.26,60.72,60.85,25697.0,real_delta_india
2026-06-08T08:00:00+00:00,60.72,60.85,60.54,60.79,11729.0,real_delta_india
2026-06-08T09:00:00+00:00,60.73,61.04,60.4,61.02,31114.0,real_delta_india
2026-06-08T10:00:00+00:00,60.94,61.2,60.69,60.96,6815.0,real_delta_india
2026-06-08T11:00:00+00:00,60.96,62.13,60.95,62.12,44994.0,real_delta_india
2026-06-08T12:00:00+00:00,62.14,62.65,61.86,62.53,35993.0,real_delta_india
2026-06-08T13:00:00+00:00,62.44,62.44,61.53,61.75,20765.0,real_delta_india
2026-06-08T14:00:00+00:00,61.73,62.04,61.43,62.04,27951.0,real_delta_india
2026-06-08T15:00:00+00:00,62.07,62.46,61.85,62.42,20757.0,real_delta_india
2026-06-08T16:00:00+00:00,62.32,62.44,62.1,62.15,6440.0,real_delta_india
2026-06-08T17:00:00+00:00,62.18,62.34,61.9,61.95,5944.0,real_delta_india
2026-06-08T18:00:00+00:00,62.01,62.29,61.94,61.95,1756.0,real_delta_india
2026-06-08T19:00:00+00:00,61.94,61.97,61.68,61.68,1175.0,real_delta_india
2026-06-08T20:00:00+00:00,61.8,61.87,61.59,61.67,669.0,real_delta_india
2026-06-08T21:00:00+00:00,61.71,62.01,61.71,61.84,1245.0,real_delta_india
2026-06-08T22:00:00+00:00,61.87,61.89,61.67,61.67,848.0,real_delta_india
2026-06-08T23:00:00+00:00,61.77,61.77,61.46,61.46,697.0,real_delta_india
2026-06-09T00:00:00+00:00,61.64,61.71,61.23,61.37,5740.0,real_delta_india
2026-06-09T01:00:00+00:00,61.46,61.88,61.4,61.55,4174.0,real_delta_india
2026-06-09T02:00:00+00:00,61.56,61.69,61.33,61.34,5843.0,real_delta_india
2026-06-09T03:00:00+00:00,61.34,61.67,61.25,61.54,3963.0,real_delta_india
2026-06-09T04:00:00+00:00,61.65,61.77,61.5,61.71,1359.0,real_delta_india
2026-06-09T05:00:00+00:00,61.71,62.19,61.55,62.17,25727.0,real_delta_india
2026-06-09T06:00:00+00:00,62.11,62.15,61.92,62.02,7974.0,real_delta_india
2026-06-09T07:00:00+00:00,62.02,62.13,61.8,62.0,4283.0,real_delta_india
2026-06-09T08:00:00+00:00,61.91,62.58,61.83,62.23,14744.0,real_delta_india
2026-06-09T09:00:00+00:00,62.11,62.32,61.92,61.94,7701.0,real_delta_india
2026-06-09T10:00:00+00:00,62.05,62.26,61.88,61.98,2813.0,real_delta_india
2026-06-09T11:00:00+00:00,62.15,62.34,62.14,62.24,7229.0,real_delta_india
2026-06-09T12:00:00+00:00,62.27,62.33,62.05,62.33,8857.0,real_delta_india
2026-06-09T13:00:00+00:00,62.36,62.66,61.63,61.8,25964.0,real_delta_india
2026-06-09T14:00:00+00:00,61.71,61.84,59.23,59.88,150690.0,real_delta_india
2026-06-09T15:00:00+00:00,60.0,60.2,59.12,59.26,52427.0,real_delta_india
2026-06-09T16:00:00+00:00,59.26,59.52,58.45,58.9,69197.0,real_delta_india
2026-06-09T17:00:00+00:00,58.93,59.32,58.93,59.15,22074.0,real_delta_india
2026-06-09T18:00:00+00:00,59.13,59.7,59.03,59.63,18486.0,real_delta_india
2026-06-09T19:00:00+00:00,59.65,59.7,59.03,59.22,11560.0,real_delta_india
2026-06-09T20:00:00+00:00,59.23,59.37,59.18,59.35,1062.0,real_delta_india
2026-06-09T21:00:00+00:00,59.43,59.45,59.33,59.33,417.0,real_delta_india
2026-06-09T22:00:00+00:00,59.28,59.32,58.81,58.89,2902.0,real_delta_india
2026-06-09T23:00:00+00:00,59.0,59.13,58.7,58.9,4091.0,real_delta_india
2026-06-10T00:00:00+00:00,58.93,59.11,58.3,58.73,59007.0,real_delta_india
2026-06-10T01:00:00+00:00,58.51,59.05,57.95,58.77,28918.0,real_delta_india
2026-06-10T02:00:00+00:00,58.73,58.75,57.9,57.93,12108.0,real_delta_india
2026-06-10T03:00:00+00:00,57.96,58.34,57.85,58.25,27127.0,real_delta_india
2026-06-10T04:00:00+00:00,58.25,58.3,57.63,57.66,20573.0,real_delta_india
2026-06-10T05:00:00+00:00,57.66,58.76,57.62,58.65,28366.0,real_delta_india
2026-06-10T06:00:00+00:00,58.65,59.27,58.6,59.0,43123.0,real_delta_india
2026-06-10T07:00:00+00:00,58.96,58.96,58.46,58.51,10096.0,real_delta_india
2026-06-10T08:00:00+00:00,58.45,58.45,57.75,57.89,37854.0,real_delta_india
2026-06-10T09:00:00+00:00,57.9,58.32,57.85,58.13,25671.0,real_delta_india
2026-06-10T10:00:00+00:00,58.06,58.55,57.97,58.51,16697.0,real_delta_india
2026-06-10T11:00:00+00:00,58.43,58.43,57.87,57.89,22052.0,real_delta_india
2026-06-10T12:00:00+00:00,57.96,59.13,57.54,58.37,80826.0,real_delta_india
2026-06-10T13:00:00+00:00,58.39,59.68,58.2,59.49,52753.0,real_delta_india
2026-06-10T14:00:00+00:00,59.55,59.55,58.45,58.52,26922.0,real_delta_india
2026-06-10T15:00:00+00:00,58.64,59.11,58.32,58.91,102985.0,real_delta_india
2026-06-10T16:00:00+00:00,59.0,59.13,58.78,58.94,25943.0,real_delta_india
2026-06-10T17:00:00+00:00,58.96,59.18,58.54,58.93,24102.0,real_delta_india
2026-06-10T18:00:00+00:00,58.93,59.18,58.59,58.71,10134.0,real_delta_india
2026-06-10T19:00:00+00:00,58.67,58.67,57.85,57.9,38403.0,real_delta_india
2026-06-10T20:00:00+00:00,57.82,57.82,57.49,57.58,24132.0,real_delta_india
2026-06-10T21:00:00+00:00,57.61,57.64,57.55,57.57,9167.0,real_delta_india
2026-06-10T22:00:00+00:00,57.51,57.53,56.64,56.86,31018.0,real_delta_india
2026-06-10T23:00:00+00:00,56.9,57.0,55.81,56.52,60889.0,real_delta_india
2026-06-11T00:00:00+00:00,56.5,57.8,56.36,57.72,27344.0,real_delta_india
2026-06-11T01:00:00+00:00,57.9,58.56,57.48,58.18,28522.0,real_delta_india
2026-06-11T02:00:00+00:00,58.14,58.18,57.16,57.49,28885.0,real_delta_india
2026-06-11T03:00:00+00:00,57.46,57.79,57.21,57.71,21961.0,real_delta_india
2026-06-11T04:00:00+00:00,57.73,58.25,57.62,58.11,19395.0,real_delta_india
2026-06-11T05:00:00+00:00,58.07,58.41,57.78,58.01,26077.0,real_delta_india
2026-06-11T06:00:00+00:00,57.9,58.19,57.69,58.16,10179.0,real_delta_india
2026-06-11T07:00:00+00:00,58.18,58.55,58.04,58.47,11067.0,real_delta_india
2026-06-11T08:00:00+00:00,58.45,58.7,58.26,58.37,10291.0,real_delta_india
2026-06-11T09:00:00+00:00,58.33,58.37,58.06,58.13,11461.0,real_delta_india
2026-06-11T10:00:00+00:00,58.19,58.23,57.98,58.08,8070.0,real_delta_india
2026-06-11T11:00:00+00:00,57.96,58.12,57.65,57.85,12193.0,real_delta_india
2026-06-11T12:00:00+00:00,57.85,57.99,57.03,57.6,46143.0,real_delta_india
2026-06-11T13:00:00+00:00,57.75,58.35,57.51,58.1,47000.0,real_delta_india
2026-06-11T14:00:00+00:00,58.14,58.33,57.64,58.0,30837.0,real_delta_india
2026-06-11T15:00:00+00:00,57.98,58.39,57.84,58.11,18686.0,real_delta_india
2026-06-11T16:00:00+00:00,58.1,58.66,57.88,57.97,27763.0,real_delta_india
2026-06-11T17:00:00+00:00,57.89,60.43,57.76,59.81,137016.0,real_delta_india
2026-06-11T18:00:00+00:00,59.85,60.2,59.29,59.96,76692.0,real_delta_india
2026-06-11T19:00:00+00:00,60.16,61.32,60.16,61.0,106376.0,real_delta_india
2026-06-11T20:00:00+00:00,61.05,61.17,60.92,61.14,23036.0,real_delta_india
2026-06-11T21:00:00+00:00,61.09,61.15,61.07,61.15,3774.0,real_delta_india
2026-06-11T22:00:00+00:00,61.15,61.67,61.04,61.6,17701.0,real_delta_india
2026-06-11T23:00:00+00:00,61.61,61.61,61.13,61.28,6554.0,real_delta_india
2026-06-12T00:00:00+00:00,61.22,61.51,60.97,61.15,21157.0,real_delta_india
2026-06-12T01:00:00+00:00,61.07,61.07,60.37,60.72,19648.0,real_delta_india
2026-06-12T02:00:00+00:00,60.74,60.95,60.59,60.89,8582.0,real_delta_india
2026-06-12T03:00:00+00:00,60.9,61.3,60.86,61.01,24290.0,real_delta_india
2026-06-12T04:00:00+00:00,60.96,61.0,60.74,60.75,23860.0,real_delta_india
2026-06-12T05:00:00+00:00,60.78,60.79,60.37,60.4,41170.0,real_delta_india
2026-06-12T06:00:00+00:00,60.52,60.71,60.23,60.5,22740.0,real_delta_india
2026-06-12T07:00:00+00:00,60.46,60.51,59.8,60.22,27322.0,real_delta_india
2026-06-12T08:00:00+00:00,60.23,61.1,60.18,60.78,52800.0,real_delta_india
2026-06-12T09:00:00+00:00,60.71,61.3,60.71,61.08,38582.0,real_delta_india
2026-06-12T10:00:00+00:00,61.0,61.12,60.59,60.85,47528.0,real_delta_india
2026-06-12T11:00:00+00:00,60.9,61.17,60.66,60.99,32510.0,real_delta_india
2026-06-12T12:00:00+00:00,60.98,61.0,60.3,60.36,27796.0,real_delta_india
2026-06-12T13:00:00+00:00,60.27,60.84,60.11,60.14,198824.0,real_delta_india
2026-06-12T14:00:00+00:00,60.14,60.94,60.1,60.81,60666.0,real_delta_india
2026-06-12T15:00:00+00:00,60.8,61.75,60.67,61.23,103945.0,real_delta_india
2026-06-12T16:00:00+00:00,61.27,61.78,61.11,61.49,69682.0,real_delta_india
2026-06-12T17:00:00+00:00,61.51,61.9,61.4,61.73,43836.0,real_delta_india
2026-06-12T18:00:00+00:00,61.77,62.03,61.68,61.71,71199.0,real_delta_india
2026-06-12T19:00:00+00:00,61.63,61.76,61.35,61.48,19726.0,real_delta_india
2026-06-12T20:00:00+00:00,61.53,61.78,61.53,61.78,18861.0,real_delta_india
2026-06-12T21:00:00+00:00,61.78,61.79,61.62,61.71,1392.0,real_delta_india
2026-06-12T22:00:00+00:00,61.7,61.76,61.63,61.67,924.0,real_delta_india
2026-06-12T23:00:00+00:00,61.64,61.71,61.64,61.7,633.0,real_delta_india
2026-06-13T00:00:00+00:00,61.69,61.84,61.67,61.79,2046.0,real_delta_india
2026-06-13T01:00:00+00:00,61.76,61.84,61.76,61.8,6214.0,real_delta_india
2026-06-13T02:00:00+00:00,61.8,61.84,61.75,61.79,4756.0,real_delta_india
2026-06-13T03:00:00+00:00,61.81,61.81,61.67,61.71,3349.0,real_delta_india
2026-06-13T04:00:00+00:00,61.74,61.74,61.69,61.74,4696.0,real_delta_india
2026-06-13T05:00:00+00:00,61.74,61.77,61.69,61.77,1268.0,real_delta_india
2026-06-13T06:00:00+00:00,61.78,61.8,61.61,61.76,10887.0,real_delta_india
2026-06-13T07:00:00+00:00,61.82,61.82,61.75,61.78,4343.0,real_delta_india
2026-06-13T08:00:00+00:00,61.78,61.83,61.77,61.82,3928.0,real_delta_india
2026-06-13T09:00:00+00:00,61.8,61.8,61.72,61.76,2495.0,real_delta_india
2026-06-13T10:00:00+00:00,61.73,61.81,61.73,61.81,746.0,real_delta_india
2026-06-13T11:00:00+00:00,61.82,61.83,61.78,61.78,6047.0,real_delta_india
2026-06-13T12:00:00+00:00,61.78,61.85,61.76,61.8,2952.0,real_delta_india
2026-06-13T13:00:00+00:00,61.8,61.84,61.76,61.78,1565.0,real_delta_india
2026-06-13T14:00:00+00:00,61.81,61.84,61.8,61.83,4269.0,real_delta_india
2026-06-13T15:00:00+00:00,61.83,61.87,61.78,61.82,8125.0,real_delta_india
2026-06-13T16:00:00+00:00,61.84,61.84,61.6,61.73,7501.0,real_delta_india
2026-06-13T17:00:00+00:00,61.75,61.8,61.7,61.7,6903.0,real_delta_india
2026-06-13T18:00:00+00:00,61.8,61.83,61.63,61.82,8396.0,real_delta_india
2026-06-13T19:00:00+00:00,61.82,61.84,61.79,61.84,1138.0,real_delta_india
2026-06-13T20:00:00+00:00,61.8,61.83,61.67,61.67,9427.0,real_delta_india
2026-06-13T21:00:00+00:00,61.78,61.78,61.71,61.71,288.0,real_delta_india
2026-06-13T22:00:00+00:00,61.79,61.79,61.71,61.77,142.0,real_delta_india
2026-06-13T23:00:00+00:00,61.78,61.82,61.7,61.77,9602.0,real_delta_india
2026-06-14T00:00:00+00:00,61.72,61.82,61.71,61.82,548.0,real_delta_india
2026-06-14T01:00:00+00:00,61.82,61.84,61.78,61.79,2937.0,real_delta_india
2026-06-14T02:00:00+00:00,61.81,61.82,61.77,61.81,2541.0,real_delta_india
2026-06-14T03:00:00+00:00,61.81,61.82,61.76,61.79,422.0,real_delta_india
2026-06-14T04:00:00+00:00,61.79,61.83,61.78,61.78,688.0,real_delta_india
2026-06-14T05:00:00+00:00,61.81,61.84,61.78,61.84,703.0,real_delta_india
2026-06-14T06:00:00+00:00,61.84,61.85,61.81,61.82,1132.0,real_delta_india
2026-06-14T07:00:00+00:00,61.85,61.86,61.79,61.84,5031.0,real_delta_india
2026-06-14T08:00:00+00:00,61.86,61.88,61.83,61.88,1185.0,real_delta_india
2026-06-14T09:00:00+00:00,61.88,61.89,61.82,61.86,6359.0,real_delta_india
2026-06-14T10:00:00+00:00,61.86,61.89,61.76,61.76,3554.0,real_delta_india
2026-06-14T11:00:00+00:00,61.76,61.85,61.73,61.82,2397.0,real_delta_india
2026-06-14T12:00:00+00:00,61.85,61.85,61.72,61.72,1012.0,real_delta_india
2026-06-14T13:00:00+00:00,61.77,61.8,61.72,61.75,4477.0,real_delta_india
2026-06-14T14:00:00+00:00,61.74,61.76,61.62,61.73,5405.0,real_delta_india
2026-06-14T15:00:00+00:00,61.74,61.77,61.6,61.63,2066.0,real_delta_india
2026-06-14T16:00:00+00:00,61.65,61.75,61.64,61.71,2506.0,real_delta_india
2026-06-14T17:00:00+00:00,61.73,61.77,61.7,61.75,4623.0,real_delta_india
2026-06-14T18:00:00+00:00,61.73,61.77,61.69,61.73,2666.0,real_delta_india
2026-06-14T19:00:00+00:00,61.77,61.78,61.74,61.78,414.0,real_delta_india
2026-06-14T20:00:00+00:00,61.78,61.89,61.61,61.86,3125.0,real_delta_india
2026-06-14T21:00:00+00:00,61.86,62.9,61.84,62.83,26737.0,real_delta_india
2026-06-14T22:00:00+00:00,62.54,63.72,62.32,62.5,14357.0,real_delta_india
2026-06-14T23:00:00+00:00,63.0,63.76,62.51,63.76,6476.0,real_delta_india
2026-06-15T00:00:00+00:00,63.76,64.03,63.38,63.53,43302.0,real_delta_india
2026-06-15T01:00:00+00:00,63.56,63.98,63.41,63.75,20043.0,real_delta_india
2026-06-15T02:00:00+00:00,63.75,64.26,63.75,64.06,24387.0,real_delta_india
2026-06-15T03:00:00+00:00,64.0,64.08,63.78,63.88,17800.0,real_delta_india
2026-06-15T04:00:00+00:00,63.9,63.99,63.77,63.95,12647.0,real_delta_india
2026-06-15T05:00:00+00:00,63.98,64.05,63.42,63.51,28695.0,real_delta_india
2026-06-15T06:00:00+00:00,63.53,63.76,63.46,63.64,27914.0,real_delta_india
2026-06-15T07:00:00+00:00,63.62,63.91,63.51,63.8,14905.0,real_delta_india
2026-06-15T08:00:00+00:00,63.74,64.17,63.71,64.0,19841.0,real_delta_india
2026-06-15T09:00:00+00:00,64.06,64.25,64.06,64.16,18393.0,real_delta_india
2026-06-15T10:00:00+00:00,64.15,64.3,64.12,64.17,13225.0,real_delta_india
2026-06-15T11:00:00+00:00,64.14,64.49,64.09,64.21,56893.0,real_delta_india
2026-06-15T12:00:00+00:00,64.25,64.64,64.1,64.57,43021.0,real_delta_india
2026-06-15T13:00:00+00:00,64.59,64.74,64.24,64.45,54937.0,real_delta_india
2026-06-15T14:00:00+00:00,64.44,64.69,64.18,64.19,28622.0,real_delta_india
2026-06-15T15:00:00+00:00,64.2,64.31,63.88,64.16,34412.0,real_delta_india
2026-06-15T16:00:00+00:00,64.18,64.18,63.73,63.85,28594.0,real_delta_india
2026-06-15T17:00:00+00:00,63.78,63.78,63.51,63.65,29563.0,real_delta_india
2026-06-15T18:00:00+00:00,63.66,63.8,63.52,63.75,15913.0,real_delta_india
2026-06-15T19:00:00+00:00,63.74,63.75,63.59,63.72,7987.0,real_delta_india
2026-06-15T20:00:00+00:00,63.73,63.73,63.45,63.52,2782.0,real_delta_india
2026-06-15T21:00:00+00:00,63.57,63.59,63.47,63.47,17892.0,real_delta_india
2026-06-15T22:00:00+00:00,63.5,63.55,63.34,63.55,1939.0,real_delta_india
2026-06-15T23:00:00+00:00,63.54,63.56,63.4,63.52,6442.0,real_delta_india
2026-06-16T00:00:00+00:00,63.42,63.52,63.22,63.42,14788.0,real_delta_india
2026-06-16T01:00:00+00:00,63.41,63.53,62.89,62.94,23947.0,real_delta_india
2026-06-16T02:00:00+00:00,62.96,63.16,62.68,63.07,22471.0,real_delta_india
2026-06-16T03:00:00+00:00,63.09,63.44,63.03,63.37,28346.0,real_delta_india
2026-06-16T04:00:00+00:00,63.4,63.4,63.23,63.3,10117.0,real_delta_india
2026-06-16T05:00:00+00:00,63.27,63.5,62.87,62.99,19840.0,real_delta_india
2026-06-16T06:00:00+00:00,62.93,63.21,62.89,63.21,9781.0,real_delta_india
2026-06-16T07:00:00+00:00,63.33,63.66,63.26,63.66,16350.0,real_delta_india
2026-06-16T08:00:00+00:00,63.63,64.08,63.53,64.07,49849.0,real_delta_india
2026-06-16T09:00:00+00:00,64.06,64.17,63.92,63.95,49569.0,real_delta_india
2026-06-16T10:00:00+00:00,63.93,64.09,63.9,64.05,12454.0,real_delta_india
2026-06-16T11:00:00+00:00,64.01,64.03,63.76,64.01,17999.0,real_delta_india
2026-06-16T12:00:00+00:00,64.05,64.61,63.85,64.57,100673.0,real_delta_india
2026-06-16T13:00:00+00:00,64.55,64.55,63.65,63.71,65923.0,real_delta_india
2026-06-16T14:00:00+00:00,63.74,63.87,63.0,63.27,45641.0,real_delta_india
2026-06-16T15:00:00+00:00,63.3,63.8,63.19,63.68,17890.0,real_delta_india
2026-06-16T16:00:00+00:00,63.61,63.83,63.57,63.62,17308.0,real_delta_india
2026-06-16T17:00:00+00:00,63.6,63.76,63.31,63.76,19128.0,real_delta_india
2026-06-16T18:00:00+00:00,63.81,63.93,63.7,63.8,11328.0,real_delta_india
2026-06-16T19:00:00+00:00,63.82,63.89,63.54,63.54,2920.0,real_delta_india
2026-06-16T20:00:00+00:00,63.58,63.62,63.51,63.57,1421.0,real_delta_india
2026-06-16T21:00:00+00:00,63.59,63.6,63.53,63.53,191.0,real_delta_india
2026-06-16T22:00:00+00:00,63.61,63.65,63.5,63.65,1912.0,real_delta_india
2026-06-16T23:00:00+00:00,63.69,63.7,63.37,63.4,2814.0,real_delta_india
2026-06-17T00:00:00+00:00,63.46,63.8,63.46,63.61,2564.0,real_delta_india
2026-06-17T01:00:00+00:00,63.74,64.01,63.65,63.96,12330.0,real_delta_india
2026-06-17T02:00:00+00:00,63.99,63.99,63.65,63.7,8698.0,real_delta_india
2026-06-17T03:00:00+00:00,63.77,63.77,63.59,63.67,3053.0,real_delta_india
2026-06-17T04:00:00+00:00,63.66,63.66,63.43,63.6,11819.0,real_delta_india
2026-06-17T05:00:00+00:00,63.6,63.92,63.42,63.84,17529.0,real_delta_india
2026-06-17T06:00:00+00:00,63.81,63.87,63.69,63.82,6802.0,real_delta_india
2026-06-17T07:00:00+00:00,63.8,63.87,63.47,63.55,15768.0,real_delta_india
2026-06-17T08:00:00+00:00,63.5,63.61,63.06,63.27,18489.0,real_delta_india
2026-06-17T09:00:00+00:00,63.26,63.57,63.2,63.48,8930.0,real_delta_india
2026-06-17T10:00:00+00:00,63.46,63.6,63.37,63.52,2733.0,real_delta_india
2026-06-17T11:00:00+00:00,63.4,63.49,63.18,63.27,8974.0,real_delta_india
2026-06-17T12:00:00+00:00,63.34,63.5,63.21,63.43,50073.0,real_delta_india
2026-06-17T13:00:00+00:00,63.48,63.95,63.12,63.66,40861.0,real_delta_india
2026-06-17T14:00:00+00:00,63.62,64.33,63.5,63.79,48858.0,real_delta_india
2026-06-17T15:00:00+00:00,63.85,64.22,63.68,64.18,24746.0,real_delta_india
2026-06-17T16:00:00+00:00,64.2,64.26,63.94,64.02,13050.0,real_delta_india
2026-06-17T17:00:00+00:00,64.09,64.92,63.99,64.74,58752.0,real_delta_india
2026-06-17T18:00:00+00:00,64.7,64.7,62.34,62.77,139212.0,real_delta_india
2026-06-17T19:00:00+00:00,62.75,62.9,60.64,60.82,67391.0,real_delta_india
2026-06-17T20:00:00+00:00,60.87,61.83,60.87,61.63,22034.0,real_delta_india
2026-06-17T21:00:00+00:00,61.67,61.68,61.56,61.64,2845.0,real_delta_india
2026-06-17T22:00:00+00:00,61.68,61.79,61.57,61.77,3060.0,real_delta_india
2026-06-17T23:00:00+00:00,61.8,62.05,61.8,62.05,4025.0,real_delta_india
2026-06-18T00:00:00+00:00,62.12,62.97,62.12,62.75,23759.0,real_delta_india
2026-06-18T01:00:00+00:00,62.91,63.35,62.88,62.97,18825.0,real_delta_india
2026-06-18T02:00:00+00:00,62.93,63.23,62.51,62.51,18375.0,real_delta_india
2026-06-18T03:00:00+00:00,62.51,62.85,62.4,62.84,8441.0,real_delta_india
2026-06-18T04:00:00+00:00,62.85,62.9,62.46,62.59,6013.0,real_delta_india
2026-06-18T05:00:00+00:00,62.57,62.8,62.12,62.39,13999.0,real_delta_india
2026-06-18T06:00:00+00:00,62.48,62.58,62.21,62.5,13732.0,real_delta_india
2026-06-18T07:00:00+00:00,62.55,62.62,62.14,62.14,14970.0,real_delta_india
2026-06-18T08:00:00+00:00,62.12,62.24,61.78,61.82,26944.0,real_delta_india
2026-06-18T09:00:00+00:00,61.76,62.16,61.72,62.14,18871.0,real_delta_india
2026-06-18T10:00:00+00:00,62.15,62.19,61.48,61.49,22615.0,real_delta_india
2026-06-18T11:00:00+00:00,61.49,61.53,60.45,60.68,58756.0,real_delta_india
2026-06-18T12:00:00+00:00,60.66,61.2,60.22,60.37,131617.0,real_delta_india
2026-06-18T13:00:00+00:00,60.37,61.34,60.37,60.7,64484.0,real_delta_india
2026-06-18T14:00:00+00:00,60.79,60.79,59.96,60.39,108310.0,real_delta_india
2026-06-18T15:00:00+00:00,60.37,60.39,59.82,60.0,69898.0,real_delta_india
2026-06-18T16:00:00+00:00,60.09,60.17,59.8,59.94,24096.0,real_delta_india
2026-06-18T17:00:00+00:00,60.02,60.28,59.71,60.01,31528.0,real_delta_india
2026-06-18T18:00:00+00:00,60.04,60.07,59.76,59.82,20080.0,real_delta_india
2026-06-18T19:00:00+00:00,59.8,59.85,59.1,59.74,47002.0,real_delta_india
2026-06-18T20:00:00+00:00,59.71,59.87,59.66,59.66,2324.0,real_delta_india
2026-06-18T21:00:00+00:00,59.63,59.8,59.61,59.8,2903.0,real_delta_india
2026-06-18T22:00:00+00:00,59.68,59.69,59.47,59.66,1250.0,real_delta_india
2026-06-18T23:00:00+00:00,59.55,59.55,59.27,59.27,8123.0,real_delta_india
2026-06-19T00:00:00+00:00,59.5,59.5,59.08,59.33,26308.0,real_delta_india
2026-06-19T01:00:00+00:00,59.34,59.37,59.0,59.01,23302.0,real_delta_india
2026-06-19T02:00:00+00:00,59.03,59.05,58.51,58.6,44566.0,real_delta_india
2026-06-19T03:00:00+00:00,58.61,58.61,58.12,58.14,33603.0,real_delta_india
2026-06-19T04:00:00+00:00,58.28,58.29,57.63,58.21,41247.0,real_delta_india
2026-06-19T05:00:00+00:00,57.75,58.34,57.52,58.29,24031.0,real_delta_india
2026-06-19T06:00:00+00:00,58.29,58.5,58.0,58.45,18826.0,real_delta_india
2026-06-19T07:00:00+00:00,58.51,59.0,58.48,58.82,58692.0,real_delta_india
2026-06-19T08:00:00+00:00,58.86,59.33,58.75,59.15,50092.0,real_delta_india
2026-06-19T09:00:00+00:00,59.23,59.23,58.94,59.12,26737.0,real_delta_india
2026-06-19T10:00:00+00:00,59.07,59.11,58.81,58.82,15200.0,real_delta_india
2026-06-19T11:00:00+00:00,58.8,58.86,58.4,58.8,40718.0,real_delta_india
2026-06-19T12:00:00+00:00,58.84,59.37,58.6,59.35,18244.0,real_delta_india
2026-06-19T13:00:00+00:00,59.37,59.38,58.75,58.75,31833.0,real_delta_india
2026-06-19T14:00:00+00:00,58.73,58.8,58.3,58.62,28533.0,real_delta_india
2026-06-19T15:00:00+00:00,58.65,58.78,58.53,58.63,31353.0,real_delta_india
2026-06-19T16:00:00+00:00,58.61,58.9,58.43,58.87,16647.0,real_delta_india
2026-06-19T17:00:00+00:00,58.87,58.87,58.77,58.79,10075.0,real_delta_india
2026-06-19T18:00:00+00:00,58.82,58.82,58.75,58.78,15387.0,real_delta_india
2026-06-19T19:00:00+00:00,58.79,58.82,58.77,58.81,1761.0,real_delta_india
2026-06-19T20:00:00+00:00,58.82,58.82,58.75,58.78,2078.0,real_delta_india
2026-06-19T21:00:00+00:00,58.8,58.8,58.75,58.77,153.0,real_delta_india
2026-06-19T22:00:00+00:00,58.75,58.82,58.75,58.81,1109.0,real_delta_india
2026-06-19T23:00:00+00:00,58.78,58.79,58.78,58.79,506.0,real_delta_india
2026-06-20T00:00:00+00:00,58.79,58.81,58.77,58.81,578.0,real_delta_india
2026-06-20T01:00:00+00:00,58.81,58.83,58.79,58.79,2488.0,real_delta_india
2026-06-20T02:00:00+00:00,58.83,58.99,58.8,58.84,8229.0,real_delta_india
2026-06-20T03:00:00+00:00,58.89,58.96,58.89,58.96,3727.0,real_delta_india
2026-06-20T04:00:00+00:00,58.94,59.02,58.88,58.97,4444.0,real_delta_india
2026-06-20T05:00:00+00:00,58.96,59.01,58.9,58.94,5408.0,real_delta_india
2026-06-20T06:00:00+00:00,58.94,58.97,58.88,58.89,2743.0,real_delta_india
2026-06-20T07:00:00+00:00,58.89,59.0,58.89,58.91,1546.0,real_delta_india
2026-06-20T08:00:00+00:00,58.91,58.96,58.9,58.9,1477.0,real_delta_india
2026-06-20T09:00:00+00:00,58.93,58.99,58.9,58.94,7315.0,real_delta_india
2026-06-20T10:00:00+00:00,58.91,58.96,58.9,58.96,3326.0,real_delta_india
2026-06-20T11:00:00+00:00,58.94,58.96,58.9,58.9,7881.0,real_delta_india
2026-06-20T12:00:00+00:00,58.93,58.97,58.93,58.93,2907.0,real_delta_india
2026-06-20T13:00:00+00:00,58.96,58.96,58.83,58.89,3812.0,real_delta_india
2026-06-20T14:00:00+00:00,58.82,59.12,58.79,59.04,5940.0,real_delta_india
2026-06-20T15:00:00+00:00,59.02,59.09,58.99,59.08,7379.0,real_delta_india
2026-06-20T16:00:00+00:00,59.08,59.09,59.02,59.04,6664.0,real_delta_india
2026-06-20T17:00:00+00:00,59.04,59.07,58.92,58.95,3783.0,real_delta_india
2026-06-20T18:00:00+00:00,58.98,59.03,58.94,58.98,7207.0,real_delta_india
2026-06-20T19:00:00+00:00,59.02,59.02,58.98,58.99,1623.0,real_delta_india
2026-06-20T20:00:00+00:00,59.02,59.06,58.99,59.04,256.0,real_delta_india
2026-06-20T21:00:00+00:00,59.06,59.14,59.06,59.12,898.0,real_delta_india
2026-06-20T22:00:00+00:00,59.14,59.32,59.14,59.2,1325.0,real_delta_india
2026-06-20T23:00:00+00:00,59.14,59.14,59.11,59.11,117.0,real_delta_india
2026-06-21T00:00:00+00:00,59.09,59.14,59.02,59.02,8130.0,real_delta_india
2026-06-21T01:00:00+00:00,59.03,59.17,58.98,59.1,2874.0,real_delta_india
2026-06-21T02:00:00+00:00,59.09,59.14,59.09,59.14,548.0,real_delta_india
2026-06-21T03:00:00+00:00,59.11,59.16,59.11,59.14,1002.0,real_delta_india
2026-06-21T04:00:00+00:00,59.14,59.16,59.11,59.14,4270.0,real_delta_india
2026-06-21T05:00:00+00:00,59.11,59.14,59.1,59.14,2641.0,real_delta_india
2026-06-21T06:00:00+00:00,59.14,59.21,59.11,59.18,1397.0,real_delta_india
2026-06-21T07:00:00+00:00,59.18,59.23,59.03,59.1,7598.0,real_delta_india
2026-06-21T08:00:00+00:00,59.1,59.14,59.04,59.12,1326.0,real_delta_india
2026-06-21T09:00:00+00:00,59.09,59.17,59.07,59.11,1811.0,real_delta_india
2026-06-21T10:00:00+00:00,59.1,59.17,59.1,59.12,2980.0,real_delta_india
2026-06-21T11:00:00+00:00,59.12,59.14,59.06,59.09,3038.0,real_delta_india
2026-06-21T12:00:00+00:00,59.09,59.17,59.01,59.03,2766.0,real_delta_india
2026-06-21T13:00:00+00:00,59.09,59.14,59.04,59.07,6558.0,real_delta_india
2026-06-21T14:00:00+00:00,59.11,59.11,59.02,59.05,3214.0,real_delta_india
2026-06-21T15:00:00+00:00,59.08,59.1,59.03,59.04,862.0,real_delta_india
2026-06-21T16:00:00+00:00,59.06,59.07,59.02,59.06,2193.0,real_delta_india
2026-06-21T17:00:00+00:00,59.06,59.17,59.01,59.04,2447.0,real_delta_india
2026-06-21T18:00:00+00:00,59.0,59.0,58.71,58.85,10379.0,real_delta_india
2026-06-21T19:00:00+00:00,58.81,58.86,58.71,58.76,2250.0,real_delta_india
2026-06-21T20:00:00+00:00,58.74,58.77,58.69,58.69,4662.0,real_delta_india
2026-06-21T21:00:00+00:00,58.72,58.81,58.5,58.6,5521.0,real_delta_india
2026-06-21T22:00:00+00:00,58.41,58.87,58.1,58.87,13872.0,real_delta_india
2026-06-21T23:00:00+00:00,58.98,59.03,58.34,58.48,8629.0,real_delta_india
2026-06-22T00:00:00+00:00,58.63,60.2,58.46,60.17,26059.0,real_delta_india
2026-06-22T01:00:00+00:00,60.25,60.86,59.79,59.86,80714.0,real_delta_india
2026-06-22T02:00:00+00:00,59.77,60.08,59.53,59.62,24894.0,real_delta_india
2026-06-22T03:00:00+00:00,59.7,59.72,59.44,59.44,18431.0,real_delta_india
2026-06-22T04:00:00+00:00,59.52,59.62,59.43,59.48,16419.0,real_delta_india
2026-06-22T05:00:00+00:00,59.47,60.43,59.47,60.26,52479.0,real_delta_india
2026-06-22T06:00:00+00:00,60.29,60.63,60.25,60.46,23114.0,real_delta_india
2026-06-22T07:00:00+00:00,60.46,60.56,60.07,60.14,20992.0,real_delta_india
2026-06-22T08:00:00+00:00,60.12,60.12,59.69,60.1,23466.0,real_delta_india
2026-06-22T09:00:00+00:00,60.07,60.4,59.99,60.26,25179.0,real_delta_india
2026-06-22T10:00:00+00:00,60.25,60.48,60.2,60.24,28908.0,real_delta_india
2026-06-22T11:00:00+00:00,60.29,60.6,60.12,60.34,47411.0,real_delta_india
2026-06-22T12:00:00+00:00,60.36,60.46,60.08,60.15,22010.0,real_delta_india
2026-06-22T13:00:00+00:00,60.25,60.69,60.21,60.38,47645.0,real_delta_india
2026-06-22T14:00:00+00:00,60.32,60.56,59.77,59.95,54386.0,real_delta_india
2026-06-22T15:00:00+00:00,59.95,60.04,59.13,59.4,65197.0,real_delta_india
2026-06-22T16:00:00+00:00,59.39,59.62,59.23,59.53,59764.0,real_delta_india
2026-06-22T17:00:00+00:00,59.57,59.63,59.0,59.25,23221.0,real_delta_india
2026-06-22T18:00:00+00:00,59.36,59.46,59.26,59.39,25349.0,real_delta_india
2026-06-22T19:00:00+00:00,59.43,59.44,58.98,59.15,11000.0,real_delta_india
2026-06-22T20:00:00+00:00,59.13,59.23,59.13,59.16,3109.0,real_delta_india
2026-06-22T21:00:00+00:00,59.12,59.22,59.11,59.22,1332.0,real_delta_india
2026-06-22T22:00:00+00:00,59.13,59.13,58.91,59.01,4904.0,real_delta_india
2026-06-22T23:00:00+00:00,59.11,59.14,58.94,58.97,1057.0,real_delta_india
2026-06-23T00:00:00+00:00,58.96,59.04,58.45,58.98,30918.0,real_delta_india
2026-06-23T01:00:00+00:00,59.09,59.12,57.96,58.17,55752.0,real_delta_india
2026-06-23T02:00:00+00:00,58.26,58.26,57.42,57.47,76432.0,real_delta_india
2026-06-23T03:00:00+00:00,57.54,57.55,57.0,57.39,89979.0,real_delta_india
2026-06-23T04:00:00+00:00,57.4,57.46,56.77,56.85,51657.0,real_delta_india
2026-06-23T05:00:00+00:00,56.83,57.23,56.66,56.79,64681.0,real_delta_india
2026-06-23T06:00:00+00:00,56.85,57.0,56.47,56.58,58863.0,real_delta_india
2026-06-23T07:00:00+00:00,56.54,56.92,56.15,56.23,49989.0,real_delta_india
2026-06-23T08:00:00+00:00,56.22,56.44,56.13,56.35,54320.0,real_delta_india
2026-06-23T09:00:00+00:00,56.43,56.78,56.42,56.78,49834.0,real_delta_india
2026-06-23T10:00:00+00:00,56.8,56.94,56.5,56.55,49133.0,real_delta_india
2026-06-23T11:00:00+00:00,56.55,56.61,56.25,56.4,20594.0,real_delta_india
2026-06-23T12:00:00+00:00,56.37,56.57,56.04,56.23,42607.0,real_delta_india
2026-06-23T13:00:00+00:00,56.21,56.77,56.0,56.69,59999.0,real_delta_india
2026-06-23T14:00:00+00:00,56.74,56.74,55.9,56.33,65764.0,real_delta_india
2026-06-23T15:00:00+00:00,56.32,56.58,56.13,56.58,43614.0,real_delta_india
2026-06-23T16:00:00+00:00,56.55,56.59,56.32,56.37,34209.0,real_delta_india
2026-06-23T17:00:00+00:00,56.31,56.5,56.13,56.17,24662.0,real_delta_india
2026-06-23T18:00:00+00:00,56.13,56.23,55.72,55.83,52848.0,real_delta_india
2026-06-23T19:00:00+00:00,55.84,56.1,55.84,56.01,17944.0,real_delta_india
2026-06-23T20:00:00+00:00,55.95,56.02,55.85,55.96,3351.0,real_delta_india
2026-06-23T21:00:00+00:00,56.08,56.24,56.08,56.14,6662.0,real_delta_india
2026-06-23T22:00:00+00:00,56.13,56.13,55.77,55.87,16889.0,real_delta_india
2026-06-23T23:00:00+00:00,55.82,55.97,55.21,55.97,83899.0,real_delta_india
2026-06-24T00:00:00+00:00,55.99,56.18,55.68,55.85,17726.0,real_delta_india
2026-06-24T01:00:00+00:00,55.88,56.3,55.17,56.03,54003.0,real_delta_india
2026-06-24T02:00:00+00:00,56.06,56.15,55.42,55.56,26349.0,real_delta_india
2026-06-24T03:00:00+00:00,55.62,55.92,55.42,55.7,36907.0,real_delta_india
2026-06-24T04:00:00+00:00,55.72,55.73,55.31,55.51,76130.0,real_delta_india
2026-06-24T05:00:00+00:00,55.55,56.09,55.42,55.92,32548.0,real_delta_india
2026-06-24T06:00:00+00:00,56.03,56.65,56.01,56.13,97416.0,real_delta_india
2026-06-24T07:00:00+00:00,56.2,56.26,55.86,55.86,33423.0,real_delta_india
2026-06-24T08:00:00+00:00,55.92,56.03,55.63,55.66,69004.0,real_delta_india
2026-06-24T09:00:00+00:00,55.69,55.73,55.45,55.49,46835.0,real_delta_india
2026-06-24T10:00:00+00:00,55.5,55.51,55.0,55.06,109396.0,real_delta_india
2026-06-24T11:00:00+00:00,55.08,55.16,53.91,53.96,214580.0,real_delta_india
2026-06-24T12:00:00+00:00,53.97,54.09,52.81,52.84,257807.0,real_delta_india
2026-06-24T13:00:00+00:00,52.87,54.11,52.71,54.07,228181.0,real_delta_india
2026-06-24T14:00:00+00:00,54.04,54.08,53.36,53.48,113289.0,real_delta_india
2026-06-24T15:00:00+00:00,53.5,53.7,53.26,53.33,63204.0,real_delta_india
2026-06-24T16:00:00+00:00,53.3,53.52,53.12,53.22,86317.0,real_delta_india
2026-06-24T17:00:00+00:00,53.19,53.31,51.38,51.41,203150.0,real_delta_india
2026-06-24T18:00:00+00:00,51.42,52.01,50.56,51.53,325913.0,real_delta_india
2026-06-24T19:00:00+00:00,51.5,52.01,51.33,51.96,71866.0,real_delta_india
2026-06-24T20:00:00+00:00,51.95,52.41,51.87,52.24,44942.0,real_delta_india
2026-06-24T21:00:00+00:00,52.21,52.45,52.21,52.45,18092.0,real_delta_india
2026-06-24T22:00:00+00:00,52.42,52.52,52.22,52.22,6153.0,real_delta_india
2026-06-24T23:00:00+00:00,52.22,52.58,52.07,52.37,24320.0,real_delta_india
2026-06-25T00:00:00+00:00,52.38,52.51,51.89,51.98,34184.0,real_delta_india
2026-06-25T01:00:00+00:00,52.14,52.52,51.54,51.66,91598.0,real_delta_india
2026-06-25T02:00:00+00:00,51.7,51.84,51.17,51.69,67291.0,real_delta_india
2026-06-25T03:00:00+00:00,51.63,52.21,51.37,52.19,57253.0,real_delta_india
2026-06-25T04:00:00+00:00,52.2,52.3,51.95,52.28,62775.0,real_delta_india
2026-06-25T05:00:00+00:00,52.32,52.36,51.74,51.91,48435.0,real_delta_india
2026-06-25T06:00:00+00:00,51.87,51.95,51.51,51.6,72783.0,real_delta_india
2026-06-25T07:00:00+00:00,51.58,52.05,51.38,51.99,70703.0,real_delta_india
2026-06-25T08:00:00+00:00,52.05,52.38,52.02,52.12,95359.0,real_delta_india
2026-06-25T09:00:00+00:00,52.17,52.34,52.1,52.25,54452.0,real_delta_india
2026-06-25T10:00:00+00:00,52.2,52.25,51.98,52.04,45074.0,real_delta_india
2026-06-25T11:00:00+00:00,52.12,52.13,51.68,51.94,99349.0,real_delta_india
2026-06-25T12:00:00+00:00,51.91,53.08,51.79,52.89,275039.0,real_delta_india
2026-06-25T13:00:00+00:00,53.03,53.63,51.73,51.77,242637.0,real_delta_india
2026-06-25T14:00:00+00:00,51.8,52.86,51.8,52.63,111756.0,real_delta_india
2026-06-25T15:00:00+00:00,52.6,53.39,52.31,53.37,50545.0,real_delta_india
2026-06-25T16:00:00+00:00,53.36,53.41,52.85,52.94,67851.0,real_delta_india
2026-06-25T17:00:00+00:00,52.94,53.13,52.74,52.95,26737.0,real_delta_india
2026-06-25T18:00:00+00:00,52.94,53.13,52.68,52.85,40232.0,real_delta_india
2026-06-25T19:00:00+00:00,52.85,52.9,52.4,52.58,66626.0,real_delta_india
2026-06-25T20:00:00+00:00,52.61,52.73,52.51,52.6,955.0,real_delta_india
2026-06-25T21:00:00+00:00,52.62,52.69,52.59,52.62,6606.0,real_delta_india
2026-06-25T22:00:00+00:00,52.6,52.6,52.3,52.58,21844.0,real_delta_india
2026-06-25T23:00:00+00:00,52.5,52.69,52.31,52.32,21982.0,real_delta_india
2026-06-26T00:00:00+00:00,52.33,52.53,52.11,52.52,9865.0,real_delta_india
2026-06-26T01:00:00+00:00,52.49,52.62,51.66,51.82,48087.0,real_delta_india
2026-06-26T02:00:00+00:00,51.88,51.99,50.58,50.87,92652.0,real_delta_india
2026-06-26T03:00:00+00:00,50.85,51.47,50.79,51.41,83507.0,real_delta_india
2026-06-26T04:00:00+00:00,51.38,51.5,51.15,51.28,33256.0,real_delta_india
2026-06-26T05:00:00+00:00,51.26,51.64,51.13,51.48,100763.0,real_delta_india
2026-06-26T06:00:00+00:00,51.47,53.0,51.22,52.88,177776.0,real_delta_india
2026-06-26T07:00:00+00:00,52.87,52.87,52.46,52.53,64932.0,real_delta_india
2026-06-26T08:00:00+00:00,52.55,52.67,52.34,52.42,58749.0,real_delta_india
2026-06-26T09:00:00+00:00,52.35,53.1,52.33,52.89,81612.0,real_delta_india
2026-06-26T10:00:00+00:00,52.85,53.12,52.69,53.12,87009.0,real_delta_india
2026-06-26T11:00:00+00:00,53.14,53.16,52.72,52.8,79420.0,real_delta_india
2026-06-26T12:00:00+00:00,52.84,53.57,52.7,53.5,129580.0,real_delta_india
2026-06-26T13:00:00+00:00,53.5,53.74,52.64,53.51,143239.0,real_delta_india
2026-06-26T14:00:00+00:00,53.51,54.07,53.37,53.75,153223.0,real_delta_india
2026-06-26T15:00:00+00:00,53.74,54.09,53.55,53.92,98227.0,real_delta_india
2026-06-26T16:00:00+00:00,53.94,54.0,53.71,53.85,52349.0,real_delta_india
2026-06-26T17:00:00+00:00,53.9,53.9,53.6,53.6,27600.0,real_delta_india
2026-06-26T18:00:00+00:00,53.6,53.75,53.42,53.49,20344.0,real_delta_india
2026-06-26T19:00:00+00:00,53.47,53.65,53.44,53.55,9733.0,real_delta_india
2026-06-26T20:00:00+00:00,53.51,53.8,53.16,53.68,30259.0,real_delta_india
2026-06-26T21:00:00+00:00,53.66,53.78,53.61,53.62,18570.0,real_delta_india
2026-06-26T22:00:00+00:00,53.58,53.67,53.58,53.67,622.0,real_delta_india
2026-06-26T23:00:00+00:00,53.68,53.75,53.65,53.74,1253.0,real_delta_india
2026-06-27T00:00:00+00:00,53.72,53.75,53.64,53.68,1295.0,real_delta_india
2026-06-27T01:00:00+00:00,53.68,53.72,53.65,53.67,2934.0,real_delta_india
2026-06-27T02:00:00+00:00,53.64,53.72,53.64,53.68,2972.0,real_delta_india
2026-06-27T03:00:00+00:00,53.7,53.71,53.63,53.71,1649.0,real_delta_india
2026-06-27T04:00:00+00:00,53.68,53.72,53.65,53.66,3165.0,real_delta_india
2026-06-27T05:00:00+00:00,53.63,53.66,53.61,53.65,6055.0,real_delta_india
2026-06-27T06:00:00+00:00,53.65,53.7,53.61,53.68,5142.0,real_delta_india
2026-06-27T07:00:00+00:00,53.68,53.68,53.55,53.63,4725.0,real_delta_india
2026-06-27T08:00:00+00:00,53.65,53.65,53.59,53.6,2439.0,real_delta_india
2026-06-27T09:00:00+00:00,53.63,53.63,53.58,53.61,2911.0,real_delta_india
2026-06-27T10:00:00+00:00,53.64,53.64,53.58,53.64,11231.0,real_delta_india
2026-06-27T11:00:00+00:00,53.64,53.69,53.61,53.62,11563.0,real_delta_india
2026-06-27T12:00:00+00:00,53.62,53.65,53.59,53.59,3669.0,real_delta_india
2026-06-27T13:00:00+00:00,53.64,53.65,53.59,53.64,6345.0,real_delta_india
2026-06-27T14:00:00+00:00,53.64,53.66,53.62,53.64,3949.0,real_delta_india
2026-06-27T15:00:00+00:00,53.62,53.68,53.59,53.62,4534.0,real_delta_india
2026-06-27T16:00:00+00:00,53.65,53.67,53.61,53.62,11546.0,real_delta_india
2026-06-27T17:00:00+00:00,53.63,53.64,53.58,53.58,1701.0,real_delta_india
2026-06-27T18:00:00+00:00,53.61,53.62,53.58,53.61,1259.0,real_delta_india
2026-06-27T19:00:00+00:00,53.58,53.59,53.56,53.59,19.0,real_delta_india
2026-06-27T20:00:00+00:00,53.57,53.6,53.56,53.6,183.0,real_delta_india
2026-06-27T21:00:00+00:00,53.58,53.6,53.57,53.57,487.0,real_delta_india
2026-06-27T22:00:00+00:00,53.54,53.54,53.46,53.48,2483.0,real_delta_india
2026-06-27T23:00:00+00:00,53.5,53.5,53.48,53.5,240.0,real_delta_india
2026-06-28T00:00:00+00:00,53.53,53.59,53.53,53.58,108.0,real_delta_india
2026-06-28T01:00:00+00:00,53.52,53.6,53.49,53.49,82.0,real_delta_india
2026-06-28T02:00:00+00:00,53.53,53.54,53.5,53.54,788.0,real_delta_india
2026-06-28T03:00:00+00:00,53.51,53.58,53.51,53.58,256.0,real_delta_india
2026-06-28T04:00:00+00:00,53.6,53.62,53.56,53.61,3356.0,real_delta_india
2026-06-28T05:00:00+00:00,53.6,53.62,53.55,53.55,10446.0,real_delta_india
2026-06-28T06:00:00+00:00,53.58,53.62,53.55,53.59,683.0,real_delta_india
2026-06-28T07:00:00+00:00,53.6,53.6,53.54,53.55,3064.0,real_delta_india
2026-06-28T08:00:00+00:00,53.58,53.61,53.57,53.58,211.0,real_delta_india
2026-06-28T09:00:00+00:00,53.61,53.61,53.53,53.56,3192.0,real_delta_india
2026-06-28T10:00:00+00:00,53.56,53.56,53.52,53.52,826.0,real_delta_india
2026-06-28T11:00:00+00:00,53.49,53.51,53.48,53.48,678.0,real_delta_india
2026-06-28T12:00:00+00:00,53.54,53.59,53.52,53.53,293.0,real_delta_india
2026-06-28T13:00:00+00:00,53.56,53.59,53.52,53.55,3872.0,real_delta_india
2026-06-28T14:00:00+00:00,53.56,53.58,53.5,53.5,978.0,real_delta_india
2026-06-28T15:00:00+00:00,53.49,53.52,53.46,53.5,4691.0,real_delta_india
2026-06-28T16:00:00+00:00,53.52,53.52,53.47,53.48,1337.0,real_delta_india
2026-06-28T17:00:00+00:00,53.5,53.53,53.46,53.46,3833.0,real_delta_india
2026-06-28T18:00:00+00:00,53.46,53.51,53.46,53.47,1305.0,real_delta_india
2026-06-28T19:00:00+00:00,53.54,53.54,53.49,53.52,1606.0,real_delta_india
2026-06-28T20:00:00+00:00,53.54,53.7,53.54,53.62,819.0,real_delta_india
2026-06-28T21:00:00+00:00,53.64,53.7,53.54,53.54,1684.0,real_delta_india
2026-06-28T22:00:00+00:00,53.47,53.95,53.11,53.34,8456.0,real_delta_india
2026-06-28T23:00:00+00:00,53.54,53.55,53.21,53.39,5383.0,real_delta_india
2026-06-29T00:00:00+00:00,53.2,53.35,52.74,53.35,14039.0,real_delta_india
2026-06-29T01:00:00+00:00,53.13,53.41,52.82,52.98,24608.0,real_delta_india
2026-06-29T02:00:00+00:00,52.9,53.37,52.9,53.27,16546.0,real_delta_india
2026-06-29T03:00:00+00:00,53.34,53.7,53.19,53.27,28180.0,real_delta_india
2026-06-29T04:00:00+00:00,53.26,53.27,52.82,52.86,51820.0,real_delta_india
2026-06-29T05:00:00+00:00,52.9,53.27,52.48,53.14,82481.0,real_delta_india
2026-06-29T06:00:00+00:00,53.16,53.5,53.15,53.24,53734.0,real_delta_india
2026-06-29T07:00:00+00:00,53.22,53.23,52.95,52.97,33583.0,real_delta_india
2026-06-29T08:00:00+00:00,53.0,53.11,52.6,52.7,25208.0,real_delta_india
2026-06-29T09:00:00+00:00,52.64,52.83,52.19,52.41,73437.0,real_delta_india
2026-06-29T10:00:00+00:00,52.42,52.56,52.26,52.5,50191.0,real_delta_india
2026-06-29T11:00:00+00:00,52.53,52.86,52.32,52.85,41070.0,real_delta_india
2026-06-29T12:00:00+00:00,52.8,53.12,52.65,53.02,110680.0,real_delta_india
2026-06-29T13:00:00+00:00,53.08,53.34,52.73,52.81,81964.0,real_delta_india
2026-06-29T14:00:00+00:00,52.82,52.88,52.13,52.68,105787.0,real_delta_india
2026-06-29T15:00:00+00:00,52.65,52.83,52.37,52.79,64089.0,real_delta_india
2026-06-29T16:00:00+00:00,52.77,52.89,52.6,52.81,30265.0,real_delta_india
2026-06-29T17:00:00+00:00,52.82,53.06,52.71,52.86,41293.0,real_delta_india
2026-06-29T18:00:00+00:00,52.89,52.99,52.75,52.82,34274.0,real_delta_india
2026-06-29T19:00:00+00:00,52.82,52.97,52.58,52.91,25663.0,real_delta_india
2026-06-29T20:00:00+00:00,52.87,53.01,52.86,52.96,17507.0,real_delta_india
2026-06-29T21:00:00+00:00,52.98,52.99,52.95,52.98,359.0,real_delta_india
2026-06-29T22:00:00+00:00,52.98,53.01,52.85,52.87,5543.0,real_delta_india
2026-06-29T23:00:00+00:00,53.07,53.17,53.05,53.08,5895.0,real_delta_india
2026-06-30T00:00:00+00:00,52.9,53.0,52.01,52.25,33880.0,real_delta_india
2026-06-30T01:00:00+00:00,52.2,52.44,51.4,52.13,100208.0,real_delta_india
2026-06-30T02:00:00+00:00,52.1,52.36,51.84,52.14,52526.0,real_delta_india
2026-06-30T03:00:00+00:00,52.13,52.42,51.92,52.0,30895.0,real_delta_india
2026-06-30T04:00:00+00:00,52.03,52.68,52.02,52.4,66224.0,real_delta_india
2026-06-30T05:00:00+00:00,52.38,52.44,51.82,52.04,70035.0,real_delta_india
2026-06-30T06:00:00+00:00,52.14,54.15,52.07,53.65,166994.0,real_delta_india
2026-06-30T07:00:00+00:00,53.56,53.68,53.31,53.59,55474.0,real_delta_india
2026-06-30T08:00:00+00:00,53.57,53.68,53.03,53.12,59002.0,real_delta_india
2026-06-30T09:00:00+00:00,53.14,53.42,53.07,53.42,44838.0,real_delta_india
2026-06-30T10:00:00+00:00,53.46,53.64,53.33,53.57,44362.0,real_delta_india
2026-06-30T11:00:00+00:00,53.59,53.74,53.37,53.59,28037.0,real_delta_india
2026-06-30T12:00:00+00:00,53.59,53.6,52.89,53.0,95134.0,real_delta_india
2026-06-30T13:00:00+00:00,53.28,53.92,53.19,53.81,108253.0,real_delta_india
2026-06-30T14:00:00+00:00,53.78,54.88,53.64,54.35,182800.0,real_delta_india
2026-06-30T15:00:00+00:00,54.33,54.46,54.02,54.08,70233.0,real_delta_india
2026-06-30T16:00:00+00:00,54.07,54.3,53.95,54.01,34237.0,real_delta_india
2026-06-30T17:00:00+00:00,54.01,54.2,53.9,54.15,57707.0,real_delta_india
2026-06-30T18:00:00+00:00,54.14,54.38,54.08,54.27,35007.0,real_delta_india
2026-06-30T19:00:00+00:00,54.27,54.27,53.66,53.68,52912.0,real_delta_india
2026-06-30T20:00:00+00:00,53.65,53.83,53.19,53.21,47769.0,real_delta_india
2026-06-30T21:00:00+00:00,53.19,53.26,53.18,53.23,3987.0,real_delta_india
2026-06-30T22:00:00+00:00,53.28,53.46,53.28,53.28,7265.0,real_delta_india
2026-06-30T23:00:00+00:00,53.33,53.43,53.03,53.03,6772.0,real_delta_india
2026-07-01T00:00:00+00:00,53.03,53.23,52.93,53.11,30606.0,real_delta_india
2026-07-01T01:00:00+00:00,53.13,53.25,52.23,52.44,104442.0,real_delta_india
2026-07-01T02:00:00+00:00,52.4,52.6,52.2,52.36,43652.0,real_delta_india
2026-07-01T03:00:00+00:00,52.44,52.69,52.36,52.45,30904.0,real_delta_india
2026-07-01T04:00:00+00:00,52.51,52.55,52.27,52.39,34444.0,real_delta_india
2026-07-01T05:00:00+00:00,52.38,52.4,52.16,52.27,57095.0,real_delta_india
2026-07-01T06:00:00+00:00,52.22,52.34,51.9,52.12,91977.0,real_delta_india
2026-07-01T07:00:00+00:00,52.13,52.41,51.98,52.38,119241.0,real_delta_india
2026-07-01T08:00:00+00:00,52.38,52.57,52.23,52.4,78084.0,real_delta_india
2026-07-01T09:00:00+00:00,52.37,52.75,52.32,52.66,93811.0,real_delta_india
2026-07-01T10:00:00+00:00,52.71,52.92,52.55,52.88,93092.0,real_delta_india
2026-07-01T11:00:00+00:00,52.94,53.68,52.86,53.45,180901.0,real_delta_india
2026-07-01T12:00:00+00:00,53.49,53.59,53.23,53.42,89114.0,real_delta_india
2026-07-01T13:00:00+00:00,53.4,55.17,52.94,54.71,282897.0,real_delta_india
2026-07-01T14:00:00+00:00,54.79,55.42,54.59,54.7,258421.0,real_delta_india
2026-07-01T15:00:00+00:00,54.76,54.82,54.49,54.62,102948.0,real_delta_india
2026-07-01T16:00:00+00:00,54.63,54.86,54.51,54.51,46391.0,real_delta_india
2026-07-01T17:00:00+00:00,54.54,54.61,54.31,54.36,68258.0,real_delta_india
2026-07-01T18:00:00+00:00,54.34,54.48,54.09,54.22,53072.0,real_delta_india
2026-07-01T19:00:00+00:00,54.27,54.39,53.74,53.82,52241.0,real_delta_india
2026-07-01T20:00:00+00:00,53.75,53.79,53.61,53.71,70335.0,real_delta_india
2026-07-01T21:00:00+00:00,53.71,53.93,53.68,53.8,26150.0,real_delta_india
2026-07-01T22:00:00+00:00,53.8,53.94,53.77,53.9,5897.0,real_delta_india
2026-07-01T23:00:00+00:00,53.91,53.91,53.66,53.66,11441.0,real_delta_india
2026-07-02T00:00:00+00:00,53.65,54.07,53.48,53.98,44331.0,real_delta_india
2026-07-02T01:00:00+00:00,54.01,54.61,54.01,54.29,62944.0,real_delta_india
2026-07-02T02:00:00+00:00,54.25,54.64,54.14,54.54,50830.0,real_delta_india
2026-07-02T03:00:00+00:00,54.53,54.87,54.44,54.72,56565.0,real_delta_india
2026-07-02T04:00:00+00:00,54.77,54.89,54.47,54.56,51280.0,real_delta_india
2026-07-02T05:00:00+00:00,54.56,54.57,53.91,54.29,122478.0,real_delta_india
2026-07-02T06:00:00+00:00,54.37,54.69,54.27,54.44,61569.0,real_delta_india
2026-07-02T07:00:00+00:00,54.42,54.45,53.9,53.93,65142.0,real_delta_india
2026-07-02T08:00:00+00:00,53.9,54.8,53.83,54.65,58503.0,real_delta_india
2026-07-02T09:00:00+00:00,54.63,54.69,54.31,54.32,38615.0,real_delta_india
2026-07-02T10:00:00+00:00,54.35,54.43,54.24,54.34,23620.0,real_delta_india
2026-07-02T11:00:00+00:00,54.27,54.57,54.01,54.29,100508.0,real_delta_india
2026-07-02T12:00:00+00:00,54.29,56.0,54.19,55.62,197132.0,real_delta_india
2026-07-02T13:00:00+00:00,55.54,56.37,55.23,56.17,162681.0,real_delta_india
2026-07-02T14:00:00+00:00,56.19,56.19,55.43,55.68,99068.0,real_delta_india
2026-07-02T15:00:00+00:00,55.68,55.72,55.2,55.5,100690.0,real_delta_india
2026-07-02T16:00:00+00:00,55.52,55.52,54.91,55.21,147611.0,real_delta_india
2026-07-02T17:00:00+00:00,55.25,55.3,54.86,54.9,74887.0,real_delta_india
2026-07-02T18:00:00+00:00,54.92,55.33,54.89,55.21,76165.0,real_delta_india
2026-07-02T19:00:00+00:00,55.22,55.35,54.78,55.27,58134.0,real_delta_india
2026-07-02T20:00:00+00:00,55.25,55.4,55.18,55.39,32066.0,real_delta_india
2026-07-02T21:00:00+00:00,55.38,55.44,55.36,55.44,5929.0,real_delta_india
2026-07-02T22:00:00+00:00,55.46,55.46,55.32,55.42,6181.0,real_delta_india
2026-07-02T23:00:00+00:00,55.4,55.54,55.36,55.5,7963.0,real_delta_india
2026-07-03T00:00:00+00:00,55.47,55.84,55.42,55.81,24550.0,real_delta_india
2026-07-03T01:00:00+00:00,55.79,56.72,55.68,56.5,140278.0,real_delta_india
2026-07-03T02:00:00+00:00,56.49,56.84,56.4,56.62,49181.0,real_delta_india
2026-07-03T03:00:00+00:00,56.66,56.66,56.43,56.51,57880.0,real_delta_india
2026-07-03T04:00:00+00:00,56.53,56.89,56.44,56.61,129503.0,real_delta_india
2026-07-03T05:00:00+00:00,56.66,56.82,56.47,56.6,80647.0,real_delta_india
2026-07-03T06:00:00+00:00,56.6,56.71,56.35,56.64,80507.0,real_delta_india
2026-07-03T07:00:00+00:00,56.64,57.06,56.59,56.88,205804.0,real_delta_india
2026-07-03T08:00:00+00:00,56.91,57.1,56.8,56.91,105821.0,real_delta_india
2026-07-03T09:00:00+00:00,56.91,56.94,56.75,56.8,50444.0,real_delta_india
2026-07-03T10:00:00+00:00,56.75,56.92,56.61,56.68,87530.0,real_delta_india
2026-07-03T11:00:00+00:00,56.65,56.75,56.51,56.57,68648.0,real_delta_india
2026-07-03T12:00:00+00:00,56.64,56.7,56.29,56.66,86072.0,real_delta_india
2026-07-03T13:00:00+00:00,56.6,56.71,56.2,56.44,129063.0,real_delta_india
2026-07-03T14:00:00+00:00,56.43,56.69,56.4,56.66,42724.0,real_delta_india
2026-07-03T15:00:00+00:00,56.62,56.76,56.44,56.46,41647.0,real_delta_india
2026-07-03T16:00:00+00:00,56.47,56.65,56.47,56.6,19710.0,real_delta_india
2026-07-03T17:00:00+00:00,56.63,56.67,56.58,56.64,30760.0,real_delta_india
2026-07-03T18:00:00+00:00,56.67,56.67,56.57,56.65,29422.0,real_delta_india
2026-07-03T19:00:00+00:00,56.64,56.67,56.59,56.59,5731.0,real_delta_india
2026-07-03T20:00:00+00:00,56.59,56.65,56.59,56.64,4860.0,real_delta_india
2026-07-03T21:00:00+00:00,56.64,56.66,56.6,56.61,3937.0,real_delta_india
2026-07-03T22:00:00+00:00,56.61,56.64,56.61,56.62,950.0,real_delta_india
2026-07-03T23:00:00+00:00,56.65,56.7,56.61,56.7,2324.0,real_delta_india
2026-07-04T00:00:00+00:00,56.65,56.7,56.64,56.67,2807.0,real_delta_india
2026-07-04T01:00:00+00:00,56.66,56.66,56.62,56.66,3660.0,real_delta_india
2026-07-04T02:00:00+00:00,56.63,56.67,56.63,56.66,5120.0,real_delta_india
2026-07-04T03:00:00+00:00,56.66,56.67,56.63,56.64,4839.0,real_delta_india
2026-07-04T04:00:00+00:00,56.64,56.71,56.64,56.7,17882.0,real_delta_india
2026-07-04T05:00:00+00:00,56.7,56.7,56.65,56.69,8247.0,real_delta_india
2026-07-04T06:00:00+00:00,56.69,56.69,56.63,56.65,5756.0,real_delta_india
2026-07-04T07:00:00+00:00,56.67,56.73,56.65,56.7,13102.0,real_delta_india
2026-07-04T08:00:00+00:00,56.67,56.7,56.65,56.65,2220.0,real_delta_india
2026-07-04T09:00:00+00:00,56.68,56.68,56.65,56.65,2206.0,real_delta_india
2026-07-04T10:00:00+00:00,56.68,56.68,56.65,56.66,1501.0,real_delta_india
2026-07-04T11:00:00+00:00,56.66,56.71,56.65,56.67,7935.0,real_delta_india
2026-07-04T12:00:00+00:00,56.7,56.72,56.64,56.69,17852.0,real_delta_india
2026-07-04T13:00:00+00:00,56.66,56.69,56.6,56.67,3900.0,real_delta_india
2026-07-04T14:00:00+00:00,56.67,56.69,56.61,56.67,7341.0,real_delta_india
2026-07-04T15:00:00+00:00,56.67,56.67,56.6,56.67,4037.0,real_delta_india
2026-07-04T16:00:00+00:00,56.67,56.7,56.6,56.65,8388.0,real_delta_india
2026-07-04T17:00:00+00:00,56.62,56.68,56.62,56.64,2551.0,real_delta_india
2026-07-04T18:00:00+00:00,56.64,56.68,56.6,56.64,4890.0,real_delta_india
2026-07-04T19:00:00+00:00,56.64,57.1,56.64,56.87,13163.0,real_delta_india
2026-07-04T20:00:00+00:00,56.83,56.92,56.79,56.92,11152.0,real_delta_india
2026-07-04T21:00:00+00:00,56.93,56.94,56.88,56.92,2184.0,real_delta_india
2026-07-04T22:00:00+00:00,56.9,56.95,56.9,56.93,842.0,real_delta_india
2026-07-04T23:00:00+00:00,56.91,57.13,56.91,57.08,7225.0,real_delta_india
2026-07-05T00:00:00+00:00,57.07,57.07,56.92,56.97,13162.0,real_delta_india
2026-07-05T01:00:00+00:00,56.98,57.05,56.97,57.0,4647.0,real_delta_india
2026-07-05T02:00:00+00:00,56.95,56.98,56.77,56.77,10661.0,real_delta_india
2026-07-05T03:00:00+00:00,56.75,56.82,56.75,56.78,11691.0,real_delta_india
2026-07-05T04:00:00+00:00,56.81,56.91,56.78,56.88,19255.0,real_delta_india
2026-07-05T05:00:00+00:00,56.89,56.89,56.81,56.83,2389.0,real_delta_india
2026-07-05T06:00:00+00:00,56.86,56.87,56.8,56.84,1997.0,real_delta_india
2026-07-05T07:00:00+00:00,56.87,56.87,56.8,56.84,2568.0,real_delta_india
2026-07-05T08:00:00+00:00,56.84,56.89,56.81,56.89,4790.0,real_delta_india
2026-07-05T09:00:00+00:00,56.94,56.98,56.9,56.96,5675.0,real_delta_india
2026-07-05T10:00:00+00:00,56.96,57.05,56.96,57.03,19237.0,real_delta_india
2026-07-05T11:00:00+00:00,57.03,57.08,56.95,57.08,29678.0,real_delta_india
2026-07-05T12:00:00+00:00,57.03,57.13,56.98,57.13,3943.0,real_delta_india
2026-07-05T13:00:00+00:00,57.1,57.27,57.1,57.12,12281.0,real_delta_india
2026-07-05T14:00:00+00:00,57.12,57.15,57.01,57.02,6706.0,real_delta_india
2026-07-05T15:00:00+00:00,57.02,57.34,56.96,57.08,37754.0,real_delta_india
2026-07-05T16:00:00+00:00,57.07,57.1,57.0,57.09,7929.0,real_delta_india
2026-07-05T17:00:00+00:00,57.07,57.09,56.97,56.98,22318.0,real_delta_india
2026-07-05T18:00:00+00:00,56.98,57.08,56.96,57.01,25366.0,real_delta_india
2026-07-05T19:00:00+00:00,56.96,57.09,56.86,56.96,20049.0,real_delta_india
2026-07-05T20:00:00+00:00,56.93,57.02,56.93,56.93,2864.0,real_delta_india
2026-07-05T21:00:00+00:00,56.96,56.98,56.88,56.96,2204.0,real_delta_india
2026-07-05T22:00:00+00:00,56.88,57.37,56.75,57.33,22753.0,real_delta_india
2026-07-05T23:00:00+00:00,57.29,57.47,56.92,57.01,22603.0,real_delta_india
2026-07-06T00:00:00+00:00,57.0,57.12,56.69,56.91,23308.0,real_delta_india
2026-07-06T01:00:00+00:00,56.85,57.21,56.63,56.66,39223.0,real_delta_india
2026-07-06T02:00:00+00:00,56.69,56.7,56.22,56.32,57171.0,real_delta_india
2026-07-06T03:00:00+00:00,56.29,56.38,56.05,56.17,56627.0,real_delta_india
2026-07-06T04:00:00+00:00,56.12,56.18,55.99,56.17,22003.0,real_delta_india
2026-07-06T05:00:00+00:00,56.17,56.23,55.9,55.9,28483.0,real_delta_india
2026-07-06T06:00:00+00:00,55.97,56.24,55.9,56.03,34930.0,real_delta_india
2026-07-06T07:00:00+00:00,56.0,56.62,55.95,56.58,39607.0,real_delta_india
2026-07-06T08:00:00+00:00,56.58,56.61,56.14,56.3,42283.0,real_delta_india
2026-07-06T09:00:00+00:00,56.27,56.44,56.12,56.25,27252.0,real_delta_india
2026-07-06T10:00:00+00:00,56.26,56.5,56.16,56.38,35945.0,real_delta_india
2026-07-06T11:00:00+00:00,56.34,56.49,56.25,56.43,19048.0,real_delta_india
2026-07-06T12:00:00+00:00,56.43,56.53,55.79,55.9,79520.0,real_delta_india
2026-07-06T13:00:00+00:00,55.88,56.32,55.66,56.13,202864.0,real_delta_india
2026-07-06T14:00:00+00:00,56.13,56.25,55.79,56.05,95681.0,real_delta_india
2026-07-06T15:00:00+00:00,56.06,56.24,55.95,56.13,54790.0,real_delta_india
2026-07-06T16:00:00+00:00,56.1,56.18,55.85,56.1,33911.0,real_delta_india
2026-07-06T17:00:00+00:00,56.11,56.39,56.0,56.25,77195.0,real_delta_india
2026-07-06T18:00:00+00:00,56.27,56.6,56.19,56.48,37876.0,real_delta_india
2026-07-06T19:00:00+00:00,56.48,56.48,56.3,56.34,19184.0,real_delta_india
2026-07-06T20:00:00+00:00,56.32,56.38,56.27,56.38,5928.0,real_delta_india
2026-07-06T21:00:00+00:00,56.39,56.42,56.29,56.29,10168.0,real_delta_india
2026-07-06T22:00:00+00:00,56.28,56.36,56.25,56.25,3732.0,real_delta_india
2026-07-06T23:00:00+00:00,56.26,56.29,56.01,56.01,13780.0,real_delta_india
2026-07-07T00:00:00+00:00,56.0,56.22,55.77,55.77,24452.0,real_delta_india
2026-07-07T01:00:00+00:00,55.75,55.83,55.26,55.79,79639.0,real_delta_india
2026-07-07T02:00:00+00:00,55.79,55.92,55.52,55.54,26193.0,real_delta_india
2026-07-07T03:00:00+00:00,55.56,55.67,55.23,55.42,38217.0,real_delta_india
2026-07-07T04:00:00+00:00,55.4,55.58,55.16,55.21,29135.0,real_delta_india
2026-07-07T05:00:00+00:00,55.2,55.26,54.7,54.9,95859.0,real_delta_india
2026-07-07T06:00:00+00:00,54.98,55.57,54.98,55.43,51192.0,real_delta_india
2026-07-07T07:00:00+00:00,55.43,55.43,55.16,55.16,31330.0,real_delta_india
2026-07-07T08:00:00+00:00,55.19,55.55,55.14,55.22,47826.0,real_delta_india
2026-07-07T09:00:00+00:00,55.27,55.33,55.12,55.24,19193.0,real_delta_india
2026-07-07T10:00:00+00:00,55.24,55.43,55.12,55.15,36524.0,real_delta_india
2026-07-07T11:00:00+00:00,55.11,55.69,55.01,55.67,74958.0,real_delta_india
2026-07-07T12:00:00+00:00,55.7,56.0,55.62,55.9,180843.0,real_delta_india
2026-07-07T13:00:00+00:00,55.9,56.11,55.42,55.6,132039.0,real_delta_india
2026-07-07T14:00:00+00:00,55.59,55.71,55.03,55.27,86958.0,real_delta_india
2026-07-07T15:00:00+00:00,55.25,55.3,54.85,54.97,59856.0,real_delta_india
2026-07-07T16:00:00+00:00,55.0,55.33,54.98,55.26,60945.0,real_delta_india
2026-07-07T17:00:00+00:00,55.27,55.36,55.1,55.35,32683.0,real_delta_india
2026-07-07T18:00:00+00:00,55.32,55.34,54.8,54.83,27453.0,real_delta_india
2026-07-07T19:00:00+00:00,54.8,54.8,53.87,54.62,177329.0,real_delta_india
2026-07-07T20:00:00+00:00,54.64,54.69,54.3,54.44,16234.0,real_delta_india
2026-07-07T21:00:00+00:00,54.46,54.46,54.35,54.4,6151.0,real_delta_india
2026-07-07T22:00:00+00:00,54.34,54.34,54.05,54.21,7782.0,real_delta_india
2026-07-07T23:00:00+00:00,54.26,54.33,54.08,54.11,5934.0,real_delta_india
2026-07-08T00:00:00+00:00,54.12,54.65,54.09,54.59,24181.0,real_delta_india
2026-07-08T01:00:00+00:00,54.44,54.64,54.08,54.4,62623.0,real_delta_india
2026-07-08T02:00:00+00:00,54.41,54.53,54.3,54.42,19790.0,real_delta_india
2026-07-08T03:00:00+00:00,54.47,55.08,54.47,54.75,57514.0,real_delta_india
2026-07-08T04:00:00+00:00,54.71,54.82,54.64,54.72,44833.0,real_delta_india
2026-07-08T05:00:00+00:00,54.74,55.28,54.72,55.17,83666.0,real_delta_india
2026-07-08T06:00:00+00:00,55.21,55.34,54.94,55.04,32328.0,real_delta_india
2026-07-08T07:00:00+00:00,54.99,55.14,54.82,54.99,65979.0,real_delta_india
2026-07-08T08:00:00+00:00,54.89,55.03,52.79,52.98,242511.0,real_delta_india
2026-07-08T09:00:00+00:00,52.96,53.27,52.83,52.86,94233.0,real_delta_india
2026-07-08T10:00:00+00:00,52.89,53.29,52.89,53.0,64603.0,real_delta_india
2026-07-08T11:00:00+00:00,53.03,53.54,52.66,53.24,118703.0,real_delta_india
2026-07-08T12:00:00+00:00,53.28,53.45,52.92,53.09,55605.0,real_delta_india
2026-07-08T13:00:00+00:00,53.16,53.45,52.89,53.02,70668.0,real_delta_india
2026-07-08T14:00:00+00:00,52.98,53.02,52.26,52.41,131839.0,real_delta_india
2026-07-08T15:00:00+00:00,52.41,52.51,51.91,52.08,81212.0,real_delta_india
2026-07-08T16:00:00+00:00,52.08,52.63,52.06,52.52,80622.0,real_delta_india
2026-07-08T17:00:00+00:00,52.52,53.04,52.43,52.7,64400.0,real_delta_india
2026-07-08T18:00:00+00:00,52.72,53.18,52.72,53.09,64852.0,real_delta_india
2026-07-08T19:00:00+00:00,53.09,53.19,52.93,52.99,59597.0,real_delta_india
2026-07-08T20:00:00+00:00,52.96,53.01,52.72,52.89,30449.0,real_delta_india
2026-07-08T21:00:00+00:00,52.92,52.94,52.88,52.91,1194.0,real_delta_india
2026-07-08T22:00:00+00:00,52.92,53.04,52.91,52.98,6843.0,real_delta_india
2026-07-08T23:00:00+00:00,52.95,53.03,52.89,52.97,8843.0,real_delta_india
2026-07-09T00:00:00+00:00,52.98,53.13,52.84,52.86,16480.0,real_delta_india
2026-07-09T01:00:00+00:00,52.83,52.94,52.45,52.71,61694.0,real_delta_india
2026-07-09T02:00:00+00:00,52.75,52.99,52.47,52.47,40855.0,real_delta_india
2026-07-09T03:00:00+00:00,52.49,52.53,52.22,52.45,49478.0,real_delta_india
2026-07-09T04:00:00+00:00,52.48,52.6,52.34,52.6,32223.0,real_delta_india
2026-07-09T05:00:00+00:00,52.59,53.05,52.54,52.98,57630.0,real_delta_india
2026-07-09T06:00:00+00:00,53.02,53.53,53.0,53.5,95881.0,real_delta_india
2026-07-09T07:00:00+00:00,53.53,53.75,53.44,53.7,112606.0,real_delta_india
2026-07-09T08:00:00+00:00,53.7,53.91,53.61,53.66,64994.0,real_delta_india
2026-07-09T09:00:00+00:00,53.63,53.72,53.56,53.65,48132.0,real_delta_india
2026-07-09T10:00:00+00:00,53.66,53.66,53.28,53.38,56306.0,real_delta_india
2026-07-09T11:00:00+00:00,53.36,53.62,53.32,53.52,60336.0,real_delta_india
2026-07-09T12:00:00+00:00,53.52,54.09,53.42,53.78,136483.0,real_delta_india
2026-07-09T13:00:00+00:00,53.81,54.71,53.71,54.63,178603.0,real_delta_india
2026-07-09T14:00:00+00:00,54.64,54.83,54.3,54.65,214527.0,real_delta_india
2026-07-09T15:00:00+00:00,54.62,54.86,54.59,54.7,113805.0,real_delta_india
2026-07-09T16:00:00+00:00,54.69,54.95,54.66,54.75,88115.0,real_delta_india
2026-07-09T17:00:00+00:00,54.75,54.82,54.57,54.8,81029.0,real_delta_india
2026-07-09T18:00:00+00:00,54.77,54.79,54.39,54.44,48920.0,real_delta_india
2026-07-09T19:00:00+00:00,54.46,54.46,54.29,54.32,29236.0,real_delta_india
2026-07-09T20:00:00+00:00,54.34,54.44,54.3,54.4,16999.0,real_delta_india
2026-07-09T21:00:00+00:00,54.38,54.41,54.35,54.37,10402.0,real_delta_india
2026-07-09T22:00:00+00:00,54.37,54.41,54.33,54.37,9537.0,real_delta_india
2026-07-09T23:00:00+00:00,54.37,54.46,54.36,54.44,5431.0,real_delta_india
2026-07-10T00:00:00+00:00,54.43,54.6,54.17,54.53,33850.0,real_delta_india
2026-07-10T01:00:00+00:00,54.62,54.73,54.22,54.56,42839.0,real_delta_india
2026-07-10T02:00:00+00:00,54.5,54.83,54.48,54.75,27774.0,real_delta_india
2026-07-10T03:00:00+00:00,54.83,55.1,54.68,54.78,30142.0,real_delta_india
2026-07-10T04:00:00+00:00,54.78,54.86,54.66,54.71,29453.0,real_delta_india
2026-07-10T05:00:00+00:00,54.71,54.73,54.36,54.62,63948.0,real_delta_india
2026-07-10T06:00:00+00:00,54.64,54.76,54.45,54.49,48340.0,real_delta_india
2026-07-10T07:00:00+00:00,54.46,54.58,54.21,54.34,50040.0,real_delta_india
2026-07-10T08:00:00+00:00,54.35,54.39,53.84,53.97,115209.0,real_delta_india
2026-07-10T09:00:00+00:00,53.97,54.02,53.86,53.94,48177.0,real_delta_india
2026-07-10T10:00:00+00:00,53.96,54.15,53.75,53.76,74091.0,real_delta_india
2026-07-10T11:00:00+00:00,53.75,54.04,53.75,53.87,66244.0,real_delta_india
2026-07-10T12:00:00+00:00,53.89,54.26,53.81,54.1,65876.0,real_delta_india
2026-07-10T13:00:00+00:00,54.08,54.32,53.85,54.15,101042.0,real_delta_india
2026-07-10T14:00:00+00:00,54.16,54.44,53.42,53.91,163585.0,real_delta_india
2026-07-10T15:00:00+00:00,53.9,54.39,53.89,54.37,38168.0,real_delta_india
2026-07-10T16:00:00+00:00,54.37,54.42,54.17,54.17,40979.0,real_delta_india
2026-07-10T17:00:00+00:00,54.17,54.24,54.0,54.0,27820.0,real_delta_india
2026-07-10T18:00:00+00:00,54.04,54.14,53.98,53.99,26552.0,real_delta_india
2026-07-10T19:00:00+00:00,54.08,54.15,54.04,54.13,9530.0,real_delta_india
2026-07-10T20:00:00+00:00,54.19,54.3,54.16,54.3,13027.0,real_delta_india
2026-07-10T21:00:00+00:00,54.31,54.34,54.26,54.28,3633.0,real_delta_india
2026-07-10T22:00:00+00:00,54.26,54.3,54.26,54.26,2754.0,real_delta_india
2026-07-10T23:00:00+00:00,54.29,54.29,54.27,54.27,1037.0,real_delta_india
2026-07-11T00:00:00+00:00,54.29,54.35,54.27,54.28,5500.0,real_delta_india
2026-07-11T01:00:00+00:00,54.28,54.32,54.24,54.3,21902.0,real_delta_india
2026-07-11T02:00:00+00:00,54.3,54.3,54.27,54.27,2888.0,real_delta_india
2026-07-11T03:00:00+00:00,54.27,54.3,54.27,54.28,7510.0,real_delta_india
2026-07-11T04:00:00+00:00,54.31,54.33,54.29,54.33,976.0,real_delta_india
2026-07-11T05:00:00+00:00,54.33,54.33,54.3,54.33,2549.0,real_delta_india
2026-07-11T06:00:00+00:00,54.31,54.33,54.28,54.28,7717.0,real_delta_india
2026-07-11T07:00:00+00:00,54.28,54.3,54.26,54.28,8253.0,real_delta_india
2026-07-11T08:00:00+00:00,54.28,54.3,54.26,54.3,2883.0,real_delta_india
2026-07-11T09:00:00+00:00,54.3,54.32,54.28,54.32,2652.0,real_delta_india
2026-07-11T10:00:00+00:00,54.32,54.32,54.3,54.3,1050.0,real_delta_india
2026-07-11T11:00:00+00:00,54.3,54.31,54.27,54.27,4648.0,real_delta_india
2026-07-11T12:00:00+00:00,54.29,54.3,54.23,54.24,3719.0,real_delta_india
2026-07-11T13:00:00+00:00,54.23,54.27,54.22,54.23,2308.0,real_delta_india
2026-07-11T14:00:00+00:00,54.25,54.27,54.23,54.27,497.0,real_delta_india
2026-07-11T15:00:00+00:00,54.22,54.27,54.21,54.24,4510.0,real_delta_india
2026-07-11T16:00:00+00:00,54.24,54.25,54.22,54.22,5867.0,real_delta_india
2026-07-11T17:00:00+00:00,54.24,54.24,54.21,54.23,2381.0,real_delta_india
2026-07-11T18:00:00+00:00,54.21,54.23,54.2,54.23,2488.0,real_delta_india
2026-07-11T19:00:00+00:00,54.23,54.23,54.21,54.23,222.0,real_delta_india
2026-07-11T20:00:00+00:00,54.21,54.21,54.2,54.2,82.0,real_delta_india
2026-07-11T21:00:00+00:00,54.2,54.22,54.18,54.21,3038.0,real_delta_india
2026-07-11T22:00:00+00:00,54.22,54.25,54.22,54.22,322.0,real_delta_india
2026-07-11T23:00:00+00:00,54.2,54.2,54.17,54.19,1870.0,real_delta_india
2026-07-12T00:00:00+00:00,54.18,54.2,54.14,54.14,3546.0,real_delta_india
2026-07-12T01:00:00+00:00,54.14,54.18,54.14,54.15,3342.0,real_delta_india
2026-07-12T02:00:00+00:00,54.16,54.19,54.14,54.19,6150.0,real_delta_india
2026-07-12T03:00:00+00:00,54.17,54.21,54.17,54.21,4176.0,real_delta_india
2026-07-12T04:00:00+00:00,54.21,54.22,54.18,54.22,10778.0,real_delta_india
2026-07-12T05:00:00+00:00,54.22,54.22,54.17,54.2,4436.0,real_delta_india
2026-07-12T06:00:00+00:00,54.2,54.22,54.15,54.17,18159.0,real_delta_india
2026-07-12T07:00:00+00:00,54.15,54.17,54.13,54.17,2022.0,real_delta_india
2026-07-12T08:00:00+00:00,54.14,54.15,54.12,54.12,966.0,real_delta_india
2026-07-12T09:00:00+00:00,54.12,54.14,54.12,54.13,1425.0,real_delta_india
2026-07-12T10:00:00+00:00,54.13,54.17,54.13,54.15,1147.0,real_delta_india
2026-07-12T11:00:00+00:00,54.13,54.18,54.12,54.17,913.0,real_delta_india
2026-07-12T12:00:00+00:00,54.19,54.22,54.16,54.22,3865.0,real_delta_india
2026-07-12T13:00:00+00:00,54.21,54.27,54.1,54.12,21116.0,real_delta_india
2026-07-12T14:00:00+00:00,54.12,54.12,54.06,54.08,8416.0,real_delta_india
2026-07-12T15:00:00+00:00,54.08,54.13,54.07,54.11,1341.0,real_delta_india
2026-07-12T16:00:00+00:00,54.09,54.11,54.07,54.08,7427.0,real_delta_india
2026-07-12T17:00:00+00:00,54.07,54.08,54.04,54.06,4698.0,real_delta_india
2026-07-12T18:00:00+00:00,54.04,54.07,54.01,54.03,7344.0,real_delta_india
2026-07-12T19:00:00+00:00,54.02,54.06,54.02,54.05,4448.0,real_delta_india
2026-07-12T20:00:00+00:00,54.04,54.07,54.02,54.07,835.0,real_delta_india
2026-07-12T21:00:00+00:00,54.04,54.07,54.01,54.01,4192.0,real_delta_india
2026-07-12T22:00:00+00:00,54.01,54.01,53.2,53.28,54183.0,real_delta_india
2026-07-12T23:00:00+00:00,53.26,53.47,53.14,53.45,33415.0,real_delta_india
2026-07-13T00:00:00+00:00,53.37,53.84,53.26,53.32,29339.0,real_delta_india
2026-07-13T01:00:00+00:00,53.25,53.62,53.01,53.05,47133.0,real_delta_india
2026-07-13T02:00:00+00:00,53.07,53.13,52.85,52.96,55706.0,real_delta_india
2026-07-13T03:00:00+00:00,52.96,52.96,52.61,52.76,68138.0,real_delta_india
2026-07-13T04:00:00+00:00,52.76,52.82,52.6,52.82,27462.0,real_delta_india
2026-07-13T05:00:00+00:00,52.8,53.07,52.55,52.63,66051.0,real_delta_india
2026-07-13T06:00:00+00:00,52.66,52.77,52.35,52.56,82905.0,real_delta_india
2026-07-13T07:00:00+00:00,52.59,53.06,52.49,53.03,47967.0,real_delta_india
2026-07-13T08:00:00+00:00,53.1,53.48,53.09,53.36,86718.0,real_delta_india
2026-07-13T09:00:00+00:00,53.37,53.39,53.0,53.03,46844.0,real_delta_india
2026-07-13T10:00:00+00:00,53.01,53.12,52.84,52.98,31716.0,real_delta_india
2026-07-13T11:00:00+00:00,52.96,53.28,52.91,53.09,25872.0,real_delta_india
2026-07-13T12:00:00+00:00,53.1,53.21,52.8,53.18,43874.0,real_delta_india
2026-07-13T13:00:00+00:00,53.02,53.24,52.66,52.79,104832.0,real_delta_india
2026-07-13T14:00:00+00:00,52.82,52.82,52.17,52.7,146695.0,real_delta_india
2026-07-13T15:00:00+00:00,52.71,52.76,52.52,52.56,51447.0,real_delta_india
2026-07-13T16:00:00+00:00,52.58,52.65,52.08,52.24,89286.0,real_delta_india
2026-07-13T17:00:00+00:00,52.23,52.4,51.96,52.0,121242.0,real_delta_india
2026-07-13T18:00:00+00:00,51.98,52.32,51.94,52.21,66885.0,real_delta_india
2026-07-13T19:00:00+00:00,52.25,52.32,52.07,52.31,21567.0,real_delta_india
2026-07-13T20:00:00+00:00,52.33,52.4,52.18,52.29,16011.0,real_delta_india
2026-07-13T21:00:00+00:00,52.32,52.33,52.29,52.31,1941.0,real_delta_india
2026-07-13T22:00:00+00:00,52.29,52.32,52.24,52.24,3318.0,real_delta_india
2026-07-13T23:00:00+00:00,52.21,52.23,52.07,52.23,7459.0,real_delta_india
2026-07-14T00:00:00+00:00,52.28,52.28,51.75,52.11,68515.0,real_delta_india
2026-07-14T01:00:00+00:00,52.1,52.1,51.57,52.06,40516.0,real_delta_india
2026-07-14T02:00:00+00:00,52.01,52.36,51.96,52.23,44379.0,real_delta_india
2026-07-14T03:00:00+00:00,52.22,52.32,51.99,52.3,36743.0,real_delta_india
2026-07-14T04:00:00+00:00,52.33,52.44,52.17,52.42,20484.0,real_delta_india
2026-07-14T05:00:00+00:00,52.44,52.95,52.42,52.83,81218.0,real_delta_india
2026-07-14T06:00:00+00:00,52.8,52.83,52.61,52.73,42347.0,real_delta_india
2026-07-14T07:00:00+00:00,52.7,52.8,52.54,52.57,25008.0,real_delta_india
2026-07-14T08:00:00+00:00,52.57,52.71,52.45,52.58,31669.0,real_delta_india
2026-07-14T09:00:00+00:00,52.56,52.76,52.55,52.67,24892.0,real_delta_india
2026-07-14T10:00:00+00:00,52.69,52.69,52.46,52.54,34113.0,real_delta_india
2026-07-14T11:00:00+00:00,52.49,52.68,52.36,52.68,44285.0,real_delta_india
2026-07-14T12:00:00+00:00,52.68,54.06,52.42,53.57,247711.0,real_delta_india
2026-07-14T13:00:00+00:00,53.56,54.0,53.41,53.59,125416.0,real_delta_india
2026-07-14T14:00:00+00:00,53.54,53.86,53.38,53.75,74922.0,real_delta_india
2026-07-14T15:00:00+00:00,53.76,54.09,53.27,53.31,58815.0,real_delta_india
2026-07-14T16:00:00+00:00,53.31,53.4,53.17,53.28,66234.0,real_delta_india
2026-07-14T17:00:00+00:00,53.28,53.35,53.13,53.32,23149.0,real_delta_india
2026-07-14T18:00:00+00:00,53.32,53.36,53.02,53.18,46555.0,real_delta_india
2026-07-14T19:00:00+00:00,53.15,53.34,53.14,53.34,36884.0,real_delta_india
2026-07-14T20:00:00+00:00,53.31,53.33,53.19,53.24,8761.0,real_delta_india
2026-07-14T21:00:00+00:00,53.26,53.3,53.24,53.27,1337.0,real_delta_india
2026-07-14T22:00:00+00:00,53.28,53.3,53.2,53.22,732.0,real_delta_india
2026-07-14T23:00:00+00:00,53.24,53.35,53.19,53.33,5869.0,real_delta_india
2026-07-15T00:00:00+00:00,53.31,53.53,53.26,53.51,48596.0,real_delta_india
2026-07-15T01:00:00+00:00,53.42,53.54,52.95,53.0,129681.0,real_delta_india
2026-07-15T02:00:00+00:00,52.94,53.23,52.84,53.15,35573.0,real_delta_india
2026-07-15T03:00:00+00:00,53.06,53.11,52.81,52.99,32550.0,real_delta_india
2026-07-15T04:00:00+00:00,53.04,53.07,52.93,53.04,31924.0,real_delta_india
2026-07-15T05:00:00+00:00,53.08,53.09,52.71,53.09,66830.0,real_delta_india
2026-07-15T06:00:00+00:00,53.07,53.09,52.65,52.94,57913.0,real_delta_india
2026-07-15T07:00:00+00:00,52.88,53.09,52.62,52.78,33211.0,real_delta_india
2026-07-15T08:00:00+00:00,52.83,53.0,52.71,53.0,15130.0,real_delta_india
2026-07-15T09:00:00+00:00,53.0,53.06,52.84,52.94,18719.0,real_delta_india
2026-07-15T10:00:00+00:00,52.91,52.94,52.6,52.64,23133.0,real_delta_india
2026-07-15T11:00:00+00:00,52.67,52.84,52.5,52.82,38100.0,real_delta_india
2026-07-15T12:00:00+00:00,52.82,53.31,52.48,53.22,215587.0,real_delta_india
2026-07-15T13:00:00+00:00,53.19,53.43,52.8,52.95,132276.0,real_delta_india
2026-07-15T14:00:00+00:00,53.01,53.08,52.62,52.76,80135.0,real_delta_india
2026-07-15T15:00:00+00:00,52.79,52.84,52.18,52.32,142583.0,real_delta_india
2026-07-15T16:00:00+00:00,52.36,52.36,51.42,51.68,276354.0,real_delta_india
2026-07-15T17:00:00+00:00,51.66,52.42,51.65,52.35,153469.0,real_delta_india
2026-07-15T18:00:00+00:00,52.35,53.0,52.35,52.58,207285.0,real_delta_india
2026-07-15T19:00:00+00:00,52.58,52.7,52.32,52.41,57249.0,real_delta_india
2026-07-15T20:00:00+00:00,52.45,52.55,52.42,52.48,9553.0,real_delta_india
2026-07-15T21:00:00+00:00,52.48,52.56,52.48,52.52,4181.0,real_delta_india
2026-07-15T22:00:00+00:00,52.49,52.53,52.43,52.48,6592.0,real_delta_india
2026-07-15T23:00:00+00:00,52.45,52.53,52.42,52.48,12183.0,real_delta_india
2026-07-16T00:00:00+00:00,52.48,52.52,52.18,52.19,37235.0,real_delta_india
2026-07-16T01:00:00+00:00,52.17,52.3,51.67,51.83,113223.0,real_delta_india
2026-07-16T02:00:00+00:00,51.86,51.92,51.68,51.89,63054.0,real_delta_india
2026-07-16T03:00:00+00:00,51.89,51.99,51.72,51.93,37820.0,real_delta_india
2026-07-16T04:00:00+00:00,51.97,51.97,51.79,51.82,23561.0,real_delta_india
2026-07-16T05:00:00+00:00,51.88,52.03,51.71,51.95,69983.0,real_delta_india
2026-07-16T06:00:00+00:00,52.0,52.2,51.63,51.93,123890.0,real_delta_india
2026-07-16T07:00:00+00:00,51.93,51.93,51.52,51.65,79767.0,real_delta_india
2026-07-16T08:00:00+00:00,51.66,51.84,51.36,51.84,107195.0,real_delta_india
2026-07-16T09:00:00+00:00,51.81,51.87,51.66,51.72,49041.0,real_delta_india
2026-07-16T10:00:00+00:00,51.71,51.71,51.34,51.38,85138.0,real_delta_india
2026-07-16T11:00:00+00:00,51.38,51.6,51.24,51.51,157391.0,real_delta_india
2026-07-16T12:00:00+00:00,51.53,51.6,50.66,50.77,286517.0,real_delta_india
2026-07-16T13:00:00+00:00,50.73,51.23,50.36,50.6,317018.0,real_delta_india
2026-07-16T14:00:00+00:00,50.65,51.14,50.56,50.96,190863.0,real_delta_india
2026-07-16T15:00:00+00:00,51.0,51.36,50.83,51.11,186605.0,real_delta_india
2026-07-16T16:00:00+00:00,51.11,51.12,50.69,50.94,131774.0,real_delta_india
2026-07-16T17:00:00+00:00,50.9,50.98,50.52,50.62,131864.0,real_delta_india
2026-07-16T18:00:00+00:00,50.62,50.77,50.28,50.48,92630.0,real_delta_india
2026-07-16T19:00:00+00:00,50.48,50.64,50.32,50.64,82924.0,real_delta_india
2026-07-16T20:00:00+00:00,50.61,50.61,50.4,50.48,45902.0,real_delta_india
2026-07-16T21:00:00+00:00,50.47,50.64,50.47,50.62,8987.0,real_delta_india
2026-07-16T22:00:00+00:00,50.55,50.55,50.35,50.42,13900.0,real_delta_india
2026-07-16T23:00:00+00:00,50.42,50.51,50.36,50.5,8002.0,real_delta_india
2026-07-17T00:00:00+00:00,50.51,50.67,50.27,50.67,41491.0,real_delta_india
2026-07-17T01:00:00+00:00,50.62,50.66,50.0,50.18,108275.0,real_delta_india
2026-07-17T02:00:00+00:00,50.15,50.26,49.74,49.83,122226.0,real_delta_india
2026-07-17T03:00:00+00:00,49.88,50.64,49.88,50.34,93375.0,real_delta_india
2026-07-17T04:00:00+00:00,50.34,50.34,50.01,50.17,57959.0,real_delta_india
2026-07-17T05:00:00+00:00,50.15,50.47,49.94,50.35,142106.0,real_delta_india
2026-07-17T06:00:00+00:00,50.41,50.81,50.36,50.45,177951.0,real_delta_india
2026-07-17T07:00:00+00:00,50.44,50.5,50.32,50.34,57243.0,real_delta_india
2026-07-17T08:00:00+00:00,50.36,50.55,50.15,50.38,59744.0,real_delta_india
2026-07-17T09:00:00+00:00,50.37,50.62,50.35,50.46,55087.0,real_delta_india
2026-07-17T10:00:00+00:00,50.45,50.45,50.19,50.19,34619.0,real_delta_india
2026-07-17T11:00:00+00:00,50.23,50.47,50.19,50.32,32785.0,real_delta_india
2026-07-17T12:00:00+00:00,50.33,50.37,49.93,50.04,112214.0,real_delta_india
2026-07-17T13:00:00+00:00,49.99,50.68,49.85,50.68,178062.0,real_delta_india
2026-07-17T14:00:00+00:00,50.69,50.88,50.43,50.56,291570.0,real_delta_india
2026-07-17T15:00:00+00:00,50.58,51.02,50.54,50.95,192944.0,real_delta_india
2026-07-17T16:00:00+00:00,50.91,50.95,50.76,50.87,93020.0,real_delta_india
2026-07-17T17:00:00+00:00,50.88,51.04,50.77,50.81,67375.0,real_delta_india
2026-07-17T18:00:00+00:00,50.81,51.04,50.78,51.01,61636.0,real_delta_india
2026-07-17T19:00:00+00:00,50.99,51.05,50.76,51.0,14608.0,real_delta_india
2026-07-17T20:00:00+00:00,51.0,51.01,50.79,50.85,5750.0,real_delta_india
2026-07-17T21:00:00+00:00,50.89,50.89,50.81,50.85,3860.0,real_delta_india
2026-07-17T22:00:00+00:00,50.88,50.88,50.82,50.85,2428.0,real_delta_india
2026-07-17T23:00:00+00:00,50.82,50.85,50.8,50.84,1559.0,real_delta_india
2026-07-18T00:00:00+00:00,50.81,50.88,50.81,50.88,807.0,real_delta_india
2026-07-18T01:00:00+00:00,50.88,50.88,50.84,50.84,7615.0,real_delta_india
2026-07-18T02:00:00+00:00,50.84,50.89,50.83,50.86,13158.0,real_delta_india
2026-07-18T03:00:00+00:00,50.83,50.85,50.81,50.81,3895.0,real_delta_india
2026-07-18T04:00:00+00:00,50.81,50.84,50.8,50.81,51447.0,real_delta_india
2026-07-18T05:00:00+00:00,50.84,50.86,50.81,50.86,5731.0,real_delta_india
2026-07-18T06:00:00+00:00,50.83,50.86,50.81,50.81,16869.0,real_delta_india
2026-07-18T07:00:00+00:00,50.84,50.89,50.81,50.88,6726.0,real_delta_india
2026-07-18T08:00:00+00:00,50.85,50.9,50.85,50.87,4589.0,real_delta_india
2026-07-18T09:00:00+00:00,50.87,50.9,50.86,50.86,2183.0,real_delta_india
2026-07-18T10:00:00+00:00,50.86,50.89,50.85,50.88,12312.0,real_delta_india
2026-07-18T11:00:00+00:00,50.88,50.89,50.85,50.86,870.0,real_delta_india
2026-07-18T12:00:00+00:00,50.86,50.9,50.86,50.9,1117.0,real_delta_india
2026-07-18T13:00:00+00:00,50.9,50.9,50.86,50.89,3294.0,real_delta_india
2026-07-18T14:00:00+00:00,50.88,50.89,50.84,50.89,15853.0,real_delta_india
2026-07-18T15:00:00+00:00,50.89,50.89,50.86,50.89,2100.0,real_delta_india
2026-07-18T16:00:00+00:00,50.89,50.89,50.85,50.86,2605.0,real_delta_india
2026-07-18T17:00:00+00:00,50.86,50.9,50.85,50.87,7661.0,real_delta_india
2026-07-18T18:00:00+00:00,50.89,50.89,50.78,50.82,9198.0,real_delta_india
2026-07-18T19:00:00+00:00,50.79,50.82,50.77,50.8,2457.0,real_delta_india
2026-07-18T20:00:00+00:00,50.78,50.8,50.78,50.78,387.0,real_delta_india
2026-07-18T21:00:00+00:00,50.8,50.8,50.74,50.76,6186.0,real_delta_india
2026-07-18T22:00:00+00:00,50.79,50.83,50.79,50.79,61.0,real_delta_india
2026-07-18T23:00:00+00:00,50.82,50.85,50.8,50.85,3036.0,real_delta_india
2026-07-19T00:00:00+00:00,50.85,50.87,50.84,50.84,3820.0,real_delta_india
2026-07-19T01:00:00+00:00,50.85,50.87,50.81,50.87,18780.0,real_delta_india
2026-07-19T02:00:00+00:00,50.87,50.9,50.86,50.88,7051.0,real_delta_india
2026-07-19T03:00:00+00:00,50.86,50.88,50.85,50.85,6801.0,real_delta_india
2026-07-19T04:00:00+00:00,50.87,50.88,50.83,50.84,12235.0,real_delta_india
2026-07-19T05:00:00+00:00,50.88,50.89,50.85,50.86,3348.0,real_delta_india
2026-07-19T06:00:00+00:00,50.86,50.89,50.86,50.86,1521.0,real_delta_india
2026-07-19T07:00:00+00:00,50.86,50.89,50.83,50.83,1538.0,real_delta_india
2026-07-19T08:00:00+00:00,50.83,50.87,50.82,50.82,3809.0,real_delta_india
2026-07-19T09:00:00+00:00,50.85,50.9,50.82,50.85,5687.0,real_delta_india
2026-07-19T10:00:00+00:00,50.86,50.86,50.8,50.84,1934.0,real_delta_india
2026-07-19T11:00:00+00:00,50.83,50.83,50.76,50.77,3015.0,real_delta_india
2026-07-19T12:00:00+00:00,50.77,50.8,50.75,50.75,9450.0,real_delta_india
2026-07-19T13:00:00+00:00,50.78,50.83,50.77,50.8,2673.0,real_delta_india
2026-07-19T14:00:00+00:00,50.8,50.83,50.77,50.77,670.0,real_delta_india
2026-07-19T15:00:00+00:00,50.8,50.8,50.74,50.77,6145.0,real_delta_india
2026-07-19T16:00:00+00:00,50.75,50.78,50.65,50.65,11191.0,real_delta_india
2026-07-19T17:00:00+00:00,50.68,50.7,50.64,50.68,9416.0,real_delta_india
2026-07-19T18:00:00+00:00,50.65,50.68,50.65,50.67,10111.0,real_delta_india
2026-07-19T19:00:00+00:00,50.68,50.69,50.65,50.68,1947.0,real_delta_india
2026-07-19T20:00:00+00:00,50.68,50.7,50.65,50.68,587.0,real_delta_india
2026-07-19T21:00:00+00:00,50.65,50.65,50.6,50.6,5354.0,real_delta_india
2026-07-19T22:00:00+00:00,50.55,50.75,50.45,50.69,19474.0,real_delta_india
2026-07-19T23:00:00+00:00,50.57,50.79,50.55,50.79,7862.0,real_delta_india
2026-07-20T00:00:00+00:00,50.65,51.49,50.57,51.43,89876.0,real_delta_india
2026-07-20T01:00:00+00:00,51.35,51.65,51.22,51.48,41603.0,real_delta_india
2026-07-20T02:00:00+00:00,51.45,52.09,51.41,51.95,116637.0,real_delta_india
2026-07-20T03:00:00+00:00,51.93,52.1,51.78,51.8,77041.0,real_delta_india
2026-07-20T04:00:00+00:00,51.8,51.86,51.66,51.68,41564.0,real_delta_india
2026-07-20T05:00:00+00:00,51.7,51.76,51.33,51.36,133216.0,real_delta_india
2026-07-20T06:00:00+00:00,51.36,51.51,51.26,51.26,54078.0,real_delta_india
2026-07-20T07:00:00+00:00,51.28,51.8,51.22,51.77,91735.0,real_delta_india
2026-07-20T08:00:00+00:00,51.81,51.96,51.6,51.63,72986.0,real_delta_india
2026-07-20T09:00:00+00:00,51.63,51.86,51.5,51.77,61051.0,real_delta_india
2026-07-20T10:00:00+00:00,51.77,51.77,51.61,51.63,60977.0,real_delta_india
2026-07-20T11:00:00+00:00,51.62,52.22,51.61,51.85,126164.0,real_delta_india
2026-07-20T12:00:00+00:00,51.85,51.85,51.43,51.57,157881.0,real_delta_india
2026-07-20T13:00:00+00:00,51.57,51.8,51.47,51.6,69293.0,real_delta_india
2026-07-20T14:00:00+00:00,51.57,51.78,51.22,51.52,102065.0,real_delta_india
2026-07-20T15:00:00+00:00,51.58,51.91,51.47,51.7,181304.0,real_delta_india
2026-07-20T16:00:00+00:00,51.75,51.92,51.36,51.6,95220.0,real_delta_india
2026-07-20T17:00:00+00:00,51.63,51.74,51.43,51.52,47746.0,real_delta_india
2026-07-20T18:00:00+00:00,51.54,51.65,51.32,51.42,50444.0,real_delta_india
2026-07-20T19:00:00+00:00,51.41,51.6,51.21,51.21,36387.0,real_delta_india
2026-07-20T20:00:00+00:00,51.29,51.29,51.2,51.27,11078.0,real_delta_india
2026-07-20T21:00:00+00:00,51.26,51.37,51.26,51.36,6848.0,real_delta_india
2026-07-20T22:00:00+00:00,51.31,51.31,51.01,51.08,24958.0,real_delta_india
2026-07-20T23:00:00+00:00,51.05,51.22,51.05,51.2,5594.0,real_delta_india
2026-07-21T00:00:00+00:00,51.18,51.7,51.07,51.68,37938.0,real_delta_india
2026-07-21T01:00:00+00:00,51.62,51.99,51.59,51.66,69114.0,real_delta_india
2026-07-21T02:00:00+00:00,51.74,52.5,51.61,52.27,144023.0,real_delta_india
2026-07-21T03:00:00+00:00,52.31,52.52,52.28,52.51,54443.0,real_delta_india
2026-07-21T04:00:00+00:00,52.51,52.58,52.4,52.53,81608.0,real_delta_india
2026-07-21T05:00:00+00:00,52.54,52.85,52.5,52.72,71605.0,real_delta_india
2026-07-21T06:00:00+00:00,52.78,53.51,52.76,53.46,212720.0,real_delta_india
2026-07-21T07:00:00+00:00,53.48,53.71,53.4,53.71,124863.0,real_delta_india
2026-07-21T08:00:00+00:00,53.74,53.74,53.48,53.52,72939.0,real_delta_india
2026-07-21T09:00:00+00:00,53.53,53.81,53.53,53.63,106241.0,real_delta_india
2026-07-21T10:00:00+00:00,53.66,53.75,53.47,53.48,34976.0,real_delta_india
2026-07-21T11:00:00+00:00,53.54,53.54,53.3,53.44,89056.0,real_delta_india
2026-07-21T12:00:00+00:00,53.44,53.76,53.39,53.51,211813.0,real_delta_india
2026-07-21T13:00:00+00:00,53.58,53.59,52.88,53.08,419782.0,real_delta_india
2026-07-21T14:00:00+00:00,53.06,53.67,53.06,53.52,223769.0,real_delta_india
2026-07-21T15:00:00+00:00,53.55,53.74,53.42,53.53,100455.0,real_delta_india
2026-07-21T16:00:00+00:00,53.51,53.66,53.38,53.4,38712.0,real_delta_india
2026-07-21T17:00:00+00:00,53.43,53.46,53.29,53.35,76918.0,real_delta_india
2026-07-21T18:00:00+00:00,53.31,53.57,53.31,53.42,70789.0,real_delta_india
2026-07-21T19:00:00+00:00,53.42,53.49,53.3,53.35,17164.0,real_delta_india
2026-07-21T20:00:00+00:00,53.32,53.44,53.26,53.42,77653.0,real_delta_india
2026-07-21T21:00:00+00:00,53.45,53.51,53.42,53.51,6961.0,real_delta_india
2026-07-21T22:00:00+00:00,53.46,53.48,53.35,53.39,3476.0,real_delta_india
2026-07-21T23:00:00+00:00,53.34,53.45,53.34,53.45,1669.0,real_delta_india
2026-07-22T00:00:00+00:00,53.44,53.75,53.4,53.73,68832.0,real_delta_india
2026-07-22T01:00:00+00:00,53.78,54.43,53.78,54.4,192282.0,real_delta_india
2026-07-22T02:00:00+00:00,54.41,54.46,54.06,54.11,121578.0,real_delta_india
2026-07-22T03:00:00+00:00,54.15,54.45,54.12,54.3,79998.0,real_delta_india
2026-07-22T04:00:00+00:00,54.26,54.31,54.09,54.2,76363.0,real_delta_india
2026-07-22T05:00:00+00:00,54.2,54.27,53.98,54.19,103760.0,real_delta_india
2026-07-22T06:00:00+00:00,54.21,54.28,53.79,53.82,70070.0,real_delta_india
2026-07-22T07:00:00+00:00,53.84,54.03,53.63,53.69,142533.0,real_delta_india
2026-07-22T08:00:00+00:00,53.74,54.05,53.7,54.03,50192.0,real_delta_india
2026-07-22T09:00:00+00:00,54.05,54.15,53.88,53.88,44242.0,real_delta_india
2026-07-22T10:00:00+00:00,53.98,54.04,53.85,53.9,60842.0,real_delta_india
2026-07-22T11:00:00+00:00,53.88,53.97,53.68,53.9,50803.0,real_delta_india
2026-07-22T12:00:00+00:00,53.91,54.08,53.5,53.6,111326.0,real_delta_india
2026-07-22T13:00:00+00:00,53.59,54.98,53.59,54.91,387326.0,real_delta_india
2026-07-22T14:00:00+00:00,54.92,55.33,54.58,54.67,334775.0,real_delta_india
2026-07-22T15:00:00+00:00,54.67,54.86,54.6,54.72,80294.0,real_delta_india
2026-07-22T16:00:00+00:00,54.7,54.73,54.36,54.53,124780.0,real_delta_india
2026-07-22T17:00:00+00:00,54.53,54.53,54.27,54.45,59223.0,real_delta_india
2026-07-22T18:00:00+00:00,54.45,54.45,54.26,54.38,38908.0,real_delta_india
2026-07-22T19:00:00+00:00,54.34,54.41,54.05,54.18,45132.0,real_delta_india
2026-07-22T20:00:00+00:00,54.14,54.39,54.11,54.25,17598.0,real_delta_india
2026-07-22T21:00:00+00:00,54.24,54.29,54.22,54.22,1682.0,real_delta_india
2026-07-22T22:00:00+00:00,54.15,54.27,53.83,53.87,62218.0,real_delta_india
2026-07-22T23:00:00+00:00,53.92,54.24,53.84,54.24,24287.0,real_delta_india
2026-07-23T00:00:00+00:00,54.25,54.37,54.13,54.37,34517.0,real_delta_india
2026-07-23T01:00:00+00:00,54.4,54.52,53.94,53.99,114939.0,real_delta_india
2026-07-23T02:00:00+00:00,54.04,54.34,53.94,54.32,52389.0,real_delta_india
2026-07-23T03:00:00+00:00,54.33,54.39,54.19,54.21,42650.0,real_delta_india
2026-07-23T04:00:00+00:00,54.23,54.39,54.1,54.13,34067.0,real_delta_india
2026-07-23T05:00:00+00:00,54.13,54.36,54.06,54.1,24648.0,real_delta_india
2026-07-23T06:00:00+00:00,54.17,54.19,53.95,53.96,39179.0,real_delta_india
2026-07-23T07:00:00+00:00,53.93,53.93,53.24,53.51,142942.0,real_delta_india
2026-07-23T08:00:00+00:00,53.48,53.56,53.26,53.45,45502.0,real_delta_india
2026-07-23T09:00:00+00:00,53.4,53.57,53.28,53.34,34229.0,real_delta_india
2026-07-23T10:00:00+00:00,53.34,53.41,53.18,53.31,116993.0,real_delta_india
2026-07-23T11:00:00+00:00,53.33,53.35,52.7,53.16,193691.0,real_delta_india
2026-07-23T12:00:00+00:00,53.14,53.15,52.34,52.37,194182.0,real_delta_india
2026-07-23T13:00:00+00:00,52.4,52.71,51.8,52.31,307151.0,real_delta_india
2026-07-23T14:00:00+00:00,52.33,52.64,52.26,52.44,125338.0,real_delta_india
2026-07-23T15:00:00+00:00,52.49,52.49,52.06,52.3,87260.0,real_delta_india
2026-07-23T16:00:00+00:00,52.31,52.52,52.3,52.52,51049.0,real_delta_india
2026-07-23T17:00:00+00:00,52.5,52.58,52.22,52.23,66352.0,real_delta_india
2026-07-23T18:00:00+00:00,52.2,52.29,52.12,52.24,64022.0,real_delta_india
2026-07-23T19:00:00+00:00,52.33,52.36,52.15,52.28,30490.0,real_delta_india
2026-07-23T20:00:00+00:00,52.31,52.37,52.24,52.37,8701.0,real_delta_india
2026-07-23T21:00:00+00:00,52.37,52.4,52.31,52.32,14380.0,real_delta_india
2026-07-23T22:00:00+00:00,52.32,52.38,52.24,52.33,4072.0,real_delta_india
2026-07-23T23:00:00+00:00,52.3,52.35,52.25,52.25,2526.0,real_delta_india
2026-07-24T00:00:00+00:00,52.28,52.53,52.11,52.53,30066.0,real_delta_india
2026-07-24T01:00:00+00:00,52.37,52.55,52.12,52.26,49203.0,real_delta_india
2026-07-24T02:00:00+00:00,52.36,52.45,51.84,51.9,51706.0,real_delta_india
2026-07-24T03:00:00+00:00,51.94,52.14,51.84,52.0,61009.0,real_delta_india
2026-07-24T04:00:00+00:00,52.03,52.14,51.92,52.05,51159.0,real_delta_india
2026-07-24T05:00:00+00:00,52.01,52.3,51.97,52.06,87915.0,real_delta_india
2026-07-24T06:00:00+00:00,52.06,52.49,52.04,52.46,80298.0,real_delta_india
2026-07-24T07:00:00+00:00,52.42,53.03,52.38,52.8,146142.0,real_delta_india
2026-07-24T08:00:00+00:00,52.78,52.95,52.7,52.95,33714.0,real_delta_india
2026-07-24T09:00:00+00:00,52.92,53.08,52.87,53.06,50754.0,real_delta_india
2026-07-24T10:00:00+00:00,53.07,53.23,52.98,53.01,73066.0,real_delta_india
2026-07-24T11:00:00+00:00,53.01,53.15,52.84,53.06,102915.0,real_delta_india
2026-07-24T12:00:00+00:00,53.08,53.24,52.91,52.97,44415.0,real_delta_india
2026-07-24T13:00:00+00:00,53.06,53.13,52.53,53.02,192677.0,real_delta_india
2026-07-24T14:00:00+00:00,53.01,53.27,52.81,53.13,95304.0,real_delta_india
2026-07-24T15:00:00+00:00,53.09,53.55,52.98,53.47,95565.0,real_delta_india
2026-07-24T16:00:00+00:00,53.43,53.48,53.16,53.25,82381.0,real_delta_india
2026-07-24T17:00:00+00:00,53.24,53.35,53.09,53.17,61285.0,real_delta_india
2026-07-24T18:00:00+00:00,53.17,53.21,52.85,52.94,43330.0,real_delta_india
2026-07-24T19:00:00+00:00,52.95,52.96,52.74,52.87,21447.0,real_delta_india
2026-07-24T20:00:00+00:00,52.82,52.92,52.77,52.87,8772.0,real_delta_india
2026-07-24T21:00:00+00:00,52.85,52.93,52.83,52.93,4087.0,real_delta_india
2026-07-24T22:00:00+00:00,52.9,52.95,52.89,52.95,149.0,real_delta_india
2026-07-24T23:00:00+00:00,52.94,52.94,52.9,52.93,688.0,real_delta_india
2026-07-25T00:00:00+00:00,52.92,52.98,52.92,52.96,1271.0,real_delta_india
2026-07-25T01:00:00+00:00,52.96,52.96,52.92,52.93,2324.0,real_delta_india
2026-07-25T02:00:00+00:00,52.96,52.96,52.89,52.91,6834.0,real_delta_india
2026-07-25T03:00:00+00:00,52.91,52.96,52.89,52.89,2238.0,real_delta_india
2026-07-25T04:00:00+00:00,52.89,52.96,52.89,52.96,2965.0,real_delta_india
2026-07-25T05:00:00+00:00,52.96,52.96,52.88,52.91,3160.0,real_delta_india
2026-07-25T06:00:00+00:00,52.88,52.92,52.88,52.9,9299.0,real_delta_india
2026-07-25T07:00:00+00:00,52.94,52.95,52.9,52.92,3263.0,real_delta_india
2026-07-25T08:00:00+00:00,52.92,52.96,52.9,52.95,2773.0,real_delta_india
2026-07-25T09:00:00+00:00,52.93,52.95,52.92,52.92,1315.0,real_delta_india
2026-07-25T10:00:00+00:00,52.91,52.93,52.88,52.92,3240.0,real_delta_india
2026-07-25T11:00:00+00:00,52.89,52.92,52.88,52.88,3477.0,real_delta_india
2026-07-25T12:00:00+00:00,52.88,52.9,52.86,52.9,8742.0,real_delta_india
2026-07-25T13:00:00+00:00,52.88,52.98,52.87,52.96,2959.0,real_delta_india
2026-07-25T14:00:00+00:00,52.96,52.97,52.91,52.91,2088.0,real_delta_india
2026-07-25T15:00:00+00:00,52.96,52.98,52.91,52.91,2614.0,real_delta_india
2026-07-25T16:00:00+00:00,52.91,52.98,52.91,52.95,1398.0,real_delta_india
2026-07-25T17:00:00+00:00,52.97,52.98,52.92,52.92,2208.0,real_delta_india
2026-07-25T18:00:00+00:00,52.92,53.07,52.92,53.07,4299.0,real_delta_india
2026-07-25T19:00:00+00:00,53.03,53.06,53.03,53.03,495.0,real_delta_india
2026-07-25T20:00:00+00:00,53.03,53.04,53.0,53.0,111.0,real_delta_india
2026-07-25T21:00:00+00:00,53.0,53.07,53.0,53.07,236.0,real_delta_india
2026-07-25T22:00:00+00:00,53.01,53.06,53.0,53.0,87.0,real_delta_india
2026-07-25T23:00:00+00:00,53.0,53.0,53.0,53.0,555.0,real_delta_india
2026-07-26T00:00:00+00:00,53.0,53.04,52.94,52.94,452.0,real_delta_india
2026-07-26T01:00:00+00:00,52.94,53.04,52.94,53.04,606.0,real_delta_india
2026-07-26T02:00:00+00:00,52.94,53.04,52.94,52.98,1552.0,real_delta_india
2026-07-26T03:00:00+00:00,52.98,53.04,52.98,53.04,405.0,real_delta_india
2026-07-26T04:00:00+00:00,53.04,53.08,52.93,52.93,7441.0,real_delta_india
2026-07-26T05:00:00+00:00,53.02,53.07,52.95,53.05,2626.0,real_delta_india
2026-07-26T06:00:00+00:00,53.02,53.08,53.02,53.07,6933.0,real_delta_india
2026-07-26T07:00:00+00:00,53.04,53.17,53.02,53.15,6703.0,real_delta_india
2026-07-26T08:00:00+00:00,53.16,53.22,53.08,53.16,8754.0,real_delta_india
2026-07-26T09:00:00+00:00,53.16,53.25,53.14,53.21,3609.0,real_delta_india
2026-07-26T10:00:00+00:00,53.23,53.5,53.16,53.23,9832.0,real_delta_india
2026-07-26T11:00:00+00:00,53.23,53.51,53.23,53.45,6998.0,real_delta_india
2026-07-26T12:00:00+00:00,53.32,53.47,53.32,53.47,7574.0,real_delta_india
2026-07-26T13:00:00+00:00,53.51,53.53,53.43,53.53,10744.0,real_delta_india
2026-07-26T14:00:00+00:00,53.43,53.64,53.43,53.47,6336.0,real_delta_india
2026-07-26T15:00:00+00:00,53.45,53.58,53.4,53.48,16216.0,real_delta_india
2026-07-26T16:00:00+00:00,53.43,53.66,53.35,53.46,14135.0,real_delta_india
2026-07-26T17:00:00+00:00,53.55,53.74,53.43,53.64,8356.0,real_delta_india
2026-07-26T18:00:00+00:00,53.65,53.71,53.59,53.65,4673.0,real_delta_india
2026-07-26T19:00:00+00:00,53.63,53.65,53.4,53.6,7015.0,real_delta_india
2026-07-26T20:00:00+00:00,53.6,53.63,53.4,53.51,1126.0,real_delta_india
2026-07-26T21:00:00+00:00,53.51,53.63,53.4,53.63,1871.0,real_delta_india
2026-07-26T22:00:00+00:00,53.63,54.33,53.63,54.15,50178.0,real_delta_india
2026-07-26T23:00:00+00:00,54.1,54.2,53.84,54.08,18217.0,real_delta_india
2026-07-27T00:00:00+00:00,54.08,54.52,54.04,54.06,81317.0,real_delta_india
2026-07-27T01:00:00+00:00,54.19,54.29,54.03,54.27,60611.0,real_delta_india
2026-07-27T02:00:00+00:00,54.28,54.3,53.88,53.88,32704.0,real_delta_india
2026-07-27T03:00:00+00:00,53.87,53.98,53.82,53.86,47232.0,real_delta_india
2026-07-27T04:00:00+00:00,53.86,53.89,53.68,53.86,50425.0,real_delta_india
2026-07-27T05:00:00+00:00,53.83,53.97,53.71,53.93,78235.0,real_delta_india
2026-07-27T06:00:00+00:00,53.94,54.11,53.89,53.95,90019.0,real_delta_india
2026-07-27T07:00:00+00:00,53.96,54.28,53.76,53.76,121980.0,real_delta_india
2026-07-27T08:00:00+00:00,53.79,53.99,53.66,53.95,55852.0,real_delta_india
2026-07-27T09:00:00+00:00,53.89,53.99,53.74,53.86,13303.0,real_delta_india
2026-07-27T10:00:00+00:00,53.82,53.88,53.62,53.8,39274.0,real_delta_india
2026-07-27T11:00:00+00:00,53.81,53.85,53.6,53.66,65183.0,real_delta_india
2026-07-27T12:00:00+00:00,53.63,53.71,53.3,53.52,248536.0,real_delta_india
2026-07-27T13:00:00+00:00,53.51,53.63,53.07,53.13,218227.0,real_delta_india
2026-07-27T14:00:00+00:00,53.18,53.32,52.87,53.29,120099.0,real_delta_india
2026-07-27T15:00:00+00:00,53.29,53.33,53.12,53.26,37241.0,real_delta_india
2026-07-27T16:00:00+00:00,53.24,53.56,53.21,53.26,99407.0,real_delta_india
2026-07-27T17:00:00+00:00,53.24,53.26,53.02,53.11,50370.0,real_delta_india
2026-07-27T18:00:00+00:00,53.14,53.14,52.82,53.0,41793.0,real_delta_india
2026-07-27T19:00:00+00:00,53.03,53.24,52.98,53.17,26530.0,real_delta_india
2026-07-27T20:00:00+00:00,53.15,53.16,53.04,53.04,5216.0,real_delta_india
2026-07-27T21:00:00+00:00,53.12,53.13,53.08,53.1,2706.0,real_delta_india
2026-07-27T22:00:00+00:00,53.12,53.12,52.98,53.01,4853.0,real_delta_india
2026-07-27T23:00:00+00:00,53.03,53.09,52.96,53.02,6311.0,real_delta_india
2026-07-28T00:00:00+00:00,52.97,52.97,52.41,52.42,95472.0,real_delta_india
2026-07-28T01:00:00+00:00,52.46,52.47,51.86,51.95,128297.0,real_delta_india
2026-07-28T02:00:00+00:00,51.99,52.15,51.85,51.99,64045.0,real_delta_india
2026-07-28T03:00:00+00:00,51.99,52.2,51.84,52.11,51938.0,real_delta_india
2026-07-28T04:00:00+00:00,52.08,52.09,51.91,51.92,38326.0,real_delta_india
2026-07-28T05:00:00+00:00,51.92,51.98,51.52,51.86,159658.0,real_delta_india
2026-07-28T06:00:00+00:00,51.85,52.26,51.85,52.16,126125.0,real_delta_india
2026-07-28T07:00:00+00:00,52.12,52.26,52.05,52.18,75714.0,real_delta_india
2026-07-28T08:00:00+00:00,52.18,52.37,52.08,52.25,76255.0,real_delta_india
2026-07-28T09:00:00+00:00,52.24,52.32,51.89,51.92,95910.0,real_delta_india
2026-07-28T10:00:00+00:00,51.92,52.05,51.77,51.91,56834.0,real_delta_india
2026-07-28T11:00:00+00:00,51.91,52.11,51.86,52.05,57786.0,real_delta_india
2026-07-28T12:00:00+00:00,52.09,52.21,51.91,52.05,111625.0,real_delta_india
2026-07-28T13:00:00+00:00,52.1,52.14,51.5,51.62,162080.0,real_delta_india
2026-07-28T14:00:00+00:00,51.62,52.0,51.44,51.8,181861.0,real_delta_india
2026-07-28T15:00:00+00:00,51.8,52.17,51.72,52.17,141575.0,real_delta_india
2026-07-28T16:00:00+00:00,52.17,52.25,52.01,52.04,94344.0,real_delta_india
2026-07-28T17:00:00+00:00,52.08,52.17,51.8,51.87,64679.0,real_delta_india
2026-07-28T18:00:00+00:00,51.86,51.94,51.82,51.89,34737.0,real_delta_india
2026-07-28T19:00:00+00:00,51.88,52.05,51.86,51.95,58208.0,real_delta_india
2026-07-28T20:00:00+00:00,51.92,51.94,51.84,51.92,10681.0,real_delta_india
2026-07-28T21:00:00+00:00,51.9,51.93,51.9,51.9,2633.0,real_delta_india
2026-07-28T22:00:00+00:00,51.88,51.88,51.68,51.74,13145.0,real_delta_india
2026-07-28T23:00:00+00:00,51.67,51.99,51.67,51.98,24195.0,real_delta_india
2026-07-29T00:00:00+00:00,51.99,52.1,51.88,51.88,24378.0,real_delta_india
2026-07-29T01:00:00+00:00,51.86,52.35,51.73,52.2,66516.0,real_delta_india
2026-07-29T02:00:00+00:00,52.22,52.66,52.08,52.38,99649.0,real_delta_india
2026-07-29T03:00:00+00:00,52.39,52.43,52.08,52.09,36369.0,real_delta_india
2026-07-29T04:00:00+00:00,52.13,52.25,52.05,52.21,27643.0,real_delta_india
2026-07-29T05:00:00+00:00,52.22,52.7,52.2,52.5,97867.0,real_delta_india
2026-07-29T06:00:00+00:00,52.48,52.78,52.45,52.78,43032.0,real_delta_india
2026-07-29T07:00:00+00:00,52.76,52.88,52.72,52.73,79538.0,real_delta_india
2026-07-29T08:00:00+00:00,52.77,52.77,52.46,52.57,47223.0,real_delta_india
2026-07-29T09:00:00+00:00,52.57,52.6,52.4,52.4,29942.0,real_delta_india
2026-07-29T10:00:00+00:00,52.41,52.45,52.11,52.12,52452.0,real_delta_india
2026-07-29T11:00:00+00:00,52.16,52.45,52.13,52.33,78472.0,real_delta_india
2026-07-29T12:00:00+00:00,52.36,52.38,51.62,52.0,157759.0,real_delta_india
2026-07-29T13:00:00+00:00,52.05,52.22,51.66,51.78,166185.0,real_delta_india
2026-07-29T14:00:00+00:00,51.77,52.0,51.56,51.76,94025.0,real_delta_india
2026-07-29T15:00:00+00:00,51.8,51.88,51.68,51.81,40668.0,real_delta_india
2026-07-29T16:00:00+00:00,51.84,52.7,51.6,52.44,147458.0,real_delta_india
2026-07-29T17:00:00+00:00,52.46,52.8,52.38,52.64,132298.0,real_delta_india
2026-07-29T18:00:00+00:00,52.72,53.69,52.57,53.61,305863.0,real_delta_india
2026-07-29T19:00:00+00:00,53.63,53.77,52.03,52.07,190523.0,real_delta_india
2026-07-29T20:00:00+00:00,52.03,52.36,51.88,52.35,74422.0,real_delta_india
2026-07-29T21:00:00+00:00,52.37,52.37,52.3,52.3,18809.0,real_delta_india
2026-07-29T22:00:00+00:00,52.5,52.98,52.5,52.94,9118.0,real_delta_india
2026-07-29T23:00:00+00:00,52.96,53.15,52.88,52.9,15783.0,real_delta_india
2026-07-30T00:00:00+00:00,52.85,52.94,52.45,52.63,25768.0,real_delta_india
2026-07-30T01:00:00+00:00,52.66,53.26,52.66,53.06,40523.0,real_delta_india
2026-07-30T02:00:00+00:00,53.07,53.18,52.43,52.43,38748.0,real_delta_india
2026-07-30T03:00:00+00:00,52.43,52.62,52.11,52.3,66048.0,real_delta_india
2026-07-30T04:00:00+00:00,52.3,52.32,51.91,51.98,77807.0,real_delta_india
2026-07-30T05:00:00+00:00,51.96,52.24,51.76,51.89,162228.0,real_delta_india
2026-07-30T06:00:00+00:00,51.87,52.08,51.86,51.97,50611.0,real_delta_india
2026-07-30T07:00:00+00:00,52.0,52.29,51.78,51.78,121077.0,real_delta_india
2026-07-30T08:00:00+00:00,51.81,52.58,51.77,52.3,92677.0,real_delta_india
2026-07-30T09:00:00+00:00,52.33,52.65,52.3,52.45,59630.0,real_delta_india
2026-07-30T10:00:00+00:00,52.44,52.95,52.43,52.76,93503.0,real_delta_india
2026-07-30T11:00:00+00:00,52.72,52.85,52.68,52.79,78474.0,real_delta_india
2026-07-30T12:00:00+00:00,52.82,53.0,52.6,52.7,120430.0,real_delta_india
2026-07-30T13:00:00+00:00,52.63,53.17,52.54,53.15,286837.0,real_delta_india
2026-07-30T14:00:00+00:00,53.11,53.26,52.64,52.95,184319.0,real_delta_india
2026-07-30T15:00:00+00:00,52.99,53.26,52.75,53.2,114546.0,real_delta_india
2026-07-30T16:00:00+00:00,53.21,53.51,53.2,53.3,169932.0,real_delta_india
2026-07-30T17:00:00+00:00,53.3,53.45,53.17,53.35,45989.0,real_delta_india
2026-07-30T18:00:00+00:00,53.36,53.57,53.36,53.45,48737.0,real_delta_india
2026-07-30T19:00:00+00:00,53.46,53.82,53.44,53.79,77935.0,real_delta_india
2026-07-30T20:00:00+00:00,53.75,53.87,53.48,53.6,48661.0,real_delta_india
2026-07-30T21:00:00+00:00,53.6,53.64,53.58,53.6,4887.0,real_delta_india
2026-07-30T22:00:00+00:00,53.58,53.69,53.58,53.66,4751.0,real_delta_india
2026-07-30T23:00:00+00:00,53.66,53.71,53.56,53.66,5950.0,real_delta_india
2026-07-31T00:00:00+00:00,53.61,53.71,53.38,53.45,33078.0,real_delta_india
2026-07-31T01:00:00+00:00,53.5,53.7,53.25,53.35,34106.0,real_delta_india
2026-07-31T02:00:00+00:00,53.3,53.44,53.06,53.14,54458.0,real_delta_india
2026-07-31T03:00:00+00:00,53.15,53.15,52.97,53.0,41810.0,real_delta_india
2026-07-31T04:00:00+00:00,53.01,53.26,53.01,53.26,91440.0,real_delta_india
2026-07-31T05:00:00+00:00,53.26,53.36,52.91,53.01,78831.0,real_delta_india
2026-07-31T06:00:00+00:00,53.03,53.22,52.93,52.94,63772.0,real_delta_india
2026-07-31T07:00:00+00:00,52.92,53.04,52.72,52.88,110300.0,real_delta_india
2026-07-31T08:00:00+00:00,52.88,52.96,52.7,52.83,53264.0,real_delta_india
2026-07-31T09:00:00+00:00,52.85,52.86,52.59,52.66,73796.0,real_delta_india
2026-07-31T10:00:00+00:00,52.63,52.75,52.54,52.58,50995.0,real_delta_india
2026-07-31T11:00:00+00:00,52.58,52.71,52.38,52.56,174213.0,real_delta_india
2026-07-31T12:00:00+00:00,52.53,52.61,52.3,52.34,161283.0,real_delta_india
2026-07-31T13:00:00+00:00,52.34,52.34,51.85,51.96,217545.0,real_delta_india
2026-07-31T14:00:00+00:00,51.97,52.42,51.8,52.28,229930.0,real_delta_india
2026-07-31T15:00:00+00:00,52.29,52.39,52.04,52.21,106103.0,real_delta_india
2026-07-31T16:00:00+00:00,52.23,52.35,52.12,52.2,26029.0,real_delta_india
2026-07-31T17:00:00+00:00,52.2,52.59,52.15,52.56,83865.0,real_delta_india
2026-07-31T18:00:00+00:00,52.58,52.64,52.47,52.64,34493.0,real_delta_india
2026-07-31T19:00:00+00:00,52.67,52.68,52.51,52.66,25336.0,real_delta_india
2026-07-31T20:00:00+00:00,52.62,52.62,52.32,52.32,15710.0,real_delta_india
2026-07-31T21:00:00+00:00,52.38,52.49,52.36,52.46,750.0,real_delta_india
2026-07-31T22:00:00+00:00,52.5,52.52,52.49,52.52,2723.0,real_delta_india
2026-07-31T23:00:00+00:00,52.52,52.52,52.43,52.47,2248.0,real_delta_india
2026-08-01T00:00:00+00:00,52.45,52.52,52.45,52.49,1993.0,real_delta_india
2026-08-01T01:00:00+00:00,52.47,52.5,52.46,52.5,1018.0,real_delta_india
2026-08-01T02:00:00+00:00,52.49,52.5,52.44,52.45,33772.0,real_delta_india
2026-08-01T03:00:00+00:00,52.45,52.5,52.44,52.45,2817.0,real_delta_india
2026-08-01T04:00:00+00:00,52.48,52.5,52.44,52.5,3284.0,real_delta_india
2026-08-01T05:00:00+00:00,52.47,52.54,52.45,52.54,17246.0,real_delta_india
2026-08-01T06:00:00+00:00,52.54,52.54,52.48,52.5,2099.0,real_delta_india
2026-08-01T07:00:00+00:00,52.53,52.53,52.45,52.47,1408.0,real_delta_india
2026-08-01T08:00:00+00:00,52.47,52.5,52.46,52.46,3290.0,real_delta_india
2026-08-01T09:00:00+00:00,52.49,52.5,52.46,52.5,1795.0,real_delta_india
2026-08-01T10:00:00+00:00,52.5,52.5,52.47,52.48,1814.0,real_delta_india
2026-08-01T11:00:00+00:00,52.48,52.48,52.47,52.47,1885.0,real_delta_india
2026-08-01T12:00:00+00:00,52.47,52.5,52.47,52.47,3690.0,real_delta_india
2026-08-01T13:00:00+00:00,52.5,52.5,52.46,52.46,1606.0,real_delta_india
2026-08-01T14:00:00+00:00,52.46,52.49,52.42,52.42,6789.0,real_delta_india
2026-08-01T15:00:00+00:00,52.43,52.46,52.42,52.45,2089.0,real_delta_india
2026-08-01T16:00:00+00:00,52.45,52.45,52.37,52.39,3593.0,real_delta_india
2026-08-01T17:00:00+00:00,52.39,52.39,52.31,52.34,17589.0,real_delta_india
2026-08-01T18:00:00+00:00,52.38,52.38,52.24,52.36,86033.0,real_delta_india
2026-08-01T19:00:00+00:00,52.37,52.52,52.34,52.51,11576.0,real_delta_india
2026-08-01T20:00:00+00:00,52.39,52.5,52.37,52.37,402.0,real_delta_india
2026-08-01T21:00:00+00:00,52.48,52.55,52.32,52.43,2167.0,real_delta_india
2026-08-01T22:00:00+00:00,52.43,52.57,52.33,52.57,425.0,real_delta_india
2026-08-01T23:00:00+00:00,52.57,52.57,52.34,52.56,514.0,real_delta_india
2026-08-02T00:00:00+00:00,52.55,52.55,52.42,52.42,276.0,real_delta_india
2026-08-02T01:00:00+00:00,52.43,52.7,52.42,52.65,3905.0,real_delta_india
2026-08-02T02:00:00+00:00,52.48,52.78,52.48,52.61,4743.0,real_delta_india
2026-08-02T03:00:00+00:00,52.72,53.11,52.64,53.04,32257.0,real_delta_india
2026-08-02T04:00:00+00:00,53.04,53.35,52.96,53.08,61226.0,real_delta_india
2026-08-02T05:00:00+00:00,53.13,53.37,53.01,53.24,19827.0,real_delta_india
2026-08-02T06:00:00+00:00,53.2,53.33,53.07,53.3,16782.0,real_delta_india
2026-08-02T07:00:00+00:00,53.09,53.33,53.07,53.23,15205.0,real_delta_india
2026-08-02T08:00:00+00:00,53.22,53.32,53.19,53.21,14911.0,real_delta_india
2026-08-02T09:00:00+00:00,53.24,53.24,53.11,53.18,21787.0,real_delta_india
2026-08-02T10:00:00+00:00,53.2,53.21,53.12,53.18,5771.0,real_delta_india
2026-08-02T11:00:00+00:00,53.15,53.19,52.9,52.9,13193.0,real_delta_india
2026-08-02T12:00:00+00:00,53.1,53.13,52.92,53.08,13130.0,real_delta_india
2026-08-02T13:00:00+00:00,53.08,53.2,53.08,53.19,5842.0,real_delta_india
2026-08-02T14:00:00+00:00,53.16,53.25,53.16,53.2,11512.0,real_delta_india
2026-08-02T15:00:00+00:00,53.2,53.21,53.14,53.21,3528.0,real_delta_india
2026-08-02T16:00:00+00:00,53.21,53.33,53.13,53.19,12954.0,real_delta_india
2026-08-02T17:00:00+00:00,53.29,53.36,53.23,53.28,2416.0,real_delta_india
2026-08-02T18:00:00+00:00,53.29,53.55,53.09,53.38,24240.0,real_delta_india
2026-08-02T19:00:00+00:00,53.42,53.59,53.31,53.56,2865.0,real_delta_india
2026-08-02T20:00:00+00:00,53.57,53.71,53.3,53.57,11962.0,real_delta_india
2026-08-02T21:00:00+00:00,53.52,53.74,53.46,53.71,1759.0,real_delta_india
2026-08-02T22:00:00+00:00,53.44,53.44,52.63,52.97,34971.0,real_delta_india
2026-08-02T23:00:00+00:00,52.97,53.03,52.89,52.97,17006.0,real_delta_india
2026-08-03T00:00:00+00:00,52.99,53.07,52.6,52.67,25886.0,real_delta_india
2026-08-03T01:00:00+00:00,52.6,52.97,52.55,52.86,37279.0,real_delta_india
2026-08-03T02:00:00+00:00,52.92,52.93,52.65,52.83,14500.0,real_delta_india
2026-08-03T03:00:00+00:00,52.84,52.92,52.8,52.9,14445.0,real_delta_india
2026-08-03T04:00:00+00:00,52.89,53.19,52.89,52.99,60568.0,real_delta_india
2026-08-03T05:00:00+00:00,52.97,53.02,52.51,52.84,102827.0,real_delta_india
2026-08-03T06:00:00+00:00,52.83,53.22,52.75,52.8,128127.0,real_delta_india
2026-08-03T07:00:00+00:00,52.8,52.98,52.53,52.96,104192.0,real_delta_india
2026-08-03T08:00:00+00:00,52.94,53.05,52.83,52.97,42941.0,real_delta_india
2026-08-03T09:00:00+00:00,52.99,53.05,52.77,52.88,33730.0,real_delta_india
2026-08-03T10:00:00+00:00,52.88,52.88,52.61,52.7,30998.0,real_delta_india
2026-08-03T11:00:00+00:00,52.72,52.77,52.5,52.7,47173.0,real_delta_india
2026-08-03T12:00:00+00:00,52.67,52.75,52.19,52.19,106859.0,real_delta_india
2026-08-03T13:00:00+00:00,52.35,52.41,51.43,51.9,249416.0,real_delta_india
2026-08-03T14:00:00+00:00,51.9,52.09,51.84,52.08,137042.0,real_delta_india
2026-08-03T15:00:00+00:00,52.08,52.27,51.96,52.21,55289.0,real_delta_india
2026-08-03T16:00:00+00:00,52.23,52.46,52.12,52.42,64568.0,real_delta_india
2026-08-03T17:00:00+00:00,52.39,52.51,52.28,52.35,45948.0,real_delta_india
2026-08-03T18:00:00+00:00,52.38,52.64,52.35,52.6,58925.0,real_delta_india
2026-08-03T19:00:00+00:00,52.61,52.87,52.61,52.71,90676.0,real_delta_india
2026-08-03T20:00:00+00:00,52.7,52.88,52.67,52.87,20877.0,real_delta_india
2026-08-03T21:00:00+00:00,52.86,52.9,52.85,52.86,6456.0,real_delta_india
2026-08-03T22:00:00+00:00,52.88,52.88,52.72,52.79,2189.0,real_delta_india
2026-08-03T23:00:00+00:00,52.78,52.91,52.75,52.87,7955.0,real_delta_india
2026-08-04T00:00:00+00:00,52.87,53.2,52.78,52.78,55682.0,real_delta_india
2026-08-04T01:00:00+00:00,52.76,53.45,52.66,53.31,94127.0,real_delta_india
2026-08-04T02:00:00+00:00,53.3,53.44,53.2,53.27,63777.0,real_delta_india
2026-08-04T03:00:00+00:00,53.3,53.42,53.23,53.31,47518.0,real_delta_india
2026-08-04T04:00:00+00:00,53.31,53.65,53.28,53.58,78847.0,real_delta_india
2026-08-04T05:00:00+00:00,53.57,53.63,53.35,53.6,113969.0,real_delta_india
2026-08-04T06:00:00+00:00,53.59,53.7,53.4,53.54,44017.0,real_delta_india
2026-08-04T07:00:00+00:00,53.56,53.67,53.02,53.56,105409.0,real_delta_india
2026-08-04T08:00:00+00:00,53.58,53.76,53.36,53.39,75458.0,real_delta_india
2026-08-04T09:00:00+00:00,53.37,53.43,53.22,53.37,116482.0,real_delta_india
2026-08-04T10:00:00+00:00,53.38,53.64,53.2,53.44,70160.0,real_delta_india
2026-08-04T11:00:00+00:00,53.45,54.03,53.39,54.02,189243.0,real_delta_india
2026-08-04T12:00:00+00:00,54.03,54.43,53.7,54.32,279402.0,real_delta_india
2026-08-04T13:00:00+00:00,54.36,54.48,53.9,54.19,126816.0,real_delta_india
2026-08-04T14:00:00+00:00,54.21,54.35,53.86,54.08,77314.0,real_delta_india
2026-08-04T15:00:00+00:00,54.09,54.31,53.87,54.22,70375.0,real_delta_india
2026-08-04T16:00:00+00:00,54.23,54.39,54.13,54.34,72833.0,real_delta_india
2026-08-04T17:00:00+00:00,54.32,54.51,54.27,54.32,80181.0,real_delta_india
2026-08-04T18:00:00+00:00,54.29,54.31,54.06,54.15,40387.0,real_delta_india
2026-08-04T19:00:00+00:00,54.1,54.23,54.07,54.12,20429.0,real_delta_india
2026-08-04T20:00:00+00:00,54.08,54.13,53.99,54.08,15751.0,real_delta_india
2026-08-04T21:00:00+00:00,54.06,54.11,54.06,54.1,7411.0,real_delta_india
2026-08-04T22:00:00+00:00,54.07,54.13,54.04,54.05,9704.0,real_delta_india
2026-08-04T23:00:00+00:00,54.03,54.03,53.93,53.97,9767.0,real_delta_india
2026-08-05T00:00:00+00:00,53.99,54.25,53.94,54.25,23610.0,real_delta_india
2026-08-05T01:00:00+00:00,54.22,54.42,54.08,54.38,60485.0,real_delta_india
2026-08-05T02:00:00+00:00,54.41,55.25,54.29,55.13,230971.0,real_delta_india
2026-08-05T03:00:00+00:00,55.09,55.33,55.05,55.18,88079.0,real_delta_india
2026-08-05T04:00:00+00:00,55.16,55.29,55.09,55.16,67096.0,real_delta_india
2026-08-05T05:00:00+00:00,55.18,55.98,55.13,55.78,253314.0,real_delta_india
2026-08-05T06:00:00+00:00,55.79,56.2,55.73,56.15,90609.0,real_delta_india
2026-08-05T07:00:00+00:00,56.13,56.19,55.83,56.13,97948.0,real_delta_india
2026-08-05T08:00:00+00:00,56.12,56.15,55.74,55.78,57399.0,real_delta_india
2026-08-05T09:00:00+00:00,55.79,55.95,55.73,55.78,34397.0,real_delta_india
2026-08-05T10:00:00+00:00,55.76,55.77,55.45,55.63,98810.0,real_delta_india
2026-08-05T11:00:00+00:00,55.64,56.33,55.63,56.27,136598.0,real_delta_india
2026-08-05T12:00:00+00:00,56.28,56.74,55.8,55.82,340074.0,real_delta_india
2026-08-05T13:00:00+00:00,55.84,56.6,55.83,56.58,202636.0,real_delta_india
2026-08-05T14:00:00+00:00,56.58,56.97,56.35,56.49,309089.0,real_delta_india
2026-08-05T15:00:00+00:00,56.48,56.82,56.08,56.21,184074.0,real_delta_india
2026-08-05T16:00:00+00:00,56.2,56.52,56.04,56.34,107049.0,real_delta_india
2026-08-05T17:00:00+00:00,56.37,56.51,56.22,56.45,82735.0,real_delta_india
2026-08-05T18:00:00+00:00,56.44,56.66,56.37,56.47,103547.0,real_delta_india
2026-08-05T19:00:00+00:00,56.52,56.55,56.28,56.28,21801.0,real_delta_india
2026-08-05T20:00:00+00:00,56.35,56.37,56.24,56.34,14301.0,real_delta_india
2026-08-05T21:00:00+00:00,56.35,56.45,56.33,56.43,6041.0,real_delta_india
2026-08-05T22:00:00+00:00,56.38,56.43,56.31,56.34,4411.0,real_delta_india
2026-08-05T23:00:00+00:00,56.36,56.6,56.36,56.5,43093.0,real_delta_india
2026-08-06T00:00:00+00:00,56.4,56.93,56.38,56.89,56080.0,real_delta_india
2026-08-06T01:00:00+00:00,56.92,57.09,56.32,56.49,134742.0,real_delta_india
2026-08-06T02:00:00+00:00,56.48,56.77,56.39,56.55,85819.0,real_delta_india
2026-08-06T03:00:00+00:00,56.55,56.6,56.23,56.39,48871.0,real_delta_india
2026-08-06T04:00:00+00:00,56.39,56.47,56.25,56.43,53610.0,real_delta_india
2026-08-06T05:00:00+00:00,56.42,56.47,55.93,56.42,107099.0,real_delta_india
2026-08-06T06:00:00+00:00,56.4,56.4,55.87,55.99,149026.0,real_delta_india
2026-08-06T07:00:00+00:00,55.96,56.25,55.93,56.19,136242.0,real_delta_india
2026-08-06T08:00:00+00:00,56.19,56.39,56.07,56.39,189744.0,real_delta_india
2026-08-06T09:00:00+00:00,56.26,56.39,56.1,56.18,109928.0,real_delta_india
2026-08-06T10:00:00+00:00,56.18,56.2,56.02,56.07,95986.0,real_delta_india
2026-08-06T11:00:00+00:00,56.09,56.15,55.93,56.09,69576.0,real_delta_india
2026-08-06T12:00:00+00:00,56.13,56.15,55.6,55.62,195458.0,real_delta_india
2026-08-06T13:00:00+00:00,55.65,56.11,55.44,55.95,217727.0,real_delta_india
2026-08-06T14:00:00+00:00,55.97,56.07,55.82,55.96,91780.0,real_delta_india
2026-08-06T15:00:00+00:00,56.05,56.05,55.38,55.46,114947.0,real_delta_india
2026-08-06T16:00:00+00:00,55.5,55.73,55.29,55.67,90370.0,real_delta_india
2026-08-06T17:00:00+00:00,55.68,55.84,55.62,55.8,47741.0,real_delta_india
2026-08-06T18:00:00+00:00,55.81,55.91,55.75,55.85,27623.0,real_delta_india
2026-08-06T19:00:00+00:00,55.84,56.14,55.8,56.1,52765.0,real_delta_india
2026-08-06T20:00:00+00:00,56.1,56.16,55.83,55.9,4306.0,real_delta_india
2026-08-06T21:00:00+00:00,55.92,55.98,55.9,55.93,1831.0,real_delta_india
2026-08-06T22:00:00+00:00,55.86,55.9,55.78,55.87,8179.0,real_delta_india
2026-08-06T23:00:00+00:00,55.86,56.01,55.84,55.97,10196.0,real_delta_india
2026-08-07T00:00:00+00:00,55.93,55.97,55.54,55.54,23585.0,real_delta_india
2026-08-07T01:00:00+00:00,55.54,56.42,55.54,56.39,137300.0,real_delta_india
2026-08-07T02:00:00+00:00,56.39,56.59,56.21,56.29,64048.0,real_delta_india
2026-08-07T03:00:00+00:00,56.31,56.63,56.31,56.61,53721.0,real_delta_india
2026-08-07T04:00:00+00:00,56.59,56.68,56.48,56.54,49743.0,real_delta_india
2026-08-07T05:00:00+00:00,56.54,57.03,56.47,57.01,94782.0,real_delta_india
2026-08-07T06:00:00+00:00,57.0,58.0,56.94,57.9,261634.0,real_delta_india
2026-08-07T07:00:00+00:00,57.93,58.07,57.66,58.01,169059.0,real_delta_india
2026-08-07T08:00:00+00:00,58.0,58.51,57.6,58.3,294367.0,real_delta_india
2026-08-07T09:00:00+00:00,58.39,58.67,58.3,58.49,149756.0,real_delta_india
2026-08-07T10:00:00+00:00,58.48,58.55,58.32,58.37,67058.0,real_delta_india
2026-08-07T11:00:00+00:00,58.43,58.48,58.04,58.21,161118.0,real_delta_india
2026-08-07T12:00:00+00:00,58.2,59.17,57.85,58.74,289563.0,real_delta_india
2026-08-07T13:00:00+00:00,58.74,58.78,57.85,58.0,293950.0,real_delta_india
2026-08-07T14:00:00+00:00,57.98,58.03,57.48,57.53,217607.0,real_delta_india
2026-08-07T15:00:00+00:00,57.53,57.89,57.48,57.51,62865.0,real_delta_india
2026-08-07T16:00:00+00:00,57.5,57.73,57.29,57.33,101066.0,real_delta_india
2026-08-07T17:00:00+00:00,57.32,57.59,57.27,57.51,64852.0,real_delta_india
2026-08-07T18:00:00+00:00,57.49,57.57,57.33,57.49,31979.0,real_delta_india
2026-08-07T19:00:00+00:00,57.6,57.82,57.55,57.74,48502.0,real_delta_india
2026-08-07T20:00:00+00:00,57.7,57.78,57.55,57.77,21016.0,real_delta_india
2026-08-07T21:00:00+00:00,57.8,57.9,57.72,57.83,15286.0,real_delta_india
2026-08-07T22:00:00+00:00,57.78,58.07,57.75,57.92,13200.0,real_delta_india
2026-08-07T23:00:00+00:00,57.92,58.04,57.91,57.96,9937.0,real_delta_india
2026-08-08T00:00:00+00:00,57.98,58.19,57.98,58.15,14770.0,real_delta_india
2026-08-08T01:00:00+00:00,58.15,58.21,57.98,58.04,26992.0,real_delta_india
2026-08-08T02:00:00+00:00,58.01,58.04,57.87,57.88,27748.0,real_delta_india
2026-08-08T03:00:00+00:00,57.86,57.94,57.83,57.9,18840.0,real_delta_india
2026-08-08T04:00:00+00:00,57.9,57.94,57.86,57.87,7907.0,real_delta_india
2026-08-08T05:00:00+00:00,57.87,57.9,57.84,57.87,4887.0,real_delta_india
2026-08-08T06:00:00+00:00,57.87,57.9,57.84,57.86,5655.0,real_delta_india
2026-08-08T07:00:00+00:00,57.9,57.97,57.87,57.97,5180.0,real_delta_india
2026-08-08T08:00:00+00:00,57.96,58.0,57.89,57.9,9430.0,real_delta_india
2026-08-08T09:00:00+00:00,57.91,57.98,57.9,57.96,7927.0,real_delta_india
2026-08-08T10:00:00+00:00,57.96,57.96,57.87,57.91,2351.0,real_delta_india
2026-08-08T11:00:00+00:00,57.88,57.92,57.86,57.92,3433.0,real_delta_india
2026-08-08T12:00:00+00:00,57.89,57.92,57.87,57.92,5694.0,real_delta_india
2026-08-08T13:00:00+00:00,57.89,57.92,57.86,57.91,10003.0,real_delta_india
2026-08-08T14:00:00+00:00,57.89,57.92,57.86,57.91,5847.0,real_delta_india
2026-08-08T15:00:00+00:00,57.91,57.91,57.86,57.9,2932.0,real_delta_india
2026-08-08T16:00:00+00:00,57.91,57.93,57.86,57.88,22218.0,real_delta_india
2026-08-08T17:00:00+00:00,57.88,57.91,57.85,57.85,4100.0,real_delta_india
2026-08-08T18:00:00+00:00,57.88,57.91,57.85,57.91,4874.0,real_delta_india
2026-08-08T19:00:00+00:00,57.91,57.91,57.88,57.88,63.0,real_delta_india
2026-08-08T20:00:00+00:00,57.9,57.9,57.87,57.89,1801.0,real_delta_india
2026-08-08T21:00:00+00:00,57.89,57.89,57.84,57.84,8667.0,real_delta_india
2026-08-08T22:00:00+00:00,57.9,57.92,57.87,57.9,328.0,real_delta_india
2026-08-08T23:00:00+00:00,57.93,57.99,57.93,57.98,3939.0,real_delta_india
2026-08-09T00:00:00+00:00,57.94,57.94,57.9,57.9,413.0,real_delta_india
2026-08-09T01:00:00+00:00,57.92,57.93,57.89,57.89,2557.0,real_delta_india
2026-08-09T02:00:00+00:00,57.92,57.92,57.88,57.91,1312.0,real_delta_india
2026-08-09T03:00:00+00:00,57.88,57.91,57.88,57.89,1463.0,real_delta_india
2026-08-09T04:00:00+00:00,57.92,57.94,57.89,57.91,3107.0,real_delta_india
2026-08-09T05:00:00+00:00,57.91,57.94,57.9,57.9,547.0,real_delta_india
2026-08-09T06:00:00+00:00,57.93,57.95,57.87,57.89,20850.0,real_delta_india
2026-08-09T07:00:00+00:00,57.92,57.95,57.89,57.95,4666.0,real_delta_india
2026-08-09T08:00:00+00:00,57.92,57.98,57.89,57.91,1640.0,real_delta_india
2026-08-09T09:00:00+00:00,57.95,57.96,57.91,57.94,4043.0,real_delta_india
2026-08-09T10:00:00+00:00,57.91,57.93,57.84,57.88,6904.0,real_delta_india
2026-08-09T11:00:00+00:00,57.86,57.95,57.86,57.9,5305.0,real_delta_india
2026-08-09T12:00:00+00:00,57.91,57.94,57.89,57.92,6244.0,real_delta_india
2026-08-09T13:00:00+00:00,57.91,57.97,57.9,57.97,3291.0,real_delta_india
2026-08-09T14:00:00+00:00,57.97,58.0,57.95,57.99,5431.0,real_delta_india
2026-08-09T15:00:00+00:00,58.0,58.13,57.97,58.08,25291.0,real_delta_india
2026-08-09T16:00:00+00:00,58.11,58.14,57.91,57.95,15669.0,real_delta_india
2026-08-09T17:00:00+00:00,57.95,58.04,57.92,57.98,8170.0,real_delta_india
2026-08-09T18:00:00+00:00,58.0,58.04,57.95,57.98,2218.0,real_delta_india
2026-08-09T19:00:00+00:00,57.96,58.03,57.93,58.03,1761.0,real_delta_india
2026-08-09T20:00:00+00:00,58.0,58.06,57.91,57.96,17165.0,real_delta_india
2026-08-09T21:00:00+00:00,57.96,57.96,57.59,57.62,26576.0,real_delta_india
2026-08-09T22:00:00+00:00,57.83,57.96,57.56,57.77,8552.0,real_delta_india
2026-08-09T23:00:00+00:00,57.94,58.05,57.66,57.66,5411.0,real_delta_india
2026-08-10T00:00:00+00:00,57.67,58.14,57.5,57.6,23309.0,real_delta_india
2026-08-10T01:00:00+00:00,57.5,57.81,57.2,57.6,88473.0,real_delta_india
2026-08-10T02:00:00+00:00,57.6,57.81,57.48,57.53,29935.0,real_delta_india
2026-08-10T03:00:00+00:00,57.53,57.82,57.44,57.73,23607.0,real_delta_india
2026-08-10T04:00:00+00:00,57.76,58.03,57.7,57.96,44096.0,real_delta_india
2026-08-10T05:00:00+00:00,57.97,58.41,57.77,58.25,84733.0,real_delta_india
2026-08-10T06:00:00+00:00,58.25,58.35,58.14,58.35,49853.0,real_delta_india
2026-08-10T07:00:00+00:00,58.34,58.5,58.19,58.4,103457.0,real_delta_india
2026-08-10T08:00:00+00:00,58.4,58.48,58.17,58.29,76130.0,real_delta_india
2026-08-10T09:00:00+00:00,58.26,58.36,58.17,58.2,19345.0,real_delta_india
2026-08-10T10:00:00+00:00,58.16,58.19,58.01,58.03,54395.0,real_delta_india
2026-08-10T11:00:00+00:00,58.03,58.21,57.93,58.17,67141.0,real_delta_india
2026-08-10T12:00:00+00:00,58.17,58.23,57.88,57.99,69188.0,real_delta_india
2026-08-10T13:00:00+00:00,57.95,58.25,57.73,57.78,184506.0,real_delta_india
2026-08-10T14:00:00+00:00,57.78,58.9,57.78,58.77,215544.0,real_delta_india
2026-08-10T15:00:00+00:00,58.78,59.14,58.56,59.03,204290.0,real_delta_india
2026-08-10T16:00:00+00:00,59.04,59.28,58.8,58.91,258574.0,real_delta_india
2026-08-10T17:00:00+00:00,58.93,59.22,58.84,59.08,85873.0,real_delta_india
2026-08-10T18:00:00+00:00,59.08,59.68,59.01,59.53,138466.0,real_delta_india
2026-08-10T19:00:00+00:00,59.58,59.96,59.57,59.66,95534.0,real_delta_india
2026-08-10T20:00:00+00:00,59.65,59.78,59.61,59.7,30165.0,real_delta_india
2026-08-10T21:00:00+00:00,59.64,59.72,59.64,59.68,18248.0,real_delta_india
2026-08-10T22:00:00+00:00,59.64,59.83,59.64,59.81,10191.0,real_delta_india
2026-08-10T23:00:00+00:00,59.8,59.83,59.61,59.71,6601.0,real_delta_india
2026-08-11T00:00:00+00:00,59.76,60.13,59.64,59.73,78487.0,real_delta_india
2026-08-11T01:00:00+00:00,59.71,60.36,59.4,60.23,222588.0,real_delta_india
2026-08-11T02:00:00+00:00,60.2,60.22,59.51,59.61,79476.0,real_delta_india
2026-08-11T03:00:00+00:00,59.61,59.86,59.61,59.7,32112.0,real_delta_india
2026-08-11T04:00:00+00:00,59.72,59.78,59.3,59.5,123780.0,real_delta_india
2026-08-11T05:00:00+00:00,59.52,59.52,58.57,58.81,179296.0,real_delta_india
2026-08-11T06:00:00+00:00,58.79,58.99,58.34,58.55,182063.0,real_delta_india
2026-08-11T07:00:00+00:00,58.55,58.65,58.4,58.49,47655.0,real_delta_india
2026-08-11T08:00:00+00:00,58.49,58.93,58.49,58.71,100053.0,real_delta_india
2026-08-11T09:00:00+00:00,58.72,58.98,58.66,58.94,44502.0,real_delta_india
2026-08-11T10:00:00+00:00,58.93,59.15,58.84,59.12,95599.0,real_delta_india
2026-08-11T11:00:00+00:00,59.13,59.31,59.05,59.2,124519.0,real_delta_india
2026-08-11T12:00:00+00:00,59.1,59.29,58.83,58.88,193483.0,real_delta_india
2026-08-11T13:00:00+00:00,58.9,59.25,58.72,58.86,175717.0,real_delta_india
2026-08-11T14:00:00+00:00,58.84,59.1,58.8,58.99,79884.0,real_delta_india
2026-08-11T15:00:00+00:00,58.99,59.13,58.42,58.93,146060.0,real_delta_india
2026-08-11T16:00:00+00:00,58.99,59.12,58.86,58.94,88984.0,real_delta_india
2026-08-11T17:00:00+00:00,58.92,59.0,58.59,58.61,59446.0,real_delta_india
2026-08-11T18:00:00+00:00,58.6,58.76,58.42,58.69,69705.0,real_delta_india
2026-08-11T19:00:00+00:00,58.69,58.82,58.55,58.8,21595.0,real_delta_india
2026-08-11T20:00:00+00:00,58.72,58.77,58.66,58.71,42813.0,real_delta_india
2026-08-11T21:00:00+00:00,58.75,58.76,58.68,58.72,890.0,real_delta_india
2026-08-11T22:00:00+00:00,58.74,58.9,58.74,58.83,9109.0,real_delta_india
2026-08-11T23:00:00+00:00,58.77,58.84,58.72,58.79,7270.0,real_delta_india
2026-08-12T00:00:00+00:00,58.75,59.02,58.74,58.91,24877.0,real_delta_india
2026-08-12T01:00:00+00:00,58.95,59.16,58.85,59.06,30616.0,real_delta_india
2026-08-12T02:00:00+00:00,59.05,59.5,59.01,59.36,54166.0,real_delta_india
2026-08-12T03:00:00+00:00,59.4,59.67,59.29,59.3,79343.0,real_delta_india
2026-08-12T04:00:00+00:00,59.3,59.34,59.08,59.29,55132.0,real_delta_india
2026-08-12T05:00:00+00:00,59.3,59.33,58.95,59.24,64659.0,real_delta_india
2026-08-12T06:00:00+00:00,59.23,59.91,59.11,59.81,125993.0,real_delta_india
2026-08-12T07:00:00+00:00,59.85,60.04,59.72,59.96,118389.0,real_delta_india
2026-08-12T08:00:00+00:00,59.91,60.18,59.89,60.03,102897.0,real_delta_india
2026-08-12T09:00:00+00:00,60.04,60.62,60.0,60.29,239086.0,real_delta_india
2026-08-12T10:00:00+00:00,60.28,60.29,59.97,60.16,106106.0,real_delta_india
2026-08-12T11:00:00+00:00,60.15,60.26,60.02,60.17,92265.0,real_delta_india
2026-08-12T12:00:00+00:00,60.17,60.72,59.63,60.32,363056.0,real_delta_india
2026-08-12T13:00:00+00:00,60.38,60.42,59.55,60.0,238962.0,real_delta_india
2026-08-12T14:00:00+00:00,60.03,60.18,59.74,59.74,144268.0,real_delta_india
2026-08-12T15:00:00+00:00,59.74,59.91,59.43,59.71,147504.0,real_delta_india
2026-08-12T16:00:00+00:00,59.7,59.78,59.07,59.22,149018.0,real_delta_india
2026-08-12T17:00:00+00:00,59.23,59.52,59.15,59.31,88097.0,real_delta_india
2026-08-12T18:00:00+00:00,59.33,59.55,59.21,59.43,56276.0,real_delta_india
2026-08-12T19:00:00+00:00,59.44,59.54,59.22,59.32,62332.0,real_delta_india
2026-08-12T20:00:00+00:00,59.33,59.34,59.18,59.31,13517.0,real_delta_india
2026-08-12T21:00:00+00:00,59.32,59.32,59.24,59.28,3679.0,real_delta_india
2026-08-12T22:00:00+00:00,59.28,59.28,59.03,59.09,15768.0,real_delta_india
2026-08-12T23:00:00+00:00,59.12,59.29,59.1,59.29,8429.0,real_delta_india
2026-08-13T00:00:00+00:00,59.3,60.19,59.3,59.67,122977.0,real_delta_india
2026-08-13T01:00:00+00:00,59.65,59.91,59.3,59.39,51765.0,real_delta_india
2026-08-13T02:00:00+00:00,59.36,59.54,58.91,59.39,63871.0,real_delta_india
2026-08-13T03:00:00+00:00,59.36,59.51,59.22,59.29,68736.0,real_delta_india
2026-08-13T04:00:00+00:00,59.26,59.33,59.08,59.33,79120.0,real_delta_india
2026-08-13T05:00:00+00:00,59.33,59.56,58.93,59.0,91152.0,real_delta_india
2026-08-13T06:00:00+00:00,59.03,59.13,58.73,58.86,100507.0,real_delta_india
2026-08-13T07:00:00+00:00,58.81,58.83,58.65,58.75,33777.0,real_delta_india
