timestamp,open,high,low,close,volume,source
2026-05-17T21:00:00+00:00,4527.31,4538.2,4527.31,4532.82,122.8765,real_binance
2026-05-17T22:00:00+00:00,4532.52,4554.99,4529.42,4544.17,390.1803,real_binance
2026-05-17T23:00:00+00:00,4544.91,4546.74,4531.36,4535.6,292.6869,real_binance
2026-05-18T00:00:00+00:00,4535.6,4541.04,4480.02,4513.95,933.838,real_binance
2026-05-18T01:00:00+00:00,4513.36,4533.04,4489.39,4523.64,625.1783,real_binance
2026-05-18T02:00:00+00:00,4523.42,4538.96,4519.91,4530.53,251.9721,real_binance
2026-05-18T03:00:00+00:00,4530.9,4544.07,4524.3,4539.91,126.2558,real_binance
2026-05-18T04:00:00+00:00,4539.91,4546.3,4529.28,4538.93,82.4602,real_binance
2026-05-18T05:00:00+00:00,4539.04,4548.93,4528.93,4529.93,176.0051,real_binance
2026-05-18T06:00:00+00:00,4529.58,4544.32,4528.21,4544.32,88.0328,real_binance
2026-05-18T07:00:00+00:00,4544.32,4555.0,4535.97,4544.11,153.1868,real_binance
2026-05-18T08:00:00+00:00,4544.12,4553.29,4540.73,4547.63,114.6049,real_binance
2026-05-18T09:00:00+00:00,4547.49,4548.04,4537.68,4540.31,120.8623,real_binance
2026-05-18T10:00:00+00:00,4540.32,4544.87,4531.3,4537.82,90.7929,real_binance
2026-05-18T11:00:00+00:00,4537.87,4564.2,4528.67,4548.96,447.6698,real_binance
2026-05-18T12:00:00+00:00,4548.96,4572.0,4544.3,4570.4,472.5171,real_binance
2026-05-18T13:00:00+00:00,4570.4,4580.0,4560.5,4573.59,295.0026,real_binance
2026-05-18T14:00:00+00:00,4573.3,4573.3,4536.76,4543.72,499.77,real_binance
2026-05-18T15:00:00+00:00,4544.01,4544.88,4529.42,4540.47,306.1046,real_binance
2026-05-18T16:00:00+00:00,4540.7,4552.97,4534.01,4549.38,149.1952,real_binance
2026-05-18T17:00:00+00:00,4549.23,4556.38,4545.39,4545.45,51.5314,real_binance
2026-05-18T18:00:00+00:00,4545.45,4545.46,4534.01,4535.3,109.3041,real_binance
2026-05-18T19:00:00+00:00,4535.3,4562.47,4534.77,4556.39,179.1793,real_binance
2026-05-18T20:00:00+00:00,4556.39,4563.35,4556.39,4563.35,63.784,real_binance
2026-05-18T21:00:00+00:00,4563.34,4567.1,4561.1,4562.96,50.7792,real_binance
2026-05-18T22:00:00+00:00,4562.97,4573.41,4562.97,4570.43,152.127,real_binance
2026-05-18T23:00:00+00:00,4570.69,4584.0,4570.69,4577.41,131.6524,real_binance
2026-05-19T00:00:00+00:00,4577.42,4584.41,4558.34,4559.69,81.3047,real_binance
2026-05-19T01:00:00+00:00,4559.09,4567.78,4551.41,4560.84,103.352,real_binance
2026-05-19T02:00:00+00:00,4560.83,4560.83,4544.52,4545.0,67.0372,real_binance
2026-05-19T03:00:00+00:00,4545.16,4551.84,4541.26,4542.85,65.3369,real_binance
2026-05-19T04:00:00+00:00,4542.63,4543.13,4537.34,4540.22,90.6385,real_binance
2026-05-19T05:00:00+00:00,4540.23,4543.66,4529.53,4539.25,94.5882,real_binance
2026-05-19T06:00:00+00:00,4539.08,4550.97,4532.7,4546.05,91.8183,real_binance
2026-05-19T07:00:00+00:00,4546.04,4555.55,4541.12,4553.93,117.9507,real_binance
2026-05-19T08:00:00+00:00,4553.93,4555.61,4536.18,4541.16,122.0225,real_binance
2026-05-19T09:00:00+00:00,4541.14,4544.27,4536.18,4540.64,66.4837,real_binance
2026-05-19T10:00:00+00:00,4540.63,4542.53,4526.17,4542.53,87.9199,real_binance
2026-05-19T11:00:00+00:00,4542.72,4545.06,4531.52,4531.52,111.6798,real_binance
2026-05-19T12:00:00+00:00,4531.52,4546.14,4528.87,4538.05,117.1027,real_binance
2026-05-19T13:00:00+00:00,4538.04,4538.04,4470.0,4507.37,1285.7218,real_binance
2026-05-19T14:00:00+00:00,4507.36,4516.46,4488.76,4496.91,383.8407,real_binance
2026-05-19T15:00:00+00:00,4496.71,4510.99,4494.37,4510.99,152.8234,real_binance
2026-05-19T16:00:00+00:00,4511.0,4514.12,4500.53,4511.39,60.1179,real_binance
2026-05-19T17:00:00+00:00,4511.38,4513.08,4502.85,4504.26,100.4383,real_binance
2026-05-19T18:00:00+00:00,4504.45,4506.47,4495.92,4497.61,52.73,real_binance
2026-05-19T19:00:00+00:00,4497.84,4500.59,4486.45,4487.24,70.9367,real_binance
2026-05-19T20:00:00+00:00,4487.23,4491.5,4485.34,4486.56,63.8707,real_binance
2026-05-19T21:00:00+00:00,4486.56,4497.21,4486.56,4492.45,65.36,real_binance
2026-05-19T22:00:00+00:00,4492.15,4492.15,4482.03,4487.86,67.4971,real_binance
2026-05-19T23:00:00+00:00,4488.11,4498.93,4484.75,4491.76,121.2784,real_binance
2026-05-20T00:00:00+00:00,4491.75,4510.16,4483.75,4503.72,149.2207,real_binance
2026-05-20T01:00:00+00:00,4503.98,4508.39,4460.0,4485.77,704.3292,real_binance
2026-05-20T02:00:00+00:00,4485.78,4490.52,4465.0,4469.53,129.6802,real_binance
2026-05-20T03:00:00+00:00,4469.53,4471.57,4460.0,4469.4,84.1567,real_binance
2026-05-20T04:00:00+00:00,4469.4,4475.56,4463.16,4466.27,72.7358,real_binance
2026-05-20T05:00:00+00:00,4466.28,4482.66,4466.28,4476.43,180.2366,real_binance
2026-05-20T06:00:00+00:00,4476.42,4483.02,4468.37,4480.06,134.0067,real_binance
2026-05-20T07:00:00+00:00,4480.05,4492.58,4477.99,4481.88,183.3537,real_binance
2026-05-20T08:00:00+00:00,4481.89,4492.6,4481.63,4488.23,132.5477,real_binance
2026-05-20T09:00:00+00:00,4487.49,4493.06,4477.73,4488.65,148.8564,real_binance
2026-05-20T10:00:00+00:00,4488.65,4499.3,4488.65,4497.05,79.5775,real_binance
2026-05-20T11:00:00+00:00,4497.05,4503.46,4494.14,4500.0,110.6517,real_binance
2026-05-20T12:00:00+00:00,4499.99,4506.02,4495.61,4498.16,158.9655,real_binance
2026-05-20T13:00:00+00:00,4498.17,4506.28,4484.17,4484.55,154.5981,real_binance
2026-05-20T14:00:00+00:00,4485.01,4534.75,4470.67,4529.4,367.2074,real_binance
2026-05-20T15:00:00+00:00,4529.39,4550.0,4520.96,4526.82,284.3724,real_binance
2026-05-20T16:00:00+00:00,4526.85,4532.99,4522.82,4532.99,61.8756,real_binance
2026-05-20T17:00:00+00:00,4532.59,4536.87,4528.5,4530.56,178.3522,real_binance
2026-05-20T18:00:00+00:00,4530.56,4542.0,4528.59,4540.51,75.7794,real_binance
2026-05-20T19:00:00+00:00,4540.5,4546.24,4533.47,4541.96,324.1422,real_binance
2026-05-20T20:00:00+00:00,4541.96,4545.49,4538.37,4539.96,87.8357,real_binance
2026-05-20T21:00:00+00:00,4539.97,4540.45,4535.53,4536.61,32.2323,real_binance
2026-05-20T22:00:00+00:00,4536.61,4542.24,4530.65,4535.25,77.8319,real_binance
2026-05-20T23:00:00+00:00,4535.44,4542.68,4531.51,4541.5,37.8277,real_binance
2026-05-21T00:00:00+00:00,4541.75,4547.99,4533.37,4540.56,58.0591,real_binance
2026-05-21T01:00:00+00:00,4541.06,4564.0,4535.79,4555.42,141.4814,real_binance
2026-05-21T02:00:00+00:00,4555.43,4558.76,4528.77,4530.0,42.1258,real_binance
2026-05-21T03:00:00+00:00,4529.75,4534.99,4523.33,4523.98,72.6288,real_binance
2026-05-21T04:00:00+00:00,4523.5,4533.99,4523.34,4533.24,29.8009,real_binance
2026-05-21T05:00:00+00:00,4533.0,4533.94,4515.0,4523.74,54.1569,real_binance
2026-05-21T06:00:00+00:00,4523.31,4533.88,4515.04,4516.25,170.303,real_binance
2026-05-21T07:00:00+00:00,4516.5,4519.74,4510.67,4515.69,102.0072,real_binance
2026-05-21T08:00:00+00:00,4515.7,4531.71,4515.48,4529.25,118.3516,real_binance
2026-05-21T09:00:00+00:00,4528.93,4537.49,4526.05,4527.62,167.9861,real_binance
2026-05-21T10:00:00+00:00,4527.2,4532.09,4503.99,4509.21,140.6948,real_binance
2026-05-21T11:00:00+00:00,4509.51,4517.9,4506.62,4510.5,98.7174,real_binance
2026-05-21T12:00:00+00:00,4510.66,4515.88,4501.27,4501.68,148.9067,real_binance
2026-05-21T13:00:00+00:00,4502.1,4519.31,4489.01,4513.37,208.4939,real_binance
2026-05-21T14:00:00+00:00,4512.82,4514.75,4498.39,4507.63,181.9418,real_binance
2026-05-21T15:00:00+00:00,4507.63,4512.49,4497.0,4509.71,128.6195,real_binance
2026-05-21T16:00:00+00:00,4510.18,4520.36,4510.18,4516.2,137.434,real_binance
2026-05-21T17:00:00+00:00,4516.46,4553.94,4513.35,4546.84,185.6697,real_binance
2026-05-21T18:00:00+00:00,4546.95,4550.51,4523.77,4527.12,144.2196,real_binance
2026-05-21T19:00:00+00:00,4527.38,4538.82,4526.86,4537.56,75.9577,real_binance
2026-05-21T20:00:00+00:00,4537.91,4538.73,4534.92,4537.21,36.3007,real_binance
2026-05-21T21:00:00+00:00,4537.21,4538.82,4537.21,4538.06,12.1855,real_binance
2026-05-21T22:00:00+00:00,4538.06,4540.61,4536.45,4536.98,62.7272,real_binance
2026-05-21T23:00:00+00:00,4537.26,4538.56,4527.96,4529.71,45.4535,real_binance
2026-05-22T00:00:00+00:00,4529.72,4534.14,4521.35,4521.35,27.2108,real_binance
2026-05-22T01:00:00+00:00,4521.45,4529.99,4518.07,4521.93,24.7276,real_binance
2026-05-22T02:00:00+00:00,4522.18,4524.0,4516.24,4518.88,25.8389,real_binance
2026-05-22T03:00:00+00:00,4519.06,4524.52,4516.45,4524.26,55.8832,real_binance
2026-05-22T04:00:00+00:00,4524.52,4527.38,4521.71,4523.74,81.352,real_binance
2026-05-22T05:00:00+00:00,4523.74,4529.45,4505.79,4507.88,114.8681,real_binance
2026-05-22T06:00:00+00:00,4508.14,4523.48,4507.99,4522.44,30.3101,real_binance
2026-05-22T07:00:00+00:00,4521.92,4521.92,4513.02,4516.86,74.1057,real_binance
2026-05-22T08:00:00+00:00,4517.03,4525.24,4513.52,4517.15,92.9091,real_binance
2026-05-22T09:00:00+00:00,4517.15,4529.97,4511.73,4527.56,72.593,real_binance
2026-05-22T10:00:00+00:00,4527.56,4530.52,4508.51,4511.51,116.5279,real_binance
2026-05-22T11:00:00+00:00,4511.52,4519.52,4509.37,4516.03,99.1782,real_binance
2026-05-22T12:00:00+00:00,4516.04,4530.99,4512.72,4523.57,124.1059,real_binance
2026-05-22T13:00:00+00:00,4523.58,4530.1,4508.1,4510.88,145.9758,real_binance
2026-05-22T14:00:00+00:00,4510.88,4510.88,4488.0,4499.01,225.8648,real_binance
2026-05-22T15:00:00+00:00,4498.89,4517.8,4498.75,4516.48,88.9412,real_binance
2026-05-22T16:00:00+00:00,4516.48,4522.2,4509.27,4510.61,61.3977,real_binance
2026-05-22T17:00:00+00:00,4510.62,4523.38,4510.62,4515.76,67.6155,real_binance
2026-05-22T18:00:00+00:00,4515.76,4515.76,4509.81,4511.79,112.41,real_binance
2026-05-22T19:00:00+00:00,4511.79,4511.97,4501.99,4505.62,287.8688,real_binance
2026-05-22T20:00:00+00:00,4505.62,4506.37,4500.0,4504.87,322.1128,real_binance
2026-05-22T21:00:00+00:00,4504.87,4509.14,4502.56,4508.24,65.2724,real_binance
2026-05-22T22:00:00+00:00,4508.24,4508.24,4503.42,4503.5,41.7262,real_binance
2026-05-22T23:00:00+00:00,4503.5,4504.15,4498.27,4499.27,39.1212,real_binance
2026-05-23T00:00:00+00:00,4499.28,4501.83,4498.27,4501.74,51.9186,real_binance
2026-05-23T01:00:00+00:00,4501.74,4506.02,4501.7,4504.72,21.1335,real_binance
2026-05-23T02:00:00+00:00,4504.72,4508.0,4503.73,4508.0,16.1284,real_binance
2026-05-23T03:00:00+00:00,4508.0,4511.08,4506.88,4508.63,59.1583,real_binance
2026-05-23T04:00:00+00:00,4508.63,4510.45,4508.63,4509.02,19.9146,real_binance
2026-05-23T05:00:00+00:00,4509.03,4511.16,4509.02,4509.03,32.1763,real_binance
2026-05-23T06:00:00+00:00,4509.03,4512.0,4508.81,4511.98,72.975,real_binance
2026-05-23T07:00:00+00:00,4511.98,4511.99,4499.61,4502.0,82.6975,real_binance
2026-05-23T08:00:00+00:00,4501.99,4503.87,4497.8,4503.75,62.1396,real_binance
2026-05-23T09:00:00+00:00,4503.74,4504.08,4502.61,4502.8,21.5028,real_binance
2026-05-23T10:00:00+00:00,4502.79,4502.8,4499.1,4500.29,46.0345,real_binance
2026-05-23T11:00:00+00:00,4500.29,4501.62,4497.67,4499.75,51.8428,real_binance
2026-05-23T12:00:00+00:00,4499.76,4500.83,4498.1,4499.99,39.8805,real_binance
2026-05-23T13:00:00+00:00,4500.0,4504.35,4499.99,4504.2,50.9279,real_binance
2026-05-23T14:00:00+00:00,4504.2,4510.0,4504.2,4509.23,73.2127,real_binance
2026-05-23T15:00:00+00:00,4509.24,4509.81,4507.38,4508.44,16.0367,real_binance
2026-05-23T16:00:00+00:00,4508.45,4509.82,4506.64,4509.37,14.8303,real_binance
2026-05-23T17:00:00+00:00,4509.36,4510.0,4507.91,4508.92,39.2007,real_binance
2026-05-23T18:00:00+00:00,4508.93,4513.04,4508.92,4511.97,64.8808,real_binance
2026-05-23T19:00:00+00:00,4511.97,4515.8,4511.97,4515.62,73.2319,real_binance
2026-05-23T20:00:00+00:00,4515.61,4526.65,4515.39,4526.27,276.2602,real_binance
2026-05-23T21:00:00+00:00,4526.28,4527.14,4514.59,4516.75,125.2709,real_binance
2026-05-23T22:00:00+00:00,4516.76,4525.73,4516.75,4525.58,64.1017,real_binance
2026-05-23T23:00:00+00:00,4525.59,4529.03,4525.53,4528.07,101.036,real_binance
2026-05-24T00:00:00+00:00,4528.07,4540.81,4528.01,4535.36,539.749,real_binance
2026-05-24T01:00:00+00:00,4535.04,4543.78,4534.77,4543.25,262.6127,real_binance
2026-05-24T02:00:00+00:00,4543.26,4545.58,4535.13,4539.37,155.7459,real_binance
2026-05-24T03:00:00+00:00,4539.43,4544.47,4538.0,4539.24,199.3944,real_binance
2026-05-24T04:00:00+00:00,4539.24,4543.77,4538.0,4538.57,57.0449,real_binance
2026-05-24T05:00:00+00:00,4538.57,4546.0,4538.22,4545.94,36.1552,real_binance
2026-05-24T06:00:00+00:00,4545.95,4548.36,4539.68,4540.95,106.8749,real_binance
2026-05-24T07:00:00+00:00,4540.96,4544.0,4540.96,4541.26,77.0465,real_binance
2026-05-24T08:00:00+00:00,4541.26,4543.95,4541.25,4541.78,106.4955,real_binance
2026-05-24T09:00:00+00:00,4541.77,4542.15,4539.27,4540.62,125.7378,real_binance
2026-05-24T10:00:00+00:00,4540.63,4542.72,4536.63,4536.64,38.6268,real_binance
2026-05-24T11:00:00+00:00,4536.64,4538.22,4535.48,4535.49,50.835,real_binance
2026-05-24T12:00:00+00:00,4535.49,4535.49,4530.0,4531.66,100.5773,real_binance
2026-05-24T13:00:00+00:00,4531.65,4533.83,4529.06,4530.46,39.5305,real_binance
2026-05-24T14:00:00+00:00,4530.45,4532.09,4517.0,4522.35,159.5963,real_binance
2026-05-24T15:00:00+00:00,4522.36,4523.88,4519.21,4523.0,40.2866,real_binance
2026-05-24T16:00:00+00:00,4522.99,4527.29,4522.0,4526.18,37.3643,real_binance
2026-05-24T17:00:00+00:00,4526.18,4526.18,4519.41,4521.41,31.0504,real_binance
2026-05-24T18:00:00+00:00,4521.41,4521.98,4518.89,4519.73,38.5136,real_binance
2026-05-24T19:00:00+00:00,4519.8,4520.15,4517.0,4518.47,40.7881,real_binance
2026-05-24T20:00:00+00:00,4518.48,4521.71,4517.85,4519.54,23.9352,real_binance
2026-05-24T21:00:00+00:00,4519.55,4525.31,4517.01,4519.55,97.8478,real_binance
2026-05-24T22:00:00+00:00,4519.32,4559.4,4519.21,4558.0,1103.9431,real_binance
2026-05-24T23:00:00+00:00,4558.0,4573.63,4558.0,4561.78,340.9995,real_binance
2026-05-25T00:00:00+00:00,4561.79,4573.74,4561.79,4565.09,74.3544,real_binance
2026-05-25T01:00:00+00:00,4565.09,4570.82,4555.07,4556.09,121.5567,real_binance
2026-05-25T02:00:00+00:00,4556.1,4563.3,4553.65,4554.92,46.0959,real_binance
2026-05-25T03:00:00+00:00,4554.92,4557.86,4551.01,4552.9,69.6231,real_binance
2026-05-25T04:00:00+00:00,4553.21,4558.36,4552.87,4558.31,33.571,real_binance
2026-05-25T05:00:00+00:00,4558.3,4559.84,4546.81,4547.71,90.9818,real_binance
2026-05-25T06:00:00+00:00,4547.7,4555.71,4543.78,4555.71,68.2866,real_binance
2026-05-25T07:00:00+00:00,4555.89,4558.2,4546.88,4558.09,174.3593,real_binance
2026-05-25T08:00:00+00:00,4558.16,4558.51,4548.05,4550.44,60.1295,real_binance
2026-05-25T09:00:00+00:00,4550.44,4561.98,4548.62,4561.12,102.6428,real_binance
2026-05-25T10:00:00+00:00,4561.13,4565.65,4561.12,4561.74,77.5141,real_binance
2026-05-25T11:00:00+00:00,4561.73,4568.48,4560.16,4562.0,191.2817,real_binance
2026-05-25T12:00:00+00:00,4562.0,4563.0,4547.79,4560.23,176.2753,real_binance
2026-05-25T13:00:00+00:00,4560.24,4563.44,4555.03,4556.9,40.0798,real_binance
2026-05-25T14:00:00+00:00,4556.91,4563.44,4556.0,4559.85,75.0967,real_binance
2026-05-25T15:00:00+00:00,4559.86,4567.98,4559.85,4563.33,76.5228,real_binance
2026-05-25T16:00:00+00:00,4563.33,4568.0,4561.76,4567.13,36.3215,real_binance
2026-05-25T17:00:00+00:00,4567.36,4569.99,4557.56,4558.14,24.8387,real_binance
2026-05-25T18:00:00+00:00,4558.14,4563.1,4558.14,4561.78,24.2414,real_binance
2026-05-25T19:00:00+00:00,4561.78,4561.92,4559.88,4561.1,14.3849,real_binance
2026-05-25T20:00:00+00:00,4561.1,4563.91,4561.1,4562.89,22.8037,real_binance
2026-05-25T21:00:00+00:00,4562.89,4563.52,4559.53,4559.53,26.6598,real_binance
2026-05-25T22:00:00+00:00,4559.54,4566.24,4559.54,4564.54,59.6679,real_binance
2026-05-25T23:00:00+00:00,4564.54,4571.0,4548.36,4551.68,181.3585,real_binance
2026-05-26T00:00:00+00:00,4551.4,4551.4,4533.34,4541.32,273.0142,real_binance
2026-05-26T01:00:00+00:00,4541.6,4541.7,4521.21,4529.72,116.4115,real_binance
2026-05-26T02:00:00+00:00,4529.54,4533.41,4526.21,4528.25,158.5599,real_binance
2026-05-26T03:00:00+00:00,4528.25,4539.51,4527.71,4537.44,55.6858,real_binance
2026-05-26T04:00:00+00:00,4537.63,4538.24,4520.02,4522.0,45.8137,real_binance
2026-05-26T05:00:00+00:00,4522.0,4531.5,4520.0,4523.67,163.5248,real_binance
2026-05-26T06:00:00+00:00,4523.42,4531.11,4523.42,4527.93,49.1734,real_binance
2026-05-26T07:00:00+00:00,4527.93,4534.49,4520.0,4534.11,57.2554,real_binance
2026-05-26T08:00:00+00:00,4534.05,4534.05,4517.42,4521.0,77.4854,real_binance
2026-05-26T09:00:00+00:00,4521.01,4523.24,4512.13,4520.5,82.9882,real_binance
2026-05-26T10:00:00+00:00,4519.78,4536.95,4517.1,4532.99,182.3388,real_binance
2026-05-26T11:00:00+00:00,4533.0,4533.85,4503.41,4506.43,988.4495,real_binance
2026-05-26T12:00:00+00:00,4506.54,4520.9,4500.8,4518.48,210.8557,real_binance
2026-05-26T13:00:00+00:00,4518.48,4527.43,4512.11,4513.27,125.7023,real_binance
2026-05-26T14:00:00+00:00,4513.36,4520.81,4508.34,4514.01,255.0129,real_binance
2026-05-26T15:00:00+00:00,4513.61,4513.61,4502.7,4506.27,165.1861,real_binance
2026-05-26T16:00:00+00:00,4506.61,4511.23,4500.48,4505.0,117.4788,real_binance
2026-05-26T17:00:00+00:00,4505.0,4506.76,4491.25,4492.11,227.5013,real_binance
2026-05-26T18:00:00+00:00,4492.11,4500.0,4484.71,4500.0,116.4419,real_binance
2026-05-26T19:00:00+00:00,4500.01,4509.85,4499.0,4509.12,51.6419,real_binance
2026-05-26T20:00:00+00:00,4509.34,4511.37,4506.54,4508.02,24.6388,real_binance
2026-05-26T21:00:00+00:00,4508.23,4508.24,4505.68,4506.77,25.4973,real_binance
2026-05-26T22:00:00+00:00,4506.76,4512.0,4500.75,4511.56,125.2565,real_binance
2026-05-26T23:00:00+00:00,4511.5,4527.63,4505.78,4520.62,290.277,real_binance
2026-05-27T00:00:00+00:00,4520.36,4526.08,4515.95,4517.29,67.4258,real_binance
2026-05-27T01:00:00+00:00,4517.29,4521.66,4509.94,4511.22,65.4509,real_binance
2026-05-27T02:00:00+00:00,4511.23,4511.72,4502.48,4508.68,118.1565,real_binance
2026-05-27T03:00:00+00:00,4508.88,4513.75,4501.35,4501.56,93.3361,real_binance
2026-05-27T04:00:00+00:00,4501.56,4518.2,4500.07,4513.5,176.2817,real_binance
2026-05-27T05:00:00+00:00,4513.49,4516.31,4497.42,4502.26,213.4217,real_binance
2026-05-27T06:00:00+00:00,4502.03,4503.39,4486.61,4490.28,106.4395,real_binance
2026-05-27T07:00:00+00:00,4490.29,4493.58,4475.76,4479.81,443.7378,real_binance
2026-05-27T08:00:00+00:00,4479.8,4496.31,4479.8,4495.5,100.7235,real_binance
2026-05-27T09:00:00+00:00,4495.74,4495.74,4487.76,4490.85,84.4797,real_binance
2026-05-27T10:00:00+00:00,4490.75,4490.75,4434.29,4448.64,1488.6082,real_binance
2026-05-27T11:00:00+00:00,4449.02,4455.46,4431.25,4433.37,477.1497,real_binance
2026-05-27T12:00:00+00:00,4433.68,4467.61,4433.68,4443.25,467.1754,real_binance
2026-05-27T13:00:00+00:00,4443.1,4443.49,4410.5,4434.47,875.9101,real_binance
2026-05-27T14:00:00+00:00,4434.26,4458.81,4434.01,4439.1,419.2865,real_binance
2026-05-27T15:00:00+00:00,4439.01,4447.35,4435.4,4442.1,266.8522,real_binance
2026-05-27T16:00:00+00:00,4442.23,4458.98,4440.85,4456.42,389.9277,real_binance
2026-05-27T17:00:00+00:00,4456.43,4457.69,4448.61,4454.91,171.0928,real_binance
2026-05-27T18:00:00+00:00,4454.64,4462.02,4452.01,4458.5,59.5085,real_binance
2026-05-27T19:00:00+00:00,4458.51,4459.43,4454.98,4455.8,51.5393,real_binance
2026-05-27T20:00:00+00:00,4455.81,4462.31,4455.48,4460.67,65.6542,real_binance
2026-05-27T21:00:00+00:00,4460.66,4460.66,4453.61,4455.55,92.2918,real_binance
2026-05-27T22:00:00+00:00,4455.55,4466.1,4455.55,4458.17,161.2728,real_binance
2026-05-27T23:00:00+00:00,4458.04,4458.05,4446.18,4448.64,99.7167,real_binance
2026-05-28T00:00:00+00:00,4448.63,4457.77,4445.78,4457.7,41.5365,real_binance
2026-05-28T01:00:00+00:00,4457.97,4459.55,4414.03,4416.39,246.4659,real_binance
2026-05-28T02:00:00+00:00,4416.39,4418.44,4390.9,4400.87,1379.5166,real_binance
2026-05-28T03:00:00+00:00,4400.86,4402.88,4375.0,4379.95,730.5389,real_binance
2026-05-28T04:00:00+00:00,4379.94,4387.78,4374.0,4380.75,273.1375,real_binance
2026-05-28T05:00:00+00:00,4380.76,4400.46,4375.9,4394.52,132.5162,real_binance
2026-05-28T06:00:00+00:00,4394.53,4395.98,4382.48,4390.94,195.37,real_binance
2026-05-28T07:00:00+00:00,4390.95,4401.39,4390.81,4394.79,185.254,real_binance
2026-05-28T08:00:00+00:00,4395.05,4400.45,4392.43,4392.88,67.1604,real_binance
2026-05-28T09:00:00+00:00,4392.63,4402.18,4392.63,4399.19,127.0189,real_binance
2026-05-28T10:00:00+00:00,4399.18,4406.84,4382.63,4388.3,218.0128,real_binance
2026-05-28T11:00:00+00:00,4388.18,4394.5,4385.92,4391.98,104.7794,real_binance
2026-05-28T12:00:00+00:00,4391.52,4435.8,4384.61,4434.32,237.9657,real_binance
2026-05-28T13:00:00+00:00,4434.76,4440.05,4419.01,4430.53,502.2551,real_binance
2026-05-28T14:00:00+00:00,4430.8,4475.0,4422.0,4465.1,1630.8194,real_binance
2026-05-28T15:00:00+00:00,4465.34,4480.0,4465.13,4476.69,467.6348,real_binance
2026-05-28T16:00:00+00:00,4476.78,4504.16,4473.58,4503.76,512.1703,real_binance
2026-05-28T17:00:00+00:00,4503.84,4506.85,4495.04,4500.76,103.237,real_binance
2026-05-28T18:00:00+00:00,4500.76,4507.0,4492.1,4493.5,95.037,real_binance
2026-05-28T19:00:00+00:00,4493.51,4495.45,4491.08,4491.24,68.3195,real_binance
2026-05-28T20:00:00+00:00,4491.24,4493.01,4487.32,4487.79,65.1811,real_binance
2026-05-28T21:00:00+00:00,4487.79,4488.0,4486.45,4486.8,53.5959,real_binance
2026-05-28T22:00:00+00:00,4486.8,4491.74,4484.21,4484.21,92.1245,real_binance
2026-05-28T23:00:00+00:00,4484.25,4489.17,4482.21,4487.89,63.944,real_binance
2026-05-29T00:00:00+00:00,4487.6,4492.75,4485.58,4487.57,59.7716,real_binance
2026-05-29T01:00:00+00:00,4487.78,4511.03,4486.24,4500.71,1335.6299,real_binance
2026-05-29T02:00:00+00:00,4500.11,4503.32,4492.93,4495.94,43.2322,real_binance
2026-05-29T03:00:00+00:00,4495.93,4495.93,4489.76,4494.16,51.1915,real_binance
2026-05-29T04:00:00+00:00,4494.26,4508.54,4494.26,4508.07,92.7039,real_binance
2026-05-29T05:00:00+00:00,4508.08,4511.0,4499.0,4509.56,52.2557,real_binance
2026-05-29T06:00:00+00:00,4509.56,4518.8,4506.47,4517.86,215.1215,real_binance
2026-05-29T07:00:00+00:00,4517.85,4519.72,4506.7,4519.22,140.1602,real_binance
2026-05-29T08:00:00+00:00,4519.21,4519.24,4506.85,4510.44,55.6446,real_binance
2026-05-29T09:00:00+00:00,4510.45,4533.24,4509.23,4527.6,147.5934,real_binance
2026-05-29T10:00:00+00:00,4526.93,4536.0,4521.66,4532.37,83.5418,real_binance
2026-05-29T11:00:00+00:00,4532.5,4533.89,4521.63,4532.2,120.9215,real_binance
2026-05-29T12:00:00+00:00,4532.5,4532.5,4508.18,4517.92,140.0277,real_binance
2026-05-29T13:00:00+00:00,4517.76,4533.13,4512.58,4529.72,94.6293,real_binance
2026-05-29T14:00:00+00:00,4530.48,4561.28,4519.81,4555.97,534.0954,real_binance
2026-05-29T15:00:00+00:00,4556.31,4584.62,4551.73,4562.55,599.889,real_binance
2026-05-29T16:00:00+00:00,4562.55,4564.55,4552.73,4558.86,179.1188,real_binance
2026-05-29T17:00:00+00:00,4558.85,4559.48,4544.05,4545.11,112.931,real_binance
2026-05-29T18:00:00+00:00,4545.29,4552.03,4542.56,4544.83,62.8178,real_binance
2026-05-29T19:00:00+00:00,4544.75,4550.26,4536.05,4537.74,78.3622,real_binance
2026-05-29T20:00:00+00:00,4537.73,4540.88,4530.53,4530.53,102.74,real_binance
2026-05-29T21:00:00+00:00,4530.53,4532.46,4526.05,4531.11,113.7591,real_binance
2026-05-29T22:00:00+00:00,4531.1,4534.58,4528.51,4533.35,48.0562,real_binance
2026-05-29T23:00:00+00:00,4533.35,4535.82,4529.71,4534.99,39.8376,real_binance
2026-05-30T00:00:00+00:00,4535.0,4538.72,4532.55,4533.12,80.5629,real_binance
2026-05-30T01:00:00+00:00,4533.11,4536.86,4532.19,4535.32,35.8929,real_binance
2026-05-30T02:00:00+00:00,4535.33,4535.33,4533.06,4535.3,125.8451,real_binance
2026-05-30T03:00:00+00:00,4535.3,4535.3,4532.28,4532.51,33.2075,real_binance
2026-05-30T04:00:00+00:00,4532.52,4532.52,4525.0,4531.75,37.2569,real_binance
2026-05-30T05:00:00+00:00,4531.75,4533.45,4528.6,4530.02,32.2977,real_binance
2026-05-30T06:00:00+00:00,4530.02,4532.99,4527.17,4531.63,30.1721,real_binance
2026-05-30T07:00:00+00:00,4531.63,4531.63,4527.85,4528.01,15.7114,real_binance
2026-05-30T08:00:00+00:00,4528.01,4530.87,4527.93,4530.03,11.4989,real_binance
2026-05-30T09:00:00+00:00,4530.03,4534.58,4530.03,4532.17,33.7438,real_binance
2026-05-30T10:00:00+00:00,4532.17,4534.64,4531.27,4533.95,69.1843,real_binance
2026-05-30T11:00:00+00:00,4533.95,4533.96,4528.83,4530.03,35.115,real_binance
2026-05-30T12:00:00+00:00,4530.03,4533.5,4528.77,4528.78,23.0072,real_binance
2026-05-30T13:00:00+00:00,4528.78,4530.65,4526.0,4528.4,39.6279,real_binance
2026-05-30T14:00:00+00:00,4528.41,4530.3,4528.12,4528.13,24.9276,real_binance
2026-05-30T15:00:00+00:00,4528.13,4529.09,4527.25,4527.79,21.5777,real_binance
2026-05-30T16:00:00+00:00,4528.16,4528.48,4526.55,4526.8,29.1349,real_binance
2026-05-30T17:00:00+00:00,4526.81,4527.17,4525.16,4526.92,12.5081,real_binance
2026-05-30T18:00:00+00:00,4526.92,4526.93,4525.51,4525.82,17.8778,real_binance
2026-05-30T19:00:00+00:00,4525.82,4527.0,4524.38,4526.99,18.7756,real_binance
2026-05-30T20:00:00+00:00,4526.99,4527.12,4524.77,4524.78,16.8625,real_binance
2026-05-30T21:00:00+00:00,4524.77,4526.06,4523.24,4524.83,37.0951,real_binance
2026-05-30T22:00:00+00:00,4524.82,4525.38,4522.72,4522.74,14.0105,real_binance
2026-05-30T23:00:00+00:00,4522.74,4523.61,4522.53,4523.42,14.4383,real_binance
2026-05-31T00:00:00+00:00,4523.43,4524.08,4522.9,4523.14,22.4505,real_binance
2026-05-31T01:00:00+00:00,4523.13,4528.0,4523.13,4524.76,30.5636,real_binance
2026-05-31T02:00:00+00:00,4524.77,4525.69,4521.45,4523.57,78.01,real_binance
2026-05-31T03:00:00+00:00,4523.57,4523.81,4522.72,4522.92,17.9342,real_binance
2026-05-31T04:00:00+00:00,4522.92,4523.0,4520.7,4520.92,22.3242,real_binance
2026-05-31T05:00:00+00:00,4520.92,4534.32,4520.91,4533.44,44.0663,real_binance
2026-05-31T06:00:00+00:00,4533.14,4533.44,4530.65,4533.44,16.9522,real_binance
2026-05-31T07:00:00+00:00,4533.44,4536.24,4532.21,4534.86,87.0824,real_binance
2026-05-31T08:00:00+00:00,4534.86,4536.0,4533.7,4533.7,15.0199,real_binance
2026-05-31T09:00:00+00:00,4533.71,4534.28,4531.34,4532.82,16.4102,real_binance
2026-05-31T10:00:00+00:00,4532.81,4536.23,4531.01,4531.9,27.3926,real_binance
2026-05-31T11:00:00+00:00,4531.89,4533.13,4531.47,4533.08,27.2033,real_binance
2026-05-31T12:00:00+00:00,4533.09,4536.63,4533.09,4536.26,14.094,real_binance
2026-05-31T13:00:00+00:00,4536.25,4537.35,4532.07,4533.16,13.0964,real_binance
2026-05-31T14:00:00+00:00,4533.15,4534.25,4530.51,4531.55,20.2425,real_binance
2026-05-31T15:00:00+00:00,4531.55,4533.01,4529.99,4531.43,64.8907,real_binance
2026-05-31T16:00:00+00:00,4531.43,4534.69,4531.43,4534.67,32.5495,real_binance
2026-05-31T17:00:00+00:00,4534.68,4534.72,4531.77,4534.2,17.2421,real_binance
2026-05-31T18:00:00+00:00,4534.19,4534.2,4532.82,4533.87,18.1807,real_binance
2026-05-31T19:00:00+00:00,4533.87,4534.68,4530.65,4531.31,25.3214,real_binance
2026-05-31T20:00:00+00:00,4531.31,4531.31,4528.79,4529.1,12.1809,real_binance
2026-05-31T21:00:00+00:00,4528.8,4533.31,4525.6,4528.49,31.8661,real_binance
2026-05-31T22:00:00+00:00,4528.49,4534.21,4514.72,4530.97,325.5073,real_binance
2026-05-31T23:00:00+00:00,4530.97,4539.48,4530.96,4535.0,48.5638,real_binance
2026-06-01T00:00:00+00:00,4534.99,4540.56,4530.03,4534.37,80.8177,real_binance
2026-06-01T01:00:00+00:00,4534.06,4534.67,4517.76,4518.87,294.2099,real_binance
2026-06-01T02:00:00+00:00,4518.79,4527.36,4512.85,4513.6,743.4505,real_binance
2026-06-01T03:00:00+00:00,4513.61,4517.0,4505.01,4508.94,135.3572,real_binance
2026-06-01T04:00:00+00:00,4508.95,4512.05,4504.49,4508.52,65.4152,real_binance
2026-06-01T05:00:00+00:00,4508.95,4517.92,4507.4,4512.36,42.956,real_binance
2026-06-01T06:00:00+00:00,4512.1,4513.13,4496.59,4498.13,156.5838,real_binance
2026-06-01T07:00:00+00:00,4498.5,4505.0,4490.01,4497.67,129.1942,real_binance
2026-06-01T08:00:00+00:00,4497.68,4499.38,4487.51,4494.38,125.0171,real_binance
2026-06-01T09:00:00+00:00,4494.6,4502.43,4487.7,4492.49,76.4377,real_binance
2026-06-01T10:00:00+00:00,4492.5,4506.63,4492.5,4499.99,207.7609,real_binance
2026-06-01T11:00:00+00:00,4500.5,4507.84,4497.76,4503.1,62.7951,real_binance
2026-06-01T12:00:00+00:00,4503.09,4505.68,4495.51,4499.54,81.9312,real_binance
2026-06-01T13:00:00+00:00,4499.55,4500.09,4449.75,4450.91,648.177,real_binance
2026-06-01T14:00:00+00:00,4451.2,4465.72,4448.33,4458.78,593.9994,real_binance
2026-06-01T15:00:00+00:00,4459.05,4479.07,4457.43,4474.44,326.3449,real_binance
2026-06-01T16:00:00+00:00,4474.71,4481.55,4464.19,4480.55,122.9608,real_binance
2026-06-01T17:00:00+00:00,4480.54,4495.15,4473.1,4487.94,210.0945,real_binance
2026-06-01T18:00:00+00:00,4487.67,4489.28,4485.24,4486.59,33.4353,real_binance
2026-06-01T19:00:00+00:00,4486.49,4487.12,4479.3,4480.38,65.4175,real_binance
2026-06-01T20:00:00+00:00,4480.65,4483.89,4480.65,4483.09,19.9183,real_binance
2026-06-01T21:00:00+00:00,4483.09,4484.96,4481.06,4483.34,21.0242,real_binance
2026-06-01T22:00:00+00:00,4483.35,4484.7,4479.31,4483.62,116.2871,real_binance
2026-06-01T23:00:00+00:00,4483.88,4485.23,4478.0,4482.21,29.543,real_binance
2026-06-02T00:00:00+00:00,4481.76,4492.93,4476.07,4479.63,54.6495,real_binance
2026-06-02T01:00:00+00:00,4479.71,4488.45,4462.29,4472.28,134.3604,real_binance
2026-06-02T02:00:00+00:00,4472.01,4481.91,4470.0,4481.91,37.0103,real_binance
2026-06-02T03:00:00+00:00,4481.9,4495.22,4481.9,4494.76,116.6288,real_binance
2026-06-02T04:00:00+00:00,4494.77,4512.71,4494.43,4511.47,107.9689,real_binance
2026-06-02T05:00:00+00:00,4511.84,4522.58,4510.09,4512.05,205.8559,real_binance
2026-06-02T06:00:00+00:00,4512.06,4532.43,4512.06,4530.24,538.1036,real_binance
2026-06-02T07:00:00+00:00,4530.71,4534.99,4523.66,4529.76,419.9294,real_binance
2026-06-02T08:00:00+00:00,4529.85,4533.0,4520.82,4521.27,146.3009,real_binance
2026-06-02T09:00:00+00:00,4521.27,4529.0,4515.85,4523.0,117.9109,real_binance
2026-06-02T10:00:00+00:00,4523.25,4527.75,4519.3,4527.74,125.376,real_binance
2026-06-02T11:00:00+00:00,4527.74,4528.7,4521.05,4521.37,59.062,real_binance
2026-06-02T12:00:00+00:00,4521.76,4528.31,4509.37,4509.37,114.9179,real_binance
2026-06-02T13:00:00+00:00,4509.38,4518.71,4500.02,4500.56,141.7084,real_binance
2026-06-02T14:00:00+00:00,4500.55,4503.84,4487.19,4502.0,299.0688,real_binance
2026-06-02T15:00:00+00:00,4502.16,4506.48,4498.23,4498.79,192.2758,real_binance
2026-06-02T16:00:00+00:00,4498.79,4499.75,4485.45,4489.92,71.6037,real_binance
2026-06-02T17:00:00+00:00,4489.92,4492.36,4481.15,4484.2,246.0216,real_binance
2026-06-02T18:00:00+00:00,4484.2,4489.23,4479.07,4485.89,72.7525,real_binance
2026-06-02T19:00:00+00:00,4485.89,4488.22,4477.41,4485.1,405.441,real_binance
2026-06-02T20:00:00+00:00,4485.1,4488.39,4484.01,4486.89,49.1008,real_binance
2026-06-02T21:00:00+00:00,4486.88,4486.89,4480.67,4483.23,59.3316,real_binance
2026-06-02T22:00:00+00:00,4483.24,4489.43,4480.56,4480.56,149.171,real_binance
2026-06-02T23:00:00+00:00,4480.57,4484.05,4456.53,4470.86,271.7688,real_binance
2026-06-03T00:00:00+00:00,4471.04,4491.2,4471.0,4482.91,62.1249,real_binance
2026-06-03T01:00:00+00:00,4482.91,4483.32,4460.68,4471.31,76.4717,real_binance
2026-06-03T02:00:00+00:00,4471.32,4480.0,4469.36,4477.19,52.4404,real_binance
2026-06-03T03:00:00+00:00,4477.2,4481.99,4476.41,4478.3,164.993,real_binance
2026-06-03T04:00:00+00:00,4478.3,4481.68,4463.94,4464.61,133.7096,real_binance
2026-06-03T05:00:00+00:00,4464.6,4469.92,4453.51,4453.52,97.7029,real_binance
2026-06-03T06:00:00+00:00,4453.53,4466.0,4453.0,4457.95,133.8116,real_binance
2026-06-03T07:00:00+00:00,4458.4,4467.09,4450.99,4450.99,74.0825,real_binance
2026-06-03T08:00:00+00:00,4450.99,4456.03,4437.45,4439.69,210.3634,real_binance
2026-06-03T09:00:00+00:00,4439.67,4453.02,4437.0,4438.32,125.8666,real_binance
2026-06-03T10:00:00+00:00,4438.77,4462.75,4438.08,4456.25,374.8744,real_binance
2026-06-03T11:00:00+00:00,4456.26,4463.5,4455.8,4459.26,45.2145,real_binance
2026-06-03T12:00:00+00:00,4459.26,4462.76,4446.75,4456.51,61.0841,real_binance
2026-06-03T13:00:00+00:00,4456.78,4461.74,4426.43,4443.36,207.7346,real_binance
2026-06-03T14:00:00+00:00,4444.01,4455.88,4439.65,4453.76,105.7551,real_binance
2026-06-03T15:00:00+00:00,4454.5,4455.0,4433.73,4438.59,282.4124,real_binance
2026-06-03T16:00:00+00:00,4438.75,4440.43,4431.07,4439.03,228.8806,real_binance
2026-06-03T17:00:00+00:00,4439.5,4444.67,4433.51,4437.5,339.9353,real_binance
2026-06-03T18:00:00+00:00,4437.64,4439.49,4433.26,4439.31,92.0514,real_binance
2026-06-03T19:00:00+00:00,4439.32,4449.96,4438.96,4441.0,240.462,real_binance
2026-06-03T20:00:00+00:00,4441.01,4442.3,4428.64,4430.59,67.7483,real_binance
2026-06-03T21:00:00+00:00,4430.59,4443.2,4430.25,4443.2,85.0455,real_binance
2026-06-03T22:00:00+00:00,4443.19,4447.88,4422.0,4443.74,173.2749,real_binance
2026-06-03T23:00:00+00:00,4443.75,4459.05,4440.5,4452.41,233.8459,real_binance
2026-06-04T00:00:00+00:00,4452.45,4459.74,4438.65,4443.15,394.1075,real_binance
2026-06-04T01:00:00+00:00,4443.15,4466.39,4438.86,4459.28,337.655,real_binance
2026-06-04T02:00:00+00:00,4459.5,4470.95,4451.25,4470.24,539.7701,real_binance
2026-06-04T03:00:00+00:00,4470.25,4472.56,4454.02,4459.74,149.1791,real_binance
2026-06-04T04:00:00+00:00,4459.65,4477.31,4458.51,4474.37,192.2143,real_binance
2026-06-04T05:00:00+00:00,4474.37,4475.09,4460.86,4463.0,136.9234,real_binance
2026-06-04T06:00:00+00:00,4462.75,4470.0,4458.13,4462.01,114.731,real_binance
2026-06-04T07:00:00+00:00,4462.02,4464.51,4454.01,4455.62,78.9259,real_binance
2026-06-04T08:00:00+00:00,4455.63,4462.81,4452.99,4458.0,86.6695,real_binance
2026-06-04T09:00:00+00:00,4457.95,4469.59,4455.85,4465.45,161.1097,real_binance
2026-06-04T10:00:00+00:00,4465.45,4467.0,4459.38,4467.0,153.9577,real_binance
2026-06-04T11:00:00+00:00,4467.0,4507.44,4463.61,4505.88,244.2635,real_binance
2026-06-04T12:00:00+00:00,4505.7,4508.16,4485.3,4497.92,490.6228,real_binance
2026-06-04T13:00:00+00:00,4497.91,4514.01,4491.91,4492.33,427.8446,real_binance
2026-06-04T14:00:00+00:00,4492.33,4496.1,4455.0,4462.5,170.5804,real_binance
2026-06-04T15:00:00+00:00,4462.5,4475.7,4461.9,4474.83,118.1898,real_binance
2026-06-04T16:00:00+00:00,4474.84,4482.34,4473.45,4480.18,89.7758,real_binance
2026-06-04T17:00:00+00:00,4480.18,4480.18,4470.49,4473.89,213.1983,real_binance
2026-06-04T18:00:00+00:00,4473.89,4476.78,4467.61,4473.6,219.5157,real_binance
2026-06-04T19:00:00+00:00,4473.89,4478.36,4471.48,4476.0,192.2811,real_binance
2026-06-04T20:00:00+00:00,4475.98,4476.0,4468.81,4469.46,86.9961,real_binance
2026-06-04T21:00:00+00:00,4468.83,4470.0,4464.01,4465.35,70.0456,real_binance
2026-06-04T22:00:00+00:00,4465.35,4472.96,4463.4,4463.4,81.6821,real_binance
2026-06-04T23:00:00+00:00,4463.4,4466.69,4455.91,4456.21,89.7344,real_binance
2026-06-05T00:00:00+00:00,4456.21,4460.99,4448.14,4455.29,320.9069,real_binance
2026-06-05T01:00:00+00:00,4454.85,4463.12,4436.11,4441.47,522.1522,real_binance
2026-06-05T02:00:00+00:00,4441.48,4448.7,4433.97,4435.5,82.521,real_binance
2026-06-05T03:00:00+00:00,4435.31,4436.33,4425.78,4434.85,451.1123,real_binance
2026-06-05T04:00:00+00:00,4435.5,4440.26,4432.5,4439.68,74.9953,real_binance
2026-06-05T05:00:00+00:00,4439.67,4443.57,4433.1,4434.07,65.672,real_binance
2026-06-05T06:00:00+00:00,4434.07,4448.75,4422.81,4445.53,209.8609,real_binance
2026-06-05T07:00:00+00:00,4445.55,4464.07,4445.0,4457.11,513.9905,real_binance
2026-06-05T08:00:00+00:00,4457.1,4460.99,4453.8,4456.33,84.7702,real_binance
2026-06-05T09:00:00+00:00,4456.32,4463.26,4453.52,4458.75,88.9064,real_binance
2026-06-05T10:00:00+00:00,4458.9,4460.79,4455.01,4460.42,41.2353,real_binance
2026-06-05T11:00:00+00:00,4460.42,4467.06,4452.94,4462.08,291.2258,real_binance
2026-06-05T12:00:00+00:00,4462.09,4468.74,4404.35,4404.48,649.1878,real_binance
2026-06-05T13:00:00+00:00,4404.96,4417.6,4364.19,4364.45,1163.4181,real_binance
2026-06-05T14:00:00+00:00,4364.88,4376.43,4343.71,4368.67,828.4781,real_binance
2026-06-05T15:00:00+00:00,4368.75,4370.92,4333.24,4334.35,562.2298,real_binance
2026-06-05T16:00:00+00:00,4334.34,4345.98,4323.51,4345.98,340.9929,real_binance
2026-06-05T17:00:00+00:00,4346.08,4347.92,4336.65,4340.79,166.7659,real_binance
2026-06-05T18:00:00+00:00,4340.56,4340.56,4315.03,4321.01,278.5116,real_binance
2026-06-05T19:00:00+00:00,4320.78,4321.88,4311.44,4317.34,282.6534,real_binance
2026-06-05T20:00:00+00:00,4317.33,4330.11,4310.59,4327.85,218.2067,real_binance
2026-06-05T21:00:00+00:00,4327.95,4335.49,4327.95,4335.49,116.6862,real_binance
2026-06-05T22:00:00+00:00,4335.49,4337.6,4326.48,4326.48,101.7621,real_binance
2026-06-05T23:00:00+00:00,4326.48,4326.62,4318.4,4321.34,72.0633,real_binance
2026-06-06T00:00:00+00:00,4321.6,4333.19,4321.6,4332.69,73.3612,real_binance
2026-06-06T01:00:00+00:00,4332.68,4332.69,4321.0,4321.07,70.4428,real_binance
2026-06-06T02:00:00+00:00,4321.08,4321.74,4317.0,4320.62,37.1078,real_binance
2026-06-06T03:00:00+00:00,4320.63,4320.63,4314.18,4315.0,27.9183,real_binance
2026-06-06T04:00:00+00:00,4315.01,4315.96,4302.0,4303.2,189.6068,real_binance
2026-06-06T05:00:00+00:00,4303.21,4307.34,4292.0,4307.34,296.5905,real_binance
2026-06-06T06:00:00+00:00,4307.34,4314.68,4303.59,4303.59,122.8199,real_binance
2026-06-06T07:00:00+00:00,4303.59,4310.46,4302.73,4306.79,40.6925,real_binance
2026-06-06T08:00:00+00:00,4306.79,4308.86,4303.92,4304.32,52.0731,real_binance
2026-06-06T09:00:00+00:00,4304.33,4306.04,4301.46,4301.47,39.493,real_binance
2026-06-06T10:00:00+00:00,4301.47,4301.47,4291.0,4293.12,264.7193,real_binance
2026-06-06T11:00:00+00:00,4293.12,4298.44,4293.11,4298.44,147.7135,real_binance
2026-06-06T12:00:00+00:00,4298.44,4300.0,4294.1,4296.49,109.269,real_binance
2026-06-06T13:00:00+00:00,4296.49,4299.93,4294.84,4297.99,142.4466,real_binance
2026-06-06T14:00:00+00:00,4297.99,4299.92,4292.86,4292.86,57.0798,real_binance
2026-06-06T15:00:00+00:00,4292.86,4294.42,4291.12,4291.38,64.2081,real_binance
2026-06-06T16:00:00+00:00,4291.38,4293.64,4290.02,4291.39,74.1725,real_binance
2026-06-06T17:00:00+00:00,4291.39,4298.36,4291.39,4297.76,63.9761,real_binance
2026-06-06T18:00:00+00:00,4297.76,4298.43,4294.04,4294.04,47.6081,real_binance
2026-06-06T19:00:00+00:00,4294.04,4295.98,4292.69,4293.63,33.4248,real_binance
2026-06-06T20:00:00+00:00,4293.63,4293.64,4292.56,4293.0,37.9473,real_binance
2026-06-06T21:00:00+00:00,4293.0,4293.21,4290.01,4290.03,75.043,real_binance
2026-06-06T22:00:00+00:00,4290.02,4294.4,4290.02,4292.33,49.741,real_binance
2026-06-06T23:00:00+00:00,4292.33,4300.0,4292.33,4299.99,119.3354,real_binance
2026-06-07T00:00:00+00:00,4300.0,4300.0,4296.0,4298.81,129.2319,real_binance
2026-06-07T01:00:00+00:00,4298.81,4310.19,4298.81,4308.6,116.3943,real_binance
2026-06-07T02:00:00+00:00,4308.61,4311.44,4306.02,4311.07,27.7082,real_binance
2026-06-07T03:00:00+00:00,4311.07,4311.45,4305.0,4307.15,67.3187,real_binance
2026-06-07T04:00:00+00:00,4307.16,4308.09,4300.63,4306.99,158.0234,real_binance
2026-06-07T05:00:00+00:00,4306.99,4308.86,4304.52,4305.48,213.0631,real_binance
2026-06-07T06:00:00+00:00,4305.49,4313.77,4304.88,4312.83,179.3374,real_binance
2026-06-07T07:00:00+00:00,4312.83,4313.2,4310.11,4313.19,72.4801,real_binance
2026-06-07T08:00:00+00:00,4313.19,4321.02,4310.75,4321.02,137.6216,real_binance
2026-06-07T09:00:00+00:00,4321.01,4323.77,4311.55,4316.22,156.8352,real_binance
2026-06-07T10:00:00+00:00,4316.22,4316.23,4309.51,4310.13,87.562,real_binance
2026-06-07T11:00:00+00:00,4310.14,4312.1,4307.56,4311.1,120.5071,real_binance
2026-06-07T12:00:00+00:00,4311.1,4311.1,4302.0,4303.96,194.1488,real_binance
2026-06-07T13:00:00+00:00,4303.96,4303.96,4294.25,4298.8,310.8067,real_binance
2026-06-07T14:00:00+00:00,4298.8,4308.29,4298.25,4302.89,160.402,real_binance
2026-06-07T15:00:00+00:00,4302.9,4307.5,4302.89,4304.06,255.9625,real_binance
2026-06-07T16:00:00+00:00,4304.07,4310.0,4303.27,4309.32,91.4833,real_binance
2026-06-07T17:00:00+00:00,4309.32,4312.95,4309.31,4309.48,68.6861,real_binance
2026-06-07T18:00:00+00:00,4309.48,4311.88,4307.0,4307.0,44.4077,real_binance
2026-06-07T19:00:00+00:00,4307.0,4307.72,4297.09,4305.3,174.2995,real_binance
2026-06-07T20:00:00+00:00,4305.28,4309.15,4302.81,4302.82,36.8323,real_binance
2026-06-07T21:00:00+00:00,4302.82,4316.54,4302.82,4305.93,70.7482,real_binance
2026-06-07T22:00:00+00:00,4305.93,4325.46,4303.46,4311.34,393.7865,real_binance
2026-06-07T23:00:00+00:00,4311.12,4338.53,4311.12,4336.87,262.8606,real_binance
2026-06-08T00:00:00+00:00,4336.86,4345.78,4333.54,4335.98,149.1416,real_binance
2026-06-08T01:00:00+00:00,4335.93,4337.72,4293.08,4319.83,282.5245,real_binance
2026-06-08T02:00:00+00:00,4319.83,4323.66,4302.79,4305.62,224.5044,real_binance
2026-06-08T03:00:00+00:00,4305.63,4310.89,4300.35,4310.89,92.3,real_binance
2026-06-08T04:00:00+00:00,4310.89,4315.3,4302.53,4306.07,50.6571,real_binance
2026-06-08T05:00:00+00:00,4306.08,4308.7,4264.1,4286.92,263.4016,real_binance
2026-06-08T06:00:00+00:00,4286.71,4303.67,4286.71,4294.59,95.8126,real_binance
2026-06-08T07:00:00+00:00,4294.58,4309.79,4289.15,4289.15,302.7396,real_binance
2026-06-08T08:00:00+00:00,4289.16,4291.09,4280.42,4283.13,149.4802,real_binance
2026-06-08T09:00:00+00:00,4283.14,4294.5,4268.11,4287.9,191.3253,real_binance
2026-06-08T10:00:00+00:00,4287.88,4298.4,4280.18,4295.23,146.8785,real_binance
2026-06-08T11:00:00+00:00,4295.22,4325.3,4291.51,4323.75,363.0684,real_binance
2026-06-08T12:00:00+00:00,4323.74,4331.72,4313.76,4326.5,235.2149,real_binance
2026-06-08T13:00:00+00:00,4326.5,4338.31,4315.39,4321.24,125.909,real_binance
2026-06-08T14:00:00+00:00,4320.97,4325.0,4310.22,4325.0,157.6844,real_binance
2026-06-08T15:00:00+00:00,4324.98,4337.54,4317.0,4333.99,215.7755,real_binance
2026-06-08T16:00:00+00:00,4334.0,4338.14,4330.01,4332.71,148.5694,real_binance
2026-06-08T17:00:00+00:00,4332.72,4333.56,4324.6,4330.34,72.6189,real_binance
2026-06-08T18:00:00+00:00,4330.35,4337.88,4325.77,4325.77,53.7051,real_binance
2026-06-08T19:00:00+00:00,4326.31,4330.13,4318.0,4320.26,72.111,real_binance
2026-06-08T20:00:00+00:00,4319.85,4323.45,4317.99,4322.97,62.3494,real_binance
2026-06-08T21:00:00+00:00,4322.97,4329.48,4322.96,4329.47,45.5624,real_binance
2026-06-08T22:00:00+00:00,4329.47,4329.47,4317.05,4321.97,36.2166,real_binance
2026-06-08T23:00:00+00:00,4321.97,4321.97,4307.42,4310.54,28.4747,real_binance
2026-06-09T00:00:00+00:00,4310.73,4316.09,4307.01,4312.36,73.7398,real_binance
2026-06-09T01:00:00+00:00,4312.35,4330.0,4310.92,4328.74,62.2149,real_binance
2026-06-09T02:00:00+00:00,4328.49,4332.12,4321.97,4328.0,54.2242,real_binance
2026-06-09T03:00:00+00:00,4328.0,4333.87,4324.84,4329.11,69.8161,real_binance
2026-06-09T04:00:00+00:00,4329.09,4331.07,4318.35,4323.89,93.5632,real_binance
2026-06-09T05:00:00+00:00,4323.89,4342.77,4322.76,4337.21,91.2117,real_binance
2026-06-09T06:00:00+00:00,4336.55,4340.0,4325.9,4325.91,185.8583,real_binance
2026-06-09T07:00:00+00:00,4325.91,4328.01,4315.79,4318.32,135.7468,real_binance
2026-06-09T08:00:00+00:00,4318.32,4326.98,4312.74,4317.56,260.5811,real_binance
2026-06-09T09:00:00+00:00,4317.56,4326.0,4316.27,4322.36,50.1266,real_binance
2026-06-09T10:00:00+00:00,4323.02,4330.82,4317.09,4330.82,118.5392,real_binance
2026-06-09T11:00:00+00:00,4330.98,4333.87,4327.33,4331.66,25.1315,real_binance
2026-06-09T12:00:00+00:00,4331.6,4334.61,4326.49,4331.87,53.0129,real_binance
2026-06-09T13:00:00+00:00,4332.34,4354.58,4317.12,4321.01,212.4221,real_binance
2026-06-09T14:00:00+00:00,4321.0,4326.75,4271.99,4293.18,439.5553,real_binance
2026-06-09T15:00:00+00:00,4293.41,4294.56,4258.73,4268.8,353.8298,real_binance
2026-06-09T16:00:00+00:00,4268.58,4276.38,4231.93,4248.33,583.2419,real_binance
2026-06-09T17:00:00+00:00,4248.56,4264.43,4247.88,4258.46,182.5846,real_binance
2026-06-09T18:00:00+00:00,4258.79,4268.81,4254.95,4266.5,164.2652,real_binance
2026-06-09T19:00:00+00:00,4266.5,4266.93,4247.18,4254.77,79.8248,real_binance
2026-06-09T20:00:00+00:00,4254.77,4258.42,4253.39,4256.56,59.0751,real_binance
2026-06-09T21:00:00+00:00,4256.95,4257.59,4250.99,4251.14,70.3522,real_binance
2026-06-09T22:00:00+00:00,4251.14,4251.42,4230.0,4233.6,149.1648,real_binance
2026-06-09T23:00:00+00:00,4233.34,4242.28,4208.3,4218.22,238.8144,real_binance
2026-06-10T00:00:00+00:00,4218.28,4223.88,4197.06,4215.24,318.3554,real_binance
2026-06-10T01:00:00+00:00,4214.98,4215.75,4183.46,4187.7,490.3999,real_binance
2026-06-10T02:00:00+00:00,4187.7,4190.96,4172.99,4173.39,465.9127,real_binance
2026-06-10T03:00:00+00:00,4173.39,4185.1,4172.76,4184.18,136.3647,real_binance
2026-06-10T04:00:00+00:00,4184.19,4186.35,4172.28,4175.81,131.9024,real_binance
2026-06-10T05:00:00+00:00,4175.05,4207.51,4173.76,4203.91,90.5932,real_binance
2026-06-10T06:00:00+00:00,4204.06,4219.83,4200.85,4202.42,139.5138,real_binance
2026-06-10T07:00:00+00:00,4202.42,4205.78,4181.66,4185.95,174.1532,real_binance
2026-06-10T08:00:00+00:00,4185.75,4186.25,4162.18,4169.74,262.7465,real_binance
2026-06-10T09:00:00+00:00,4170.0,4178.53,4164.2,4169.1,190.3111,real_binance
2026-06-10T10:00:00+00:00,4169.25,4177.15,4157.45,4174.0,167.4371,real_binance
2026-06-10T11:00:00+00:00,4174.01,4175.4,4146.23,4147.94,557.7092,real_binance
2026-06-10T12:00:00+00:00,4147.94,4175.63,4133.02,4148.46,564.6711,real_binance
2026-06-10T13:00:00+00:00,4148.26,4184.61,4135.21,4178.16,312.5817,real_binance
2026-06-10T14:00:00+00:00,4178.37,4179.21,4119.22,4126.93,431.7875,real_binance
2026-06-10T15:00:00+00:00,4126.52,4137.83,4109.6,4130.09,420.7997,real_binance
2026-06-10T16:00:00+00:00,4130.23,4136.99,4117.65,4122.75,384.5964,real_binance
2026-06-10T17:00:00+00:00,4122.75,4134.28,4105.51,4115.97,343.5158,real_binance
2026-06-10T18:00:00+00:00,4115.97,4124.38,4101.85,4105.73,255.2754,real_binance
2026-06-10T19:00:00+00:00,4106.16,4106.33,4085.32,4087.69,465.177,real_binance
2026-06-10T20:00:00+00:00,4087.68,4087.98,4071.05,4074.41,248.3583,real_binance
2026-06-10T21:00:00+00:00,4074.47,4079.87,4071.79,4077.11,114.7103,real_binance
2026-06-10T22:00:00+00:00,4077.2,4078.39,4039.0,4048.98,691.5331,real_binance
2026-06-10T23:00:00+00:00,4049.49,4068.03,4026.48,4052.1,448.8556,real_binance
2026-06-11T00:00:00+00:00,4051.85,4082.67,4041.71,4081.48,358.3751,real_binance
2026-06-11T01:00:00+00:00,4081.22,4121.39,4071.87,4104.43,337.4583,real_binance
2026-06-11T02:00:00+00:00,4104.61,4104.61,4059.9,4073.94,272.0355,real_binance
2026-06-11T03:00:00+00:00,4073.95,4083.33,4063.81,4080.1,94.8033,real_binance
2026-06-11T04:00:00+00:00,4080.7,4092.33,4078.37,4089.02,96.5724,real_binance
2026-06-11T05:00:00+00:00,4088.65,4110.8,4077.95,4098.36,206.7409,real_binance
2026-06-11T06:00:00+00:00,4098.36,4099.29,4081.57,4097.47,377.6463,real_binance
2026-06-11T07:00:00+00:00,4097.47,4113.49,4095.76,4109.8,224.8721,real_binance
2026-06-11T08:00:00+00:00,4109.25,4116.41,4090.05,4090.05,297.4056,real_binance
2026-06-11T09:00:00+00:00,4090.05,4100.4,4081.57,4094.8,156.5092,real_binance
2026-06-11T10:00:00+00:00,4095.0,4098.41,4090.6,4093.61,64.0156,real_binance
2026-06-11T11:00:00+00:00,4093.4,4099.19,4085.0,4085.0,112.051,real_binance
2026-06-11T12:00:00+00:00,4085.01,4090.96,4061.06,4084.72,262.3487,real_binance
2026-06-11T13:00:00+00:00,4085.17,4096.39,4071.64,4088.2,150.8247,real_binance
2026-06-11T14:00:00+00:00,4087.93,4089.2,4058.56,4077.01,133.8559,real_binance
2026-06-11T15:00:00+00:00,4076.6,4097.2,4074.81,4092.68,197.1629,real_binance
2026-06-11T16:00:00+00:00,4092.68,4108.99,4081.68,4082.44,178.2387,real_binance
2026-06-11T17:00:00+00:00,4082.4,4168.79,4074.39,4148.87,691.165,real_binance
2026-06-11T18:00:00+00:00,4149.75,4169.22,4130.75,4160.65,347.8225,real_binance
2026-06-11T19:00:00+00:00,4161.0,4215.48,4161.0,4204.99,389.4529,real_binance
2026-06-11T20:00:00+00:00,4205.25,4213.74,4203.28,4207.31,229.4984,real_binance
2026-06-11T21:00:00+00:00,4207.37,4208.25,4200.36,4205.57,196.8825,real_binance
2026-06-11T22:00:00+00:00,4205.56,4242.05,4200.8,4238.77,278.7912,real_binance
2026-06-11T23:00:00+00:00,4238.23,4240.85,4209.4,4215.12,211.4932,real_binance
2026-06-12T00:00:00+00:00,4215.38,4224.97,4196.41,4203.16,113.1913,real_binance
2026-06-12T01:00:00+00:00,4203.42,4206.01,4169.23,4183.41,159.9665,real_binance
2026-06-12T02:00:00+00:00,4183.56,4195.62,4180.05,4188.61,51.5468,real_binance
2026-06-12T03:00:00+00:00,4188.6,4200.67,4187.32,4194.84,136.9732,real_binance
2026-06-12T04:00:00+00:00,4194.84,4196.92,4187.71,4188.36,52.3796,real_binance
2026-06-12T05:00:00+00:00,4188.36,4190.15,4170.15,4170.55,125.0359,real_binance
2026-06-12T06:00:00+00:00,4171.18,4182.09,4170.22,4180.28,137.8552,real_binance
2026-06-12T07:00:00+00:00,4180.28,4189.38,4166.44,4189.38,251.5372,real_binance
2026-06-12T08:00:00+00:00,4189.47,4220.52,4188.34,4215.97,409.8912,real_binance
2026-06-12T09:00:00+00:00,4215.97,4223.11,4214.54,4217.2,129.3624,real_binance
2026-06-12T10:00:00+00:00,4217.2,4219.59,4198.63,4206.49,187.8126,real_binance
2026-06-12T11:00:00+00:00,4206.71,4210.01,4193.95,4203.41,108.6177,real_binance
2026-06-12T12:00:00+00:00,4202.51,4209.99,4185.35,4188.99,239.5928,real_binance
2026-06-12T13:00:00+00:00,4188.6,4204.81,4179.42,4180.85,196.0339,real_binance
2026-06-12T14:00:00+00:00,4181.6,4203.46,4175.18,4200.91,197.9021,real_binance
2026-06-12T15:00:00+00:00,4200.5,4230.47,4196.78,4207.5,229.3418,real_binance
2026-06-12T16:00:00+00:00,4207.1,4228.0,4203.82,4212.41,208.4619,real_binance
2026-06-12T17:00:00+00:00,4212.42,4221.44,4209.78,4216.97,128.289,real_binance
2026-06-12T18:00:00+00:00,4216.97,4229.12,4210.28,4210.84,54.0123,real_binance
2026-06-12T19:00:00+00:00,4210.84,4214.86,4197.39,4206.47,238.2919,real_binance
2026-06-12T20:00:00+00:00,4206.12,4213.6,4205.31,4213.6,22.166,real_binance
2026-06-12T21:00:00+00:00,4213.62,4213.94,4207.99,4208.98,19.9,real_binance
2026-06-12T22:00:00+00:00,4208.97,4210.79,4205.7,4210.03,19.5653,real_binance
2026-06-12T23:00:00+00:00,4210.02,4212.35,4208.9,4212.35,6.7526,real_binance
2026-06-13T00:00:00+00:00,4212.35,4212.71,4210.93,4210.93,21.0333,real_binance
2026-06-13T01:00:00+00:00,4210.92,4212.75,4209.36,4212.75,19.5505,real_binance
2026-06-13T02:00:00+00:00,4212.75,4212.75,4209.09,4209.71,10.3679,real_binance
2026-06-13T03:00:00+00:00,4209.83,4210.42,4208.39,4210.42,10.7712,real_binance
2026-06-13T04:00:00+00:00,4210.42,4214.96,4210.42,4213.29,11.6628,real_binance
2026-06-13T05:00:00+00:00,4213.3,4213.3,4211.87,4211.87,8.6469,real_binance
2026-06-13T06:00:00+00:00,4211.87,4215.39,4211.8,4215.38,16.9078,real_binance
2026-06-13T07:00:00+00:00,4215.39,4217.9,4215.38,4215.53,14.2615,real_binance
2026-06-13T08:00:00+00:00,4215.29,4216.15,4213.15,4213.47,17.6168,real_binance
2026-06-13T09:00:00+00:00,4213.15,4214.68,4212.68,4212.85,22.1362,real_binance
2026-06-13T10:00:00+00:00,4212.86,4213.72,4212.2,4212.88,17.8933,real_binance
2026-06-13T11:00:00+00:00,4212.88,4213.73,4212.2,4213.45,15.3389,real_binance
2026-06-13T12:00:00+00:00,4213.45,4217.8,4213.08,4217.67,18.8266,real_binance
2026-06-13T13:00:00+00:00,4217.67,4219.0,4216.08,4218.02,44.3241,real_binance
2026-06-13T14:00:00+00:00,4218.02,4218.03,4213.21,4215.52,31.0748,real_binance
2026-06-13T15:00:00+00:00,4215.7,4220.84,4215.69,4219.72,46.0915,real_binance
2026-06-13T16:00:00+00:00,4219.55,4222.6,4203.05,4219.38,181.6841,real_binance
2026-06-13T17:00:00+00:00,4219.39,4221.45,4217.2,4217.2,40.7265,real_binance
2026-06-13T18:00:00+00:00,4217.2,4218.88,4215.51,4217.64,18.9965,real_binance
2026-06-13T19:00:00+00:00,4217.64,4220.19,4217.17,4219.91,12.0291,real_binance
2026-06-13T20:00:00+00:00,4219.91,4220.18,4219.89,4219.89,15.5533,real_binance
2026-06-13T21:00:00+00:00,4219.9,4229.21,4219.89,4228.28,109.0804,real_binance
2026-06-13T22:00:00+00:00,4228.28,4228.87,4225.56,4226.04,77.0902,real_binance
2026-06-13T23:00:00+00:00,4226.04,4226.04,4221.65,4222.73,56.5226,real_binance
2026-06-14T00:00:00+00:00,4222.73,4227.15,4221.01,4227.15,28.3199,real_binance
2026-06-14T01:00:00+00:00,4227.14,4227.15,4223.37,4223.71,42.1313,real_binance
2026-06-14T02:00:00+00:00,4223.71,4225.89,4221.37,4225.87,21.8438,real_binance
2026-06-14T03:00:00+00:00,4225.87,4225.87,4221.28,4224.77,48.325,real_binance
2026-06-14T04:00:00+00:00,4224.76,4227.07,4223.52,4227.0,85.9168,real_binance
2026-06-14T05:00:00+00:00,4227.0,4228.76,4227.0,4228.01,51.0949,real_binance
2026-06-14T06:00:00+00:00,4228.01,4229.17,4228.0,4228.02,22.3597,real_binance
2026-06-14T07:00:00+00:00,4228.02,4228.03,4228.0,4228.0,9.5776,real_binance
2026-06-14T08:00:00+00:00,4228.01,4234.12,4228.01,4231.72,87.8161,real_binance
2026-06-14T09:00:00+00:00,4231.48,4234.43,4229.31,4229.69,69.338,real_binance
2026-06-14T10:00:00+00:00,4229.69,4232.38,4223.8,4224.54,186.443,real_binance
2026-06-14T11:00:00+00:00,4224.53,4227.62,4224.47,4227.37,30.2871,real_binance
2026-06-14T12:00:00+00:00,4227.37,4229.46,4222.29,4223.56,79.6944,real_binance
2026-06-14T13:00:00+00:00,4223.57,4225.0,4219.29,4219.3,120.0142,real_binance
2026-06-14T14:00:00+00:00,4219.3,4228.44,4217.56,4228.44,101.1885,real_binance
2026-06-14T15:00:00+00:00,4228.97,4231.44,4222.83,4222.96,174.1594,real_binance
2026-06-14T16:00:00+00:00,4222.96,4227.87,4222.45,4225.82,69.3999,real_binance
2026-06-14T17:00:00+00:00,4225.82,4226.8,4224.21,4224.22,33.1318,real_binance
2026-06-14T18:00:00+00:00,4224.22,4224.22,4220.71,4223.7,18.558,real_binance
2026-06-14T19:00:00+00:00,4223.7,4224.98,4222.63,4224.06,13.7659,real_binance
2026-06-14T20:00:00+00:00,4224.07,4233.77,4221.24,4226.7,112.4125,real_binance
2026-06-14T21:00:00+00:00,4226.7,4293.47,4226.69,4281.42,723.1154,real_binance
2026-06-14T22:00:00+00:00,4281.18,4304.85,4263.2,4282.76,712.1272,real_binance
2026-06-14T23:00:00+00:00,4282.78,4289.95,4276.14,4289.62,290.3305,real_binance
2026-06-15T00:00:00+00:00,4289.18,4302.56,4287.49,4287.5,193.2673,real_binance
2026-06-15T01:00:00+00:00,4287.5,4313.33,4282.4,4311.97,206.6466,real_binance
2026-06-15T02:00:00+00:00,4311.97,4328.83,4311.97,4323.1,249.9686,real_binance
2026-06-15T03:00:00+00:00,4323.09,4324.43,4315.71,4318.95,50.6739,real_binance
2026-06-15T04:00:00+00:00,4318.95,4323.12,4316.1,4321.46,66.4951,real_binance
2026-06-15T05:00:00+00:00,4321.46,4326.31,4302.81,4304.86,121.3399,real_binance
2026-06-15T06:00:00+00:00,4304.87,4306.43,4297.65,4303.2,66.2044,real_binance
2026-06-15T07:00:00+00:00,4303.2,4317.64,4300.29,4317.01,81.6761,real_binance
2026-06-15T08:00:00+00:00,4317.0,4338.53,4315.58,4328.66,200.5645,real_binance
2026-06-15T09:00:00+00:00,4328.66,4336.69,4328.66,4331.92,132.3852,real_binance
2026-06-15T10:00:00+00:00,4331.63,4334.49,4330.16,4333.31,45.6047,real_binance
2026-06-15T11:00:00+00:00,4332.99,4340.48,4326.63,4328.79,106.0502,real_binance
2026-06-15T12:00:00+00:00,4328.79,4342.32,4319.77,4342.32,415.1868,real_binance
2026-06-15T13:00:00+00:00,4342.05,4360.02,4334.51,4348.2,248.4533,real_binance
2026-06-15T14:00:00+00:00,4348.19,4361.22,4347.2,4349.4,177.1567,real_binance
2026-06-15T15:00:00+00:00,4349.41,4352.39,4342.19,4348.57,108.9142,real_binance
2026-06-15T16:00:00+00:00,4348.61,4350.63,4326.79,4330.32,206.1104,real_binance
2026-06-15T17:00:00+00:00,4330.31,4330.31,4312.14,4316.06,204.422,real_binance
2026-06-15T18:00:00+00:00,4316.06,4320.03,4309.82,4317.04,49.2367,real_binance
2026-06-15T19:00:00+00:00,4317.04,4317.79,4308.64,4311.5,52.1497,real_binance
2026-06-15T20:00:00+00:00,4312.6,4312.6,4300.0,4302.28,51.8521,real_binance
2026-06-15T21:00:00+00:00,4302.29,4305.22,4301.09,4301.81,44.8717,real_binance
2026-06-15T22:00:00+00:00,4301.8,4306.93,4298.46,4304.08,70.5574,real_binance
2026-06-15T23:00:00+00:00,4304.09,4310.98,4304.09,4308.66,84.144,real_binance
2026-06-16T00:00:00+00:00,4307.7,4312.31,4299.07,4311.74,54.8809,real_binance
2026-06-16T01:00:00+00:00,4311.74,4317.63,4304.87,4305.53,52.8108,real_binance
2026-06-16T02:00:00+00:00,4305.54,4311.51,4300.66,4310.91,132.6556,real_binance
2026-06-16T03:00:00+00:00,4310.9,4324.98,4309.4,4324.46,46.835,real_binance
2026-06-16T04:00:00+00:00,4324.46,4325.0,4312.75,4314.03,25.9235,real_binance
2026-06-16T05:00:00+00:00,4314.04,4321.88,4308.06,4308.06,43.6061,real_binance
2026-06-16T06:00:00+00:00,4308.74,4317.07,4307.47,4317.07,71.813,real_binance
2026-06-16T07:00:00+00:00,4317.3,4327.11,4316.01,4326.38,30.9411,real_binance
2026-06-16T08:00:00+00:00,4326.38,4339.67,4324.91,4339.15,965.5426,real_binance
2026-06-16T09:00:00+00:00,4339.15,4340.9,4330.92,4337.74,176.6815,real_binance
2026-06-16T10:00:00+00:00,4337.45,4341.14,4335.01,4341.1,46.7567,real_binance
2026-06-16T11:00:00+00:00,4341.09,4341.63,4328.23,4333.81,121.6907,real_binance
2026-06-16T12:00:00+00:00,4333.35,4347.2,4331.11,4346.99,80.3504,real_binance
2026-06-16T13:00:00+00:00,4346.98,4346.98,4325.3,4325.3,120.8157,real_binance
2026-06-16T14:00:00+00:00,4325.31,4330.64,4305.15,4314.99,236.9179,real_binance
2026-06-16T15:00:00+00:00,4315.83,4336.51,4314.53,4329.15,173.2788,real_binance
2026-06-16T16:00:00+00:00,4328.31,4339.5,4328.05,4332.69,109.0663,real_binance
2026-06-16T17:00:00+00:00,4333.11,4333.62,4319.11,4333.37,75.3844,real_binance
2026-06-16T18:00:00+00:00,4333.57,4336.12,4330.01,4331.72,48.9509,real_binance
2026-06-16T19:00:00+00:00,4331.61,4335.88,4325.42,4327.63,53.3361,real_binance
2026-06-16T20:00:00+00:00,4327.35,4328.82,4325.38,4326.59,25.8663,real_binance
2026-06-16T21:00:00+00:00,4326.58,4327.32,4324.51,4327.05,41.0801,real_binance
2026-06-16T22:00:00+00:00,4327.05,4328.35,4322.21,4327.92,28.5882,real_binance
2026-06-16T23:00:00+00:00,4327.92,4330.94,4322.49,4323.01,88.2981,real_binance
2026-06-17T00:00:00+00:00,4323.02,4334.26,4321.45,4328.79,33.742,real_binance
2026-06-17T01:00:00+00:00,4328.79,4342.15,4323.21,4333.94,288.9057,real_binance
2026-06-17T02:00:00+00:00,4333.94,4337.92,4324.06,4324.56,63.6365,real_binance
2026-06-17T03:00:00+00:00,4324.57,4327.26,4322.4,4324.56,39.8005,real_binance
2026-06-17T04:00:00+00:00,4324.56,4326.22,4312.41,4318.78,26.7787,real_binance
2026-06-17T05:00:00+00:00,4319.21,4325.72,4314.34,4318.41,63.4626,real_binance
2026-06-17T06:00:00+00:00,4318.41,4324.27,4313.75,4324.27,156.0852,real_binance
2026-06-17T07:00:00+00:00,4324.4,4325.34,4317.87,4318.19,92.9184,real_binance
2026-06-17T08:00:00+00:00,4318.19,4319.8,4310.6,4317.84,62.0305,real_binance
2026-06-17T09:00:00+00:00,4317.83,4327.99,4314.78,4321.69,55.8724,real_binance
2026-06-17T10:00:00+00:00,4321.94,4327.43,4319.19,4323.95,40.1721,real_binance
2026-06-17T11:00:00+00:00,4323.95,4324.14,4314.49,4316.16,55.2441,real_binance
2026-06-17T12:00:00+00:00,4316.16,4327.43,4313.5,4326.37,76.251,real_binance
2026-06-17T13:00:00+00:00,4326.37,4337.87,4318.35,4332.63,56.9312,real_binance
2026-06-17T14:00:00+00:00,4332.56,4355.89,4324.75,4337.42,584.5496,real_binance
2026-06-17T15:00:00+00:00,4337.43,4356.58,4336.55,4355.16,224.858,real_binance
2026-06-17T16:00:00+00:00,4355.24,4358.84,4349.12,4351.19,105.3486,real_binance
2026-06-17T17:00:00+00:00,4351.18,4373.95,4348.41,4371.87,191.2477,real_binance
2026-06-17T18:00:00+00:00,4371.86,4371.86,4267.66,4281.91,1320.4462,real_binance
2026-06-17T19:00:00+00:00,4281.45,4290.69,4216.86,4232.58,906.14,real_binance
2026-06-17T20:00:00+00:00,4232.48,4264.9,4231.53,4253.11,285.4237,real_binance
2026-06-17T21:00:00+00:00,4253.1,4254.08,4247.24,4251.2,37.1731,real_binance
2026-06-17T22:00:00+00:00,4251.19,4265.57,4250.01,4262.17,138.1545,real_binance
2026-06-17T23:00:00+00:00,4262.16,4277.43,4260.12,4273.45,84.4729,real_binance
2026-06-18T00:00:00+00:00,4273.46,4308.39,4272.61,4303.44,125.0039,real_binance
2026-06-18T01:00:00+00:00,4302.81,4321.24,4301.46,4312.14,168.4826,real_binance
2026-06-18T02:00:00+00:00,4311.65,4323.72,4305.0,4305.5,117.4609,real_binance
2026-06-18T03:00:00+00:00,4305.3,4315.53,4303.35,4313.06,65.4878,real_binance
2026-06-18T04:00:00+00:00,4313.06,4316.73,4303.35,4308.66,55.7981,real_binance
2026-06-18T05:00:00+00:00,4308.29,4317.29,4296.1,4300.77,208.6156,real_binance
2026-06-18T06:00:00+00:00,4301.27,4303.33,4290.35,4300.09,100.1744,real_binance
2026-06-18T07:00:00+00:00,4300.1,4303.29,4282.81,4283.11,125.1257,real_binance
2026-06-18T08:00:00+00:00,4283.76,4287.05,4261.37,4261.67,115.5523,real_binance
2026-06-18T09:00:00+00:00,4261.67,4268.0,4255.0,4262.5,130.4009,real_binance
2026-06-18T10:00:00+00:00,4262.81,4265.46,4250.0,4250.01,102.597,real_binance
2026-06-18T11:00:00+00:00,4250.0,4250.01,4234.48,4235.74,148.6509,real_binance
2026-06-18T12:00:00+00:00,4236.04,4262.62,4234.62,4242.57,150.1361,real_binance
2026-06-18T13:00:00+00:00,4241.92,4270.83,4240.14,4249.54,149.9164,real_binance
2026-06-18T14:00:00+00:00,4251.45,4252.49,4232.25,4248.23,215.0061,real_binance
2026-06-18T15:00:00+00:00,4248.23,4250.0,4219.41,4222.72,370.3267,real_binance
2026-06-18T16:00:00+00:00,4221.73,4228.32,4211.98,4216.17,139.1275,real_binance
2026-06-18T17:00:00+00:00,4216.41,4228.94,4216.41,4227.05,69.7683,real_binance
2026-06-18T18:00:00+00:00,4227.05,4228.58,4216.61,4216.61,70.1014,real_binance
2026-06-18T19:00:00+00:00,4216.14,4216.37,4198.51,4213.39,197.7695,real_binance
2026-06-18T20:00:00+00:00,4213.14,4216.4,4205.45,4205.72,49.4475,real_binance
2026-06-18T21:00:00+00:00,4205.72,4216.72,4205.72,4210.49,41.7574,real_binance
2026-06-18T22:00:00+00:00,4210.27,4211.26,4200.85,4205.02,85.9308,real_binance
2026-06-18T23:00:00+00:00,4205.02,4205.03,4183.37,4184.64,202.728,real_binance
2026-06-19T00:00:00+00:00,4184.72,4193.71,4181.42,4187.93,90.5835,real_binance
2026-06-19T01:00:00+00:00,4188.44,4191.7,4174.21,4180.52,255.6097,real_binance
2026-06-19T02:00:00+00:00,4180.92,4181.73,4168.41,4173.88,166.5554,real_binance
2026-06-19T03:00:00+00:00,4173.88,4173.89,4143.53,4147.9,300.6887,real_binance
2026-06-19T04:00:00+00:00,4148.65,4151.15,4123.19,4123.76,117.1846,real_binance
2026-06-19T05:00:00+00:00,4123.76,4141.23,4120.04,4140.14,176.642,real_binance
2026-06-19T06:00:00+00:00,4139.72,4149.45,4132.6,4147.88,155.6058,real_binance
2026-06-19T07:00:00+00:00,4147.88,4159.84,4147.61,4155.83,156.3538,real_binance
2026-06-19T08:00:00+00:00,4156.68,4176.2,4154.19,4165.26,111.6604,real_binance
2026-06-19T09:00:00+00:00,4167.02,4168.05,4159.35,4160.24,68.2589,real_binance
2026-06-19T10:00:00+00:00,4160.51,4160.51,4147.08,4147.94,51.2051,real_binance
2026-06-19T11:00:00+00:00,4147.93,4152.71,4140.43,4150.65,86.7297,real_binance
2026-06-19T12:00:00+00:00,4150.65,4177.73,4145.14,4176.59,130.5082,real_binance
2026-06-19T13:00:00+00:00,4176.59,4179.77,4150.0,4150.99,146.2814,real_binance
2026-06-19T14:00:00+00:00,4151.29,4153.59,4142.64,4149.01,112.8649,real_binance
2026-06-19T15:00:00+00:00,4149.01,4153.29,4147.0,4150.37,87.0914,real_binance
2026-06-19T16:00:00+00:00,4150.85,4155.44,4144.47,4152.39,57.4537,real_binance
2026-06-19T17:00:00+00:00,4153.64,4158.78,4153.01,4158.72,56.5244,real_binance
2026-06-19T18:00:00+00:00,4158.72,4158.81,4150.52,4154.04,84.5378,real_binance
2026-06-19T19:00:00+00:00,4154.04,4157.35,4152.12,4157.2,81.7816,real_binance
2026-06-19T20:00:00+00:00,4157.21,4159.24,4154.02,4158.64,24.5013,real_binance
2026-06-19T21:00:00+00:00,4158.64,4159.79,4154.86,4155.25,32.588,real_binance
2026-06-19T22:00:00+00:00,4155.26,4159.32,4154.61,4158.19,12.7271,real_binance
2026-06-19T23:00:00+00:00,4158.19,4159.31,4154.18,4154.95,41.5983,real_binance
2026-06-20T00:00:00+00:00,4154.94,4160.07,4152.77,4158.15,43.8681,real_binance
2026-06-20T01:00:00+00:00,4158.15,4158.16,4154.61,4156.61,19.4274,real_binance
2026-06-20T02:00:00+00:00,4156.61,4156.61,4154.06,4154.9,15.1025,real_binance
2026-06-20T03:00:00+00:00,4154.9,4156.67,4152.36,4154.88,19.1212,real_binance
2026-06-20T04:00:00+00:00,4154.89,4157.83,4154.89,4156.68,24.9254,real_binance
2026-06-20T05:00:00+00:00,4156.68,4159.41,4156.67,4157.7,14.2075,real_binance
2026-06-20T06:00:00+00:00,4157.7,4159.77,4157.69,4158.58,36.2955,real_binance
2026-06-20T07:00:00+00:00,4158.58,4158.59,4155.02,4156.07,30.8351,real_binance
2026-06-20T08:00:00+00:00,4156.07,4157.01,4155.01,4155.22,24.1105,real_binance
2026-06-20T09:00:00+00:00,4155.22,4158.15,4155.22,4156.19,12.1655,real_binance
2026-06-20T10:00:00+00:00,4156.19,4156.8,4153.0,4154.14,25.373,real_binance
2026-06-20T11:00:00+00:00,4154.62,4156.34,4154.38,4154.97,23.1035,real_binance
2026-06-20T12:00:00+00:00,4154.97,4156.86,4154.93,4155.82,19.3029,real_binance
2026-06-20T13:00:00+00:00,4155.83,4155.83,4148.59,4150.96,48.6429,real_binance
2026-06-20T14:00:00+00:00,4150.97,4160.59,4150.09,4156.41,57.6822,real_binance
2026-06-20T15:00:00+00:00,4156.41,4162.6,4156.19,4159.19,68.0703,real_binance
2026-06-20T16:00:00+00:00,4159.2,4159.2,4152.56,4152.61,38.1185,real_binance
2026-06-20T17:00:00+00:00,4152.62,4154.2,4151.23,4151.9,15.8026,real_binance
2026-06-20T18:00:00+00:00,4151.89,4154.08,4151.89,4154.07,21.7669,real_binance
2026-06-20T19:00:00+00:00,4154.07,4154.3,4154.07,4154.3,8.3443,real_binance
2026-06-20T20:00:00+00:00,4154.3,4154.79,4154.29,4154.79,21.509,real_binance
2026-06-20T21:00:00+00:00,4154.79,4155.08,4152.15,4153.35,33.2033,real_binance
2026-06-20T22:00:00+00:00,4153.34,4155.64,4153.07,4153.84,40.5601,real_binance
2026-06-20T23:00:00+00:00,4153.84,4154.4,4153.0,4154.2,13.8193,real_binance
2026-06-21T00:00:00+00:00,4154.2,4154.78,4153.02,4153.02,14.0408,real_binance
2026-06-21T01:00:00+00:00,4153.01,4153.56,4152.03,4153.55,15.5113,real_binance
2026-06-21T02:00:00+00:00,4153.55,4156.48,4153.54,4156.47,14.0052,real_binance
2026-06-21T03:00:00+00:00,4156.48,4159.13,4156.47,4158.08,24.4519,real_binance
2026-06-21T04:00:00+00:00,4158.08,4158.9,4155.77,4156.16,12.5,real_binance
2026-06-21T05:00:00+00:00,4156.16,4162.6,4156.15,4162.6,19.5082,real_binance
2026-06-21T06:00:00+00:00,4162.61,4166.77,4160.16,4163.3,21.1698,real_binance
2026-06-21T07:00:00+00:00,4163.3,4164.13,4160.32,4161.08,9.0866,real_binance
2026-06-21T08:00:00+00:00,4160.91,4163.21,4156.64,4157.33,18.8555,real_binance
2026-06-21T09:00:00+00:00,4158.55,4162.75,4155.54,4161.93,45.0601,real_binance
2026-06-21T10:00:00+00:00,4161.93,4162.32,4158.99,4161.58,13.4667,real_binance
2026-06-21T11:00:00+00:00,4161.08,4162.22,4156.2,4156.35,14.936,real_binance
2026-06-21T12:00:00+00:00,4156.35,4160.68,4155.52,4160.68,20.2862,real_binance
2026-06-21T13:00:00+00:00,4160.68,4164.17,4159.9,4162.02,25.2877,real_binance
2026-06-21T14:00:00+00:00,4162.03,4163.93,4157.95,4160.27,94.5773,real_binance
2026-06-21T15:00:00+00:00,4160.27,4164.15,4159.83,4162.6,16.3646,real_binance
2026-06-21T16:00:00+00:00,4162.61,4162.61,4160.1,4160.21,16.6978,real_binance
2026-06-21T17:00:00+00:00,4160.21,4161.91,4158.7,4161.86,16.0569,real_binance
2026-06-21T18:00:00+00:00,4162.58,4162.58,4157.96,4159.82,36.1291,real_binance
2026-06-21T19:00:00+00:00,4159.83,4163.96,4159.08,4161.8,21.3293,real_binance
2026-06-21T20:00:00+00:00,4162.36,4162.37,4159.22,4159.22,18.6514,real_binance
2026-06-21T21:00:00+00:00,4159.22,4160.0,4154.77,4154.95,40.9613,real_binance
2026-06-21T22:00:00+00:00,4154.27,4156.61,4138.73,4153.24,162.8886,real_binance
2026-06-21T23:00:00+00:00,4153.24,4161.39,4134.45,4137.03,180.7952,real_binance
2026-06-22T00:00:00+00:00,4137.03,4197.41,4137.03,4197.41,142.4155,real_binance
2026-06-22T01:00:00+00:00,4197.6,4216.86,4188.24,4188.62,248.5968,real_binance
2026-06-22T02:00:00+00:00,4188.62,4197.4,4181.92,4187.32,133.9243,real_binance
2026-06-22T03:00:00+00:00,4186.33,4187.42,4169.67,4170.12,83.8658,real_binance
2026-06-22T04:00:00+00:00,4169.84,4180.25,4166.97,4180.25,102.1905,real_binance
2026-06-22T05:00:00+00:00,4180.24,4195.72,4178.02,4189.85,164.3691,real_binance
2026-06-22T06:00:00+00:00,4190.53,4203.48,4188.65,4194.82,61.3497,real_binance
2026-06-22T07:00:00+00:00,4194.49,4197.49,4185.99,4187.24,43.3654,real_binance
2026-06-22T08:00:00+00:00,4187.24,4193.53,4185.53,4193.42,18.0851,real_binance
2026-06-22T09:00:00+00:00,4193.43,4206.0,4193.11,4204.52,68.9552,real_binance
2026-06-22T10:00:00+00:00,4204.52,4210.0,4200.58,4200.7,37.2855,real_binance
2026-06-22T11:00:00+00:00,4201.42,4211.1,4198.45,4203.62,57.6225,real_binance
2026-06-22T12:00:00+00:00,4203.63,4207.2,4189.0,4189.33,77.913,real_binance
2026-06-22T13:00:00+00:00,4189.54,4201.32,4180.99,4196.47,184.3274,real_binance
2026-06-22T14:00:00+00:00,4196.78,4206.06,4183.76,4193.53,163.9981,real_binance
2026-06-22T15:00:00+00:00,4193.54,4195.94,4166.27,4177.92,191.2891,real_binance
2026-06-22T16:00:00+00:00,4177.93,4188.05,4170.55,4185.48,211.1436,real_binance
2026-06-22T17:00:00+00:00,4185.48,4187.0,4173.01,4179.06,103.6185,real_binance
2026-06-22T18:00:00+00:00,4179.06,4187.75,4179.05,4186.54,39.7266,real_binance
2026-06-22T19:00:00+00:00,4187.22,4188.72,4180.43,4185.83,32.3073,real_binance
2026-06-22T20:00:00+00:00,4186.64,4189.04,4184.8,4187.68,25.0655,real_binance
2026-06-22T21:00:00+00:00,4187.42,4188.9,4179.39,4184.34,78.9675,real_binance
2026-06-22T22:00:00+00:00,4184.34,4189.36,4184.28,4186.07,87.6936,real_binance
2026-06-22T23:00:00+00:00,4185.81,4190.61,4182.51,4183.46,102.9736,real_binance
2026-06-23T00:00:00+00:00,4183.22,4190.05,4174.22,4188.78,64.0504,real_binance
2026-06-23T01:00:00+00:00,4188.27,4193.14,4146.0,4158.65,265.6793,real_binance
2026-06-23T02:00:00+00:00,4158.16,4159.83,4143.7,4143.91,86.4433,real_binance
2026-06-23T03:00:00+00:00,4144.58,4146.05,4128.33,4142.03,98.1004,real_binance
2026-06-23T04:00:00+00:00,4141.8,4144.0,4113.91,4115.57,94.2865,real_binance
2026-06-23T05:00:00+00:00,4116.72,4133.97,4113.9,4117.0,194.1791,real_binance
2026-06-23T06:00:00+00:00,4118.05,4122.62,4107.82,4112.38,121.6587,real_binance
2026-06-23T07:00:00+00:00,4112.05,4121.76,4095.0,4097.28,200.7058,real_binance
2026-06-23T08:00:00+00:00,4097.77,4108.25,4090.41,4102.88,176.8022,real_binance
2026-06-23T09:00:00+00:00,4102.87,4117.77,4102.32,4117.77,120.8152,real_binance
2026-06-23T10:00:00+00:00,4117.85,4130.01,4116.5,4116.5,163.5267,real_binance
2026-06-23T11:00:00+00:00,4116.5,4127.98,4113.96,4118.2,1019.2959,real_binance
2026-06-23T12:00:00+00:00,4118.2,4121.89,4107.69,4108.81,76.363,real_binance
2026-06-23T13:00:00+00:00,4108.81,4135.2,4100.69,4131.77,479.1711,real_binance
2026-06-23T14:00:00+00:00,4132.14,4139.56,4119.26,4124.16,169.9385,real_binance
2026-06-23T15:00:00+00:00,4124.84,4135.45,4118.99,4132.98,165.0812,real_binance
2026-06-23T16:00:00+00:00,4132.98,4137.15,4126.47,4128.55,125.891,real_binance
2026-06-23T17:00:00+00:00,4128.14,4132.73,4123.03,4123.62,317.0975,real_binance
2026-06-23T18:00:00+00:00,4124.05,4125.67,4108.43,4112.25,79.0396,real_binance
2026-06-23T19:00:00+00:00,4112.06,4120.5,4108.42,4108.42,41.5228,real_binance
2026-06-23T20:00:00+00:00,4108.25,4108.96,4104.35,4108.6,43.0427,real_binance
2026-06-23T21:00:00+00:00,4108.81,4117.41,4108.81,4113.43,23.3162,real_binance
2026-06-23T22:00:00+00:00,4113.42,4113.42,4095.44,4101.18,61.7699,real_binance
2026-06-23T23:00:00+00:00,4100.82,4100.82,4079.01,4096.15,108.2975,real_binance
2026-06-24T00:00:00+00:00,4097.39,4108.42,4092.1,4096.39,93.0832,real_binance
2026-06-24T01:00:00+00:00,4095.79,4099.11,4067.14,4087.43,190.5733,real_binance
2026-06-24T02:00:00+00:00,4087.43,4093.98,4053.05,4061.1,196.3705,real_binance
2026-06-24T03:00:00+00:00,4061.51,4069.18,4051.15,4062.22,75.2888,real_binance
2026-06-24T04:00:00+00:00,4062.23,4068.33,4054.67,4066.06,1521.1952,real_binance
2026-06-24T05:00:00+00:00,4066.12,4086.5,4060.92,4077.41,415.2445,real_binance
2026-06-24T06:00:00+00:00,4077.84,4096.41,4077.42,4086.29,142.2699,real_binance
2026-06-24T07:00:00+00:00,4086.69,4089.9,4073.83,4074.47,161.1008,real_binance
2026-06-24T08:00:00+00:00,4074.89,4087.19,4073.98,4077.5,90.5218,real_binance
2026-06-24T09:00:00+00:00,4076.45,4079.38,4066.0,4066.29,85.3021,real_binance
2026-06-24T10:00:00+00:00,4066.66,4067.93,4057.05,4057.66,129.848,real_binance
2026-06-24T11:00:00+00:00,4057.67,4060.13,4040.27,4048.39,236.3847,real_binance
2026-06-24T12:00:00+00:00,4048.28,4050.06,3991.22,3991.22,1101.713,real_binance
2026-06-24T13:00:00+00:00,3991.21,4040.53,3969.23,4036.66,1408.8966,real_binance
2026-06-24T14:00:00+00:00,4036.67,4039.7,4003.87,4009.0,475.8595,real_binance
2026-06-24T15:00:00+00:00,4008.7,4016.47,3998.6,4002.31,181.4528,real_binance
2026-06-24T16:00:00+00:00,4002.31,4021.96,3995.19,4005.8,253.3092,real_binance
2026-06-24T17:00:00+00:00,4005.8,4010.0,3972.37,3972.37,285.2503,real_binance
2026-06-24T18:00:00+00:00,3972.37,3993.71,3959.0,3981.31,377.1726,real_binance
2026-06-24T19:00:00+00:00,3981.31,3992.0,3974.12,3989.5,155.7519,real_binance
2026-06-24T20:00:00+00:00,3989.11,4004.64,3985.52,4001.26,133.4065,real_binance
2026-06-24T21:00:00+00:00,4001.25,4010.0,4001.02,4010.0,64.2659,real_binance
2026-06-24T22:00:00+00:00,4009.99,4010.0,3996.16,3998.55,122.1045,real_binance
2026-06-24T23:00:00+00:00,3998.25,4019.32,3994.0,4014.13,184.2814,real_binance
2026-06-25T00:00:00+00:00,4014.07,4018.25,3980.92,3993.27,208.0822,real_binance
2026-06-25T01:00:00+00:00,3993.75,4006.66,3974.6,3979.01,195.6212,real_binance
2026-06-25T02:00:00+00:00,3979.0,3992.11,3965.1,3985.75,194.2039,real_binance
2026-06-25T03:00:00+00:00,3985.01,4002.37,3969.97,3996.59,178.7574,real_binance
2026-06-25T04:00:00+00:00,3997.16,3999.02,3985.62,3997.53,109.9581,real_binance
2026-06-25T05:00:00+00:00,3997.53,4001.83,3983.46,3989.3,124.7827,real_binance
2026-06-25T06:00:00+00:00,3988.8,3990.56,3977.62,3980.76,77.3818,real_binance
2026-06-25T07:00:00+00:00,3980.34,3991.39,3975.2,3990.2,118.8849,real_binance
2026-06-25T08:00:00+00:00,3989.71,4003.27,3987.01,3990.9,115.1173,real_binance
2026-06-25T09:00:00+00:00,3990.91,3998.62,3989.01,3990.32,73.7595,real_binance
2026-06-25T10:00:00+00:00,3989.82,3991.15,3984.13,3986.19,64.6668,real_binance
2026-06-25T11:00:00+00:00,3986.19,3988.39,3976.24,3982.0,450.2873,real_binance
2026-06-25T12:00:00+00:00,3981.59,4019.94,3980.58,4012.39,330.0953,real_binance
2026-06-25T13:00:00+00:00,4012.4,4034.05,3999.04,4000.28,515.6312,real_binance
2026-06-25T14:00:00+00:00,4000.29,4028.08,3998.46,4011.45,396.8978,real_binance
2026-06-25T15:00:00+00:00,4011.38,4040.77,4004.42,4039.0,344.6011,real_binance
2026-06-25T16:00:00+00:00,4039.94,4042.75,4022.97,4027.91,204.2332,real_binance
2026-06-25T17:00:00+00:00,4027.4,4034.7,4026.39,4033.85,80.0486,real_binance
2026-06-25T18:00:00+00:00,4033.85,4042.61,4025.09,4033.15,99.9468,real_binance
2026-06-25T19:00:00+00:00,4033.15,4041.3,4021.03,4025.46,75.9668,real_binance
2026-06-25T20:00:00+00:00,4025.26,4033.71,4022.04,4024.94,139.2373,real_binance
2026-06-25T21:00:00+00:00,4024.94,4030.4,4023.14,4028.91,35.1559,real_binance
2026-06-25T22:00:00+00:00,4028.38,4033.75,4018.11,4024.23,105.9939,real_binance
2026-06-25T23:00:00+00:00,4024.64,4028.89,4012.36,4014.32,55.3654,real_binance
2026-06-26T00:00:00+00:00,4013.64,4023.51,4010.7,4019.74,56.6579,real_binance
2026-06-26T01:00:00+00:00,4019.18,4027.29,4013.68,4019.7,67.5398,real_binance
2026-06-26T02:00:00+00:00,4020.0,4021.93,3982.76,3991.57,183.3832,real_binance
2026-06-26T03:00:00+00:00,3990.45,4004.88,3986.41,4002.49,237.6271,real_binance
2026-06-26T04:00:00+00:00,4002.97,4012.04,3998.44,4008.72,86.1446,real_binance
2026-06-26T05:00:00+00:00,4008.98,4019.6,4004.92,4007.67,191.4052,real_binance
2026-06-26T06:00:00+00:00,4007.28,4032.31,4005.94,4032.23,156.9055,real_binance
2026-06-26T07:00:00+00:00,4030.6,4038.19,4027.12,4029.64,120.0627,real_binance
2026-06-26T08:00:00+00:00,4029.64,4035.58,4024.39,4029.59,130.7989,real_binance
2026-06-26T09:00:00+00:00,4029.58,4051.0,4028.56,4045.47,414.6519,real_binance
2026-06-26T10:00:00+00:00,4045.26,4051.28,4040.28,4051.27,113.8068,real_binance
2026-06-26T11:00:00+00:00,4051.28,4052.15,4039.19,4041.37,111.931,real_binance
2026-06-26T12:00:00+00:00,4041.75,4057.05,4032.29,4055.91,102.0926,real_binance
2026-06-26T13:00:00+00:00,4056.05,4079.3,4040.07,4071.8,743.4888,real_binance
2026-06-26T14:00:00+00:00,4072.22,4089.3,4066.72,4078.01,373.5607,real_binance
2026-06-26T15:00:00+00:00,4077.92,4091.28,4072.93,4087.43,139.0346,real_binance
2026-06-26T16:00:00+00:00,4086.85,4088.86,4079.0,4080.71,137.9656,real_binance
2026-06-26T17:00:00+00:00,4080.71,4083.22,4070.0,4070.88,66.9661,real_binance
2026-06-26T18:00:00+00:00,4070.87,4075.5,4063.6,4063.6,85.2166,real_binance
2026-06-26T19:00:00+00:00,4063.61,4071.14,4061.53,4068.52,59.9523,real_binance
2026-06-26T20:00:00+00:00,4068.52,4085.34,4062.65,4084.29,68.1252,real_binance
2026-06-26T21:00:00+00:00,4084.31,4084.31,4078.45,4078.83,46.4885,real_binance
2026-06-26T22:00:00+00:00,4078.84,4083.0,4078.05,4080.92,31.4984,real_binance
2026-06-26T23:00:00+00:00,4080.93,4084.34,4079.43,4082.38,17.3438,real_binance
2026-06-27T00:00:00+00:00,4082.38,4083.98,4075.84,4077.15,47.3859,real_binance
2026-06-27T01:00:00+00:00,4077.14,4082.16,4077.14,4081.09,20.1921,real_binance
2026-06-27T02:00:00+00:00,4081.09,4081.52,4078.91,4079.31,35.187,real_binance
2026-06-27T03:00:00+00:00,4079.31,4082.66,4079.31,4080.7,34.396,real_binance
2026-06-27T04:00:00+00:00,4080.7,4083.64,4078.34,4078.34,16.1064,real_binance
2026-06-27T05:00:00+00:00,4078.35,4079.4,4078.29,4078.6,7.9095,real_binance
2026-06-27T06:00:00+00:00,4078.6,4082.69,4078.57,4081.89,21.2618,real_binance
2026-06-27T07:00:00+00:00,4081.89,4083.01,4079.1,4081.22,19.3704,real_binance
2026-06-27T08:00:00+00:00,4080.82,4081.73,4079.99,4080.34,20.8343,real_binance
2026-06-27T09:00:00+00:00,4080.34,4081.06,4080.33,4080.47,7.2078,real_binance
2026-06-27T10:00:00+00:00,4080.47,4081.54,4080.46,4081.18,13.39,real_binance
2026-06-27T11:00:00+00:00,4081.19,4081.74,4078.46,4081.43,45.0572,real_binance
2026-06-27T12:00:00+00:00,4081.43,4081.5,4079.6,4079.61,38.293,real_binance
2026-06-27T13:00:00+00:00,4079.61,4081.03,4077.49,4080.74,66.9325,real_binance
2026-06-27T14:00:00+00:00,4080.75,4081.74,4078.7,4078.7,19.5184,real_binance
2026-06-27T15:00:00+00:00,4078.7,4082.0,4078.69,4080.36,16.458,real_binance
2026-06-27T16:00:00+00:00,4080.36,4081.69,4080.05,4081.45,35.0454,real_binance
2026-06-27T17:00:00+00:00,4081.44,4081.44,4074.44,4076.34,34.3683,real_binance
2026-06-27T18:00:00+00:00,4076.34,4077.89,4074.95,4075.38,16.7554,real_binance
2026-06-27T19:00:00+00:00,4075.39,4076.89,4071.21,4073.72,20.4331,real_binance
2026-06-27T20:00:00+00:00,4073.43,4076.78,4073.43,4074.91,21.2534,real_binance
2026-06-27T21:00:00+00:00,4074.91,4081.03,4074.5,4074.75,55.3329,real_binance
2026-06-27T22:00:00+00:00,4074.74,4076.77,4072.85,4076.77,13.5417,real_binance
2026-06-27T23:00:00+00:00,4076.77,4077.26,4073.16,4075.86,9.4939,real_binance
2026-06-28T00:00:00+00:00,4075.87,4078.16,4075.66,4078.04,19.821,real_binance
2026-06-28T01:00:00+00:00,4078.05,4078.46,4076.28,4078.03,14.8009,real_binance
2026-06-28T02:00:00+00:00,4078.03,4078.94,4077.74,4078.01,7.4818,real_binance
2026-06-28T03:00:00+00:00,4078.01,4078.97,4075.85,4076.5,9.5003,real_binance
2026-06-28T04:00:00+00:00,4076.5,4077.0,4075.66,4076.98,12.1596,real_binance
2026-06-28T05:00:00+00:00,4076.97,4078.84,4075.12,4077.78,43.4938,real_binance
2026-06-28T06:00:00+00:00,4077.78,4078.9,4073.4,4073.71,86.6018,real_binance
2026-06-28T07:00:00+00:00,4073.7,4077.08,4073.4,4074.84,31.2077,real_binance
2026-06-28T08:00:00+00:00,4074.84,4077.49,4074.83,4077.25,55.017,real_binance
2026-06-28T09:00:00+00:00,4077.25,4078.23,4076.34,4078.21,27.5063,real_binance
2026-06-28T10:00:00+00:00,4078.22,4079.56,4075.6,4076.12,43.0865,real_binance
2026-06-28T11:00:00+00:00,4076.11,4077.12,4074.48,4074.94,20.3713,real_binance
2026-06-28T12:00:00+00:00,4074.93,4078.04,4074.93,4077.3,34.316,real_binance
2026-06-28T13:00:00+00:00,4076.67,4076.67,4074.42,4075.69,38.1419,real_binance
2026-06-28T14:00:00+00:00,4075.7,4076.2,4072.9,4073.13,29.5758,real_binance
2026-06-28T15:00:00+00:00,4073.14,4074.99,4072.68,4074.31,13.5396,real_binance
2026-06-28T16:00:00+00:00,4074.77,4074.98,4072.96,4073.5,35.9775,real_binance
2026-06-28T17:00:00+00:00,4073.5,4075.48,4070.89,4074.48,133.5358,real_binance
2026-06-28T18:00:00+00:00,4074.48,4074.86,4073.11,4073.69,94.0908,real_binance
2026-06-28T19:00:00+00:00,4073.69,4075.24,4071.58,4073.73,112.8088,real_binance
2026-06-28T20:00:00+00:00,4073.73,4078.56,4073.73,4077.44,64.3752,real_binance
2026-06-28T21:00:00+00:00,4077.44,4079.0,4072.41,4075.17,45.5904,real_binance
2026-06-28T22:00:00+00:00,4074.62,4081.64,4050.73,4061.26,297.2261,real_binance
2026-06-28T23:00:00+00:00,4061.4,4065.73,4048.6,4059.57,94.2854,real_binance
2026-06-29T00:00:00+00:00,4059.47,4069.81,4045.94,4066.95,92.6823,real_binance
2026-06-29T01:00:00+00:00,4066.69,4070.46,4051.92,4058.45,75.6481,real_binance
2026-06-29T02:00:00+00:00,4058.46,4068.19,4056.21,4062.56,88.2146,real_binance
2026-06-29T03:00:00+00:00,4062.9,4072.0,4062.44,4065.73,54.7911,real_binance
2026-06-29T04:00:00+00:00,4065.56,4065.61,4047.52,4048.9,25.2428,real_binance
2026-06-29T05:00:00+00:00,4048.9,4053.67,4037.76,4051.27,87.5368,real_binance
2026-06-29T06:00:00+00:00,4051.85,4060.24,4051.49,4059.17,47.9987,real_binance
2026-06-29T07:00:00+00:00,4059.18,4063.97,4053.01,4057.68,40.7619,real_binance
2026-06-29T08:00:00+00:00,4057.13,4062.28,4041.1,4044.52,64.0801,real_binance
2026-06-29T09:00:00+00:00,4044.23,4051.6,4023.6,4028.63,118.7297,real_binance
2026-06-29T10:00:00+00:00,4029.06,4036.49,4025.7,4034.2,75.466,real_binance
2026-06-29T11:00:00+00:00,4034.21,4040.0,4025.37,4037.78,154.607,real_binance
2026-06-29T12:00:00+00:00,4037.78,4048.64,4035.2,4040.51,108.0715,real_binance
2026-06-29T13:00:00+00:00,4040.52,4048.19,4026.0,4029.48,174.3047,real_binance
2026-06-29T14:00:00+00:00,4029.49,4032.02,3998.45,4022.23,303.6606,real_binance
2026-06-29T15:00:00+00:00,4023.32,4028.09,4014.13,4025.43,86.6148,real_binance
2026-06-29T16:00:00+00:00,4025.43,4026.44,4016.74,4021.51,34.1843,real_binance
2026-06-29T17:00:00+00:00,4021.11,4029.6,4019.26,4019.87,68.1532,real_binance
2026-06-29T18:00:00+00:00,4019.86,4023.92,4010.91,4011.32,36.2273,real_binance
2026-06-29T19:00:00+00:00,4011.91,4018.04,4005.56,4016.36,73.7162,real_binance
2026-06-29T20:00:00+00:00,4016.36,4017.37,4013.64,4016.64,27.7399,real_binance
2026-06-29T21:00:00+00:00,4016.31,4021.78,4015.44,4018.24,27.7707,real_binance
2026-06-29T22:00:00+00:00,4018.24,4020.76,4007.69,4011.56,38.4691,real_binance
2026-06-29T23:00:00+00:00,4012.17,4019.84,4012.14,4013.73,24.6571,real_binance
2026-06-30T00:00:00+00:00,4013.71,4013.71,3980.6,3986.49,346.3161,real_binance
2026-06-30T01:00:00+00:00,3985.91,3985.91,3944.57,3968.18,1929.1834,real_binance
2026-06-30T02:00:00+00:00,3967.83,3972.02,3952.65,3963.81,609.4444,real_binance
2026-06-30T03:00:00+00:00,3964.03,3970.97,3961.05,3969.12,295.4962,real_binance
2026-06-30T04:00:00+00:00,3968.98,3999.69,3968.98,3986.72,640.7788,real_binance
2026-06-30T05:00:00+00:00,3986.73,3990.71,3976.0,3977.74,208.1127,real_binance
2026-06-30T06:00:00+00:00,3977.75,4034.34,3977.75,4029.65,1447.8098,real_binance
2026-06-30T07:00:00+00:00,4029.65,4032.99,4023.15,4029.59,260.2283,real_binance
2026-06-30T08:00:00+00:00,4029.59,4034.83,4010.34,4013.81,322.2588,real_binance
2026-06-30T09:00:00+00:00,4014.04,4022.48,4011.15,4022.48,145.2655,real_binance
2026-06-30T10:00:00+00:00,4022.69,4030.0,4021.19,4028.88,86.3259,real_binance
2026-06-30T11:00:00+00:00,4029.01,4035.98,4024.52,4031.4,81.4399,real_binance
2026-06-30T12:00:00+00:00,4032.16,4032.51,4008.09,4009.26,121.2224,real_binance
2026-06-30T13:00:00+00:00,4009.26,4032.39,4009.17,4028.8,236.3578,real_binance
2026-06-30T14:00:00+00:00,4028.8,4060.41,4024.4,4036.36,777.3032,real_binance
2026-06-30T15:00:00+00:00,4036.37,4037.81,4021.37,4028.68,107.0286,real_binance
2026-06-30T16:00:00+00:00,4028.31,4031.41,4024.48,4024.71,42.4688,real_binance
2026-06-30T17:00:00+00:00,4024.41,4029.45,4019.32,4028.0,35.0915,real_binance
2026-06-30T18:00:00+00:00,4028.0,4031.44,4026.3,4027.12,39.1366,real_binance
2026-06-30T19:00:00+00:00,4027.12,4027.12,4014.89,4015.02,55.9282,real_binance
2026-06-30T20:00:00+00:00,4015.02,4019.01,4006.66,4007.03,30.7297,real_binance
2026-06-30T21:00:00+00:00,4007.58,4011.91,4005.35,4011.91,101.3883,real_binance
2026-06-30T22:00:00+00:00,4011.9,4015.46,4010.24,4010.85,38.0208,real_binance
2026-06-30T23:00:00+00:00,4010.86,4015.96,4004.3,4004.47,53.6793,real_binance
2026-07-01T00:00:00+00:00,4004.47,4008.17,3992.28,3994.64,100.1506,real_binance
2026-07-01T01:00:00+00:00,3994.63,3997.91,3975.02,3978.07,281.3862,real_binance
2026-07-01T02:00:00+00:00,3978.07,3984.26,3970.56,3979.74,214.191,real_binance
2026-07-01T03:00:00+00:00,3979.75,3987.19,3977.21,3981.47,62.6226,real_binance
2026-07-01T04:00:00+00:00,3981.82,3982.62,3975.01,3979.86,153.5264,real_binance
2026-07-01T05:00:00+00:00,3978.69,3980.58,3972.02,3977.27,68.6851,real_binance
2026-07-01T06:00:00+00:00,3977.03,3979.36,3964.05,3971.31,104.5513,real_binance
2026-07-01T07:00:00+00:00,3972.21,3977.27,3956.89,3975.64,289.6155,real_binance
2026-07-01T08:00:00+00:00,3975.64,3982.03,3970.0,3973.24,62.7816,real_binance
2026-07-01T09:00:00+00:00,3973.76,3985.12,3973.23,3984.99,32.8285,real_binance
2026-07-01T10:00:00+00:00,3984.99,3996.56,3980.99,3996.19,109.7206,real_binance
2026-07-01T11:00:00+00:00,3996.19,4032.24,3996.18,4027.91,344.8523,real_binance
2026-07-01T12:00:00+00:00,4028.14,4030.91,4017.83,4021.5,174.735,real_binance
2026-07-01T13:00:00+00:00,4021.5,4105.21,4011.23,4084.6,1030.7528,real_binance
2026-07-01T14:00:00+00:00,4085.09,4110.89,4078.01,4089.09,542.7468,real_binance
2026-07-01T15:00:00+00:00,4089.49,4090.31,4074.24,4077.57,319.6963,real_binance
2026-07-01T16:00:00+00:00,4077.45,4083.77,4066.01,4066.01,173.6759,real_binance
2026-07-01T17:00:00+00:00,4066.02,4068.94,4063.72,4064.28,116.3993,real_binance
2026-07-01T18:00:00+00:00,4064.29,4065.98,4055.01,4058.15,137.1977,real_binance
2026-07-01T19:00:00+00:00,4058.32,4064.13,4033.26,4036.06,86.8407,real_binance
2026-07-01T20:00:00+00:00,4036.06,4038.16,4027.3,4030.68,181.168,real_binance
2026-07-01T21:00:00+00:00,4030.67,4038.32,4030.67,4037.19,77.6785,real_binance
2026-07-01T22:00:00+00:00,4037.19,4044.27,4033.39,4044.27,211.9168,real_binance
2026-07-01T23:00:00+00:00,4044.26,4044.26,4030.65,4032.89,185.3346,real_binance
2026-07-02T00:00:00+00:00,4032.85,4050.0,4029.92,4049.84,179.9511,real_binance
2026-07-02T01:00:00+00:00,4049.95,4065.71,4044.3,4047.61,145.9909,real_binance
2026-07-02T02:00:00+00:00,4047.91,4058.82,4040.51,4056.53,88.0953,real_binance
2026-07-02T03:00:00+00:00,4056.53,4071.41,4054.11,4066.96,66.9196,real_binance
2026-07-02T04:00:00+00:00,4067.21,4069.56,4058.35,4058.36,50.583,real_binance
2026-07-02T05:00:00+00:00,4058.35,4065.56,4051.61,4063.96,88.4044,real_binance
2026-07-02T06:00:00+00:00,4063.96,4076.04,4063.96,4070.56,75.6132,real_binance
2026-07-02T07:00:00+00:00,4070.07,4071.6,4058.85,4061.95,57.1505,real_binance
2026-07-02T08:00:00+00:00,4061.67,4077.84,4059.38,4074.29,132.2916,real_binance
2026-07-02T09:00:00+00:00,4074.29,4075.42,4061.99,4064.61,118.2101,real_binance
2026-07-02T10:00:00+00:00,4064.61,4067.1,4060.69,4065.69,87.1568,real_binance
2026-07-02T11:00:00+00:00,4065.9,4069.61,4057.44,4064.85,158.6594,real_binance
2026-07-02T12:00:00+00:00,4064.85,4136.69,4060.91,4114.49,968.2689,real_binance
2026-07-02T13:00:00+00:00,4113.77,4138.9,4105.89,4131.18,470.5338,real_binance
2026-07-02T14:00:00+00:00,4131.73,4132.93,4110.31,4123.56,211.5631,real_binance
2026-07-02T15:00:00+00:00,4123.56,4126.79,4111.01,4124.79,248.0545,real_binance
2026-07-02T16:00:00+00:00,4124.61,4125.56,4096.76,4113.78,208.8343,real_binance
2026-07-02T17:00:00+00:00,4113.31,4115.31,4103.0,4103.0,75.6393,real_binance
2026-07-02T18:00:00+00:00,4103.0,4122.43,4102.6,4118.16,73.741,real_binance
2026-07-02T19:00:00+00:00,4118.16,4120.34,4106.0,4117.41,33.3254,real_binance
2026-07-02T20:00:00+00:00,4116.95,4121.44,4113.07,4120.29,49.5531,real_binance
2026-07-02T21:00:00+00:00,4120.28,4121.71,4119.5,4121.09,20.186,real_binance
2026-07-02T22:00:00+00:00,4121.08,4123.36,4119.4,4120.7,26.5002,real_binance
2026-07-02T23:00:00+00:00,4120.7,4128.86,4120.0,4124.31,101.214,real_binance
2026-07-03T00:00:00+00:00,4124.3,4146.66,4121.22,4144.64,93.9737,real_binance
2026-07-03T01:00:00+00:00,4144.64,4188.74,4143.4,4175.56,311.9592,real_binance
2026-07-03T02:00:00+00:00,4175.92,4180.0,4170.55,4177.16,104.9105,real_binance
2026-07-03T03:00:00+00:00,4177.15,4177.42,4168.77,4168.78,62.2589,real_binance
2026-07-03T04:00:00+00:00,4169.09,4175.87,4167.36,4170.98,78.6447,real_binance
2026-07-03T05:00:00+00:00,4170.99,4175.19,4163.19,4164.96,113.2142,real_binance
2026-07-03T06:00:00+00:00,4164.97,4167.99,4155.84,4166.89,136.8639,real_binance
2026-07-03T07:00:00+00:00,4166.89,4175.21,4163.2,4170.15,174.0465,real_binance
2026-07-03T08:00:00+00:00,4170.27,4180.22,4170.27,4175.04,243.8712,real_binance
2026-07-03T09:00:00+00:00,4175.04,4176.26,4164.12,4167.51,88.7881,real_binance
2026-07-03T10:00:00+00:00,4167.51,4175.19,4165.82,4171.27,101.4581,real_binance
2026-07-03T11:00:00+00:00,4171.27,4179.8,4170.18,4174.52,140.7937,real_binance
2026-07-03T12:00:00+00:00,4174.83,4177.3,4167.39,4172.51,75.2318,real_binance
2026-07-03T13:00:00+00:00,4172.66,4173.99,4159.37,4160.32,197.8228,real_binance
2026-07-03T14:00:00+00:00,4160.32,4166.0,4151.37,4165.97,97.059,real_binance
2026-07-03T15:00:00+00:00,4165.29,4168.05,4160.23,4160.24,51.8066,real_binance
2026-07-03T16:00:00+00:00,4160.23,4169.98,4157.59,4169.28,108.9943,real_binance
2026-07-03T17:00:00+00:00,4169.27,4170.1,4168.2,4169.37,54.0941,real_binance
2026-07-03T18:00:00+00:00,4169.38,4171.77,4168.0,4169.52,196.0882,real_binance
2026-07-03T19:00:00+00:00,4169.53,4171.18,4169.52,4170.66,16.9072,real_binance
2026-07-03T20:00:00+00:00,4170.66,4174.38,4170.65,4171.05,37.2925,real_binance
2026-07-03T21:00:00+00:00,4171.04,4173.48,4171.04,4172.3,34.0604,real_binance
2026-07-03T22:00:00+00:00,4172.3,4172.49,4167.38,4169.76,26.7304,real_binance
2026-07-03T23:00:00+00:00,4170.05,4171.58,4165.11,4168.71,31.2597,real_binance
2026-07-04T00:00:00+00:00,4168.72,4170.52,4158.91,4161.17,36.2875,real_binance
2026-07-04T01:00:00+00:00,4161.16,4163.29,4160.01,4162.87,17.9807,real_binance
2026-07-04T02:00:00+00:00,4162.87,4162.87,4162.65,4162.87,4.2813,real_binance
2026-07-04T03:00:00+00:00,4162.87,4165.96,4162.87,4165.52,16.1992,real_binance
2026-07-04T04:00:00+00:00,4165.53,4166.37,4165.52,4166.28,17.093,real_binance
2026-07-04T05:00:00+00:00,4166.28,4166.28,4162.75,4162.76,28.9179,real_binance
2026-07-04T06:00:00+00:00,4162.76,4163.93,4162.7,4163.54,13.0023,real_binance
2026-07-04T07:00:00+00:00,4163.54,4164.09,4163.5,4163.9,23.5356,real_binance
2026-07-04T08:00:00+00:00,4163.9,4167.61,4163.9,4165.51,33.0032,real_binance
2026-07-04T09:00:00+00:00,4165.51,4170.47,4165.5,4168.92,32.4568,real_binance
2026-07-04T10:00:00+00:00,4168.93,4169.17,4168.92,4169.15,15.8696,real_binance
2026-07-04T11:00:00+00:00,4169.15,4169.15,4165.92,4165.92,34.3062,real_binance
2026-07-04T12:00:00+00:00,4165.93,4166.12,4165.45,4166.11,13.4618,real_binance
2026-07-04T13:00:00+00:00,4166.11,4167.77,4165.16,4166.36,17.7901,real_binance
2026-07-04T14:00:00+00:00,4166.35,4166.66,4164.58,4166.19,24.0166,real_binance
2026-07-04T15:00:00+00:00,4166.19,4169.75,4166.18,4169.52,34.8776,real_binance
2026-07-04T16:00:00+00:00,4169.51,4169.77,4167.26,4167.26,15.9572,real_binance
2026-07-04T17:00:00+00:00,4167.26,4171.88,4165.03,4171.14,33.6311,real_binance
2026-07-04T18:00:00+00:00,4171.15,4171.4,4163.28,4165.2,39.7543,real_binance
2026-07-04T19:00:00+00:00,4165.21,4167.01,4163.31,4164.72,40.6123,real_binance
2026-07-04T20:00:00+00:00,4164.73,4166.81,4164.72,4166.43,17.8569,real_binance
2026-07-04T21:00:00+00:00,4166.44,4167.8,4165.41,4167.77,23.3532,real_binance
2026-07-04T22:00:00+00:00,4167.77,4168.4,4167.16,4167.74,11.522,real_binance
2026-07-04T23:00:00+00:00,4167.73,4168.39,4165.8,4168.0,9.5224,real_binance
2026-07-05T00:00:00+00:00,4168.01,4168.01,4165.36,4165.36,9.2151,real_binance
2026-07-05T01:00:00+00:00,4165.35,4168.27,4165.35,4167.92,14.9026,real_binance
2026-07-05T02:00:00+00:00,4167.92,4167.92,4163.51,4164.03,25.5124,real_binance
2026-07-05T03:00:00+00:00,4164.04,4165.65,4164.03,4164.32,11.9918,real_binance
2026-07-05T04:00:00+00:00,4164.33,4166.29,4164.32,4166.28,10.1584,real_binance
2026-07-05T05:00:00+00:00,4166.29,4166.29,4165.43,4165.43,7.3111,real_binance
2026-07-05T06:00:00+00:00,4165.44,4167.09,4165.43,4166.91,18.0864,real_binance
2026-07-05T07:00:00+00:00,4166.91,4166.92,4165.32,4166.71,8.329,real_binance
2026-07-05T08:00:00+00:00,4166.71,4167.59,4166.44,4167.39,12.9901,real_binance
2026-07-05T09:00:00+00:00,4167.4,4167.4,4166.18,4166.41,16.8148,real_binance
2026-07-05T10:00:00+00:00,4166.41,4168.98,4166.41,4168.44,21.5215,real_binance
2026-07-05T11:00:00+00:00,4168.45,4170.95,4168.45,4170.94,12.0236,real_binance
2026-07-05T12:00:00+00:00,4170.95,4170.95,4169.72,4169.74,10.7565,real_binance
2026-07-05T13:00:00+00:00,4169.74,4169.93,4168.11,4168.12,12.925,real_binance
2026-07-05T14:00:00+00:00,4168.12,4168.74,4167.36,4168.51,25.1796,real_binance
2026-07-05T15:00:00+00:00,4168.51,4170.3,4168.02,4168.03,23.4458,real_binance
2026-07-05T16:00:00+00:00,4168.03,4168.71,4167.52,4168.7,14.2168,real_binance
2026-07-05T17:00:00+00:00,4168.71,4170.85,4168.68,4169.32,31.5657,real_binance
2026-07-05T18:00:00+00:00,4169.33,4170.04,4168.91,4169.77,10.9583,real_binance
2026-07-05T19:00:00+00:00,4169.78,4170.56,4169.77,4170.32,9.7113,real_binance
2026-07-05T20:00:00+00:00,4170.32,4181.04,4170.31,4174.82,219.8813,real_binance
2026-07-05T21:00:00+00:00,4174.82,4180.54,4174.01,4178.31,56.2314,real_binance
2026-07-05T22:00:00+00:00,4178.31,4186.18,4170.24,4183.54,219.5371,real_binance
2026-07-05T23:00:00+00:00,4183.55,4196.06,4173.42,4179.65,182.6178,real_binance
2026-07-06T00:00:00+00:00,4178.41,4184.09,4166.45,4175.68,101.7063,real_binance
2026-07-06T01:00:00+00:00,4174.59,4197.02,4168.68,4180.99,109.7598,real_binance
2026-07-06T02:00:00+00:00,4180.73,4182.18,4164.95,4170.04,83.2579,real_binance
2026-07-06T03:00:00+00:00,4169.48,4171.35,4155.55,4160.56,63.0474,real_binance
2026-07-06T04:00:00+00:00,4160.57,4160.57,4152.94,4155.29,277.2003,real_binance
2026-07-06T05:00:00+00:00,4155.3,4155.88,4139.1,4141.78,278.822,real_binance
2026-07-06T06:00:00+00:00,4141.91,4153.77,4140.04,4145.64,73.2016,real_binance
2026-07-06T07:00:00+00:00,4145.64,4160.39,4142.79,4159.41,71.7081,real_binance
2026-07-06T08:00:00+00:00,4159.41,4165.87,4143.07,4146.43,314.7511,real_binance
2026-07-06T09:00:00+00:00,4146.42,4146.42,4133.46,4139.88,67.8802,real_binance
2026-07-06T10:00:00+00:00,4139.89,4151.14,4138.27,4150.4,44.4427,real_binance
2026-07-06T11:00:00+00:00,4150.69,4155.0,4147.64,4150.22,57.3784,real_binance
2026-07-06T12:00:00+00:00,4150.22,4153.47,4127.4,4136.72,138.3451,real_binance
2026-07-06T13:00:00+00:00,4136.72,4146.72,4132.9,4136.74,204.9808,real_binance
2026-07-06T14:00:00+00:00,4136.74,4142.76,4125.04,4134.23,131.9978,real_binance
2026-07-06T15:00:00+00:00,4134.72,4147.7,4134.58,4144.73,85.7791,real_binance
2026-07-06T16:00:00+00:00,4144.46,4152.81,4137.49,4152.39,85.8173,real_binance
2026-07-06T17:00:00+00:00,4152.38,4157.98,4148.16,4157.53,49.2114,real_binance
2026-07-06T18:00:00+00:00,4157.97,4163.93,4152.69,4160.4,35.2946,real_binance
2026-07-06T19:00:00+00:00,4160.81,4162.25,4155.45,4159.5,35.7763,real_binance
2026-07-06T20:00:00+00:00,4159.53,4160.82,4158.37,4160.82,28.6067,real_binance
2026-07-06T21:00:00+00:00,4160.81,4168.17,4159.05,4162.14,34.9316,real_binance
2026-07-06T22:00:00+00:00,4162.15,4162.93,4158.94,4159.53,29.8136,real_binance
2026-07-06T23:00:00+00:00,4159.53,4160.41,4152.02,4152.03,34.8483,real_binance
2026-07-07T00:00:00+00:00,4152.02,4156.98,4141.16,4141.16,82.6542,real_binance
2026-07-07T01:00:00+00:00,4141.0,4142.97,4123.0,4136.57,78.0389,real_binance
2026-07-07T02:00:00+00:00,4137.58,4140.02,4127.36,4131.48,52.0754,real_binance
2026-07-07T03:00:00+00:00,4132.67,4134.71,4121.33,4127.03,94.0471,real_binance
2026-07-07T04:00:00+00:00,4127.03,4135.89,4122.61,4122.88,87.5309,real_binance
2026-07-07T05:00:00+00:00,4122.88,4126.35,4114.29,4119.31,149.0623,real_binance
2026-07-07T06:00:00+00:00,4119.69,4129.73,4118.71,4126.91,92.6832,real_binance
2026-07-07T07:00:00+00:00,4127.54,4129.5,4121.8,4122.91,70.9358,real_binance
2026-07-07T08:00:00+00:00,4122.7,4135.72,4120.48,4123.56,75.4507,real_binance
2026-07-07T09:00:00+00:00,4123.57,4129.73,4118.12,4128.73,60.0797,real_binance
2026-07-07T10:00:00+00:00,4128.73,4135.44,4128.73,4130.99,133.3401,real_binance
2026-07-07T11:00:00+00:00,4131.61,4153.83,4128.06,4152.26,142.6868,real_binance
2026-07-07T12:00:00+00:00,4152.66,4170.32,4151.03,4167.57,176.6908,real_binance
2026-07-07T13:00:00+00:00,4167.62,4174.81,4151.66,4153.75,213.1667,real_binance
2026-07-07T14:00:00+00:00,4154.3,4158.41,4138.08,4149.89,168.224,real_binance
2026-07-07T15:00:00+00:00,4149.9,4150.98,4131.59,4134.53,393.6822,real_binance
2026-07-07T16:00:00+00:00,4135.19,4142.46,4133.3,4140.1,102.5632,real_binance
2026-07-07T17:00:00+00:00,4140.15,4143.84,4135.77,4140.15,49.7814,real_binance
2026-07-07T18:00:00+00:00,4140.16,4140.59,4121.04,4121.83,75.2332,real_binance
2026-07-07T19:00:00+00:00,4122.53,4123.35,4089.37,4109.48,924.0466,real_binance
2026-07-07T20:00:00+00:00,4109.81,4111.05,4100.65,4102.77,78.6739,real_binance
2026-07-07T21:00:00+00:00,4102.76,4104.74,4100.97,4103.92,35.8402,real_binance
2026-07-07T22:00:00+00:00,4103.92,4103.92,4089.0,4095.48,119.1681,real_binance
2026-07-07T23:00:00+00:00,4095.45,4102.71,4092.93,4094.25,109.7324,real_binance
2026-07-08T00:00:00+00:00,4095.03,4122.6,4094.14,4109.59,80.6639,real_binance
2026-07-08T01:00:00+00:00,4109.5,4114.01,4092.66,4107.38,122.702,real_binance
2026-07-08T02:00:00+00:00,4107.39,4120.51,4102.23,4110.93,141.4337,real_binance
2026-07-08T03:00:00+00:00,4110.32,4127.43,4110.32,4119.07,74.6972,real_binance
2026-07-08T04:00:00+00:00,4119.57,4123.31,4113.0,4120.48,281.7353,real_binance
2026-07-08T05:00:00+00:00,4120.49,4129.03,4116.94,4123.12,103.8755,real_binance
2026-07-08T06:00:00+00:00,4123.78,4129.03,4118.51,4120.21,47.6397,real_binance
2026-07-08T07:00:00+00:00,4120.0,4122.97,4111.0,4117.31,44.9244,real_binance
2026-07-08T08:00:00+00:00,4116.22,4117.28,4050.02,4054.67,357.2217,real_binance
2026-07-08T09:00:00+00:00,4054.08,4059.05,4041.0,4042.4,278.7248,real_binance
2026-07-08T10:00:00+00:00,4042.09,4056.88,4039.01,4052.88,165.873,real_binance
2026-07-08T11:00:00+00:00,4052.88,4070.74,4041.01,4059.3,131.9733,real_binance
2026-07-08T12:00:00+00:00,4060.65,4082.66,4057.28,4068.71,118.1123,real_binance
2026-07-08T13:00:00+00:00,4069.56,4080.0,4063.56,4068.0,94.2297,real_binance
2026-07-08T14:00:00+00:00,4068.68,4068.68,4033.0,4039.37,170.6775,real_binance
2026-07-08T15:00:00+00:00,4040.2,4041.32,4021.15,4033.72,173.0992,real_binance
2026-07-08T16:00:00+00:00,4034.03,4061.79,4033.04,4061.79,106.7426,real_binance
2026-07-08T17:00:00+00:00,4061.88,4072.53,4058.87,4062.8,65.5179,real_binance
2026-07-08T18:00:00+00:00,4062.8,4086.72,4061.1,4080.77,101.6196,real_binance
2026-07-08T19:00:00+00:00,4081.0,4086.73,4074.64,4075.69,95.9182,real_binance
2026-07-08T20:00:00+00:00,4076.08,4078.16,4068.4,4072.43,73.4699,real_binance
2026-07-08T21:00:00+00:00,4073.01,4076.92,4070.82,4075.5,16.9766,real_binance
2026-07-08T22:00:00+00:00,4075.49,4076.33,4069.08,4072.92,62.8426,real_binance
2026-07-08T23:00:00+00:00,4072.91,4073.76,4068.78,4073.01,39.0622,real_binance
2026-07-09T00:00:00+00:00,4073.01,4085.0,4066.71,4068.32,97.5863,real_binance
2026-07-09T01:00:00+00:00,4068.44,4073.12,4060.0,4067.54,105.5055,real_binance
2026-07-09T02:00:00+00:00,4069.0,4077.91,4060.69,4060.7,36.0464,real_binance
2026-07-09T03:00:00+00:00,4060.97,4063.3,4051.62,4060.47,52.7627,real_binance
2026-07-09T04:00:00+00:00,4060.47,4061.34,4055.02,4061.08,29.2926,real_binance
2026-07-09T05:00:00+00:00,4061.85,4081.09,4061.55,4078.65,126.8851,real_binance
2026-07-09T06:00:00+00:00,4079.09,4102.66,4079.09,4102.66,166.0421,real_binance
2026-07-09T07:00:00+00:00,4102.66,4105.88,4097.16,4103.37,74.7778,real_binance
2026-07-09T08:00:00+00:00,4103.38,4111.87,4100.19,4103.63,108.7172,real_binance
2026-07-09T09:00:00+00:00,4103.63,4107.09,4098.09,4100.22,68.0232,real_binance
2026-07-09T10:00:00+00:00,4100.81,4104.24,4088.78,4093.5,172.0798,real_binance
2026-07-09T11:00:00+00:00,4093.59,4105.37,4093.19,4103.15,133.2683,real_binance
2026-07-09T12:00:00+00:00,4103.39,4117.13,4101.22,4102.16,111.675,real_binance
2026-07-09T13:00:00+00:00,4102.16,4123.07,4101.85,4115.31,122.6156,real_binance
2026-07-09T14:00:00+00:00,4115.31,4131.28,4108.24,4121.87,172.9294,real_binance
2026-07-09T15:00:00+00:00,4121.87,4126.64,4119.01,4121.95,66.9416,real_binance
2026-07-09T16:00:00+00:00,4120.96,4130.58,4120.53,4121.48,67.6235,real_binance
2026-07-09T17:00:00+00:00,4121.28,4130.41,4118.74,4129.35,35.409,real_binance
2026-07-09T18:00:00+00:00,4129.35,4129.35,4116.19,4118.52,25.4195,real_binance
2026-07-09T19:00:00+00:00,4118.48,4120.0,4113.96,4116.27,76.8097,real_binance
2026-07-09T20:00:00+00:00,4117.28,4119.22,4115.27,4118.72,14.4094,real_binance
2026-07-09T21:00:00+00:00,4118.72,4121.53,4116.15,4120.15,17.6777,real_binance
2026-07-09T22:00:00+00:00,4120.15,4121.56,4116.41,4116.82,22.2053,real_binance
2026-07-09T23:00:00+00:00,4116.67,4118.57,4116.25,4117.45,35.5985,real_binance
2026-07-10T00:00:00+00:00,4117.81,4121.89,4109.11,4120.06,92.4325,real_binance
2026-07-10T01:00:00+00:00,4120.07,4123.68,4104.12,4112.16,90.8981,real_binance
2026-07-10T02:00:00+00:00,4111.33,4122.74,4110.99,4121.15,50.1898,real_binance
2026-07-10T03:00:00+00:00,4121.81,4128.12,4114.23,4114.44,43.0587,real_binance
2026-07-10T04:00:00+00:00,4114.22,4115.77,4107.76,4108.89,44.6685,real_binance
2026-07-10T05:00:00+00:00,4109.34,4111.24,4103.01,4110.54,86.7199,real_binance
2026-07-10T06:00:00+00:00,4110.8,4114.33,4106.27,4107.27,59.0135,real_binance
2026-07-10T07:00:00+00:00,4107.26,4109.58,4095.49,4099.84,244.2726,real_binance
2026-07-10T08:00:00+00:00,4099.84,4101.48,4089.36,4091.11,108.9118,real_binance
2026-07-10T09:00:00+00:00,4091.1,4099.02,4088.17,4098.76,55.1416,real_binance
2026-07-10T10:00:00+00:00,4098.76,4105.94,4098.01,4098.33,138.2421,real_binance
2026-07-10T11:00:00+00:00,4098.33,4101.75,4091.04,4097.16,127.2337,real_binance
2026-07-10T12:00:00+00:00,4097.17,4111.05,4093.16,4096.43,220.9158,real_binance
2026-07-10T13:00:00+00:00,4096.1,4100.17,4080.82,4096.03,212.0362,real_binance
2026-07-10T14:00:00+00:00,4096.03,4104.21,4070.1,4088.64,218.615,real_binance
2026-07-10T15:00:00+00:00,4089.48,4107.93,4088.23,4107.28,79.2425,real_binance
2026-07-10T16:00:00+00:00,4107.56,4109.5,4100.0,4100.0,86.3076,real_binance
2026-07-10T17:00:00+00:00,4100.0,4104.19,4097.34,4097.34,46.2699,real_binance
2026-07-10T18:00:00+00:00,4097.35,4102.02,4095.7,4097.39,40.6454,real_binance
2026-07-10T19:00:00+00:00,4097.4,4103.78,4094.5,4103.78,19.9774,real_binance
2026-07-10T20:00:00+00:00,4104.09,4116.56,4104.09,4115.44,41.9518,real_binance
2026-07-10T21:00:00+00:00,4115.43,4115.65,4112.83,4115.61,52.4449,real_binance
2026-07-10T22:00:00+00:00,4115.61,4116.65,4113.22,4113.23,14.2304,real_binance
2026-07-10T23:00:00+00:00,4113.23,4114.62,4113.21,4113.34,12.3615,real_binance
2026-07-11T00:00:00+00:00,4113.34,4115.23,4113.34,4113.99,16.0613,real_binance
2026-07-11T01:00:00+00:00,4113.51,4113.73,4110.86,4112.04,15.1021,real_binance
2026-07-11T02:00:00+00:00,4112.05,4113.19,4111.87,4111.88,4.3896,real_binance
2026-07-11T03:00:00+00:00,4111.89,4111.89,4110.4,4110.78,5.0751,real_binance
2026-07-11T04:00:00+00:00,4110.78,4111.88,4110.77,4111.87,7.357,real_binance
2026-07-11T05:00:00+00:00,4111.88,4113.6,4111.87,4113.47,7.5274,real_binance
2026-07-11T06:00:00+00:00,4113.47,4113.59,4112.45,4113.59,6.4084,real_binance
2026-07-11T07:00:00+00:00,4113.59,4113.59,4112.08,4113.53,7.1285,real_binance
2026-07-11T08:00:00+00:00,4113.53,4113.96,4113.52,4113.93,7.6422,real_binance
2026-07-11T09:00:00+00:00,4113.93,4116.02,4113.93,4115.22,20.4666,real_binance
2026-07-11T10:00:00+00:00,4115.21,4115.22,4114.19,4114.19,5.5117,real_binance
2026-07-11T11:00:00+00:00,4114.2,4114.2,4113.64,4113.83,16.1999,real_binance
2026-07-11T12:00:00+00:00,4113.83,4114.16,4111.87,4112.26,12.7562,real_binance
2026-07-11T13:00:00+00:00,4112.26,4114.62,4111.87,4113.71,25.0676,real_binance
2026-07-11T14:00:00+00:00,4113.72,4115.49,4113.57,4114.36,11.9424,real_binance
2026-07-11T15:00:00+00:00,4114.36,4114.36,4104.43,4105.95,128.2605,real_binance
2026-07-11T16:00:00+00:00,4105.95,4108.58,4105.95,4108.27,11.8952,real_binance
2026-07-11T17:00:00+00:00,4108.27,4109.43,4108.26,4108.96,20.5641,real_binance
2026-07-11T18:00:00+00:00,4108.97,4108.97,4106.48,4106.68,12.7129,real_binance
2026-07-11T19:00:00+00:00,4106.69,4106.69,4106.68,4106.68,1.6599,real_binance
2026-07-11T20:00:00+00:00,4106.69,4107.92,4106.68,4107.83,5.0785,real_binance
2026-07-11T21:00:00+00:00,4107.83,4107.83,4102.36,4102.72,27.9917,real_binance
2026-07-11T22:00:00+00:00,4102.72,4103.1,4102.13,4103.04,8.0737,real_binance
2026-07-11T23:00:00+00:00,4103.04,4103.06,4100.4,4102.09,54.1913,real_binance
2026-07-12T00:00:00+00:00,4102.1,4102.73,4099.45,4099.46,56.1174,real_binance
2026-07-12T01:00:00+00:00,4099.45,4101.98,4099.45,4100.74,20.9236,real_binance
2026-07-12T02:00:00+00:00,4100.73,4102.75,4100.36,4102.75,9.7841,real_binance
2026-07-12T03:00:00+00:00,4102.75,4102.75,4102.43,4102.74,7.5862,real_binance
2026-07-12T04:00:00+00:00,4102.75,4103.1,4102.74,4103.09,4.8547,real_binance
2026-07-12T05:00:00+00:00,4103.1,4103.1,4100.81,4101.21,22.4236,real_binance
2026-07-12T06:00:00+00:00,4101.22,4101.22,4099.64,4099.64,10.5431,real_binance
2026-07-12T07:00:00+00:00,4099.65,4099.68,4099.64,4099.67,6.1147,real_binance
2026-07-12T08:00:00+00:00,4099.67,4099.68,4099.63,4099.64,5.5991,real_binance
2026-07-12T09:00:00+00:00,4099.64,4100.28,4099.63,4100.2,18.4422,real_binance
2026-07-12T10:00:00+00:00,4100.21,4101.05,4099.82,4101.05,22.2509,real_binance
2026-07-12T11:00:00+00:00,4101.05,4101.17,4099.59,4099.59,18.4479,real_binance
2026-07-12T12:00:00+00:00,4099.6,4099.6,4098.1,4098.33,56.3794,real_binance
2026-07-12T13:00:00+00:00,4098.34,4098.34,4096.97,4096.97,9.7541,real_binance
2026-07-12T14:00:00+00:00,4096.98,4098.04,4094.82,4098.04,46.4046,real_binance
2026-07-12T15:00:00+00:00,4098.04,4101.35,4098.03,4100.72,30.8235,real_binance
2026-07-12T16:00:00+00:00,4100.72,4100.73,4099.32,4099.32,8.6557,real_binance
2026-07-12T17:00:00+00:00,4099.33,4099.33,4096.44,4096.45,13.9727,real_binance
2026-07-12T18:00:00+00:00,4096.45,4096.45,4095.75,4095.76,5.3106,real_binance
2026-07-12T19:00:00+00:00,4095.76,4096.52,4095.75,4096.52,6.1518,real_binance
2026-07-12T20:00:00+00:00,4096.51,4099.47,4096.02,4099.47,18.2453,real_binance
2026-07-12T21:00:00+00:00,4099.47,4099.6,4095.28,4095.77,82.0041,real_binance
2026-07-12T22:00:00+00:00,4095.76,4098.58,4068.31,4073.94,237.0084,real_binance
2026-07-12T23:00:00+00:00,4072.88,4080.47,4066.05,4080.47,108.176,real_binance
2026-07-13T00:00:00+00:00,4080.48,4086.66,4059.51,4071.2,82.0522,real_binance
2026-07-13T01:00:00+00:00,4071.16,4083.38,4063.51,4068.55,97.9737,real_binance
2026-07-13T02:00:00+00:00,4068.52,4073.14,4061.61,4065.12,83.6283,real_binance
2026-07-13T03:00:00+00:00,4064.56,4064.95,4050.0,4056.12,116.0082,real_binance
2026-07-13T04:00:00+00:00,4055.32,4055.92,4047.81,4055.44,112.1598,real_binance
2026-07-13T05:00:00+00:00,4055.43,4068.39,4048.99,4050.23,58.374,real_binance
2026-07-13T06:00:00+00:00,4051.46,4059.61,4040.99,4050.71,52.4306,real_binance
2026-07-13T07:00:00+00:00,4052.03,4061.14,4047.06,4061.14,71.7859,real_binance
2026-07-13T08:00:00+00:00,4061.32,4076.51,4061.32,4071.94,202.9987,real_binance
2026-07-13T09:00:00+00:00,4071.73,4072.96,4065.67,4065.85,36.7949,real_binance
2026-07-13T10:00:00+00:00,4065.59,4066.91,4045.99,4056.81,120.1407,real_binance
2026-07-13T11:00:00+00:00,4057.13,4064.22,4052.0,4054.5,44.6066,real_binance
2026-07-13T12:00:00+00:00,4054.39,4062.32,4050.25,4062.32,60.2254,real_binance
2026-07-13T13:00:00+00:00,4062.84,4062.84,4039.29,4040.11,113.1104,real_binance
2026-07-13T14:00:00+00:00,4041.04,4043.76,4001.0,4014.37,431.7687,real_binance
2026-07-13T15:00:00+00:00,4014.88,4018.64,4009.96,4014.88,160.4507,real_binance
2026-07-13T16:00:00+00:00,4015.26,4016.66,3988.38,3994.54,336.8725,real_binance
2026-07-13T17:00:00+00:00,3994.56,4002.65,3993.18,3993.18,94.82,real_binance
2026-07-13T18:00:00+00:00,3994.13,4005.85,3988.39,4001.74,69.7661,real_binance
2026-07-13T19:00:00+00:00,4002.31,4005.1,3995.01,4003.12,80.5054,real_binance
2026-07-13T20:00:00+00:00,4003.12,4006.45,3997.13,4002.57,70.5,real_binance
2026-07-13T21:00:00+00:00,4002.25,4005.72,4000.95,4004.5,35.2738,real_binance
2026-07-13T22:00:00+00:00,4004.49,4005.79,3999.38,3999.38,132.341,real_binance
2026-07-13T23:00:00+00:00,3999.38,4001.11,3991.96,3998.89,36.2577,real_binance
2026-07-14T00:00:00+00:00,3999.12,4005.18,3983.25,4002.43,206.9726,real_binance
2026-07-14T01:00:00+00:00,4002.44,4009.78,3991.38,4008.8,129.9132,real_binance
2026-07-14T02:00:00+00:00,4009.04,4016.46,4005.06,4010.29,40.6005,real_binance
2026-07-14T03:00:00+00:00,4010.33,4016.21,4009.42,4014.11,31.3512,real_binance
2026-07-14T04:00:00+00:00,4014.24,4020.0,4011.17,4018.99,35.3855,real_binance
2026-07-14T05:00:00+00:00,4018.71,4030.47,4017.32,4028.59,85.9532,real_binance
2026-07-14T06:00:00+00:00,4028.33,4030.26,4018.64,4021.32,84.8513,real_binance
2026-07-14T07:00:00+00:00,4020.98,4026.27,4017.28,4017.3,171.5839,real_binance
2026-07-14T08:00:00+00:00,4017.31,4019.84,4012.16,4012.77,187.7957,real_binance
2026-07-14T09:00:00+00:00,4012.77,4019.99,4010.94,4017.59,135.4254,real_binance
2026-07-14T10:00:00+00:00,4017.6,4019.36,4012.11,4018.88,125.1311,real_binance
2026-07-14T11:00:00+00:00,4018.88,4027.83,4012.85,4027.43,88.9878,real_binance
2026-07-14T12:00:00+00:00,4027.43,4097.58,4020.63,4071.58,940.9468,real_binance
2026-07-14T13:00:00+00:00,4071.59,4081.49,4066.33,4071.06,183.4796,real_binance
2026-07-14T14:00:00+00:00,4071.07,4082.99,4065.4,4078.94,259.8831,real_binance
2026-07-14T15:00:00+00:00,4078.95,4091.69,4060.69,4061.08,514.8814,real_binance
2026-07-14T16:00:00+00:00,4061.09,4061.25,4051.64,4055.87,96.9123,real_binance
2026-07-14T17:00:00+00:00,4055.88,4058.34,4048.28,4057.71,64.235,real_binance
2026-07-14T18:00:00+00:00,4057.46,4057.52,4038.76,4049.8,123.6948,real_binance
2026-07-14T19:00:00+00:00,4049.43,4052.34,4043.53,4050.88,48.214,real_binance
2026-07-14T20:00:00+00:00,4050.8,4052.35,4044.73,4047.53,118.0557,real_binance
2026-07-14T21:00:00+00:00,4047.12,4055.46,4047.12,4051.46,117.0584,real_binance
2026-07-14T22:00:00+00:00,4051.47,4051.47,4044.82,4045.0,55.364,real_binance
2026-07-14T23:00:00+00:00,4045.0,4050.63,4043.11,4048.07,36.1555,real_binance
2026-07-15T00:00:00+00:00,4048.26,4055.93,4047.01,4055.39,42.452,real_binance
2026-07-15T01:00:00+00:00,4054.85,4057.68,4032.57,4033.73,87.4596,real_binance
2026-07-15T02:00:00+00:00,4033.73,4038.08,4025.64,4032.48,115.2092,real_binance
2026-07-15T03:00:00+00:00,4031.68,4035.98,4024.65,4028.16,27.4941,real_binance
2026-07-15T04:00:00+00:00,4027.96,4031.0,4025.26,4029.43,58.9986,real_binance
2026-07-15T05:00:00+00:00,4029.43,4033.03,4017.99,4031.2,131.0054,real_binance
2026-07-15T06:00:00+00:00,4031.2,4032.02,4018.2,4028.44,127.4988,real_binance
2026-07-15T07:00:00+00:00,4028.44,4029.99,4017.46,4020.7,36.0853,real_binance
2026-07-15T08:00:00+00:00,4020.58,4028.98,4015.23,4027.91,41.777,real_binance
2026-07-15T09:00:00+00:00,4027.51,4030.0,4022.81,4026.68,45.3731,real_binance
2026-07-15T10:00:00+00:00,4026.96,4031.87,4023.51,4024.59,111.1848,real_binance
2026-07-15T11:00:00+00:00,4025.32,4035.58,4024.34,4035.16,25.5879,real_binance
2026-07-15T12:00:00+00:00,4034.75,4065.7,4032.08,4062.54,214.5604,real_binance
2026-07-15T13:00:00+00:00,4063.21,4068.2,4049.62,4056.73,184.3725,real_binance
2026-07-15T14:00:00+00:00,4056.73,4060.0,4047.14,4054.42,131.4849,real_binance
2026-07-15T15:00:00+00:00,4054.43,4056.1,4033.99,4040.58,54.3363,real_binance
2026-07-15T16:00:00+00:00,4040.76,4041.23,4022.28,4027.89,130.9165,real_binance
2026-07-15T17:00:00+00:00,4028.22,4059.37,4028.22,4055.61,93.7875,real_binance
2026-07-15T18:00:00+00:00,4055.61,4074.78,4052.64,4052.64,245.4498,real_binance
2026-07-15T19:00:00+00:00,4052.64,4057.24,4044.0,4050.47,63.6348,real_binance
2026-07-15T20:00:00+00:00,4051.39,4057.25,4050.44,4055.23,22.35,real_binance
2026-07-15T21:00:00+00:00,4055.27,4057.81,4055.26,4057.27,17.5565,real_binance
2026-07-15T22:00:00+00:00,4056.86,4058.57,4052.01,4053.62,28.213,real_binance
2026-07-15T23:00:00+00:00,4053.59,4054.56,4050.22,4051.77,13.4007,real_binance
2026-07-16T00:00:00+00:00,4051.57,4054.03,4038.54,4038.55,23.6446,real_binance
2026-07-16T01:00:00+00:00,4038.54,4043.95,4029.63,4033.18,65.9314,real_binance
2026-07-16T02:00:00+00:00,4033.51,4033.52,4020.01,4027.24,48.969,real_binance
2026-07-16T03:00:00+00:00,4026.82,4031.55,4023.46,4031.55,42.4516,real_binance
2026-07-16T04:00:00+00:00,4031.7,4031.9,4027.23,4028.97,41.1685,real_binance
2026-07-16T05:00:00+00:00,4028.1,4028.73,4021.01,4023.68,66.7941,real_binance
2026-07-16T06:00:00+00:00,4023.34,4031.67,4019.62,4025.81,70.0557,real_binance
2026-07-16T07:00:00+00:00,4025.68,4025.94,4019.45,4025.93,47.004,real_binance
2026-07-16T08:00:00+00:00,4025.83,4030.39,4020.17,4029.49,48.1634,real_binance
2026-07-16T09:00:00+00:00,4029.91,4031.82,4025.77,4027.8,23.8551,real_binance
2026-07-16T10:00:00+00:00,4027.52,4029.36,4024.59,4024.67,33.2037,real_binance
2026-07-16T11:00:00+00:00,4025.26,4037.51,4018.27,4033.68,64.2038,real_binance
2026-07-16T12:00:00+00:00,4033.77,4037.13,3988.51,3990.16,539.2099,real_binance
2026-07-16T13:00:00+00:00,3990.16,4005.2,3972.51,3989.36,494.9469,real_binance
2026-07-16T14:00:00+00:00,3989.36,4005.19,3987.01,3997.46,129.9533,real_binance
2026-07-16T15:00:00+00:00,3997.7,4018.79,3989.81,4005.79,430.1344,real_binance
2026-07-16T16:00:00+00:00,4005.79,4005.79,3983.56,3992.63,183.3749,real_binance
2026-07-16T17:00:00+00:00,3992.21,3992.21,3975.48,3984.06,331.9686,real_binance
2026-07-16T18:00:00+00:00,3984.05,3988.12,3976.08,3980.06,398.4986,real_binance
2026-07-16T19:00:00+00:00,3980.07,3984.98,3970.73,3980.19,90.0254,real_binance
2026-07-16T20:00:00+00:00,3979.8,3980.1,3973.02,3976.85,47.0609,real_binance
2026-07-16T21:00:00+00:00,3976.86,3985.06,3976.39,3981.42,85.7048,real_binance
2026-07-16T22:00:00+00:00,3981.41,3981.41,3974.3,3978.18,62.4147,real_binance
2026-07-16T23:00:00+00:00,3977.39,3986.13,3975.81,3986.13,51.6388,real_binance
2026-07-17T00:00:00+00:00,3986.13,3991.56,3980.89,3991.56,62.2198,real_binance
2026-07-17T01:00:00+00:00,3990.93,3994.28,3979.57,3982.08,155.1782,real_binance
2026-07-17T02:00:00+00:00,3982.7,3986.73,3972.0,3978.23,122.8574,real_binance
2026-07-17T03:00:00+00:00,3979.16,4006.49,3979.16,3990.66,94.0105,real_binance
2026-07-17T04:00:00+00:00,3990.67,3990.67,3980.31,3981.28,38.7071,real_binance
2026-07-17T05:00:00+00:00,3980.59,3989.32,3976.1,3983.8,99.9233,real_binance
2026-07-17T06:00:00+00:00,3983.8,4004.01,3983.8,3997.47,197.3309,real_binance
2026-07-17T07:00:00+00:00,3997.09,4000.99,3991.96,3991.96,49.3198,real_binance
2026-07-17T08:00:00+00:00,3992.0,3997.49,3987.13,3993.0,48.1737,real_binance
2026-07-17T09:00:00+00:00,3992.86,3999.99,3991.96,3995.52,38.0434,real_binance
2026-07-17T10:00:00+00:00,3995.97,3996.69,3988.91,3988.91,78.6487,real_binance
2026-07-17T11:00:00+00:00,3988.92,3996.32,3988.53,3992.4,56.9733,real_binance
2026-07-17T12:00:00+00:00,3992.4,3993.71,3964.71,3965.97,144.9895,real_binance
2026-07-17T13:00:00+00:00,3965.78,4000.3,3960.53,3994.4,193.041,real_binance
2026-07-17T14:00:00+00:00,3994.56,4001.37,3988.77,3997.54,108.6931,real_binance
2026-07-17T15:00:00+00:00,3997.54,4016.3,3995.19,4013.68,175.2686,real_binance
2026-07-17T16:00:00+00:00,4013.69,4017.83,4005.8,4010.62,133.8804,real_binance
2026-07-17T17:00:00+00:00,4010.63,4013.64,4002.81,4004.12,84.5314,real_binance
2026-07-17T18:00:00+00:00,4004.38,4010.5,4001.29,4006.14,66.0086,real_binance
2026-07-17T19:00:00+00:00,4006.15,4010.78,3998.12,4010.75,48.9424,real_binance
2026-07-17T20:00:00+00:00,4010.22,4010.79,4002.93,4010.35,21.4672,real_binance
2026-07-17T21:00:00+00:00,4010.35,4010.36,4005.38,4006.51,21.3901,real_binance
2026-07-17T22:00:00+00:00,4006.5,4006.92,4006.1,4006.3,6.9734,real_binance
2026-07-17T23:00:00+00:00,4006.31,4006.7,4006.09,4006.1,25.3485,real_binance
2026-07-18T00:00:00+00:00,4006.1,4007.59,4006.09,4007.58,26.0055,real_binance
2026-07-18T01:00:00+00:00,4007.58,4008.07,4007.58,4008.05,13.2792,real_binance
2026-07-18T02:00:00+00:00,4008.06,4008.06,4008.05,4008.05,10.5845,real_binance
2026-07-18T03:00:00+00:00,4008.06,4009.26,4008.05,4009.26,12.3106,real_binance
2026-07-18T04:00:00+00:00,4009.25,4010.42,4009.25,4010.26,12.2198,real_binance
2026-07-18T05:00:00+00:00,4010.27,4011.34,4009.4,4009.4,32.0045,real_binance
2026-07-18T06:00:00+00:00,4009.4,4011.0,4009.4,4010.99,12.0827,real_binance
2026-07-18T07:00:00+00:00,4010.99,4013.7,4010.99,4013.31,21.7425,real_binance
2026-07-18T08:00:00+00:00,4013.32,4013.54,4013.14,4013.53,19.2396,real_binance
2026-07-18T09:00:00+00:00,4013.54,4014.0,4013.53,4013.99,16.1386,real_binance
2026-07-18T10:00:00+00:00,4013.99,4014.0,4013.1,4013.1,16.2568,real_binance
2026-07-18T11:00:00+00:00,4013.1,4013.11,4013.1,4013.1,12.0101,real_binance
2026-07-18T12:00:00+00:00,4013.1,4013.4,4012.99,4013.18,24.0981,real_binance
2026-07-18T13:00:00+00:00,4013.19,4013.19,4011.08,4011.08,8.0284,real_binance
2026-07-18T14:00:00+00:00,4011.09,4012.57,4010.57,4012.44,25.5357,real_binance
2026-07-18T15:00:00+00:00,4012.45,4013.05,4011.99,4011.99,12.2633,real_binance
2026-07-18T16:00:00+00:00,4012.0,4013.46,4011.99,4013.45,11.0082,real_binance
2026-07-18T17:00:00+00:00,4013.45,4015.0,4013.45,4014.99,12.7773,real_binance
2026-07-18T18:00:00+00:00,4015.0,4015.0,4009.02,4009.94,29.3587,real_binance
2026-07-18T19:00:00+00:00,4009.95,4009.95,4007.44,4007.45,32.1767,real_binance
2026-07-18T20:00:00+00:00,4007.45,4007.49,4005.15,4007.13,19.4995,real_binance
2026-07-18T21:00:00+00:00,4007.14,4007.14,4005.52,4005.66,18.5908,real_binance
2026-07-18T22:00:00+00:00,4005.67,4006.72,4005.66,4006.44,14.5046,real_binance
2026-07-18T23:00:00+00:00,4006.45,4012.3,4006.44,4012.29,28.1664,real_binance
2026-07-19T00:00:00+00:00,4012.29,4012.83,4012.08,4012.09,7.8565,real_binance
2026-07-19T01:00:00+00:00,4012.08,4012.09,4011.53,4011.93,9.9049,real_binance
2026-07-19T02:00:00+00:00,4011.94,4013.02,4011.93,4012.3,11.2399,real_binance
2026-07-19T03:00:00+00:00,4012.31,4012.31,4012.03,4012.03,6.6479,real_binance
2026-07-19T04:00:00+00:00,4012.04,4012.04,4011.54,4011.54,8.2406,real_binance
2026-07-19T05:00:00+00:00,4011.55,4011.55,4011.54,4011.55,5.6252,real_binance
2026-07-19T06:00:00+00:00,4011.54,4011.55,4010.51,4010.51,18.1447,real_binance
2026-07-19T07:00:00+00:00,4010.52,4010.52,4009.8,4009.8,11.3817,real_binance
2026-07-19T08:00:00+00:00,4009.81,4010.27,4008.1,4009.61,21.8624,real_binance
2026-07-19T09:00:00+00:00,4009.61,4009.61,4008.19,4008.19,12.6744,real_binance
2026-07-19T10:00:00+00:00,4008.2,4008.87,4005.71,4008.09,41.9508,real_binance
2026-07-19T11:00:00+00:00,4008.1,4008.1,4005.47,4006.71,31.9212,real_binance
2026-07-19T12:00:00+00:00,4006.7,4006.71,4003.91,4003.92,26.5452,real_binance
2026-07-19T13:00:00+00:00,4003.92,4007.21,4003.47,4006.85,60.781,real_binance
2026-07-19T14:00:00+00:00,4006.86,4009.29,4006.85,4009.0,22.6191,real_binance
2026-07-19T15:00:00+00:00,4009.01,4009.13,4008.2,4008.2,11.2085,real_binance
2026-07-19T16:00:00+00:00,4008.21,4008.92,4007.0,4007.46,17.2129,real_binance
2026-07-19T17:00:00+00:00,4007.42,4010.35,4007.22,4010.35,33.8981,real_binance
2026-07-19T18:00:00+00:00,4010.35,4010.7,4009.29,4010.7,10.5804,real_binance
2026-07-19T19:00:00+00:00,4010.69,4010.96,4009.76,4010.45,13.4148,real_binance
2026-07-19T20:00:00+00:00,4010.46,4010.56,4009.56,4009.57,13.8685,real_binance
2026-07-19T21:00:00+00:00,4009.57,4009.57,4007.27,4007.27,9.4354,real_binance
2026-07-19T22:00:00+00:00,4007.27,4007.27,3991.12,3993.22,245.5533,real_binance
2026-07-19T23:00:00+00:00,3993.23,3993.57,3987.89,3993.01,37.0435,real_binance
2026-07-20T00:00:00+00:00,3993.02,4006.54,3982.03,4005.39,92.7423,real_binance
2026-07-20T01:00:00+00:00,4005.68,4017.83,3995.0,3999.98,90.4408,real_binance
2026-07-20T02:00:00+00:00,3999.98,4025.0,3999.4,4020.12,62.1407,real_binance
2026-07-20T03:00:00+00:00,4019.03,4024.83,4017.37,4020.48,28.5354,real_binance
2026-07-20T04:00:00+00:00,4020.97,4023.37,4015.9,4016.13,42.979,real_binance
2026-07-20T05:00:00+00:00,4016.14,4017.71,4004.21,4007.29,49.4838,real_binance
2026-07-20T06:00:00+00:00,4006.61,4009.67,4001.2,4001.21,44.7452,real_binance
2026-07-20T07:00:00+00:00,4001.3,4018.93,4000.51,4014.54,65.3383,real_binance
2026-07-20T08:00:00+00:00,4014.55,4026.93,4014.55,4016.06,86.3015,real_binance
2026-07-20T09:00:00+00:00,4016.05,4019.26,4012.22,4016.76,45.4124,real_binance
2026-07-20T10:00:00+00:00,4016.77,4021.14,4014.96,4019.53,109.1775,real_binance
2026-07-20T11:00:00+00:00,4019.53,4036.1,4016.47,4022.13,236.218,real_binance
2026-07-20T12:00:00+00:00,4021.92,4021.92,4005.29,4006.93,235.0584,real_binance
2026-07-20T13:00:00+00:00,4006.92,4014.01,4003.54,4004.49,87.1916,real_binance
2026-07-20T14:00:00+00:00,4003.79,4010.62,3997.4,4003.73,179.9012,real_binance
2026-07-20T15:00:00+00:00,4003.74,4015.91,4002.93,4009.33,59.7846,real_binance
2026-07-20T16:00:00+00:00,4008.58,4014.61,4000.44,4006.84,103.0166,real_binance
2026-07-20T17:00:00+00:00,4007.73,4010.58,4002.92,4003.48,72.1107,real_binance
2026-07-20T18:00:00+00:00,4003.66,4009.41,4002.93,4005.39,95.3852,real_binance
2026-07-20T19:00:00+00:00,4005.06,4014.63,4002.95,4004.93,124.5699,real_binance
2026-07-20T20:00:00+00:00,4004.93,4006.84,4003.84,4004.65,33.9192,real_binance
2026-07-20T21:00:00+00:00,4004.87,4008.69,4004.3,4008.69,20.772,real_binance
2026-07-20T22:00:00+00:00,4008.69,4008.69,3998.73,3999.32,35.7574,real_binance
2026-07-20T23:00:00+00:00,3998.93,4007.5,3998.59,4007.5,37.5726,real_binance
2026-07-21T00:00:00+00:00,4007.49,4021.98,4001.76,4021.61,55.8487,real_binance
2026-07-21T01:00:00+00:00,4021.08,4030.75,4015.81,4019.19,119.4126,real_binance
2026-07-21T02:00:00+00:00,4018.89,4039.48,4018.42,4033.59,59.2286,real_binance
2026-07-21T03:00:00+00:00,4033.96,4047.17,4033.51,4042.13,65.7427,real_binance
2026-07-21T04:00:00+00:00,4043.63,4046.36,4039.45,4043.67,60.1898,real_binance
2026-07-21T05:00:00+00:00,4043.68,4061.88,4041.74,4055.94,116.2016,real_binance
2026-07-21T06:00:00+00:00,4055.56,4076.33,4055.56,4072.97,152.3151,real_binance
2026-07-21T07:00:00+00:00,4072.97,4073.59,4061.88,4064.74,154.0362,real_binance
2026-07-21T08:00:00+00:00,4064.93,4066.13,4055.67,4058.9,935.8786,real_binance
2026-07-21T09:00:00+00:00,4058.89,4064.3,4057.48,4062.24,57.6821,real_binance
2026-07-21T10:00:00+00:00,4061.68,4066.0,4057.26,4058.92,151.5513,real_binance
2026-07-21T11:00:00+00:00,4058.92,4058.93,4048.19,4052.22,160.4782,real_binance
2026-07-21T12:00:00+00:00,4052.21,4060.81,4047.28,4050.24,100.45,real_binance
2026-07-21T13:00:00+00:00,4051.59,4056.84,4040.49,4049.12,127.7086,real_binance
2026-07-21T14:00:00+00:00,4049.2,4068.42,4048.12,4063.09,186.7151,real_binance
2026-07-21T15:00:00+00:00,4063.5,4075.63,4060.9,4066.7,224.8078,real_binance
2026-07-21T16:00:00+00:00,4067.18,4071.89,4063.49,4065.14,58.7072,real_binance
2026-07-21T17:00:00+00:00,4065.29,4066.59,4060.59,4062.13,234.0437,real_binance
2026-07-21T18:00:00+00:00,4062.58,4080.0,4061.67,4075.94,239.9001,real_binance
2026-07-21T19:00:00+00:00,4075.94,4079.07,4073.68,4077.97,107.819,real_binance
2026-07-21T20:00:00+00:00,4077.97,4079.35,4071.14,4071.27,42.0157,real_binance
2026-07-21T21:00:00+00:00,4071.27,4074.06,4070.82,4073.61,23.972,real_binance
2026-07-21T22:00:00+00:00,4073.62,4077.61,4071.03,4074.08,37.5841,real_binance
2026-07-21T23:00:00+00:00,4074.08,4076.2,4073.34,4074.01,117.4919,real_binance
2026-07-22T00:00:00+00:00,4074.13,4093.8,4071.38,4090.22,113.6679,real_binance
2026-07-22T01:00:00+00:00,4090.23,4114.53,4090.23,4113.82,155.3122,real_binance
2026-07-22T02:00:00+00:00,4113.74,4121.65,4111.06,4121.65,286.0131,real_binance
2026-07-22T03:00:00+00:00,4121.64,4132.58,4121.26,4122.26,181.0434,real_binance
2026-07-22T04:00:00+00:00,4122.26,4122.26,4115.57,4118.02,302.2193,real_binance
2026-07-22T05:00:00+00:00,4118.02,4124.01,4114.34,4121.67,65.2157,real_binance
2026-07-22T06:00:00+00:00,4121.68,4125.03,4104.98,4106.14,292.0736,real_binance
2026-07-22T07:00:00+00:00,4106.14,4113.08,4100.35,4100.35,133.1204,real_binance
2026-07-22T08:00:00+00:00,4101.22,4111.98,4101.22,4110.67,46.6855,real_binance
2026-07-22T09:00:00+00:00,4110.67,4114.18,4105.16,4105.72,47.06,real_binance
2026-07-22T10:00:00+00:00,4105.73,4113.4,4105.73,4109.82,178.5955,real_binance
2026-07-22T11:00:00+00:00,4109.83,4115.3,4105.62,4115.22,108.9345,real_binance
2026-07-22T12:00:00+00:00,4115.22,4126.46,4101.27,4104.52,183.7159,real_binance
2026-07-22T13:00:00+00:00,4106.36,4148.53,4106.36,4147.22,313.0707,real_binance
2026-07-22T14:00:00+00:00,4147.23,4154.6,4136.36,4140.9,272.9876,real_binance
2026-07-22T15:00:00+00:00,4140.91,4157.63,4140.9,4151.95,345.0885,real_binance
2026-07-22T16:00:00+00:00,4151.95,4151.95,4138.01,4140.15,325.3322,real_binance
2026-07-22T17:00:00+00:00,4140.14,4140.15,4132.31,4135.79,169.3021,real_binance
2026-07-22T18:00:00+00:00,4135.32,4135.32,4126.67,4130.43,59.4866,real_binance
2026-07-22T19:00:00+00:00,4129.82,4131.04,4124.0,4126.26,36.9453,real_binance
2026-07-22T20:00:00+00:00,4125.73,4131.05,4124.14,4126.14,80.0367,real_binance
2026-07-22T21:00:00+00:00,4126.14,4127.97,4125.19,4127.12,42.5525,real_binance
2026-07-22T22:00:00+00:00,4127.12,4127.12,4102.66,4116.27,329.4342,real_binance
2026-07-22T23:00:00+00:00,4116.28,4127.13,4111.07,4127.0,51.1069,real_binance
2026-07-23T00:00:00+00:00,4127.13,4128.44,4120.11,4126.48,41.8982,real_binance
2026-07-23T01:00:00+00:00,4126.48,4134.03,4109.1,4111.78,224.1446,real_binance
2026-07-23T02:00:00+00:00,4111.45,4122.65,4107.1,4122.23,148.8486,real_binance
2026-07-23T03:00:00+00:00,4122.24,4126.79,4118.47,4118.48,79.2531,real_binance
2026-07-23T04:00:00+00:00,4118.48,4124.21,4114.63,4115.28,60.8629,real_binance
2026-07-23T05:00:00+00:00,4115.28,4124.23,4114.2,4117.32,36.3623,real_binance
2026-07-23T06:00:00+00:00,4118.5,4121.57,4112.89,4113.23,55.1647,real_binance
2026-07-23T07:00:00+00:00,4113.85,4114.16,4086.67,4090.14,256.1286,real_binance
2026-07-23T08:00:00+00:00,4090.62,4092.22,4083.4,4089.51,146.1411,real_binance
2026-07-23T09:00:00+00:00,4089.51,4094.57,4084.91,4085.21,71.1303,real_binance
2026-07-23T10:00:00+00:00,4085.21,4089.93,4081.99,4088.18,87.9282,real_binance
2026-07-23T11:00:00+00:00,4089.01,4089.01,4069.58,4081.95,109.5314,real_binance
2026-07-23T12:00:00+00:00,4081.94,4081.95,4058.03,4058.5,169.5435,real_binance
2026-07-23T13:00:00+00:00,4058.39,4063.33,4038.55,4041.13,434.2942,real_binance
2026-07-23T14:00:00+00:00,4041.13,4059.2,4038.4,4055.39,127.8852,real_binance
2026-07-23T15:00:00+00:00,4055.4,4056.6,4040.9,4046.73,87.3423,real_binance
2026-07-23T16:00:00+00:00,4046.98,4049.45,4044.82,4049.29,46.2323,real_binance
2026-07-23T17:00:00+00:00,4049.43,4052.32,4040.01,4040.01,47.9612,real_binance
2026-07-23T18:00:00+00:00,4040.01,4045.3,4038.55,4043.53,114.0475,real_binance
2026-07-23T19:00:00+00:00,4044.12,4048.45,4041.56,4048.21,28.814,real_binance
2026-07-23T20:00:00+00:00,4048.22,4048.82,4045.92,4046.67,22.1115,real_binance
2026-07-23T21:00:00+00:00,4047.15,4047.52,4047.08,4047.42,9.9652,real_binance
2026-07-23T22:00:00+00:00,4047.43,4048.06,4046.31,4047.34,12.3402,real_binance
2026-07-23T23:00:00+00:00,4047.35,4048.21,4045.13,4045.13,20.8487,real_binance
2026-07-24T00:00:00+00:00,4045.6,4048.21,4038.99,4047.66,30.1623,real_binance
2026-07-24T01:00:00+00:00,4047.67,4049.0,4037.77,4042.07,41.3919,real_binance
2026-07-24T02:00:00+00:00,4042.07,4046.18,4021.3,4021.94,128.6123,real_binance
2026-07-24T03:00:00+00:00,4022.39,4031.89,4021.54,4027.74,51.0499,real_binance
2026-07-24T04:00:00+00:00,4027.67,4028.73,4024.42,4026.23,36.8762,real_binance
2026-07-24T05:00:00+00:00,4026.23,4030.17,4020.76,4021.01,33.0759,real_binance
2026-07-24T06:00:00+00:00,4021.11,4036.72,4021.11,4034.01,52.0181,real_binance
2026-07-24T07:00:00+00:00,4034.01,4048.82,4033.4,4042.96,257.3664,real_binance
2026-07-24T08:00:00+00:00,4042.96,4052.03,4039.97,4051.68,358.5061,real_binance
2026-07-24T09:00:00+00:00,4051.67,4054.35,4046.08,4053.28,103.1266,real_binance
2026-07-24T10:00:00+00:00,4053.28,4057.16,4051.35,4053.06,114.1959,real_binance
2026-07-24T11:00:00+00:00,4053.07,4056.79,4045.15,4052.65,145.4314,real_binance
2026-07-24T12:00:00+00:00,4051.79,4054.43,4046.01,4049.77,91.4278,real_binance
2026-07-24T13:00:00+00:00,4049.78,4063.0,4039.02,4063.0,290.4446,real_binance
2026-07-24T14:00:00+00:00,4063.09,4064.72,4051.96,4063.78,179.8341,real_binance
2026-07-24T15:00:00+00:00,4062.29,4078.8,4061.03,4072.95,219.1794,real_binance
2026-07-24T16:00:00+00:00,4073.44,4073.44,4060.69,4063.17,57.3204,real_binance
2026-07-24T17:00:00+00:00,4063.06,4066.0,4058.91,4060.1,38.2555,real_binance
2026-07-24T18:00:00+00:00,4060.1,4060.73,4048.46,4051.85,47.4314,real_binance
2026-07-24T19:00:00+00:00,4051.83,4054.3,4046.81,4050.9,27.2849,real_binance
2026-07-24T20:00:00+00:00,4050.53,4052.12,4048.58,4049.32,23.2608,real_binance
2026-07-24T21:00:00+00:00,4049.32,4052.87,4049.32,4052.87,12.7538,real_binance
2026-07-24T22:00:00+00:00,4052.87,4052.87,4052.29,4052.34,37.4332,real_binance
2026-07-24T23:00:00+00:00,4052.34,4054.58,4052.33,4054.43,30.0661,real_binance
2026-07-25T00:00:00+00:00,4054.43,4055.24,4054.43,4054.51,13.5588,real_binance
2026-07-25T01:00:00+00:00,4054.5,4054.51,4053.64,4053.65,4.8668,real_binance
2026-07-25T02:00:00+00:00,4053.65,4053.65,4052.93,4052.93,7.1089,real_binance
2026-07-25T03:00:00+00:00,4052.94,4052.94,4051.92,4051.93,7.2813,real_binance
2026-07-25T04:00:00+00:00,4051.93,4051.93,4051.92,4051.92,3.5966,real_binance
2026-07-25T05:00:00+00:00,4051.93,4051.93,4051.92,4051.92,3.1146,real_binance
2026-07-25T06:00:00+00:00,4051.92,4052.44,4051.92,4052.33,16.1729,real_binance
2026-07-25T07:00:00+00:00,4052.33,4052.34,4051.6,4051.6,2.911,real_binance
2026-07-25T08:00:00+00:00,4051.61,4051.61,4051.37,4051.37,5.5484,real_binance
2026-07-25T09:00:00+00:00,4051.38,4051.38,4051.37,4051.38,5.1527,real_binance
2026-07-25T10:00:00+00:00,4051.38,4051.6,4049.92,4051.6,30.4157,real_binance
2026-07-25T11:00:00+00:00,4051.6,4052.02,4051.53,4051.54,7.8232,real_binance
2026-07-25T12:00:00+00:00,4051.54,4051.68,4051.53,4051.68,5.5992,real_binance
2026-07-25T13:00:00+00:00,4051.67,4053.76,4051.67,4052.71,25.1475,real_binance
2026-07-25T14:00:00+00:00,4052.7,4054.42,4052.36,4053.81,28.3117,real_binance
2026-07-25T15:00:00+00:00,4053.82,4054.28,4053.17,4054.28,11.9081,real_binance
2026-07-25T16:00:00+00:00,4054.28,4054.28,4052.62,4053.84,4.8281,real_binance
2026-07-25T17:00:00+00:00,4053.85,4054.19,4053.84,4054.18,8.0849,real_binance
2026-07-25T18:00:00+00:00,4054.19,4056.15,4054.19,4056.15,8.6869,real_binance
2026-07-25T19:00:00+00:00,4056.15,4056.15,4053.85,4054.38,13.4366,real_binance
2026-07-25T20:00:00+00:00,4054.39,4055.41,4053.84,4055.18,15.3378,real_binance
2026-07-25T21:00:00+00:00,4055.19,4056.38,4055.0,4055.55,9.3872,real_binance
2026-07-25T22:00:00+00:00,4055.56,4056.73,4055.56,4055.66,12.8043,real_binance
2026-07-25T23:00:00+00:00,4055.66,4056.22,4055.46,4055.48,9.8522,real_binance
2026-07-26T00:00:00+00:00,4055.48,4055.48,4054.23,4054.24,5.7716,real_binance
2026-07-26T01:00:00+00:00,4054.24,4054.65,4054.23,4054.65,4.1011,real_binance
2026-07-26T02:00:00+00:00,4054.64,4054.95,4054.64,4054.65,13.011,real_binance
2026-07-26T03:00:00+00:00,4054.65,4055.34,4054.64,4055.15,4.0524,real_binance
2026-07-26T04:00:00+00:00,4055.14,4056.92,4055.14,4056.92,13.1074,real_binance
2026-07-26T05:00:00+00:00,4056.92,4057.93,4055.37,4057.23,30.2959,real_binance
2026-07-26T06:00:00+00:00,4057.23,4057.23,4055.11,4055.82,15.4214,real_binance
2026-07-26T07:00:00+00:00,4055.82,4056.48,4055.46,4055.46,9.1224,real_binance
2026-07-26T08:00:00+00:00,4055.46,4056.77,4055.46,4056.77,18.8332,real_binance
2026-07-26T09:00:00+00:00,4056.77,4056.77,4056.64,4056.65,6.2947,real_binance
2026-07-26T10:00:00+00:00,4056.64,4059.98,4056.56,4059.72,63.8409,real_binance
2026-07-26T11:00:00+00:00,4059.72,4059.97,4056.55,4058.13,21.5559,real_binance
2026-07-26T12:00:00+00:00,4058.14,4058.69,4057.42,4057.73,20.6609,real_binance
2026-07-26T13:00:00+00:00,4057.73,4059.86,4057.72,4059.26,23.2176,real_binance
2026-07-26T14:00:00+00:00,4059.26,4060.71,4059.0,4060.21,37.5275,real_binance
2026-07-26T15:00:00+00:00,4060.21,4063.17,4060.1,4061.86,168.6775,real_binance
2026-07-26T16:00:00+00:00,4061.85,4065.47,4061.85,4063.01,50.8727,real_binance
2026-07-26T17:00:00+00:00,4063.01,4063.6,4061.41,4062.67,31.0681,real_binance
2026-07-26T18:00:00+00:00,4062.68,4062.68,4062.02,4062.51,7.6044,real_binance
2026-07-26T19:00:00+00:00,4062.51,4062.51,4062.04,4062.04,8.2999,real_binance
2026-07-26T20:00:00+00:00,4062.04,4062.8,4062.04,4062.63,23.043,real_binance
2026-07-26T21:00:00+00:00,4062.63,4071.99,4062.63,4071.99,48.732,real_binance
2026-07-26T22:00:00+00:00,4071.72,4091.48,4071.71,4086.06,621.6573,real_binance
2026-07-26T23:00:00+00:00,4084.96,4089.85,4078.44,4087.85,37.3411,real_binance
2026-07-27T00:00:00+00:00,4087.85,4109.58,4085.31,4094.16,360.4069,real_binance
2026-07-27T01:00:00+00:00,4094.79,4105.0,4090.76,4103.0,257.7246,real_binance
2026-07-27T02:00:00+00:00,4103.0,4103.66,4087.98,4087.98,31.5489,real_binance
2026-07-27T03:00:00+00:00,4087.86,4089.69,4080.61,4084.76,32.0114,real_binance
2026-07-27T04:00:00+00:00,4084.82,4086.82,4081.46,4084.42,17.4572,real_binance
2026-07-27T05:00:00+00:00,4084.41,4089.76,4080.19,4087.06,60.4399,real_binance
2026-07-27T06:00:00+00:00,4087.43,4093.11,4085.79,4090.87,61.199,real_binance
2026-07-27T07:00:00+00:00,4091.59,4099.68,4083.39,4083.39,58.1291,real_binance
2026-07-27T08:00:00+00:00,4083.09,4090.61,4081.88,4090.6,58.2214,real_binance
2026-07-27T09:00:00+00:00,4089.9,4094.05,4084.78,4091.34,42.8834,real_binance
2026-07-27T10:00:00+00:00,4091.13,4096.02,4082.36,4094.01,53.7941,real_binance
2026-07-27T11:00:00+00:00,4094.01,4098.29,4088.26,4088.26,65.6268,real_binance
2026-07-27T12:00:00+00:00,4088.27,4091.21,4076.37,4078.92,103.8742,real_binance
2026-07-27T13:00:00+00:00,4078.66,4084.33,4066.42,4068.94,173.1992,real_binance
2026-07-27T14:00:00+00:00,4068.94,4074.21,4060.69,4072.0,403.298,real_binance
2026-07-27T15:00:00+00:00,4071.93,4074.78,4066.61,4074.42,347.8284,real_binance
2026-07-27T16:00:00+00:00,4074.72,4089.05,4074.32,4078.89,373.2149,real_binance
2026-07-27T17:00:00+00:00,4079.09,4079.09,4068.2,4073.28,109.7287,real_binance
2026-07-27T18:00:00+00:00,4073.27,4075.52,4070.34,4074.34,80.3157,real_binance
2026-07-27T19:00:00+00:00,4074.34,4085.12,4073.41,4078.59,115.3442,real_binance
2026-07-27T20:00:00+00:00,4078.89,4079.18,4070.54,4072.03,244.5199,real_binance
2026-07-27T21:00:00+00:00,4071.76,4074.95,4069.3,4069.92,277.2566,real_binance
2026-07-27T22:00:00+00:00,4069.92,4074.91,4066.0,4067.55,258.1315,real_binance
2026-07-27T23:00:00+00:00,4067.55,4068.68,4063.62,4066.84,186.9687,real_binance
2026-07-28T00:00:00+00:00,4067.06,4067.55,4052.1,4052.61,104.9796,real_binance
2026-07-28T01:00:00+00:00,4052.68,4054.89,4038.01,4039.35,243.7754,real_binance
2026-07-28T02:00:00+00:00,4039.77,4043.0,4036.72,4037.67,57.5034,real_binance
2026-07-28T03:00:00+00:00,4037.67,4045.87,4036.26,4044.38,40.762,real_binance
2026-07-28T04:00:00+00:00,4044.03,4044.5,4037.31,4037.32,31.2944,real_binance
2026-07-28T05:00:00+00:00,4037.89,4041.52,4031.63,4041.46,62.447,real_binance
2026-07-28T06:00:00+00:00,4041.02,4047.62,4039.77,4044.85,25.0548,real_binance
2026-07-28T07:00:00+00:00,4044.86,4047.91,4042.24,4042.45,14.4145,real_binance
2026-07-28T08:00:00+00:00,4042.48,4049.41,4039.47,4041.82,208.7009,real_binance
2026-07-28T09:00:00+00:00,4041.83,4042.18,4017.05,4020.11,152.5783,real_binance
2026-07-28T10:00:00+00:00,4020.07,4025.41,4015.12,4023.54,88.625,real_binance
2026-07-28T11:00:00+00:00,4023.54,4027.88,4020.95,4024.2,61.5549,real_binance
2026-07-28T12:00:00+00:00,4024.61,4033.33,4020.4,4026.25,106.0687,real_binance
2026-07-28T13:00:00+00:00,4026.05,4031.62,4017.01,4018.77,109.1248,real_binance
2026-07-28T14:00:00+00:00,4018.78,4028.87,4009.18,4021.82,77.1685,real_binance
2026-07-28T15:00:00+00:00,4021.22,4044.22,4020.41,4044.01,318.1326,real_binance
2026-07-28T16:00:00+00:00,4044.01,4044.01,4034.45,4034.56,49.5883,real_binance
2026-07-28T17:00:00+00:00,4034.79,4038.13,4023.86,4025.49,45.3478,real_binance
2026-07-28T18:00:00+00:00,4025.49,4027.65,4020.0,4020.79,27.6204,real_binance
2026-07-28T19:00:00+00:00,4020.8,4024.94,4019.68,4023.36,146.6283,real_binance
2026-07-28T20:00:00+00:00,4023.32,4026.74,4020.39,4025.21,155.2835,real_binance
2026-07-28T21:00:00+00:00,4025.2,4029.59,4025.2,4027.43,124.7571,real_binance
2026-07-28T22:00:00+00:00,4027.43,4030.31,4011.74,4015.84,193.6945,real_binance
2026-07-28T23:00:00+00:00,4015.84,4023.21,4012.95,4021.98,133.4379,real_binance
2026-07-29T00:00:00+00:00,4021.99,4027.63,4015.81,4018.98,220.8636,real_binance
2026-07-29T01:00:00+00:00,4018.98,4026.86,4008.23,4022.17,135.197,real_binance
2026-07-29T02:00:00+00:00,4022.17,4033.89,4020.4,4026.68,76.6538,real_binance
2026-07-29T03:00:00+00:00,4026.2,4029.1,4019.98,4020.03,68.7885,real_binance
2026-07-29T04:00:00+00:00,4020.37,4024.24,4017.39,4023.49,72.9071,real_binance
2026-07-29T05:00:00+00:00,4023.9,4035.63,4023.89,4031.62,33.4086,real_binance
2026-07-29T06:00:00+00:00,4030.17,4040.57,4030.17,4037.43,60.4721,real_binance
2026-07-29T07:00:00+00:00,4038.3,4043.48,4038.3,4039.22,92.7736,real_binance
2026-07-29T08:00:00+00:00,4039.8,4039.89,4032.23,4033.77,45.9273,real_binance
2026-07-29T09:00:00+00:00,4034.17,4034.17,4029.01,4029.5,34.2549,real_binance
2026-07-29T10:00:00+00:00,4029.51,4030.85,4023.43,4023.81,41.7015,real_binance
2026-07-29T11:00:00+00:00,4024.34,4032.6,4023.08,4029.48,19.9971,real_binance
2026-07-29T12:00:00+00:00,4029.48,4029.91,4008.01,4019.52,145.4557,real_binance
2026-07-29T13:00:00+00:00,4019.99,4022.33,4001.23,4006.16,149.6146,real_binance
2026-07-29T14:00:00+00:00,4006.17,4008.58,3996.65,4006.6,233.8879,real_binance
2026-07-29T15:00:00+00:00,4006.52,4012.78,4005.12,4009.43,63.7992,real_binance
2026-07-29T16:00:00+00:00,4009.49,4030.58,4008.16,4026.07,53.4919,real_binance
2026-07-29T17:00:00+00:00,4026.16,4047.61,4026.16,4041.5,200.5905,real_binance
2026-07-29T18:00:00+00:00,4042.56,4101.82,4041.18,4099.85,725.5072,real_binance
2026-07-29T19:00:00+00:00,4101.24,4107.94,4040.77,4042.07,348.2113,real_binance
2026-07-29T20:00:00+00:00,4041.51,4064.44,4040.42,4064.37,81.8706,real_binance
2026-07-29T21:00:00+00:00,4064.12,4064.12,4058.12,4060.23,88.2867,real_binance
2026-07-29T22:00:00+00:00,4060.24,4085.21,4060.24,4083.63,269.825,real_binance
2026-07-29T23:00:00+00:00,4083.72,4094.1,4081.59,4081.59,105.7774,real_binance
2026-07-30T00:00:00+00:00,4081.6,4082.85,4063.11,4067.17,71.9839,real_binance
2026-07-30T01:00:00+00:00,4067.99,4087.39,4067.43,4080.58,116.5658,real_binance
2026-07-30T02:00:00+00:00,4080.59,4085.29,4061.9,4061.92,54.0042,real_binance
2026-07-30T03:00:00+00:00,4061.88,4067.76,4050.26,4056.57,65.2227,real_binance
2026-07-30T04:00:00+00:00,4056.96,4057.67,4045.41,4046.84,52.9768,real_binance
2026-07-30T05:00:00+00:00,4045.41,4051.74,4030.48,4035.18,137.1888,real_binance
2026-07-30T06:00:00+00:00,4035.14,4041.05,4031.49,4036.49,51.3893,real_binance
2026-07-30T07:00:00+00:00,4036.86,4049.79,4036.29,4039.7,66.1478,real_binance
2026-07-30T08:00:00+00:00,4039.05,4070.8,4038.21,4060.96,100.1937,real_binance
2026-07-30T09:00:00+00:00,4060.75,4071.07,4060.21,4062.58,49.7967,real_binance
2026-07-30T10:00:00+00:00,4062.33,4080.95,4062.33,4076.31,274.6016,real_binance
2026-07-30T11:00:00+00:00,4076.31,4080.5,4074.28,4076.21,47.48,real_binance
2026-07-30T12:00:00+00:00,4076.21,4084.73,4067.11,4068.84,169.242,real_binance
2026-07-30T13:00:00+00:00,4068.85,4106.01,4065.72,4105.88,526.8171,real_binance
2026-07-30T14:00:00+00:00,4105.87,4113.0,4084.33,4096.71,391.332,real_binance
2026-07-30T15:00:00+00:00,4096.03,4104.97,4080.0,4102.59,198.1449,real_binance
2026-07-30T16:00:00+00:00,4102.59,4113.0,4101.26,4104.06,248.0607,real_binance
2026-07-30T17:00:00+00:00,4104.19,4104.91,4095.16,4098.66,103.5512,real_binance
2026-07-30T18:00:00+00:00,4098.67,4103.37,4095.46,4095.8,38.582,real_binance
2026-07-30T19:00:00+00:00,4095.8,4109.58,4095.48,4106.78,101.696,real_binance
2026-07-30T20:00:00+00:00,4106.97,4111.32,4096.59,4100.06,111.999,real_binance
2026-07-30T21:00:00+00:00,4100.29,4103.8,4098.12,4103.59,29.4327,real_binance
2026-07-30T22:00:00+00:00,4103.58,4105.49,4098.76,4104.55,57.8885,real_binance
2026-07-30T23:00:00+00:00,4104.79,4106.51,4098.95,4100.72,55.0747,real_binance
2026-07-31T00:00:00+00:00,4100.82,4101.64,4086.72,4092.0,65.0963,real_binance
2026-07-31T01:00:00+00:00,4092.52,4097.44,4079.44,4081.61,91.8892,real_binance
2026-07-31T02:00:00+00:00,4081.61,4086.6,4072.88,4073.75,78.2664,real_binance
2026-07-31T03:00:00+00:00,4073.74,4076.41,4070.77,4072.17,70.5688,real_binance
2026-07-31T04:00:00+00:00,4072.17,4079.55,4071.56,4077.32,20.6604,real_binance
2026-07-31T05:00:00+00:00,4078.13,4080.85,4071.87,4071.87,70.1744,real_binance
2026-07-31T06:00:00+00:00,4071.79,4083.8,4070.46,4075.78,114.7741,real_binance
2026-07-31T07:00:00+00:00,4075.61,4075.79,4063.63,4063.63,52.8164,real_binance
2026-07-31T08:00:00+00:00,4063.62,4063.79,4052.53,4058.79,104.357,real_binance
2026-07-31T09:00:00+00:00,4058.79,4061.01,4050.41,4054.1,94.4274,real_binance
2026-07-31T10:00:00+00:00,4054.11,4057.04,4052.26,4054.75,73.0318,real_binance
2026-07-31T11:00:00+00:00,4054.6,4059.79,4050.58,4053.43,56.8351,real_binance
2026-07-31T12:00:00+00:00,4053.27,4058.24,4041.49,4041.49,108.7472,real_binance
2026-07-31T13:00:00+00:00,4041.49,4045.8,4024.0,4027.22,233.6957,real_binance
2026-07-31T14:00:00+00:00,4027.23,4050.45,4023.13,4049.69,559.7874,real_binance
2026-07-31T15:00:00+00:00,4049.69,4052.17,4037.95,4045.48,222.1815,real_binance
2026-07-31T16:00:00+00:00,4045.46,4049.44,4041.87,4043.63,90.8683,real_binance
2026-07-31T17:00:00+00:00,4043.63,4053.72,4042.4,4052.63,76.6569,real_binance
2026-07-31T18:00:00+00:00,4052.83,4053.78,4045.91,4049.41,33.479,real_binance
2026-07-31T19:00:00+00:00,4049.41,4055.31,4046.13,4050.26,442.7795,real_binance
2026-07-31T20:00:00+00:00,4050.26,4051.06,4042.32,4042.42,76.9012,real_binance
2026-07-31T21:00:00+00:00,4042.68,4049.56,4042.68,4045.5,27.6716,real_binance
2026-07-31T22:00:00+00:00,4045.5,4049.31,4045.49,4048.92,5.9423,real_binance
2026-07-31T23:00:00+00:00,4048.92,4049.08,4048.08,4048.09,10.02,real_binance
2026-08-01T00:00:00+00:00,4048.09,4048.09,4045.52,4046.54,12.5679,real_binance
2026-08-01T01:00:00+00:00,4046.55,4046.86,4045.6,4045.85,11.0914,real_binance
2026-08-01T02:00:00+00:00,4045.86,4047.87,4045.81,4047.69,6.0597,real_binance
2026-08-01T03:00:00+00:00,4047.69,4047.69,4045.68,4045.69,8.9528,real_binance
2026-08-01T04:00:00+00:00,4045.69,4046.04,4044.6,4046.04,8.1339,real_binance
2026-08-01T05:00:00+00:00,4046.04,4047.54,4046.03,4046.42,15.4036,real_binance
2026-08-01T06:00:00+00:00,4046.42,4046.43,4045.75,4045.75,4.0295,real_binance
2026-08-01T07:00:00+00:00,4045.76,4046.61,4045.75,4046.32,8.9073,real_binance
2026-08-01T08:00:00+00:00,4046.32,4047.87,4046.16,4047.26,28.3531,real_binance
2026-08-01T09:00:00+00:00,4047.27,4048.01,4047.27,4047.58,14.7482,real_binance
2026-08-01T10:00:00+00:00,4047.58,4047.58,4046.15,4046.23,12.5633,real_binance
2026-08-01T11:00:00+00:00,4046.22,4046.58,4046.22,4046.57,3.9712,real_binance
2026-08-01T12:00:00+00:00,4046.57,4047.08,4046.57,4047.07,5.7268,real_binance
2026-08-01T13:00:00+00:00,4047.07,4047.74,4046.64,4046.64,13.0923,real_binance
2026-08-01T14:00:00+00:00,4046.64,4046.65,4046.02,4046.32,20.1245,real_binance
2026-08-01T15:00:00+00:00,4046.32,4046.32,4045.44,4045.44,11.3964,real_binance
2026-08-01T16:00:00+00:00,4045.45,4045.45,4042.69,4042.7,9.6575,real_binance
2026-08-01T17:00:00+00:00,4042.7,4042.7,4042.0,4042.0,6.3613,real_binance
2026-08-01T18:00:00+00:00,4042.0,4042.01,4037.41,4039.2,38.8706,real_binance
2026-08-01T19:00:00+00:00,4039.2,4048.8,4038.36,4048.26,23.9223,real_binance
2026-08-01T20:00:00+00:00,4048.26,4050.08,4046.4,4048.73,13.7036,real_binance
2026-08-01T21:00:00+00:00,4048.71,4050.0,4047.97,4049.06,83.8698,real_binance
2026-08-01T22:00:00+00:00,4049.06,4049.98,4048.85,4049.37,3.4594,real_binance
2026-08-01T23:00:00+00:00,4049.37,4049.37,4048.4,4048.4,3.8292,real_binance
2026-08-02T00:00:00+00:00,4048.5,4052.66,4048.3,4050.06,28.9437,real_binance
2026-08-02T01:00:00+00:00,4050.05,4053.39,4049.79,4053.31,12.277,real_binance
2026-08-02T02:00:00+00:00,4053.31,4056.98,4053.3,4056.98,13.7451,real_binance
2026-08-02T03:00:00+00:00,4056.98,4059.69,4056.98,4059.66,68.272,real_binance
2026-08-02T04:00:00+00:00,4059.65,4062.07,4059.65,4061.0,32.938,real_binance
2026-08-02T05:00:00+00:00,4061.01,4062.05,4060.36,4061.01,43.8923,real_binance
2026-08-02T06:00:00+00:00,4061.01,4061.15,4060.29,4060.55,10.9254,real_binance
2026-08-02T07:00:00+00:00,4060.55,4061.01,4059.65,4059.7,49.528,real_binance
2026-08-02T08:00:00+00:00,4059.7,4060.2,4059.65,4059.65,26.3741,real_binance
2026-08-02T09:00:00+00:00,4059.65,4059.84,4059.65,4059.84,36.0513,real_binance
2026-08-02T10:00:00+00:00,4059.83,4059.84,4059.73,4059.74,4.0718,real_binance
2026-08-02T11:00:00+00:00,4059.74,4060.57,4059.64,4059.64,15.9405,real_binance
2026-08-02T12:00:00+00:00,4059.65,4060.44,4059.64,4060.16,23.6106,real_binance
2026-08-02T13:00:00+00:00,4060.16,4060.16,4060.09,4060.09,7.5485,real_binance
2026-08-02T14:00:00+00:00,4060.09,4064.14,4055.92,4060.25,348.8051,real_binance
2026-08-02T15:00:00+00:00,4060.26,4060.6,4058.77,4060.6,6.2528,real_binance
2026-08-02T16:00:00+00:00,4060.79,4063.5,4060.78,4063.09,25.0161,real_binance
2026-08-02T17:00:00+00:00,4063.16,4068.51,4061.63,4067.47,83.2639,real_binance
2026-08-02T18:00:00+00:00,4067.47,4068.23,4066.6,4066.6,63.9735,real_binance
2026-08-02T19:00:00+00:00,4066.61,4067.58,4064.37,4066.03,41.0052,real_binance
2026-08-02T20:00:00+00:00,4065.75,4070.0,4064.99,4067.8,31.6848,real_binance
2026-08-02T21:00:00+00:00,4067.8,4074.38,4065.67,4073.16,140.3298,real_binance
2026-08-02T22:00:00+00:00,4073.0,4082.88,4063.57,4063.57,208.9434,real_binance
2026-08-02T23:00:00+00:00,4063.12,4072.23,4062.23,4072.23,51.7999,real_binance
2026-08-03T00:00:00+00:00,4072.23,4075.99,4054.63,4054.83,97.9746,real_binance
2026-08-03T01:00:00+00:00,4055.25,4061.41,4047.01,4054.43,101.9971,real_binance
2026-08-03T02:00:00+00:00,4054.44,4063.29,4050.0,4059.55,230.3081,real_binance
2026-08-03T03:00:00+00:00,4059.67,4064.16,4056.78,4061.61,35.1468,real_binance
2026-08-03T04:00:00+00:00,4061.62,4067.77,4061.14,4061.14,76.2393,real_binance
2026-08-03T05:00:00+00:00,4061.14,4065.47,4051.78,4065.01,52.8759,real_binance
2026-08-03T06:00:00+00:00,4065.01,4067.56,4059.31,4061.51,62.2324,real_binance
2026-08-03T07:00:00+00:00,4060.22,4061.77,4050.97,4058.76,109.7323,real_binance
2026-08-03T08:00:00+00:00,4058.74,4058.93,4051.72,4056.67,12.6497,real_binance
2026-08-03T09:00:00+00:00,4056.66,4058.84,4046.01,4053.55,26.5235,real_binance
2026-08-03T10:00:00+00:00,4053.56,4054.03,4046.41,4048.04,107.3524,real_binance
2026-08-03T11:00:00+00:00,4048.52,4061.31,4046.01,4059.93,81.6976,real_binance
2026-08-03T12:00:00+00:00,4059.93,4061.5,4041.3,4046.98,222.9133,real_binance
2026-08-03T13:00:00+00:00,4047.12,4051.76,4021.0,4033.07,211.4113,real_binance
2026-08-03T14:00:00+00:00,4033.06,4039.66,4027.76,4037.53,123.9981,real_binance
2026-08-03T15:00:00+00:00,4037.31,4040.83,4031.93,4037.27,59.1535,real_binance
2026-08-03T16:00:00+00:00,4037.26,4039.26,4035.52,4038.04,56.5439,real_binance
2026-08-03T17:00:00+00:00,4038.04,4038.04,4031.61,4032.23,65.1867,real_binance
2026-08-03T18:00:00+00:00,4031.62,4044.95,4031.53,4044.55,20.1846,real_binance
2026-08-03T19:00:00+00:00,4044.56,4054.99,4044.56,4051.35,166.1506,real_binance
2026-08-03T20:00:00+00:00,4051.34,4056.81,4050.09,4054.16,22.5397,real_binance
2026-08-03T21:00:00+00:00,4054.16,4054.17,4052.27,4052.76,12.7448,real_binance
2026-08-03T22:00:00+00:00,4052.76,4052.76,4048.48,4052.19,27.6132,real_binance
2026-08-03T23:00:00+00:00,4052.2,4054.19,4049.26,4052.2,28.334,real_binance
2026-08-04T00:00:00+00:00,4052.27,4068.13,4046.38,4046.38,232.933,real_binance
2026-08-04T01:00:00+00:00,4046.15,4059.22,4043.1,4057.76,204.3504,real_binance
2026-08-04T02:00:00+00:00,4056.52,4061.44,4052.62,4055.75,56.212,real_binance
2026-08-04T03:00:00+00:00,4055.75,4058.75,4050.01,4050.01,125.7692,real_binance
2026-08-04T04:00:00+00:00,4050.01,4061.9,4050.01,4060.54,22.1181,real_binance
2026-08-04T05:00:00+00:00,4060.85,4063.59,4054.48,4059.43,31.9854,real_binance
2026-08-04T06:00:00+00:00,4058.42,4061.9,4053.1,4059.11,19.3767,real_binance
2026-08-04T07:00:00+00:00,4059.73,4063.08,4057.66,4061.31,48.0657,real_binance
2026-08-04T08:00:00+00:00,4061.3,4067.94,4052.63,4052.84,187.7304,real_binance
2026-08-04T09:00:00+00:00,4052.65,4052.65,4044.71,4047.46,63.7697,real_binance
2026-08-04T10:00:00+00:00,4047.46,4057.64,4044.74,4052.21,102.6757,real_binance
2026-08-04T11:00:00+00:00,4051.72,4079.08,4050.73,4071.49,194.4367,real_binance
2026-08-04T12:00:00+00:00,4071.17,4078.88,4058.7,4066.95,80.0776,real_binance
2026-08-04T13:00:00+00:00,4067.71,4089.03,4058.32,4079.17,497.7186,real_binance
2026-08-04T14:00:00+00:00,4079.18,4086.0,4071.25,4079.82,298.7068,real_binance
2026-08-04T15:00:00+00:00,4079.25,4083.17,4070.8,4081.21,82.6987,real_binance
2026-08-04T16:00:00+00:00,4082.05,4088.22,4079.37,4088.12,114.3648,real_binance
2026-08-04T17:00:00+00:00,4088.11,4099.22,4081.59,4081.59,150.6673,real_binance
2026-08-04T18:00:00+00:00,4081.1,4083.32,4071.51,4075.09,50.453,real_binance
2026-08-04T19:00:00+00:00,4075.1,4079.24,4071.78,4073.08,37.3571,real_binance
2026-08-04T20:00:00+00:00,4073.07,4074.21,4070.15,4073.36,39.2928,real_binance
2026-08-04T21:00:00+00:00,4073.35,4080.61,4073.35,4078.04,66.6824,real_binance
2026-08-04T22:00:00+00:00,4078.04,4079.22,4072.19,4072.81,59.967,real_binance
2026-08-04T23:00:00+00:00,4071.77,4072.29,4062.84,4068.67,43.4029,real_binance
2026-08-05T00:00:00+00:00,4068.13,4077.97,4066.3,4076.63,37.8358,real_binance
2026-08-05T01:00:00+00:00,4076.32,4095.82,4073.67,4095.3,76.836,real_binance
2026-08-05T02:00:00+00:00,4095.3,4126.87,4090.72,4122.37,546.1097,real_binance
2026-08-05T03:00:00+00:00,4122.0,4127.77,4119.13,4120.47,149.2531,real_binance
2026-08-05T04:00:00+00:00,4120.48,4133.32,4120.48,4129.23,157.5784,real_binance
2026-08-05T05:00:00+00:00,4129.23,4163.19,4129.03,4153.25,529.6159,real_binance
2026-08-05T06:00:00+00:00,4153.24,4169.62,4152.28,4168.18,381.6908,real_binance
2026-08-05T07:00:00+00:00,4168.44,4169.81,4154.23,4162.61,251.9603,real_binance
2026-08-05T08:00:00+00:00,4162.61,4163.47,4152.18,4153.59,137.4167,real_binance
2026-08-05T09:00:00+00:00,4153.58,4157.86,4146.29,4150.51,167.7761,real_binance
2026-08-05T10:00:00+00:00,4150.51,4154.67,4142.77,4154.43,293.4027,real_binance
2026-08-05T11:00:00+00:00,4154.44,4183.95,4154.44,4181.23,263.4835,real_binance
2026-08-05T12:00:00+00:00,4181.31,4204.49,4176.42,4177.79,1310.9294,real_binance
2026-08-05T13:00:00+00:00,4177.11,4200.4,4177.11,4200.39,675.573,real_binance
2026-08-05T14:00:00+00:00,4200.16,4240.96,4197.93,4236.33,803.9794,real_binance
2026-08-05T15:00:00+00:00,4236.17,4254.0,4226.03,4226.03,877.4821,real_binance
2026-08-05T16:00:00+00:00,4226.03,4240.96,4218.1,4236.27,359.6539,real_binance
2026-08-05T17:00:00+00:00,4236.28,4246.26,4230.8,4244.67,100.8067,real_binance
2026-08-05T18:00:00+00:00,4244.67,4261.54,4243.63,4254.98,169.7009,real_binance
2026-08-05T19:00:00+00:00,4254.68,4255.25,4240.0,4240.17,113.1749,real_binance
2026-08-05T20:00:00+00:00,4240.16,4244.92,4237.99,4243.44,132.9641,real_binance
2026-08-05T21:00:00+00:00,4243.44,4246.48,4243.0,4243.1,89.3287,real_binance
2026-08-05T22:00:00+00:00,4243.09,4246.97,4241.32,4243.6,136.6737,real_binance
2026-08-05T23:00:00+00:00,4243.74,4274.99,4243.41,4272.06,226.5701,real_binance
2026-08-06T00:00:00+00:00,4272.05,4292.71,4259.4,4288.74,382.4763,real_binance
2026-08-06T01:00:00+00:00,4288.75,4296.0,4268.16,4281.52,287.9032,real_binance
2026-08-06T02:00:00+00:00,4281.26,4296.98,4268.89,4271.44,308.142,real_binance
2026-08-06T03:00:00+00:00,4270.82,4274.25,4255.0,4260.71,255.7699,real_binance
2026-08-06T04:00:00+00:00,4260.72,4261.56,4248.7,4257.32,97.6978,real_binance
2026-08-06T05:00:00+00:00,4257.31,4262.61,4242.91,4262.24,99.1636,real_binance
2026-08-06T06:00:00+00:00,4262.23,4263.99,4245.9,4250.71,221.3849,real_binance
2026-08-06T07:00:00+00:00,4250.94,4260.0,4248.86,4258.0,45.0176,real_binance
2026-08-06T08:00:00+00:00,4258.49,4273.69,4257.02,4273.68,119.921,real_binance
2026-08-06T09:00:00+00:00,4273.78,4279.54,4267.27,4269.65,174.8082,real_binance
2026-08-06T10:00:00+00:00,4269.65,4269.65,4261.43,4266.61,123.6174,real_binance
2026-08-06T11:00:00+00:00,4266.61,4268.65,4250.97,4259.76,62.6272,real_binance
2026-08-06T12:00:00+00:00,4259.76,4266.16,4246.19,4246.74,109.2537,real_binance
2026-08-06T13:00:00+00:00,4246.54,4269.08,4227.36,4263.56,269.7408,real_binance
2026-08-06T14:00:00+00:00,4263.56,4269.81,4256.23,4266.82,111.7701,real_binance
2026-08-06T15:00:00+00:00,4266.83,4268.17,4221.02,4228.87,168.2031,real_binance
2026-08-06T16:00:00+00:00,4228.88,4239.77,4220.36,4239.42,156.7047,real_binance
2026-08-06T17:00:00+00:00,4239.42,4244.53,4236.29,4243.81,77.4567,real_binance
2026-08-06T18:00:00+00:00,4243.81,4245.43,4237.61,4239.6,52.9116,real_binance
2026-08-06T19:00:00+00:00,4239.6,4248.14,4230.64,4245.99,159.4179,real_binance
2026-08-06T20:00:00+00:00,4245.99,4251.76,4232.0,4237.6,186.5956,real_binance
2026-08-06T21:00:00+00:00,4237.48,4240.41,4235.31,4236.56,38.6064,real_binance
2026-08-06T22:00:00+00:00,4236.56,4239.43,4232.08,4237.97,48.472,real_binance
2026-08-06T23:00:00+00:00,4237.96,4248.73,4236.96,4248.73,63.0057,real_binance
2026-08-07T00:00:00+00:00,4248.72,4249.15,4226.29,4228.45,77.3748,real_binance
2026-08-07T01:00:00+00:00,4228.81,4254.17,4228.81,4252.15,118.8653,real_binance
2026-08-07T02:00:00+00:00,4252.16,4258.02,4243.38,4246.07,131.9092,real_binance
2026-08-07T03:00:00+00:00,4246.07,4262.15,4246.07,4262.15,63.3708,real_binance
2026-08-07T04:00:00+00:00,4262.14,4264.23,4258.0,4260.96,88.7398,real_binance
2026-08-07T05:00:00+00:00,4260.94,4275.59,4258.32,4274.47,104.182,real_binance
2026-08-07T06:00:00+00:00,4275.12,4293.0,4274.26,4291.5,211.2855,real_binance
2026-08-07T07:00:00+00:00,4291.49,4292.0,4279.25,4286.81,179.4502,real_binance
2026-08-07T08:00:00+00:00,4286.8,4311.42,4285.5,4302.05,317.6821,real_binance
2026-08-07T09:00:00+00:00,4302.05,4315.43,4297.81,4311.29,562.6081,real_binance
2026-08-07T10:00:00+00:00,4311.3,4314.16,4304.12,4311.24,130.1274,real_binance
2026-08-07T11:00:00+00:00,4311.24,4321.71,4311.24,4316.28,221.9218,real_binance
2026-08-07T12:00:00+00:00,4316.27,4362.93,4288.88,4351.79,1055.2942,real_binance
2026-08-07T13:00:00+00:00,4352.4,4359.13,4331.91,4338.52,441.0101,real_binance
2026-08-07T14:00:00+00:00,4339.94,4344.88,4320.9,4333.59,301.5485,real_binance
2026-08-07T15:00:00+00:00,4333.69,4349.64,4333.36,4334.27,122.5872,real_binance
2026-08-07T16:00:00+00:00,4333.78,4341.2,4323.25,4323.43,198.7536,real_binance
2026-08-07T17:00:00+00:00,4323.07,4335.36,4321.7,4333.53,87.6124,real_binance
2026-08-07T18:00:00+00:00,4333.53,4335.48,4325.63,4329.11,60.3849,real_binance
2026-08-07T19:00:00+00:00,4329.34,4342.23,4329.34,4337.34,77.8842,real_binance
2026-08-07T20:00:00+00:00,4337.34,4338.25,4330.67,4335.34,32.3039,real_binance
2026-08-07T21:00:00+00:00,4335.34,4343.75,4335.34,4338.28,54.1709,real_binance
2026-08-07T22:00:00+00:00,4338.29,4343.73,4338.2,4343.73,20.5979,real_binance
2026-08-07T23:00:00+00:00,4343.74,4344.86,4338.2,4344.47,27.4157,real_binance
2026-08-08T00:00:00+00:00,4344.46,4347.91,4339.57,4344.58,182.3249,real_binance
2026-08-08T01:00:00+00:00,4344.57,4345.82,4335.01,4338.15,53.6871,real_binance
2026-08-08T02:00:00+00:00,4338.16,4339.17,4335.0,4338.74,45.2399,real_binance
2026-08-08T03:00:00+00:00,4338.74,4340.33,4337.17,4340.33,29.9122,real_binance
2026-08-08T04:00:00+00:00,4340.33,4340.33,4333.27,4333.27,63.8991,real_binance
2026-08-08T05:00:00+00:00,4333.27,4338.06,4333.27,4336.92,83.4414,real_binance
2026-08-08T06:00:00+00:00,4336.92,4339.0,4335.96,4337.99,30.275,real_binance
2026-08-08T07:00:00+00:00,4338.0,4340.24,4337.7,4338.71,28.2802,real_binance
2026-08-08T08:00:00+00:00,4338.72,4341.86,4338.22,4341.81,29.6096,real_binance
2026-08-08T09:00:00+00:00,4341.81,4344.91,4339.61,4342.75,71.3525,real_binance
2026-08-08T10:00:00+00:00,4342.75,4342.75,4338.77,4338.86,26.2671,real_binance
2026-08-08T11:00:00+00:00,4338.86,4342.99,4338.85,4340.24,49.6553,real_binance
2026-08-08T12:00:00+00:00,4340.71,4342.13,4339.03,4341.24,20.2832,real_binance
2026-08-08T13:00:00+00:00,4341.25,4342.54,4341.25,4342.23,24.3623,real_binance
2026-08-08T14:00:00+00:00,4342.24,4344.68,4341.97,4342.61,57.2513,real_binance
2026-08-08T15:00:00+00:00,4342.62,4346.01,4339.84,4345.18,79.1086,real_binance
2026-08-08T16:00:00+00:00,4345.17,4345.18,4341.02,4341.26,55.6517,real_binance
2026-08-08T17:00:00+00:00,4341.26,4342.63,4340.5,4341.65,42.0406,real_binance
2026-08-08T18:00:00+00:00,4341.65,4343.37,4341.65,4343.12,34.8556,real_binance
2026-08-08T19:00:00+00:00,4343.12,4343.12,4341.35,4342.28,31.0538,real_binance
2026-08-08T20:00:00+00:00,4342.28,4342.72,4341.61,4342.72,20.8492,real_binance
2026-08-08T21:00:00+00:00,4342.72,4344.42,4342.71,4342.97,28.603,real_binance
2026-08-08T22:00:00+00:00,4342.97,4342.98,4342.97,4342.98,11.9326,real_binance
2026-08-08T23:00:00+00:00,4342.98,4348.37,4342.98,4347.04,36.6404,real_binance
2026-08-09T00:00:00+00:00,4347.05,4348.64,4345.0,4345.9,43.9013,real_binance
2026-08-09T01:00:00+00:00,4345.75,4345.75,4342.76,4344.33,38.6115,real_binance
2026-08-09T02:00:00+00:00,4344.33,4347.27,4344.32,4347.27,8.3615,real_binance
2026-08-09T03:00:00+00:00,4347.27,4347.5,4343.83,4343.83,57.7371,real_binance
2026-08-09T04:00:00+00:00,4343.83,4345.48,4343.82,4345.47,1.6746,real_binance
