timestamp,open,high,low,close,volume,source
2026-06-28T12:30:00+00:00,4077.7,4078.04,4075.99,4077.71,19.2984,real_binance
2026-06-28T12:45:00+00:00,4077.71,4077.72,4077.3,4077.3,2.0435,real_binance
2026-06-28T13:00:00+00:00,4076.67,4076.67,4074.54,4076.19,12.4316,real_binance
2026-06-28T13:15:00+00:00,4076.19,4076.2,4075.32,4075.32,7.0338,real_binance
2026-06-28T13:30:00+00:00,4075.33,4075.55,4074.42,4075.05,3.8856,real_binance
2026-06-28T13:45:00+00:00,4075.42,4075.99,4074.56,4075.69,14.7909,real_binance
2026-06-28T14:00:00+00:00,4075.7,4076.2,4075.51,4075.52,14.6392,real_binance
2026-06-28T14:15:00+00:00,4075.51,4075.82,4074.87,4075.13,8.1614,real_binance
2026-06-28T14:30:00+00:00,4075.13,4075.13,4073.0,4073.13,3.6898,real_binance
2026-06-28T14:45:00+00:00,4073.13,4073.14,4072.9,4073.13,3.0854,real_binance
2026-06-28T15:00:00+00:00,4073.14,4073.15,4072.68,4073.15,1.4659,real_binance
2026-06-28T15:15:00+00:00,4073.14,4073.77,4073.14,4073.76,3.979,real_binance
2026-06-28T15:30:00+00:00,4073.76,4074.67,4073.76,4074.27,4.8179,real_binance
2026-06-28T15:45:00+00:00,4074.27,4074.99,4073.85,4074.31,3.2768,real_binance
2026-06-28T16:00:00+00:00,4074.77,4074.98,4074.17,4074.18,5.864,real_binance
2026-06-28T16:15:00+00:00,4074.17,4074.47,4074.17,4074.18,8.5876,real_binance
2026-06-28T16:30:00+00:00,4074.18,4074.18,4072.96,4073.58,9.6634,real_binance
2026-06-28T16:45:00+00:00,4073.58,4073.58,4073.43,4073.5,11.8625,real_binance
2026-06-28T17:00:00+00:00,4073.5,4074.17,4071.75,4072.26,41.7554,real_binance
2026-06-28T17:15:00+00:00,4072.25,4074.76,4070.89,4074.75,34.3272,real_binance
2026-06-28T17:30:00+00:00,4074.75,4074.75,4071.55,4073.14,31.4834,real_binance
2026-06-28T17:45:00+00:00,4073.13,4075.48,4072.87,4074.48,25.9698,real_binance
2026-06-28T18:00:00+00:00,4074.48,4074.86,4073.11,4074.51,31.8005,real_binance
2026-06-28T18:15:00+00:00,4074.51,4074.86,4074.51,4074.61,19.8721,real_binance
2026-06-28T18:30:00+00:00,4074.61,4074.68,4073.86,4073.86,20.8874,real_binance
2026-06-28T18:45:00+00:00,4073.86,4074.46,4073.69,4073.69,21.5308,real_binance
2026-06-28T19:00:00+00:00,4073.69,4074.38,4073.31,4073.94,19.1248,real_binance
2026-06-28T19:15:00+00:00,4073.94,4074.38,4073.31,4074.37,19.2908,real_binance
2026-06-28T19:30:00+00:00,4074.37,4075.24,4072.47,4072.99,48.837,real_binance
2026-06-28T19:45:00+00:00,4072.99,4074.19,4071.58,4073.73,25.5562,real_binance
2026-06-28T20:00:00+00:00,4073.73,4075.72,4073.73,4075.52,15.8187,real_binance
2026-06-28T20:15:00+00:00,4075.52,4077.08,4075.52,4076.85,20.2466,real_binance
2026-06-28T20:30:00+00:00,4076.86,4077.07,4076.85,4076.96,15.8918,real_binance
2026-06-28T20:45:00+00:00,4076.97,4078.56,4076.96,4077.44,12.4181,real_binance
2026-06-28T21:00:00+00:00,4077.44,4077.45,4076.62,4076.62,8.2177,real_binance
2026-06-28T21:15:00+00:00,4076.62,4079.0,4075.43,4078.48,11.0084,real_binance
2026-06-28T21:30:00+00:00,4078.48,4079.0,4077.5,4077.51,11.6735,real_binance
2026-06-28T21:45:00+00:00,4077.5,4077.5,4072.41,4075.17,14.6908,real_binance
2026-06-28T22:00:00+00:00,4074.62,4081.64,4066.57,4067.16,212.86,real_binance
2026-06-28T22:15:00+00:00,4066.53,4066.53,4050.73,4055.29,53.0685,real_binance
2026-06-28T22:30:00+00:00,4054.96,4061.33,4053.05,4059.44,23.275,real_binance
2026-06-28T22:45:00+00:00,4059.44,4064.63,4058.11,4061.26,8.0226,real_binance
2026-06-28T23:00:00+00:00,4061.4,4065.73,4061.28,4062.38,9.0923,real_binance
2026-06-28T23:15:00+00:00,4061.98,4063.28,4052.19,4053.32,22.3092,real_binance
2026-06-28T23:30:00+00:00,4053.29,4059.25,4048.6,4058.86,53.3198,real_binance
2026-06-28T23:45:00+00:00,4059.3,4062.31,4058.09,4059.57,9.5641,real_binance
2026-06-29T00:00:00+00:00,4059.47,4061.62,4052.15,4055.16,22.1596,real_binance
2026-06-29T00:15:00+00:00,4056.61,4057.67,4046.0,4046.0,15.8766,real_binance
2026-06-29T00:30:00+00:00,4045.94,4064.97,4045.94,4064.72,32.5245,real_binance
2026-06-29T00:45:00+00:00,4064.96,4069.81,4059.86,4066.95,22.1216,real_binance
2026-06-29T01:00:00+00:00,4066.69,4070.46,4051.92,4052.19,45.8211,real_binance
2026-06-29T01:15:00+00:00,4052.61,4062.62,4052.61,4057.34,9.1386,real_binance
2026-06-29T01:30:00+00:00,4056.55,4062.72,4053.05,4059.44,9.6564,real_binance
2026-06-29T01:45:00+00:00,4059.56,4059.92,4052.89,4058.45,11.032,real_binance
2026-06-29T02:00:00+00:00,4058.46,4066.46,4056.47,4057.62,27.1044,real_binance
2026-06-29T02:15:00+00:00,4057.17,4066.43,4056.38,4065.59,19.4112,real_binance
2026-06-29T02:30:00+00:00,4065.59,4068.19,4056.21,4057.05,24.4523,real_binance
2026-06-29T02:45:00+00:00,4057.62,4066.06,4056.54,4062.56,17.2467,real_binance
2026-06-29T03:00:00+00:00,4062.9,4067.41,4062.44,4066.78,13.856,real_binance
2026-06-29T03:15:00+00:00,4066.18,4072.0,4065.01,4069.65,5.2088,real_binance
2026-06-29T03:30:00+00:00,4069.88,4070.17,4062.76,4064.73,17.6125,real_binance
2026-06-29T03:45:00+00:00,4064.73,4068.93,4063.15,4065.73,18.1138,real_binance
2026-06-29T04:00:00+00:00,4065.56,4065.61,4062.26,4063.33,6.7109,real_binance
2026-06-29T04:15:00+00:00,4062.97,4062.97,4060.33,4062.09,3.6277,real_binance
2026-06-29T04:30:00+00:00,4061.81,4061.81,4050.73,4054.13,10.1361,real_binance
2026-06-29T04:45:00+00:00,4054.53,4054.9,4047.52,4048.9,4.7681,real_binance
2026-06-29T05:00:00+00:00,4048.9,4053.61,4044.42,4052.43,18.4323,real_binance
2026-06-29T05:15:00+00:00,4052.43,4053.25,4044.99,4045.92,5.2675,real_binance
2026-06-29T05:30:00+00:00,4045.92,4048.8,4037.76,4047.89,54.3628,real_binance
2026-06-29T05:45:00+00:00,4047.9,4053.67,4045.22,4051.27,9.4742,real_binance
2026-06-29T06:00:00+00:00,4051.85,4059.77,4051.49,4055.38,6.7418,real_binance
2026-06-29T06:15:00+00:00,4055.76,4059.46,4053.15,4056.26,10.4984,real_binance
2026-06-29T06:30:00+00:00,4056.91,4057.15,4051.69,4057.15,13.7005,real_binance
2026-06-29T06:45:00+00:00,4057.41,4060.24,4057.14,4059.17,17.058,real_binance
2026-06-29T07:00:00+00:00,4059.18,4059.18,4053.01,4055.8,10.5637,real_binance
2026-06-29T07:15:00+00:00,4055.8,4062.12,4054.75,4062.11,17.5705,real_binance
2026-06-29T07:30:00+00:00,4062.11,4062.11,4057.35,4057.98,5.2612,real_binance
2026-06-29T07:45:00+00:00,4058.59,4063.97,4057.23,4057.68,7.3665,real_binance
2026-06-29T08:00:00+00:00,4057.13,4061.74,4057.13,4059.6,23.0169,real_binance
2026-06-29T08:15:00+00:00,4059.6,4060.96,4056.49,4057.75,7.7075,real_binance
2026-06-29T08:30:00+00:00,4057.76,4062.28,4051.46,4051.46,11.7747,real_binance
2026-06-29T08:45:00+00:00,4051.94,4053.65,4041.1,4044.52,21.581,real_binance
2026-06-29T09:00:00+00:00,4044.23,4051.6,4042.99,4046.48,5.8378,real_binance
2026-06-29T09:15:00+00:00,4046.48,4049.56,4042.61,4044.08,16.4269,real_binance
2026-06-29T09:30:00+00:00,4044.08,4046.69,4038.48,4040.25,37.0277,real_binance
2026-06-29T09:45:00+00:00,4040.25,4041.11,4023.6,4028.63,59.4373,real_binance
2026-06-29T10:00:00+00:00,4029.06,4036.49,4025.7,4035.96,21.4098,real_binance
2026-06-29T10:15:00+00:00,4035.66,4036.11,4030.46,4035.21,16.1808,real_binance
2026-06-29T10:30:00+00:00,4035.2,4035.86,4029.35,4032.63,17.3832,real_binance
2026-06-29T10:45:00+00:00,4032.17,4035.72,4030.28,4034.2,20.4922,real_binance
2026-06-29T11:00:00+00:00,4034.21,4035.28,4029.95,4031.17,11.1888,real_binance
2026-06-29T11:15:00+00:00,4031.51,4032.92,4025.37,4029.59,17.7945,real_binance
2026-06-29T11:30:00+00:00,4029.58,4036.11,4028.1,4032.3,86.7691,real_binance
2026-06-29T11:45:00+00:00,4033.32,4040.0,4032.05,4037.78,38.8546,real_binance
2026-06-29T12:00:00+00:00,4037.78,4048.64,4036.53,4044.85,23.4568,real_binance
2026-06-29T12:15:00+00:00,4044.7,4046.51,4035.2,4036.87,50.4889,real_binance
2026-06-29T12:30:00+00:00,4036.87,4044.45,4036.87,4042.08,20.2685,real_binance
2026-06-29T12:45:00+00:00,4042.22,4044.39,4039.96,4040.51,13.8573,real_binance
2026-06-29T13:00:00+00:00,4040.52,4048.19,4040.52,4044.52,27.5024,real_binance
2026-06-29T13:15:00+00:00,4044.92,4046.9,4036.5,4036.5,13.8516,real_binance
2026-06-29T13:30:00+00:00,4036.15,4042.08,4032.17,4035.56,48.6135,real_binance
2026-06-29T13:45:00+00:00,4035.95,4036.91,4026.0,4029.48,84.3372,real_binance
2026-06-29T14:00:00+00:00,4029.49,4032.02,4007.05,4008.03,84.1608,real_binance
2026-06-29T14:15:00+00:00,4007.58,4025.81,3998.45,4021.41,183.5238,real_binance
2026-06-29T14:30:00+00:00,4023.23,4025.61,4017.45,4018.04,14.1456,real_binance
2026-06-29T14:45:00+00:00,4018.04,4027.38,4014.85,4022.23,21.8304,real_binance
2026-06-29T15:00:00+00:00,4023.32,4023.32,4016.62,4018.44,17.4556,real_binance
2026-06-29T15:15:00+00:00,4018.98,4024.29,4014.13,4021.31,31.8685,real_binance
2026-06-29T15:30:00+00:00,4021.32,4023.27,4014.84,4020.42,19.5498,real_binance
2026-06-29T15:45:00+00:00,4020.42,4028.09,4020.03,4025.43,17.7409,real_binance
2026-06-29T16:00:00+00:00,4025.43,4026.44,4022.05,4022.05,14.8825,real_binance
2026-06-29T16:15:00+00:00,4022.05,4023.92,4020.45,4021.25,5.6979,real_binance
2026-06-29T16:30:00+00:00,4021.25,4021.25,4016.74,4018.36,5.5894,real_binance
2026-06-29T16:45:00+00:00,4018.91,4025.16,4018.61,4021.51,8.0145,real_binance
2026-06-29T17:00:00+00:00,4021.11,4029.35,4021.06,4026.46,11.8661,real_binance
2026-06-29T17:15:00+00:00,4027.03,4029.6,4021.52,4021.52,25.2909,real_binance
2026-06-29T17:30:00+00:00,4022.62,4022.9,4020.52,4020.85,13.65,real_binance
2026-06-29T17:45:00+00:00,4020.99,4021.57,4019.26,4019.87,17.3462,real_binance
2026-06-29T18:00:00+00:00,4019.86,4022.95,4019.86,4022.94,5.3999,real_binance
2026-06-29T18:15:00+00:00,4022.93,4023.92,4019.59,4019.77,4.525,real_binance
2026-06-29T18:30:00+00:00,4019.91,4020.04,4018.39,4019.0,3.9388,real_binance
2026-06-29T18:45:00+00:00,4019.01,4019.01,4010.91,4011.32,22.3636,real_binance
2026-06-29T19:00:00+00:00,4011.91,4012.27,4008.03,4008.2,28.5622,real_binance
2026-06-29T19:15:00+00:00,4008.02,4015.59,4005.56,4015.59,22.466,real_binance
2026-06-29T19:30:00+00:00,4015.6,4018.04,4015.6,4016.28,4.8603,real_binance
2026-06-29T19:45:00+00:00,4016.74,4016.75,4012.43,4016.36,17.8277,real_binance
2026-06-29T20:00:00+00:00,4016.36,4016.36,4013.64,4013.95,3.1882,real_binance
2026-06-29T20:15:00+00:00,4013.95,4017.37,4013.95,4017.37,10.2657,real_binance
2026-06-29T20:30:00+00:00,4017.37,4017.37,4014.85,4014.87,11.4817,real_binance
2026-06-29T20:45:00+00:00,4014.87,4016.88,4014.12,4016.64,2.8043,real_binance
2026-06-29T21:00:00+00:00,4016.31,4018.1,4015.44,4017.51,5.8893,real_binance
2026-06-29T21:15:00+00:00,4017.51,4017.51,4016.6,4016.77,3.9405,real_binance
2026-06-29T21:30:00+00:00,4016.77,4021.78,4016.76,4020.8,5.3434,real_binance
2026-06-29T21:45:00+00:00,4020.8,4021.51,4018.23,4018.24,12.5975,real_binance
2026-06-29T22:00:00+00:00,4018.24,4020.76,4015.81,4016.87,11.229,real_binance
2026-06-29T22:15:00+00:00,4016.61,4018.88,4014.06,4014.47,5.6778,real_binance
2026-06-29T22:30:00+00:00,4014.19,4014.19,4009.15,4009.15,11.6563,real_binance
2026-06-29T22:45:00+00:00,4009.14,4014.38,4007.69,4011.56,9.906,real_binance
2026-06-29T23:00:00+00:00,4012.17,4019.13,4012.17,4017.74,5.5908,real_binance
2026-06-29T23:15:00+00:00,4019.01,4019.84,4014.61,4015.19,6.3772,real_binance
2026-06-29T23:30:00+00:00,4015.19,4019.54,4012.14,4013.35,6.3113,real_binance
2026-06-29T23:45:00+00:00,4013.35,4016.29,4012.68,4013.73,6.3778,real_binance
2026-06-30T00:00:00+00:00,4013.71,4013.71,4002.36,4009.33,32.3166,real_binance
2026-06-30T00:15:00+00:00,4008.16,4009.81,4003.12,4004.41,8.5373,real_binance
2026-06-30T00:30:00+00:00,4004.42,4004.76,3990.31,3990.71,37.2639,real_binance
2026-06-30T00:45:00+00:00,3990.72,3992.71,3980.6,3986.49,268.1983,real_binance
2026-06-30T01:00:00+00:00,3985.91,3985.91,3944.57,3959.25,1362.0979,real_binance
2026-06-30T01:15:00+00:00,3958.88,3979.3,3950.49,3978.75,336.3822,real_binance
2026-06-30T01:30:00+00:00,3978.74,3979.01,3966.01,3968.67,107.1881,real_binance
2026-06-30T01:45:00+00:00,3968.67,3972.5,3961.98,3968.18,123.5152,real_binance
2026-06-30T02:00:00+00:00,3967.83,3972.02,3952.65,3957.86,180.2388,real_binance
2026-06-30T02:15:00+00:00,3958.43,3964.7,3956.58,3963.27,178.1214,real_binance
2026-06-30T02:30:00+00:00,3963.27,3963.53,3955.23,3959.47,107.7631,real_binance
2026-06-30T02:45:00+00:00,3960.23,3969.58,3959.47,3963.81,143.3211,real_binance
2026-06-30T03:00:00+00:00,3964.03,3969.58,3963.51,3966.66,103.5319,real_binance
2026-06-30T03:15:00+00:00,3966.65,3970.97,3963.55,3965.18,100.6955,real_binance
2026-06-30T03:30:00+00:00,3965.18,3966.08,3961.05,3964.79,32.8087,real_binance
2026-06-30T03:45:00+00:00,3964.54,3969.67,3964.54,3969.12,58.4601,real_binance
2026-06-30T04:00:00+00:00,3968.98,3973.38,3968.98,3972.85,60.0755,real_binance
2026-06-30T04:15:00+00:00,3972.85,3981.65,3972.25,3981.65,96.741,real_binance
2026-06-30T04:30:00+00:00,3981.65,3999.69,3981.65,3988.93,421.0761,real_binance
2026-06-30T04:45:00+00:00,3989.15,3990.99,3984.71,3986.72,62.8862,real_binance
2026-06-30T05:00:00+00:00,3986.73,3990.71,3984.77,3985.61,42.0078,real_binance
2026-06-30T05:15:00+00:00,3985.82,3986.35,3980.0,3982.81,43.498,real_binance
2026-06-30T05:30:00+00:00,3982.8,3983.84,3976.0,3979.77,82.3397,real_binance
2026-06-30T05:45:00+00:00,3979.2,3981.28,3976.64,3977.74,40.2672,real_binance
2026-06-30T06:00:00+00:00,3977.75,3988.14,3977.75,3986.97,75.5053,real_binance
2026-06-30T06:15:00+00:00,3987.92,4013.9,3984.79,4012.68,453.3149,real_binance
2026-06-30T06:30:00+00:00,4012.69,4032.31,4012.69,4025.02,616.1374,real_binance
2026-06-30T06:45:00+00:00,4025.02,4034.34,4024.45,4029.65,302.8522,real_binance
2026-06-30T07:00:00+00:00,4029.65,4029.65,4023.15,4024.04,55.1591,real_binance
2026-06-30T07:15:00+00:00,4024.04,4032.99,4024.04,4027.41,116.2241,real_binance
2026-06-30T07:30:00+00:00,4027.3,4029.59,4024.49,4026.42,60.8375,real_binance
2026-06-30T07:45:00+00:00,4026.42,4029.6,4024.09,4029.59,28.0076,real_binance
2026-06-30T08:00:00+00:00,4029.59,4034.83,4020.58,4022.57,137.6047,real_binance
2026-06-30T08:15:00+00:00,4022.57,4023.34,4018.84,4023.23,36.2149,real_binance
2026-06-30T08:30:00+00:00,4023.24,4024.08,4010.34,4015.04,115.379,real_binance
2026-06-30T08:45:00+00:00,4015.48,4017.32,4012.61,4013.81,33.0602,real_binance
2026-06-30T09:00:00+00:00,4014.04,4019.79,4014.04,4017.37,21.0385,real_binance
2026-06-30T09:15:00+00:00,4017.37,4020.62,4015.79,4015.79,27.8675,real_binance
2026-06-30T09:30:00+00:00,4015.91,4017.18,4011.15,4015.53,44.5897,real_binance
2026-06-30T09:45:00+00:00,4016.61,4022.48,4016.61,4022.48,51.7698,real_binance
2026-06-30T10:00:00+00:00,4022.69,4025.91,4021.19,4025.34,44.4241,real_binance
2026-06-30T10:15:00+00:00,4025.58,4027.29,4024.76,4027.29,14.4486,real_binance
2026-06-30T10:30:00+00:00,4027.29,4028.45,4024.78,4027.78,17.1567,real_binance
2026-06-30T10:45:00+00:00,4027.77,4030.0,4026.5,4028.88,10.2965,real_binance
2026-06-30T11:00:00+00:00,4029.01,4032.26,4024.52,4032.03,16.5971,real_binance
2026-06-30T11:15:00+00:00,4032.26,4033.33,4029.18,4031.4,21.5138,real_binance
2026-06-30T11:30:00+00:00,4031.41,4033.63,4027.31,4033.62,13.802,real_binance
2026-06-30T11:45:00+00:00,4033.62,4035.98,4029.36,4031.4,29.527,real_binance
2026-06-30T12:00:00+00:00,4032.16,4032.51,4024.48,4025.56,18.2637,real_binance
2026-06-30T12:15:00+00:00,4025.56,4026.58,4014.26,4015.18,60.6929,real_binance
2026-06-30T12:30:00+00:00,4015.18,4019.96,4012.05,4017.74,16.063,real_binance
2026-06-30T12:45:00+00:00,4017.61,4017.61,4008.09,4009.26,26.2028,real_binance
2026-06-30T13:00:00+00:00,4009.26,4024.78,4009.17,4022.87,68.0219,real_binance
2026-06-30T13:15:00+00:00,4022.79,4032.39,4018.25,4021.85,41.9615,real_binance
2026-06-30T13:30:00+00:00,4022.52,4026.84,4011.93,4024.39,66.6604,real_binance
2026-06-30T13:45:00+00:00,4024.61,4031.59,4021.46,4028.8,59.714,real_binance
2026-06-30T14:00:00+00:00,4028.8,4048.19,4024.4,4042.38,174.7545,real_binance
2026-06-30T14:15:00+00:00,4042.38,4060.41,4042.28,4052.78,282.662,real_binance
2026-06-30T14:30:00+00:00,4052.2,4057.57,4042.51,4049.86,190.7607,real_binance
2026-06-30T14:45:00+00:00,4047.9,4047.9,4036.36,4036.36,129.126,real_binance
2026-06-30T15:00:00+00:00,4036.37,4037.81,4031.39,4035.44,48.6454,real_binance
2026-06-30T15:15:00+00:00,4035.43,4035.43,4021.37,4027.44,19.8868,real_binance
2026-06-30T15:30:00+00:00,4027.91,4030.36,4026.84,4029.0,29.5993,real_binance
2026-06-30T15:45:00+00:00,4029.0,4034.49,4028.52,4028.68,8.8971,real_binance
2026-06-30T16:00:00+00:00,4028.31,4028.62,4025.29,4028.61,7.5343,real_binance
2026-06-30T16:15:00+00:00,4028.61,4029.43,4026.51,4027.98,8.8675,real_binance
2026-06-30T16:30:00+00:00,4028.3,4029.53,4025.92,4029.3,13.9066,real_binance
2026-06-30T16:45:00+00:00,4029.31,4031.41,4024.48,4024.71,12.1604,real_binance
2026-06-30T17:00:00+00:00,4024.41,4025.64,4019.32,4021.09,12.5378,real_binance
2026-06-30T17:15:00+00:00,4021.09,4025.0,4019.33,4022.94,8.3663,real_binance
2026-06-30T17:30:00+00:00,4023.56,4026.73,4023.56,4026.52,5.565,real_binance
2026-06-30T17:45:00+00:00,4026.53,4029.45,4026.52,4028.0,8.6224,real_binance
2026-06-30T18:00:00+00:00,4028.0,4031.44,4028.0,4030.88,10.4389,real_binance
2026-06-30T18:15:00+00:00,4030.88,4031.0,4029.0,4029.57,13.9224,real_binance
2026-06-30T18:30:00+00:00,4028.52,4028.81,4026.3,4028.78,12.466,real_binance
2026-06-30T18:45:00+00:00,4028.41,4030.59,4027.12,4027.12,2.3093,real_binance
2026-06-30T19:00:00+00:00,4027.12,4027.12,4022.5,4022.51,9.9738,real_binance
2026-06-30T19:15:00+00:00,4022.5,4023.05,4019.33,4019.82,14.1393,real_binance
2026-06-30T19:30:00+00:00,4019.82,4021.09,4019.32,4021.08,20.5264,real_binance
2026-06-30T19:45:00+00:00,4021.08,4021.09,4014.89,4015.02,11.2887,real_binance
2026-06-30T20:00:00+00:00,4015.02,4019.01,4014.26,4018.07,6.2908,real_binance
2026-06-30T20:15:00+00:00,4018.28,4018.28,4010.7,4011.01,16.7099,real_binance
2026-06-30T20:30:00+00:00,4011.0,4011.54,4010.0,4010.26,2.3595,real_binance
2026-06-30T20:45:00+00:00,4010.36,4010.79,4006.66,4007.03,5.3695,real_binance
2026-06-30T21:00:00+00:00,4007.58,4008.87,4005.56,4005.58,68.9274,real_binance
2026-06-30T21:15:00+00:00,4005.57,4009.86,4005.35,4009.63,24.2144,real_binance
2026-06-30T21:30:00+00:00,4009.63,4010.83,4009.45,4009.45,6.1408,real_binance
2026-06-30T21:45:00+00:00,4009.44,4011.91,4009.44,4011.91,2.1057,real_binance
2026-06-30T22:00:00+00:00,4011.9,4015.11,4010.32,4012.73,20.1142,real_binance
2026-06-30T22:15:00+00:00,4012.73,4013.64,4011.12,4011.68,8.7878,real_binance
2026-06-30T22:30:00+00:00,4011.87,4015.46,4011.86,4013.69,2.4188,real_binance
2026-06-30T22:45:00+00:00,4013.68,4014.47,4010.24,4010.85,6.7,real_binance
2026-06-30T23:00:00+00:00,4010.86,4015.96,4010.25,4013.71,19.6708,real_binance
2026-06-30T23:15:00+00:00,4013.7,4014.11,4007.28,4009.54,9.4838,real_binance
2026-06-30T23:30:00+00:00,4009.42,4010.14,4007.09,4007.56,9.1513,real_binance
2026-06-30T23:45:00+00:00,4007.56,4007.56,4004.3,4004.47,15.3734,real_binance
2026-07-01T00:00:00+00:00,4004.47,4008.17,4004.13,4007.11,25.9934,real_binance
2026-07-01T00:15:00+00:00,4007.41,4007.54,4000.0,4000.26,13.9141,real_binance
2026-07-01T00:30:00+00:00,4000.92,4003.59,3993.95,3994.03,37.1357,real_binance
2026-07-01T00:45:00+00:00,3994.65,3997.38,3992.28,3994.64,23.1074,real_binance
2026-07-01T01:00:00+00:00,3994.63,3997.91,3976.72,3982.16,92.396,real_binance
2026-07-01T01:15:00+00:00,3982.33,3985.33,3975.17,3985.33,79.988,real_binance
2026-07-01T01:30:00+00:00,3985.34,3988.73,3975.99,3979.94,81.0783,real_binance
2026-07-01T01:45:00+00:00,3979.18,3981.58,3975.02,3978.07,27.9239,real_binance
2026-07-01T02:00:00+00:00,3978.07,3979.58,3970.56,3977.04,40.5351,real_binance
2026-07-01T02:15:00+00:00,3977.09,3982.79,3977.09,3981.11,13.3177,real_binance
2026-07-01T02:30:00+00:00,3981.1,3984.26,3979.15,3982.05,48.4825,real_binance
2026-07-01T02:45:00+00:00,3982.11,3984.2,3978.78,3979.74,111.8557,real_binance
2026-07-01T03:00:00+00:00,3979.75,3986.22,3979.75,3984.7,7.7258,real_binance
2026-07-01T03:15:00+00:00,3984.5,3987.19,3981.05,3981.76,8.3625,real_binance
2026-07-01T03:30:00+00:00,3981.86,3982.66,3977.21,3978.46,28.4146,real_binance
2026-07-01T03:45:00+00:00,3978.48,3981.47,3978.23,3981.47,18.1197,real_binance
2026-07-01T04:00:00+00:00,3981.82,3981.82,3976.6,3977.73,29.9032,real_binance
2026-07-01T04:15:00+00:00,3977.9,3979.35,3976.71,3979.01,16.1053,real_binance
2026-07-01T04:30:00+00:00,3979.25,3981.06,3975.01,3975.92,42.2462,real_binance
2026-07-01T04:45:00+00:00,3975.92,3982.62,3975.91,3979.86,65.2717,real_binance
2026-07-01T05:00:00+00:00,3978.69,3979.14,3972.02,3973.72,16.7651,real_binance
2026-07-01T05:15:00+00:00,3973.96,3977.52,3972.91,3975.67,11.6988,real_binance
2026-07-01T05:30:00+00:00,3975.62,3979.79,3972.15,3977.42,20.799,real_binance
2026-07-01T05:45:00+00:00,3977.61,3980.58,3976.65,3977.27,19.4222,real_binance
2026-07-01T06:00:00+00:00,3977.03,3979.36,3965.06,3966.44,54.7317,real_binance
2026-07-01T06:15:00+00:00,3966.19,3970.98,3964.05,3968.68,17.1702,real_binance
2026-07-01T06:30:00+00:00,3968.51,3973.88,3964.76,3973.47,21.4947,real_binance
2026-07-01T06:45:00+00:00,3973.07,3973.79,3969.65,3971.31,11.1547,real_binance
2026-07-01T07:00:00+00:00,3972.21,3973.47,3961.41,3962.11,19.8539,real_binance
2026-07-01T07:15:00+00:00,3961.79,3970.86,3961.0,3965.69,45.209,real_binance
2026-07-01T07:30:00+00:00,3964.49,3969.39,3956.89,3969.39,166.7984,real_binance
2026-07-01T07:45:00+00:00,3970.0,3977.27,3968.64,3975.64,57.7542,real_binance
2026-07-01T08:00:00+00:00,3975.64,3975.82,3970.0,3973.52,14.9162,real_binance
2026-07-01T08:15:00+00:00,3974.75,3982.03,3974.75,3978.65,19.0413,real_binance
2026-07-01T08:30:00+00:00,3978.15,3978.15,3972.84,3977.85,18.6781,real_binance
2026-07-01T08:45:00+00:00,3977.26,3977.34,3972.71,3973.24,10.146,real_binance
2026-07-01T09:00:00+00:00,3973.76,3976.1,3973.23,3975.91,11.6639,real_binance
2026-07-01T09:15:00+00:00,3975.83,3979.28,3975.83,3978.25,3.9972,real_binance
2026-07-01T09:30:00+00:00,3978.25,3981.8,3978.25,3980.58,7.5425,real_binance
2026-07-01T09:45:00+00:00,3981.0,3985.12,3981.0,3984.99,9.6249,real_binance
2026-07-01T10:00:00+00:00,3984.99,3989.59,3983.16,3983.17,12.902,real_binance
2026-07-01T10:15:00+00:00,3983.28,3984.69,3980.99,3984.69,28.8092,real_binance
2026-07-01T10:30:00+00:00,3985.27,3991.82,3985.27,3985.48,52.5279,real_binance
2026-07-01T10:45:00+00:00,3985.48,3996.56,3985.47,3996.19,15.4815,real_binance
2026-07-01T11:00:00+00:00,3996.19,4016.29,3996.18,4014.1,67.6168,real_binance
2026-07-01T11:15:00+00:00,4014.31,4026.0,4013.9,4024.36,117.0146,real_binance
2026-07-01T11:30:00+00:00,4024.41,4028.77,4021.19,4027.27,88.6256,real_binance
2026-07-01T11:45:00+00:00,4026.93,4032.24,4026.82,4027.91,71.5953,real_binance
2026-07-01T12:00:00+00:00,4028.14,4030.91,4017.83,4019.0,49.0772,real_binance
2026-07-01T12:15:00+00:00,4020.29,4027.69,4020.29,4023.42,37.9013,real_binance
2026-07-01T12:30:00+00:00,4023.29,4029.6,4021.38,4024.28,49.8091,real_binance
2026-07-01T12:45:00+00:00,4023.82,4026.68,4021.5,4021.5,37.9474,real_binance
2026-07-01T13:00:00+00:00,4021.5,4023.36,4011.23,4018.21,73.2888,real_binance
2026-07-01T13:15:00+00:00,4019.04,4044.27,4019.04,4044.27,102.8441,real_binance
2026-07-01T13:30:00+00:00,4044.26,4093.67,4038.65,4092.24,438.388,real_binance
2026-07-01T13:45:00+00:00,4092.71,4105.21,4081.25,4084.6,416.2319,real_binance
2026-07-01T14:00:00+00:00,4085.09,4094.99,4078.01,4089.89,112.5021,real_binance
2026-07-01T14:15:00+00:00,4089.29,4102.82,4086.18,4096.68,111.7551,real_binance
2026-07-01T14:30:00+00:00,4096.45,4110.89,4088.33,4089.08,204.3615,real_binance
2026-07-01T14:45:00+00:00,4089.08,4090.94,4082.81,4089.09,114.1281,real_binance
2026-07-01T15:00:00+00:00,4089.49,4090.31,4078.21,4081.37,82.6034,real_binance
2026-07-01T15:15:00+00:00,4082.68,4087.48,4076.41,4080.17,108.2874,real_binance
2026-07-01T15:30:00+00:00,4080.23,4080.23,4074.24,4078.48,74.9528,real_binance
2026-07-01T15:45:00+00:00,4078.48,4083.99,4076.39,4077.57,53.8527,real_binance
2026-07-01T16:00:00+00:00,4077.45,4083.77,4077.45,4079.99,48.7415,real_binance
2026-07-01T16:15:00+00:00,4079.43,4081.09,4076.91,4077.41,52.6838,real_binance
2026-07-01T16:30:00+00:00,4077.42,4078.75,4068.97,4069.36,48.6651,real_binance
2026-07-01T16:45:00+00:00,4069.93,4070.56,4066.01,4066.01,23.5855,real_binance
2026-07-01T17:00:00+00:00,4066.02,4068.94,4064.99,4066.19,45.8912,real_binance
2026-07-01T17:15:00+00:00,4066.59,4066.62,4063.72,4063.72,29.777,real_binance
2026-07-01T17:30:00+00:00,4063.73,4068.29,4063.73,4066.6,27.4327,real_binance
2026-07-01T17:45:00+00:00,4066.59,4067.79,4063.72,4064.28,13.2984,real_binance
2026-07-01T18:00:00+00:00,4064.29,4065.98,4063.55,4065.64,35.6092,real_binance
2026-07-01T18:15:00+00:00,4065.38,4065.38,4057.7,4057.7,72.9532,real_binance
2026-07-01T18:30:00+00:00,4057.7,4062.06,4057.7,4058.91,12.4947,real_binance
2026-07-01T18:45:00+00:00,4058.91,4058.91,4055.01,4058.15,16.1406,real_binance
2026-07-01T19:00:00+00:00,4058.32,4064.13,4058.32,4061.89,14.7113,real_binance
2026-07-01T19:15:00+00:00,4061.9,4061.9,4054.16,4055.61,14.0904,real_binance
2026-07-01T19:30:00+00:00,4055.17,4055.88,4050.33,4050.34,6.6815,real_binance
2026-07-01T19:45:00+00:00,4050.63,4050.63,4033.26,4036.06,51.3575,real_binance
2026-07-01T20:00:00+00:00,4036.06,4036.68,4027.3,4034.81,58.4118,real_binance
2026-07-01T20:15:00+00:00,4034.81,4038.16,4033.69,4038.16,47.3796,real_binance
2026-07-01T20:30:00+00:00,4038.16,4038.16,4033.44,4033.89,34.2502,real_binance
2026-07-01T20:45:00+00:00,4033.88,4035.9,4029.82,4030.68,41.1264,real_binance
2026-07-01T21:00:00+00:00,4030.67,4035.73,4030.67,4035.73,21.1392,real_binance
2026-07-01T21:15:00+00:00,4035.73,4035.73,4034.82,4035.03,9.6492,real_binance
2026-07-01T21:30:00+00:00,4035.02,4038.29,4035.02,4037.27,31.2452,real_binance
2026-07-01T21:45:00+00:00,4037.27,4038.32,4037.18,4037.19,15.6449,real_binance
2026-07-01T22:00:00+00:00,4037.19,4037.8,4033.39,4035.66,95.3438,real_binance
2026-07-01T22:15:00+00:00,4035.34,4038.13,4034.64,4037.32,30.0481,real_binance
2026-07-01T22:30:00+00:00,4037.17,4038.73,4036.28,4038.72,33.908,real_binance
2026-07-01T22:45:00+00:00,4038.73,4044.27,4038.73,4044.27,52.6169,real_binance
2026-07-01T23:00:00+00:00,4044.26,4044.26,4037.23,4037.3,45.2132,real_binance
2026-07-01T23:15:00+00:00,4037.3,4038.58,4032.97,4034.9,63.6297,real_binance
2026-07-01T23:30:00+00:00,4034.91,4037.47,4032.56,4033.11,30.6526,real_binance
2026-07-01T23:45:00+00:00,4033.12,4034.43,4030.65,4032.89,45.8391,real_binance
2026-07-02T00:00:00+00:00,4032.85,4044.29,4029.92,4042.43,93.5299,real_binance
2026-07-02T00:15:00+00:00,4043.05,4046.15,4038.85,4043.21,39.9788,real_binance
2026-07-02T00:30:00+00:00,4044.04,4044.73,4036.1,4037.18,34.2413,real_binance
2026-07-02T00:45:00+00:00,4037.2,4050.0,4037.2,4049.84,12.2011,real_binance
2026-07-02T01:00:00+00:00,4049.95,4065.71,4048.69,4063.44,43.7709,real_binance
2026-07-02T01:15:00+00:00,4063.29,4063.29,4049.75,4051.65,25.9756,real_binance
2026-07-02T01:30:00+00:00,4051.63,4053.41,4045.4,4046.62,20.7344,real_binance
2026-07-02T01:45:00+00:00,4046.62,4053.86,4044.3,4047.61,55.51,real_binance
2026-07-02T02:00:00+00:00,4047.91,4048.43,4040.51,4046.13,22.6203,real_binance
2026-07-02T02:15:00+00:00,4046.14,4051.72,4046.14,4049.36,25.4227,real_binance
2026-07-02T02:30:00+00:00,4049.02,4055.64,4045.53,4055.34,28.4475,real_binance
2026-07-02T02:45:00+00:00,4054.72,4058.82,4053.66,4056.53,11.6048,real_binance
2026-07-02T03:00:00+00:00,4056.53,4057.77,4054.11,4055.41,13.1744,real_binance
2026-07-02T03:15:00+00:00,4055.57,4065.05,4055.57,4063.34,18.5895,real_binance
2026-07-02T03:30:00+00:00,4063.66,4066.05,4060.64,4064.6,16.5024,real_binance
2026-07-02T03:45:00+00:00,4065.11,4071.41,4062.28,4066.96,18.6533,real_binance
2026-07-02T04:00:00+00:00,4067.21,4069.56,4065.99,4067.18,14.8659,real_binance
2026-07-02T04:15:00+00:00,4067.02,4067.25,4061.63,4061.64,13.8589,real_binance
2026-07-02T04:30:00+00:00,4062.75,4062.97,4058.82,4060.92,8.6128,real_binance
2026-07-02T04:45:00+00:00,4060.91,4061.89,4058.35,4058.36,13.2454,real_binance
2026-07-02T05:00:00+00:00,4058.35,4058.36,4052.54,4052.98,12.9709,real_binance
2026-07-02T05:15:00+00:00,4052.57,4058.99,4052.57,4054.27,15.7056,real_binance
2026-07-02T05:30:00+00:00,4053.98,4062.29,4051.61,4058.89,40.4119,real_binance
2026-07-02T05:45:00+00:00,4059.37,4065.56,4057.95,4063.96,19.316,real_binance
2026-07-02T06:00:00+00:00,4063.96,4072.63,4063.96,4065.4,18.297,real_binance
2026-07-02T06:15:00+00:00,4065.14,4076.04,4064.05,4071.98,16.3695,real_binance
2026-07-02T06:30:00+00:00,4071.71,4073.22,4064.12,4065.46,26.5493,real_binance
2026-07-02T06:45:00+00:00,4065.03,4073.08,4064.69,4070.56,14.3974,real_binance
2026-07-02T07:00:00+00:00,4070.07,4070.38,4064.2,4064.2,17.2126,real_binance
2026-07-02T07:15:00+00:00,4064.2,4065.05,4058.85,4061.01,21.3618,real_binance
2026-07-02T07:30:00+00:00,4061.0,4071.6,4059.41,4071.5,6.0147,real_binance
2026-07-02T07:45:00+00:00,4071.49,4071.5,4061.62,4061.95,12.5614,real_binance
2026-07-02T08:00:00+00:00,4061.67,4070.64,4059.38,4066.59,32.9234,real_binance
2026-07-02T08:15:00+00:00,4066.69,4074.58,4066.35,4072.53,24.0376,real_binance
2026-07-02T08:30:00+00:00,4072.56,4075.57,4070.91,4073.86,33.5698,real_binance
2026-07-02T08:45:00+00:00,4073.62,4077.84,4071.14,4074.29,41.7608,real_binance
2026-07-02T09:00:00+00:00,4074.29,4075.42,4068.18,4070.74,24.3269,real_binance
2026-07-02T09:15:00+00:00,4070.75,4070.75,4064.21,4065.0,39.4864,real_binance
2026-07-02T09:30:00+00:00,4065.6,4070.7,4061.99,4068.19,26.6462,real_binance
2026-07-02T09:45:00+00:00,4067.77,4070.36,4063.98,4064.61,27.7506,real_binance
2026-07-02T10:00:00+00:00,4064.61,4064.94,4062.06,4062.06,17.2005,real_binance
2026-07-02T10:15:00+00:00,4062.05,4066.54,4061.53,4064.37,10.8497,real_binance
2026-07-02T10:30:00+00:00,4064.37,4067.1,4062.53,4063.07,11.6498,real_binance
2026-07-02T10:45:00+00:00,4063.34,4066.71,4060.69,4065.69,47.4568,real_binance
2026-07-02T11:00:00+00:00,4065.9,4065.9,4057.44,4061.55,50.7984,real_binance
2026-07-02T11:15:00+00:00,4061.97,4065.24,4061.55,4063.1,16.6266,real_binance
2026-07-02T11:30:00+00:00,4063.11,4069.06,4060.9,4068.77,37.4673,real_binance
2026-07-02T11:45:00+00:00,4068.77,4069.61,4064.85,4064.85,53.7671,real_binance
2026-07-02T12:00:00+00:00,4064.85,4071.58,4060.97,4063.08,23.3338,real_binance
2026-07-02T12:15:00+00:00,4063.09,4067.38,4060.91,4062.86,31.0442,real_binance
2026-07-02T12:30:00+00:00,4063.72,4136.69,4063.72,4129.18,766.9484,real_binance
2026-07-02T12:45:00+00:00,4129.47,4130.97,4108.44,4114.49,146.9425,real_binance
2026-07-02T13:00:00+00:00,4113.77,4125.9,4113.04,4120.79,70.5693,real_binance
2026-07-02T13:15:00+00:00,4121.37,4121.38,4106.67,4108.39,108.6309,real_binance
2026-07-02T13:30:00+00:00,4108.64,4133.16,4105.89,4130.89,153.5109,real_binance
2026-07-02T13:45:00+00:00,4131.19,4138.9,4129.37,4131.18,137.8227,real_binance
2026-07-02T14:00:00+00:00,4131.73,4132.93,4119.4,4123.71,85.9423,real_binance
2026-07-02T14:15:00+00:00,4123.36,4130.87,4110.31,4112.18,39.3048,real_binance
2026-07-02T14:30:00+00:00,4112.14,4120.75,4111.0,4114.9,26.2379,real_binance
2026-07-02T14:45:00+00:00,4114.99,4124.37,4111.65,4123.56,60.0781,real_binance
2026-07-02T15:00:00+00:00,4123.56,4126.79,4111.01,4123.22,47.9635,real_binance
2026-07-02T15:15:00+00:00,4123.22,4126.37,4117.37,4118.42,40.6179,real_binance
2026-07-02T15:30:00+00:00,4119.05,4125.97,4119.05,4121.45,64.9969,real_binance
2026-07-02T15:45:00+00:00,4121.46,4125.56,4121.46,4124.79,94.4762,real_binance
2026-07-02T16:00:00+00:00,4124.61,4125.56,4118.52,4119.34,40.5697,real_binance
2026-07-02T16:15:00+00:00,4119.34,4119.88,4111.68,4112.1,53.9669,real_binance
2026-07-02T16:30:00+00:00,4112.11,4112.11,4096.76,4110.74,87.0441,real_binance
2026-07-02T16:45:00+00:00,4110.73,4115.66,4110.16,4113.78,27.2536,real_binance
2026-07-02T17:00:00+00:00,4113.31,4115.25,4110.18,4113.93,19.4468,real_binance
2026-07-02T17:15:00+00:00,4113.93,4115.31,4108.01,4108.35,28.9176,real_binance
2026-07-02T17:30:00+00:00,4108.73,4110.17,4103.48,4103.49,7.963,real_binance
2026-07-02T17:45:00+00:00,4103.87,4106.41,4103.0,4103.0,19.3119,real_binance
2026-07-02T18:00:00+00:00,4103.0,4119.35,4102.6,4115.81,14.9894,real_binance
2026-07-02T18:15:00+00:00,4115.82,4119.28,4113.01,4119.23,6.5825,real_binance
2026-07-02T18:30:00+00:00,4119.36,4122.43,4119.08,4119.23,23.6849,real_binance
2026-07-02T18:45:00+00:00,4118.42,4120.87,4117.3,4118.16,28.4842,real_binance
2026-07-02T19:00:00+00:00,4118.16,4120.34,4110.56,4111.45,12.8493,real_binance
2026-07-02T19:15:00+00:00,4111.45,4111.45,4106.0,4109.74,6.2066,real_binance
2026-07-02T19:30:00+00:00,4109.74,4111.46,4108.25,4110.2,6.5348,real_binance
2026-07-02T19:45:00+00:00,4110.19,4119.39,4110.01,4117.41,7.7347,real_binance
2026-07-02T20:00:00+00:00,4116.95,4118.42,4113.07,4117.53,8.619,real_binance
2026-07-02T20:15:00+00:00,4117.53,4121.44,4116.79,4120.22,6.8462,real_binance
2026-07-02T20:30:00+00:00,4120.21,4121.07,4118.24,4118.3,18.3464,real_binance
2026-07-02T20:45:00+00:00,4118.29,4120.29,4117.13,4120.29,15.7415,real_binance
2026-07-02T21:00:00+00:00,4120.28,4120.28,4119.88,4119.88,4.7146,real_binance
2026-07-02T21:15:00+00:00,4119.89,4119.89,4119.53,4119.53,3.3387,real_binance
2026-07-02T21:30:00+00:00,4119.54,4121.71,4119.5,4121.7,10.2763,real_binance
2026-07-02T21:45:00+00:00,4121.64,4121.64,4121.08,4121.09,1.8564,real_binance
2026-07-02T22:00:00+00:00,4121.08,4123.36,4121.08,4121.83,6.9255,real_binance
2026-07-02T22:15:00+00:00,4121.83,4121.83,4119.58,4120.28,6.2794,real_binance
2026-07-02T22:30:00+00:00,4120.28,4122.03,4119.94,4119.95,5.6233,real_binance
2026-07-02T22:45:00+00:00,4119.95,4121.52,4119.4,4120.7,7.672,real_binance
2026-07-02T23:00:00+00:00,4120.7,4122.25,4120.69,4121.86,9.2499,real_binance
2026-07-02T23:15:00+00:00,4121.85,4125.28,4120.82,4125.01,11.9172,real_binance
2026-07-02T23:30:00+00:00,4125.02,4128.86,4120.0,4122.18,54.6725,real_binance
2026-07-02T23:45:00+00:00,4122.19,4128.02,4122.18,4124.31,25.3744,real_binance
2026-07-03T00:00:00+00:00,4124.3,4132.84,4121.22,4131.18,26.9319,real_binance
2026-07-03T00:15:00+00:00,4131.18,4137.14,4128.64,4134.4,22.8246,real_binance
2026-07-03T00:30:00+00:00,4134.07,4135.53,4130.42,4132.62,8.364,real_binance
2026-07-03T00:45:00+00:00,4132.62,4146.66,4131.91,4144.64,35.8532,real_binance
2026-07-03T01:00:00+00:00,4144.64,4173.8,4143.4,4170.78,87.1451,real_binance
2026-07-03T01:15:00+00:00,4170.9,4187.29,4169.77,4181.3,111.9599,real_binance
2026-07-03T01:30:00+00:00,4181.78,4188.74,4172.84,4172.84,78.1687,real_binance
2026-07-03T01:45:00+00:00,4172.81,4176.78,4168.68,4175.56,34.6855,real_binance
2026-07-03T02:00:00+00:00,4175.92,4177.57,4171.36,4173.7,24.7477,real_binance
2026-07-03T02:15:00+00:00,4173.26,4174.51,4170.55,4172.53,17.7506,real_binance
2026-07-03T02:30:00+00:00,4172.54,4180.0,4171.99,4177.38,39.0179,real_binance
2026-07-03T02:45:00+00:00,4178.0,4179.78,4173.0,4177.16,23.3943,real_binance
2026-07-03T03:00:00+00:00,4177.15,4177.42,4173.94,4176.54,12.8908,real_binance
2026-07-03T03:15:00+00:00,4176.53,4176.53,4173.79,4174.8,14.5973,real_binance
2026-07-03T03:30:00+00:00,4174.8,4176.0,4171.26,4171.45,25.9084,real_binance
2026-07-03T03:45:00+00:00,4171.28,4172.3,4168.77,4168.78,8.8624,real_binance
2026-07-03T04:00:00+00:00,4169.09,4171.69,4167.36,4171.68,30.7834,real_binance
2026-07-03T04:15:00+00:00,4171.68,4175.87,4170.18,4172.36,21.7716,real_binance
2026-07-03T04:30:00+00:00,4172.36,4172.37,4168.53,4170.66,12.6085,real_binance
2026-07-03T04:45:00+00:00,4170.65,4171.43,4167.79,4170.98,13.4812,real_binance
2026-07-03T05:00:00+00:00,4170.99,4174.4,4170.06,4171.7,13.2394,real_binance
2026-07-03T05:15:00+00:00,4171.7,4172.31,4167.75,4170.16,14.6861,real_binance
2026-07-03T05:30:00+00:00,4170.15,4175.19,4167.4,4168.39,47.1207,real_binance
2026-07-03T05:45:00+00:00,4168.38,4168.6,4163.19,4164.96,38.168,real_binance
2026-07-03T06:00:00+00:00,4164.97,4164.97,4157.34,4157.34,59.5054,real_binance
2026-07-03T06:15:00+00:00,4157.34,4161.34,4155.84,4159.18,24.519,real_binance
2026-07-03T06:30:00+00:00,4159.27,4166.69,4159.19,4164.29,33.6938,real_binance
2026-07-03T06:45:00+00:00,4164.47,4167.99,4164.47,4166.89,19.1457,real_binance
2026-07-03T07:00:00+00:00,4166.89,4173.94,4165.38,4167.99,30.0591,real_binance
2026-07-03T07:15:00+00:00,4168.41,4169.1,4163.2,4168.3,33.8421,real_binance
2026-07-03T07:30:00+00:00,4168.74,4173.24,4167.68,4172.69,36.0246,real_binance
2026-07-03T07:45:00+00:00,4172.69,4175.21,4168.38,4170.15,74.1207,real_binance
2026-07-03T08:00:00+00:00,4170.27,4177.73,4170.27,4176.97,61.8863,real_binance
2026-07-03T08:15:00+00:00,4177.41,4177.76,4175.2,4176.49,72.185,real_binance
2026-07-03T08:30:00+00:00,4177.06,4180.22,4175.17,4178.29,55.9181,real_binance
2026-07-03T08:45:00+00:00,4178.52,4179.25,4172.07,4175.04,53.8818,real_binance
2026-07-03T09:00:00+00:00,4175.04,4176.26,4170.69,4173.93,32.8762,real_binance
2026-07-03T09:15:00+00:00,4173.97,4174.47,4166.53,4166.88,22.1903,real_binance
2026-07-03T09:30:00+00:00,4166.94,4167.2,4164.12,4167.0,20.3312,real_binance
2026-07-03T09:45:00+00:00,4167.01,4168.92,4167.01,4167.51,13.3904,real_binance
2026-07-03T10:00:00+00:00,4167.51,4175.19,4165.82,4174.53,32.3973,real_binance
2026-07-03T10:15:00+00:00,4174.63,4175.0,4172.63,4172.63,27.8109,real_binance
2026-07-03T10:30:00+00:00,4172.69,4172.86,4170.64,4172.19,30.4539,real_binance
2026-07-03T10:45:00+00:00,4172.2,4173.09,4170.02,4171.27,10.796,real_binance
2026-07-03T11:00:00+00:00,4171.27,4177.9,4170.18,4177.89,46.7473,real_binance
2026-07-03T11:15:00+00:00,4177.91,4179.8,4176.69,4176.71,33.2922,real_binance
2026-07-03T11:30:00+00:00,4176.7,4179.32,4176.45,4178.57,29.1824,real_binance
2026-07-03T11:45:00+00:00,4178.57,4179.68,4173.03,4174.52,31.5718,real_binance
2026-07-03T12:00:00+00:00,4174.83,4177.3,4172.4,4172.73,12.8413,real_binance
2026-07-03T12:15:00+00:00,4172.73,4172.73,4167.97,4169.88,16.5603,real_binance
2026-07-03T12:30:00+00:00,4169.88,4172.3,4168.76,4169.91,19.5464,real_binance
2026-07-03T12:45:00+00:00,4169.91,4172.51,4167.39,4172.51,26.2838,real_binance
2026-07-03T13:00:00+00:00,4172.66,4173.99,4160.01,4161.03,43.444,real_binance
2026-07-03T13:15:00+00:00,4161.03,4166.35,4161.03,4166.13,39.3039,real_binance
2026-07-03T13:30:00+00:00,4165.87,4165.87,4160.24,4162.65,24.9999,real_binance
2026-07-03T13:45:00+00:00,4162.65,4163.5,4159.37,4160.32,90.075,real_binance
2026-07-03T14:00:00+00:00,4160.32,4162.53,4151.37,4157.28,29.9165,real_binance
2026-07-03T14:15:00+00:00,4157.29,4161.63,4157.29,4161.63,12.0247,real_binance
2026-07-03T14:30:00+00:00,4161.63,4162.45,4158.76,4158.76,31.6228,real_binance
2026-07-03T14:45:00+00:00,4158.76,4166.0,4158.75,4165.97,23.495,real_binance
2026-07-03T15:00:00+00:00,4165.29,4168.0,4163.83,4167.18,7.5915,real_binance
2026-07-03T15:15:00+00:00,4167.18,4168.05,4163.25,4163.26,20.4598,real_binance
2026-07-03T15:30:00+00:00,4163.26,4163.87,4162.24,4163.62,15.6119,real_binance
2026-07-03T15:45:00+00:00,4163.61,4163.61,4160.23,4160.24,8.1434,real_binance
2026-07-03T16:00:00+00:00,4160.23,4160.33,4158.15,4158.43,67.6941,real_binance
2026-07-03T16:15:00+00:00,4158.43,4161.27,4157.59,4161.02,9.059,real_binance
2026-07-03T16:30:00+00:00,4161.02,4164.52,4161.02,4164.52,11.0434,real_binance
2026-07-03T16:45:00+00:00,4164.52,4169.98,4164.52,4169.28,21.1978,real_binance
2026-07-03T17:00:00+00:00,4169.27,4169.27,4168.36,4168.8,7.0334,real_binance
2026-07-03T17:15:00+00:00,4168.81,4170.1,4168.8,4170.09,27.0863,real_binance
2026-07-03T17:30:00+00:00,4170.09,4170.1,4168.75,4168.75,3.2195,real_binance
2026-07-03T17:45:00+00:00,4168.75,4169.38,4168.2,4169.37,16.7549,real_binance
2026-07-03T18:00:00+00:00,4169.38,4169.38,4168.0,4168.72,32.5055,real_binance
2026-07-03T18:15:00+00:00,4168.72,4168.72,4168.71,4168.71,3.1628,real_binance
2026-07-03T18:30:00+00:00,4168.71,4168.71,4168.48,4168.49,2.6156,real_binance
2026-07-03T18:45:00+00:00,4168.48,4171.77,4168.22,4169.52,157.8043,real_binance
2026-07-03T19:00:00+00:00,4169.53,4169.53,4169.52,4169.53,1.7349,real_binance
2026-07-03T19:15:00+00:00,4169.52,4170.71,4169.52,4170.71,3.7318,real_binance
2026-07-03T19:30:00+00:00,4170.71,4171.18,4169.97,4170.28,4.2786,real_binance
2026-07-03T19:45:00+00:00,4170.28,4171.17,4170.28,4170.66,7.1619,real_binance
2026-07-03T20:00:00+00:00,4170.66,4171.9,4170.65,4171.65,8.6529,real_binance
2026-07-03T20:15:00+00:00,4171.66,4174.38,4171.65,4173.3,16.2001,real_binance
2026-07-03T20:30:00+00:00,4173.31,4174.07,4172.93,4173.57,3.753,real_binance
2026-07-03T20:45:00+00:00,4173.57,4173.57,4170.67,4171.05,8.6865,real_binance
2026-07-03T21:00:00+00:00,4171.04,4172.89,4171.04,4172.89,9.9833,real_binance
2026-07-03T21:15:00+00:00,4172.89,4172.9,4172.36,4172.36,3.0433,real_binance
2026-07-03T21:30:00+00:00,4172.36,4173.48,4171.22,4172.66,15.3274,real_binance
2026-07-03T21:45:00+00:00,4172.49,4172.5,4172.29,4172.3,5.7064,real_binance
2026-07-03T22:00:00+00:00,4172.3,4172.49,4168.54,4168.66,9.8212,real_binance
2026-07-03T22:15:00+00:00,4168.65,4169.03,4168.03,4168.03,5.9783,real_binance
2026-07-03T22:30:00+00:00,4168.03,4168.03,4167.38,4167.51,3.5075,real_binance
2026-07-03T22:45:00+00:00,4167.5,4169.76,4167.5,4169.76,7.4234,real_binance
2026-07-03T23:00:00+00:00,4170.05,4170.73,4170.04,4170.24,5.7656,real_binance
2026-07-03T23:15:00+00:00,4170.24,4171.58,4170.24,4171.44,3.6268,real_binance
2026-07-03T23:30:00+00:00,4171.45,4171.45,4171.43,4171.43,2.2023,real_binance
2026-07-03T23:45:00+00:00,4171.04,4171.04,4165.11,4168.71,19.665,real_binance
2026-07-04T00:00:00+00:00,4168.72,4170.52,4164.63,4164.68,20.6972,real_binance
2026-07-04T00:15:00+00:00,4164.68,4164.68,4161.96,4161.96,1.4641,real_binance
2026-07-04T00:30:00+00:00,4161.96,4161.97,4158.91,4161.16,13.4873,real_binance
2026-07-04T00:45:00+00:00,4161.16,4161.17,4161.16,4161.17,0.6389,real_binance
2026-07-04T01:00:00+00:00,4161.16,4161.17,4160.01,4161.04,3.8992,real_binance
2026-07-04T01:15:00+00:00,4161.48,4162.77,4161.47,4162.77,3.8336,real_binance
2026-07-04T01:30:00+00:00,4162.76,4163.29,4162.76,4163.29,2.9613,real_binance
2026-07-04T01:45:00+00:00,4163.29,4163.29,4162.86,4162.87,7.2866,real_binance
2026-07-04T02:00:00+00:00,4162.87,4162.87,4162.85,4162.86,0.6843,real_binance
2026-07-04T02:15:00+00:00,4162.87,4162.87,4162.86,4162.87,0.4956,real_binance
2026-07-04T02:30:00+00:00,4162.86,4162.87,4162.65,4162.87,2.8837,real_binance
2026-07-04T02:45:00+00:00,4162.86,4162.87,4162.86,4162.87,0.2177,real_binance
2026-07-04T03:00:00+00:00,4162.87,4163.61,4162.87,4163.61,0.8444,real_binance
2026-07-04T03:15:00+00:00,4163.61,4163.84,4163.6,4163.83,2.0778,real_binance
2026-07-04T03:30:00+00:00,4163.84,4165.75,4163.83,4165.65,8.113,real_binance
2026-07-04T03:45:00+00:00,4165.65,4165.96,4165.41,4165.52,5.164,real_binance
2026-07-04T04:00:00+00:00,4165.53,4166.37,4165.52,4166.37,6.7856,real_binance
2026-07-04T04:15:00+00:00,4166.36,4166.37,4165.61,4165.62,3.2996,real_binance
2026-07-04T04:30:00+00:00,4165.62,4165.62,4165.6,4165.62,3.9096,real_binance
2026-07-04T04:45:00+00:00,4165.62,4166.28,4165.62,4166.28,3.0982,real_binance
2026-07-04T05:00:00+00:00,4166.28,4166.28,4165.8,4165.81,2.8046,real_binance
2026-07-04T05:15:00+00:00,4165.8,4165.8,4164.51,4164.52,13.0436,real_binance
2026-07-04T05:30:00+00:00,4164.51,4164.52,4164.51,4164.52,1.7467,real_binance
2026-07-04T05:45:00+00:00,4164.52,4164.52,4162.75,4162.76,11.323,real_binance
2026-07-04T06:00:00+00:00,4162.76,4163.37,4162.75,4163.37,3.3857,real_binance
2026-07-04T06:15:00+00:00,4163.37,4163.51,4162.7,4163.51,5.3605,real_binance
2026-07-04T06:30:00+00:00,4163.51,4163.93,4163.5,4163.93,1.7994,real_binance
2026-07-04T06:45:00+00:00,4163.93,4163.93,4163.53,4163.54,2.4567,real_binance
2026-07-04T07:00:00+00:00,4163.54,4163.93,4163.53,4163.92,4.1225,real_binance
2026-07-04T07:15:00+00:00,4163.92,4163.99,4163.91,4163.99,4.6547,real_binance
2026-07-04T07:30:00+00:00,4163.98,4163.99,4163.5,4163.51,8.1046,real_binance
2026-07-04T07:45:00+00:00,4163.52,4164.09,4163.5,4163.9,6.6538,real_binance
2026-07-04T08:00:00+00:00,4163.9,4164.97,4163.9,4164.9,2.5195,real_binance
2026-07-04T08:15:00+00:00,4164.9,4164.93,4164.52,4164.89,8.8939,real_binance
2026-07-04T08:30:00+00:00,4164.89,4166.18,4164.88,4166.18,6.2978,real_binance
2026-07-04T08:45:00+00:00,4166.18,4167.61,4165.45,4165.51,15.292,real_binance
2026-07-04T09:00:00+00:00,4165.51,4167.81,4165.5,4167.81,8.7447,real_binance
2026-07-04T09:15:00+00:00,4167.81,4170.47,4167.81,4169.83,15.084,real_binance
2026-07-04T09:30:00+00:00,4169.83,4169.83,4169.21,4169.21,2.6535,real_binance
2026-07-04T09:45:00+00:00,4169.22,4169.45,4168.92,4168.92,5.9746,real_binance
2026-07-04T10:00:00+00:00,4168.93,4169.09,4168.92,4169.09,5.1021,real_binance
2026-07-04T10:15:00+00:00,4169.08,4169.17,4168.93,4169.17,5.402,real_binance
2026-07-04T10:30:00+00:00,4169.17,4169.17,4169.15,4169.16,3.7035,real_binance
2026-07-04T10:45:00+00:00,4169.16,4169.16,4169.14,4169.15,1.662,real_binance
2026-07-04T11:00:00+00:00,4169.15,4169.15,4166.28,4166.4,22.1785,real_binance
2026-07-04T11:15:00+00:00,4166.4,4166.66,4166.4,4166.66,4.3745,real_binance
2026-07-04T11:30:00+00:00,4166.67,4167.14,4166.66,4167.14,2.6268,real_binance
2026-07-04T11:45:00+00:00,4167.14,4167.57,4165.92,4165.92,5.1264,real_binance
2026-07-04T12:00:00+00:00,4165.93,4165.93,4165.67,4165.67,2.9915,real_binance
2026-07-04T12:15:00+00:00,4165.67,4165.67,4165.53,4165.53,4.2213,real_binance
2026-07-04T12:30:00+00:00,4165.53,4165.54,4165.45,4165.47,4.0147,real_binance
2026-07-04T12:45:00+00:00,4165.48,4166.12,4165.47,4166.11,2.2343,real_binance
2026-07-04T13:00:00+00:00,4166.11,4166.11,4165.16,4165.17,3.4992,real_binance
2026-07-04T13:15:00+00:00,4165.17,4167.77,4165.17,4167.11,4.8928,real_binance
2026-07-04T13:30:00+00:00,4167.1,4167.11,4166.37,4166.38,3.5048,real_binance
2026-07-04T13:45:00+00:00,4166.38,4166.86,4166.35,4166.36,5.8933,real_binance
2026-07-04T14:00:00+00:00,4166.35,4166.66,4166.31,4166.31,6.8409,real_binance
2026-07-04T14:15:00+00:00,4166.65,4166.66,4164.58,4164.58,9.0141,real_binance
2026-07-04T14:30:00+00:00,4164.58,4166.0,4164.58,4165.97,6.3728,real_binance
2026-07-04T14:45:00+00:00,4165.98,4166.19,4165.97,4166.19,1.7888,real_binance
2026-07-04T15:00:00+00:00,4166.19,4169.75,4166.18,4167.16,17.684,real_binance
2026-07-04T15:15:00+00:00,4167.16,4169.02,4167.15,4169.01,7.522,real_binance
2026-07-04T15:30:00+00:00,4169.01,4169.15,4168.64,4168.64,5.3274,real_binance
2026-07-04T15:45:00+00:00,4168.25,4169.53,4168.24,4169.52,4.3442,real_binance
2026-07-04T16:00:00+00:00,4169.51,4169.77,4168.54,4168.54,6.4303,real_binance
2026-07-04T16:15:00+00:00,4168.54,4168.55,4168.54,4168.55,0.9945,real_binance
2026-07-04T16:30:00+00:00,4168.54,4168.55,4168.18,4168.18,1.42,real_binance
2026-07-04T16:45:00+00:00,4168.19,4168.19,4167.26,4167.26,7.1124,real_binance
2026-07-04T17:00:00+00:00,4167.26,4167.51,4165.03,4166.75,10.1056,real_binance
2026-07-04T17:15:00+00:00,4166.76,4168.51,4166.76,4168.51,1.2718,real_binance
2026-07-04T17:30:00+00:00,4168.51,4169.68,4168.5,4169.68,3.111,real_binance
2026-07-04T17:45:00+00:00,4169.68,4171.88,4169.67,4171.14,19.1427,real_binance
2026-07-04T18:00:00+00:00,4171.15,4171.4,4170.19,4170.55,5.059,real_binance
2026-07-04T18:15:00+00:00,4170.55,4170.55,4169.22,4169.23,3.022,real_binance
2026-07-04T18:30:00+00:00,4169.23,4169.23,4163.28,4164.69,24.3637,real_binance
2026-07-04T18:45:00+00:00,4164.68,4165.22,4164.68,4165.2,7.3096,real_binance
2026-07-04T19:00:00+00:00,4165.21,4166.04,4165.2,4166.04,2.8102,real_binance
2026-07-04T19:15:00+00:00,4166.22,4167.01,4163.31,4165.84,20.9572,real_binance
2026-07-04T19:30:00+00:00,4165.83,4166.61,4165.2,4165.46,8.6086,real_binance
2026-07-04T19:45:00+00:00,4165.35,4165.36,4164.51,4164.72,8.2363,real_binance
2026-07-04T20:00:00+00:00,4164.73,4166.81,4164.72,4166.8,2.6659,real_binance
2026-07-04T20:15:00+00:00,4166.81,4166.81,4165.47,4165.54,7.014,real_binance
2026-07-04T20:30:00+00:00,4165.54,4166.44,4165.54,4166.43,8.0112,real_binance
2026-07-04T20:45:00+00:00,4166.44,4166.44,4166.43,4166.43,0.1658,real_binance
2026-07-04T21:00:00+00:00,4166.44,4166.44,4165.41,4165.41,7.5195,real_binance
2026-07-04T21:15:00+00:00,4165.41,4167.25,4165.41,4167.25,8.2322,real_binance
2026-07-04T21:30:00+00:00,4167.26,4167.8,4166.58,4167.73,5.8174,real_binance
2026-07-04T21:45:00+00:00,4167.72,4167.78,4167.41,4167.77,1.7841,real_binance
2026-07-04T22:00:00+00:00,4167.77,4168.4,4167.16,4168.24,6.6496,real_binance
2026-07-04T22:15:00+00:00,4168.24,4168.26,4167.6,4167.61,2.5745,real_binance
2026-07-04T22:30:00+00:00,4167.61,4167.68,4167.6,4167.68,1.045,real_binance
2026-07-04T22:45:00+00:00,4167.68,4167.74,4167.67,4167.74,1.2529,real_binance
2026-07-04T23:00:00+00:00,4167.73,4167.77,4165.81,4165.81,1.7357,real_binance
2026-07-04T23:15:00+00:00,4165.8,4168.29,4165.8,4168.29,4.1887,real_binance
2026-07-04T23:30:00+00:00,4168.29,4168.39,4168.29,4168.38,1.158,real_binance
2026-07-04T23:45:00+00:00,4168.39,4168.39,4168.0,4168.0,2.44,real_binance
2026-07-05T00:00:00+00:00,4168.01,4168.01,4167.85,4167.86,1.1925,real_binance
2026-07-05T00:15:00+00:00,4167.86,4167.86,4167.3,4167.31,0.8803,real_binance
2026-07-05T00:30:00+00:00,4167.31,4167.31,4167.3,4167.31,2.706,real_binance
2026-07-05T00:45:00+00:00,4167.31,4167.31,4165.36,4165.36,4.4363,real_binance
2026-07-05T01:00:00+00:00,4165.35,4168.27,4165.35,4168.26,2.4887,real_binance
2026-07-05T01:15:00+00:00,4168.26,4168.27,4167.58,4168.16,6.9571,real_binance
2026-07-05T01:30:00+00:00,4168.16,4168.17,4167.85,4167.85,3.8038,real_binance
2026-07-05T01:45:00+00:00,4167.85,4167.92,4167.85,4167.92,1.653,real_binance
2026-07-05T02:00:00+00:00,4167.92,4167.92,4165.81,4165.81,4.9035,real_binance
2026-07-05T02:15:00+00:00,4165.81,4165.81,4164.91,4164.91,5.3643,real_binance
2026-07-05T02:30:00+00:00,4164.91,4164.92,4164.51,4164.51,2.0843,real_binance
2026-07-05T02:45:00+00:00,4164.51,4164.52,4163.51,4164.03,13.1603,real_binance
2026-07-05T03:00:00+00:00,4164.04,4165.65,4164.03,4165.65,0.6626,real_binance
2026-07-05T03:15:00+00:00,4165.65,4165.65,4165.53,4165.53,2.9749,real_binance
2026-07-05T03:30:00+00:00,4165.24,4165.24,4164.29,4164.32,7.4226,real_binance
2026-07-05T03:45:00+00:00,4164.31,4164.33,4164.31,4164.32,0.9317,real_binance
2026-07-05T04:00:00+00:00,4164.33,4165.22,4164.32,4165.22,3.6543,real_binance
2026-07-05T04:15:00+00:00,4165.22,4165.23,4165.22,4165.22,0.9585,real_binance
2026-07-05T04:30:00+00:00,4165.23,4165.74,4165.22,4165.74,3.8588,real_binance
2026-07-05T04:45:00+00:00,4165.73,4166.29,4165.73,4166.28,1.6868,real_binance
2026-07-05T05:00:00+00:00,4166.29,4166.29,4165.74,4165.74,2.5628,real_binance
2026-07-05T05:15:00+00:00,4165.74,4165.75,4165.74,4165.74,0.8609,real_binance
2026-07-05T05:30:00+00:00,4165.74,4166.28,4165.51,4165.52,3.3497,real_binance
2026-07-05T05:45:00+00:00,4165.51,4165.51,4165.43,4165.43,0.5377,real_binance
2026-07-05T06:00:00+00:00,4165.44,4166.05,4165.43,4165.67,6.2426,real_binance
2026-07-05T06:15:00+00:00,4165.67,4167.09,4165.66,4167.09,2.8793,real_binance
2026-07-05T06:30:00+00:00,4167.09,4167.09,4166.99,4166.99,5.623,real_binance
2026-07-05T06:45:00+00:00,4166.99,4167.0,4166.91,4166.91,3.3415,real_binance
2026-07-05T07:00:00+00:00,4166.91,4166.92,4166.41,4166.41,2.4214,real_binance
2026-07-05T07:15:00+00:00,4166.41,4166.81,4166.28,4166.28,2.4137,real_binance
2026-07-05T07:30:00+00:00,4166.28,4166.71,4165.32,4166.7,2.0136,real_binance
2026-07-05T07:45:00+00:00,4166.71,4166.71,4166.7,4166.71,1.4803,real_binance
2026-07-05T08:00:00+00:00,4166.71,4166.71,4166.44,4166.7,3.4163,real_binance
2026-07-05T08:15:00+00:00,4166.7,4167.02,4166.7,4167.01,4.6237,real_binance
2026-07-05T08:30:00+00:00,4167.01,4167.59,4167.01,4167.41,2.8537,real_binance
2026-07-05T08:45:00+00:00,4167.41,4167.41,4167.32,4167.39,2.0964,real_binance
2026-07-05T09:00:00+00:00,4167.4,4167.4,4167.1,4167.19,3.0397,real_binance
2026-07-05T09:15:00+00:00,4167.2,4167.2,4167.18,4167.19,1.6517,real_binance
2026-07-05T09:30:00+00:00,4167.18,4167.18,4166.18,4166.18,10.3432,real_binance
2026-07-05T09:45:00+00:00,4166.18,4166.41,4166.18,4166.41,1.7802,real_binance
2026-07-05T10:00:00+00:00,4166.41,4168.98,4166.41,4168.21,5.4123,real_binance
2026-07-05T10:15:00+00:00,4168.21,4168.56,4168.1,4168.11,3.2276,real_binance
2026-07-05T10:30:00+00:00,4168.1,4168.1,4168.02,4168.09,3.4169,real_binance
2026-07-05T10:45:00+00:00,4168.1,4168.85,4168.09,4168.44,9.4647,real_binance
2026-07-05T11:00:00+00:00,4168.45,4168.92,4168.45,4168.91,1.7725,real_binance
2026-07-05T11:15:00+00:00,4168.92,4168.92,4168.63,4168.68,0.7062,real_binance
2026-07-05T11:30:00+00:00,4168.68,4170.17,4168.67,4170.09,7.8375,real_binance
2026-07-05T11:45:00+00:00,4170.09,4170.95,4170.09,4170.94,1.7074,real_binance
2026-07-05T12:00:00+00:00,4170.95,4170.95,4169.95,4169.95,4.0446,real_binance
2026-07-05T12:15:00+00:00,4169.95,4169.95,4169.72,4169.74,4.6704,real_binance
2026-07-05T12:30:00+00:00,4169.73,4169.74,4169.73,4169.74,0.5164,real_binance
2026-07-05T12:45:00+00:00,4169.74,4169.74,4169.73,4169.74,1.5251,real_binance
2026-07-05T13:00:00+00:00,4169.74,4169.93,4169.73,4169.92,2.7235,real_binance
2026-07-05T13:15:00+00:00,4169.93,4169.93,4169.71,4169.71,4.3472,real_binance
2026-07-05T13:30:00+00:00,4169.71,4169.72,4168.11,4168.11,4.2197,real_binance
2026-07-05T13:45:00+00:00,4168.12,4168.12,4168.11,4168.12,1.6346,real_binance
2026-07-05T14:00:00+00:00,4168.12,4168.74,4167.36,4168.71,8.5839,real_binance
2026-07-05T14:15:00+00:00,4168.72,4168.72,4168.71,4168.72,0.555,real_binance
2026-07-05T14:30:00+00:00,4168.72,4168.72,4168.5,4168.51,14.4022,real_binance
2026-07-05T14:45:00+00:00,4168.5,4168.51,4168.5,4168.51,1.6385,real_binance
2026-07-05T15:00:00+00:00,4168.51,4170.3,4168.5,4169.93,6.9581,real_binance
2026-07-05T15:15:00+00:00,4169.94,4169.94,4169.93,4169.94,5.4344,real_binance
2026-07-05T15:30:00+00:00,4169.94,4169.94,4168.31,4168.44,5.8566,real_binance
2026-07-05T15:45:00+00:00,4168.3,4168.31,4168.02,4168.03,5.1967,real_binance
2026-07-05T16:00:00+00:00,4168.03,4168.07,4168.02,4168.05,3.4553,real_binance
2026-07-05T16:15:00+00:00,4168.05,4168.05,4167.52,4167.61,2.8486,real_binance
2026-07-05T16:30:00+00:00,4167.62,4168.02,4167.61,4168.02,2.0304,real_binance
2026-07-05T16:45:00+00:00,4168.02,4168.71,4168.01,4168.7,5.8825,real_binance
2026-07-05T17:00:00+00:00,4168.71,4168.88,4168.68,4168.88,13.3609,real_binance
2026-07-05T17:15:00+00:00,4168.87,4170.0,4168.87,4170.0,7.5357,real_binance
2026-07-05T17:30:00+00:00,4170.0,4170.85,4170.0,4170.23,7.961,real_binance
2026-07-05T17:45:00+00:00,4170.22,4170.4,4169.32,4169.32,2.7081,real_binance
2026-07-05T18:00:00+00:00,4169.33,4169.33,4168.91,4168.92,1.7257,real_binance
2026-07-05T18:15:00+00:00,4168.92,4168.92,4168.91,4168.92,0.3304,real_binance
2026-07-05T18:30:00+00:00,4168.92,4170.04,4168.92,4170.04,4.3637,real_binance
2026-07-05T18:45:00+00:00,4170.04,4170.04,4168.91,4169.77,4.5385,real_binance
2026-07-05T19:00:00+00:00,4169.78,4170.18,4169.77,4169.91,4.6567,real_binance
2026-07-05T19:15:00+00:00,4169.91,4169.97,4169.9,4169.97,1.1089,real_binance
2026-07-05T19:30:00+00:00,4169.96,4170.49,4169.96,4170.3,2.2523,real_binance
2026-07-05T19:45:00+00:00,4170.31,4170.56,4170.31,4170.32,1.6934,real_binance
2026-07-05T20:00:00+00:00,4170.32,4181.04,4170.31,4174.72,203.1806,real_binance
2026-07-05T20:15:00+00:00,4174.73,4174.73,4174.24,4174.38,10.3665,real_binance
2026-07-05T20:30:00+00:00,4174.38,4174.82,4174.37,4174.82,4.8318,real_binance
2026-07-05T20:45:00+00:00,4174.82,4174.82,4174.81,4174.82,1.5024,real_binance
2026-07-05T21:00:00+00:00,4174.82,4176.26,4174.81,4175.43,20.1497,real_binance
2026-07-05T21:15:00+00:00,4175.43,4175.72,4175.06,4175.72,2.7359,real_binance
2026-07-05T21:30:00+00:00,4175.72,4175.72,4174.02,4174.12,11.005,real_binance
2026-07-05T21:45:00+00:00,4174.01,4180.54,4174.01,4178.31,22.3408,real_binance
2026-07-05T22:00:00+00:00,4178.31,4181.86,4170.24,4177.17,159.9174,real_binance
2026-07-05T22:15:00+00:00,4177.18,4180.71,4174.27,4180.71,25.1097,real_binance
2026-07-05T22:30:00+00:00,4180.7,4186.18,4179.48,4183.78,22.2008,real_binance
2026-07-05T22:45:00+00:00,4183.79,4184.73,4178.79,4183.54,12.3092,real_binance
2026-07-05T23:00:00+00:00,4183.55,4186.44,4182.11,4182.3,13.1121,real_binance
2026-07-05T23:15:00+00:00,4182.8,4196.06,4182.31,4195.25,91.9972,real_binance
2026-07-05T23:30:00+00:00,4195.0,4195.38,4188.01,4191.9,35.238,real_binance
2026-07-05T23:45:00+00:00,4191.36,4191.36,4173.42,4179.65,42.2705,real_binance
2026-07-06T00:00:00+00:00,4178.41,4180.98,4166.45,4171.22,40.7206,real_binance
2026-07-06T00:15:00+00:00,4170.2,4176.89,4167.13,4170.12,16.1366,real_binance
2026-07-06T00:30:00+00:00,4169.67,4182.15,4169.67,4180.99,22.0509,real_binance
2026-07-06T00:45:00+00:00,4180.71,4184.09,4170.27,4175.68,22.7982,real_binance
2026-07-06T01:00:00+00:00,4174.59,4187.64,4168.68,4183.19,40.7817,real_binance
2026-07-06T01:15:00+00:00,4183.05,4186.76,4175.85,4184.88,19.2376,real_binance
2026-07-06T01:30:00+00:00,4184.89,4194.84,4182.54,4193.43,28.7489,real_binance
2026-07-06T01:45:00+00:00,4193.32,4197.02,4180.99,4180.99,20.9916,real_binance
2026-07-06T02:00:00+00:00,4180.73,4182.18,4173.18,4175.34,24.4719,real_binance
2026-07-06T02:15:00+00:00,4175.33,4180.67,4171.46,4172.51,14.5743,real_binance
2026-07-06T02:30:00+00:00,4172.97,4173.54,4164.95,4167.63,23.7859,real_binance
2026-07-06T02:45:00+00:00,4167.65,4171.47,4165.76,4170.04,20.4258,real_binance
2026-07-06T03:00:00+00:00,4169.48,4171.35,4162.1,4162.12,26.2649,real_binance
2026-07-06T03:15:00+00:00,4162.06,4163.18,4158.95,4161.94,15.0671,real_binance
2026-07-06T03:30:00+00:00,4161.92,4164.56,4157.86,4158.73,10.9221,real_binance
2026-07-06T03:45:00+00:00,4159.36,4160.99,4155.55,4160.56,10.7933,real_binance
2026-07-06T04:00:00+00:00,4160.57,4160.57,4153.08,4157.46,222.7534,real_binance
2026-07-06T04:15:00+00:00,4157.45,4158.72,4155.6,4157.64,25.4113,real_binance
2026-07-06T04:30:00+00:00,4157.02,4157.65,4152.94,4155.4,18.4221,real_binance
2026-07-06T04:45:00+00:00,4155.41,4155.76,4153.45,4155.29,10.6135,real_binance
2026-07-06T05:00:00+00:00,4155.3,4155.88,4146.36,4146.36,29.4162,real_binance
2026-07-06T05:15:00+00:00,4146.43,4148.41,4145.89,4147.38,18.6881,real_binance
2026-07-06T05:30:00+00:00,4147.38,4154.11,4144.12,4149.02,177.5384,real_binance
2026-07-06T05:45:00+00:00,4149.01,4149.93,4139.1,4141.78,53.1793,real_binance
2026-07-06T06:00:00+00:00,4141.91,4146.87,4140.04,4146.87,25.5666,real_binance
2026-07-06T06:15:00+00:00,4146.86,4151.04,4142.71,4150.8,14.1935,real_binance
2026-07-06T06:30:00+00:00,4150.63,4153.77,4148.1,4149.45,23.3442,real_binance
2026-07-06T06:45:00+00:00,4149.73,4151.04,4144.6,4145.64,10.0973,real_binance
2026-07-06T07:00:00+00:00,4145.64,4148.1,4142.79,4145.06,15.4923,real_binance
2026-07-06T07:15:00+00:00,4145.46,4149.86,4145.04,4148.37,20.6046,real_binance
2026-07-06T07:30:00+00:00,4148.37,4159.34,4147.07,4158.87,14.6501,real_binance
2026-07-06T07:45:00+00:00,4158.87,4160.39,4157.45,4159.41,20.9611,real_binance
2026-07-06T08:00:00+00:00,4159.41,4165.87,4153.5,4153.72,235.5047,real_binance
2026-07-06T08:15:00+00:00,4154.06,4154.06,4149.55,4150.42,21.2103,real_binance
2026-07-06T08:30:00+00:00,4150.43,4150.86,4144.46,4144.46,27.8861,real_binance
2026-07-06T08:45:00+00:00,4145.35,4147.77,4143.07,4146.43,30.15,real_binance
2026-07-06T09:00:00+00:00,4146.42,4146.42,4143.98,4145.25,11.4495,real_binance
2026-07-06T09:15:00+00:00,4145.25,4145.25,4138.52,4139.2,17.6125,real_binance
2026-07-06T09:30:00+00:00,4139.64,4139.64,4133.46,4136.95,23.9155,real_binance
2026-07-06T09:45:00+00:00,4136.5,4140.92,4136.3,4139.88,14.9027,real_binance
2026-07-06T10:00:00+00:00,4139.89,4143.08,4138.27,4143.08,4.423,real_binance
2026-07-06T10:15:00+00:00,4143.94,4146.1,4143.94,4144.75,7.1367,real_binance
2026-07-06T10:30:00+00:00,4144.74,4150.47,4144.74,4150.47,8.1616,real_binance
2026-07-06T10:45:00+00:00,4150.47,4151.14,4148.32,4150.4,24.7214,real_binance
2026-07-06T11:00:00+00:00,4150.69,4151.49,4147.65,4150.08,12.5854,real_binance
2026-07-06T11:15:00+00:00,4150.09,4155.0,4149.72,4151.68,18.3115,real_binance
2026-07-06T11:30:00+00:00,4151.68,4153.92,4148.68,4148.68,8.6012,real_binance
2026-07-06T11:45:00+00:00,4148.69,4150.8,4147.64,4150.22,17.8803,real_binance
2026-07-06T12:00:00+00:00,4150.22,4153.47,4148.92,4151.15,56.8581,real_binance
2026-07-06T12:15:00+00:00,4151.15,4152.9,4141.0,4141.35,16.4387,real_binance
2026-07-06T12:30:00+00:00,4141.35,4141.35,4127.4,4129.12,43.7452,real_binance
2026-07-06T12:45:00+00:00,4129.13,4138.73,4129.13,4136.72,21.3031,real_binance
2026-07-06T13:00:00+00:00,4136.72,4143.76,4133.79,4137.27,32.9986,real_binance
2026-07-06T13:15:00+00:00,4137.28,4144.57,4134.57,4138.83,74.3322,real_binance
2026-07-06T13:30:00+00:00,4138.39,4146.72,4138.02,4145.29,49.5892,real_binance
2026-07-06T13:45:00+00:00,4145.29,4145.29,4132.9,4136.74,48.0608,real_binance
2026-07-06T14:00:00+00:00,4136.74,4142.76,4130.52,4136.53,56.7288,real_binance
2026-07-06T14:15:00+00:00,4135.46,4135.46,4129.17,4132.79,28.6524,real_binance
2026-07-06T14:30:00+00:00,4132.78,4137.29,4125.04,4126.28,24.5403,real_binance
2026-07-06T14:45:00+00:00,4126.41,4134.24,4126.22,4134.23,22.0763,real_binance
2026-07-06T15:00:00+00:00,4134.72,4142.67,4134.58,4135.89,21.2476,real_binance
2026-07-06T15:15:00+00:00,4136.0,4146.25,4135.93,4146.24,33.2797,real_binance
2026-07-06T15:30:00+00:00,4146.31,4147.7,4143.86,4147.05,14.5493,real_binance
2026-07-06T15:45:00+00:00,4146.78,4146.78,4141.77,4144.73,16.7025,real_binance
2026-07-06T16:00:00+00:00,4144.46,4144.46,4138.27,4138.27,46.6544,real_binance
2026-07-06T16:15:00+00:00,4138.02,4143.04,4137.49,4142.36,22.9402,real_binance
2026-07-06T16:30:00+00:00,4142.46,4146.6,4142.46,4146.52,4.1052,real_binance
2026-07-06T16:45:00+00:00,4146.75,4152.81,4146.75,4152.39,12.1175,real_binance
2026-07-06T17:00:00+00:00,4152.38,4152.96,4150.0,4150.31,13.079,real_binance
2026-07-06T17:15:00+00:00,4150.31,4155.7,4148.16,4152.74,15.3998,real_binance
2026-07-06T17:30:00+00:00,4152.89,4156.24,4152.67,4154.87,8.9086,real_binance
2026-07-06T17:45:00+00:00,4154.14,4157.98,4154.14,4157.53,11.824,real_binance
2026-07-06T18:00:00+00:00,4157.97,4158.14,4152.69,4154.72,11.1543,real_binance
2026-07-06T18:15:00+00:00,4155.24,4159.58,4155.24,4158.13,7.1872,real_binance
2026-07-06T18:30:00+00:00,4158.12,4163.93,4157.42,4161.19,12.5001,real_binance
2026-07-06T18:45:00+00:00,4161.19,4161.2,4159.5,4160.4,4.453,real_binance
2026-07-06T19:00:00+00:00,4160.81,4162.25,4156.64,4156.9,9.4548,real_binance
2026-07-06T19:15:00+00:00,4156.91,4159.94,4155.45,4159.94,4.8403,real_binance
2026-07-06T19:30:00+00:00,4159.93,4159.93,4157.15,4157.15,6.9268,real_binance
2026-07-06T19:45:00+00:00,4157.16,4160.81,4157.16,4159.5,14.5544,real_binance
2026-07-06T20:00:00+00:00,4159.53,4160.35,4158.37,4158.38,4.4676,real_binance
2026-07-06T20:15:00+00:00,4158.38,4159.28,4158.37,4159.27,5.5766,real_binance
2026-07-06T20:30:00+00:00,4159.27,4160.45,4159.27,4160.01,2.4848,real_binance
2026-07-06T20:45:00+00:00,4160.01,4160.82,4160.0,4160.82,16.0777,real_binance
2026-07-06T21:00:00+00:00,4160.81,4168.17,4160.0,4164.09,13.6287,real_binance
2026-07-06T21:15:00+00:00,4164.09,4164.09,4163.72,4163.72,1.961,real_binance
2026-07-06T21:30:00+00:00,4163.72,4163.72,4159.05,4160.59,13.2703,real_binance
2026-07-06T21:45:00+00:00,4160.59,4162.18,4160.58,4162.14,6.0716,real_binance
2026-07-06T22:00:00+00:00,4162.15,4162.62,4158.94,4160.99,13.136,real_binance
2026-07-06T22:15:00+00:00,4160.98,4161.66,4160.53,4160.54,6.2856,real_binance
2026-07-06T22:30:00+00:00,4160.84,4162.93,4160.84,4162.64,4.9297,real_binance
2026-07-06T22:45:00+00:00,4162.64,4162.65,4159.53,4159.53,5.4623,real_binance
2026-07-06T23:00:00+00:00,4159.53,4160.41,4159.0,4159.29,5.5351,real_binance
2026-07-06T23:15:00+00:00,4159.29,4159.29,4158.15,4158.15,2.4405,real_binance
2026-07-06T23:30:00+00:00,4158.15,4159.29,4156.0,4156.01,4.6024,real_binance
2026-07-06T23:45:00+00:00,4156.01,4157.42,4152.02,4152.03,22.2703,real_binance
2026-07-07T00:00:00+00:00,4152.02,4152.95,4148.54,4150.05,22.9123,real_binance
2026-07-07T00:15:00+00:00,4150.06,4154.45,4147.01,4153.09,12.7276,real_binance
2026-07-07T00:30:00+00:00,4154.45,4156.98,4143.0,4144.97,15.5087,real_binance
2026-07-07T00:45:00+00:00,4145.64,4148.51,4141.16,4141.16,31.5056,real_binance
2026-07-07T01:00:00+00:00,4141.0,4142.97,4135.1,4139.02,20.0404,real_binance
2026-07-07T01:15:00+00:00,4138.61,4139.0,4123.0,4129.03,26.5309,real_binance
2026-07-07T01:30:00+00:00,4129.03,4137.37,4129.03,4137.37,18.9917,real_binance
2026-07-07T01:45:00+00:00,4138.18,4141.16,4136.57,4136.57,12.4759,real_binance
2026-07-07T02:00:00+00:00,4137.58,4139.87,4134.87,4138.42,15.8985,real_binance
2026-07-07T02:15:00+00:00,4138.61,4139.72,4134.84,4137.77,10.8072,real_binance
2026-07-07T02:30:00+00:00,4137.5,4140.02,4133.68,4134.99,14.8409,real_binance
2026-07-07T02:45:00+00:00,4134.99,4135.0,4127.36,4131.48,10.5288,real_binance
2026-07-07T03:00:00+00:00,4132.67,4134.71,4131.65,4133.21,8.4758,real_binance
2026-07-07T03:15:00+00:00,4132.23,4133.12,4124.83,4127.92,41.586,real_binance
2026-07-07T03:30:00+00:00,4127.92,4129.93,4123.7,4124.17,30.3284,real_binance
2026-07-07T03:45:00+00:00,4124.17,4127.08,4121.33,4127.03,13.6569,real_binance
2026-07-07T04:00:00+00:00,4127.03,4135.89,4125.98,4132.46,14.646,real_binance
2026-07-07T04:15:00+00:00,4131.76,4132.62,4126.69,4128.31,35.8674,real_binance
2026-07-07T04:30:00+00:00,4128.32,4128.32,4125.29,4125.29,25.408,real_binance
2026-07-07T04:45:00+00:00,4125.29,4127.5,4122.61,4122.88,11.6095,real_binance
2026-07-07T05:00:00+00:00,4122.88,4126.35,4118.59,4119.0,19.5372,real_binance
2026-07-07T05:15:00+00:00,4119.0,4124.07,4117.86,4124.07,42.5064,real_binance
2026-07-07T05:30:00+00:00,4124.07,4124.07,4114.29,4118.89,53.3883,real_binance
2026-07-07T05:45:00+00:00,4118.89,4123.23,4117.49,4119.31,33.6304,real_binance
2026-07-07T06:00:00+00:00,4119.69,4124.81,4118.71,4119.71,14.5235,real_binance
2026-07-07T06:15:00+00:00,4120.06,4126.44,4120.06,4125.32,35.8614,real_binance
2026-07-07T06:30:00+00:00,4124.08,4129.07,4122.87,4128.81,31.7574,real_binance
2026-07-07T06:45:00+00:00,4129.08,4129.73,4126.36,4126.91,10.5409,real_binance
2026-07-07T07:00:00+00:00,4127.54,4127.54,4121.8,4126.48,9.2128,real_binance
2026-07-07T07:15:00+00:00,4126.48,4128.2,4122.92,4124.93,14.4905,real_binance
2026-07-07T07:30:00+00:00,4124.05,4127.15,4122.27,4126.97,36.6941,real_binance
2026-07-07T07:45:00+00:00,4126.81,4129.5,4122.67,4122.91,10.5384,real_binance
2026-07-07T08:00:00+00:00,4122.7,4135.72,4122.43,4133.98,14.6481,real_binance
2026-07-07T08:15:00+00:00,4133.97,4134.64,4131.28,4134.64,10.794,real_binance
2026-07-07T08:30:00+00:00,4134.64,4135.12,4125.51,4127.4,33.5049,real_binance
2026-07-07T08:45:00+00:00,4127.66,4127.66,4120.48,4123.56,16.5037,real_binance
2026-07-07T09:00:00+00:00,4123.57,4125.72,4122.33,4125.15,11.4741,real_binance
2026-07-07T09:15:00+00:00,4125.15,4127.94,4118.12,4118.97,14.6376,real_binance
2026-07-07T09:30:00+00:00,4118.97,4129.72,4118.97,4129.72,22.2026,real_binance
2026-07-07T09:45:00+00:00,4129.72,4129.73,4122.33,4128.73,11.7654,real_binance
2026-07-07T10:00:00+00:00,4128.73,4131.44,4128.73,4130.11,85.8639,real_binance
2026-07-07T10:15:00+00:00,4129.71,4135.44,4129.71,4134.45,17.8656,real_binance
2026-07-07T10:30:00+00:00,4134.46,4134.46,4131.75,4132.55,18.2121,real_binance
2026-07-07T10:45:00+00:00,4132.54,4132.78,4130.11,4130.99,11.3985,real_binance
2026-07-07T11:00:00+00:00,4131.61,4132.57,4128.06,4128.53,28.4458,real_binance
2026-07-07T11:15:00+00:00,4129.07,4141.03,4129.07,4139.74,49.0726,real_binance
2026-07-07T11:30:00+00:00,4139.74,4144.36,4136.2,4144.36,24.3476,real_binance
2026-07-07T11:45:00+00:00,4144.57,4153.83,4143.31,4152.26,40.8208,real_binance
2026-07-07T12:00:00+00:00,4152.66,4170.0,4151.03,4169.64,95.5004,real_binance
2026-07-07T12:15:00+00:00,4168.65,4170.32,4159.23,4161.18,19.2552,real_binance
2026-07-07T12:30:00+00:00,4161.19,4163.08,4157.36,4161.23,27.5885,real_binance
2026-07-07T12:45:00+00:00,4161.66,4167.61,4159.78,4167.57,34.3467,real_binance
2026-07-07T13:00:00+00:00,4167.62,4173.18,4156.65,4166.59,34.653,real_binance
2026-07-07T13:15:00+00:00,4166.96,4167.74,4159.12,4160.87,57.8121,real_binance
2026-07-07T13:30:00+00:00,4160.39,4174.52,4158.51,4172.36,91.4299,real_binance
2026-07-07T13:45:00+00:00,4172.11,4174.81,4151.66,4153.75,29.2717,real_binance
2026-07-07T14:00:00+00:00,4154.3,4158.41,4146.08,4146.73,33.7086,real_binance
2026-07-07T14:15:00+00:00,4147.39,4153.63,4146.0,4151.44,37.8641,real_binance
2026-07-07T14:30:00+00:00,4152.03,4153.54,4138.08,4145.13,60.6587,real_binance
2026-07-07T14:45:00+00:00,4146.71,4151.64,4146.71,4149.89,35.9926,real_binance
2026-07-07T15:00:00+00:00,4149.9,4150.98,4143.58,4143.58,23.3606,real_binance
2026-07-07T15:15:00+00:00,4143.62,4143.63,4136.46,4137.71,36.6511,real_binance
2026-07-07T15:30:00+00:00,4138.29,4142.79,4137.97,4141.5,24.2672,real_binance
2026-07-07T15:45:00+00:00,4142.62,4142.98,4131.59,4134.53,309.4033,real_binance
2026-07-07T16:00:00+00:00,4135.19,4139.26,4133.3,4137.05,28.1767,real_binance
2026-07-07T16:15:00+00:00,4137.05,4142.46,4137.05,4142.46,23.3931,real_binance
2026-07-07T16:30:00+00:00,4142.45,4142.45,4138.4,4139.1,25.7874,real_binance
2026-07-07T16:45:00+00:00,4139.09,4141.58,4136.87,4140.1,25.206,real_binance
2026-07-07T17:00:00+00:00,4140.15,4141.8,4137.79,4137.8,15.0851,real_binance
2026-07-07T17:15:00+00:00,4138.15,4142.08,4135.77,4141.79,16.7365,real_binance
2026-07-07T17:30:00+00:00,4141.91,4143.84,4140.04,4143.29,12.6106,real_binance
2026-07-07T17:45:00+00:00,4143.29,4143.29,4139.03,4140.15,5.3492,real_binance
2026-07-07T18:00:00+00:00,4140.16,4140.59,4137.0,4137.89,6.6902,real_binance
2026-07-07T18:15:00+00:00,4137.9,4139.81,4136.26,4138.2,11.0356,real_binance
2026-07-07T18:30:00+00:00,4137.72,4137.72,4131.93,4136.17,21.6722,real_binance
2026-07-07T18:45:00+00:00,4136.85,4137.3,4121.04,4121.83,35.8352,real_binance
2026-07-07T19:00:00+00:00,4122.53,4123.35,4100.0,4101.5,118.4369,real_binance
2026-07-07T19:15:00+00:00,4101.16,4102.83,4089.37,4100.16,92.9354,real_binance
2026-07-07T19:30:00+00:00,4100.17,4111.6,4099.58,4103.76,328.6842,real_binance
2026-07-07T19:45:00+00:00,4103.33,4112.3,4096.45,4109.48,383.9901,real_binance
2026-07-07T20:00:00+00:00,4109.81,4111.05,4108.02,4108.95,18.3665,real_binance
2026-07-07T20:15:00+00:00,4108.62,4108.62,4103.49,4106.48,38.8545,real_binance
2026-07-07T20:30:00+00:00,4107.48,4107.48,4100.75,4102.69,18.9222,real_binance
2026-07-07T20:45:00+00:00,4102.69,4103.35,4100.65,4102.77,2.5307,real_binance
2026-07-07T21:00:00+00:00,4102.76,4103.69,4102.76,4103.69,2.1701,real_binance
2026-07-07T21:15:00+00:00,4103.69,4103.72,4100.97,4103.65,22.751,real_binance
2026-07-07T21:30:00+00:00,4103.64,4104.07,4101.73,4104.05,6.3964,real_binance
2026-07-07T21:45:00+00:00,4104.04,4104.74,4103.79,4103.92,4.5227,real_binance
2026-07-07T22:00:00+00:00,4103.92,4103.92,4089.0,4099.35,62.0417,real_binance
2026-07-07T22:15:00+00:00,4099.77,4099.77,4095.0,4095.01,28.5354,real_binance
2026-07-07T22:30:00+00:00,4095.0,4097.79,4094.28,4097.38,12.2185,real_binance
2026-07-07T22:45:00+00:00,4097.37,4097.37,4093.14,4095.48,16.3725,real_binance
2026-07-07T23:00:00+00:00,4095.45,4102.21,4093.19,4101.71,38.2381,real_binance
2026-07-07T23:15:00+00:00,4101.7,4102.71,4098.74,4102.49,37.6529,real_binance
2026-07-07T23:30:00+00:00,4102.48,4102.68,4095.01,4096.07,20.8474,real_binance
2026-07-07T23:45:00+00:00,4095.19,4097.29,4092.93,4094.25,12.994,real_binance
2026-07-08T00:00:00+00:00,4095.03,4100.27,4094.14,4097.39,18.2663,real_binance
2026-07-08T00:15:00+00:00,4099.14,4105.0,4096.28,4102.03,17.2107,real_binance
2026-07-08T00:30:00+00:00,4102.1,4122.6,4101.62,4120.32,22.6033,real_binance
2026-07-08T00:45:00+00:00,4121.79,4121.79,4109.59,4109.59,22.5836,real_binance
2026-07-08T01:00:00+00:00,4109.5,4114.01,4096.19,4107.59,31.3717,real_binance
2026-07-08T01:15:00+00:00,4106.51,4106.72,4099.76,4099.76,13.5688,real_binance
2026-07-08T01:30:00+00:00,4099.77,4102.13,4092.66,4095.99,49.3469,real_binance
2026-07-08T01:45:00+00:00,4097.93,4108.43,4097.93,4107.38,28.4146,real_binance
2026-07-08T02:00:00+00:00,4107.39,4114.1,4102.23,4108.31,24.5747,real_binance
2026-07-08T02:15:00+00:00,4108.32,4120.51,4108.32,4115.23,56.6191,real_binance
2026-07-08T02:30:00+00:00,4115.22,4116.35,4111.68,4115.81,47.4967,real_binance
2026-07-08T02:45:00+00:00,4115.8,4115.8,4109.38,4110.93,12.7432,real_binance
2026-07-08T03:00:00+00:00,4110.32,4126.25,4110.32,4124.11,16.3572,real_binance
2026-07-08T03:15:00+00:00,4124.62,4126.67,4120.91,4126.09,34.1256,real_binance
2026-07-08T03:30:00+00:00,4126.09,4127.43,4121.84,4121.93,10.6626,real_binance
2026-07-08T03:45:00+00:00,4122.28,4124.55,4118.91,4119.07,13.5518,real_binance
2026-07-08T04:00:00+00:00,4119.57,4123.27,4113.0,4119.35,238.1227,real_binance
2026-07-08T04:15:00+00:00,4119.35,4121.56,4115.74,4120.71,21.3306,real_binance
2026-07-08T04:30:00+00:00,4121.69,4123.31,4117.61,4118.69,12.2452,real_binance
2026-07-08T04:45:00+00:00,4120.03,4121.61,4118.82,4120.48,10.0368,real_binance
2026-07-08T05:00:00+00:00,4120.49,4129.03,4120.48,4121.47,25.3787,real_binance
2026-07-08T05:15:00+00:00,4121.5,4124.85,4118.2,4118.2,16.0602,real_binance
2026-07-08T05:30:00+00:00,4118.0,4126.54,4116.94,4123.74,52.6296,real_binance
2026-07-08T05:45:00+00:00,4123.75,4124.97,4120.56,4123.12,9.807,real_binance
2026-07-08T06:00:00+00:00,4123.78,4126.18,4118.51,4125.92,17.0457,real_binance
2026-07-08T06:15:00+00:00,4125.93,4129.03,4124.87,4126.35,12.5844,real_binance
2026-07-08T06:30:00+00:00,4126.27,4126.27,4120.96,4122.51,10.7568,real_binance
2026-07-08T06:45:00+00:00,4122.56,4122.58,4120.21,4120.21,7.2528,real_binance
2026-07-08T07:00:00+00:00,4120.0,4120.88,4113.04,4114.37,11.9962,real_binance
2026-07-08T07:15:00+00:00,4114.02,4116.44,4111.0,4115.59,14.5098,real_binance
2026-07-08T07:30:00+00:00,4116.24,4122.97,4114.33,4122.97,13.7784,real_binance
2026-07-08T07:45:00+00:00,4122.96,4122.96,4115.03,4117.31,4.64,real_binance
2026-07-08T08:00:00+00:00,4116.22,4117.28,4113.04,4114.81,15.9711,real_binance
2026-07-08T08:15:00+00:00,4114.23,4116.79,4078.47,4085.18,188.5433,real_binance
2026-07-08T08:30:00+00:00,4085.12,4088.57,4059.04,4063.73,87.0149,real_binance
2026-07-08T08:45:00+00:00,4063.73,4073.64,4050.02,4054.67,65.6924,real_binance
2026-07-08T09:00:00+00:00,4054.08,4054.55,4048.28,4052.91,100.9672,real_binance
2026-07-08T09:15:00+00:00,4053.16,4059.05,4051.5,4055.06,51.4464,real_binance
2026-07-08T09:30:00+00:00,4055.05,4056.64,4043.75,4046.89,68.443,real_binance
2026-07-08T09:45:00+00:00,4046.63,4050.47,4041.0,4042.4,57.8682,real_binance
2026-07-08T10:00:00+00:00,4042.09,4046.88,4039.01,4041.02,59.7419,real_binance
2026-07-08T10:15:00+00:00,4042.24,4053.03,4041.16,4049.53,69.4602,real_binance
2026-07-08T10:30:00+00:00,4049.52,4056.88,4049.23,4055.79,18.3485,real_binance
2026-07-08T10:45:00+00:00,4056.12,4056.78,4052.02,4052.88,18.3224,real_binance
2026-07-08T11:00:00+00:00,4052.88,4055.45,4046.84,4048.8,28.1687,real_binance
2026-07-08T11:15:00+00:00,4048.81,4052.96,4046.99,4049.03,9.3824,real_binance
2026-07-08T11:30:00+00:00,4049.03,4063.84,4041.01,4062.34,60.3817,real_binance
2026-07-08T11:45:00+00:00,4063.45,4070.74,4058.1,4059.3,34.0405,real_binance
2026-07-08T12:00:00+00:00,4060.65,4071.18,4057.28,4069.36,26.3664,real_binance
2026-07-08T12:15:00+00:00,4069.64,4075.0,4064.39,4070.09,15.8646,real_binance
2026-07-08T12:30:00+00:00,4069.9,4075.39,4066.44,4074.63,17.4917,real_binance
2026-07-08T12:45:00+00:00,4075.46,4082.66,4068.71,4068.71,58.3896,real_binance
2026-07-08T13:00:00+00:00,4069.56,4080.0,4068.19,4070.6,28.3883,real_binance
2026-07-08T13:15:00+00:00,4069.74,4073.4,4063.56,4064.61,18.4647,real_binance
2026-07-08T13:30:00+00:00,4064.57,4077.21,4064.57,4071.65,36.2817,real_binance
2026-07-08T13:45:00+00:00,4070.12,4075.87,4067.15,4068.0,11.095,real_binance
2026-07-08T14:00:00+00:00,4068.68,4068.68,4055.72,4055.72,49.0261,real_binance
2026-07-08T14:15:00+00:00,4055.97,4062.74,4050.22,4058.51,25.2732,real_binance
2026-07-08T14:30:00+00:00,4058.23,4058.62,4033.38,4034.75,52.3536,real_binance
2026-07-08T14:45:00+00:00,4034.91,4044.61,4033.0,4039.37,44.0246,real_binance
2026-07-08T15:00:00+00:00,4040.2,4041.32,4032.63,4032.91,42.1635,real_binance
2026-07-08T15:15:00+00:00,4033.25,4034.06,4026.03,4030.43,53.1184,real_binance
2026-07-08T15:30:00+00:00,4029.95,4032.82,4021.15,4032.22,37.7164,real_binance
2026-07-08T15:45:00+00:00,4031.43,4037.18,4029.65,4033.72,40.1009,real_binance
2026-07-08T16:00:00+00:00,4034.03,4040.99,4033.04,4037.41,30.7552,real_binance
2026-07-08T16:15:00+00:00,4037.97,4043.48,4036.74,4042.61,17.2103,real_binance
2026-07-08T16:30:00+00:00,4042.61,4055.17,4038.59,4054.78,38.8923,real_binance
2026-07-08T16:45:00+00:00,4054.82,4061.79,4052.53,4061.79,19.8848,real_binance
2026-07-08T17:00:00+00:00,4061.88,4067.42,4058.87,4064.7,15.8546,real_binance
2026-07-08T17:15:00+00:00,4063.51,4070.41,4062.13,4069.31,21.267,real_binance
2026-07-08T17:30:00+00:00,4070.44,4072.53,4066.3,4067.14,8.7926,real_binance
2026-07-08T17:45:00+00:00,4067.12,4067.48,4061.67,4062.8,19.6037,real_binance
2026-07-08T18:00:00+00:00,4062.8,4072.57,4061.1,4072.55,17.4388,real_binance
2026-07-08T18:15:00+00:00,4072.55,4072.55,4065.06,4067.3,9.139,real_binance
2026-07-08T18:30:00+00:00,4067.29,4074.69,4064.62,4074.69,25.512,real_binance
2026-07-08T18:45:00+00:00,4074.69,4086.72,4074.69,4080.77,49.5298,real_binance
2026-07-08T19:00:00+00:00,4081.0,4086.73,4081.0,4083.07,18.3832,real_binance
2026-07-08T19:15:00+00:00,4083.24,4083.25,4081.02,4083.25,8.358,real_binance
2026-07-08T19:30:00+00:00,4084.68,4086.38,4079.85,4079.86,47.7214,real_binance
2026-07-08T19:45:00+00:00,4079.99,4080.17,4074.64,4075.69,21.4556,real_binance
2026-07-08T20:00:00+00:00,4076.08,4078.16,4073.46,4074.32,26.5972,real_binance
2026-07-08T20:15:00+00:00,4074.33,4074.99,4070.61,4070.78,6.2541,real_binance
2026-07-08T20:30:00+00:00,4071.52,4073.27,4068.4,4071.49,17.1715,real_binance
2026-07-08T20:45:00+00:00,4070.96,4075.73,4070.51,4072.43,23.4471,real_binance
2026-07-08T21:00:00+00:00,4073.01,4073.51,4073.01,4073.28,4.8738,real_binance
2026-07-08T21:15:00+00:00,4073.28,4073.28,4071.27,4071.28,2.9866,real_binance
2026-07-08T21:30:00+00:00,4071.27,4073.91,4070.82,4073.9,5.5329,real_binance
2026-07-08T21:45:00+00:00,4073.83,4076.92,4073.7,4075.5,3.5833,real_binance
2026-07-08T22:00:00+00:00,4075.49,4076.33,4069.08,4073.67,39.9333,real_binance
2026-07-08T22:15:00+00:00,4073.48,4075.06,4070.51,4070.52,7.4454,real_binance
2026-07-08T22:30:00+00:00,4070.52,4075.16,4070.45,4073.34,10.4632,real_binance
2026-07-08T22:45:00+00:00,4073.46,4075.43,4072.92,4072.92,5.0007,real_binance
2026-07-08T23:00:00+00:00,4072.91,4073.58,4070.58,4072.87,5.745,real_binance
2026-07-08T23:15:00+00:00,4072.88,4073.66,4071.83,4073.66,10.9657,real_binance
2026-07-08T23:30:00+00:00,4073.65,4073.65,4071.38,4071.92,10.7444,real_binance
2026-07-08T23:45:00+00:00,4071.92,4073.76,4068.78,4073.01,11.6071,real_binance
2026-07-09T00:00:00+00:00,4073.01,4083.01,4073.01,4083.01,21.3552,real_binance
2026-07-09T00:15:00+00:00,4083.67,4085.0,4070.74,4073.56,10.4743,real_binance
2026-07-09T00:30:00+00:00,4074.97,4077.08,4072.07,4072.83,17.6571,real_binance
2026-07-09T00:45:00+00:00,4071.94,4074.74,4066.71,4068.32,48.0997,real_binance
2026-07-09T01:00:00+00:00,4068.44,4073.12,4061.78,4068.72,50.5777,real_binance
2026-07-09T01:15:00+00:00,4069.77,4072.54,4063.91,4063.91,10.0674,real_binance
2026-07-09T01:30:00+00:00,4063.7,4070.0,4060.0,4067.89,13.0442,real_binance
2026-07-09T01:45:00+00:00,4068.18,4071.48,4064.67,4067.54,31.8162,real_binance
2026-07-09T02:00:00+00:00,4069.0,4074.77,4068.32,4074.77,11.3014,real_binance
2026-07-09T02:15:00+00:00,4073.73,4077.91,4073.43,4075.7,5.1965,real_binance
2026-07-09T02:30:00+00:00,4075.95,4075.95,4067.15,4067.15,4.7553,real_binance
2026-07-09T02:45:00+00:00,4066.69,4066.97,4060.69,4060.7,14.7932,real_binance
2026-07-09T03:00:00+00:00,4060.97,4063.3,4053.68,4054.89,20.3413,real_binance
2026-07-09T03:15:00+00:00,4054.65,4057.33,4051.62,4056.15,5.49,real_binance
2026-07-09T03:30:00+00:00,4054.47,4059.11,4053.6,4058.68,21.5433,real_binance
2026-07-09T03:45:00+00:00,4058.95,4060.47,4058.46,4060.47,5.3881,real_binance
2026-07-09T04:00:00+00:00,4060.47,4060.99,4057.43,4058.06,5.0709,real_binance
2026-07-09T04:15:00+00:00,4058.0,4058.0,4055.29,4055.61,7.4691,real_binance
2026-07-09T04:30:00+00:00,4055.62,4060.99,4055.62,4055.95,3.8315,real_binance
2026-07-09T04:45:00+00:00,4055.99,4061.34,4055.02,4061.08,12.9211,real_binance
2026-07-09T05:00:00+00:00,4061.85,4072.19,4061.55,4069.12,82.7877,real_binance
2026-07-09T05:15:00+00:00,4069.24,4069.24,4063.65,4067.81,7.9293,real_binance
2026-07-09T05:30:00+00:00,4067.97,4072.82,4062.32,4072.34,15.5162,real_binance
2026-07-09T05:45:00+00:00,4072.47,4081.09,4070.84,4078.65,20.6519,real_binance
2026-07-09T06:00:00+00:00,4079.09,4095.01,4079.09,4088.7,67.8893,real_binance
2026-07-09T06:15:00+00:00,4088.71,4098.32,4087.05,4097.11,30.0908,real_binance
2026-07-09T06:30:00+00:00,4096.82,4101.99,4092.37,4096.98,49.9233,real_binance
2026-07-09T06:45:00+00:00,4097.97,4102.66,4097.97,4102.66,18.1387,real_binance
2026-07-09T07:00:00+00:00,4102.66,4105.62,4097.36,4097.36,30.0815,real_binance
2026-07-09T07:15:00+00:00,4097.16,4104.8,4097.16,4104.11,19.377,real_binance
2026-07-09T07:30:00+00:00,4104.11,4105.71,4099.57,4104.38,11.3588,real_binance
2026-07-09T07:45:00+00:00,4104.38,4105.88,4100.05,4103.37,13.9605,real_binance
2026-07-09T08:00:00+00:00,4103.38,4105.3,4100.19,4102.67,40.708,real_binance
2026-07-09T08:15:00+00:00,4102.67,4111.87,4102.67,4109.89,32.5786,real_binance
2026-07-09T08:30:00+00:00,4109.75,4111.22,4105.47,4108.36,10.3306,real_binance
2026-07-09T08:45:00+00:00,4108.36,4108.36,4102.75,4103.63,25.1,real_binance
2026-07-09T09:00:00+00:00,4103.63,4104.24,4101.38,4102.88,19.059,real_binance
2026-07-09T09:15:00+00:00,4102.88,4107.09,4102.11,4103.14,12.6654,real_binance
2026-07-09T09:30:00+00:00,4103.3,4104.55,4098.11,4098.11,20.9458,real_binance
2026-07-09T09:45:00+00:00,4099.17,4101.73,4098.09,4100.22,15.353,real_binance
2026-07-09T10:00:00+00:00,4100.81,4104.24,4098.91,4099.97,11.6815,real_binance
2026-07-09T10:15:00+00:00,4099.8,4100.7,4098.51,4098.51,5.8051,real_binance
2026-07-09T10:30:00+00:00,4098.66,4099.1,4096.61,4097.5,98.9612,real_binance
2026-07-09T10:45:00+00:00,4097.49,4098.09,4088.78,4093.5,55.632,real_binance
2026-07-09T11:00:00+00:00,4093.59,4099.56,4093.19,4099.18,34.2427,real_binance
2026-07-09T11:15:00+00:00,4099.36,4101.22,4094.28,4095.38,11.8006,real_binance
2026-07-09T11:30:00+00:00,4095.39,4104.01,4094.65,4101.11,54.1892,real_binance
2026-07-09T11:45:00+00:00,4101.11,4105.37,4099.73,4103.15,33.0358,real_binance
2026-07-09T12:00:00+00:00,4103.39,4114.36,4101.3,4108.34,28.1534,real_binance
2026-07-09T12:15:00+00:00,4108.34,4108.74,4101.22,4102.61,20.5998,real_binance
2026-07-09T12:30:00+00:00,4102.6,4117.13,4102.6,4107.95,45.2803,real_binance
2026-07-09T12:45:00+00:00,4107.8,4108.62,4101.92,4102.16,17.6415,real_binance
2026-07-09T13:00:00+00:00,4102.16,4115.0,4101.85,4114.9,20.3949,real_binance
2026-07-09T13:15:00+00:00,4114.9,4120.64,4113.29,4120.24,35.3903,real_binance
2026-07-09T13:30:00+00:00,4120.24,4123.07,4113.99,4121.87,32.1131,real_binance
2026-07-09T13:45:00+00:00,4121.87,4121.87,4112.97,4115.31,34.7173,real_binance
2026-07-09T14:00:00+00:00,4115.31,4131.28,4115.28,4116.95,56.4957,real_binance
2026-07-09T14:15:00+00:00,4115.73,4118.45,4108.24,4118.4,25.9883,real_binance
2026-07-09T14:30:00+00:00,4118.41,4120.88,4114.9,4118.6,57.6299,real_binance
2026-07-09T14:45:00+00:00,4118.98,4122.23,4112.02,4121.87,32.8155,real_binance
2026-07-09T15:00:00+00:00,4121.87,4124.54,4119.91,4119.93,27.9097,real_binance
2026-07-09T15:15:00+00:00,4119.94,4123.93,4119.01,4121.1,10.8642,real_binance
2026-07-09T15:30:00+00:00,4121.1,4124.82,4120.41,4124.58,15.3074,real_binance
2026-07-09T15:45:00+00:00,4124.28,4126.64,4120.81,4121.95,12.8603,real_binance
2026-07-09T16:00:00+00:00,4120.96,4124.45,4120.53,4123.43,14.5378,real_binance
2026-07-09T16:15:00+00:00,4123.43,4126.29,4122.45,4125.39,17.9995,real_binance
2026-07-09T16:30:00+00:00,4125.39,4130.58,4125.27,4126.96,19.6834,real_binance
2026-07-09T16:45:00+00:00,4126.97,4127.37,4121.48,4121.48,15.4028,real_binance
2026-07-09T17:00:00+00:00,4121.28,4122.11,4119.34,4120.93,9.4409,real_binance
2026-07-09T17:15:00+00:00,4120.66,4124.81,4118.74,4124.8,7.1546,real_binance
2026-07-09T17:30:00+00:00,4125.17,4127.03,4122.47,4125.9,12.8064,real_binance
2026-07-09T17:45:00+00:00,4125.21,4130.41,4125.21,4129.35,6.0071,real_binance
2026-07-09T18:00:00+00:00,4129.35,4129.35,4121.63,4122.61,6.6898,real_binance
2026-07-09T18:15:00+00:00,4122.61,4122.61,4116.94,4117.78,9.8819,real_binance
2026-07-09T18:30:00+00:00,4117.81,4118.5,4116.19,4118.49,4.4317,real_binance
2026-07-09T18:45:00+00:00,4118.5,4118.52,4116.3,4118.52,4.4161,real_binance
2026-07-09T19:00:00+00:00,4118.48,4120.0,4116.47,4117.91,48.0685,real_binance
2026-07-09T19:15:00+00:00,4117.91,4119.33,4115.03,4115.19,7.7725,real_binance
2026-07-09T19:30:00+00:00,4115.19,4116.43,4113.96,4114.64,18.2847,real_binance
2026-07-09T19:45:00+00:00,4114.65,4117.68,4114.65,4116.27,2.684,real_binance
2026-07-09T20:00:00+00:00,4117.28,4117.95,4115.27,4115.86,2.3397,real_binance
2026-07-09T20:15:00+00:00,4115.88,4116.6,4115.88,4116.07,1.0172,real_binance
2026-07-09T20:30:00+00:00,4116.06,4119.22,4116.05,4118.73,5.1074,real_binance
2026-07-09T20:45:00+00:00,4118.73,4118.73,4117.91,4118.72,5.9451,real_binance
2026-07-09T21:00:00+00:00,4118.72,4118.73,4116.15,4116.61,9.04,real_binance
2026-07-09T21:15:00+00:00,4116.61,4119.32,4116.61,4119.18,2.717,real_binance
2026-07-09T21:30:00+00:00,4119.19,4121.53,4119.19,4121.53,4.2736,real_binance
2026-07-09T21:45:00+00:00,4121.53,4121.53,4120.14,4120.15,1.6471,real_binance
2026-07-09T22:00:00+00:00,4120.15,4121.56,4117.71,4118.11,8.2586,real_binance
2026-07-09T22:15:00+00:00,4118.11,4118.92,4117.55,4118.34,6.2971,real_binance
2026-07-09T22:30:00+00:00,4118.15,4118.66,4117.39,4117.96,3.1227,real_binance
2026-07-09T22:45:00+00:00,4117.97,4118.11,4116.41,4116.82,4.5269,real_binance
2026-07-09T23:00:00+00:00,4116.67,4118.57,4116.27,4117.52,14.5175,real_binance
2026-07-09T23:15:00+00:00,4117.51,4117.78,4116.58,4117.4,10.0007,real_binance
2026-07-09T23:30:00+00:00,4117.4,4117.4,4116.25,4117.07,1.9958,real_binance
2026-07-09T23:45:00+00:00,4117.08,4118.06,4116.7,4117.45,9.0845,real_binance
2026-07-10T00:00:00+00:00,4117.81,4118.92,4114.57,4115.97,24.7,real_binance
2026-07-10T00:15:00+00:00,4115.97,4116.84,4111.39,4112.96,20.1497,real_binance
2026-07-10T00:30:00+00:00,4112.96,4116.99,4109.11,4116.3,10.6739,real_binance
2026-07-10T00:45:00+00:00,4116.69,4121.89,4114.99,4120.06,36.9089,real_binance
2026-07-10T01:00:00+00:00,4120.07,4123.68,4113.55,4118.02,19.9256,real_binance
2026-07-10T01:15:00+00:00,4119.66,4121.26,4115.01,4115.63,14.643,real_binance
2026-07-10T01:30:00+00:00,4115.64,4117.54,4104.87,4106.76,24.8521,real_binance
2026-07-10T01:45:00+00:00,4105.28,4115.31,4104.12,4112.16,31.4774,real_binance
2026-07-10T02:00:00+00:00,4111.33,4122.1,4110.99,4118.64,13.1354,real_binance
2026-07-10T02:15:00+00:00,4118.9,4122.14,4116.78,4119.67,19.6498,real_binance
2026-07-10T02:30:00+00:00,4119.63,4121.72,4116.71,4119.67,7.6599,real_binance
2026-07-10T02:45:00+00:00,4119.68,4122.74,4118.3,4121.15,9.7447,real_binance
2026-07-10T03:00:00+00:00,4121.81,4128.12,4120.73,4120.73,17.7944,real_binance
2026-07-10T03:15:00+00:00,4120.73,4121.96,4115.04,4119.73,10.5731,real_binance
2026-07-10T03:30:00+00:00,4118.2,4121.35,4116.16,4116.9,7.7551,real_binance
2026-07-10T03:45:00+00:00,4115.91,4116.75,4114.23,4114.44,6.9361,real_binance
2026-07-10T04:00:00+00:00,4114.22,4115.03,4111.92,4114.12,13.7867,real_binance
2026-07-10T04:15:00+00:00,4115.67,4115.77,4107.76,4111.0,11.1969,real_binance
2026-07-10T04:30:00+00:00,4111.8,4113.76,4111.8,4112.97,8.3824,real_binance
2026-07-10T04:45:00+00:00,4112.97,4112.97,4108.88,4108.89,11.3025,real_binance
2026-07-10T05:00:00+00:00,4109.34,4110.5,4107.83,4109.27,12.7012,real_binance
2026-07-10T05:15:00+00:00,4109.52,4111.24,4107.67,4108.52,7.2336,real_binance
2026-07-10T05:30:00+00:00,4108.06,4108.57,4104.62,4108.57,34.8758,real_binance
2026-07-10T05:45:00+00:00,4108.57,4110.65,4103.01,4110.54,31.9093,real_binance
2026-07-10T06:00:00+00:00,4110.8,4113.67,4110.01,4110.01,15.1234,real_binance
2026-07-10T06:15:00+00:00,4110.0,4114.33,4109.06,4109.79,20.5032,real_binance
2026-07-10T06:30:00+00:00,4109.79,4110.04,4106.27,4106.78,11.0716,real_binance
2026-07-10T06:45:00+00:00,4106.83,4109.12,4106.79,4107.27,12.3153,real_binance
2026-07-10T07:00:00+00:00,4107.26,4107.95,4104.24,4106.16,17.8945,real_binance
2026-07-10T07:15:00+00:00,4106.39,4109.58,4104.33,4107.27,6.4022,real_binance
2026-07-10T07:30:00+00:00,4106.74,4107.66,4096.96,4098.16,56.7308,real_binance
2026-07-10T07:45:00+00:00,4098.39,4100.46,4095.49,4099.84,163.2451,real_binance
2026-07-10T08:00:00+00:00,4099.84,4100.25,4095.62,4099.4,27.9607,real_binance
2026-07-10T08:15:00+00:00,4099.84,4101.48,4096.75,4097.19,24.7684,real_binance
2026-07-10T08:30:00+00:00,4097.19,4098.07,4092.67,4094.9,27.8727,real_binance
2026-07-10T08:45:00+00:00,4095.03,4095.03,4089.36,4091.11,28.31,real_binance
2026-07-10T09:00:00+00:00,4091.1,4093.99,4088.17,4093.98,16.4851,real_binance
2026-07-10T09:15:00+00:00,4093.99,4096.96,4093.82,4096.56,15.3262,real_binance
2026-07-10T09:30:00+00:00,4096.76,4097.68,4093.14,4097.39,15.8724,real_binance
2026-07-10T09:45:00+00:00,4096.97,4099.02,4096.97,4098.76,7.4579,real_binance
2026-07-10T10:00:00+00:00,4098.76,4101.84,4098.76,4100.92,14.401,real_binance
2026-07-10T10:15:00+00:00,4100.93,4105.94,4100.26,4103.31,44.7685,real_binance
2026-07-10T10:30:00+00:00,4103.32,4104.05,4100.08,4101.85,31.4585,real_binance
2026-07-10T10:45:00+00:00,4102.53,4102.53,4098.01,4098.33,47.6141,real_binance
2026-07-10T11:00:00+00:00,4098.33,4101.75,4098.32,4100.74,44.5236,real_binance
2026-07-10T11:15:00+00:00,4100.74,4101.7,4095.0,4095.0,27.215,real_binance
2026-07-10T11:30:00+00:00,4094.51,4101.3,4091.04,4101.14,36.5289,real_binance
2026-07-10T11:45:00+00:00,4100.65,4101.74,4097.16,4097.16,18.9662,real_binance
2026-07-10T12:00:00+00:00,4097.17,4111.05,4095.88,4109.63,119.9096,real_binance
2026-07-10T12:15:00+00:00,4109.18,4110.49,4099.01,4100.43,41.7479,real_binance
2026-07-10T12:30:00+00:00,4101.0,4101.47,4093.37,4093.37,36.1905,real_binance
2026-07-10T12:45:00+00:00,4093.61,4099.31,4093.16,4096.43,23.0678,real_binance
2026-07-10T13:00:00+00:00,4096.1,4099.95,4094.07,4098.24,87.5291,real_binance
2026-07-10T13:15:00+00:00,4098.24,4100.17,4080.82,4082.58,64.7362,real_binance
2026-07-10T13:30:00+00:00,4082.69,4095.73,4082.69,4093.34,33.2189,real_binance
2026-07-10T13:45:00+00:00,4093.34,4099.45,4092.45,4096.03,26.552,real_binance
2026-07-10T14:00:00+00:00,4096.03,4098.93,4094.11,4094.87,22.7594,real_binance
2026-07-10T14:15:00+00:00,4095.25,4104.21,4093.92,4102.24,27.7596,real_binance
2026-07-10T14:30:00+00:00,4101.88,4103.71,4070.1,4094.92,151.5292,real_binance
2026-07-10T14:45:00+00:00,4095.28,4102.67,4088.3,4088.64,16.5668,real_binance
2026-07-10T15:00:00+00:00,4089.48,4096.55,4088.23,4094.51,16.3086,real_binance
2026-07-10T15:15:00+00:00,4092.87,4102.68,4092.87,4097.38,13.0321,real_binance
2026-07-10T15:30:00+00:00,4097.79,4101.48,4097.5,4101.48,14.4207,real_binance
2026-07-10T15:45:00+00:00,4101.48,4107.93,4101.31,4107.28,35.4811,real_binance
2026-07-10T16:00:00+00:00,4107.56,4109.09,4102.46,4104.25,31.9363,real_binance
2026-07-10T16:15:00+00:00,4104.25,4107.98,4101.5,4107.98,25.3295,real_binance
2026-07-10T16:30:00+00:00,4108.36,4109.5,4104.24,4104.24,15.5846,real_binance
2026-07-10T16:45:00+00:00,4104.24,4104.24,4100.0,4100.0,13.4572,real_binance
2026-07-10T17:00:00+00:00,4100.0,4101.81,4097.5,4100.29,37.7839,real_binance
2026-07-10T17:15:00+00:00,4100.56,4104.19,4100.56,4102.78,4.6438,real_binance
2026-07-10T17:30:00+00:00,4103.72,4103.72,4100.84,4101.47,1.3195,real_binance
2026-07-10T17:45:00+00:00,4100.85,4101.59,4097.34,4097.34,2.5227,real_binance
2026-07-10T18:00:00+00:00,4097.35,4101.47,4097.04,4100.98,19.3625,real_binance
2026-07-10T18:15:00+00:00,4100.25,4102.02,4098.61,4099.8,15.7125,real_binance
2026-07-10T18:30:00+00:00,4099.8,4099.83,4096.22,4096.22,2.7809,real_binance
2026-07-10T18:45:00+00:00,4096.22,4097.94,4095.7,4097.39,2.7895,real_binance
2026-07-10T19:00:00+00:00,4097.4,4099.02,4094.5,4097.7,5.0269,real_binance
2026-07-10T19:15:00+00:00,4098.55,4099.43,4098.38,4098.39,2.931,real_binance
2026-07-10T19:30:00+00:00,4097.71,4099.43,4096.97,4099.03,6.1976,real_binance
2026-07-10T19:45:00+00:00,4099.41,4103.78,4099.07,4103.78,5.8219,real_binance
2026-07-10T20:00:00+00:00,4104.09,4109.11,4104.09,4107.38,8.878,real_binance
2026-07-10T20:15:00+00:00,4107.85,4108.21,4106.91,4107.04,9.7673,real_binance
2026-07-10T20:30:00+00:00,4107.05,4107.49,4106.63,4106.63,4.2472,real_binance
2026-07-10T20:45:00+00:00,4107.04,4116.56,4107.04,4115.44,19.0593,real_binance
2026-07-10T21:00:00+00:00,4115.43,4115.43,4113.48,4114.0,5.4692,real_binance
2026-07-10T21:15:00+00:00,4114.0,4115.65,4112.83,4115.36,39.5038,real_binance
2026-07-10T21:30:00+00:00,4115.19,4115.19,4113.72,4113.8,5.9459,real_binance
2026-07-10T21:45:00+00:00,4114.04,4115.61,4114.04,4115.61,1.526,real_binance
2026-07-10T22:00:00+00:00,4115.61,4116.65,4115.31,4116.56,2.8715,real_binance
2026-07-10T22:15:00+00:00,4116.56,4116.56,4115.73,4116.1,2.2833,real_binance
2026-07-10T22:30:00+00:00,4116.1,4116.1,4113.81,4113.81,5.7638,real_binance
2026-07-10T22:45:00+00:00,4113.81,4113.81,4113.22,4113.23,3.3118,real_binance
2026-07-10T23:00:00+00:00,4113.23,4113.23,4113.21,4113.22,2.9587,real_binance
2026-07-10T23:15:00+00:00,4113.22,4114.62,4113.21,4114.62,2.7286,real_binance
2026-07-10T23:30:00+00:00,4114.61,4114.62,4113.63,4113.82,2.272,real_binance
2026-07-10T23:45:00+00:00,4113.83,4114.18,4113.34,4113.34,4.4022,real_binance
2026-07-11T00:00:00+00:00,4113.34,4115.23,4113.34,4114.35,9.917,real_binance
2026-07-11T00:15:00+00:00,4114.36,4114.55,4113.69,4114.55,1.5218,real_binance
2026-07-11T00:30:00+00:00,4114.55,4114.96,4113.87,4114.55,3.2252,real_binance
2026-07-11T00:45:00+00:00,4114.54,4114.55,4113.99,4113.99,1.3973,real_binance
2026-07-11T01:00:00+00:00,4113.51,4113.73,4113.5,4113.72,0.952,real_binance
2026-07-11T01:15:00+00:00,4113.73,4113.73,4113.23,4113.23,0.7005,real_binance
2026-07-11T01:30:00+00:00,4113.24,4113.24,4112.8,4113.01,2.4716,real_binance
2026-07-11T01:45:00+00:00,4113.01,4113.02,4110.86,4112.04,10.978,real_binance
2026-07-11T02:00:00+00:00,4112.05,4113.19,4111.87,4113.18,2.342,real_binance
2026-07-11T02:15:00+00:00,4112.95,4112.95,4112.15,4112.16,1.213,real_binance
2026-07-11T02:30:00+00:00,4112.16,4112.16,4112.15,4112.15,0.3057,real_binance
2026-07-11T02:45:00+00:00,4112.15,4112.15,4111.88,4111.88,0.5289,real_binance
2026-07-11T03:00:00+00:00,4111.89,4111.89,4111.34,4111.34,0.435,real_binance
2026-07-11T03:15:00+00:00,4111.34,4111.35,4110.4,4110.4,2.4397,real_binance
2026-07-11T03:30:00+00:00,4110.4,4110.41,4110.4,4110.4,0.985,real_binance
2026-07-11T03:45:00+00:00,4110.41,4110.78,4110.4,4110.78,1.2154,real_binance
2026-07-11T04:00:00+00:00,4110.78,4111.52,4110.77,4111.51,1.8027,real_binance
2026-07-11T04:15:00+00:00,4111.52,4111.52,4111.5,4111.51,3.5464,real_binance
2026-07-11T04:30:00+00:00,4111.51,4111.88,4111.5,4111.88,1.5192,real_binance
2026-07-11T04:45:00+00:00,4111.88,4111.88,4111.87,4111.87,0.4887,real_binance
2026-07-11T05:00:00+00:00,4111.88,4111.88,4111.87,4111.88,0.22,real_binance
2026-07-11T05:15:00+00:00,4111.88,4111.88,4111.87,4111.88,1.6663,real_binance
2026-07-11T05:30:00+00:00,4111.88,4113.6,4111.88,4113.47,4.7021,real_binance
2026-07-11T05:45:00+00:00,4113.47,4113.47,4113.46,4113.47,0.939,real_binance
2026-07-11T06:00:00+00:00,4113.47,4113.47,4112.45,4112.46,1.2078,real_binance
2026-07-11T06:15:00+00:00,4112.45,4112.46,4112.45,4112.46,0.7498,real_binance
2026-07-11T06:30:00+00:00,4112.46,4113.54,4112.45,4113.53,1.4693,real_binance
2026-07-11T06:45:00+00:00,4113.54,4113.59,4113.53,4113.59,2.9815,real_binance
2026-07-11T07:00:00+00:00,4113.59,4113.59,4113.52,4113.52,1.4391,real_binance
2026-07-11T07:15:00+00:00,4113.53,4113.53,4113.19,4113.2,0.5863,real_binance
2026-07-11T07:30:00+00:00,4113.19,4113.19,4113.08,4113.09,1.8071,real_binance
2026-07-11T07:45:00+00:00,4113.09,4113.53,4112.08,4113.53,3.296,real_binance
2026-07-11T08:00:00+00:00,4113.53,4113.91,4113.52,4113.91,1.745,real_binance
2026-07-11T08:15:00+00:00,4113.91,4113.96,4113.91,4113.95,1.1259,real_binance
2026-07-11T08:30:00+00:00,4113.96,4113.96,4113.95,4113.96,3.212,real_binance
2026-07-11T08:45:00+00:00,4113.96,4113.96,4113.92,4113.93,1.5593,real_binance
2026-07-11T09:00:00+00:00,4113.93,4114.12,4113.93,4114.11,5.585,real_binance
2026-07-11T09:15:00+00:00,4114.11,4114.11,4114.07,4114.08,1.1267,real_binance
2026-07-11T09:30:00+00:00,4114.08,4114.08,4114.0,4114.01,1.9637,real_binance
2026-07-11T09:45:00+00:00,4114.0,4116.02,4114.0,4115.22,11.7912,real_binance
2026-07-11T10:00:00+00:00,4115.21,4115.22,4115.1,4115.1,1.2741,real_binance
2026-07-11T10:15:00+00:00,4115.11,4115.11,4114.55,4114.55,0.6795,real_binance
2026-07-11T10:30:00+00:00,4114.56,4114.56,4114.55,4114.56,0.4688,real_binance
2026-07-11T10:45:00+00:00,4114.55,4114.56,4114.19,4114.19,3.0893,real_binance
2026-07-11T11:00:00+00:00,4114.2,4114.2,4114.0,4114.0,1.2982,real_binance
2026-07-11T11:15:00+00:00,4114.0,4114.2,4114.0,4114.2,3.1715,real_binance
2026-07-11T11:30:00+00:00,4114.19,4114.2,4113.85,4113.85,7.3746,real_binance
2026-07-11T11:45:00+00:00,4113.85,4113.85,4113.64,4113.83,4.3556,real_binance
2026-07-11T12:00:00+00:00,4113.83,4114.16,4113.69,4114.01,1.2814,real_binance
2026-07-11T12:15:00+00:00,4114.01,4114.01,4111.87,4112.85,7.0256,real_binance
2026-07-11T12:30:00+00:00,4112.86,4112.86,4112.25,4112.54,2.8889,real_binance
2026-07-11T12:45:00+00:00,4112.54,4112.55,4112.25,4112.26,1.5603,real_binance
2026-07-11T13:00:00+00:00,4112.26,4112.55,4112.06,4112.54,4.8036,real_binance
2026-07-11T13:15:00+00:00,4112.55,4114.62,4111.87,4113.86,15.4867,real_binance
2026-07-11T13:30:00+00:00,4113.87,4114.6,4113.86,4114.13,2.6272,real_binance
2026-07-11T13:45:00+00:00,4114.13,4114.3,4113.71,4113.71,2.1501,real_binance
2026-07-11T14:00:00+00:00,4113.72,4113.72,4113.6,4113.61,0.8549,real_binance
2026-07-11T14:15:00+00:00,4113.6,4113.61,4113.57,4113.58,3.0108,real_binance
2026-07-11T14:30:00+00:00,4113.57,4115.49,4113.57,4114.59,7.6731,real_binance
2026-07-11T14:45:00+00:00,4114.58,4114.59,4114.35,4114.36,0.4036,real_binance
2026-07-11T15:00:00+00:00,4114.36,4114.36,4106.03,4108.61,100.6714,real_binance
2026-07-11T15:15:00+00:00,4108.62,4108.69,4108.61,4108.68,2.7116,real_binance
2026-07-11T15:30:00+00:00,4108.67,4108.68,4104.43,4104.98,23.4881,real_binance
2026-07-11T15:45:00+00:00,4104.99,4105.96,4104.98,4105.95,1.3894,real_binance
2026-07-11T16:00:00+00:00,4105.95,4106.5,4105.95,4106.5,2.0684,real_binance
2026-07-11T16:15:00+00:00,4106.5,4106.81,4106.49,4106.8,1.9336,real_binance
2026-07-11T16:30:00+00:00,4106.81,4108.31,4106.81,4108.27,4.4732,real_binance
2026-07-11T16:45:00+00:00,4108.27,4108.58,4108.26,4108.27,3.42,real_binance
2026-07-11T17:00:00+00:00,4108.27,4108.27,4108.26,4108.27,0.7861,real_binance
2026-07-11T17:15:00+00:00,4108.27,4108.54,4108.26,4108.54,2.4836,real_binance
2026-07-11T17:30:00+00:00,4108.54,4108.67,4108.3,4108.67,2.7641,real_binance
2026-07-11T17:45:00+00:00,4108.67,4109.43,4108.67,4108.96,14.5303,real_binance
2026-07-11T18:00:00+00:00,4108.97,4108.97,4107.03,4107.08,7.5503,real_binance
2026-07-11T18:15:00+00:00,4107.09,4107.09,4106.68,4106.69,2.4616,real_binance
2026-07-11T18:30:00+00:00,4106.69,4106.69,4106.48,4106.68,1.5482,real_binance
2026-07-11T18:45:00+00:00,4106.69,4106.69,4106.68,4106.68,1.1528,real_binance
2026-07-11T19:00:00+00:00,4106.69,4106.69,4106.68,4106.68,0.579,real_binance
2026-07-11T19:15:00+00:00,4106.69,4106.69,4106.68,4106.69,0.1779,real_binance
2026-07-11T19:30:00+00:00,4106.69,4106.69,4106.68,4106.68,0.6391,real_binance
2026-07-11T19:45:00+00:00,4106.69,4106.69,4106.68,4106.68,0.2639,real_binance
2026-07-11T20:00:00+00:00,4106.69,4106.69,4106.68,4106.69,0.3175,real_binance
2026-07-11T20:15:00+00:00,4106.69,4106.69,4106.68,4106.69,0.3756,real_binance
2026-07-11T20:30:00+00:00,4106.68,4106.69,4106.68,4106.69,1.6367,real_binance
2026-07-11T20:45:00+00:00,4106.69,4107.92,4106.68,4107.83,2.7487,real_binance
2026-07-11T21:00:00+00:00,4107.83,4107.83,4103.28,4103.28,17.297,real_binance
2026-07-11T21:15:00+00:00,4103.28,4103.43,4102.39,4103.1,3.9943,real_binance
2026-07-11T21:30:00+00:00,4103.1,4103.1,4102.36,4102.81,5.7248,real_binance
2026-07-11T21:45:00+00:00,4102.8,4102.81,4102.54,4102.72,0.9756,real_binance
2026-07-11T22:00:00+00:00,4102.72,4103.04,4102.71,4103.03,1.3009,real_binance
2026-07-11T22:15:00+00:00,4103.03,4103.04,4102.13,4102.14,4.3189,real_binance
2026-07-11T22:30:00+00:00,4102.13,4102.14,4102.13,4102.14,0.5604,real_binance
2026-07-11T22:45:00+00:00,4102.13,4103.1,4102.13,4103.04,1.8935,real_binance
2026-07-11T23:00:00+00:00,4103.04,4103.06,4103.04,4103.04,2.821,real_binance
2026-07-11T23:15:00+00:00,4103.04,4103.04,4102.0,4102.0,12.9397,real_binance
2026-07-11T23:30:00+00:00,4102.0,4102.0,4100.4,4101.89,31.3037,real_binance
2026-07-11T23:45:00+00:00,4101.89,4102.87,4101.88,4102.09,7.1269,real_binance
2026-07-12T00:00:00+00:00,4102.1,4102.1,4100.63,4101.34,33.6391,real_binance
2026-07-12T00:15:00+00:00,4101.34,4102.73,4101.06,4101.11,7.44,real_binance
2026-07-12T00:30:00+00:00,4101.11,4101.11,4100.17,4100.17,4.5762,real_binance
2026-07-12T00:45:00+00:00,4100.16,4100.17,4099.45,4099.46,10.4621,real_binance
2026-07-12T01:00:00+00:00,4099.45,4100.14,4099.45,4100.14,3.2889,real_binance
2026-07-12T01:15:00+00:00,4100.2,4101.98,4100.19,4101.85,6.2634,real_binance
2026-07-12T01:30:00+00:00,4101.85,4101.98,4101.8,4101.81,2.864,real_binance
2026-07-12T01:45:00+00:00,4101.81,4101.81,4100.56,4100.74,8.5073,real_binance
2026-07-12T02:00:00+00:00,4100.73,4100.74,4100.73,4100.74,1.7933,real_binance
2026-07-12T02:15:00+00:00,4100.73,4100.74,4100.73,4100.73,1.241,real_binance
2026-07-12T02:30:00+00:00,4100.73,4100.74,4100.38,4100.38,0.2932,real_binance
2026-07-12T02:45:00+00:00,4100.38,4102.75,4100.36,4102.75,6.4566,real_binance
2026-07-12T03:00:00+00:00,4102.75,4102.75,4102.43,4102.67,3.0361,real_binance
2026-07-12T03:15:00+00:00,4102.68,4102.69,4102.67,4102.68,1.3101,real_binance
2026-07-12T03:30:00+00:00,4102.69,4102.69,4102.64,4102.66,1.3888,real_binance
2026-07-12T03:45:00+00:00,4102.66,4102.75,4102.65,4102.74,1.8512,real_binance
2026-07-12T04:00:00+00:00,4102.75,4103.1,4102.74,4103.1,1.8895,real_binance
2026-07-12T04:15:00+00:00,4103.1,4103.1,4103.09,4103.09,1.7803,real_binance
2026-07-12T04:30:00+00:00,4103.1,4103.1,4103.09,4103.1,0.7821,real_binance
2026-07-12T04:45:00+00:00,4103.09,4103.1,4103.09,4103.09,0.4028,real_binance
2026-07-12T05:00:00+00:00,4103.1,4103.1,4101.59,4102.14,4.1124,real_binance
2026-07-12T05:15:00+00:00,4102.14,4102.14,4101.45,4101.45,13.8785,real_binance
2026-07-12T05:30:00+00:00,4101.04,4101.24,4101.04,4101.24,2.8052,real_binance
2026-07-12T05:45:00+00:00,4101.23,4101.24,4100.81,4101.21,1.6275,real_binance
2026-07-12T06:00:00+00:00,4101.22,4101.22,4100.37,4100.38,1.4146,real_binance
2026-07-12T06:15:00+00:00,4100.09,4100.37,4099.65,4099.65,5.9612,real_binance
2026-07-12T06:30:00+00:00,4099.65,4099.65,4099.64,4099.65,1.2532,real_binance
2026-07-12T06:45:00+00:00,4099.65,4099.65,4099.64,4099.64,1.9141,real_binance
2026-07-12T07:00:00+00:00,4099.65,4099.67,4099.64,4099.67,1.2357,real_binance
2026-07-12T07:15:00+00:00,4099.66,4099.67,4099.66,4099.67,3.0203,real_binance
2026-07-12T07:30:00+00:00,4099.67,4099.68,4099.67,4099.67,1.1164,real_binance
2026-07-12T07:45:00+00:00,4099.67,4099.68,4099.67,4099.67,0.7423,real_binance
2026-07-12T08:00:00+00:00,4099.67,4099.68,4099.63,4099.64,3.2623,real_binance
2026-07-12T08:15:00+00:00,4099.64,4099.64,4099.63,4099.64,0.8769,real_binance
2026-07-12T08:30:00+00:00,4099.64,4099.64,4099.63,4099.64,0.62,real_binance
2026-07-12T08:45:00+00:00,4099.64,4099.64,4099.63,4099.64,0.8399,real_binance
2026-07-12T09:00:00+00:00,4099.64,4099.64,4099.63,4099.64,1.1836,real_binance
2026-07-12T09:15:00+00:00,4099.64,4100.0,4099.63,4100.0,5.5448,real_binance
2026-07-12T09:30:00+00:00,4100.0,4100.0,4099.65,4099.66,4.0268,real_binance
2026-07-12T09:45:00+00:00,4099.66,4100.28,4099.65,4100.2,7.687,real_binance
2026-07-12T10:00:00+00:00,4100.21,4100.66,4099.82,4100.58,10.2761,real_binance
2026-07-12T10:15:00+00:00,4100.59,4100.59,4100.57,4100.57,0.3403,real_binance
2026-07-12T10:30:00+00:00,4100.58,4100.77,4100.41,4100.52,1.8983,real_binance
2026-07-12T10:45:00+00:00,4100.51,4101.05,4100.51,4101.05,9.7362,real_binance
2026-07-12T11:00:00+00:00,4101.05,4101.17,4101.04,4101.16,0.5189,real_binance
2026-07-12T11:15:00+00:00,4101.17,4101.17,4101.16,4101.17,0.9109,real_binance
2026-07-12T11:30:00+00:00,4101.17,4101.17,4100.22,4100.22,2.4988,real_binance
2026-07-12T11:45:00+00:00,4100.22,4100.22,4099.59,4099.59,14.5193,real_binance
2026-07-12T12:00:00+00:00,4099.6,4099.6,4098.18,4098.84,45.0214,real_binance
2026-07-12T12:15:00+00:00,4098.85,4098.85,4098.44,4098.63,2.7661,real_binance
2026-07-12T12:30:00+00:00,4098.64,4098.64,4098.38,4098.5,2.9624,real_binance
2026-07-12T12:45:00+00:00,4098.5,4098.51,4098.1,4098.33,5.6295,real_binance
2026-07-12T13:00:00+00:00,4098.34,4098.34,4097.39,4098.17,5.3649,real_binance
2026-07-12T13:15:00+00:00,4098.17,4098.18,4097.88,4097.93,1.8945,real_binance
2026-07-12T13:30:00+00:00,4097.92,4097.93,4097.92,4097.93,1.0017,real_binance
2026-07-12T13:45:00+00:00,4097.93,4097.93,4096.97,4096.97,1.493,real_binance
2026-07-12T14:00:00+00:00,4096.98,4097.39,4096.98,4097.38,2.3654,real_binance
2026-07-12T14:15:00+00:00,4097.39,4097.46,4097.39,4097.45,1.2239,real_binance
2026-07-12T14:30:00+00:00,4097.45,4097.45,4094.82,4096.42,35.4277,real_binance
2026-07-12T14:45:00+00:00,4096.43,4098.04,4096.42,4098.04,7.3876,real_binance
2026-07-12T15:00:00+00:00,4098.04,4100.66,4098.03,4100.63,2.8459,real_binance
2026-07-12T15:15:00+00:00,4100.64,4101.35,4100.12,4101.07,11.5638,real_binance
2026-07-12T15:30:00+00:00,4101.07,4101.32,4100.53,4100.53,9.7583,real_binance
2026-07-12T15:45:00+00:00,4100.53,4100.73,4100.15,4100.72,6.6555,real_binance
2026-07-12T16:00:00+00:00,4100.72,4100.73,4100.11,4100.12,1.3605,real_binance
2026-07-12T16:15:00+00:00,4100.12,4100.44,4100.09,4100.09,3.1958,real_binance
2026-07-12T16:30:00+00:00,4100.1,4100.1,4099.96,4099.96,2.8619,real_binance
2026-07-12T16:45:00+00:00,4099.84,4099.85,4099.32,4099.32,1.2375,real_binance
2026-07-12T17:00:00+00:00,4099.33,4099.33,4098.26,4098.27,2.1491,real_binance
2026-07-12T17:15:00+00:00,4098.27,4098.27,4097.84,4097.84,0.6057,real_binance
2026-07-12T17:30:00+00:00,4097.84,4097.85,4096.66,4096.98,8.3617,real_binance
2026-07-12T17:45:00+00:00,4096.98,4096.99,4096.44,4096.45,2.8562,real_binance
2026-07-12T18:00:00+00:00,4096.45,4096.45,4096.42,4096.43,0.5065,real_binance
2026-07-12T18:15:00+00:00,4096.42,4096.43,4095.91,4095.91,1.9238,real_binance
2026-07-12T18:30:00+00:00,4095.91,4096.43,4095.91,4096.43,0.7788,real_binance
2026-07-12T18:45:00+00:00,4096.43,4096.43,4095.75,4095.76,2.1015,real_binance
2026-07-12T19:00:00+00:00,4095.76,4096.43,4095.75,4096.42,3.5966,real_binance
2026-07-12T19:15:00+00:00,4096.43,4096.43,4096.42,4096.43,0.2566,real_binance
2026-07-12T19:30:00+00:00,4096.42,4096.45,4096.42,4096.44,1.6776,real_binance
2026-07-12T19:45:00+00:00,4096.43,4096.52,4096.43,4096.52,0.621,real_binance
2026-07-12T20:00:00+00:00,4096.51,4096.52,4096.02,4096.31,4.3261,real_binance
2026-07-12T20:15:00+00:00,4096.31,4097.52,4096.3,4097.14,6.9239,real_binance
2026-07-12T20:30:00+00:00,4097.14,4099.32,4097.14,4099.32,5.5017,real_binance
2026-07-12T20:45:00+00:00,4099.32,4099.47,4099.31,4099.47,1.4936,real_binance
2026-07-12T21:00:00+00:00,4099.47,4099.6,4099.26,4099.26,1.8177,real_binance
2026-07-12T21:15:00+00:00,4099.26,4099.34,4099.26,4099.33,1.7558,real_binance
2026-07-12T21:30:00+00:00,4099.34,4099.34,4097.52,4097.77,60.2492,real_binance
2026-07-12T21:45:00+00:00,4097.77,4098.01,4095.28,4095.77,18.1814,real_binance
2026-07-12T22:00:00+00:00,4095.76,4098.58,4077.46,4077.46,168.5118,real_binance
2026-07-12T22:15:00+00:00,4077.67,4082.54,4077.46,4080.24,14.0142,real_binance
2026-07-12T22:30:00+00:00,4080.23,4081.82,4075.13,4075.36,9.9942,real_binance
2026-07-12T22:45:00+00:00,4075.37,4076.48,4068.31,4073.94,44.4882,real_binance
2026-07-12T23:00:00+00:00,4072.88,4072.88,4066.16,4067.0,9.584,real_binance
2026-07-12T23:15:00+00:00,4067.01,4071.64,4066.05,4071.45,14.7256,real_binance
2026-07-12T23:30:00+00:00,4071.45,4075.96,4070.23,4074.94,54.4069,real_binance
2026-07-12T23:45:00+00:00,4074.94,4080.47,4072.94,4080.47,29.4595,real_binance
2026-07-13T00:00:00+00:00,4080.48,4086.66,4077.84,4083.33,30.1188,real_binance
2026-07-13T00:15:00+00:00,4083.33,4084.44,4072.28,4072.28,9.7525,real_binance
2026-07-13T00:30:00+00:00,4072.28,4072.6,4059.51,4069.28,21.7474,real_binance
2026-07-13T00:45:00+00:00,4070.0,4074.0,4065.85,4071.2,20.4335,real_binance
2026-07-13T01:00:00+00:00,4071.16,4076.44,4063.51,4074.64,27.0347,real_binance
2026-07-13T01:15:00+00:00,4075.91,4077.16,4068.8,4074.19,15.9181,real_binance
2026-07-13T01:30:00+00:00,4074.6,4083.38,4074.18,4079.3,9.695,real_binance
2026-07-13T01:45:00+00:00,4080.3,4083.13,4064.88,4068.55,45.3259,real_binance
2026-07-13T02:00:00+00:00,4068.52,4070.31,4066.08,4067.04,20.1822,real_binance
2026-07-13T02:15:00+00:00,4068.8,4070.44,4063.12,4063.73,24.6762,real_binance
2026-07-13T02:30:00+00:00,4063.73,4073.14,4061.61,4066.98,27.0929,real_binance
2026-07-13T02:45:00+00:00,4068.24,4068.38,4064.87,4065.12,11.677,real_binance
2026-07-13T03:00:00+00:00,4064.56,4064.95,4050.0,4054.69,80.4326,real_binance
2026-07-13T03:15:00+00:00,4054.7,4058.16,4054.7,4058.16,7.5477,real_binance
2026-07-13T03:30:00+00:00,4058.15,4058.15,4053.06,4053.5,20.1949,real_binance
2026-07-13T03:45:00+00:00,4053.5,4057.02,4053.5,4056.12,7.833,real_binance
2026-07-13T04:00:00+00:00,4055.32,4055.92,4050.0,4050.33,22.5362,real_binance
2026-07-13T04:15:00+00:00,4051.0,4054.26,4047.81,4051.11,45.2893,real_binance
2026-07-13T04:30:00+00:00,4052.46,4053.9,4050.38,4050.44,13.8789,real_binance
2026-07-13T04:45:00+00:00,4050.86,4055.5,4048.88,4055.44,30.4554,real_binance
2026-07-13T05:00:00+00:00,4055.43,4068.39,4051.94,4064.9,16.5919,real_binance
2026-07-13T05:15:00+00:00,4065.61,4065.61,4054.56,4054.56,11.0254,real_binance
2026-07-13T05:30:00+00:00,4054.55,4061.58,4048.99,4060.41,22.2506,real_binance
2026-07-13T05:45:00+00:00,4059.14,4060.23,4050.23,4050.23,8.5061,real_binance
2026-07-13T06:00:00+00:00,4051.46,4052.71,4040.99,4047.7,35.2774,real_binance
2026-07-13T06:15:00+00:00,4049.08,4057.52,4048.06,4057.52,4.235,real_binance
2026-07-13T06:30:00+00:00,4057.11,4059.61,4055.77,4058.65,7.3768,real_binance
2026-07-13T06:45:00+00:00,4056.33,4056.33,4049.55,4050.71,5.5414,real_binance
2026-07-13T07:00:00+00:00,4052.03,4057.67,4047.06,4053.72,28.8986,real_binance
2026-07-13T07:15:00+00:00,4053.84,4056.22,4053.35,4055.75,17.5989,real_binance
2026-07-13T07:30:00+00:00,4056.15,4060.24,4054.39,4056.52,19.354,real_binance
2026-07-13T07:45:00+00:00,4055.63,4061.14,4053.82,4061.14,5.9344,real_binance
2026-07-13T08:00:00+00:00,4061.32,4072.66,4061.32,4072.45,140.8337,real_binance
2026-07-13T08:15:00+00:00,4072.21,4076.51,4070.5,4070.5,35.1625,real_binance
2026-07-13T08:30:00+00:00,4070.5,4072.44,4068.69,4072.44,21.1781,real_binance
2026-07-13T08:45:00+00:00,4072.17,4074.61,4069.1,4071.94,5.8244,real_binance
2026-07-13T09:00:00+00:00,4071.73,4072.96,4070.33,4070.66,4.2471,real_binance
2026-07-13T09:15:00+00:00,4071.16,4072.89,4068.86,4070.0,11.2678,real_binance
2026-07-13T09:30:00+00:00,4070.01,4070.22,4066.06,4069.05,13.7798,real_binance
2026-07-13T09:45:00+00:00,4069.04,4069.34,4065.67,4065.85,7.5002,real_binance
2026-07-13T10:00:00+00:00,4065.59,4066.91,4063.35,4063.76,17.6151,real_binance
2026-07-13T10:15:00+00:00,4063.77,4065.71,4061.52,4061.52,9.824,real_binance
2026-07-13T10:30:00+00:00,4061.86,4064.48,4046.81,4050.02,56.6763,real_binance
2026-07-13T10:45:00+00:00,4049.59,4058.32,4045.99,4056.81,36.0253,real_binance
2026-07-13T11:00:00+00:00,4057.13,4064.07,4055.36,4061.38,15.3302,real_binance
2026-07-13T11:15:00+00:00,4061.2,4061.9,4056.36,4059.79,9.0278,real_binance
2026-07-13T11:30:00+00:00,4059.62,4064.22,4058.86,4061.72,8.626,real_binance
2026-07-13T11:45:00+00:00,4061.91,4062.12,4052.0,4054.5,11.6226,real_binance
2026-07-13T12:00:00+00:00,4054.39,4057.46,4050.25,4053.06,32.1002,real_binance
2026-07-13T12:15:00+00:00,4054.37,4059.19,4053.09,4055.17,15.7543,real_binance
2026-07-13T12:30:00+00:00,4055.17,4059.58,4055.17,4059.2,7.9525,real_binance
2026-07-13T12:45:00+00:00,4059.15,4062.32,4059.14,4062.32,4.4184,real_binance
2026-07-13T13:00:00+00:00,4062.84,4062.84,4055.77,4058.35,10.0209,real_binance
2026-07-13T13:15:00+00:00,4058.34,4061.73,4055.34,4058.85,6.2504,real_binance
2026-07-13T13:30:00+00:00,4058.75,4060.57,4048.6,4049.95,23.7535,real_binance
2026-07-13T13:45:00+00:00,4051.39,4054.19,4039.29,4040.11,73.0856,real_binance
2026-07-13T14:00:00+00:00,4041.04,4043.76,4028.1,4033.34,70.5908,real_binance
2026-07-13T14:15:00+00:00,4033.35,4034.63,4002.36,4016.26,209.3128,real_binance
2026-07-13T14:30:00+00:00,4016.63,4017.27,4001.0,4004.73,81.6649,real_binance
2026-07-13T14:45:00+00:00,4005.23,4014.37,4001.87,4014.37,70.2002,real_binance
2026-07-13T15:00:00+00:00,4014.88,4017.25,4011.28,4014.44,76.2402,real_binance
2026-07-13T15:15:00+00:00,4014.44,4018.64,4012.83,4016.46,31.5211,real_binance
2026-07-13T15:30:00+00:00,4016.46,4017.31,4012.44,4012.62,30.4417,real_binance
2026-07-13T15:45:00+00:00,4012.96,4014.88,4009.96,4014.88,22.2477,real_binance
2026-07-13T16:00:00+00:00,4015.26,4016.66,4013.35,4013.7,20.7832,real_binance
2026-07-13T16:15:00+00:00,4013.87,4013.87,4000.97,4002.69,31.7236,real_binance
2026-07-13T16:30:00+00:00,4004.0,4004.9,3991.0,4000.01,252.1845,real_binance
2026-07-13T16:45:00+00:00,4000.72,4003.15,3988.38,3994.54,32.1812,real_binance
2026-07-13T17:00:00+00:00,3994.56,4000.06,3993.61,3999.36,26.8787,real_binance
2026-07-13T17:15:00+00:00,3999.54,4002.65,3998.31,3999.69,22.879,real_binance
2026-07-13T17:30:00+00:00,4001.02,4001.84,3998.0,3998.75,21.559,real_binance
2026-07-13T17:45:00+00:00,3999.14,4000.64,3993.18,3993.18,23.5033,real_binance
2026-07-13T18:00:00+00:00,3994.13,3996.45,3991.39,3994.92,25.5203,real_binance
2026-07-13T18:15:00+00:00,3994.92,3997.75,3988.39,3995.99,16.053,real_binance
2026-07-13T18:30:00+00:00,3995.75,4001.85,3995.68,4001.8,11.291,real_binance
2026-07-13T18:45:00+00:00,4002.13,4005.85,4000.54,4001.74,16.9018,real_binance
2026-07-13T19:00:00+00:00,4002.31,4005.1,3998.46,3999.74,23.9632,real_binance
2026-07-13T19:15:00+00:00,3999.64,4001.43,3998.01,3998.89,30.1699,real_binance
2026-07-13T19:30:00+00:00,3998.99,4001.38,3995.01,3999.63,18.4992,real_binance
2026-07-13T19:45:00+00:00,4000.35,4003.12,3998.18,4003.12,7.8731,real_binance
2026-07-13T20:00:00+00:00,4003.12,4006.45,3999.59,3999.59,9.5328,real_binance
2026-07-13T20:15:00+00:00,3999.58,4000.63,3997.13,4000.19,31.9158,real_binance
2026-07-13T20:30:00+00:00,4000.18,4000.32,3997.53,4000.23,15.6941,real_binance
2026-07-13T20:45:00+00:00,4000.32,4002.63,3998.9,4002.57,13.3573,real_binance
2026-07-13T21:00:00+00:00,4002.25,4002.63,4000.99,4001.11,14.7999,real_binance
2026-07-13T21:15:00+00:00,4001.11,4001.43,4000.95,4001.13,5.5087,real_binance
2026-07-13T21:30:00+00:00,4001.13,4004.53,4001.13,4004.35,11.7549,real_binance
2026-07-13T21:45:00+00:00,4004.14,4005.72,4003.98,4004.5,3.2103,real_binance
2026-07-13T22:00:00+00:00,4004.49,4005.79,4001.94,4004.23,21.5512,real_binance
2026-07-13T22:15:00+00:00,4004.18,4004.87,4002.51,4002.84,8.6937,real_binance
2026-07-13T22:30:00+00:00,4002.75,4003.63,4001.58,4001.78,6.1514,real_binance
2026-07-13T22:45:00+00:00,4001.79,4002.82,3999.38,3999.38,95.9447,real_binance
2026-07-13T23:00:00+00:00,3999.38,4001.11,3998.34,3998.35,14.0562,real_binance
2026-07-13T23:15:00+00:00,3998.36,3998.36,3996.05,3996.05,4.875,real_binance
2026-07-13T23:30:00+00:00,3996.06,3996.06,3992.68,3994.67,9.3586,real_binance
2026-07-13T23:45:00+00:00,3994.18,3998.89,3991.96,3998.89,7.9679,real_binance
2026-07-14T00:00:00+00:00,3999.12,4002.21,3983.25,3993.03,105.786,real_binance
2026-07-14T00:15:00+00:00,3993.03,3994.28,3984.47,3993.21,38.5661,real_binance
2026-07-14T00:30:00+00:00,3993.41,4004.61,3993.0,4001.43,38.9651,real_binance
2026-07-14T00:45:00+00:00,4001.04,4005.18,3999.63,4002.43,23.6554,real_binance
2026-07-14T01:00:00+00:00,4002.44,4002.44,3991.38,3994.46,22.0278,real_binance
2026-07-14T01:15:00+00:00,3996.82,4003.15,3995.02,3996.23,29.8609,real_binance
2026-07-14T01:30:00+00:00,3995.39,4002.23,3992.7,3999.76,37.8409,real_binance
2026-07-14T01:45:00+00:00,4000.16,4009.78,3997.83,4008.8,40.1836,real_binance
2026-07-14T02:00:00+00:00,4009.04,4015.38,4005.06,4015.13,14.1965,real_binance
2026-07-14T02:15:00+00:00,4014.92,4016.46,4012.01,4014.64,13.0072,real_binance
2026-07-14T02:30:00+00:00,4016.23,4016.23,4008.62,4009.16,9.5895,real_binance
2026-07-14T02:45:00+00:00,4009.16,4011.79,4007.5,4010.29,3.8073,real_binance
2026-07-14T03:00:00+00:00,4010.33,4014.09,4009.68,4010.86,7.4612,real_binance
2026-07-14T03:15:00+00:00,4011.84,4015.83,4009.42,4014.68,10.6953,real_binance
2026-07-14T03:30:00+00:00,4015.0,4016.21,4011.67,4012.62,9.7042,real_binance
2026-07-14T03:45:00+00:00,4013.13,4014.89,4012.58,4014.11,3.4905,real_binance
2026-07-14T04:00:00+00:00,4014.24,4016.15,4011.17,4011.79,17.6036,real_binance
2026-07-14T04:15:00+00:00,4012.78,4014.63,4011.61,4013.91,6.1819,real_binance
2026-07-14T04:30:00+00:00,4013.91,4020.0,4013.91,4018.6,4.0551,real_binance
2026-07-14T04:45:00+00:00,4018.59,4019.17,4014.34,4018.99,7.5449,real_binance
2026-07-14T05:00:00+00:00,4018.71,4020.72,4017.32,4020.62,4.7313,real_binance
2026-07-14T05:15:00+00:00,4019.72,4020.64,4017.73,4020.47,6.5908,real_binance
2026-07-14T05:30:00+00:00,4020.7,4030.47,4020.7,4029.57,70.5702,real_binance
2026-07-14T05:45:00+00:00,4029.56,4029.83,4027.69,4028.59,4.0609,real_binance
2026-07-14T06:00:00+00:00,4028.33,4030.26,4026.48,4028.19,9.0386,real_binance
2026-07-14T06:15:00+00:00,4028.19,4028.19,4020.4,4020.84,18.5594,real_binance
2026-07-14T06:30:00+00:00,4020.4,4022.85,4018.64,4022.13,33.1106,real_binance
2026-07-14T06:45:00+00:00,4022.14,4023.31,4020.28,4021.32,24.1427,real_binance
2026-07-14T07:00:00+00:00,4020.98,4026.01,4018.32,4021.83,34.7212,real_binance
2026-07-14T07:15:00+00:00,4021.9,4026.27,4021.9,4022.93,49.2473,real_binance
2026-07-14T07:30:00+00:00,4022.89,4025.43,4020.01,4020.63,45.0601,real_binance
2026-07-14T07:45:00+00:00,4020.63,4022.1,4017.28,4017.3,42.5553,real_binance
2026-07-14T08:00:00+00:00,4017.31,4018.62,4012.16,4013.78,64.2578,real_binance
2026-07-14T08:15:00+00:00,4013.78,4019.63,4013.77,4018.39,23.873,real_binance
2026-07-14T08:30:00+00:00,4018.39,4019.84,4015.19,4016.35,39.0395,real_binance
2026-07-14T08:45:00+00:00,4016.35,4017.0,4012.45,4012.77,60.6254,real_binance
2026-07-14T09:00:00+00:00,4012.77,4019.99,4010.94,4017.13,31.444,real_binance
2026-07-14T09:15:00+00:00,4017.13,4017.98,4012.75,4012.75,36.9264,real_binance
2026-07-14T09:30:00+00:00,4012.79,4014.64,4011.52,4014.23,39.8684,real_binance
2026-07-14T09:45:00+00:00,4014.23,4019.61,4013.97,4017.59,27.1866,real_binance
2026-07-14T10:00:00+00:00,4017.6,4018.18,4014.47,4015.02,17.7282,real_binance
2026-07-14T10:15:00+00:00,4015.02,4015.97,4012.84,4013.97,26.1044,real_binance
2026-07-14T10:30:00+00:00,4013.97,4016.13,4012.11,4016.12,24.311,real_binance
2026-07-14T10:45:00+00:00,4016.12,4019.36,4015.58,4018.88,56.9875,real_binance
2026-07-14T11:00:00+00:00,4018.88,4019.43,4012.85,4019.43,30.818,real_binance
2026-07-14T11:15:00+00:00,4019.43,4024.87,4017.75,4022.26,19.5422,real_binance
2026-07-14T11:30:00+00:00,4022.4,4026.82,4021.78,4024.71,20.6507,real_binance
2026-07-14T11:45:00+00:00,4024.72,4027.83,4022.76,4027.43,17.9769,real_binance
2026-07-14T12:00:00+00:00,4027.43,4031.65,4022.03,4022.03,22.8535,real_binance
2026-07-14T12:15:00+00:00,4022.03,4027.28,4020.63,4026.17,24.2194,real_binance
2026-07-14T12:30:00+00:00,4025.61,4097.58,4025.61,4086.19,783.4736,real_binance
2026-07-14T12:45:00+00:00,4086.4,4088.36,4064.98,4071.58,110.4003,real_binance
2026-07-14T13:00:00+00:00,4071.59,4077.65,4066.33,4068.81,88.1217,real_binance
2026-07-14T13:15:00+00:00,4068.82,4079.53,4067.15,4076.22,26.3544,real_binance
2026-07-14T13:30:00+00:00,4076.22,4081.49,4070.52,4081.25,29.7337,real_binance
2026-07-14T13:45:00+00:00,4080.57,4080.87,4069.18,4071.06,39.2698,real_binance
2026-07-14T14:00:00+00:00,4071.07,4078.22,4066.06,4076.15,80.8799,real_binance
2026-07-14T14:15:00+00:00,4076.11,4078.17,4065.4,4070.02,45.9532,real_binance
2026-07-14T14:30:00+00:00,4070.41,4082.99,4067.51,4074.39,85.8501,real_binance
2026-07-14T14:45:00+00:00,4074.44,4079.56,4072.28,4078.94,47.1999,real_binance
2026-07-14T15:00:00+00:00,4078.95,4091.69,4072.66,4083.23,98.0635,real_binance
2026-07-14T15:15:00+00:00,4083.22,4083.83,4076.04,4077.98,29.8129,real_binance
2026-07-14T15:30:00+00:00,4077.98,4082.34,4061.62,4068.26,293.6054,real_binance
2026-07-14T15:45:00+00:00,4068.27,4070.01,4060.69,4061.08,93.3996,real_binance
2026-07-14T16:00:00+00:00,4061.09,4061.25,4051.64,4058.35,45.6539,real_binance
2026-07-14T16:15:00+00:00,4057.71,4059.67,4053.05,4055.02,16.8722,real_binance
2026-07-14T16:30:00+00:00,4054.67,4056.49,4051.93,4055.34,18.5402,real_binance
2026-07-14T16:45:00+00:00,4055.68,4056.07,4052.54,4055.87,15.846,real_binance
2026-07-14T17:00:00+00:00,4055.88,4058.23,4049.61,4050.58,27.9812,real_binance
2026-07-14T17:15:00+00:00,4050.32,4056.67,4048.28,4056.02,18.4363,real_binance
2026-07-14T17:30:00+00:00,4056.02,4058.34,4054.04,4054.26,9.5953,real_binance
2026-07-14T17:45:00+00:00,4054.05,4057.71,4053.04,4057.71,8.2222,real_binance
2026-07-14T18:00:00+00:00,4057.46,4057.46,4054.84,4055.53,12.0344,real_binance
2026-07-14T18:15:00+00:00,4056.05,4057.52,4051.94,4052.59,9.6592,real_binance
2026-07-14T18:30:00+00:00,4052.59,4052.6,4038.76,4041.31,53.8789,real_binance
2026-07-14T18:45:00+00:00,4040.53,4049.81,4040.53,4049.8,48.1223,real_binance
2026-07-14T19:00:00+00:00,4049.43,4052.34,4047.98,4052.34,5.2724,real_binance
2026-07-14T19:15:00+00:00,4052.33,4052.33,4047.46,4047.48,8.2552,real_binance
2026-07-14T19:30:00+00:00,4047.53,4047.53,4043.53,4047.17,24.4444,real_binance
2026-07-14T19:45:00+00:00,4047.84,4051.73,4047.32,4050.88,10.242,real_binance
2026-07-14T20:00:00+00:00,4050.8,4052.35,4049.93,4049.93,56.9222,real_binance
2026-07-14T20:15:00+00:00,4049.35,4049.35,4047.88,4048.35,10.4689,real_binance
2026-07-14T20:30:00+00:00,4048.14,4048.35,4045.27,4045.83,8.2502,real_binance
2026-07-14T20:45:00+00:00,4045.82,4048.21,4044.73,4047.53,42.4144,real_binance
2026-07-14T21:00:00+00:00,4047.12,4050.34,4047.12,4050.34,7.7254,real_binance
2026-07-14T21:15:00+00:00,4050.34,4052.01,4048.98,4051.04,60.62,real_binance
2026-07-14T21:30:00+00:00,4051.05,4055.46,4051.04,4054.57,26.7218,real_binance
2026-07-14T21:45:00+00:00,4054.74,4055.33,4051.34,4051.46,21.9912,real_binance
2026-07-14T22:00:00+00:00,4051.47,4051.47,4045.73,4046.12,14.0683,real_binance
2026-07-14T22:15:00+00:00,4045.71,4047.48,4044.82,4046.98,13.2251,real_binance
2026-07-14T22:30:00+00:00,4046.97,4048.25,4045.01,4045.97,21.2561,real_binance
2026-07-14T22:45:00+00:00,4045.97,4045.97,4045.0,4045.0,6.8145,real_binance
2026-07-14T23:00:00+00:00,4045.0,4045.4,4043.11,4043.33,6.5128,real_binance
2026-07-14T23:15:00+00:00,4043.49,4049.11,4043.11,4049.11,19.0696,real_binance
2026-07-14T23:30:00+00:00,4049.42,4050.63,4047.22,4049.85,3.7283,real_binance
2026-07-14T23:45:00+00:00,4049.51,4049.83,4048.06,4048.07,6.8448,real_binance
2026-07-15T00:00:00+00:00,4048.26,4051.55,4047.01,4048.26,9.2477,real_binance
2026-07-15T00:15:00+00:00,4048.58,4053.75,4048.01,4053.75,6.3953,real_binance
2026-07-15T00:30:00+00:00,4054.04,4054.04,4048.88,4050.12,8.1283,real_binance
2026-07-15T00:45:00+00:00,4050.33,4055.93,4050.33,4055.39,18.6807,real_binance
2026-07-15T01:00:00+00:00,4054.85,4057.68,4051.66,4051.98,13.6223,real_binance
2026-07-15T01:15:00+00:00,4051.98,4053.2,4048.85,4049.93,17.1969,real_binance
2026-07-15T01:30:00+00:00,4049.93,4049.93,4032.72,4033.52,35.7566,real_binance
2026-07-15T01:45:00+00:00,4033.93,4038.41,4032.57,4033.73,20.8838,real_binance
2026-07-15T02:00:00+00:00,4033.73,4038.08,4030.96,4032.92,35.4183,real_binance
2026-07-15T02:15:00+00:00,4032.71,4032.89,4025.64,4028.29,31.4323,real_binance
2026-07-15T02:30:00+00:00,4028.29,4038.03,4028.29,4038.03,10.0262,real_binance
2026-07-15T02:45:00+00:00,4038.03,4038.03,4030.26,4032.48,38.3324,real_binance
2026-07-15T03:00:00+00:00,4031.68,4035.98,4030.0,4030.0,2.8127,real_binance
2026-07-15T03:15:00+00:00,4030.0,4031.18,4026.82,4026.82,4.6579,real_binance
2026-07-15T03:30:00+00:00,4026.83,4031.33,4024.65,4025.75,15.0367,real_binance
2026-07-15T03:45:00+00:00,4026.07,4029.22,4025.98,4028.16,4.9868,real_binance
2026-07-15T04:00:00+00:00,4027.96,4029.84,4027.01,4027.76,17.6736,real_binance
2026-07-15T04:15:00+00:00,4027.91,4031.0,4027.53,4029.97,7.5176,real_binance
2026-07-15T04:30:00+00:00,4029.82,4030.99,4025.26,4026.36,18.664,real_binance
2026-07-15T04:45:00+00:00,4026.51,4030.61,4026.51,4029.43,15.1434,real_binance
2026-07-15T05:00:00+00:00,4029.43,4031.91,4021.73,4022.86,33.9303,real_binance
2026-07-15T05:15:00+00:00,4022.83,4025.24,4020.8,4021.13,17.1004,real_binance
2026-07-15T05:30:00+00:00,4021.34,4033.03,4017.99,4025.46,60.7961,real_binance
2026-07-15T05:45:00+00:00,4025.52,4031.2,4023.56,4031.2,19.1786,real_binance
2026-07-15T06:00:00+00:00,4031.2,4032.02,4022.94,4022.94,24.9883,real_binance
2026-07-15T06:15:00+00:00,4023.64,4024.34,4018.2,4023.02,27.5924,real_binance
2026-07-15T06:30:00+00:00,4023.21,4028.6,4019.61,4028.6,67.4054,real_binance
2026-07-15T06:45:00+00:00,4028.98,4028.98,4026.41,4028.44,7.5127,real_binance
2026-07-15T07:00:00+00:00,4028.44,4029.99,4025.45,4025.45,5.5945,real_binance
2026-07-15T07:15:00+00:00,4026.13,4026.13,4017.46,4020.26,21.2397,real_binance
2026-07-15T07:30:00+00:00,4020.25,4022.38,4017.46,4018.91,5.6629,real_binance
2026-07-15T07:45:00+00:00,4018.91,4023.16,4018.37,4020.7,3.5882,real_binance
2026-07-15T08:00:00+00:00,4020.58,4022.05,4015.38,4015.38,11.3009,real_binance
2026-07-15T08:15:00+00:00,4015.23,4023.28,4015.23,4022.76,18.9487,real_binance
2026-07-15T08:30:00+00:00,4022.71,4025.0,4021.23,4024.92,6.1024,real_binance
2026-07-15T08:45:00+00:00,4024.92,4028.98,4024.92,4027.91,5.425,real_binance
2026-07-15T09:00:00+00:00,4027.51,4030.0,4026.3,4027.29,16.8706,real_binance
2026-07-15T09:15:00+00:00,4026.82,4028.61,4024.05,4024.39,12.5753,real_binance
2026-07-15T09:30:00+00:00,4024.0,4025.92,4022.81,4024.46,3.7748,real_binance
2026-07-15T09:45:00+00:00,4023.69,4026.85,4023.69,4026.68,12.1524,real_binance
2026-07-15T10:00:00+00:00,4026.96,4031.87,4025.74,4030.24,24.294,real_binance
2026-07-15T10:15:00+00:00,4029.87,4031.49,4023.51,4026.01,20.6822,real_binance
2026-07-15T10:30:00+00:00,4026.03,4029.79,4025.59,4027.37,32.7757,real_binance
2026-07-15T10:45:00+00:00,4027.17,4027.17,4024.2,4024.59,33.4329,real_binance
2026-07-15T11:00:00+00:00,4025.32,4028.6,4025.01,4026.07,6.2761,real_binance
2026-07-15T11:15:00+00:00,4025.55,4027.79,4024.34,4027.24,6.9579,real_binance
2026-07-15T11:30:00+00:00,4027.36,4034.99,4026.29,4034.31,6.9291,real_binance
2026-07-15T11:45:00+00:00,4034.58,4035.58,4032.3,4035.16,5.4248,real_binance
2026-07-15T12:00:00+00:00,4034.75,4038.14,4032.08,4033.93,15.8843,real_binance
2026-07-15T12:15:00+00:00,4033.94,4037.5,4033.94,4036.59,9.2324,real_binance
2026-07-15T12:30:00+00:00,4037.22,4060.41,4037.22,4058.38,81.8083,real_binance
2026-07-15T12:45:00+00:00,4058.37,4065.7,4056.23,4062.54,107.6354,real_binance
2026-07-15T13:00:00+00:00,4063.21,4068.2,4056.66,4056.66,76.377,real_binance
2026-07-15T13:15:00+00:00,4056.49,4060.66,4049.62,4050.33,9.4768,real_binance
2026-07-15T13:30:00+00:00,4051.5,4057.68,4051.5,4056.73,80.713,real_binance
2026-07-15T13:45:00+00:00,4056.6,4060.42,4050.76,4056.73,17.8057,real_binance
2026-07-15T14:00:00+00:00,4056.73,4060.0,4055.17,4058.33,73.5031,real_binance
2026-07-15T14:15:00+00:00,4058.34,4059.98,4050.28,4052.26,27.9271,real_binance
2026-07-15T14:30:00+00:00,4051.76,4057.32,4051.76,4052.6,19.4441,real_binance
2026-07-15T14:45:00+00:00,4051.98,4054.42,4047.14,4054.42,10.6106,real_binance
2026-07-15T15:00:00+00:00,4054.43,4056.1,4037.98,4037.98,16.4763,real_binance
2026-07-15T15:15:00+00:00,4037.98,4042.49,4033.99,4042.49,18.0868,real_binance
2026-07-15T15:30:00+00:00,4042.5,4043.69,4038.98,4043.38,15.8093,real_binance
2026-07-15T15:45:00+00:00,4043.05,4044.31,4040.21,4040.58,3.9639,real_binance
2026-07-15T16:00:00+00:00,4040.76,4041.23,4032.56,4032.56,3.8184,real_binance
2026-07-15T16:15:00+00:00,4032.4,4034.36,4027.64,4029.83,32.916,real_binance
2026-07-15T16:30:00+00:00,4029.24,4030.99,4022.28,4022.31,21.1824,real_binance
2026-07-15T16:45:00+00:00,4023.76,4032.58,4022.46,4027.89,72.9997,real_binance
2026-07-15T17:00:00+00:00,4028.22,4033.53,4028.22,4031.76,10.4652,real_binance
2026-07-15T17:15:00+00:00,4031.33,4043.3,4028.66,4043.2,7.0767,real_binance
2026-07-15T17:30:00+00:00,4042.74,4055.63,4042.74,4055.63,27.8544,real_binance
2026-07-15T17:45:00+00:00,4055.63,4059.37,4054.59,4055.61,48.3912,real_binance
2026-07-15T18:00:00+00:00,4055.61,4063.7,4055.18,4060.35,144.7757,real_binance
2026-07-15T18:15:00+00:00,4061.42,4068.78,4060.58,4068.78,56.5953,real_binance
2026-07-15T18:30:00+00:00,4068.78,4074.78,4062.33,4062.33,15.1376,real_binance
2026-07-15T18:45:00+00:00,4062.32,4062.32,4052.64,4052.64,28.9412,real_binance
2026-07-15T19:00:00+00:00,4052.64,4057.24,4051.91,4054.45,20.2194,real_binance
2026-07-15T19:15:00+00:00,4054.83,4054.83,4048.4,4050.66,6.8758,real_binance
2026-07-15T19:30:00+00:00,4050.66,4052.02,4044.0,4047.42,28.6902,real_binance
2026-07-15T19:45:00+00:00,4046.56,4050.86,4046.03,4050.47,7.8494,real_binance
2026-07-15T20:00:00+00:00,4051.39,4052.79,4050.44,4052.17,10.6915,real_binance
2026-07-15T20:15:00+00:00,4051.98,4056.88,4051.98,4055.69,8.5203,real_binance
2026-07-15T20:30:00+00:00,4055.69,4057.25,4055.55,4056.88,1.3922,real_binance
2026-07-15T20:45:00+00:00,4056.42,4056.88,4055.23,4055.23,1.746,real_binance
2026-07-15T21:00:00+00:00,4055.27,4056.11,4055.26,4056.1,0.7572,real_binance
2026-07-15T21:15:00+00:00,4056.11,4056.85,4056.11,4056.85,10.4848,real_binance
2026-07-15T21:30:00+00:00,4056.85,4057.77,4056.83,4057.77,4.0357,real_binance
2026-07-15T21:45:00+00:00,4057.8,4057.81,4057.27,4057.27,2.2788,real_binance
2026-07-15T22:00:00+00:00,4056.86,4058.57,4055.51,4057.11,6.5814,real_binance
2026-07-15T22:15:00+00:00,4056.82,4057.04,4055.87,4055.87,2.4331,real_binance
2026-07-15T22:30:00+00:00,4055.87,4055.87,4053.24,4053.24,3.7679,real_binance
2026-07-15T22:45:00+00:00,4053.24,4053.99,4052.01,4053.62,15.4306,real_binance
2026-07-15T23:00:00+00:00,4053.59,4054.56,4053.37,4053.46,1.3499,real_binance
2026-07-15T23:15:00+00:00,4053.46,4053.71,4050.92,4051.14,10.0548,real_binance
2026-07-15T23:30:00+00:00,4051.15,4052.16,4050.22,4051.38,1.4812,real_binance
2026-07-15T23:45:00+00:00,4050.88,4052.81,4050.88,4051.77,0.5148,real_binance
2026-07-16T00:00:00+00:00,4051.57,4052.55,4048.52,4049.74,6.5759,real_binance
2026-07-16T00:15:00+00:00,4049.74,4052.89,4049.73,4052.54,2.7392,real_binance
2026-07-16T00:30:00+00:00,4051.63,4053.77,4048.01,4048.01,6.3779,real_binance
2026-07-16T00:45:00+00:00,4048.32,4054.03,4038.54,4038.55,7.9516,real_binance
2026-07-16T01:00:00+00:00,4038.54,4043.95,4036.44,4039.77,18.1872,real_binance
2026-07-16T01:15:00+00:00,4038.97,4039.36,4029.63,4031.8,32.281,real_binance
2026-07-16T01:30:00+00:00,4031.19,4039.36,4031.19,4036.01,11.6381,real_binance
2026-07-16T01:45:00+00:00,4036.01,4037.92,4032.19,4033.18,3.8251,real_binance
2026-07-16T02:00:00+00:00,4033.51,4033.52,4026.95,4026.95,6.6211,real_binance
2026-07-16T02:15:00+00:00,4026.94,4029.46,4024.65,4028.99,8.2296,real_binance
2026-07-16T02:30:00+00:00,4029.33,4029.47,4020.01,4022.22,24.5427,real_binance
2026-07-16T02:45:00+00:00,4022.05,4027.24,4020.88,4027.24,9.5756,real_binance
2026-07-16T03:00:00+00:00,4026.82,4028.21,4024.99,4024.99,16.0116,real_binance
2026-07-16T03:15:00+00:00,4025.14,4028.46,4023.46,4028.27,13.6765,real_binance
2026-07-16T03:30:00+00:00,4028.46,4030.9,4027.87,4030.9,4.3559,real_binance
2026-07-16T03:45:00+00:00,4030.9,4031.55,4029.81,4031.55,8.4076,real_binance
2026-07-16T04:00:00+00:00,4031.7,4031.9,4027.23,4031.9,1.8477,real_binance
2026-07-16T04:15:00+00:00,4030.22,4030.22,4027.31,4027.31,1.2447,real_binance
2026-07-16T04:30:00+00:00,4028.97,4029.86,4027.47,4028.17,3.9221,real_binance
2026-07-16T04:45:00+00:00,4028.16,4029.99,4027.5,4028.97,34.154,real_binance
2026-07-16T05:00:00+00:00,4028.1,4028.73,4025.01,4025.29,16.0065,real_binance
2026-07-16T05:15:00+00:00,4025.32,4028.23,4023.01,4023.07,9.3942,real_binance
2026-07-16T05:30:00+00:00,4023.07,4027.15,4021.01,4027.15,29.0718,real_binance
2026-07-16T05:45:00+00:00,4027.29,4027.29,4021.65,4023.68,12.3216,real_binance
2026-07-16T06:00:00+00:00,4023.34,4031.67,4023.34,4027.54,27.2626,real_binance
2026-07-16T06:15:00+00:00,4027.88,4027.88,4023.63,4026.45,12.4756,real_binance
2026-07-16T06:30:00+00:00,4026.1,4026.1,4019.62,4022.73,23.1822,real_binance
2026-07-16T06:45:00+00:00,4022.52,4026.41,4022.52,4025.81,7.1353,real_binance
2026-07-16T07:00:00+00:00,4025.68,4025.68,4021.71,4021.8,15.8423,real_binance
2026-07-16T07:15:00+00:00,4021.78,4022.32,4019.62,4020.42,14.2626,real_binance
2026-07-16T07:30:00+00:00,4020.39,4022.86,4019.45,4022.2,10.2208,real_binance
2026-07-16T07:45:00+00:00,4021.76,4025.94,4021.75,4025.93,6.6783,real_binance
2026-07-16T08:00:00+00:00,4025.83,4028.57,4020.44,4020.45,17.8649,real_binance
2026-07-16T08:15:00+00:00,4020.45,4027.65,4020.17,4026.41,16.6157,real_binance
2026-07-16T08:30:00+00:00,4027.82,4029.58,4026.82,4028.39,8.3309,real_binance
2026-07-16T08:45:00+00:00,4028.02,4030.39,4028.02,4029.49,5.3519,real_binance
2026-07-16T09:00:00+00:00,4029.91,4031.24,4029.91,4030.89,2.6969,real_binance
2026-07-16T09:15:00+00:00,4031.11,4031.82,4026.2,4028.0,4.3194,real_binance
2026-07-16T09:30:00+00:00,4028.0,4029.52,4025.77,4029.52,10.9261,real_binance
2026-07-16T09:45:00+00:00,4029.51,4030.95,4027.52,4027.8,5.9127,real_binance
2026-07-16T10:00:00+00:00,4027.52,4027.52,4025.01,4026.31,3.999,real_binance
2026-07-16T10:15:00+00:00,4026.31,4029.21,4026.31,4028.07,16.5156,real_binance
2026-07-16T10:30:00+00:00,4028.07,4029.36,4026.78,4028.55,8.8291,real_binance
2026-07-16T10:45:00+00:00,4027.36,4027.36,4024.59,4024.67,3.86,real_binance
2026-07-16T11:00:00+00:00,4025.26,4025.26,4022.44,4022.85,9.128,real_binance
2026-07-16T11:15:00+00:00,4022.98,4023.39,4018.27,4020.17,14.6443,real_binance
2026-07-16T11:30:00+00:00,4020.44,4030.96,4020.16,4029.16,4.3424,real_binance
2026-07-16T11:45:00+00:00,4030.16,4037.51,4025.3,4033.68,36.0891,real_binance
2026-07-16T12:00:00+00:00,4033.77,4037.13,4023.52,4026.81,30.8535,real_binance
2026-07-16T12:15:00+00:00,4026.8,4026.8,4009.05,4020.96,252.8974,real_binance
2026-07-16T12:30:00+00:00,4021.73,4024.27,3998.41,3999.41,127.5156,real_binance
2026-07-16T12:45:00+00:00,3999.37,4005.21,3988.51,3990.16,127.9434,real_binance
2026-07-16T13:00:00+00:00,3990.16,3993.36,3972.51,3990.05,243.3078,real_binance
2026-07-16T13:15:00+00:00,3990.19,4003.37,3990.04,4003.37,93.3053,real_binance
2026-07-16T13:30:00+00:00,4003.22,4005.2,3981.5,3985.37,104.0039,real_binance
2026-07-16T13:45:00+00:00,3985.01,3995.62,3985.01,3989.36,54.3299,real_binance
2026-07-16T14:00:00+00:00,3989.36,3995.77,3987.01,3988.63,34.7856,real_binance
2026-07-16T14:15:00+00:00,3988.63,3999.77,3988.0,3999.36,32.6069,real_binance
2026-07-16T14:30:00+00:00,3999.35,4003.9,3995.96,4003.27,29.5407,real_binance
2026-07-16T14:45:00+00:00,4004.0,4005.19,3992.29,3997.46,33.0201,real_binance
2026-07-16T15:00:00+00:00,3997.7,3998.21,3989.81,3992.68,54.3044,real_binance
2026-07-16T15:15:00+00:00,3992.07,4014.25,3992.07,4011.09,51.1321,real_binance
2026-07-16T15:30:00+00:00,4010.6,4018.79,4007.24,4010.31,307.9189,real_binance
2026-07-16T15:45:00+00:00,4010.01,4011.33,4005.22,4005.79,16.779,real_binance
2026-07-16T16:00:00+00:00,4005.79,4005.79,3990.66,3990.66,21.5603,real_binance
2026-07-16T16:15:00+00:00,3990.62,3991.23,3983.56,3987.26,83.5594,real_binance
2026-07-16T16:30:00+00:00,3987.27,3991.6,3987.27,3991.6,59.3057,real_binance
2026-07-16T16:45:00+00:00,3992.27,3996.01,3989.95,3992.63,18.9495,real_binance
2026-07-16T17:00:00+00:00,3992.21,3992.21,3984.45,3985.73,53.1665,real_binance
2026-07-16T17:15:00+00:00,3985.16,3988.52,3982.91,3986.84,16.6972,real_binance
2026-07-16T17:30:00+00:00,3987.32,3988.02,3980.89,3981.07,32.8503,real_binance
2026-07-16T17:45:00+00:00,3981.46,3986.49,3975.48,3984.06,229.2546,real_binance
2026-07-16T18:00:00+00:00,3984.05,3988.12,3983.39,3985.73,158.2626,real_binance
2026-07-16T18:15:00+00:00,3984.59,3987.82,3983.88,3984.91,74.1374,real_binance
2026-07-16T18:30:00+00:00,3984.91,3984.91,3976.08,3981.94,140.6735,real_binance
2026-07-16T18:45:00+00:00,3982.0,3983.51,3980.0,3980.06,25.4251,real_binance
2026-07-16T19:00:00+00:00,3980.07,3984.98,3980.0,3980.86,26.7667,real_binance
2026-07-16T19:15:00+00:00,3980.87,3983.39,3979.0,3979.22,24.1703,real_binance
2026-07-16T19:30:00+00:00,3979.22,3979.22,3970.73,3975.41,27.5007,real_binance
2026-07-16T19:45:00+00:00,3975.41,3982.16,3973.41,3980.19,11.5877,real_binance
2026-07-16T20:00:00+00:00,3979.8,3980.1,3975.09,3975.39,12.9017,real_binance
2026-07-16T20:15:00+00:00,3975.39,3975.39,3973.02,3975.01,13.824,real_binance
2026-07-16T20:30:00+00:00,3975.05,3976.52,3974.05,3975.56,9.2147,real_binance
2026-07-16T20:45:00+00:00,3975.86,3976.86,3975.42,3976.85,11.1205,real_binance
2026-07-16T21:00:00+00:00,3976.86,3977.08,3976.39,3976.86,13.7043,real_binance
2026-07-16T21:15:00+00:00,3976.86,3979.83,3976.86,3979.83,33.8831,real_binance
2026-07-16T21:30:00+00:00,3979.83,3984.76,3979.82,3984.76,11.812,real_binance
2026-07-16T21:45:00+00:00,3984.77,3985.06,3980.94,3981.42,26.3054,real_binance
2026-07-16T22:00:00+00:00,3981.41,3981.41,3976.9,3977.0,27.377,real_binance
2026-07-16T22:15:00+00:00,3977.0,3977.05,3975.84,3976.17,12.4984,real_binance
2026-07-16T22:30:00+00:00,3976.17,3976.99,3975.42,3975.42,10.098,real_binance
2026-07-16T22:45:00+00:00,3975.01,3978.18,3974.3,3978.18,12.4413,real_binance
2026-07-16T23:00:00+00:00,3977.39,3979.3,3975.81,3979.3,5.8822,real_binance
2026-07-16T23:15:00+00:00,3979.3,3980.34,3977.72,3978.62,26.7057,real_binance
2026-07-16T23:30:00+00:00,3978.0,3981.57,3976.16,3980.98,6.6321,real_binance
2026-07-16T23:45:00+00:00,3981.05,3986.13,3977.68,3986.13,12.4188,real_binance
2026-07-17T00:00:00+00:00,3986.13,3986.39,3983.8,3983.9,8.6533,real_binance
2026-07-17T00:15:00+00:00,3984.1,3989.75,3984.1,3984.69,24.1899,real_binance
2026-07-17T00:30:00+00:00,3983.4,3984.0,3980.89,3981.15,14.5175,real_binance
2026-07-17T00:45:00+00:00,3981.67,3991.56,3981.67,3991.56,14.8591,real_binance
2026-07-17T01:00:00+00:00,3990.93,3993.0,3987.79,3991.43,13.388,real_binance
2026-07-17T01:15:00+00:00,3992.02,3994.28,3987.63,3990.75,13.6488,real_binance
2026-07-17T01:30:00+00:00,3990.74,3993.75,3988.65,3991.46,41.6109,real_binance
2026-07-17T01:45:00+00:00,3991.44,3991.56,3979.57,3982.08,86.5305,real_binance
2026-07-17T02:00:00+00:00,3982.7,3986.73,3980.01,3980.57,8.3834,real_binance
2026-07-17T02:15:00+00:00,3980.57,3983.44,3980.57,3982.8,14.9968,real_binance
2026-07-17T02:30:00+00:00,3982.8,3983.06,3972.0,3975.94,76.7878,real_binance
2026-07-17T02:45:00+00:00,3975.36,3979.99,3974.61,3978.23,22.6894,real_binance
2026-07-17T03:00:00+00:00,3979.16,3991.79,3979.16,3988.49,23.1988,real_binance
2026-07-17T03:15:00+00:00,3989.72,4006.49,3989.72,3999.42,54.7353,real_binance
2026-07-17T03:30:00+00:00,3999.4,3999.66,3995.18,3995.44,12.9265,real_binance
2026-07-17T03:45:00+00:00,3996.51,3996.52,3990.34,3990.66,3.1499,real_binance
2026-07-17T04:00:00+00:00,3990.67,3990.67,3986.59,3988.23,11.3114,real_binance
2026-07-17T04:15:00+00:00,3988.32,3989.32,3985.03,3985.71,4.1906,real_binance
2026-07-17T04:30:00+00:00,3985.97,3986.99,3980.31,3980.77,17.0735,real_binance
2026-07-17T04:45:00+00:00,3981.65,3984.17,3980.6,3981.28,6.1316,real_binance
2026-07-17T05:00:00+00:00,3980.59,3982.35,3977.58,3979.88,8.6184,real_binance
2026-07-17T05:15:00+00:00,3979.88,3982.79,3976.1,3978.91,56.2447,real_binance
2026-07-17T05:30:00+00:00,3978.66,3988.9,3977.96,3985.97,21.445,real_binance
2026-07-17T05:45:00+00:00,3985.96,3989.32,3981.44,3983.8,13.6152,real_binance
2026-07-17T06:00:00+00:00,3983.8,3998.11,3983.8,3998.11,25.3113,real_binance
2026-07-17T06:15:00+00:00,3997.5,4003.35,3996.68,4001.57,145.6708,real_binance
2026-07-17T06:30:00+00:00,4001.57,4004.01,3994.9,3994.9,16.9101,real_binance
2026-07-17T06:45:00+00:00,3994.63,3998.92,3994.63,3997.47,9.4387,real_binance
2026-07-17T07:00:00+00:00,3997.09,4000.99,3993.4,3993.9,10.9774,real_binance
2026-07-17T07:15:00+00:00,3995.26,3997.54,3992.41,3994.15,6.1724,real_binance
2026-07-17T07:30:00+00:00,3994.27,3996.22,3992.97,3996.22,16.5621,real_binance
2026-07-17T07:45:00+00:00,3996.73,3996.73,3991.96,3991.96,15.6079,real_binance
2026-07-17T08:00:00+00:00,3992.0,3997.18,3990.55,3991.5,14.9651,real_binance
2026-07-17T08:15:00+00:00,3991.84,3992.78,3987.7,3991.15,22.6198,real_binance
2026-07-17T08:30:00+00:00,3990.49,3991.47,3987.13,3991.47,4.9993,real_binance
2026-07-17T08:45:00+00:00,3991.47,3997.49,3990.8,3993.0,5.5895,real_binance
2026-07-17T09:00:00+00:00,3992.86,3996.72,3991.96,3996.71,4.5336,real_binance
2026-07-17T09:15:00+00:00,3996.71,3999.99,3995.01,3997.58,17.5687,real_binance
2026-07-17T09:30:00+00:00,3997.73,3997.98,3994.33,3995.19,4.7116,real_binance
2026-07-17T09:45:00+00:00,3994.47,3996.77,3993.84,3995.52,11.2295,real_binance
2026-07-17T10:00:00+00:00,3995.97,3996.41,3993.84,3996.13,13.5785,real_binance
2026-07-17T10:15:00+00:00,3996.14,3996.69,3992.93,3994.65,29.1287,real_binance
2026-07-17T10:30:00+00:00,3994.66,3995.08,3992.94,3994.77,13.3796,real_binance
2026-07-17T10:45:00+00:00,3994.42,3995.0,3988.91,3988.91,22.5619,real_binance
2026-07-17T11:00:00+00:00,3988.92,3991.58,3988.78,3990.73,14.7985,real_binance
2026-07-17T11:15:00+00:00,3990.34,3993.74,3988.53,3993.53,11.9307,real_binance
2026-07-17T11:30:00+00:00,3993.79,3994.01,3990.2,3990.43,8.0752,real_binance
2026-07-17T11:45:00+00:00,3990.38,3996.32,3990.11,3992.4,22.1689,real_binance
2026-07-17T12:00:00+00:00,3992.4,3993.71,3986.89,3988.54,17.9769,real_binance
2026-07-17T12:15:00+00:00,3987.98,3989.81,3983.3,3985.52,17.0578,real_binance
2026-07-17T12:30:00+00:00,3985.52,3985.52,3965.54,3969.32,68.6301,real_binance
2026-07-17T12:45:00+00:00,3969.04,3972.37,3964.71,3965.97,41.3247,real_binance
2026-07-17T13:00:00+00:00,3965.78,3975.27,3960.53,3971.18,53.943,real_binance
2026-07-17T13:15:00+00:00,3970.37,3974.33,3967.97,3968.01,32.2172,real_binance
2026-07-17T13:30:00+00:00,3968.4,4000.3,3964.41,3982.37,73.0664,real_binance
2026-07-17T13:45:00+00:00,3983.71,3994.4,3980.56,3994.4,33.8144,real_binance
2026-07-17T14:00:00+00:00,3994.56,3998.11,3988.77,3993.24,26.9903,real_binance
2026-07-17T14:15:00+00:00,3993.03,4001.37,3991.58,3996.46,34.5012,real_binance
2026-07-17T14:30:00+00:00,3996.05,3996.77,3990.61,3995.18,10.487,real_binance
2026-07-17T14:45:00+00:00,3994.57,3997.72,3991.14,3997.54,36.7146,real_binance
2026-07-17T15:00:00+00:00,3997.54,4010.87,3995.19,4002.24,62.1161,real_binance
2026-07-17T15:15:00+00:00,4003.03,4009.13,4001.85,4009.13,28.711,real_binance
2026-07-17T15:30:00+00:00,4009.13,4012.31,4005.5,4011.85,47.1912,real_binance
2026-07-17T15:45:00+00:00,4010.89,4016.3,4009.82,4013.68,37.2503,real_binance
2026-07-17T16:00:00+00:00,4013.69,4015.01,4005.8,4013.39,42.1372,real_binance
2026-07-17T16:15:00+00:00,4013.65,4017.83,4012.47,4014.8,25.9437,real_binance
2026-07-17T16:30:00+00:00,4013.73,4014.12,4008.53,4012.0,54.591,real_binance
2026-07-17T16:45:00+00:00,4012.0,4014.99,4010.09,4010.62,11.2085,real_binance
2026-07-17T17:00:00+00:00,4010.63,4013.64,4009.79,4009.79,11.8748,real_binance
2026-07-17T17:15:00+00:00,4009.17,4010.23,4007.53,4008.59,13.3796,real_binance
2026-07-17T17:30:00+00:00,4008.84,4008.85,4004.69,4005.41,40.5644,real_binance
2026-07-17T17:45:00+00:00,4005.2,4007.54,4002.81,4004.12,18.7126,real_binance
2026-07-17T18:00:00+00:00,4004.38,4007.49,4002.98,4005.5,5.6308,real_binance
2026-07-17T18:15:00+00:00,4005.5,4009.79,4004.1,4009.79,17.9729,real_binance
2026-07-17T18:30:00+00:00,4010.5,4010.5,4002.1,4002.93,15.1084,real_binance
2026-07-17T18:45:00+00:00,4002.8,4006.14,4001.29,4006.14,27.2965,real_binance
2026-07-17T19:00:00+00:00,4006.15,4006.15,4000.01,4000.66,12.7799,real_binance
2026-07-17T19:15:00+00:00,4000.66,4001.04,3998.12,4000.1,5.3825,real_binance
2026-07-17T19:30:00+00:00,4000.73,4004.34,4000.73,4004.34,23.1997,real_binance
2026-07-17T19:45:00+00:00,4004.68,4010.78,4004.68,4010.75,7.5803,real_binance
2026-07-17T20:00:00+00:00,4010.22,4010.22,4006.3,4006.3,6.2658,real_binance
2026-07-17T20:15:00+00:00,4006.29,4006.29,4003.31,4004.24,5.4751,real_binance
2026-07-17T20:30:00+00:00,4004.97,4007.26,4002.93,4007.26,2.0025,real_binance
2026-07-17T20:45:00+00:00,4007.48,4010.79,4007.2,4010.35,7.7238,real_binance
2026-07-17T21:00:00+00:00,4010.35,4010.36,4008.96,4009.14,6.2901,real_binance
2026-07-17T21:15:00+00:00,4009.13,4009.14,4007.16,4007.16,4.3537,real_binance
2026-07-17T21:30:00+00:00,4007.16,4007.17,4005.38,4005.47,7.9104,real_binance
2026-07-17T21:45:00+00:00,4005.47,4006.51,4005.46,4006.51,2.8359,real_binance
2026-07-17T22:00:00+00:00,4006.5,4006.92,4006.5,4006.92,1.0816,real_binance
2026-07-17T22:15:00+00:00,4006.92,4006.92,4006.1,4006.25,2.936,real_binance
2026-07-17T22:30:00+00:00,4006.24,4006.25,4006.24,4006.24,0.6064,real_binance
2026-07-17T22:45:00+00:00,4006.25,4006.31,4006.24,4006.3,2.3494,real_binance
2026-07-17T23:00:00+00:00,4006.31,4006.7,4006.3,4006.3,3.0505,real_binance
2026-07-17T23:15:00+00:00,4006.3,4006.3,4006.12,4006.26,6.1919,real_binance
2026-07-17T23:30:00+00:00,4006.26,4006.27,4006.09,4006.12,10.9236,real_binance
2026-07-17T23:45:00+00:00,4006.12,4006.12,4006.09,4006.1,5.1825,real_binance
2026-07-18T00:00:00+00:00,4006.1,4006.12,4006.09,4006.12,7.6617,real_binance
2026-07-18T00:15:00+00:00,4006.11,4006.83,4006.11,4006.83,11.9085,real_binance
2026-07-18T00:30:00+00:00,4006.83,4007.42,4006.82,4007.41,3.9969,real_binance
2026-07-18T00:45:00+00:00,4007.42,4007.59,4007.41,4007.58,2.4384,real_binance
2026-07-18T01:00:00+00:00,4007.58,4007.89,4007.58,4007.77,2.1608,real_binance
2026-07-18T01:15:00+00:00,4007.77,4008.07,4007.77,4007.88,6.4267,real_binance
2026-07-18T01:30:00+00:00,4007.89,4007.89,4007.88,4007.88,0.903,real_binance
2026-07-18T01:45:00+00:00,4007.88,4008.07,4007.88,4008.05,3.7887,real_binance
2026-07-18T02:00:00+00:00,4008.06,4008.06,4008.05,4008.05,1.5041,real_binance
2026-07-18T02:15:00+00:00,4008.06,4008.06,4008.05,4008.06,1.4588,real_binance
2026-07-18T02:30:00+00:00,4008.05,4008.06,4008.05,4008.05,2.9815,real_binance
2026-07-18T02:45:00+00:00,4008.05,4008.06,4008.05,4008.05,4.6401,real_binance
2026-07-18T03:00:00+00:00,4008.06,4008.26,4008.05,4008.25,3.1409,real_binance
2026-07-18T03:15:00+00:00,4008.25,4008.87,4008.25,4008.86,5.2603,real_binance
2026-07-18T03:30:00+00:00,4008.87,4008.87,4008.86,4008.86,2.6432,real_binance
2026-07-18T03:45:00+00:00,4008.86,4009.26,4008.86,4009.26,1.2662,real_binance
2026-07-18T04:00:00+00:00,4009.25,4009.72,4009.25,4009.7,3.3301,real_binance
2026-07-18T04:15:00+00:00,4009.7,4010.33,4009.7,4009.93,3.2476,real_binance
2026-07-18T04:30:00+00:00,4009.93,4010.42,4009.93,4010.27,3.1141,real_binance
2026-07-18T04:45:00+00:00,4010.27,4010.27,4010.26,4010.26,2.528,real_binance
2026-07-18T05:00:00+00:00,4010.27,4011.22,4010.26,4011.2,5.034,real_binance
2026-07-18T05:15:00+00:00,4011.2,4011.34,4011.2,4011.34,4.7816,real_binance
2026-07-18T05:30:00+00:00,4011.23,4011.23,4009.99,4009.99,18.385,real_binance
2026-07-18T05:45:00+00:00,4009.99,4010.0,4009.4,4009.4,3.8039,real_binance
2026-07-18T06:00:00+00:00,4009.4,4009.74,4009.4,4009.73,4.9574,real_binance
2026-07-18T06:15:00+00:00,4009.74,4009.86,4009.73,4009.85,1.2532,real_binance
2026-07-18T06:30:00+00:00,4009.86,4010.68,4009.85,4010.67,3.3023,real_binance
2026-07-18T06:45:00+00:00,4010.68,4011.0,4010.67,4010.99,2.5698,real_binance
2026-07-18T07:00:00+00:00,4010.99,4011.0,4010.99,4010.99,2.9203,real_binance
2026-07-18T07:15:00+00:00,4011.0,4013.7,4010.99,4013.35,4.8555,real_binance
2026-07-18T07:30:00+00:00,4013.35,4013.36,4013.14,4013.14,10.5508,real_binance
2026-07-18T07:45:00+00:00,4013.15,4013.32,4013.14,4013.31,3.4159,real_binance
2026-07-18T08:00:00+00:00,4013.32,4013.36,4013.14,4013.14,5.1255,real_binance
2026-07-18T08:15:00+00:00,4013.14,4013.52,4013.14,4013.51,7.6732,real_binance
2026-07-18T08:30:00+00:00,4013.52,4013.52,4013.51,4013.51,3.1768,real_binance
2026-07-18T08:45:00+00:00,4013.52,4013.54,4013.51,4013.53,3.2641,real_binance
2026-07-18T09:00:00+00:00,4013.54,4013.76,4013.53,4013.53,4.3639,real_binance
2026-07-18T09:15:00+00:00,4013.53,4013.77,4013.53,4013.76,3.5497,real_binance
2026-07-18T09:30:00+00:00,4013.76,4013.8,4013.76,4013.76,3.2888,real_binance
2026-07-18T09:45:00+00:00,4013.76,4014.0,4013.76,4013.99,4.9362,real_binance
2026-07-18T10:00:00+00:00,4013.99,4014.0,4013.99,4013.99,2.3833,real_binance
2026-07-18T10:15:00+00:00,4014.0,4014.0,4013.99,4013.99,4.2339,real_binance
2026-07-18T10:30:00+00:00,4013.99,4014.0,4013.46,4013.46,4.8446,real_binance
2026-07-18T10:45:00+00:00,4013.46,4013.46,4013.1,4013.1,4.795,real_binance
2026-07-18T11:00:00+00:00,4013.1,4013.11,4013.1,4013.1,4.0309,real_binance
2026-07-18T11:15:00+00:00,4013.1,4013.11,4013.1,4013.1,2.2144,real_binance
2026-07-18T11:30:00+00:00,4013.11,4013.11,4013.1,4013.1,3.6917,real_binance
2026-07-18T11:45:00+00:00,4013.1,4013.11,4013.1,4013.1,2.0731,real_binance
2026-07-18T12:00:00+00:00,4013.1,4013.11,4012.99,4012.99,3.6897,real_binance
2026-07-18T12:15:00+00:00,4012.99,4013.19,4012.99,4013.19,12.6729,real_binance
2026-07-18T12:30:00+00:00,4013.19,4013.4,4012.99,4012.99,4.3144,real_binance
2026-07-18T12:45:00+00:00,4012.99,4013.19,4012.99,4013.18,3.4211,real_binance
2026-07-18T13:00:00+00:00,4013.19,4013.19,4013.18,4013.18,0.64,real_binance
2026-07-18T13:15:00+00:00,4013.18,4013.19,4011.75,4011.75,5.6416,real_binance
2026-07-18T13:30:00+00:00,4011.76,4011.76,4011.75,4011.75,0.5949,real_binance
2026-07-18T13:45:00+00:00,4011.76,4011.76,4011.08,4011.08,1.1519,real_binance
2026-07-18T14:00:00+00:00,4011.09,4011.09,4011.08,4011.08,2.1282,real_binance
2026-07-18T14:15:00+00:00,4011.08,4011.09,4010.57,4011.08,18.2518,real_binance
2026-07-18T14:30:00+00:00,4011.08,4011.09,4011.08,4011.09,1.8084,real_binance
2026-07-18T14:45:00+00:00,4011.08,4012.57,4011.08,4012.44,3.3473,real_binance
2026-07-18T15:00:00+00:00,4012.45,4013.05,4012.44,4012.84,5.983,real_binance
2026-07-18T15:15:00+00:00,4012.84,4012.84,4012.78,4012.78,1.7459,real_binance
2026-07-18T15:30:00+00:00,4012.78,4012.79,4012.11,4012.11,2.7336,real_binance
2026-07-18T15:45:00+00:00,4012.11,4012.11,4011.99,4011.99,1.8008,real_binance
2026-07-18T16:00:00+00:00,4012.0,4012.0,4011.99,4011.99,0.9747,real_binance
2026-07-18T16:15:00+00:00,4011.99,4012.41,4011.99,4012.4,0.7755,real_binance
2026-07-18T16:30:00+00:00,4012.4,4012.41,4012.4,4012.4,3.9676,real_binance
2026-07-18T16:45:00+00:00,4012.4,4013.46,4012.4,4013.45,5.2904,real_binance
2026-07-18T17:00:00+00:00,4013.45,4013.6,4013.45,4013.59,4.5219,real_binance
2026-07-18T17:15:00+00:00,4013.59,4014.7,4013.59,4014.5,4.0232,real_binance
2026-07-18T17:30:00+00:00,4014.5,4014.97,4014.49,4014.95,2.593,real_binance
2026-07-18T17:45:00+00:00,4014.95,4015.0,4014.95,4014.99,1.6392,real_binance
2026-07-18T18:00:00+00:00,4015.0,4015.0,4009.02,4009.02,7.1809,real_binance
2026-07-18T18:15:00+00:00,4009.02,4012.3,4009.02,4010.37,15.4294,real_binance
2026-07-18T18:30:00+00:00,4010.37,4010.38,4009.91,4010.31,4.5477,real_binance
2026-07-18T18:45:00+00:00,4010.32,4010.32,4009.66,4009.94,2.2007,real_binance
2026-07-18T19:00:00+00:00,4009.95,4009.95,4009.59,4009.59,2.9331,real_binance
2026-07-18T19:15:00+00:00,4009.5,4009.7,4008.0,4008.0,21.6518,real_binance
2026-07-18T19:30:00+00:00,4008.01,4008.01,4007.49,4007.5,5.0463,real_binance
2026-07-18T19:45:00+00:00,4007.49,4007.5,4007.44,4007.45,2.5455,real_binance
2026-07-18T20:00:00+00:00,4007.45,4007.45,4006.59,4006.59,2.9074,real_binance
2026-07-18T20:15:00+00:00,4006.59,4007.49,4005.15,4007.16,12.7971,real_binance
2026-07-18T20:30:00+00:00,4007.16,4007.17,4007.13,4007.13,1.2003,real_binance
2026-07-18T20:45:00+00:00,4007.13,4007.14,4007.13,4007.13,2.5947,real_binance
2026-07-18T21:00:00+00:00,4007.14,4007.14,4006.89,4006.89,2.4933,real_binance
2026-07-18T21:15:00+00:00,4006.9,4006.9,4006.4,4006.4,3.5273,real_binance
2026-07-18T21:30:00+00:00,4006.41,4006.92,4005.52,4005.66,11.5043,real_binance
2026-07-18T21:45:00+00:00,4005.66,4005.67,4005.66,4005.66,1.0659,real_binance
2026-07-18T22:00:00+00:00,4005.67,4006.72,4005.66,4006.71,1.1497,real_binance
2026-07-18T22:15:00+00:00,4006.71,4006.72,4006.71,4006.71,0.4349,real_binance
2026-07-18T22:30:00+00:00,4006.72,4006.72,4006.35,4006.35,4.3424,real_binance
2026-07-18T22:45:00+00:00,4006.35,4006.68,4006.23,4006.44,8.5776,real_binance
2026-07-18T23:00:00+00:00,4006.45,4006.45,4006.44,4006.44,0.7231,real_binance
2026-07-18T23:15:00+00:00,4006.44,4007.49,4006.44,4007.48,4.6249,real_binance
2026-07-18T23:30:00+00:00,4007.48,4009.47,4007.48,4009.47,19.5656,real_binance
2026-07-18T23:45:00+00:00,4009.46,4012.3,4009.46,4012.29,3.2528,real_binance
2026-07-19T00:00:00+00:00,4012.29,4012.83,4012.29,4012.83,2.8793,real_binance
2026-07-19T00:15:00+00:00,4012.82,4012.83,4012.32,4012.32,3.7315,real_binance
2026-07-19T00:30:00+00:00,4012.32,4012.33,4012.32,4012.32,0.7598,real_binance
2026-07-19T00:45:00+00:00,4012.32,4012.32,4012.08,4012.09,0.4859,real_binance
2026-07-19T01:00:00+00:00,4012.08,4012.09,4011.92,4011.92,0.7151,real_binance
2026-07-19T01:15:00+00:00,4011.92,4011.93,4011.92,4011.93,0.5525,real_binance
2026-07-19T01:30:00+00:00,4011.93,4011.94,4011.53,4011.93,8.2967,real_binance
2026-07-19T01:45:00+00:00,4011.93,4011.94,4011.93,4011.93,0.3406,real_binance
2026-07-19T02:00:00+00:00,4011.94,4013.02,4011.93,4012.54,4.6631,real_binance
2026-07-19T02:15:00+00:00,4012.55,4012.55,4012.54,4012.54,0.7105,real_binance
2026-07-19T02:30:00+00:00,4012.54,4012.55,4012.3,4012.3,5.1409,real_binance
2026-07-19T02:45:00+00:00,4012.3,4012.31,4012.3,4012.3,0.7254,real_binance
2026-07-19T03:00:00+00:00,4012.31,4012.31,4012.3,4012.3,2.2374,real_binance
2026-07-19T03:15:00+00:00,4012.3,4012.31,4012.3,4012.3,3.1959,real_binance
2026-07-19T03:30:00+00:00,4012.3,4012.31,4012.3,4012.3,0.5148,real_binance
2026-07-19T03:45:00+00:00,4012.3,4012.31,4012.03,4012.03,0.6998,real_binance
2026-07-19T04:00:00+00:00,4012.04,4012.04,4011.54,4011.54,6.6657,real_binance
2026-07-19T04:15:00+00:00,4011.54,4011.55,4011.54,4011.54,0.6273,real_binance
2026-07-19T04:30:00+00:00,4011.54,4011.55,4011.54,4011.54,0.2622,real_binance
2026-07-19T04:45:00+00:00,4011.54,4011.77,4011.54,4011.54,0.6854,real_binance
2026-07-19T05:00:00+00:00,4011.55,4011.55,4011.54,4011.54,2.5203,real_binance
2026-07-19T05:15:00+00:00,4011.54,4011.55,4011.54,4011.54,0.2775,real_binance
2026-07-19T05:30:00+00:00,4011.55,4011.55,4011.54,4011.54,2.3268,real_binance
2026-07-19T05:45:00+00:00,4011.55,4011.55,4011.54,4011.55,0.5006,real_binance
2026-07-19T06:00:00+00:00,4011.54,4011.55,4011.54,4011.55,0.4896,real_binance
2026-07-19T06:15:00+00:00,4011.55,4011.55,4011.54,4011.54,11.3819,real_binance
2026-07-19T06:30:00+00:00,4011.55,4011.55,4010.51,4010.51,5.6812,real_binance
2026-07-19T06:45:00+00:00,4010.51,4010.52,4010.51,4010.51,0.592,real_binance
2026-07-19T07:00:00+00:00,4010.52,4010.52,4010.51,4010.51,0.2621,real_binance
2026-07-19T07:15:00+00:00,4010.52,4010.52,4010.51,4010.51,2.1996,real_binance
2026-07-19T07:30:00+00:00,4010.51,4010.52,4010.51,4010.51,3.2056,real_binance
2026-07-19T07:45:00+00:00,4010.52,4010.52,4009.8,4009.8,5.7144,real_binance
2026-07-19T08:00:00+00:00,4009.81,4009.84,4009.8,4009.83,6.037,real_binance
2026-07-19T08:15:00+00:00,4009.83,4009.83,4009.0,4009.0,4.4856,real_binance
2026-07-19T08:30:00+00:00,4009.0,4009.01,4008.1,4008.34,2.3675,real_binance
2026-07-19T08:45:00+00:00,4008.34,4010.27,4008.34,4009.61,8.9723,real_binance
2026-07-19T09:00:00+00:00,4009.61,4009.61,4009.6,4009.6,1.7131,real_binance
2026-07-19T09:15:00+00:00,4009.6,4009.61,4009.5,4009.5,1.5462,real_binance
2026-07-19T09:30:00+00:00,4009.5,4009.5,4009.26,4009.26,2.7725,real_binance
2026-07-19T09:45:00+00:00,4008.9,4008.91,4008.19,4008.19,6.6426,real_binance
2026-07-19T10:00:00+00:00,4008.2,4008.2,4008.01,4008.01,4.5302,real_binance
2026-07-19T10:15:00+00:00,4008.02,4008.02,4005.71,4006.79,25.2214,real_binance
2026-07-19T10:30:00+00:00,4006.8,4006.8,4006.79,4006.79,2.5694,real_binance
2026-07-19T10:45:00+00:00,4006.8,4008.87,4006.79,4008.09,9.6298,real_binance
2026-07-19T11:00:00+00:00,4008.1,4008.1,4005.47,4007.32,13.0868,real_binance
2026-07-19T11:15:00+00:00,4007.31,4007.91,4007.31,4007.85,6.4502,real_binance
2026-07-19T11:30:00+00:00,4007.86,4007.86,4006.69,4006.69,7.2055,real_binance
2026-07-19T11:45:00+00:00,4006.7,4006.92,4006.69,4006.71,5.1787,real_binance
2026-07-19T12:00:00+00:00,4006.7,4006.71,4006.33,4006.41,8.2978,real_binance
2026-07-19T12:15:00+00:00,4006.41,4006.42,4004.48,4004.68,4.9529,real_binance
2026-07-19T12:30:00+00:00,4004.69,4004.69,4004.0,4004.01,1.3061,real_binance
2026-07-19T12:45:00+00:00,4004.0,4004.65,4003.91,4003.92,11.9884,real_binance
2026-07-19T13:00:00+00:00,4003.92,4005.69,4003.47,4005.64,41.0003,real_binance
2026-07-19T13:15:00+00:00,4005.88,4006.73,4005.87,4006.73,3.5901,real_binance
2026-07-19T13:30:00+00:00,4006.73,4007.21,4006.72,4006.99,8.0529,real_binance
2026-07-19T13:45:00+00:00,4006.99,4007.15,4006.75,4006.85,8.1377,real_binance
2026-07-19T14:00:00+00:00,4006.86,4008.31,4006.85,4008.21,10.7213,real_binance
2026-07-19T14:15:00+00:00,4008.22,4009.29,4008.13,4009.28,7.7198,real_binance
2026-07-19T14:30:00+00:00,4009.27,4009.28,4009.0,4009.01,1.3809,real_binance
2026-07-19T14:45:00+00:00,4009.01,4009.01,4009.0,4009.0,2.7971,real_binance
2026-07-19T15:00:00+00:00,4009.01,4009.13,4008.68,4008.7,5.5224,real_binance
2026-07-19T15:15:00+00:00,4008.7,4008.77,4008.69,4008.76,1.9777,real_binance
2026-07-19T15:30:00+00:00,4008.77,4008.77,4008.2,4008.21,3.0133,real_binance
2026-07-19T15:45:00+00:00,4008.21,4008.21,4008.2,4008.2,0.6951,real_binance
2026-07-19T16:00:00+00:00,4008.21,4008.67,4008.2,4008.44,4.2521,real_binance
2026-07-19T16:15:00+00:00,4008.43,4008.92,4008.0,4008.88,5.8442,real_binance
2026-07-19T16:30:00+00:00,4008.88,4008.88,4008.0,4008.0,2.6665,real_binance
2026-07-19T16:45:00+00:00,4008.0,4008.0,4007.0,4007.46,4.4501,real_binance
2026-07-19T17:00:00+00:00,4007.42,4009.13,4007.22,4009.13,8.0523,real_binance
2026-07-19T17:15:00+00:00,4009.13,4010.22,4009.13,4010.12,21.3666,real_binance
2026-07-19T17:30:00+00:00,4010.12,4010.35,4010.12,4010.34,1.4809,real_binance
2026-07-19T17:45:00+00:00,4010.34,4010.35,4010.34,4010.35,2.9983,real_binance
2026-07-19T18:00:00+00:00,4010.35,4010.42,4009.29,4010.41,7.1088,real_binance
2026-07-19T18:15:00+00:00,4010.42,4010.42,4010.41,4010.41,0.9347,real_binance
2026-07-19T18:30:00+00:00,4010.42,4010.7,4010.42,4010.69,1.477,real_binance
2026-07-19T18:45:00+00:00,4010.7,4010.7,4010.69,4010.7,1.0599,real_binance
2026-07-19T19:00:00+00:00,4010.69,4010.96,4010.41,4010.91,6.709,real_binance
2026-07-19T19:15:00+00:00,4010.9,4010.91,4010.9,4010.91,0.4513,real_binance
2026-07-19T19:30:00+00:00,4010.9,4010.91,4010.46,4010.47,1.6025,real_binance
2026-07-19T19:45:00+00:00,4010.47,4010.47,4009.76,4010.45,4.652,real_binance
2026-07-19T20:00:00+00:00,4010.46,4010.56,4010.2,4010.2,10.7391,real_binance
2026-07-19T20:15:00+00:00,4010.21,4010.21,4009.98,4009.98,1.3893,real_binance
2026-07-19T20:30:00+00:00,4009.99,4009.99,4009.98,4009.98,0.9099,real_binance
2026-07-19T20:45:00+00:00,4009.99,4009.99,4009.56,4009.57,0.8302,real_binance
2026-07-19T21:00:00+00:00,4009.57,4009.57,4009.56,4009.56,1.3412,real_binance
2026-07-19T21:15:00+00:00,4009.56,4009.56,4008.39,4008.39,3.0138,real_binance
2026-07-19T21:30:00+00:00,4008.4,4008.4,4007.8,4008.1,4.5229,real_binance
2026-07-19T21:45:00+00:00,4008.1,4008.1,4007.27,4007.27,0.5575,real_binance
2026-07-19T22:00:00+00:00,4007.27,4007.27,3991.12,3993.01,220.678,real_binance
2026-07-19T22:15:00+00:00,3993.0,3996.76,3992.01,3992.01,14.0066,real_binance
2026-07-19T22:30:00+00:00,3992.0,3995.36,3991.15,3995.16,6.4424,real_binance
2026-07-19T22:45:00+00:00,3993.93,3995.7,3993.22,3993.22,4.4263,real_binance
2026-07-19T23:00:00+00:00,3993.23,3993.23,3989.6,3989.6,15.6398,real_binance
2026-07-19T23:15:00+00:00,3989.61,3991.09,3989.06,3990.75,5.6947,real_binance
2026-07-19T23:30:00+00:00,3990.75,3991.62,3988.38,3989.67,4.942,real_binance
2026-07-19T23:45:00+00:00,3989.66,3993.57,3987.89,3993.01,10.767,real_binance
2026-07-20T00:00:00+00:00,3993.02,3996.84,3982.03,3994.99,37.3875,real_binance
2026-07-20T00:15:00+00:00,3993.39,4003.15,3992.77,4002.09,23.3083,real_binance
2026-07-20T00:30:00+00:00,4001.01,4004.11,3996.59,3997.4,13.0293,real_binance
2026-07-20T00:45:00+00:00,3997.4,4006.54,3996.2,4005.39,19.0172,real_binance
2026-07-20T01:00:00+00:00,4005.68,4017.83,4003.17,4008.36,58.5751,real_binance
2026-07-20T01:15:00+00:00,4008.37,4008.37,3998.89,4000.07,11.7067,real_binance
2026-07-20T01:30:00+00:00,4001.02,4002.87,3995.0,3995.6,16.6022,real_binance
2026-07-20T01:45:00+00:00,3995.27,4001.24,3995.27,3999.98,3.5568,real_binance
2026-07-20T02:00:00+00:00,3999.98,4006.63,3999.4,4003.73,8.6959,real_binance
2026-07-20T02:15:00+00:00,4003.73,4005.92,4002.2,4005.41,2.9852,real_binance
2026-07-20T02:30:00+00:00,4004.59,4013.58,4004.07,4012.79,11.0147,real_binance
2026-07-20T02:45:00+00:00,4012.92,4025.0,4012.6,4020.12,39.4449,real_binance
2026-07-20T03:00:00+00:00,4019.03,4021.46,4017.37,4021.46,4.3566,real_binance
2026-07-20T03:15:00+00:00,4021.56,4023.88,4019.94,4021.23,11.3153,real_binance
2026-07-20T03:30:00+00:00,4020.48,4024.83,4018.11,4024.83,7.095,real_binance
2026-07-20T03:45:00+00:00,4024.82,4024.83,4020.37,4020.48,5.7685,real_binance
2026-07-20T04:00:00+00:00,4020.97,4023.37,4019.41,4019.41,6.4741,real_binance
2026-07-20T04:15:00+00:00,4019.42,4022.0,4019.42,4022.0,2.8236,real_binance
2026-07-20T04:30:00+00:00,4022.79,4022.79,4020.1,4020.94,9.4469,real_binance
2026-07-20T04:45:00+00:00,4020.93,4020.93,4015.9,4016.13,24.2344,real_binance
2026-07-20T05:00:00+00:00,4016.14,4017.71,4009.79,4011.99,7.7835,real_binance
2026-07-20T05:15:00+00:00,4012.46,4012.46,4008.72,4009.66,26.2582,real_binance
2026-07-20T05:30:00+00:00,4009.04,4012.04,4006.26,4008.7,10.0624,real_binance
2026-07-20T05:45:00+00:00,4008.5,4008.5,4004.21,4007.29,5.3797,real_binance
2026-07-20T06:00:00+00:00,4006.61,4009.67,4005.99,4006.17,5.5983,real_binance
2026-07-20T06:15:00+00:00,4006.16,4007.14,4003.02,4003.71,5.399,real_binance
2026-07-20T06:30:00+00:00,4003.7,4004.07,4002.02,4002.37,20.1491,real_binance
2026-07-20T06:45:00+00:00,4002.37,4004.61,4001.2,4001.21,13.5988,real_binance
2026-07-20T07:00:00+00:00,4001.3,4004.79,4000.51,4001.23,15.7053,real_binance
2026-07-20T07:15:00+00:00,4001.22,4005.85,4000.51,4004.42,10.8316,real_binance
2026-07-20T07:30:00+00:00,4004.41,4018.0,4004.41,4018.0,25.6948,real_binance
2026-07-20T07:45:00+00:00,4018.0,4018.93,4013.83,4014.54,13.1066,real_binance
2026-07-20T08:00:00+00:00,4014.55,4022.0,4014.55,4021.26,13.5323,real_binance
2026-07-20T08:15:00+00:00,4020.84,4026.93,4020.39,4020.39,27.0947,real_binance
2026-07-20T08:30:00+00:00,4019.58,4021.26,4016.76,4019.23,35.3008,real_binance
2026-07-20T08:45:00+00:00,4019.11,4019.11,4014.77,4016.06,10.3737,real_binance
2026-07-20T09:00:00+00:00,4016.05,4016.83,4012.22,4016.34,12.9925,real_binance
2026-07-20T09:15:00+00:00,4015.49,4017.59,4012.49,4012.5,7.6242,real_binance
2026-07-20T09:30:00+00:00,4012.49,4017.31,4012.27,4016.25,12.3557,real_binance
2026-07-20T09:45:00+00:00,4016.25,4019.26,4014.46,4016.76,12.44,real_binance
2026-07-20T10:00:00+00:00,4016.77,4017.27,4014.96,4016.77,34.1032,real_binance
2026-07-20T10:15:00+00:00,4016.77,4018.83,4016.05,4018.75,13.2635,real_binance
2026-07-20T10:30:00+00:00,4018.38,4019.61,4016.89,4018.23,41.6487,real_binance
2026-07-20T10:45:00+00:00,4018.23,4021.14,4017.32,4019.53,20.1621,real_binance
2026-07-20T11:00:00+00:00,4019.53,4022.49,4017.02,4018.18,23.1414,real_binance
2026-07-20T11:15:00+00:00,4019.07,4019.16,4016.47,4018.39,15.3137,real_binance
2026-07-20T11:30:00+00:00,4018.38,4036.1,4017.76,4027.56,142.8129,real_binance
2026-07-20T11:45:00+00:00,4027.56,4027.56,4022.13,4022.13,54.95,real_binance
2026-07-20T12:00:00+00:00,4021.92,4021.92,4009.35,4009.75,61.9549,real_binance
2026-07-20T12:15:00+00:00,4009.75,4011.89,4005.29,4010.61,66.7752,real_binance
2026-07-20T12:30:00+00:00,4011.31,4012.67,4005.47,4007.46,63.7935,real_binance
2026-07-20T12:45:00+00:00,4008.5,4013.72,4006.93,4006.93,42.5348,real_binance
2026-07-20T13:00:00+00:00,4006.92,4012.04,4005.81,4006.12,32.1028,real_binance
2026-07-20T13:15:00+00:00,4006.13,4009.54,4005.0,4006.04,6.8703,real_binance
2026-07-20T13:30:00+00:00,4006.04,4014.01,4006.04,4012.08,12.5022,real_binance
2026-07-20T13:45:00+00:00,4009.72,4010.5,4003.54,4004.49,35.7163,real_binance
2026-07-20T14:00:00+00:00,4003.79,4005.27,3997.4,3997.73,113.6761,real_binance
2026-07-20T14:15:00+00:00,3997.74,4004.08,3997.41,4004.08,19.1772,real_binance
2026-07-20T14:30:00+00:00,4004.07,4007.74,4004.07,4005.3,3.3831,real_binance
2026-07-20T14:45:00+00:00,4005.13,4010.62,4003.51,4003.73,43.6648,real_binance
2026-07-20T15:00:00+00:00,4003.74,4015.91,4002.93,4010.54,15.4266,real_binance
2026-07-20T15:15:00+00:00,4010.86,4012.88,4008.6,4012.88,9.2876,real_binance
2026-07-20T15:30:00+00:00,4012.89,4013.29,4007.33,4009.27,12.328,real_binance
2026-07-20T15:45:00+00:00,4009.73,4013.68,4009.33,4009.33,22.7424,real_binance
2026-07-20T16:00:00+00:00,4008.58,4014.61,4008.58,4010.12,36.2883,real_binance
2026-07-20T16:15:00+00:00,4010.12,4010.73,4008.59,4009.21,19.0379,real_binance
2026-07-20T16:30:00+00:00,4009.2,4009.24,4000.44,4006.13,33.3745,real_binance
2026-07-20T16:45:00+00:00,4005.72,4007.72,4004.7,4006.84,14.3159,real_binance
2026-07-20T17:00:00+00:00,4007.73,4009.92,4007.73,4007.92,9.2588,real_binance
2026-07-20T17:15:00+00:00,4007.93,4010.58,4007.69,4010.21,33.5835,real_binance
2026-07-20T17:30:00+00:00,4010.18,4010.19,4006.92,4006.92,4.1445,real_binance
2026-07-20T17:45:00+00:00,4006.93,4006.93,4002.92,4003.48,25.1239,real_binance
2026-07-20T18:00:00+00:00,4003.66,4009.08,4003.66,4007.09,40.4713,real_binance
2026-07-20T18:15:00+00:00,4007.25,4009.41,4002.93,4004.89,28.8458,real_binance
2026-07-20T18:30:00+00:00,4004.88,4005.08,4003.05,4005.08,8.6865,real_binance
2026-07-20T18:45:00+00:00,4005.08,4006.28,4003.73,4005.39,17.3816,real_binance
2026-07-20T19:00:00+00:00,4005.06,4005.4,4003.14,4003.14,4.8318,real_binance
2026-07-20T19:15:00+00:00,4003.14,4010.43,4002.99,4008.98,25.1512,real_binance
2026-07-20T19:30:00+00:00,4011.17,4014.63,4003.32,4003.32,30.9252,real_binance
2026-07-20T19:45:00+00:00,4002.95,4008.16,4002.95,4004.93,63.6617,real_binance
2026-07-20T20:00:00+00:00,4004.93,4006.84,4004.37,4005.7,16.6542,real_binance
2026-07-20T20:15:00+00:00,4006.12,4006.12,4005.56,4006.09,1.9482,real_binance
2026-07-20T20:30:00+00:00,4006.1,4006.24,4005.61,4006.24,4.3593,real_binance
2026-07-20T20:45:00+00:00,4006.24,4006.56,4003.84,4004.65,10.9575,real_binance
2026-07-20T21:00:00+00:00,4004.87,4005.88,4004.3,4005.83,5.6047,real_binance
2026-07-20T21:15:00+00:00,4005.84,4007.36,4005.83,4007.36,5.1077,real_binance
2026-07-20T21:30:00+00:00,4007.36,4008.69,4007.35,4008.69,7.845,real_binance
2026-07-20T21:45:00+00:00,4008.69,4008.69,4008.68,4008.69,2.2146,real_binance
2026-07-20T22:00:00+00:00,4008.69,4008.69,4005.44,4005.82,3.0449,real_binance
2026-07-20T22:15:00+00:00,4005.82,4007.94,4004.01,4007.54,4.288,real_binance
2026-07-20T22:30:00+00:00,4007.54,4007.54,4002.94,4003.57,4.1448,real_binance
2026-07-20T22:45:00+00:00,4003.32,4006.49,3998.73,3999.32,24.2797,real_binance
2026-07-20T23:00:00+00:00,3998.93,4006.74,3998.59,4000.93,11.5699,real_binance
2026-07-20T23:15:00+00:00,4002.12,4005.21,4002.12,4002.44,3.6126,real_binance
2026-07-20T23:30:00+00:00,4002.42,4005.4,4002.42,4005.29,5.3836,real_binance
2026-07-20T23:45:00+00:00,4005.93,4007.5,4002.45,4007.5,17.0065,real_binance
2026-07-21T00:00:00+00:00,4007.49,4009.73,4001.76,4009.32,21.8482,real_binance
2026-07-21T00:15:00+00:00,4007.67,4014.69,4007.31,4012.12,10.5483,real_binance
2026-07-21T00:30:00+00:00,4012.23,4020.27,4011.63,4019.18,8.7875,real_binance
2026-07-21T00:45:00+00:00,4019.19,4021.98,4019.19,4021.61,14.6647,real_binance
2026-07-21T01:00:00+00:00,4021.08,4025.26,4015.81,4025.26,26.5226,real_binance
2026-07-21T01:15:00+00:00,4025.26,4030.75,4022.9,4023.72,44.3608,real_binance
2026-07-21T01:30:00+00:00,4023.38,4025.93,4019.97,4021.9,38.8311,real_binance
2026-07-21T01:45:00+00:00,4021.33,4023.72,4018.37,4019.19,9.6981,real_binance
2026-07-21T02:00:00+00:00,4018.89,4022.48,4018.89,4020.0,3.5767,real_binance
2026-07-21T02:15:00+00:00,4020.42,4025.0,4018.42,4025.0,2.6373,real_binance
2026-07-21T02:30:00+00:00,4025.57,4039.48,4025.57,4032.86,41.3765,real_binance
2026-07-21T02:45:00+00:00,4032.86,4034.19,4028.58,4033.59,11.6381,real_binance
2026-07-21T03:00:00+00:00,4033.96,4038.13,4033.96,4035.49,18.9909,real_binance
2026-07-21T03:15:00+00:00,4034.78,4047.17,4033.51,4043.87,30.0068,real_binance
2026-07-21T03:30:00+00:00,4043.36,4044.53,4038.62,4038.63,6.7684,real_binance
2026-07-21T03:45:00+00:00,4038.63,4042.79,4038.63,4042.13,9.9766,real_binance
2026-07-21T04:00:00+00:00,4043.63,4046.36,4041.19,4041.8,20.8583,real_binance
2026-07-21T04:15:00+00:00,4041.79,4041.79,4039.45,4039.65,8.5946,real_binance
2026-07-21T04:30:00+00:00,4039.84,4041.8,4039.45,4041.72,10.7518,real_binance
2026-07-21T04:45:00+00:00,4041.72,4043.68,4040.51,4043.67,19.9851,real_binance
2026-07-21T05:00:00+00:00,4043.68,4046.51,4041.74,4046.51,14.1973,real_binance
2026-07-21T05:15:00+00:00,4046.5,4050.92,4043.39,4049.99,26.1063,real_binance
2026-07-21T05:30:00+00:00,4049.41,4060.59,4049.41,4060.37,51.3642,real_binance
2026-07-21T05:45:00+00:00,4060.59,4061.88,4055.72,4055.94,24.5338,real_binance
2026-07-21T06:00:00+00:00,4055.56,4066.41,4055.56,4065.46,35.1872,real_binance
2026-07-21T06:15:00+00:00,4065.45,4067.5,4063.33,4065.69,24.5797,real_binance
2026-07-21T06:30:00+00:00,4066.41,4073.0,4066.33,4070.81,40.2574,real_binance
2026-07-21T06:45:00+00:00,4071.72,4076.33,4070.99,4072.97,52.2908,real_binance
2026-07-21T07:00:00+00:00,4072.97,4073.59,4066.12,4066.45,25.4363,real_binance
2026-07-21T07:15:00+00:00,4066.19,4066.49,4062.85,4063.49,10.968,real_binance
2026-07-21T07:30:00+00:00,4063.0,4068.24,4061.88,4065.33,34.5759,real_binance
2026-07-21T07:45:00+00:00,4065.31,4065.79,4062.98,4064.74,83.056,real_binance
2026-07-21T08:00:00+00:00,4064.93,4066.13,4060.45,4061.99,78.3594,real_binance
2026-07-21T08:15:00+00:00,4061.82,4062.41,4057.66,4057.66,43.9973,real_binance
2026-07-21T08:30:00+00:00,4057.66,4062.01,4056.99,4058.35,795.3004,real_binance
2026-07-21T08:45:00+00:00,4058.12,4059.33,4055.67,4058.9,18.2215,real_binance
2026-07-21T09:00:00+00:00,4058.89,4062.32,4058.89,4061.41,12.1673,real_binance
2026-07-21T09:15:00+00:00,4061.68,4063.68,4058.91,4058.91,25.2481,real_binance
2026-07-21T09:30:00+00:00,4058.91,4061.02,4057.48,4057.55,10.8621,real_binance
2026-07-21T09:45:00+00:00,4057.54,4064.3,4057.54,4062.24,9.4046,real_binance
2026-07-21T10:00:00+00:00,4061.68,4063.66,4057.26,4063.28,48.6436,real_binance
2026-07-21T10:15:00+00:00,4062.86,4064.68,4061.84,4063.45,56.5352,real_binance
2026-07-21T10:30:00+00:00,4063.45,4066.0,4063.16,4063.37,14.0085,real_binance
2026-07-21T10:45:00+00:00,4062.73,4064.01,4058.91,4058.92,32.364,real_binance
2026-07-21T11:00:00+00:00,4058.92,4058.93,4052.18,4054.12,34.9851,real_binance
2026-07-21T11:15:00+00:00,4054.12,4055.29,4052.43,4053.83,19.0371,real_binance
2026-07-21T11:30:00+00:00,4053.82,4057.29,4052.27,4052.5,12.1869,real_binance
2026-07-21T11:45:00+00:00,4052.5,4054.45,4048.19,4052.22,94.2691,real_binance
2026-07-21T12:00:00+00:00,4052.21,4056.77,4052.21,4055.25,11.4191,real_binance
2026-07-21T12:15:00+00:00,4055.25,4060.81,4052.91,4057.61,14.4706,real_binance
2026-07-21T12:30:00+00:00,4058.97,4059.29,4047.28,4050.35,42.141,real_binance
2026-07-21T12:45:00+00:00,4050.77,4057.35,4049.32,4050.24,32.4193,real_binance
2026-07-21T13:00:00+00:00,4051.59,4056.09,4051.59,4055.76,26.4625,real_binance
2026-07-21T13:15:00+00:00,4055.69,4056.84,4046.97,4047.48,21.4762,real_binance
2026-07-21T13:30:00+00:00,4047.48,4053.23,4041.95,4042.29,28.7955,real_binance
2026-07-21T13:45:00+00:00,4042.4,4049.42,4040.49,4049.12,50.9744,real_binance
2026-07-21T14:00:00+00:00,4049.2,4061.77,4048.12,4061.77,63.689,real_binance
2026-07-21T14:15:00+00:00,4061.54,4064.59,4058.02,4064.51,30.6836,real_binance
2026-07-21T14:30:00+00:00,4064.59,4068.42,4057.63,4061.85,55.2453,real_binance
2026-07-21T14:45:00+00:00,4063.01,4065.29,4061.87,4063.09,37.0972,real_binance
2026-07-21T15:00:00+00:00,4063.5,4067.81,4060.9,4067.44,34.7464,real_binance
2026-07-21T15:15:00+00:00,4067.45,4072.2,4067.45,4071.17,39.5151,real_binance
2026-07-21T15:30:00+00:00,4071.12,4075.63,4068.65,4068.65,131.1226,real_binance
2026-07-21T15:45:00+00:00,4068.43,4070.17,4065.14,4066.7,19.4237,real_binance
2026-07-21T16:00:00+00:00,4067.18,4071.88,4067.18,4071.85,18.9344,real_binance
2026-07-21T16:15:00+00:00,4071.85,4071.89,4068.18,4069.66,9.9315,real_binance
2026-07-21T16:30:00+00:00,4069.66,4070.02,4065.28,4065.28,9.4387,real_binance
2026-07-21T16:45:00+00:00,4065.29,4066.5,4063.49,4065.14,20.4026,real_binance
2026-07-21T17:00:00+00:00,4065.29,4066.17,4063.54,4065.42,33.7238,real_binance
2026-07-21T17:15:00+00:00,4065.43,4066.59,4063.89,4066.43,18.6655,real_binance
2026-07-21T17:30:00+00:00,4066.43,4066.44,4060.71,4062.26,90.866,real_binance
2026-07-21T17:45:00+00:00,4062.26,4062.26,4060.59,4062.13,90.7884,real_binance
2026-07-21T18:00:00+00:00,4062.58,4065.55,4061.67,4064.4,99.1475,real_binance
2026-07-21T18:15:00+00:00,4064.9,4080.0,4064.9,4076.51,107.4908,real_binance
2026-07-21T18:30:00+00:00,4076.51,4078.92,4074.23,4076.37,23.8136,real_binance
2026-07-21T18:45:00+00:00,4076.36,4076.5,4072.74,4075.94,9.4482,real_binance
2026-07-21T19:00:00+00:00,4075.94,4079.0,4073.68,4074.3,36.6154,real_binance
2026-07-21T19:15:00+00:00,4074.82,4079.02,4074.82,4078.22,56.5127,real_binance
2026-07-21T19:30:00+00:00,4078.22,4079.07,4075.79,4076.92,8.9443,real_binance
2026-07-21T19:45:00+00:00,4076.93,4078.17,4076.92,4077.97,5.7466,real_binance
2026-07-21T20:00:00+00:00,4077.97,4079.35,4077.2,4077.66,14.7954,real_binance
2026-07-21T20:15:00+00:00,4077.65,4077.65,4075.44,4075.44,6.8532,real_binance
2026-07-21T20:30:00+00:00,4075.45,4078.24,4074.03,4074.03,12.2292,real_binance
2026-07-21T20:45:00+00:00,4074.03,4074.03,4071.14,4071.27,8.1379,real_binance
2026-07-21T21:00:00+00:00,4071.27,4071.69,4070.82,4071.68,14.405,real_binance
2026-07-21T21:15:00+00:00,4071.68,4071.79,4071.68,4071.79,3.1143,real_binance
2026-07-21T21:30:00+00:00,4071.68,4073.82,4071.68,4073.81,3.4139,real_binance
2026-07-21T21:45:00+00:00,4073.82,4074.06,4073.33,4073.61,3.0388,real_binance
2026-07-21T22:00:00+00:00,4073.62,4073.62,4071.03,4071.89,8.8965,real_binance
2026-07-21T22:15:00+00:00,4071.89,4075.0,4071.89,4075.0,11.1755,real_binance
2026-07-21T22:30:00+00:00,4075.0,4077.61,4074.99,4077.49,11.1024,real_binance
2026-07-21T22:45:00+00:00,4077.49,4077.49,4072.84,4074.08,6.4097,real_binance
2026-07-21T23:00:00+00:00,4074.08,4074.84,4073.53,4074.23,5.2163,real_binance
2026-07-21T23:15:00+00:00,4074.23,4075.28,4074.22,4074.82,3.1481,real_binance
2026-07-21T23:30:00+00:00,4074.82,4074.83,4073.62,4073.62,11.5741,real_binance
2026-07-21T23:45:00+00:00,4073.62,4076.2,4073.34,4074.01,97.5534,real_binance
2026-07-22T00:00:00+00:00,4074.13,4085.0,4071.38,4084.99,23.5149,real_binance
2026-07-22T00:15:00+00:00,4084.99,4091.01,4084.99,4090.3,48.8087,real_binance
2026-07-22T00:30:00+00:00,4090.59,4093.8,4083.99,4086.6,27.8366,real_binance
2026-07-22T00:45:00+00:00,4086.59,4091.64,4085.23,4090.22,13.5077,real_binance
2026-07-22T01:00:00+00:00,4090.23,4112.94,4090.23,4112.94,77.5959,real_binance
2026-07-22T01:15:00+00:00,4112.94,4113.87,4104.28,4108.45,15.9014,real_binance
2026-07-22T01:30:00+00:00,4107.71,4113.89,4105.58,4113.11,31.5317,real_binance
2026-07-22T01:45:00+00:00,4113.1,4114.53,4109.66,4113.82,30.2832,real_binance
2026-07-22T02:00:00+00:00,4113.74,4114.99,4111.06,4113.93,40.0302,real_binance
2026-07-22T02:15:00+00:00,4113.94,4116.77,4111.88,4115.37,113.5592,real_binance
2026-07-22T02:30:00+00:00,4115.38,4121.15,4113.93,4119.66,44.3729,real_binance
2026-07-22T02:45:00+00:00,4119.67,4121.65,4118.36,4121.65,88.0508,real_binance
2026-07-22T03:00:00+00:00,4121.64,4131.62,4121.26,4128.78,99.2575,real_binance
2026-07-22T03:15:00+00:00,4128.69,4132.58,4128.67,4129.69,49.7379,real_binance
2026-07-22T03:30:00+00:00,4129.68,4129.68,4123.89,4125.0,19.4061,real_binance
2026-07-22T03:45:00+00:00,4124.99,4124.99,4122.16,4122.26,12.6419,real_binance
2026-07-22T04:00:00+00:00,4122.26,4122.26,4118.54,4118.83,180.4252,real_binance
2026-07-22T04:15:00+00:00,4118.83,4119.98,4118.82,4119.04,9.4961,real_binance
2026-07-22T04:30:00+00:00,4119.53,4119.53,4115.57,4117.63,108.3321,real_binance
2026-07-22T04:45:00+00:00,4118.0,4118.02,4116.22,4118.02,3.9659,real_binance
2026-07-22T05:00:00+00:00,4118.02,4120.45,4117.81,4119.34,15.2354,real_binance
2026-07-22T05:15:00+00:00,4119.25,4119.25,4114.65,4115.4,9.8849,real_binance
2026-07-22T05:30:00+00:00,4114.75,4124.01,4114.34,4123.24,35.0615,real_binance
2026-07-22T05:45:00+00:00,4122.63,4123.67,4119.03,4121.67,5.0339,real_binance
2026-07-22T06:00:00+00:00,4121.68,4125.03,4120.12,4120.12,35.9371,real_binance
2026-07-22T06:15:00+00:00,4120.13,4121.27,4104.99,4107.11,170.7026,real_binance
2026-07-22T06:30:00+00:00,4106.96,4111.06,4105.72,4110.18,54.3316,real_binance
2026-07-22T06:45:00+00:00,4110.18,4110.58,4104.98,4106.14,31.1023,real_binance
2026-07-22T07:00:00+00:00,4106.14,4107.01,4103.22,4106.13,36.9993,real_binance
2026-07-22T07:15:00+00:00,4106.79,4112.02,4106.79,4109.93,8.0264,real_binance
2026-07-22T07:30:00+00:00,4109.94,4113.08,4102.15,4102.34,57.082,real_binance
2026-07-22T07:45:00+00:00,4102.34,4104.2,4100.35,4100.35,31.0127,real_binance
2026-07-22T08:00:00+00:00,4101.22,4106.81,4101.22,4106.69,12.953,real_binance
2026-07-22T08:15:00+00:00,4106.1,4109.32,4105.66,4108.59,6.4489,real_binance
2026-07-22T08:30:00+00:00,4108.59,4110.0,4107.31,4107.31,12.2293,real_binance
2026-07-22T08:45:00+00:00,4106.81,4111.98,4106.71,4110.67,15.0543,real_binance
2026-07-22T09:00:00+00:00,4110.67,4113.93,4110.24,4113.92,6.6904,real_binance
2026-07-22T09:15:00+00:00,4113.92,4114.18,4110.03,4110.03,12.173,real_binance
2026-07-22T09:30:00+00:00,4111.09,4112.96,4106.73,4107.78,13.5003,real_binance
2026-07-22T09:45:00+00:00,4107.78,4108.67,4105.16,4105.72,14.6963,real_binance
2026-07-22T10:00:00+00:00,4105.73,4111.33,4105.73,4110.9,113.1102,real_binance
2026-07-22T10:15:00+00:00,4110.62,4113.4,4110.0,4111.87,42.5106,real_binance
2026-07-22T10:30:00+00:00,4111.87,4111.87,4108.6,4109.49,8.8669,real_binance
2026-07-22T10:45:00+00:00,4109.49,4112.3,4109.13,4109.82,14.1078,real_binance
2026-07-22T11:00:00+00:00,4109.83,4113.51,4108.19,4112.64,23.334,real_binance
2026-07-22T11:15:00+00:00,4112.09,4115.3,4110.75,4110.75,32.2626,real_binance
2026-07-22T11:30:00+00:00,4110.76,4113.03,4105.62,4107.67,36.9137,real_binance
2026-07-22T11:45:00+00:00,4107.67,4115.22,4107.1,4115.22,16.4242,real_binance
2026-07-22T12:00:00+00:00,4115.22,4119.81,4114.57,4119.53,26.5149,real_binance
2026-07-22T12:15:00+00:00,4119.8,4125.0,4118.29,4125.0,33.6678,real_binance
2026-07-22T12:30:00+00:00,4124.99,4126.46,4117.58,4120.26,47.7466,real_binance
2026-07-22T12:45:00+00:00,4120.26,4120.26,4101.27,4104.52,75.7866,real_binance
2026-07-22T13:00:00+00:00,4106.36,4116.88,4106.36,4116.87,15.6245,real_binance
2026-07-22T13:15:00+00:00,4117.2,4126.6,4117.2,4123.83,23.3882,real_binance
2026-07-22T13:30:00+00:00,4123.84,4139.0,4123.84,4134.95,182.4294,real_binance
2026-07-22T13:45:00+00:00,4135.7,4148.53,4135.7,4147.22,91.6286,real_binance
2026-07-22T14:00:00+00:00,4147.23,4154.6,4146.38,4149.28,91.9622,real_binance
2026-07-22T14:15:00+00:00,4148.0,4148.01,4136.36,4137.86,110.3527,real_binance
2026-07-22T14:30:00+00:00,4139.0,4144.2,4139.0,4142.51,25.3444,real_binance
2026-07-22T14:45:00+00:00,4142.52,4144.18,4136.39,4140.9,45.3283,real_binance
2026-07-22T15:00:00+00:00,4140.91,4149.44,4140.9,4148.92,46.0101,real_binance
2026-07-22T15:15:00+00:00,4148.92,4152.94,4144.53,4148.85,179.5259,real_binance
2026-07-22T15:30:00+00:00,4148.85,4152.36,4148.23,4151.91,26.1489,real_binance
2026-07-22T15:45:00+00:00,4151.92,4157.63,4151.28,4151.95,93.4036,real_binance
2026-07-22T16:00:00+00:00,4151.95,4151.95,4145.8,4146.06,63.9744,real_binance
2026-07-22T16:15:00+00:00,4146.06,4147.69,4140.49,4140.92,63.2233,real_binance
2026-07-22T16:30:00+00:00,4140.93,4143.8,4138.27,4139.87,139.0407,real_binance
2026-07-22T16:45:00+00:00,4139.87,4141.41,4138.01,4140.15,59.0938,real_binance
2026-07-22T17:00:00+00:00,4140.14,4140.15,4135.7,4137.51,58.2479,real_binance
2026-07-22T17:15:00+00:00,4137.51,4139.22,4134.86,4138.87,26.0012,real_binance
2026-07-22T17:30:00+00:00,4138.87,4139.53,4132.31,4133.45,54.6053,real_binance
2026-07-22T17:45:00+00:00,4133.45,4136.41,4133.45,4135.79,30.4477,real_binance
2026-07-22T18:00:00+00:00,4135.32,4135.32,4130.24,4131.29,13.7026,real_binance
2026-07-22T18:15:00+00:00,4130.92,4132.49,4128.57,4129.24,11.1789,real_binance
2026-07-22T18:30:00+00:00,4129.25,4130.17,4126.67,4129.85,25.796,real_binance
2026-07-22T18:45:00+00:00,4129.85,4132.89,4129.85,4130.43,8.8091,real_binance
2026-07-22T19:00:00+00:00,4129.82,4131.04,4127.64,4128.58,7.0124,real_binance
2026-07-22T19:15:00+00:00,4128.59,4129.31,4126.68,4128.91,2.984,real_binance
2026-07-22T19:30:00+00:00,4128.9,4129.89,4127.43,4129.1,11.8894,real_binance
2026-07-22T19:45:00+00:00,4128.7,4128.97,4124.0,4126.26,15.0595,real_binance
2026-07-22T20:00:00+00:00,4125.73,4129.56,4125.19,4129.1,52.8023,real_binance
2026-07-22T20:15:00+00:00,4129.01,4131.05,4128.72,4130.9,4.1527,real_binance
2026-07-22T20:30:00+00:00,4130.91,4131.04,4126.13,4126.13,15.1705,real_binance
2026-07-22T20:45:00+00:00,4126.14,4126.15,4124.14,4126.14,7.9112,real_binance
2026-07-22T21:00:00+00:00,4126.14,4127.58,4126.13,4127.45,7.0364,real_binance
2026-07-22T21:15:00+00:00,4127.97,4127.97,4125.19,4126.54,29.4722,real_binance
2026-07-22T21:30:00+00:00,4126.54,4127.27,4126.53,4127.25,2.2293,real_binance
2026-07-22T21:45:00+00:00,4127.26,4127.26,4127.11,4127.12,3.8146,real_binance
2026-07-22T22:00:00+00:00,4127.12,4127.12,4102.66,4117.59,205.0918,real_binance
2026-07-22T22:15:00+00:00,4117.79,4122.66,4115.54,4122.57,70.0863,real_binance
2026-07-22T22:30:00+00:00,4123.21,4123.55,4115.18,4115.58,29.2685,real_binance
2026-07-22T22:45:00+00:00,4115.58,4120.51,4114.97,4116.27,24.9876,real_binance
2026-07-22T23:00:00+00:00,4116.28,4118.38,4111.07,4117.3,16.04,real_binance
2026-07-22T23:15:00+00:00,4117.53,4117.53,4113.61,4113.85,7.2995,real_binance
2026-07-22T23:30:00+00:00,4113.86,4117.61,4113.85,4117.42,10.1444,real_binance
2026-07-22T23:45:00+00:00,4117.41,4127.13,4117.14,4127.0,17.623,real_binance
2026-07-23T00:00:00+00:00,4127.13,4127.63,4120.83,4120.83,12.8297,real_binance
2026-07-23T00:15:00+00:00,4120.89,4128.44,4120.89,4124.39,13.838,real_binance
2026-07-23T00:30:00+00:00,4124.39,4126.06,4121.91,4122.08,5.3189,real_binance
2026-07-23T00:45:00+00:00,4122.09,4127.06,4120.11,4126.48,9.9116,real_binance
2026-07-23T01:00:00+00:00,4126.48,4132.0,4124.06,4129.34,27.9426,real_binance
2026-07-23T01:15:00+00:00,4128.12,4134.03,4128.12,4131.6,49.9605,real_binance
2026-07-23T01:30:00+00:00,4131.7,4132.66,4117.68,4117.68,127.1651,real_binance
2026-07-23T01:45:00+00:00,4117.68,4117.68,4109.1,4111.78,19.0764,real_binance
2026-07-23T02:00:00+00:00,4111.45,4112.17,4107.1,4111.22,18.7281,real_binance
2026-07-23T02:15:00+00:00,4111.52,4113.48,4108.18,4110.48,55.0192,real_binance
2026-07-23T02:30:00+00:00,4111.4,4116.14,4109.43,4116.14,37.4634,real_binance
2026-07-23T02:45:00+00:00,4116.15,4122.65,4116.15,4122.23,37.6379,real_binance
2026-07-23T03:00:00+00:00,4122.24,4122.89,4118.75,4121.51,26.0443,real_binance
2026-07-23T03:15:00+00:00,4121.5,4126.79,4121.14,4124.85,30.3492,real_binance
2026-07-23T03:30:00+00:00,4124.86,4124.86,4120.96,4122.48,13.2324,real_binance
2026-07-23T03:45:00+00:00,4122.37,4122.37,4118.47,4118.48,9.6272,real_binance
2026-07-23T04:00:00+00:00,4118.48,4121.15,4117.17,4121.15,18.1749,real_binance
2026-07-23T04:15:00+00:00,4121.89,4124.21,4120.01,4124.01,7.1748,real_binance
2026-07-23T04:30:00+00:00,4124.2,4124.2,4117.47,4117.47,31.7316,real_binance
2026-07-23T04:45:00+00:00,4117.26,4118.09,4114.63,4115.28,3.7816,real_binance
2026-07-23T05:00:00+00:00,4115.28,4118.91,4114.2,4118.9,9.4751,real_binance
2026-07-23T05:15:00+00:00,4118.88,4118.88,4115.0,4118.66,6.7024,real_binance
2026-07-23T05:30:00+00:00,4119.54,4122.6,4117.68,4120.96,13.9107,real_binance
2026-07-23T05:45:00+00:00,4121.69,4124.23,4115.88,4117.32,6.2741,real_binance
2026-07-23T06:00:00+00:00,4118.5,4121.57,4115.94,4117.26,23.3659,real_binance
2026-07-23T06:15:00+00:00,4117.26,4121.0,4116.08,4116.08,9.6618,real_binance
2026-07-23T06:30:00+00:00,4116.51,4117.51,4112.89,4115.51,17.3277,real_binance
2026-07-23T06:45:00+00:00,4114.45,4116.69,4113.22,4113.23,4.8093,real_binance
2026-07-23T07:00:00+00:00,4113.85,4114.16,4098.05,4101.56,43.8926,real_binance
2026-07-23T07:15:00+00:00,4101.57,4106.14,4100.75,4102.74,48.1592,real_binance
2026-07-23T07:30:00+00:00,4102.74,4102.74,4087.07,4090.6,95.2593,real_binance
2026-07-23T07:45:00+00:00,4090.44,4091.64,4086.67,4090.14,68.8175,real_binance
2026-07-23T08:00:00+00:00,4090.62,4092.22,4085.89,4086.94,58.6697,real_binance
2026-07-23T08:15:00+00:00,4086.88,4087.34,4084.33,4087.13,29.789,real_binance
2026-07-23T08:30:00+00:00,4087.3,4088.39,4084.33,4086.83,46.7759,real_binance
2026-07-23T08:45:00+00:00,4087.74,4089.74,4083.4,4089.51,10.9065,real_binance
2026-07-23T09:00:00+00:00,4089.51,4094.57,4088.74,4092.55,33.8533,real_binance
2026-07-23T09:15:00+00:00,4091.16,4092.42,4086.23,4087.74,24.4511,real_binance
2026-07-23T09:30:00+00:00,4087.12,4088.79,4085.77,4088.79,6.2501,real_binance
2026-07-23T09:45:00+00:00,4088.79,4089.92,4084.91,4085.21,6.5758,real_binance
2026-07-23T10:00:00+00:00,4085.21,4087.33,4084.56,4086.14,12.0369,real_binance
2026-07-23T10:15:00+00:00,4086.15,4088.15,4081.99,4084.46,51.3303,real_binance
2026-07-23T10:30:00+00:00,4084.47,4087.57,4082.58,4085.28,16.1186,real_binance
2026-07-23T10:45:00+00:00,4085.29,4089.93,4083.92,4088.18,8.4424,real_binance
2026-07-23T11:00:00+00:00,4089.01,4089.01,4083.36,4083.76,11.6651,real_binance
2026-07-23T11:15:00+00:00,4083.76,4084.35,4077.51,4079.9,22.0858,real_binance
2026-07-23T11:30:00+00:00,4079.45,4079.45,4069.58,4074.62,26.1155,real_binance
2026-07-23T11:45:00+00:00,4074.62,4085.16,4074.25,4081.95,49.665,real_binance
2026-07-23T12:00:00+00:00,4081.94,4081.95,4077.92,4077.93,7.2155,real_binance
2026-07-23T12:15:00+00:00,4077.92,4079.08,4067.73,4072.09,47.3175,real_binance
2026-07-23T12:30:00+00:00,4071.35,4071.35,4060.69,4065.06,59.1353,real_binance
2026-07-23T12:45:00+00:00,4064.25,4064.77,4058.03,4058.5,55.8752,real_binance
2026-07-23T13:00:00+00:00,4058.39,4060.0,4038.55,4038.56,298.9808,real_binance
2026-07-23T13:15:00+00:00,4038.8,4055.87,4038.56,4055.87,55.6192,real_binance
2026-07-23T13:30:00+00:00,4055.82,4063.33,4052.66,4054.71,44.8353,real_binance
2026-07-23T13:45:00+00:00,4053.83,4055.23,4041.13,4041.13,34.8589,real_binance
2026-07-23T14:00:00+00:00,4041.13,4049.29,4038.4,4045.93,70.3867,real_binance
2026-07-23T14:15:00+00:00,4045.63,4055.62,4041.24,4055.62,12.4172,real_binance
2026-07-23T14:30:00+00:00,4054.52,4057.68,4050.03,4055.11,28.4859,real_binance
2026-07-23T14:45:00+00:00,4054.7,4059.2,4053.95,4055.39,16.5954,real_binance
2026-07-23T15:00:00+00:00,4055.4,4056.6,4047.05,4048.84,13.1945,real_binance
2026-07-23T15:15:00+00:00,4047.97,4053.08,4043.88,4044.67,39.9389,real_binance
2026-07-23T15:30:00+00:00,4044.47,4050.28,4040.9,4046.05,20.2508,real_binance
2026-07-23T15:45:00+00:00,4045.65,4048.47,4045.49,4046.73,13.9581,real_binance
2026-07-23T16:00:00+00:00,4046.98,4048.31,4045.92,4048.14,10.8147,real_binance
2026-07-23T16:15:00+00:00,4048.14,4048.5,4044.82,4048.47,15.3491,real_binance
2026-07-23T16:30:00+00:00,4048.66,4048.66,4045.64,4048.01,13.5604,real_binance
2026-07-23T16:45:00+00:00,4048.01,4049.45,4046.45,4049.29,6.5081,real_binance
2026-07-23T17:00:00+00:00,4049.43,4052.32,4044.82,4045.39,18.1218,real_binance
2026-07-23T17:15:00+00:00,4045.12,4047.62,4044.81,4045.08,13.3297,real_binance
2026-07-23T17:30:00+00:00,4045.2,4046.57,4040.08,4041.14,7.4932,real_binance
2026-07-23T17:45:00+00:00,4040.86,4041.66,4040.01,4040.01,9.0165,real_binance
2026-07-23T18:00:00+00:00,4040.01,4041.58,4039.01,4039.6,8.283,real_binance
2026-07-23T18:15:00+00:00,4039.6,4041.69,4038.55,4041.67,85.7535,real_binance
2026-07-23T18:30:00+00:00,4041.67,4044.67,4041.67,4043.71,9.1848,real_binance
2026-07-23T18:45:00+00:00,4043.7,4045.3,4043.34,4043.53,10.8262,real_binance
2026-07-23T19:00:00+00:00,4044.12,4045.92,4041.56,4041.63,9.5329,real_binance
2026-07-23T19:15:00+00:00,4041.62,4046.17,4041.62,4045.59,6.4342,real_binance
2026-07-23T19:30:00+00:00,4046.05,4048.45,4044.27,4044.47,7.1847,real_binance
2026-07-23T19:45:00+00:00,4043.82,4048.22,4043.47,4048.21,5.6622,real_binance
2026-07-23T20:00:00+00:00,4048.22,4048.82,4046.4,4047.55,5.4557,real_binance
2026-07-23T20:15:00+00:00,4047.55,4047.55,4046.41,4047.46,9.6676,real_binance
2026-07-23T20:30:00+00:00,4047.55,4047.56,4046.88,4046.88,2.4872,real_binance
2026-07-23T20:45:00+00:00,4046.88,4047.22,4045.92,4046.67,4.501,real_binance
2026-07-23T21:00:00+00:00,4047.15,4047.17,4047.08,4047.13,4.0924,real_binance
2026-07-23T21:15:00+00:00,4047.14,4047.14,4047.13,4047.14,0.5694,real_binance
2026-07-23T21:30:00+00:00,4047.13,4047.31,4047.13,4047.19,4.3647,real_binance
2026-07-23T21:45:00+00:00,4047.14,4047.52,4047.14,4047.42,0.9387,real_binance
2026-07-23T22:00:00+00:00,4047.43,4047.77,4046.31,4046.33,4.9771,real_binance
2026-07-23T22:15:00+00:00,4046.33,4047.27,4046.32,4047.16,1.9087,real_binance
2026-07-23T22:30:00+00:00,4047.33,4048.06,4047.32,4047.86,1.8983,real_binance
2026-07-23T22:45:00+00:00,4047.87,4047.87,4047.34,4047.34,3.5561,real_binance
2026-07-23T23:00:00+00:00,4047.35,4047.35,4045.17,4045.22,7.3025,real_binance
2026-07-23T23:15:00+00:00,4045.35,4046.75,4045.35,4046.75,2.7324,real_binance
2026-07-23T23:30:00+00:00,4046.74,4048.21,4046.0,4046.27,4.9363,real_binance
2026-07-23T23:45:00+00:00,4046.28,4047.28,4045.13,4045.13,5.8775,real_binance
2026-07-24T00:00:00+00:00,4045.6,4047.37,4039.34,4039.34,13.9566,real_binance
2026-07-24T00:15:00+00:00,4039.35,4044.81,4038.99,4043.71,5.9043,real_binance
2026-07-24T00:30:00+00:00,4044.49,4047.03,4043.45,4047.03,5.5953,real_binance
2026-07-24T00:45:00+00:00,4047.02,4048.21,4046.87,4047.66,4.7061,real_binance
2026-07-24T01:00:00+00:00,4047.67,4047.67,4037.77,4039.31,9.934,real_binance
2026-07-24T01:15:00+00:00,4040.02,4043.89,4039.73,4041.95,5.127,real_binance
2026-07-24T01:30:00+00:00,4041.27,4049.0,4040.24,4049.0,3.0568,real_binance
2026-07-24T01:45:00+00:00,4048.99,4048.99,4040.57,4042.07,23.2741,real_binance
2026-07-24T02:00:00+00:00,4042.07,4044.02,4040.2,4043.41,9.806,real_binance
2026-07-24T02:15:00+00:00,4043.41,4046.18,4041.52,4045.39,6.3314,real_binance
2026-07-24T02:30:00+00:00,4045.4,4046.07,4038.71,4039.37,30.2468,real_binance
2026-07-24T02:45:00+00:00,4038.9,4038.92,4021.3,4021.94,82.2281,real_binance
2026-07-24T03:00:00+00:00,4022.39,4030.58,4021.54,4030.58,18.1346,real_binance
2026-07-24T03:15:00+00:00,4031.0,4031.89,4027.06,4028.13,14.2661,real_binance
2026-07-24T03:30:00+00:00,4028.46,4031.28,4028.46,4030.07,17.214,real_binance
2026-07-24T03:45:00+00:00,4030.08,4030.08,4027.04,4027.74,1.4352,real_binance
2026-07-24T04:00:00+00:00,4027.67,4028.02,4025.87,4026.89,11.4665,real_binance
2026-07-24T04:15:00+00:00,4026.89,4028.53,4026.47,4028.53,7.3017,real_binance
2026-07-24T04:30:00+00:00,4028.53,4028.73,4025.0,4025.01,14.5358,real_binance
2026-07-24T04:45:00+00:00,4025.39,4026.65,4024.42,4026.23,3.5722,real_binance
2026-07-24T05:00:00+00:00,4026.23,4030.17,4024.04,4026.73,6.3936,real_binance
2026-07-24T05:15:00+00:00,4026.22,4027.43,4021.5,4024.29,5.8505,real_binance
2026-07-24T05:30:00+00:00,4024.3,4029.0,4022.95,4023.27,9.461,real_binance
2026-07-24T05:45:00+00:00,4023.92,4026.9,4020.76,4021.01,11.3708,real_binance
2026-07-24T06:00:00+00:00,4021.11,4029.94,4021.11,4029.41,8.1953,real_binance
2026-07-24T06:15:00+00:00,4029.61,4036.72,4028.49,4034.9,19.3412,real_binance
2026-07-24T06:30:00+00:00,4034.55,4034.55,4031.56,4031.56,13.3651,real_binance
2026-07-24T06:45:00+00:00,4031.56,4035.29,4030.15,4034.01,11.1165,real_binance
2026-07-24T07:00:00+00:00,4034.01,4043.95,4033.4,4042.56,34.8641,real_binance
2026-07-24T07:15:00+00:00,4042.55,4046.14,4040.88,4044.97,30.6782,real_binance
2026-07-24T07:30:00+00:00,4044.52,4048.82,4041.04,4043.43,108.7253,real_binance
2026-07-24T07:45:00+00:00,4043.29,4043.81,4041.12,4042.96,83.0988,real_binance
2026-07-24T08:00:00+00:00,4042.96,4042.96,4039.97,4041.55,160.7493,real_binance
2026-07-24T08:15:00+00:00,4041.55,4047.12,4040.0,4046.95,75.5537,real_binance
2026-07-24T08:30:00+00:00,4046.7,4048.82,4043.08,4048.81,32.7079,real_binance
2026-07-24T08:45:00+00:00,4048.82,4052.03,4046.69,4051.68,89.4952,real_binance
2026-07-24T09:00:00+00:00,4051.67,4054.35,4048.51,4048.51,23.9224,real_binance
2026-07-24T09:15:00+00:00,4048.52,4050.68,4047.19,4047.19,46.3367,real_binance
2026-07-24T09:30:00+00:00,4047.19,4050.86,4046.08,4049.8,19.4844,real_binance
2026-07-24T09:45:00+00:00,4049.8,4053.28,4048.77,4053.28,13.3831,real_binance
2026-07-24T10:00:00+00:00,4053.28,4054.74,4051.95,4052.17,25.8937,real_binance
2026-07-24T10:15:00+00:00,4052.16,4056.75,4051.64,4055.65,36.9296,real_binance
2026-07-24T10:30:00+00:00,4055.66,4057.16,4052.35,4052.35,31.6482,real_binance
2026-07-24T10:45:00+00:00,4052.35,4053.13,4051.35,4053.06,19.7244,real_binance
2026-07-24T11:00:00+00:00,4053.07,4056.79,4052.73,4054.51,27.9806,real_binance
2026-07-24T11:15:00+00:00,4054.51,4055.21,4053.6,4053.6,20.8371,real_binance
2026-07-24T11:30:00+00:00,4053.6,4053.6,4049.01,4049.01,27.7817,real_binance
2026-07-24T11:45:00+00:00,4049.02,4054.46,4045.15,4052.65,68.832,real_binance
2026-07-24T12:00:00+00:00,4051.79,4052.46,4046.75,4050.99,20.8619,real_binance
2026-07-24T12:15:00+00:00,4051.61,4054.43,4050.0,4054.03,22.8959,real_binance
2026-07-24T12:30:00+00:00,4054.4,4054.4,4046.8,4049.53,25.9946,real_binance
2026-07-24T12:45:00+00:00,4049.52,4050.05,4046.01,4049.77,21.6754,real_binance
2026-07-24T13:00:00+00:00,4049.78,4051.74,4039.02,4042.07,56.5284,real_binance
2026-07-24T13:15:00+00:00,4042.07,4043.18,4039.7,4040.75,28.7549,real_binance
2026-07-24T13:30:00+00:00,4040.78,4050.83,4039.35,4046.47,93.3342,real_binance
2026-07-24T13:45:00+00:00,4046.47,4063.0,4042.56,4063.0,111.8271,real_binance
2026-07-24T14:00:00+00:00,4063.09,4064.72,4053.32,4055.12,59.1005,real_binance
2026-07-24T14:15:00+00:00,4055.2,4064.26,4051.96,4061.07,49.6541,real_binance
2026-07-24T14:30:00+00:00,4061.03,4063.42,4056.19,4058.09,51.1165,real_binance
2026-07-24T14:45:00+00:00,4057.36,4064.67,4055.72,4063.78,19.963,real_binance
2026-07-24T15:00:00+00:00,4062.29,4074.13,4061.03,4073.73,118.3066,real_binance
2026-07-24T15:15:00+00:00,4072.62,4078.8,4069.82,4071.37,52.4396,real_binance
2026-07-24T15:30:00+00:00,4071.59,4075.17,4068.41,4068.79,32.125,real_binance
2026-07-24T15:45:00+00:00,4068.4,4072.95,4067.42,4072.95,16.3082,real_binance
2026-07-24T16:00:00+00:00,4073.44,4073.44,4070.56,4070.56,12.593,real_binance
2026-07-24T16:15:00+00:00,4070.69,4073.38,4069.98,4069.99,13.1236,real_binance
2026-07-24T16:30:00+00:00,4069.98,4069.98,4063.65,4063.97,19.6021,real_binance
2026-07-24T16:45:00+00:00,4063.65,4063.65,4060.69,4063.17,12.0017,real_binance
2026-07-24T17:00:00+00:00,4063.06,4064.02,4058.91,4059.38,21.3456,real_binance
2026-07-24T17:15:00+00:00,4059.39,4065.69,4059.39,4064.31,5.1011,real_binance
2026-07-24T17:30:00+00:00,4064.31,4066.0,4063.32,4063.32,3.525,real_binance
2026-07-24T17:45:00+00:00,4063.31,4063.31,4060.0,4060.1,8.2838,real_binance
2026-07-24T18:00:00+00:00,4060.1,4060.73,4058.1,4058.41,6.9601,real_binance
2026-07-24T18:15:00+00:00,4058.41,4058.81,4052.12,4052.22,12.176,real_binance
2026-07-24T18:30:00+00:00,4052.1,4053.46,4048.46,4048.9,23.9975,real_binance
2026-07-24T18:45:00+00:00,4048.9,4052.46,4048.9,4051.85,4.2978,real_binance
2026-07-24T19:00:00+00:00,4051.83,4052.65,4049.34,4049.34,5.1727,real_binance
2026-07-24T19:15:00+00:00,4048.84,4048.84,4046.81,4048.45,5.7834,real_binance
2026-07-24T19:30:00+00:00,4048.82,4054.3,4048.72,4053.73,7.5436,real_binance
2026-07-24T19:45:00+00:00,4053.73,4053.73,4050.16,4050.9,8.7852,real_binance
2026-07-24T20:00:00+00:00,4050.53,4052.12,4049.85,4049.86,3.3755,real_binance
2026-07-24T20:15:00+00:00,4049.85,4051.62,4049.85,4051.12,6.3535,real_binance
2026-07-24T20:30:00+00:00,4051.13,4051.27,4049.08,4051.27,7.98,real_binance
2026-07-24T20:45:00+00:00,4051.26,4051.87,4048.58,4049.32,5.5518,real_binance
2026-07-24T21:00:00+00:00,4049.32,4050.49,4049.32,4050.49,3.537,real_binance
2026-07-24T21:15:00+00:00,4050.48,4050.9,4050.48,4050.9,1.6158,real_binance
2026-07-24T21:30:00+00:00,4050.89,4052.12,4050.89,4051.82,3.337,real_binance
2026-07-24T21:45:00+00:00,4052.6,4052.87,4052.6,4052.87,4.264,real_binance
2026-07-24T22:00:00+00:00,4052.87,4052.87,4052.29,4052.36,2.5751,real_binance
2026-07-24T22:15:00+00:00,4052.37,4052.37,4052.34,4052.35,1.3394,real_binance
2026-07-24T22:30:00+00:00,4052.35,4052.35,4052.31,4052.32,1.7107,real_binance
2026-07-24T22:45:00+00:00,4052.31,4052.34,4052.31,4052.34,31.808,real_binance
2026-07-24T23:00:00+00:00,4052.34,4052.34,4052.33,4052.34,0.8732,real_binance
2026-07-24T23:15:00+00:00,4052.33,4052.34,4052.33,4052.34,3.1397,real_binance
2026-07-24T23:30:00+00:00,4052.33,4053.54,4052.33,4053.54,20.7485,real_binance
2026-07-24T23:45:00+00:00,4053.54,4054.58,4053.54,4054.43,5.3047,real_binance
2026-07-25T00:00:00+00:00,4054.43,4055.24,4054.43,4055.24,1.9581,real_binance
2026-07-25T00:15:00+00:00,4055.24,4055.24,4054.97,4054.98,0.4675,real_binance
2026-07-25T00:30:00+00:00,4054.97,4054.98,4054.7,4054.7,8.3929,real_binance
2026-07-25T00:45:00+00:00,4054.52,4054.53,4054.43,4054.51,2.7403,real_binance
2026-07-25T01:00:00+00:00,4054.5,4054.51,4054.5,4054.51,0.7352,real_binance
2026-07-25T01:15:00+00:00,4054.51,4054.51,4054.27,4054.28,0.15,real_binance
2026-07-25T01:30:00+00:00,4054.27,4054.27,4054.12,4054.13,2.3722,real_binance
2026-07-25T01:45:00+00:00,4054.12,4054.13,4053.64,4053.65,1.6094,real_binance
2026-07-25T02:00:00+00:00,4053.65,4053.65,4053.64,4053.64,1.6796,real_binance
2026-07-25T02:15:00+00:00,4053.65,4053.65,4052.93,4052.93,3.698,real_binance
2026-07-25T02:30:00+00:00,4052.93,4052.94,4052.93,4052.93,1.5823,real_binance
2026-07-25T02:45:00+00:00,4052.94,4052.94,4052.93,4052.93,0.149,real_binance
2026-07-25T03:00:00+00:00,4052.94,4052.94,4052.91,4052.91,1.4828,real_binance
2026-07-25T03:15:00+00:00,4052.92,4052.92,4052.33,4052.35,1.0997,real_binance
2026-07-25T03:30:00+00:00,4052.35,4052.35,4051.92,4051.93,3.8388,real_binance
2026-07-25T03:45:00+00:00,4051.92,4051.93,4051.92,4051.93,0.86,real_binance
2026-07-25T04:00:00+00:00,4051.93,4051.93,4051.92,4051.92,0.9933,real_binance
2026-07-25T04:15:00+00:00,4051.92,4051.93,4051.92,4051.93,0.5953,real_binance
2026-07-25T04:30:00+00:00,4051.92,4051.93,4051.92,4051.93,0.3647,real_binance
2026-07-25T04:45:00+00:00,4051.93,4051.93,4051.92,4051.92,1.6433,real_binance
2026-07-25T05:00:00+00:00,4051.93,4051.93,4051.92,4051.93,1.6067,real_binance
2026-07-25T05:15:00+00:00,4051.93,4051.93,4051.92,4051.93,0.5586,real_binance
2026-07-25T05:30:00+00:00,4051.93,4051.93,4051.92,4051.93,0.1716,real_binance
2026-07-25T05:45:00+00:00,4051.92,4051.93,4051.92,4051.92,0.7777,real_binance
2026-07-25T06:00:00+00:00,4051.92,4051.93,4051.92,4051.92,0.9564,real_binance
2026-07-25T06:15:00+00:00,4051.92,4051.93,4051.92,4051.92,1.3082,real_binance
2026-07-25T06:30:00+00:00,4051.93,4052.44,4051.93,4052.34,13.0234,real_binance
2026-07-25T06:45:00+00:00,4052.34,4052.34,4052.33,4052.33,0.8849,real_binance
2026-07-25T07:00:00+00:00,4052.33,4052.34,4052.33,4052.33,0.5587,real_binance
2026-07-25T07:15:00+00:00,4052.33,4052.34,4052.33,4052.33,0.0792,real_binance
2026-07-25T07:30:00+00:00,4052.33,4052.33,4051.6,4051.6,1.7463,real_binance
2026-07-25T07:45:00+00:00,4051.61,4051.61,4051.6,4051.6,0.5268,real_binance
2026-07-25T08:00:00+00:00,4051.61,4051.61,4051.6,4051.6,1.2505,real_binance
2026-07-25T08:15:00+00:00,4051.6,4051.61,4051.56,4051.57,0.9637,real_binance
2026-07-25T08:30:00+00:00,4051.56,4051.57,4051.37,4051.38,1.0201,real_binance
2026-07-25T08:45:00+00:00,4051.37,4051.38,4051.37,4051.37,2.3141,real_binance
2026-07-25T09:00:00+00:00,4051.38,4051.38,4051.37,4051.37,3.0336,real_binance
2026-07-25T09:15:00+00:00,4051.37,4051.38,4051.37,4051.38,1.333,real_binance
2026-07-25T09:30:00+00:00,4051.38,4051.38,4051.37,4051.37,0.5681,real_binance
2026-07-25T09:45:00+00:00,4051.37,4051.38,4051.37,4051.38,0.218,real_binance
2026-07-25T10:00:00+00:00,4051.38,4051.38,4050.0,4050.01,4.461,real_binance
2026-07-25T10:15:00+00:00,4050.01,4050.52,4050.0,4050.0,14.0343,real_binance
2026-07-25T10:30:00+00:00,4050.0,4050.42,4049.92,4050.3,7.5986,real_binance
2026-07-25T10:45:00+00:00,4050.3,4051.6,4050.29,4051.6,4.3218,real_binance
2026-07-25T11:00:00+00:00,4051.6,4052.02,4051.53,4051.53,5.2866,real_binance
2026-07-25T11:15:00+00:00,4051.53,4051.54,4051.53,4051.53,0.8206,real_binance
2026-07-25T11:30:00+00:00,4051.53,4051.8,4051.53,4051.54,1.1663,real_binance
2026-07-25T11:45:00+00:00,4051.53,4051.54,4051.53,4051.54,0.5497,real_binance
2026-07-25T12:00:00+00:00,4051.54,4051.68,4051.53,4051.68,1.3369,real_binance
2026-07-25T12:15:00+00:00,4051.68,4051.68,4051.67,4051.68,1.9061,real_binance
2026-07-25T12:30:00+00:00,4051.68,4051.68,4051.67,4051.68,1.3683,real_binance
2026-07-25T12:45:00+00:00,4051.68,4051.68,4051.67,4051.68,0.9879,real_binance
2026-07-25T13:00:00+00:00,4051.67,4051.68,4051.67,4051.68,0.4956,real_binance
2026-07-25T13:15:00+00:00,4051.68,4051.88,4051.67,4051.88,0.3916,real_binance
2026-07-25T13:30:00+00:00,4051.88,4053.76,4051.75,4053.0,22.9804,real_binance
2026-07-25T13:45:00+00:00,4052.99,4052.99,4052.7,4052.71,1.2799,real_binance
2026-07-25T14:00:00+00:00,4052.7,4052.71,4052.37,4052.37,5.7668,real_binance
2026-07-25T14:15:00+00:00,4052.37,4052.37,4052.36,4052.36,2.1544,real_binance
2026-07-25T14:30:00+00:00,4052.37,4054.42,4052.36,4053.82,16.9511,real_binance
2026-07-25T14:45:00+00:00,4053.82,4054.38,4053.81,4053.81,3.4394,real_binance
2026-07-25T15:00:00+00:00,4053.82,4054.28,4053.76,4053.96,2.653,real_binance
2026-07-25T15:15:00+00:00,4053.96,4053.96,4053.17,4053.17,4.7546,real_binance
2026-07-25T15:30:00+00:00,4053.17,4053.67,4053.17,4053.47,2.5271,real_binance
2026-07-25T15:45:00+00:00,4053.47,4054.28,4053.47,4054.28,1.9734,real_binance
2026-07-25T16:00:00+00:00,4054.28,4054.28,4053.21,4053.44,3.5364,real_binance
2026-07-25T16:15:00+00:00,4053.43,4053.44,4052.63,4052.63,0.449,real_binance
2026-07-25T16:30:00+00:00,4052.62,4053.85,4052.62,4053.85,0.6797,real_binance
2026-07-25T16:45:00+00:00,4053.84,4053.85,4053.84,4053.84,0.163,real_binance
2026-07-25T17:00:00+00:00,4053.85,4053.85,4053.84,4053.84,2.3201,real_binance
2026-07-25T17:15:00+00:00,4053.84,4054.19,4053.84,4054.18,4.1252,real_binance
2026-07-25T17:30:00+00:00,4054.18,4054.19,4054.18,4054.18,0.4261,real_binance
2026-07-25T17:45:00+00:00,4054.19,4054.19,4054.18,4054.18,1.2135,real_binance
2026-07-25T18:00:00+00:00,4054.19,4055.79,4054.19,4055.79,3.7789,real_binance
2026-07-25T18:15:00+00:00,4055.79,4055.79,4055.78,4055.79,1.5943,real_binance
2026-07-25T18:30:00+00:00,4055.78,4056.15,4055.78,4056.15,2.5624,real_binance
2026-07-25T18:45:00+00:00,4056.14,4056.15,4056.14,4056.15,0.7513,real_binance
2026-07-25T19:00:00+00:00,4056.15,4056.15,4055.78,4055.79,3.6347,real_binance
2026-07-25T19:15:00+00:00,4055.79,4055.79,4053.85,4054.39,9.1517,real_binance
2026-07-25T19:30:00+00:00,4054.39,4054.39,4054.38,4054.39,0.4668,real_binance
2026-07-25T19:45:00+00:00,4054.39,4054.39,4054.38,4054.38,0.1834,real_binance
2026-07-25T20:00:00+00:00,4054.39,4054.68,4054.39,4054.68,1.2138,real_binance
2026-07-25T20:15:00+00:00,4054.67,4054.68,4053.84,4053.85,2.4182,real_binance
2026-07-25T20:30:00+00:00,4053.84,4053.85,4053.84,4053.85,1.0942,real_binance
2026-07-25T20:45:00+00:00,4053.84,4055.41,4053.84,4055.18,10.6116,real_binance
2026-07-25T21:00:00+00:00,4055.19,4055.19,4055.18,4055.19,1.0419,real_binance
2026-07-25T21:15:00+00:00,4055.18,4056.01,4055.0,4055.45,3.5084,real_binance
2026-07-25T21:30:00+00:00,4055.46,4056.38,4055.35,4055.36,3.9306,real_binance
2026-07-25T21:45:00+00:00,4055.36,4055.55,4055.35,4055.55,0.9063,real_binance
2026-07-25T22:00:00+00:00,4055.56,4056.01,4055.56,4056.01,1.0775,real_binance
2026-07-25T22:15:00+00:00,4056.01,4056.73,4056.01,4056.72,3.4234,real_binance
2026-07-25T22:30:00+00:00,4056.73,4056.73,4056.2,4056.21,2.156,real_binance
2026-07-25T22:45:00+00:00,4056.2,4056.4,4055.65,4055.66,6.1474,real_binance
2026-07-25T23:00:00+00:00,4055.66,4056.22,4055.65,4055.65,1.6954,real_binance
2026-07-25T23:15:00+00:00,4055.63,4055.63,4055.46,4055.48,4.7874,real_binance
2026-07-25T23:30:00+00:00,4055.48,4055.48,4055.47,4055.48,3.2075,real_binance
2026-07-25T23:45:00+00:00,4055.48,4055.48,4055.47,4055.48,0.1619,real_binance
2026-07-26T00:00:00+00:00,4055.48,4055.48,4054.64,4054.65,3.3757,real_binance
2026-07-26T00:15:00+00:00,4054.65,4054.65,4054.23,4054.24,1.2184,real_binance
2026-07-26T00:30:00+00:00,4054.24,4054.24,4054.23,4054.23,0.8186,real_binance
2026-07-26T00:45:00+00:00,4054.23,4054.24,4054.23,4054.24,0.3589,real_binance
2026-07-26T01:00:00+00:00,4054.24,4054.26,4054.23,4054.26,1.1708,real_binance
2026-07-26T01:15:00+00:00,4054.25,4054.26,4054.25,4054.26,0.1673,real_binance
2026-07-26T01:30:00+00:00,4054.25,4054.26,4054.25,4054.25,0.0865,real_binance
2026-07-26T01:45:00+00:00,4054.25,4054.65,4054.25,4054.65,2.6765,real_binance
2026-07-26T02:00:00+00:00,4054.64,4054.65,4054.64,4054.65,0.2082,real_binance
2026-07-26T02:15:00+00:00,4054.65,4054.95,4054.64,4054.64,6.1065,real_binance
2026-07-26T02:30:00+00:00,4054.64,4054.65,4054.64,4054.64,0.5027,real_binance
2026-07-26T02:45:00+00:00,4054.64,4054.65,4054.64,4054.65,6.1936,real_binance
2026-07-26T03:00:00+00:00,4054.65,4054.65,4054.64,4054.65,0.1771,real_binance
2026-07-26T03:15:00+00:00,4054.65,4054.94,4054.64,4054.94,1.14,real_binance
2026-07-26T03:30:00+00:00,4054.94,4055.06,4054.94,4055.05,0.5723,real_binance
2026-07-26T03:45:00+00:00,4055.06,4055.34,4055.05,4055.15,2.163,real_binance
2026-07-26T04:00:00+00:00,4055.14,4055.15,4055.14,4055.14,1.4626,real_binance
2026-07-26T04:15:00+00:00,4055.14,4055.83,4055.14,4055.83,6.4819,real_binance
2026-07-26T04:30:00+00:00,4055.82,4056.1,4055.82,4056.1,3.0676,real_binance
2026-07-26T04:45:00+00:00,4056.91,4056.92,4056.91,4056.92,2.0953,real_binance
2026-07-26T05:00:00+00:00,4056.92,4057.93,4056.91,4057.68,4.4616,real_binance
2026-07-26T05:15:00+00:00,4057.68,4057.69,4056.95,4056.95,0.5909,real_binance
2026-07-26T05:30:00+00:00,4056.95,4056.95,4055.37,4055.38,13.703,real_binance
2026-07-26T05:45:00+00:00,4055.38,4057.23,4055.38,4057.23,11.5404,real_binance
2026-07-26T06:00:00+00:00,4057.23,4057.23,4057.05,4057.05,1.8183,real_binance
2026-07-26T06:15:00+00:00,4057.06,4057.06,4055.17,4055.18,2.5303,real_binance
2026-07-26T06:30:00+00:00,4055.19,4055.39,4055.11,4055.12,8.159,real_binance
2026-07-26T06:45:00+00:00,4055.11,4055.82,4055.11,4055.82,2.9138,real_binance
2026-07-26T07:00:00+00:00,4055.82,4056.48,4055.81,4056.26,5.5977,real_binance
2026-07-26T07:15:00+00:00,4056.26,4056.26,4055.62,4055.62,1.2415,real_binance
2026-07-26T07:30:00+00:00,4055.47,4055.47,4055.46,4055.47,0.6434,real_binance
2026-07-26T07:45:00+00:00,4055.46,4055.47,4055.46,4055.46,1.6398,real_binance
2026-07-26T08:00:00+00:00,4055.46,4055.87,4055.46,4055.61,9.6874,real_binance
2026-07-26T08:15:00+00:00,4055.6,4056.64,4055.6,4056.64,5.8619,real_binance
2026-07-26T08:30:00+00:00,4056.64,4056.64,4056.63,4056.64,0.8648,real_binance
2026-07-26T08:45:00+00:00,4056.64,4056.77,4056.63,4056.77,2.4191,real_binance
2026-07-26T09:00:00+00:00,4056.77,4056.77,4056.76,4056.76,0.5677,real_binance
2026-07-26T09:15:00+00:00,4056.76,4056.77,4056.76,4056.77,1.1543,real_binance
2026-07-26T09:30:00+00:00,4056.77,4056.77,4056.76,4056.76,1.1245,real_binance
2026-07-26T09:45:00+00:00,4056.77,4056.77,4056.64,4056.65,3.4482,real_binance
2026-07-26T10:00:00+00:00,4056.64,4058.81,4056.56,4058.29,22.3397,real_binance
2026-07-26T10:15:00+00:00,4058.71,4058.71,4057.47,4057.96,7.0553,real_binance
2026-07-26T10:30:00+00:00,4057.97,4059.98,4057.97,4059.69,25.436,real_binance
2026-07-26T10:45:00+00:00,4059.7,4059.73,4059.03,4059.72,9.0099,real_binance
2026-07-26T11:00:00+00:00,4059.72,4059.72,4059.15,4059.15,7.1701,real_binance
2026-07-26T11:15:00+00:00,4059.16,4059.97,4057.98,4057.99,2.7552,real_binance
2026-07-26T11:30:00+00:00,4057.82,4057.82,4057.72,4057.73,2.0488,real_binance
2026-07-26T11:45:00+00:00,4057.73,4058.73,4056.55,4058.13,9.5818,real_binance
2026-07-26T12:00:00+00:00,4058.14,4058.69,4058.13,4058.54,2.0635,real_binance
2026-07-26T12:15:00+00:00,4058.53,4058.53,4057.42,4058.15,8.5467,real_binance
2026-07-26T12:30:00+00:00,4058.48,4058.48,4057.72,4057.72,4.1736,real_binance
2026-07-26T12:45:00+00:00,4057.72,4057.93,4057.72,4057.73,5.8771,real_binance
2026-07-26T13:00:00+00:00,4057.73,4057.73,4057.72,4057.73,1.3428,real_binance
2026-07-26T13:15:00+00:00,4057.73,4058.76,4057.73,4058.75,8.0237,real_binance
2026-07-26T13:30:00+00:00,4058.75,4059.86,4058.55,4059.86,6.6101,real_binance
2026-07-26T13:45:00+00:00,4059.85,4059.86,4059.26,4059.26,7.241,real_binance
2026-07-26T14:00:00+00:00,4059.26,4060.47,4059.26,4060.04,6.9985,real_binance
2026-07-26T14:15:00+00:00,4060.04,4060.22,4059.0,4059.48,11.3186,real_binance
2026-07-26T14:30:00+00:00,4059.48,4059.48,4059.47,4059.47,8.4452,real_binance
2026-07-26T14:45:00+00:00,4059.48,4060.71,4059.47,4060.21,10.7652,real_binance
2026-07-26T15:00:00+00:00,4060.21,4060.67,4060.1,4060.11,17.8623,real_binance
2026-07-26T15:15:00+00:00,4060.11,4060.73,4060.11,4060.73,9.8135,real_binance
2026-07-26T15:30:00+00:00,4060.73,4063.17,4060.32,4061.88,68.9596,real_binance
2026-07-26T15:45:00+00:00,4061.9,4063.16,4061.59,4061.86,72.0421,real_binance
2026-07-26T16:00:00+00:00,4061.85,4064.64,4061.85,4062.47,19.3174,real_binance
2026-07-26T16:15:00+00:00,4062.47,4065.47,4062.47,4065.36,18.8777,real_binance
2026-07-26T16:30:00+00:00,4065.37,4065.37,4064.16,4065.2,8.2829,real_binance
2026-07-26T16:45:00+00:00,4065.2,4065.21,4063.01,4063.01,4.3947,real_binance
2026-07-26T17:00:00+00:00,4063.01,4063.01,4061.93,4062.59,9.3916,real_binance
2026-07-26T17:15:00+00:00,4062.59,4062.59,4061.41,4061.95,12.9467,real_binance
2026-07-26T17:30:00+00:00,4061.82,4061.82,4061.48,4061.8,2.1642,real_binance
2026-07-26T17:45:00+00:00,4061.8,4063.6,4061.8,4062.67,6.5656,real_binance
2026-07-26T18:00:00+00:00,4062.68,4062.68,4062.02,4062.02,1.9893,real_binance
2026-07-26T18:15:00+00:00,4062.02,4062.03,4062.02,4062.03,0.633,real_binance
2026-07-26T18:30:00+00:00,4062.03,4062.11,4062.03,4062.11,2.1201,real_binance
2026-07-26T18:45:00+00:00,4062.1,4062.51,4062.1,4062.51,2.862,real_binance
2026-07-26T19:00:00+00:00,4062.51,4062.51,4062.31,4062.32,1.967,real_binance
2026-07-26T19:15:00+00:00,4062.31,4062.43,4062.24,4062.42,1.3473,real_binance
2026-07-26T19:30:00+00:00,4062.43,4062.43,4062.25,4062.25,1.7403,real_binance
2026-07-26T19:45:00+00:00,4062.25,4062.26,4062.04,4062.04,3.2453,real_binance
2026-07-26T20:00:00+00:00,4062.04,4062.08,4062.04,4062.07,6.2028,real_binance
2026-07-26T20:15:00+00:00,4062.07,4062.1,4062.06,4062.09,2.9521,real_binance
2026-07-26T20:30:00+00:00,4062.1,4062.25,4062.09,4062.25,8.4779,real_binance
2026-07-26T20:45:00+00:00,4062.31,4062.8,4062.31,4062.63,5.4102,real_binance
2026-07-26T21:00:00+00:00,4062.63,4065.47,4062.63,4065.47,4.9225,real_binance
2026-07-26T21:15:00+00:00,4065.47,4069.56,4065.45,4069.56,14.8897,real_binance
2026-07-26T21:30:00+00:00,4069.56,4071.27,4069.55,4070.0,8.383,real_binance
2026-07-26T21:45:00+00:00,4070.0,4071.99,4069.64,4071.99,20.5368,real_binance
2026-07-26T22:00:00+00:00,4071.72,4091.48,4071.71,4083.67,542.1677,real_binance
2026-07-26T22:15:00+00:00,4083.89,4085.17,4080.01,4082.66,27.9588,real_binance
2026-07-26T22:30:00+00:00,4082.47,4087.95,4082.05,4086.69,27.2035,real_binance
2026-07-26T22:45:00+00:00,4086.7,4088.26,4084.73,4086.06,24.3273,real_binance
2026-07-26T23:00:00+00:00,4084.96,4086.59,4080.69,4080.71,18.2852,real_binance
2026-07-26T23:15:00+00:00,4080.08,4080.96,4078.44,4079.15,8.6483,real_binance
2026-07-26T23:30:00+00:00,4079.15,4083.04,4079.15,4083.04,5.4759,real_binance
2026-07-26T23:45:00+00:00,4083.09,4089.85,4082.9,4087.85,4.9317,real_binance
2026-07-27T00:00:00+00:00,4087.85,4109.58,4087.85,4109.54,258.5672,real_binance
2026-07-27T00:15:00+00:00,4109.54,4109.54,4085.31,4088.1,60.9007,real_binance
2026-07-27T00:30:00+00:00,4087.59,4096.13,4087.59,4093.1,12.993,real_binance
2026-07-27T00:45:00+00:00,4093.59,4102.57,4093.59,4094.16,27.946,real_binance
2026-07-27T01:00:00+00:00,4094.79,4105.0,4094.78,4102.11,198.5771,real_binance
2026-07-27T01:15:00+00:00,4101.58,4102.54,4090.76,4093.24,32.6594,real_binance
2026-07-27T01:30:00+00:00,4093.51,4097.25,4092.03,4096.25,9.951,real_binance
2026-07-27T01:45:00+00:00,4096.62,4103.0,4096.62,4103.0,16.5371,real_binance
2026-07-27T02:00:00+00:00,4103.0,4103.66,4097.26,4099.12,12.4997,real_binance
2026-07-27T02:15:00+00:00,4099.12,4099.13,4095.84,4096.72,4.6815,real_binance
2026-07-27T02:30:00+00:00,4096.07,4096.07,4089.49,4089.94,9.5987,real_binance
2026-07-27T02:45:00+00:00,4089.94,4090.48,4087.98,4087.98,4.769,real_binance
2026-07-27T03:00:00+00:00,4087.86,4089.69,4083.96,4085.14,5.2036,real_binance
2026-07-27T03:15:00+00:00,4085.03,4087.41,4080.62,4080.62,8.7223,real_binance
2026-07-27T03:30:00+00:00,4080.62,4085.04,4080.61,4085.04,7.4538,real_binance
2026-07-27T03:45:00+00:00,4084.65,4084.82,4083.29,4084.76,10.6317,real_binance
2026-07-27T04:00:00+00:00,4084.82,4086.82,4083.42,4084.66,4.9386,real_binance
2026-07-27T04:15:00+00:00,4084.14,4084.15,4081.46,4083.06,4.1042,real_binance
2026-07-27T04:30:00+00:00,4084.12,4086.68,4084.12,4085.05,3.587,real_binance
2026-07-27T04:45:00+00:00,4084.94,4085.6,4084.4,4084.42,4.8274,real_binance
2026-07-27T05:00:00+00:00,4084.41,4089.76,4084.06,4089.19,7.7178,real_binance
2026-07-27T05:15:00+00:00,4089.19,4089.19,4081.34,4082.5,9.1279,real_binance
2026-07-27T05:30:00+00:00,4082.14,4085.03,4080.94,4082.56,9.0201,real_binance
2026-07-27T05:45:00+00:00,4082.62,4087.44,4080.19,4087.06,34.5741,real_binance
2026-07-27T06:00:00+00:00,4087.43,4090.06,4086.61,4088.86,21.8606,real_binance
2026-07-27T06:15:00+00:00,4088.88,4090.76,4085.79,4090.15,10.807,real_binance
2026-07-27T06:30:00+00:00,4090.14,4093.11,4089.44,4092.86,19.4055,real_binance
2026-07-27T06:45:00+00:00,4093.01,4093.01,4089.48,4090.87,9.1259,real_binance
2026-07-27T07:00:00+00:00,4091.59,4095.43,4090.82,4095.43,8.193,real_binance
2026-07-27T07:15:00+00:00,4095.43,4099.68,4094.23,4097.68,27.4861,real_binance
2026-07-27T07:30:00+00:00,4097.28,4097.29,4090.1,4091.25,16.7559,real_binance
2026-07-27T07:45:00+00:00,4091.83,4092.16,4083.39,4083.39,5.6941,real_binance
2026-07-27T08:00:00+00:00,4083.09,4086.17,4081.88,4085.41,11.7398,real_binance
2026-07-27T08:15:00+00:00,4085.11,4086.61,4083.34,4086.2,32.9066,real_binance
2026-07-27T08:30:00+00:00,4084.72,4086.59,4082.11,4085.7,8.4227,real_binance
2026-07-27T08:45:00+00:00,4085.69,4090.61,4085.69,4090.6,5.1523,real_binance
2026-07-27T09:00:00+00:00,4089.9,4091.77,4088.44,4089.28,18.262,real_binance
2026-07-27T09:15:00+00:00,4087.83,4089.49,4085.65,4085.65,5.2562,real_binance
2026-07-27T09:30:00+00:00,4085.64,4088.59,4084.78,4088.46,6.1158,real_binance
2026-07-27T09:45:00+00:00,4088.31,4094.05,4088.31,4091.34,13.2494,real_binance
2026-07-27T10:00:00+00:00,4091.13,4091.13,4082.36,4086.09,5.1304,real_binance
2026-07-27T10:15:00+00:00,4085.8,4088.67,4084.6,4087.99,11.4858,real_binance
2026-07-27T10:30:00+00:00,4088.0,4096.02,4088.0,4096.02,29.6626,real_binance
2026-07-27T10:45:00+00:00,4095.07,4095.89,4093.54,4094.01,7.5153,real_binance
2026-07-27T11:00:00+00:00,4094.01,4098.29,4091.97,4097.24,14.0909,real_binance
2026-07-27T11:15:00+00:00,4096.72,4097.24,4091.72,4091.72,8.4266,real_binance
2026-07-27T11:30:00+00:00,4092.07,4093.66,4089.08,4090.28,16.6966,real_binance
2026-07-27T11:45:00+00:00,4090.29,4091.53,4088.26,4088.26,26.4127,real_binance
2026-07-27T12:00:00+00:00,4088.27,4091.21,4081.09,4082.31,21.5477,real_binance
2026-07-27T12:15:00+00:00,4082.31,4083.53,4076.4,4082.35,42.6224,real_binance
2026-07-27T12:30:00+00:00,4082.06,4082.63,4077.72,4080.54,15.6506,real_binance
2026-07-27T12:45:00+00:00,4080.99,4083.21,4076.37,4078.92,24.0535,real_binance
2026-07-27T13:00:00+00:00,4078.66,4083.34,4076.04,4079.81,18.8333,real_binance
2026-07-27T13:15:00+00:00,4079.43,4081.7,4070.62,4070.63,53.0376,real_binance
2026-07-27T13:30:00+00:00,4070.63,4084.19,4070.62,4081.46,17.0743,real_binance
2026-07-27T13:45:00+00:00,4082.92,4084.33,4066.42,4068.94,84.254,real_binance
2026-07-27T14:00:00+00:00,4068.94,4073.9,4066.45,4073.18,37.5725,real_binance
2026-07-27T14:15:00+00:00,4074.21,4074.21,4061.32,4062.55,297.7058,real_binance
2026-07-27T14:30:00+00:00,4062.55,4064.72,4060.69,4062.85,42.1153,real_binance
2026-07-27T14:45:00+00:00,4063.41,4072.0,4063.41,4072.0,25.9044,real_binance
2026-07-27T15:00:00+00:00,4071.93,4071.93,4066.61,4071.8,43.1985,real_binance
2026-07-27T15:15:00+00:00,4072.14,4074.65,4070.46,4072.07,255.234,real_binance
2026-07-27T15:30:00+00:00,4072.2,4073.13,4068.57,4071.27,41.4655,real_binance
2026-07-27T15:45:00+00:00,4071.69,4074.78,4071.03,4074.42,7.9304,real_binance
2026-07-27T16:00:00+00:00,4074.72,4079.8,4074.32,4077.56,5.7842,real_binance
2026-07-27T16:15:00+00:00,4077.33,4083.95,4075.95,4080.48,16.3749,real_binance
2026-07-27T16:30:00+00:00,4082.73,4089.05,4082.73,4083.67,19.2417,real_binance
2026-07-27T16:45:00+00:00,4083.67,4083.67,4078.15,4078.89,331.8141,real_binance
2026-07-27T17:00:00+00:00,4079.09,4079.09,4068.2,4071.03,54.3036,real_binance
2026-07-27T17:15:00+00:00,4069.92,4072.41,4069.45,4072.24,23.1308,real_binance
2026-07-27T17:30:00+00:00,4071.31,4072.12,4069.35,4070.74,13.8537,real_binance
2026-07-27T17:45:00+00:00,4070.74,4073.4,4070.26,4073.28,18.4406,real_binance
2026-07-27T18:00:00+00:00,4073.27,4075.52,4073.27,4073.47,6.4025,real_binance
2026-07-27T18:15:00+00:00,4073.47,4073.47,4070.87,4073.42,9.7483,real_binance
2026-07-27T18:30:00+00:00,4073.41,4075.17,4070.34,4073.08,56.4051,real_binance
2026-07-27T18:45:00+00:00,4072.43,4075.34,4071.32,4074.34,7.7598,real_binance
2026-07-27T19:00:00+00:00,4074.34,4077.46,4073.41,4076.83,5.9326,real_binance
2026-07-27T19:15:00+00:00,4076.82,4084.2,4076.02,4081.46,25.5664,real_binance
2026-07-27T19:30:00+00:00,4081.46,4082.92,4080.63,4082.47,24.4619,real_binance
2026-07-27T19:45:00+00:00,4082.47,4085.12,4078.59,4078.59,59.3833,real_binance
2026-07-27T20:00:00+00:00,4078.89,4079.18,4077.27,4077.43,51.6885,real_binance
2026-07-27T20:15:00+00:00,4077.44,4077.44,4074.21,4074.21,30.778,real_binance
2026-07-27T20:30:00+00:00,4074.0,4074.01,4070.54,4072.85,93.5282,real_binance
2026-07-27T20:45:00+00:00,4072.48,4072.48,4070.96,4072.03,68.5252,real_binance
2026-07-27T21:00:00+00:00,4071.76,4074.95,4071.01,4074.48,97.6344,real_binance
2026-07-27T21:15:00+00:00,4074.49,4074.49,4072.36,4072.74,45.6094,real_binance
2026-07-27T21:30:00+00:00,4072.74,4072.74,4070.41,4070.72,71.1884,real_binance
2026-07-27T21:45:00+00:00,4070.72,4070.72,4069.3,4069.92,62.8244,real_binance
2026-07-27T22:00:00+00:00,4069.92,4074.91,4069.92,4071.75,80.6334,real_binance
2026-07-27T22:15:00+00:00,4072.15,4072.15,4066.0,4067.67,109.0372,real_binance
2026-07-27T22:30:00+00:00,4067.67,4069.18,4067.67,4069.05,28.9087,real_binance
2026-07-27T22:45:00+00:00,4069.05,4069.06,4066.76,4067.55,39.5522,real_binance
2026-07-27T23:00:00+00:00,4067.55,4068.47,4063.62,4068.47,112.547,real_binance
2026-07-27T23:15:00+00:00,4068.23,4068.68,4067.04,4067.36,11.1332,real_binance
2026-07-27T23:30:00+00:00,4067.35,4067.66,4066.01,4066.02,14.1072,real_binance
2026-07-27T23:45:00+00:00,4066.31,4066.84,4063.8,4066.84,49.1813,real_binance
2026-07-28T00:00:00+00:00,4067.06,4067.55,4057.69,4061.72,70.5896,real_binance
2026-07-28T00:15:00+00:00,4061.91,4061.91,4055.38,4056.18,11.9789,real_binance
2026-07-28T00:30:00+00:00,4056.72,4060.39,4055.95,4060.08,8.5589,real_binance
2026-07-28T00:45:00+00:00,4060.08,4060.08,4052.1,4052.61,13.8522,real_binance
2026-07-28T01:00:00+00:00,4052.68,4054.89,4049.37,4052.63,41.5982,real_binance
2026-07-28T01:15:00+00:00,4052.63,4053.41,4041.83,4043.27,20.8944,real_binance
2026-07-28T01:30:00+00:00,4043.63,4045.61,4039.49,4042.35,155.8497,real_binance
2026-07-28T01:45:00+00:00,4042.95,4042.95,4038.01,4039.35,25.4331,real_binance
2026-07-28T02:00:00+00:00,4039.77,4042.24,4037.83,4041.77,20.3085,real_binance
2026-07-28T02:15:00+00:00,4041.34,4043.0,4040.73,4041.09,15.0883,real_binance
2026-07-28T02:30:00+00:00,4041.09,4042.2,4037.57,4039.14,13.1794,real_binance
2026-07-28T02:45:00+00:00,4039.15,4040.25,4036.72,4037.67,8.9272,real_binance
2026-07-28T03:00:00+00:00,4037.67,4041.98,4036.26,4041.63,9.4601,real_binance
2026-07-28T03:15:00+00:00,4041.62,4043.66,4041.0,4042.6,21.818,real_binance
2026-07-28T03:30:00+00:00,4043.46,4045.87,4043.46,4043.47,7.5039,real_binance
2026-07-28T03:45:00+00:00,4043.62,4045.49,4043.62,4044.38,1.98,real_binance
2026-07-28T04:00:00+00:00,4044.03,4044.5,4040.0,4040.0,10.7158,real_binance
2026-07-28T04:15:00+00:00,4040.0,4043.05,4040.0,4042.46,2.44,real_binance
2026-07-28T04:30:00+00:00,4042.45,4042.67,4040.51,4042.67,5.1693,real_binance
2026-07-28T04:45:00+00:00,4043.04,4043.05,4037.31,4037.32,12.9693,real_binance
2026-07-28T05:00:00+00:00,4037.89,4039.5,4036.26,4037.94,20.0769,real_binance
2026-07-28T05:15:00+00:00,4037.95,4039.37,4036.91,4038.39,13.3373,real_binance
2026-07-28T05:30:00+00:00,4038.72,4040.44,4031.63,4036.35,27.0054,real_binance
2026-07-28T05:45:00+00:00,4037.88,4041.52,4036.91,4041.46,2.0274,real_binance
2026-07-28T06:00:00+00:00,4041.02,4042.5,4039.77,4040.26,3.0159,real_binance
2026-07-28T06:15:00+00:00,4040.74,4044.46,4040.36,4043.28,4.8958,real_binance
2026-07-28T06:30:00+00:00,4043.23,4047.62,4043.23,4046.78,12.8529,real_binance
2026-07-28T06:45:00+00:00,4046.0,4047.07,4044.5,4044.85,4.2902,real_binance
2026-07-28T07:00:00+00:00,4044.86,4046.34,4043.86,4045.04,2.1019,real_binance
2026-07-28T07:15:00+00:00,4045.03,4047.91,4045.03,4046.82,5.2967,real_binance
2026-07-28T07:30:00+00:00,4046.11,4046.33,4045.0,4045.27,4.175,real_binance
2026-07-28T07:45:00+00:00,4045.25,4045.25,4042.24,4042.45,2.8409,real_binance
2026-07-28T08:00:00+00:00,4042.48,4049.41,4040.19,4040.41,9.6934,real_binance
2026-07-28T08:15:00+00:00,4040.42,4046.98,4040.42,4045.45,15.8421,real_binance
2026-07-28T08:30:00+00:00,4045.92,4045.92,4039.47,4040.19,24.2599,real_binance
2026-07-28T08:45:00+00:00,4039.8,4042.15,4039.51,4041.82,158.9055,real_binance
2026-07-28T09:00:00+00:00,4041.83,4042.18,4038.42,4038.42,18.6311,real_binance
2026-07-28T09:15:00+00:00,4038.61,4040.08,4036.25,4036.45,6.1514,real_binance
2026-07-28T09:30:00+00:00,4036.45,4036.45,4027.01,4030.0,38.5732,real_binance
2026-07-28T09:45:00+00:00,4029.99,4030.67,4017.05,4020.11,89.2226,real_binance
2026-07-28T10:00:00+00:00,4020.07,4023.68,4018.41,4020.97,13.4412,real_binance
2026-07-28T10:15:00+00:00,4021.33,4022.69,4015.12,4015.35,31.9058,real_binance
2026-07-28T10:30:00+00:00,4015.34,4020.18,4015.32,4019.69,23.6029,real_binance
2026-07-28T10:45:00+00:00,4020.15,4025.41,4020.15,4023.54,19.6751,real_binance
2026-07-28T11:00:00+00:00,4023.54,4025.67,4021.25,4021.53,8.5328,real_binance
2026-07-28T11:15:00+00:00,4021.53,4027.88,4021.53,4023.97,22.5215,real_binance
2026-07-28T11:30:00+00:00,4024.25,4027.87,4023.61,4024.0,15.7219,real_binance
2026-07-28T11:45:00+00:00,4024.0,4024.2,4020.95,4024.2,14.7787,real_binance
2026-07-28T12:00:00+00:00,4024.61,4024.66,4020.4,4024.19,22.8243,real_binance
2026-07-28T12:15:00+00:00,4023.75,4030.99,4023.1,4030.55,8.3969,real_binance
2026-07-28T12:30:00+00:00,4030.92,4031.16,4022.96,4029.89,47.6625,real_binance
2026-07-28T12:45:00+00:00,4029.71,4033.33,4025.01,4026.25,27.185,real_binance
2026-07-28T13:00:00+00:00,4026.05,4031.33,4025.83,4029.11,10.6526,real_binance
2026-07-28T13:15:00+00:00,4029.12,4031.62,4025.71,4025.71,12.0932,real_binance
2026-07-28T13:30:00+00:00,4025.71,4028.72,4017.01,4020.5,43.8678,real_binance
2026-07-28T13:45:00+00:00,4020.9,4024.59,4018.77,4018.77,42.5112,real_binance
2026-07-28T14:00:00+00:00,4018.78,4028.87,4018.78,4022.31,30.2784,real_binance
2026-07-28T14:15:00+00:00,4022.55,4022.55,4009.18,4017.76,27.105,real_binance
2026-07-28T14:30:00+00:00,4018.47,4021.67,4016.82,4019.79,13.2067,real_binance
2026-07-28T14:45:00+00:00,4019.46,4026.2,4018.04,4021.82,6.5784,real_binance
2026-07-28T15:00:00+00:00,4021.22,4033.7,4020.41,4031.66,206.9176,real_binance
2026-07-28T15:15:00+00:00,4031.23,4038.15,4029.96,4032.99,54.7309,real_binance
2026-07-28T15:30:00+00:00,4033.25,4039.61,4030.0,4038.55,14.4248,real_binance
2026-07-28T15:45:00+00:00,4038.91,4044.22,4038.91,4044.01,42.0593,real_binance
2026-07-28T16:00:00+00:00,4044.01,4044.01,4039.87,4042.25,19.281,real_binance
2026-07-28T16:15:00+00:00,4041.6,4042.8,4039.99,4039.99,11.516,real_binance
2026-07-28T16:30:00+00:00,4039.78,4040.88,4037.33,4037.57,7.9603,real_binance
2026-07-28T16:45:00+00:00,4037.58,4037.58,4034.45,4034.56,10.831,real_binance
2026-07-28T17:00:00+00:00,4034.79,4037.18,4033.01,4033.26,15.6376,real_binance
2026-07-28T17:15:00+00:00,4033.72,4038.13,4032.97,4034.87,14.2059,real_binance
2026-07-28T17:30:00+00:00,4034.44,4034.44,4025.85,4025.85,6.6463,real_binance
2026-07-28T17:45:00+00:00,4025.86,4027.02,4023.86,4025.49,8.858,real_binance
2026-07-28T18:00:00+00:00,4025.49,4027.65,4025.49,4026.12,3.7959,real_binance
2026-07-28T18:15:00+00:00,4026.12,4026.81,4023.79,4024.56,7.2769,real_binance
2026-07-28T18:30:00+00:00,4024.56,4024.57,4021.12,4021.95,5.3812,real_binance
2026-07-28T18:45:00+00:00,4021.94,4023.21,4020.0,4020.79,11.1664,real_binance
2026-07-28T19:00:00+00:00,4020.8,4023.18,4020.68,4022.73,5.917,real_binance
2026-07-28T19:15:00+00:00,4022.73,4023.06,4019.68,4020.86,72.9287,real_binance
2026-07-28T19:30:00+00:00,4020.86,4024.94,4020.86,4022.92,37.3759,real_binance
2026-07-28T19:45:00+00:00,4022.93,4024.29,4022.93,4023.36,30.4067,real_binance
2026-07-28T20:00:00+00:00,4023.32,4023.32,4020.39,4021.58,31.4103,real_binance
2026-07-28T20:15:00+00:00,4021.58,4024.0,4021.46,4023.99,34.0946,real_binance
2026-07-28T20:30:00+00:00,4023.99,4026.42,4023.99,4026.42,62.948,real_binance
2026-07-28T20:45:00+00:00,4026.54,4026.74,4024.21,4025.21,26.8306,real_binance
2026-07-28T21:00:00+00:00,4025.2,4026.59,4025.2,4026.34,26.6085,real_binance
2026-07-28T21:15:00+00:00,4026.34,4027.47,4026.34,4027.19,27.2172,real_binance
2026-07-28T21:30:00+00:00,4027.19,4029.51,4027.0,4029.5,29.5115,real_binance
2026-07-28T21:45:00+00:00,4029.5,4029.59,4027.43,4027.43,41.4199,real_binance
2026-07-28T22:00:00+00:00,4027.43,4030.31,4022.72,4022.72,61.5631,real_binance
2026-07-28T22:15:00+00:00,4022.7,4022.7,4015.28,4017.41,41.724,real_binance
2026-07-28T22:30:00+00:00,4017.41,4017.42,4011.74,4014.93,41.9291,real_binance
2026-07-28T22:45:00+00:00,4014.93,4015.9,4013.19,4015.84,48.4783,real_binance
2026-07-28T23:00:00+00:00,4015.84,4019.76,4013.98,4019.76,36.8261,real_binance
2026-07-28T23:15:00+00:00,4019.76,4019.76,4012.95,4015.77,30.5279,real_binance
2026-07-28T23:30:00+00:00,4016.03,4020.0,4015.19,4020.0,30.3604,real_binance
2026-07-28T23:45:00+00:00,4020.12,4023.21,4017.33,4021.98,35.7235,real_binance
2026-07-29T00:00:00+00:00,4021.99,4023.02,4015.81,4017.37,52.3259,real_binance
2026-07-29T00:15:00+00:00,4017.59,4027.63,4017.59,4019.61,91.1071,real_binance
2026-07-29T00:30:00+00:00,4019.61,4023.98,4018.79,4022.51,43.4776,real_binance
2026-07-29T00:45:00+00:00,4022.63,4022.63,4017.86,4018.98,33.953,real_binance
2026-07-29T01:00:00+00:00,4018.98,4018.98,4008.23,4009.42,53.3498,real_binance
2026-07-29T01:15:00+00:00,4009.82,4016.96,4009.0,4015.67,33.9983,real_binance
2026-07-29T01:30:00+00:00,4015.67,4026.86,4012.67,4024.47,22.9886,real_binance
2026-07-29T01:45:00+00:00,4024.01,4024.92,4018.8,4022.17,24.8603,real_binance
2026-07-29T02:00:00+00:00,4022.17,4025.38,4020.4,4024.69,17.307,real_binance
2026-07-29T02:15:00+00:00,4024.69,4031.44,4023.17,4029.05,27.2821,real_binance
2026-07-29T02:30:00+00:00,4029.05,4033.89,4028.3,4031.32,16.2476,real_binance
2026-07-29T02:45:00+00:00,4031.33,4031.33,4026.38,4026.68,15.8171,real_binance
2026-07-29T03:00:00+00:00,4026.2,4029.1,4025.1,4025.1,27.6765,real_binance
2026-07-29T03:15:00+00:00,4025.1,4025.58,4023.07,4023.73,8.5302,real_binance
2026-07-29T03:30:00+00:00,4023.74,4025.82,4021.68,4022.51,9.6487,real_binance
2026-07-29T03:45:00+00:00,4022.7,4023.38,4019.98,4020.03,22.9331,real_binance
2026-07-29T04:00:00+00:00,4020.37,4021.49,4018.5,4019.52,19.3824,real_binance
2026-07-29T04:15:00+00:00,4018.87,4021.79,4017.39,4020.8,31.683,real_binance
2026-07-29T04:30:00+00:00,4020.37,4023.67,4020.37,4023.67,5.5364,real_binance
2026-07-29T04:45:00+00:00,4023.26,4024.24,4020.79,4023.49,16.3053,real_binance
2026-07-29T05:00:00+00:00,4023.9,4027.47,4023.89,4027.31,3.5233,real_binance
2026-07-29T05:15:00+00:00,4025.62,4027.11,4023.89,4026.39,3.3686,real_binance
2026-07-29T05:30:00+00:00,4027.31,4035.29,4026.93,4035.29,16.1098,real_binance
2026-07-29T05:45:00+00:00,4035.63,4035.63,4028.79,4031.62,10.4069,real_binance
2026-07-29T06:00:00+00:00,4030.17,4034.1,4030.17,4034.1,10.2533,real_binance
2026-07-29T06:15:00+00:00,4034.2,4038.24,4033.0,4037.25,37.8414,real_binance
2026-07-29T06:30:00+00:00,4037.07,4040.57,4037.07,4038.82,10.1427,real_binance
2026-07-29T06:45:00+00:00,4038.63,4038.63,4037.0,4037.43,2.2347,real_binance
2026-07-29T07:00:00+00:00,4038.3,4042.18,4038.3,4042.17,40.5821,real_binance
2026-07-29T07:15:00+00:00,4041.67,4043.48,4040.71,4041.37,12.1748,real_binance
2026-07-29T07:30:00+00:00,4041.65,4043.01,4041.38,4042.92,20.6913,real_binance
2026-07-29T07:45:00+00:00,4042.21,4042.77,4038.8,4039.22,19.3254,real_binance
2026-07-29T08:00:00+00:00,4039.8,4039.89,4035.82,4035.82,10.1357,real_binance
2026-07-29T08:15:00+00:00,4035.83,4037.78,4032.3,4033.11,11.4848,real_binance
2026-07-29T08:30:00+00:00,4033.12,4034.68,4032.23,4034.24,9.6478,real_binance
2026-07-29T08:45:00+00:00,4034.39,4035.49,4033.77,4033.77,14.659,real_binance
2026-07-29T09:00:00+00:00,4034.17,4034.17,4032.22,4032.6,19.4667,real_binance
2026-07-29T09:15:00+00:00,4032.6,4032.99,4030.61,4030.92,3.5497,real_binance
2026-07-29T09:30:00+00:00,4030.92,4031.5,4029.01,4031.5,8.8129,real_binance
2026-07-29T09:45:00+00:00,4031.5,4032.49,4029.19,4029.5,2.4256,real_binance
2026-07-29T10:00:00+00:00,4029.51,4030.69,4028.47,4028.87,17.0835,real_binance
2026-07-29T10:15:00+00:00,4028.86,4029.54,4027.03,4029.54,4.8026,real_binance
2026-07-29T10:30:00+00:00,4030.02,4030.85,4024.27,4024.72,9.4483,real_binance
2026-07-29T10:45:00+00:00,4024.72,4024.74,4023.43,4023.81,10.3671,real_binance
2026-07-29T11:00:00+00:00,4024.34,4026.55,4023.08,4026.18,6.4787,real_binance
2026-07-29T11:15:00+00:00,4026.56,4030.59,4026.56,4030.59,2.8649,real_binance
2026-07-29T11:30:00+00:00,4030.23,4030.23,4028.11,4028.61,2.4457,real_binance
2026-07-29T11:45:00+00:00,4028.63,4032.6,4028.63,4029.48,8.2078,real_binance
2026-07-29T12:00:00+00:00,4029.48,4029.91,4024.6,4024.6,22.574,real_binance
2026-07-29T12:15:00+00:00,4024.59,4024.59,4011.2,4011.2,55.2396,real_binance
2026-07-29T12:30:00+00:00,4011.19,4019.99,4008.01,4018.73,51.3586,real_binance
2026-07-29T12:45:00+00:00,4019.08,4020.32,4016.87,4019.52,16.2835,real_binance
2026-07-29T13:00:00+00:00,4019.99,4022.33,4013.4,4013.48,30.6689,real_binance
2026-07-29T13:15:00+00:00,4013.53,4020.14,4012.45,4012.45,14.0819,real_binance
2026-07-29T13:30:00+00:00,4012.55,4015.82,4009.31,4012.63,23.4572,real_binance
2026-07-29T13:45:00+00:00,4012.0,4013.75,4001.23,4006.16,81.4066,real_binance
2026-07-29T14:00:00+00:00,4006.17,4007.1,3996.65,3998.03,150.207,real_binance
2026-07-29T14:15:00+00:00,3998.27,4008.58,3998.27,4006.46,27.1619,real_binance
2026-07-29T14:30:00+00:00,4005.03,4007.98,4000.25,4001.08,24.4585,real_binance
2026-07-29T14:45:00+00:00,4001.09,4006.75,3998.69,4006.6,32.0605,real_binance
2026-07-29T15:00:00+00:00,4006.52,4009.84,4005.12,4008.17,8.6657,real_binance
2026-07-29T15:15:00+00:00,4008.18,4010.39,4005.63,4010.39,33.7596,real_binance
2026-07-29T15:30:00+00:00,4010.39,4012.78,4007.5,4009.5,15.0171,real_binance
2026-07-29T15:45:00+00:00,4009.87,4012.37,4008.32,4009.43,6.3568,real_binance
2026-07-29T16:00:00+00:00,4009.49,4014.07,4008.16,4010.55,11.4686,real_binance
2026-07-29T16:15:00+00:00,4010.0,4016.11,4008.47,4015.94,11.5153,real_binance
2026-07-29T16:30:00+00:00,4015.94,4016.84,4014.69,4015.29,6.5904,real_binance
2026-07-29T16:45:00+00:00,4015.64,4030.58,4014.71,4026.07,23.9176,real_binance
2026-07-29T17:00:00+00:00,4026.16,4047.61,4026.16,4039.03,55.5192,real_binance
2026-07-29T17:15:00+00:00,4039.24,4046.56,4035.18,4035.67,119.9489,real_binance
2026-07-29T17:30:00+00:00,4035.73,4043.12,4033.92,4043.12,10.517,real_binance
2026-07-29T17:45:00+00:00,4043.12,4044.68,4040.08,4041.5,14.6054,real_binance
2026-07-29T18:00:00+00:00,4042.56,4080.01,4041.18,4076.43,322.3182,real_binance
2026-07-29T18:15:00+00:00,4076.84,4077.99,4061.17,4062.91,68.9745,real_binance
2026-07-29T18:30:00+00:00,4063.69,4080.84,4049.87,4079.38,99.4403,real_binance
2026-07-29T18:45:00+00:00,4078.18,4101.82,4077.3,4099.85,234.7742,real_binance
2026-07-29T19:00:00+00:00,4101.24,4107.94,4084.88,4093.04,86.3596,real_binance
2026-07-29T19:15:00+00:00,4092.71,4097.28,4075.53,4078.57,50.8411,real_binance
2026-07-29T19:30:00+00:00,4078.58,4081.44,4061.0,4063.58,69.9182,real_binance
2026-07-29T19:45:00+00:00,4064.64,4066.23,4040.77,4042.07,141.0924,real_binance
2026-07-29T20:00:00+00:00,4041.51,4051.0,4040.42,4049.04,43.693,real_binance
2026-07-29T20:15:00+00:00,4048.65,4052.21,4042.12,4052.21,12.9525,real_binance
2026-07-29T20:30:00+00:00,4050.51,4063.11,4050.5,4063.1,7.9598,real_binance
2026-07-29T20:45:00+00:00,4062.6,4064.44,4060.4,4064.37,17.2653,real_binance
2026-07-29T21:00:00+00:00,4064.12,4064.12,4061.72,4063.55,32.2277,real_binance
2026-07-29T21:15:00+00:00,4063.54,4063.79,4058.12,4059.76,47.232,real_binance
2026-07-29T21:30:00+00:00,4059.75,4060.33,4059.62,4060.33,3.0827,real_binance
2026-07-29T21:45:00+00:00,4060.57,4060.58,4060.23,4060.23,5.7443,real_binance
2026-07-29T22:00:00+00:00,4060.24,4072.72,4060.24,4072.69,90.0527,real_binance
2026-07-29T22:15:00+00:00,4072.66,4073.29,4070.12,4072.09,65.7047,real_binance
2026-07-29T22:30:00+00:00,4072.09,4075.31,4069.78,4075.29,7.0737,real_binance
2026-07-29T22:45:00+00:00,4075.8,4085.21,4075.8,4083.63,106.9939,real_binance
2026-07-29T23:00:00+00:00,4083.72,4094.1,4083.72,4085.77,36.1129,real_binance
2026-07-29T23:15:00+00:00,4085.78,4089.53,4085.5,4086.82,48.9818,real_binance
2026-07-29T23:30:00+00:00,4087.05,4090.0,4085.57,4086.75,13.287,real_binance
2026-07-29T23:45:00+00:00,4087.3,4088.59,4081.59,4081.59,7.3957,real_binance
2026-07-30T00:00:00+00:00,4081.6,4082.85,4076.78,4078.52,32.5596,real_binance
2026-07-30T00:15:00+00:00,4078.52,4079.65,4070.58,4073.07,15.1365,real_binance
2026-07-30T00:30:00+00:00,4072.55,4073.4,4063.38,4063.38,9.0449,real_binance
2026-07-30T00:45:00+00:00,4063.38,4067.98,4063.11,4067.17,15.2429,real_binance
2026-07-30T01:00:00+00:00,4067.99,4087.39,4067.43,4071.85,50.5638,real_binance
2026-07-30T01:15:00+00:00,4071.16,4080.72,4070.59,4078.04,15.6947,real_binance
2026-07-30T01:30:00+00:00,4078.39,4086.51,4077.99,4085.03,37.1089,real_binance
2026-07-30T01:45:00+00:00,4083.41,4086.2,4080.58,4080.58,13.1984,real_binance
2026-07-30T02:00:00+00:00,4080.59,4085.29,4079.37,4079.37,9.296,real_binance
2026-07-30T02:15:00+00:00,4079.37,4079.44,4075.53,4079.22,29.4971,real_binance
2026-07-30T02:30:00+00:00,4078.14,4078.14,4071.53,4072.75,9.2588,real_binance
2026-07-30T02:45:00+00:00,4073.63,4073.95,4061.9,4061.92,5.9523,real_binance
2026-07-30T03:00:00+00:00,4061.88,4067.76,4059.61,4061.11,9.429,real_binance
2026-07-30T03:15:00+00:00,4061.23,4061.51,4052.11,4052.11,15.3508,real_binance
2026-07-30T03:30:00+00:00,4052.36,4054.22,4050.26,4052.12,27.0144,real_binance
2026-07-30T03:45:00+00:00,4052.12,4057.48,4052.12,4056.57,13.4285,real_binance
2026-07-30T04:00:00+00:00,4056.96,4057.67,4051.8,4052.06,4.6931,real_binance
2026-07-30T04:15:00+00:00,4052.07,4053.71,4050.72,4052.69,10.2598,real_binance
2026-07-30T04:30:00+00:00,4052.85,4052.85,4047.43,4049.2,16.8744,real_binance
2026-07-30T04:45:00+00:00,4047.98,4051.25,4045.41,4046.84,21.1495,real_binance
2026-07-30T05:00:00+00:00,4045.41,4045.52,4042.73,4045.52,9.8056,real_binance
2026-07-30T05:15:00+00:00,4045.64,4047.36,4039.0,4047.35,39.8992,real_binance
2026-07-30T05:30:00+00:00,4047.35,4051.74,4030.48,4033.94,58.162,real_binance
2026-07-30T05:45:00+00:00,4033.9,4039.3,4032.06,4035.18,29.322,real_binance
2026-07-30T06:00:00+00:00,4035.14,4039.7,4033.29,4034.02,16.8619,real_binance
2026-07-30T06:15:00+00:00,4033.95,4039.38,4031.49,4034.0,9.906,real_binance
2026-07-30T06:30:00+00:00,4034.32,4037.87,4032.81,4037.38,7.1541,real_binance
2026-07-30T06:45:00+00:00,4037.37,4041.05,4035.59,4036.49,17.4673,real_binance
2026-07-30T07:00:00+00:00,4036.86,4046.89,4036.29,4046.56,11.9571,real_binance
2026-07-30T07:15:00+00:00,4046.9,4049.79,4044.5,4046.09,12.2354,real_binance
2026-07-30T07:30:00+00:00,4045.42,4046.41,4037.53,4046.28,22.1254,real_binance
2026-07-30T07:45:00+00:00,4045.75,4046.34,4039.41,4039.7,19.8299,real_binance
2026-07-30T08:00:00+00:00,4039.05,4054.99,4038.21,4053.7,15.461,real_binance
2026-07-30T08:15:00+00:00,4053.61,4066.33,4052.91,4063.14,32.7809,real_binance
2026-07-30T08:30:00+00:00,4063.14,4070.8,4062.41,4064.85,40.227,real_binance
2026-07-30T08:45:00+00:00,4065.0,4068.73,4059.64,4060.96,11.7248,real_binance
2026-07-30T09:00:00+00:00,4060.75,4066.85,4060.34,4064.96,18.6152,real_binance
2026-07-30T09:15:00+00:00,4063.6,4069.71,4063.3,4066.05,15.2044,real_binance
2026-07-30T09:30:00+00:00,4065.41,4066.95,4060.21,4064.16,7.6375,real_binance
2026-07-30T09:45:00+00:00,4063.54,4071.07,4062.58,4062.58,8.3396,real_binance
2026-07-30T10:00:00+00:00,4062.33,4072.48,4062.33,4068.09,196.5444,real_binance
2026-07-30T10:15:00+00:00,4068.09,4075.68,4068.09,4074.97,38.4812,real_binance
2026-07-30T10:30:00+00:00,4074.96,4080.67,4074.95,4080.1,17.6796,real_binance
2026-07-30T10:45:00+00:00,4080.42,4080.95,4076.31,4076.31,21.8964,real_binance
2026-07-30T11:00:00+00:00,4076.31,4080.5,4075.61,4077.56,18.0564,real_binance
2026-07-30T11:15:00+00:00,4077.19,4079.5,4075.2,4075.29,9.1193,real_binance
2026-07-30T11:30:00+00:00,4075.74,4076.87,4074.65,4075.82,7.4395,real_binance
2026-07-30T11:45:00+00:00,4075.75,4079.08,4074.28,4076.21,12.8648,real_binance
2026-07-30T12:00:00+00:00,4076.21,4080.11,4073.87,4077.9,29.7721,real_binance
2026-07-30T12:15:00+00:00,4077.69,4078.3,4069.82,4076.12,69.8631,real_binance
2026-07-30T12:30:00+00:00,4076.61,4084.73,4070.42,4075.55,36.1126,real_binance
2026-07-30T12:45:00+00:00,4075.64,4076.86,4067.11,4068.84,33.4942,real_binance
2026-07-30T13:00:00+00:00,4068.85,4074.69,4065.72,4073.08,23.6828,real_binance
2026-07-30T13:15:00+00:00,4074.18,4081.22,4070.4,4076.8,17.2366,real_binance
2026-07-30T13:30:00+00:00,4076.81,4095.23,4073.64,4085.23,85.3983,real_binance
2026-07-30T13:45:00+00:00,4085.24,4106.01,4083.42,4105.88,400.4994,real_binance
2026-07-30T14:00:00+00:00,4105.87,4113.0,4090.0,4092.64,180.1542,real_binance
2026-07-30T14:15:00+00:00,4093.73,4094.99,4084.33,4091.93,35.2326,real_binance
2026-07-30T14:30:00+00:00,4091.92,4105.33,4091.92,4105.33,26.119,real_binance
2026-07-30T14:45:00+00:00,4104.8,4106.23,4093.74,4096.71,149.8262,real_binance
2026-07-30T15:00:00+00:00,4096.03,4096.29,4080.0,4081.96,48.3463,real_binance
2026-07-30T15:15:00+00:00,4081.96,4093.07,4081.95,4090.33,36.1289,real_binance
2026-07-30T15:30:00+00:00,4090.81,4102.11,4087.74,4101.4,27.2573,real_binance
2026-07-30T15:45:00+00:00,4101.41,4104.97,4099.04,4102.59,86.4124,real_binance
2026-07-30T16:00:00+00:00,4102.59,4110.0,4102.59,4108.66,121.6268,real_binance
2026-07-30T16:15:00+00:00,4108.66,4113.0,4108.65,4110.16,29.0297,real_binance
2026-07-30T16:30:00+00:00,4110.17,4110.32,4102.52,4102.52,82.2321,real_binance
2026-07-30T16:45:00+00:00,4102.33,4104.18,4101.26,4104.06,15.1721,real_binance
2026-07-30T17:00:00+00:00,4104.19,4104.91,4100.29,4100.6,33.3775,real_binance
2026-07-30T17:15:00+00:00,4100.6,4103.43,4095.16,4097.95,32.6401,real_binance
2026-07-30T17:30:00+00:00,4097.95,4103.18,4097.02,4101.26,27.2802,real_binance
2026-07-30T17:45:00+00:00,4101.26,4103.2,4097.98,4098.66,10.2534,real_binance
2026-07-30T18:00:00+00:00,4098.67,4102.06,4098.67,4101.52,9.6703,real_binance
2026-07-30T18:15:00+00:00,4101.52,4101.52,4097.17,4099.27,13.9619,real_binance
2026-07-30T18:30:00+00:00,4099.27,4103.37,4099.27,4099.97,5.5884,real_binance
2026-07-30T18:45:00+00:00,4099.97,4099.97,4095.46,4095.8,9.3614,real_binance
2026-07-30T19:00:00+00:00,4095.8,4102.32,4095.48,4101.75,9.8924,real_binance
2026-07-30T19:15:00+00:00,4101.75,4109.58,4100.18,4108.34,24.898,real_binance
2026-07-30T19:30:00+00:00,4108.15,4109.18,4106.09,4107.2,49.9594,real_binance
2026-07-30T19:45:00+00:00,4107.2,4107.6,4104.29,4106.78,16.9462,real_binance
2026-07-30T20:00:00+00:00,4106.97,4111.32,4105.66,4108.61,38.6004,real_binance
2026-07-30T20:15:00+00:00,4108.61,4109.24,4106.71,4106.71,16.09,real_binance
2026-07-30T20:30:00+00:00,4106.72,4107.24,4098.64,4098.77,36.4551,real_binance
2026-07-30T20:45:00+00:00,4098.78,4100.59,4096.59,4100.06,20.8535,real_binance
2026-07-30T21:00:00+00:00,4100.29,4102.63,4099.87,4101.31,10.6946,real_binance
2026-07-30T21:15:00+00:00,4101.31,4101.32,4099.52,4099.52,4.063,real_binance
2026-07-30T21:30:00+00:00,4099.52,4103.42,4098.12,4103.42,11.0284,real_binance
2026-07-30T21:45:00+00:00,4103.42,4103.8,4103.42,4103.59,3.6467,real_binance
2026-07-30T22:00:00+00:00,4103.58,4103.58,4098.76,4101.46,32.2342,real_binance
2026-07-30T22:15:00+00:00,4101.87,4102.99,4101.75,4102.92,8.3727,real_binance
2026-07-30T22:30:00+00:00,4102.93,4104.26,4102.74,4104.1,8.7704,real_binance
2026-07-30T22:45:00+00:00,4104.11,4105.49,4103.83,4104.55,8.5112,real_binance
2026-07-30T23:00:00+00:00,4104.79,4106.51,4102.05,4102.05,9.8596,real_binance
2026-07-30T23:15:00+00:00,4102.06,4102.53,4100.86,4101.06,9.9986,real_binance
2026-07-30T23:30:00+00:00,4101.02,4102.81,4098.95,4101.61,14.6709,real_binance
2026-07-30T23:45:00+00:00,4101.62,4104.48,4100.45,4100.72,20.5456,real_binance
2026-07-31T00:00:00+00:00,4100.82,4101.64,4096.12,4096.2,14.4195,real_binance
2026-07-31T00:15:00+00:00,4096.28,4097.75,4091.25,4091.25,27.4408,real_binance
2026-07-31T00:30:00+00:00,4091.4,4092.24,4086.72,4087.84,17.2595,real_binance
2026-07-31T00:45:00+00:00,4088.59,4092.2,4086.83,4092.0,5.9765,real_binance
2026-07-31T01:00:00+00:00,4092.52,4097.44,4086.13,4086.13,16.3212,real_binance
2026-07-31T01:15:00+00:00,4086.14,4092.01,4084.38,4088.12,19.8576,real_binance
2026-07-31T01:30:00+00:00,4088.79,4088.79,4080.99,4081.72,32.9566,real_binance
2026-07-31T01:45:00+00:00,4081.91,4083.27,4079.44,4081.61,22.7538,real_binance
2026-07-31T02:00:00+00:00,4081.61,4086.6,4079.0,4083.31,27.6957,real_binance
2026-07-31T02:15:00+00:00,4083.06,4083.06,4078.99,4079.16,13.8003,real_binance
2026-07-31T02:30:00+00:00,4079.16,4080.88,4073.52,4073.52,23.0637,real_binance
2026-07-31T02:45:00+00:00,4073.52,4074.94,4072.88,4073.75,13.7067,real_binance
2026-07-31T03:00:00+00:00,4073.74,4073.92,4070.77,4071.34,14.0884,real_binance
2026-07-31T03:15:00+00:00,4071.35,4072.82,4071.17,4072.82,3.8128,real_binance
2026-07-31T03:30:00+00:00,4073.17,4076.41,4073.15,4073.73,45.601,real_binance
2026-07-31T03:45:00+00:00,4074.29,4074.29,4072.16,4072.17,7.0666,real_binance
2026-07-31T04:00:00+00:00,4072.17,4073.77,4071.56,4073.77,6.5164,real_binance
2026-07-31T04:15:00+00:00,4073.77,4077.47,4073.35,4077.47,4.2022,real_binance
2026-07-31T04:30:00+00:00,4077.99,4079.55,4077.61,4077.61,5.1993,real_binance
2026-07-31T04:45:00+00:00,4077.61,4077.61,4073.13,4077.32,4.7425,real_binance
2026-07-31T05:00:00+00:00,4078.13,4080.66,4078.13,4078.14,5.9808,real_binance
2026-07-31T05:15:00+00:00,4078.14,4080.85,4078.14,4079.32,4.05,real_binance
2026-07-31T05:30:00+00:00,4079.33,4079.98,4074.2,4074.2,12.1,real_binance
2026-07-31T05:45:00+00:00,4074.21,4074.21,4071.87,4071.87,48.0436,real_binance
2026-07-31T06:00:00+00:00,4071.79,4079.66,4070.46,4079.66,56.7461,real_binance
2026-07-31T06:15:00+00:00,4079.65,4083.8,4078.64,4082.52,13.056,real_binance
2026-07-31T06:30:00+00:00,4081.65,4081.65,4075.93,4076.92,24.6766,real_binance
2026-07-31T06:45:00+00:00,4076.73,4079.24,4074.38,4075.78,20.2954,real_binance
2026-07-31T07:00:00+00:00,4075.61,4075.61,4072.85,4074.11,10.5581,real_binance
2026-07-31T07:15:00+00:00,4074.19,4075.79,4070.14,4070.15,9.6135,real_binance
2026-07-31T07:30:00+00:00,4071.08,4071.08,4065.41,4068.14,25.5547,real_binance
2026-07-31T07:45:00+00:00,4069.39,4070.47,4063.63,4063.63,7.0901,real_binance
2026-07-31T08:00:00+00:00,4063.62,4063.62,4058.38,4058.89,16.838,real_binance
2026-07-31T08:15:00+00:00,4059.0,4063.79,4056.13,4057.02,31.0818,real_binance
2026-07-31T08:30:00+00:00,4056.5,4058.35,4052.53,4056.97,39.3505,real_binance
2026-07-31T08:45:00+00:00,4056.96,4061.55,4055.74,4058.79,17.0867,real_binance
2026-07-31T09:00:00+00:00,4058.79,4061.01,4054.65,4055.65,25.299,real_binance
2026-07-31T09:15:00+00:00,4055.34,4055.81,4051.01,4051.18,53.773,real_binance
2026-07-31T09:30:00+00:00,4051.5,4053.83,4050.41,4051.89,10.1618,real_binance
2026-07-31T09:45:00+00:00,4051.9,4056.59,4051.9,4054.1,5.1936,real_binance
2026-07-31T10:00:00+00:00,4054.11,4057.04,4053.27,4055.77,10.503,real_binance
2026-07-31T10:15:00+00:00,4055.77,4055.77,4052.26,4053.07,19.672,real_binance
2026-07-31T10:30:00+00:00,4053.07,4055.58,4053.07,4053.86,5.7748,real_binance
2026-07-31T10:45:00+00:00,4055.18,4055.95,4054.75,4054.75,37.082,real_binance
2026-07-31T11:00:00+00:00,4054.6,4058.53,4052.93,4057.73,25.8168,real_binance
2026-07-31T11:15:00+00:00,4057.73,4059.79,4053.6,4057.55,16.9209,real_binance
2026-07-31T11:30:00+00:00,4057.92,4057.92,4050.58,4051.5,6.7523,real_binance
2026-07-31T11:45:00+00:00,4051.51,4054.81,4051.5,4053.43,7.3451,real_binance
2026-07-31T12:00:00+00:00,4053.27,4058.24,4052.86,4058.24,10.1523,real_binance
2026-07-31T12:15:00+00:00,4058.08,4058.08,4047.43,4047.43,30.4962,real_binance
2026-07-31T12:30:00+00:00,4047.43,4051.3,4044.16,4045.21,25.8459,real_binance
2026-07-31T12:45:00+00:00,4045.27,4045.94,4041.49,4041.49,42.2528,real_binance
2026-07-31T13:00:00+00:00,4041.49,4042.92,4035.71,4036.63,51.0912,real_binance
2026-07-31T13:15:00+00:00,4037.11,4045.8,4036.71,4044.14,45.2151,real_binance
2026-07-31T13:30:00+00:00,4043.55,4044.58,4025.0,4026.56,83.8415,real_binance
2026-07-31T13:45:00+00:00,4026.36,4033.46,4024.0,4027.22,53.5479,real_binance
2026-07-31T14:00:00+00:00,4027.23,4035.7,4023.13,4034.62,302.2689,real_binance
2026-07-31T14:15:00+00:00,4034.9,4043.09,4033.12,4041.17,95.6123,real_binance
2026-07-31T14:30:00+00:00,4041.17,4044.34,4039.36,4043.09,90.7088,real_binance
2026-07-31T14:45:00+00:00,4043.85,4050.45,4043.35,4049.69,71.1974,real_binance
2026-07-31T15:00:00+00:00,4049.69,4050.65,4044.04,4047.26,77.7816,real_binance
2026-07-31T15:15:00+00:00,4047.25,4052.17,4041.7,4041.7,56.5689,real_binance
2026-07-31T15:30:00+00:00,4041.69,4044.32,4037.95,4041.59,50.653,real_binance
2026-07-31T15:45:00+00:00,4041.79,4046.54,4041.03,4045.48,37.178,real_binance
2026-07-31T16:00:00+00:00,4045.46,4045.81,4041.98,4045.45,24.6351,real_binance
2026-07-31T16:15:00+00:00,4045.46,4047.41,4043.23,4047.41,17.7595,real_binance
2026-07-31T16:30:00+00:00,4047.42,4049.44,4041.87,4042.51,29.8828,real_binance
2026-07-31T16:45:00+00:00,4042.5,4045.38,4042.22,4043.63,18.5909,real_binance
2026-07-31T17:00:00+00:00,4043.63,4046.23,4042.4,4046.22,25.4286,real_binance
2026-07-31T17:15:00+00:00,4045.9,4053.72,4045.53,4049.76,32.7958,real_binance
2026-07-31T17:30:00+00:00,4050.46,4052.64,4047.88,4051.14,10.4987,real_binance
2026-07-31T17:45:00+00:00,4051.42,4053.6,4049.66,4052.63,7.9338,real_binance
2026-07-31T18:00:00+00:00,4052.83,4053.78,4045.91,4046.7,8.864,real_binance
2026-07-31T18:15:00+00:00,4046.96,4050.1,4046.96,4049.41,3.5176,real_binance
2026-07-31T18:30:00+00:00,4049.66,4050.23,4046.82,4049.53,12.9006,real_binance
2026-07-31T18:45:00+00:00,4049.12,4050.23,4048.45,4049.41,8.1968,real_binance
2026-07-31T19:00:00+00:00,4049.41,4051.03,4046.16,4046.35,9.5403,real_binance
2026-07-31T19:15:00+00:00,4046.36,4048.63,4046.13,4048.62,7.8998,real_binance
2026-07-31T19:30:00+00:00,4048.62,4053.78,4047.6,4053.78,147.4456,real_binance
2026-07-31T19:45:00+00:00,4053.44,4055.31,4050.06,4050.26,277.8938,real_binance
2026-07-31T20:00:00+00:00,4050.26,4050.97,4045.9,4047.14,14.4285,real_binance
2026-07-31T20:15:00+00:00,4047.13,4048.24,4046.78,4047.41,2.482,real_binance
2026-07-31T20:30:00+00:00,4047.41,4051.06,4047.04,4050.31,7.8102,real_binance
2026-07-31T20:45:00+00:00,4050.31,4050.91,4042.32,4042.42,52.1805,real_binance
2026-07-31T21:00:00+00:00,4042.68,4045.3,4042.68,4045.3,8.0323,real_binance
2026-07-31T21:15:00+00:00,4045.3,4045.65,4044.92,4044.93,4.0896,real_binance
2026-07-31T21:30:00+00:00,4044.93,4049.56,4044.92,4048.13,8.495,real_binance
2026-07-31T21:45:00+00:00,4048.2,4048.2,4045.3,4045.5,7.0547,real_binance
2026-07-31T22:00:00+00:00,4045.5,4047.87,4045.49,4047.86,1.2514,real_binance
2026-07-31T22:15:00+00:00,4047.86,4048.19,4047.86,4048.18,0.6889,real_binance
2026-07-31T22:30:00+00:00,4048.19,4049.31,4048.18,4048.92,1.9454,real_binance
2026-07-31T22:45:00+00:00,4048.91,4048.92,4048.91,4048.92,2.0566,real_binance
2026-07-31T23:00:00+00:00,4048.92,4049.08,4048.91,4049.08,3.6665,real_binance
2026-07-31T23:15:00+00:00,4049.07,4049.08,4048.08,4048.09,4.3465,real_binance
2026-07-31T23:30:00+00:00,4048.09,4048.09,4048.08,4048.09,1.7993,real_binance
2026-07-31T23:45:00+00:00,4048.09,4048.09,4048.08,4048.09,0.2077,real_binance
2026-08-01T00:00:00+00:00,4048.09,4048.09,4047.86,4047.87,3.9629,real_binance
2026-08-01T00:15:00+00:00,4047.86,4047.87,4046.63,4046.71,1.9479,real_binance
2026-08-01T00:30:00+00:00,4046.72,4046.72,4045.52,4045.52,0.4869,real_binance
2026-08-01T00:45:00+00:00,4045.52,4046.55,4045.52,4046.54,6.1702,real_binance
2026-08-01T01:00:00+00:00,4046.55,4046.86,4045.6,4045.75,6.6446,real_binance
2026-08-01T01:15:00+00:00,4045.75,4045.98,4045.75,4045.97,2.4176,real_binance
2026-08-01T01:30:00+00:00,4045.97,4045.98,4045.81,4045.82,0.3448,real_binance
2026-08-01T01:45:00+00:00,4045.82,4046.26,4045.81,4045.85,1.6844,real_binance
2026-08-01T02:00:00+00:00,4045.86,4045.86,4045.81,4045.85,0.9428,real_binance
2026-08-01T02:15:00+00:00,4045.85,4047.87,4045.82,4047.69,3.8275,real_binance
2026-08-01T02:30:00+00:00,4047.69,4047.69,4047.68,4047.68,1.0342,real_binance
2026-08-01T02:45:00+00:00,4047.69,4047.69,4047.68,4047.69,0.2552,real_binance
2026-08-01T03:00:00+00:00,4047.69,4047.69,4047.47,4047.48,4.3785,real_binance
2026-08-01T03:15:00+00:00,4047.48,4047.48,4046.07,4046.08,3.7084,real_binance
2026-08-01T03:30:00+00:00,4046.05,4046.05,4045.68,4045.69,0.561,real_binance
2026-08-01T03:45:00+00:00,4045.69,4045.69,4045.68,4045.69,0.3049,real_binance
2026-08-01T04:00:00+00:00,4045.69,4045.69,4045.16,4045.16,1.8858,real_binance
2026-08-01T04:15:00+00:00,4045.16,4045.16,4044.77,4044.77,1.5672,real_binance
2026-08-01T04:30:00+00:00,4044.77,4044.89,4044.6,4044.89,1.1272,real_binance
2026-08-01T04:45:00+00:00,4044.89,4046.04,4044.88,4046.04,3.5537,real_binance
2026-08-01T05:00:00+00:00,4046.04,4047.54,4046.03,4046.87,13.9078,real_binance
2026-08-01T05:15:00+00:00,4046.87,4046.87,4046.81,4046.81,0.6154,real_binance
2026-08-01T05:30:00+00:00,4046.43,4046.43,4046.42,4046.43,0.3093,real_binance
2026-08-01T05:45:00+00:00,4046.42,4046.43,4046.42,4046.42,0.5711,real_binance
2026-08-01T06:00:00+00:00,4046.42,4046.43,4046.42,4046.42,0.8088,real_binance
2026-08-01T06:15:00+00:00,4046.42,4046.43,4045.9,4046.04,1.9717,real_binance
2026-08-01T06:30:00+00:00,4046.04,4046.05,4045.75,4045.75,0.5392,real_binance
2026-08-01T06:45:00+00:00,4045.75,4045.76,4045.75,4045.75,0.7098,real_binance
2026-08-01T07:00:00+00:00,4045.76,4046.61,4045.75,4046.32,7.0302,real_binance
2026-08-01T07:15:00+00:00,4046.32,4046.33,4046.32,4046.32,1.1857,real_binance
2026-08-01T07:30:00+00:00,4046.32,4046.33,4046.32,4046.32,0.3573,real_binance
2026-08-01T07:45:00+00:00,4046.32,4046.33,4046.32,4046.32,0.3341,real_binance
2026-08-01T08:00:00+00:00,4046.32,4046.33,4046.16,4046.16,4.0208,real_binance
2026-08-01T08:15:00+00:00,4046.16,4046.61,4046.16,4046.61,5.8948,real_binance
2026-08-01T08:30:00+00:00,4046.61,4047.84,4046.61,4047.29,10.205,real_binance
2026-08-01T08:45:00+00:00,4047.29,4047.87,4046.96,4047.26,8.2325,real_binance
2026-08-01T09:00:00+00:00,4047.27,4048.01,4047.27,4048.0,10.0326,real_binance
2026-08-01T09:15:00+00:00,4048.0,4048.0,4047.81,4047.82,1.3657,real_binance
2026-08-01T09:30:00+00:00,4047.82,4047.83,4047.81,4047.81,1.3983,real_binance
2026-08-01T09:45:00+00:00,4047.82,4047.82,4047.57,4047.58,1.9516,real_binance
2026-08-01T10:00:00+00:00,4047.58,4047.58,4046.24,4046.25,4.245,real_binance
2026-08-01T10:15:00+00:00,4046.25,4046.25,4046.24,4046.25,4.1452,real_binance
2026-08-01T10:30:00+00:00,4046.25,4046.25,4046.15,4046.16,0.4796,real_binance
2026-08-01T10:45:00+00:00,4046.16,4046.23,4046.15,4046.23,3.6935,real_binance
2026-08-01T11:00:00+00:00,4046.22,4046.23,4046.22,4046.23,0.4531,real_binance
2026-08-01T11:15:00+00:00,4046.23,4046.24,4046.23,4046.24,2.5145,real_binance
2026-08-01T11:30:00+00:00,4046.24,4046.43,4046.23,4046.42,0.5058,real_binance
2026-08-01T11:45:00+00:00,4046.42,4046.58,4046.42,4046.57,0.4978,real_binance
2026-08-01T12:00:00+00:00,4046.57,4046.76,4046.57,4046.75,0.5821,real_binance
2026-08-01T12:15:00+00:00,4046.75,4046.88,4046.75,4046.75,2.4857,real_binance
2026-08-01T12:30:00+00:00,4046.75,4046.76,4046.75,4046.75,1.7069,real_binance
2026-08-01T12:45:00+00:00,4046.75,4047.08,4046.75,4047.07,0.9521,real_binance
2026-08-01T13:00:00+00:00,4047.07,4047.74,4047.07,4047.52,4.8917,real_binance
2026-08-01T13:15:00+00:00,4047.53,4047.53,4047.52,4047.52,0.803,real_binance
2026-08-01T13:30:00+00:00,4047.52,4047.52,4046.64,4046.64,6.3581,real_binance
2026-08-01T13:45:00+00:00,4046.65,4046.65,4046.64,4046.64,1.0395,real_binance
2026-08-01T14:00:00+00:00,4046.64,4046.65,4046.27,4046.27,4.3656,real_binance
2026-08-01T14:15:00+00:00,4046.27,4046.32,4046.27,4046.32,1.3127,real_binance
2026-08-01T14:30:00+00:00,4046.32,4046.32,4046.31,4046.31,2.372,real_binance
2026-08-01T14:45:00+00:00,4046.31,4046.32,4046.02,4046.32,12.0742,real_binance
2026-08-01T15:00:00+00:00,4046.32,4046.32,4046.31,4046.31,6.8543,real_binance
2026-08-01T15:15:00+00:00,4046.31,4046.32,4045.74,4045.75,2.0349,real_binance
2026-08-01T15:30:00+00:00,4045.65,4045.66,4045.62,4045.63,1.5968,real_binance
2026-08-01T15:45:00+00:00,4045.62,4045.63,4045.44,4045.44,0.9104,real_binance
2026-08-01T16:00:00+00:00,4045.45,4045.45,4044.61,4044.61,0.2269,real_binance
2026-08-01T16:15:00+00:00,4044.52,4044.78,4044.51,4044.78,1.3986,real_binance
2026-08-01T16:30:00+00:00,4044.77,4044.78,4044.77,4044.77,0.2068,real_binance
2026-08-01T16:45:00+00:00,4044.77,4044.78,4042.69,4042.7,7.8252,real_binance
2026-08-01T17:00:00+00:00,4042.7,4042.7,4042.42,4042.42,2.7905,real_binance
2026-08-01T17:15:00+00:00,4042.43,4042.43,4042.34,4042.34,1.7981,real_binance
2026-08-01T17:30:00+00:00,4042.34,4042.34,4042.09,4042.09,1.3283,real_binance
2026-08-01T17:45:00+00:00,4042.09,4042.09,4042.0,4042.0,0.4444,real_binance
2026-08-01T18:00:00+00:00,4042.0,4042.01,4040.51,4040.52,4.8255,real_binance
2026-08-01T18:15:00+00:00,4040.51,4040.52,4040.5,4040.5,4.1779,real_binance
2026-08-01T18:30:00+00:00,4040.5,4040.5,4038.45,4039.75,12.7059,real_binance
2026-08-01T18:45:00+00:00,4039.74,4039.74,4037.41,4039.2,17.1613,real_binance
2026-08-01T19:00:00+00:00,4039.2,4047.0,4038.36,4046.99,6.0386,real_binance
2026-08-01T19:15:00+00:00,4046.81,4048.35,4046.81,4046.95,5.3843,real_binance
2026-08-01T19:30:00+00:00,4046.94,4047.32,4046.94,4047.32,3.8004,real_binance
2026-08-01T19:45:00+00:00,4047.32,4048.8,4047.32,4048.26,8.699,real_binance
2026-08-01T20:00:00+00:00,4048.26,4050.08,4048.06,4048.37,5.441,real_binance
2026-08-01T20:15:00+00:00,4048.37,4048.37,4048.36,4048.37,0.5585,real_binance
2026-08-01T20:30:00+00:00,4048.37,4048.37,4047.71,4047.71,1.0149,real_binance
2026-08-01T20:45:00+00:00,4047.72,4048.93,4046.4,4048.73,6.6892,real_binance
2026-08-01T21:00:00+00:00,4048.71,4050.0,4047.97,4049.99,78.1416,real_binance
2026-08-01T21:15:00+00:00,4049.99,4050.0,4048.49,4048.6,2.7775,real_binance
2026-08-01T21:30:00+00:00,4048.83,4049.48,4048.63,4049.27,2.745,real_binance
2026-08-01T21:45:00+00:00,4049.06,4049.06,4049.06,4049.06,0.2057,real_binance
2026-08-01T22:00:00+00:00,4049.06,4049.38,4048.85,4049.38,0.5008,real_binance
2026-08-01T22:15:00+00:00,4049.37,4049.37,4049.14,4049.36,0.5933,real_binance
2026-08-01T22:30:00+00:00,4049.56,4049.98,4049.55,4049.98,1.5122,real_binance
2026-08-01T22:45:00+00:00,4049.98,4049.98,4049.36,4049.37,0.8531,real_binance
2026-08-01T23:00:00+00:00,4049.37,4049.37,4049.16,4049.16,0.1932,real_binance
2026-08-01T23:15:00+00:00,4049.16,4049.16,4049.1,4049.1,0.1664,real_binance
2026-08-01T23:30:00+00:00,4048.88,4048.88,4048.87,4048.87,1.057,real_binance
2026-08-01T23:45:00+00:00,4048.88,4048.89,4048.4,4048.4,2.4126,real_binance
2026-08-02T00:00:00+00:00,4048.5,4049.16,4048.3,4049.16,4.5872,real_binance
2026-08-02T00:15:00+00:00,4049.15,4052.66,4049.15,4051.66,17.0419,real_binance
2026-08-02T00:30:00+00:00,4051.65,4052.07,4050.81,4050.81,5.8863,real_binance
2026-08-02T00:45:00+00:00,4050.81,4050.81,4050.05,4050.06,1.4283,real_binance
2026-08-02T01:00:00+00:00,4050.05,4052.99,4049.79,4052.99,6.6685,real_binance
2026-08-02T01:15:00+00:00,4053.0,4053.38,4053.0,4053.38,0.6979,real_binance
2026-08-02T01:30:00+00:00,4053.38,4053.38,4053.3,4053.3,2.3208,real_binance
2026-08-02T01:45:00+00:00,4053.3,4053.39,4053.3,4053.31,2.5898,real_binance
2026-08-02T02:00:00+00:00,4053.31,4056.0,4053.3,4056.0,4.1393,real_binance
2026-08-02T02:15:00+00:00,4055.99,4056.41,4055.87,4056.14,5.2285,real_binance
2026-08-02T02:30:00+00:00,4056.14,4056.14,4056.13,4056.14,1.085,real_binance
2026-08-02T02:45:00+00:00,4056.66,4056.98,4056.65,4056.98,3.2923,real_binance
2026-08-02T03:00:00+00:00,4056.98,4058.48,4056.98,4057.99,13.6319,real_binance
2026-08-02T03:15:00+00:00,4057.99,4059.65,4057.99,4059.65,9.0098,real_binance
2026-08-02T03:30:00+00:00,4059.65,4059.65,4059.64,4059.65,1.2167,real_binance
2026-08-02T03:45:00+00:00,4059.64,4059.69,4059.64,4059.66,44.4136,real_binance
2026-08-02T04:00:00+00:00,4059.65,4059.83,4059.65,4059.83,7.0802,real_binance
2026-08-02T04:15:00+00:00,4059.82,4062.07,4059.65,4062.07,10.7949,real_binance
2026-08-02T04:30:00+00:00,4061.88,4061.88,4060.18,4060.19,3.3819,real_binance
2026-08-02T04:45:00+00:00,4060.19,4061.11,4059.65,4061.0,11.681,real_binance
2026-08-02T05:00:00+00:00,4061.01,4061.01,4060.36,4060.72,7.7014,real_binance
2026-08-02T05:15:00+00:00,4060.72,4061.11,4060.7,4061.11,4.3144,real_binance
2026-08-02T05:30:00+00:00,4061.1,4062.05,4060.36,4060.92,12.8216,real_binance
2026-08-02T05:45:00+00:00,4060.93,4062.02,4060.93,4061.01,19.0549,real_binance
2026-08-02T06:00:00+00:00,4061.01,4061.15,4060.45,4060.65,5.3075,real_binance
2026-08-02T06:15:00+00:00,4060.64,4060.65,4060.29,4060.29,1.8582,real_binance
2026-08-02T06:30:00+00:00,4060.29,4060.55,4060.29,4060.54,2.3418,real_binance
2026-08-02T06:45:00+00:00,4060.54,4060.55,4060.54,4060.55,1.4179,real_binance
2026-08-02T07:00:00+00:00,4060.55,4060.55,4059.65,4059.67,7.6318,real_binance
2026-08-02T07:15:00+00:00,4059.68,4060.34,4059.68,4060.34,6.9842,real_binance
2026-08-02T07:30:00+00:00,4060.34,4061.01,4059.79,4061.0,25.9346,real_binance
2026-08-02T07:45:00+00:00,4061.0,4061.01,4059.65,4059.7,8.9774,real_binance
2026-08-02T08:00:00+00:00,4059.7,4060.2,4059.7,4059.99,2.6827,real_binance
2026-08-02T08:15:00+00:00,4059.99,4060.02,4059.65,4059.65,3.0272,real_binance
2026-08-02T08:30:00+00:00,4059.65,4059.66,4059.65,4059.65,16.0818,real_binance
2026-08-02T08:45:00+00:00,4059.65,4059.66,4059.65,4059.65,4.5824,real_binance
2026-08-02T09:00:00+00:00,4059.65,4059.66,4059.65,4059.65,17.627,real_binance
2026-08-02T09:15:00+00:00,4059.65,4059.66,4059.65,4059.65,4.0564,real_binance
2026-08-02T09:30:00+00:00,4059.65,4059.84,4059.65,4059.84,13.5509,real_binance
2026-08-02T09:45:00+00:00,4059.83,4059.84,4059.83,4059.84,0.817,real_binance
2026-08-02T10:00:00+00:00,4059.83,4059.84,4059.83,4059.83,0.9447,real_binance
2026-08-02T10:15:00+00:00,4059.84,4059.84,4059.79,4059.8,1.2298,real_binance
2026-08-02T10:30:00+00:00,4059.8,4059.8,4059.79,4059.79,0.2184,real_binance
2026-08-02T10:45:00+00:00,4059.8,4059.84,4059.73,4059.74,1.6789,real_binance
2026-08-02T11:00:00+00:00,4059.74,4060.57,4059.74,4060.43,2.8816,real_binance
2026-08-02T11:15:00+00:00,4060.43,4060.44,4060.0,4060.43,2.3571,real_binance
2026-08-02T11:30:00+00:00,4060.44,4060.44,4060.13,4060.13,1.4236,real_binance
2026-08-02T11:45:00+00:00,4060.13,4060.14,4059.64,4059.64,9.2782,real_binance
2026-08-02T12:00:00+00:00,4059.65,4060.0,4059.64,4059.65,2.9544,real_binance
2026-08-02T12:15:00+00:00,4059.64,4059.99,4059.64,4059.99,1.3846,real_binance
2026-08-02T12:30:00+00:00,4060.0,4060.44,4059.78,4060.21,18.8276,real_binance
2026-08-02T12:45:00+00:00,4060.21,4060.21,4060.15,4060.16,0.444,real_binance
2026-08-02T13:00:00+00:00,4060.16,4060.16,4060.09,4060.15,1.1467,real_binance
2026-08-02T13:15:00+00:00,4060.16,4060.16,4060.09,4060.09,2.6538,real_binance
2026-08-02T13:30:00+00:00,4060.09,4060.1,4060.09,4060.09,1.8759,real_binance
2026-08-02T13:45:00+00:00,4060.09,4060.1,4060.09,4060.09,1.8721,real_binance
2026-08-02T14:00:00+00:00,4060.09,4060.16,4058.48,4058.69,130.8008,real_binance
2026-08-02T14:15:00+00:00,4058.69,4058.69,4055.92,4057.4,164.9339,real_binance
2026-08-02T14:30:00+00:00,4057.39,4059.0,4057.39,4059.0,11.4748,real_binance
2026-08-02T14:45:00+00:00,4058.63,4064.14,4058.63,4060.25,41.5956,real_binance
2026-08-02T15:00:00+00:00,4060.26,4060.26,4058.77,4059.77,2.1806,real_binance
2026-08-02T15:15:00+00:00,4059.77,4059.77,4059.76,4059.76,0.5802,real_binance
2026-08-02T15:30:00+00:00,4059.76,4059.77,4059.76,4059.76,1.0059,real_binance
2026-08-02T15:45:00+00:00,4059.77,4060.6,4059.76,4060.6,2.4861,real_binance
2026-08-02T16:00:00+00:00,4060.79,4061.4,4060.78,4061.4,5.6058,real_binance
2026-08-02T16:15:00+00:00,4061.4,4061.61,4061.4,4061.41,2.3927,real_binance
2026-08-02T16:30:00+00:00,4061.42,4061.8,4061.41,4061.8,5.6842,real_binance
2026-08-02T16:45:00+00:00,4061.8,4063.5,4061.79,4063.09,11.3334,real_binance
2026-08-02T17:00:00+00:00,4063.16,4063.17,4061.68,4061.68,6.7977,real_binance
2026-08-02T17:15:00+00:00,4061.68,4062.24,4061.63,4062.1,4.0527,real_binance
2026-08-02T17:30:00+00:00,4062.09,4063.62,4061.83,4063.62,8.3496,real_binance
2026-08-02T17:45:00+00:00,4063.63,4068.51,4063.62,4067.47,64.0639,real_binance
2026-08-02T18:00:00+00:00,4067.47,4067.47,4067.0,4067.19,46.4045,real_binance
2026-08-02T18:15:00+00:00,4067.18,4067.18,4067.0,4067.01,7.1847,real_binance
2026-08-02T18:30:00+00:00,4067.0,4068.23,4067.0,4068.1,7.7701,real_binance
2026-08-02T18:45:00+00:00,4068.09,4068.09,4066.6,4066.6,2.6142,real_binance
2026-08-02T19:00:00+00:00,4066.61,4066.61,4065.58,4065.58,4.6459,real_binance
2026-08-02T19:15:00+00:00,4065.57,4065.57,4064.37,4064.38,13.1463,real_binance
2026-08-02T19:30:00+00:00,4064.37,4066.0,4064.37,4066.0,7.0723,real_binance
2026-08-02T19:45:00+00:00,4066.0,4067.58,4065.47,4066.03,16.1407,real_binance
2026-08-02T20:00:00+00:00,4065.75,4066.13,4064.99,4065.63,7.7516,real_binance
2026-08-02T20:15:00+00:00,4065.63,4066.91,4065.63,4066.91,5.4297,real_binance
2026-08-02T20:30:00+00:00,4067.15,4069.06,4067.14,4069.06,3.5422,real_binance
2026-08-02T20:45:00+00:00,4069.05,4070.0,4066.17,4067.8,14.9613,real_binance
2026-08-02T21:00:00+00:00,4067.8,4067.8,4065.67,4067.77,9.4768,real_binance
2026-08-02T21:15:00+00:00,4067.77,4069.32,4067.76,4068.0,41.7473,real_binance
2026-08-02T21:30:00+00:00,4067.99,4071.2,4067.99,4071.08,68.3078,real_binance
2026-08-02T21:45:00+00:00,4071.09,4074.38,4071.09,4073.16,20.7979,real_binance
2026-08-02T22:00:00+00:00,4073.0,4082.88,4069.53,4075.84,137.2168,real_binance
2026-08-02T22:15:00+00:00,4075.44,4075.44,4064.17,4065.3,56.1164,real_binance
2026-08-02T22:30:00+00:00,4065.45,4066.6,4064.21,4066.0,11.3755,real_binance
2026-08-02T22:45:00+00:00,4065.8,4065.8,4063.57,4063.57,4.2347,real_binance
2026-08-02T23:00:00+00:00,4063.12,4064.16,4062.23,4064.16,10.6239,real_binance
2026-08-02T23:15:00+00:00,4064.47,4070.43,4064.47,4070.43,19.418,real_binance
2026-08-02T23:30:00+00:00,4070.43,4070.43,4067.11,4067.55,4.7098,real_binance
2026-08-02T23:45:00+00:00,4067.56,4072.23,4066.74,4072.23,17.0482,real_binance
2026-08-03T00:00:00+00:00,4072.23,4075.99,4067.94,4068.65,38.5041,real_binance
2026-08-03T00:15:00+00:00,4068.66,4069.7,4060.61,4062.23,20.11,real_binance
2026-08-03T00:30:00+00:00,4063.8,4066.98,4056.01,4056.5,24.041,real_binance
2026-08-03T00:45:00+00:00,4056.96,4058.29,4054.63,4054.83,15.3195,real_binance
2026-08-03T01:00:00+00:00,4055.25,4061.41,4050.85,4051.26,31.941,real_binance
2026-08-03T01:15:00+00:00,4051.25,4053.24,4047.01,4052.41,42.4398,real_binance
2026-08-03T01:30:00+00:00,4051.77,4055.0,4047.19,4049.01,14.4802,real_binance
2026-08-03T01:45:00+00:00,4049.01,4054.44,4048.39,4054.43,13.1361,real_binance
2026-08-03T02:00:00+00:00,4054.44,4058.1,4051.32,4053.0,37.6104,real_binance
2026-08-03T02:15:00+00:00,4051.92,4057.34,4050.25,4055.67,8.9624,real_binance
2026-08-03T02:30:00+00:00,4055.67,4057.27,4050.0,4057.27,166.763,real_binance
2026-08-03T02:45:00+00:00,4056.8,4063.29,4055.77,4059.55,16.9723,real_binance
2026-08-03T03:00:00+00:00,4059.67,4061.81,4059.14,4061.16,7.3102,real_binance
2026-08-03T03:15:00+00:00,4061.16,4064.16,4059.35,4060.2,9.8519,real_binance
2026-08-03T03:30:00+00:00,4060.62,4061.02,4058.49,4058.78,9.6287,real_binance
2026-08-03T03:45:00+00:00,4057.83,4062.64,4056.78,4061.61,8.356,real_binance
2026-08-03T04:00:00+00:00,4061.62,4064.71,4061.62,4063.47,14.9071,real_binance
2026-08-03T04:15:00+00:00,4063.47,4066.82,4063.47,4065.33,8.7229,real_binance
2026-08-03T04:30:00+00:00,4065.33,4066.96,4065.33,4066.54,38.2984,real_binance
2026-08-03T04:45:00+00:00,4066.74,4067.77,4061.14,4061.14,14.3109,real_binance
2026-08-03T05:00:00+00:00,4061.14,4061.14,4054.26,4054.26,6.7819,real_binance
2026-08-03T05:15:00+00:00,4054.26,4058.34,4051.78,4056.76,8.0681,real_binance
2026-08-03T05:30:00+00:00,4056.75,4060.39,4051.93,4060.13,19.4706,real_binance
2026-08-03T05:45:00+00:00,4059.89,4065.47,4055.87,4065.01,18.5553,real_binance
2026-08-03T06:00:00+00:00,4065.01,4066.7,4062.73,4062.73,16.318,real_binance
2026-08-03T06:15:00+00:00,4063.01,4067.56,4062.37,4064.69,7.1775,real_binance
2026-08-03T06:30:00+00:00,4064.98,4064.98,4059.31,4061.3,31.0819,real_binance
2026-08-03T06:45:00+00:00,4061.81,4063.0,4059.88,4061.51,7.655,real_binance
2026-08-03T07:00:00+00:00,4060.22,4061.77,4057.12,4058.82,52.561,real_binance
2026-08-03T07:15:00+00:00,4058.82,4058.82,4050.97,4055.7,46.2185,real_binance
2026-08-03T07:30:00+00:00,4055.23,4057.94,4054.84,4056.4,7.4077,real_binance
2026-08-03T07:45:00+00:00,4056.57,4059.83,4055.98,4058.76,3.5451,real_binance
2026-08-03T08:00:00+00:00,4058.74,4058.93,4055.91,4058.93,3.8292,real_binance
2026-08-03T08:15:00+00:00,4058.92,4058.92,4051.72,4052.5,4.646,real_binance
2026-08-03T08:30:00+00:00,4053.18,4056.88,4052.12,4055.48,1.6476,real_binance
2026-08-03T08:45:00+00:00,4055.47,4057.53,4055.36,4056.67,2.5269,real_binance
2026-08-03T09:00:00+00:00,4056.66,4058.84,4054.88,4058.52,3.4684,real_binance
2026-08-03T09:15:00+00:00,4058.18,4058.18,4050.96,4050.97,3.9512,real_binance
2026-08-03T09:30:00+00:00,4050.96,4052.86,4046.01,4052.05,12.6741,real_binance
2026-08-03T09:45:00+00:00,4051.61,4055.85,4051.61,4053.55,6.4298,real_binance
2026-08-03T10:00:00+00:00,4053.56,4053.6,4051.27,4053.17,6.3051,real_binance
2026-08-03T10:15:00+00:00,4053.17,4054.03,4050.45,4051.67,12.4204,real_binance
2026-08-03T10:30:00+00:00,4051.67,4053.36,4048.75,4049.1,76.8466,real_binance
2026-08-03T10:45:00+00:00,4048.88,4049.5,4046.41,4048.04,11.7803,real_binance
2026-08-03T11:00:00+00:00,4048.52,4051.13,4047.42,4047.92,9.1944,real_binance
2026-08-03T11:15:00+00:00,4047.99,4048.65,4046.01,4047.83,9.0781,real_binance
2026-08-03T11:30:00+00:00,4047.83,4053.98,4047.83,4053.56,26.42,real_binance
2026-08-03T11:45:00+00:00,4053.56,4061.31,4053.56,4059.93,37.0051,real_binance
2026-08-03T12:00:00+00:00,4059.93,4061.5,4053.48,4054.16,67.6187,real_binance
2026-08-03T12:15:00+00:00,4054.17,4054.17,4049.24,4050.37,18.6423,real_binance
2026-08-03T12:30:00+00:00,4049.86,4050.93,4041.3,4043.43,38.4062,real_binance
2026-08-03T12:45:00+00:00,4043.85,4048.32,4042.73,4046.98,98.2461,real_binance
2026-08-03T13:00:00+00:00,4047.12,4051.76,4038.56,4038.56,36.1907,real_binance
2026-08-03T13:15:00+00:00,4038.56,4039.38,4031.65,4033.54,33.2132,real_binance
2026-08-03T13:30:00+00:00,4033.54,4034.71,4021.0,4031.92,109.4357,real_binance
2026-08-03T13:45:00+00:00,4033.36,4034.33,4029.35,4033.07,32.5717,real_binance
2026-08-03T14:00:00+00:00,4033.06,4036.14,4027.76,4034.3,43.2532,real_binance
2026-08-03T14:15:00+00:00,4033.53,4036.13,4032.05,4033.53,14.989,real_binance
2026-08-03T14:30:00+00:00,4033.3,4038.77,4033.01,4037.54,47.3639,real_binance
2026-08-03T14:45:00+00:00,4037.54,4039.66,4035.13,4037.53,18.392,real_binance
2026-08-03T15:00:00+00:00,4037.31,4037.56,4031.93,4034.24,8.6431,real_binance
2026-08-03T15:15:00+00:00,4034.46,4038.73,4032.2,4033.34,25.5697,real_binance
2026-08-03T15:30:00+00:00,4033.72,4038.8,4032.45,4038.32,16.31,real_binance
2026-08-03T15:45:00+00:00,4038.16,4040.83,4036.32,4037.27,8.6307,real_binance
2026-08-03T16:00:00+00:00,4037.26,4038.01,4035.52,4036.31,9.8113,real_binance
2026-08-03T16:15:00+00:00,4036.45,4039.01,4036.39,4038.13,9.0754,real_binance
2026-08-03T16:30:00+00:00,4038.13,4039.12,4036.73,4038.96,12.8819,real_binance
2026-08-03T16:45:00+00:00,4039.26,4039.26,4036.82,4038.04,24.7753,real_binance
2026-08-03T17:00:00+00:00,4038.04,4038.04,4033.91,4034.53,48.9339,real_binance
2026-08-03T17:15:00+00:00,4034.53,4037.59,4034.53,4035.88,9.6412,real_binance
2026-08-03T17:30:00+00:00,4035.76,4037.07,4035.23,4036.33,1.8699,real_binance
2026-08-03T17:45:00+00:00,4036.73,4036.99,4031.61,4032.23,4.7417,real_binance
2026-08-03T18:00:00+00:00,4031.62,4039.07,4031.53,4037.44,5.2231,real_binance
2026-08-03T18:15:00+00:00,4036.44,4039.53,4036.44,4038.64,4.7438,real_binance
2026-08-03T18:30:00+00:00,4038.64,4041.52,4038.54,4041.52,6.5476,real_binance
2026-08-03T18:45:00+00:00,4041.54,4044.95,4041.54,4044.55,3.6701,real_binance
2026-08-03T19:00:00+00:00,4044.56,4048.89,4044.56,4046.14,25.8189,real_binance
2026-08-03T19:15:00+00:00,4046.15,4053.44,4046.15,4052.14,9.4553,real_binance
2026-08-03T19:30:00+00:00,4053.69,4054.59,4050.99,4053.63,119.4328,real_binance
2026-08-03T19:45:00+00:00,4053.65,4054.99,4051.34,4051.35,11.4436,real_binance
2026-08-03T20:00:00+00:00,4051.34,4052.21,4050.09,4052.21,3.1783,real_binance
2026-08-03T20:15:00+00:00,4052.15,4055.0,4051.61,4054.11,2.1034,real_binance
2026-08-03T20:30:00+00:00,4053.77,4056.81,4053.77,4056.43,2.2193,real_binance
2026-08-03T20:45:00+00:00,4055.82,4055.82,4053.76,4054.16,15.0387,real_binance
2026-08-03T21:00:00+00:00,4054.16,4054.17,4052.3,4052.3,2.2797,real_binance
2026-08-03T21:15:00+00:00,4052.31,4052.31,4052.27,4052.28,0.9138,real_binance
2026-08-03T21:30:00+00:00,4052.28,4053.55,4052.27,4053.07,7.5557,real_binance
2026-08-03T21:45:00+00:00,4053.06,4053.24,4052.63,4052.76,1.9956,real_binance
2026-08-03T22:00:00+00:00,4052.76,4052.76,4048.48,4050.7,9.0473,real_binance
2026-08-03T22:15:00+00:00,4050.7,4052.13,4050.7,4051.4,8.4234,real_binance
2026-08-03T22:30:00+00:00,4051.4,4052.62,4051.39,4052.61,5.9536,real_binance
2026-08-03T22:45:00+00:00,4052.61,4052.62,4051.23,4052.19,4.1889,real_binance
2026-08-03T23:00:00+00:00,4052.2,4054.19,4049.26,4050.01,7.3666,real_binance
2026-08-03T23:15:00+00:00,4050.01,4052.09,4049.8,4050.19,2.6401,real_binance
2026-08-03T23:30:00+00:00,4050.38,4050.95,4050.37,4050.65,1.858,real_binance
2026-08-03T23:45:00+00:00,4050.43,4052.32,4050.43,4052.2,16.4693,real_binance
2026-08-04T00:00:00+00:00,4052.27,4068.13,4052.27,4061.84,87.1365,real_binance
2026-08-04T00:15:00+00:00,4061.85,4062.64,4056.93,4058.24,5.1946,real_binance
2026-08-04T00:30:00+00:00,4057.7,4057.7,4053.24,4053.83,13.1428,real_binance
2026-08-04T00:45:00+00:00,4053.83,4055.08,4046.38,4046.38,127.4591,real_binance
2026-08-04T01:00:00+00:00,4046.15,4048.89,4043.1,4047.09,120.1825,real_binance
2026-08-04T01:15:00+00:00,4046.89,4049.61,4045.21,4046.8,65.2418,real_binance
2026-08-04T01:30:00+00:00,4046.46,4057.55,4046.26,4057.45,12.91,real_binance
2026-08-04T01:45:00+00:00,4057.45,4059.22,4054.92,4057.76,6.0161,real_binance
2026-08-04T02:00:00+00:00,4056.52,4057.76,4053.65,4055.19,7.2004,real_binance
2026-08-04T02:15:00+00:00,4055.19,4057.05,4053.99,4054.56,2.5539,real_binance
2026-08-04T02:30:00+00:00,4054.05,4061.44,4052.62,4060.22,42.1853,real_binance
2026-08-04T02:45:00+00:00,4059.79,4059.99,4055.74,4055.75,4.2724,real_binance
2026-08-04T03:00:00+00:00,4055.75,4058.75,4054.98,4055.91,59.6493,real_binance
2026-08-04T03:15:00+00:00,4055.91,4058.0,4055.11,4055.11,60.3285,real_binance
2026-08-04T03:30:00+00:00,4055.1,4055.11,4050.84,4050.84,5.0933,real_binance
2026-08-04T03:45:00+00:00,4050.38,4052.26,4050.01,4050.01,0.6981,real_binance
2026-08-04T04:00:00+00:00,4050.01,4053.12,4050.01,4053.12,4.599,real_binance
2026-08-04T04:15:00+00:00,4054.32,4057.59,4053.62,4057.27,5.2566,real_binance
2026-08-04T04:30:00+00:00,4057.68,4059.99,4057.6,4059.34,3.7502,real_binance
2026-08-04T04:45:00+00:00,4060.0,4061.9,4059.66,4060.54,8.5123,real_binance
2026-08-04T05:00:00+00:00,4060.85,4060.89,4054.6,4054.61,3.755,real_binance
2026-08-04T05:15:00+00:00,4054.61,4060.46,4054.48,4060.31,11.7735,real_binance
2026-08-04T05:30:00+00:00,4061.44,4063.59,4056.92,4060.08,7.4888,real_binance
2026-08-04T05:45:00+00:00,4059.88,4060.51,4056.44,4059.43,8.9681,real_binance
2026-08-04T06:00:00+00:00,4058.42,4061.9,4058.42,4060.46,1.0121,real_binance
2026-08-04T06:15:00+00:00,4060.47,4061.29,4057.95,4057.95,4.7009,real_binance
2026-08-04T06:30:00+00:00,4056.49,4056.5,4053.1,4056.5,7.3722,real_binance
2026-08-04T06:45:00+00:00,4057.1,4059.11,4056.25,4059.11,6.2915,real_binance
2026-08-04T07:00:00+00:00,4059.73,4061.9,4057.67,4057.67,4.1971,real_binance
2026-08-04T07:15:00+00:00,4057.66,4061.76,4057.66,4059.59,6.5549,real_binance
2026-08-04T07:30:00+00:00,4059.59,4063.08,4058.42,4058.87,19.3578,real_binance
2026-08-04T07:45:00+00:00,4058.87,4061.31,4058.87,4061.31,17.9559,real_binance
2026-08-04T08:00:00+00:00,4061.3,4067.94,4060.84,4063.83,135.7741,real_binance
2026-08-04T08:15:00+00:00,4063.83,4064.27,4057.42,4058.76,15.3373,real_binance
2026-08-04T08:30:00+00:00,4058.76,4060.58,4055.89,4056.44,33.9482,real_binance
2026-08-04T08:45:00+00:00,4056.43,4056.43,4052.63,4052.84,2.6708,real_binance
2026-08-04T09:00:00+00:00,4052.65,4052.65,4046.76,4047.45,43.7508,real_binance
2026-08-04T09:15:00+00:00,4047.79,4049.09,4046.78,4048.21,4.8904,real_binance
2026-08-04T09:30:00+00:00,4047.9,4048.56,4044.71,4047.46,10.2338,real_binance
2026-08-04T09:45:00+00:00,4047.46,4048.1,4046.04,4047.46,4.8947,real_binance
2026-08-04T10:00:00+00:00,4047.46,4047.46,4046.03,4046.94,2.5043,real_binance
2026-08-04T10:15:00+00:00,4046.94,4047.12,4044.74,4046.73,46.017,real_binance
2026-08-04T10:30:00+00:00,4046.72,4051.55,4044.94,4049.88,24.2061,real_binance
2026-08-04T10:45:00+00:00,4050.23,4057.64,4050.23,4052.21,29.9483,real_binance
2026-08-04T11:00:00+00:00,4051.72,4055.61,4050.73,4054.76,16.2976,real_binance
2026-08-04T11:15:00+00:00,4053.54,4056.89,4052.72,4056.88,6.0577,real_binance
2026-08-04T11:30:00+00:00,4056.89,4066.38,4056.89,4066.38,42.5403,real_binance
2026-08-04T11:45:00+00:00,4065.81,4079.08,4064.35,4071.49,129.5411,real_binance
2026-08-04T12:00:00+00:00,4071.17,4071.59,4058.75,4059.51,27.216,real_binance
2026-08-04T12:15:00+00:00,4059.37,4065.89,4058.7,4062.93,21.238,real_binance
2026-08-04T12:30:00+00:00,4063.68,4078.88,4063.68,4073.7,24.7775,real_binance
2026-08-04T12:45:00+00:00,4073.52,4074.19,4066.53,4066.95,6.8461,real_binance
2026-08-04T13:00:00+00:00,4067.71,4067.71,4058.32,4060.96,24.1525,real_binance
2026-08-04T13:15:00+00:00,4060.96,4085.88,4059.77,4074.18,205.9231,real_binance
2026-08-04T13:30:00+00:00,4074.19,4085.66,4071.82,4079.83,155.2138,real_binance
2026-08-04T13:45:00+00:00,4078.94,4089.03,4077.39,4079.17,112.4292,real_binance
2026-08-04T14:00:00+00:00,4079.18,4085.49,4078.46,4084.53,17.5426,real_binance
2026-08-04T14:15:00+00:00,4084.31,4086.0,4076.41,4080.34,161.9159,real_binance
2026-08-04T14:30:00+00:00,4078.12,4081.25,4071.25,4074.82,109.375,real_binance
2026-08-04T14:45:00+00:00,4075.34,4079.83,4073.45,4079.82,9.8733,real_binance
2026-08-04T15:00:00+00:00,4079.25,4080.0,4075.09,4079.8,13.5162,real_binance
2026-08-04T15:15:00+00:00,4079.01,4079.2,4070.8,4073.73,9.9413,real_binance
2026-08-04T15:30:00+00:00,4073.73,4082.29,4072.86,4080.01,19.7947,real_binance
2026-08-04T15:45:00+00:00,4080.01,4083.17,4079.19,4081.21,39.4465,real_binance
2026-08-04T16:00:00+00:00,4082.05,4083.04,4079.89,4081.0,39.6965,real_binance
2026-08-04T16:15:00+00:00,4081.0,4084.68,4079.37,4083.79,20.2404,real_binance
2026-08-04T16:30:00+00:00,4083.49,4084.95,4080.56,4084.5,32.3835,real_binance
2026-08-04T16:45:00+00:00,4084.51,4088.22,4084.51,4088.12,22.0444,real_binance
2026-08-04T17:00:00+00:00,4088.11,4099.22,4087.79,4093.0,71.1869,real_binance
2026-08-04T17:15:00+00:00,4093.93,4094.69,4088.95,4088.95,25.4289,real_binance
2026-08-04T17:30:00+00:00,4088.94,4089.89,4085.18,4089.18,35.2015,real_binance
2026-08-04T17:45:00+00:00,4089.86,4090.61,4081.59,4081.59,18.85,real_binance
2026-08-04T18:00:00+00:00,4081.1,4083.29,4080.21,4082.83,11.237,real_binance
2026-08-04T18:15:00+00:00,4082.99,4083.32,4080.38,4080.39,13.1009,real_binance
2026-08-04T18:30:00+00:00,4080.38,4080.39,4073.0,4073.0,11.8987,real_binance
2026-08-04T18:45:00+00:00,4073.01,4076.12,4071.51,4075.09,14.2164,real_binance
2026-08-04T19:00:00+00:00,4075.1,4079.12,4074.27,4077.49,9.858,real_binance
2026-08-04T19:15:00+00:00,4077.49,4079.24,4074.89,4075.0,9.5415,real_binance
2026-08-04T19:30:00+00:00,4075.0,4076.93,4074.39,4076.24,8.8213,real_binance
2026-08-04T19:45:00+00:00,4075.92,4076.32,4071.78,4073.08,9.1363,real_binance
2026-08-04T20:00:00+00:00,4073.07,4074.21,4073.04,4074.19,6.2353,real_binance
2026-08-04T20:15:00+00:00,4074.19,4074.19,4070.15,4070.67,25.7783,real_binance
2026-08-04T20:30:00+00:00,4070.67,4073.38,4070.67,4073.38,4.5435,real_binance
2026-08-04T20:45:00+00:00,4073.37,4073.45,4071.94,4073.36,2.7357,real_binance
2026-08-04T21:00:00+00:00,4073.35,4077.95,4073.35,4077.95,7.1232,real_binance
2026-08-04T21:15:00+00:00,4077.95,4079.7,4077.78,4078.28,32.6693,real_binance
2026-08-04T21:30:00+00:00,4078.27,4080.61,4078.0,4079.48,17.1116,real_binance
2026-08-04T21:45:00+00:00,4079.47,4079.48,4078.04,4078.04,9.7783,real_binance
2026-08-04T22:00:00+00:00,4078.04,4078.04,4072.36,4072.69,31.6799,real_binance
2026-08-04T22:15:00+00:00,4072.69,4074.73,4072.19,4074.73,3.5593,real_binance
2026-08-04T22:30:00+00:00,4075.0,4079.22,4075.0,4077.97,15.631,real_binance
2026-08-04T22:45:00+00:00,4077.97,4078.65,4072.81,4072.81,9.0968,real_binance
2026-08-04T23:00:00+00:00,4071.77,4072.29,4065.74,4070.14,12.0586,real_binance
2026-08-04T23:15:00+00:00,4070.13,4070.86,4062.84,4063.3,8.1362,real_binance
2026-08-04T23:30:00+00:00,4063.3,4065.21,4062.84,4064.03,14.0824,real_binance
2026-08-04T23:45:00+00:00,4064.45,4068.74,4064.45,4068.67,9.1257,real_binance
2026-08-05T00:00:00+00:00,4068.13,4069.27,4066.3,4067.18,5.3831,real_binance
2026-08-05T00:15:00+00:00,4067.19,4074.0,4067.19,4073.81,12.7048,real_binance
2026-08-05T00:30:00+00:00,4073.82,4076.84,4073.82,4074.27,6.6177,real_binance
2026-08-05T00:45:00+00:00,4073.51,4077.97,4073.5,4076.63,13.1302,real_binance
2026-08-05T01:00:00+00:00,4076.32,4080.42,4073.67,4080.12,15.0858,real_binance
2026-08-05T01:15:00+00:00,4080.12,4082.0,4077.37,4077.97,16.3873,real_binance
2026-08-05T01:30:00+00:00,4079.97,4086.33,4074.69,4086.33,10.8091,real_binance
2026-08-05T01:45:00+00:00,4086.33,4095.82,4086.33,4095.3,34.5538,real_binance
2026-08-05T02:00:00+00:00,4095.3,4097.19,4091.63,4094.99,32.785,real_binance
2026-08-05T02:15:00+00:00,4095.0,4101.52,4090.72,4097.79,53.6261,real_binance
2026-08-05T02:30:00+00:00,4097.79,4121.2,4096.72,4120.55,258.5286,real_binance
2026-08-05T02:45:00+00:00,4121.2,4126.87,4116.84,4122.37,201.17,real_binance
2026-08-05T03:00:00+00:00,4122.0,4127.65,4119.41,4127.57,48.1013,real_binance
2026-08-05T03:15:00+00:00,4127.76,4127.77,4122.04,4122.04,24.7826,real_binance
2026-08-05T03:30:00+00:00,4122.66,4122.66,4119.13,4120.2,22.2423,real_binance
2026-08-05T03:45:00+00:00,4120.19,4121.0,4119.14,4120.47,54.1269,real_binance
2026-08-05T04:00:00+00:00,4120.48,4133.32,4120.48,4130.85,85.0212,real_binance
2026-08-05T04:15:00+00:00,4130.85,4132.66,4130.16,4131.72,21.3693,real_binance
2026-08-05T04:30:00+00:00,4131.71,4131.92,4126.8,4128.45,17.047,real_binance
2026-08-05T04:45:00+00:00,4128.45,4129.23,4125.94,4129.23,34.1409,real_binance
2026-08-05T05:00:00+00:00,4129.23,4131.75,4129.03,4131.18,29.2909,real_binance
2026-08-05T05:15:00+00:00,4131.17,4134.99,4130.45,4131.85,28.7882,real_binance
2026-08-05T05:30:00+00:00,4133.44,4150.0,4131.29,4148.91,202.4943,real_binance
2026-08-05T05:45:00+00:00,4149.39,4163.19,4148.77,4153.25,269.0425,real_binance
2026-08-05T06:00:00+00:00,4153.24,4165.51,4152.28,4164.5,103.7497,real_binance
2026-08-05T06:15:00+00:00,4164.5,4164.86,4153.4,4159.9,54.1174,real_binance
2026-08-05T06:30:00+00:00,4159.91,4169.62,4158.78,4166.78,64.3337,real_binance
2026-08-05T06:45:00+00:00,4166.78,4168.57,4162.4,4168.18,159.49,real_binance
2026-08-05T07:00:00+00:00,4168.44,4169.81,4155.01,4157.1,146.6439,real_binance
2026-08-05T07:15:00+00:00,4157.31,4159.97,4154.83,4155.27,35.6268,real_binance
2026-08-05T07:30:00+00:00,4155.28,4157.56,4154.23,4157.56,38.3803,real_binance
2026-08-05T07:45:00+00:00,4157.57,4162.61,4156.91,4162.61,31.3093,real_binance
2026-08-05T08:00:00+00:00,4162.61,4163.47,4157.19,4157.19,35.595,real_binance
2026-08-05T08:15:00+00:00,4157.37,4158.46,4153.84,4156.25,30.7375,real_binance
2026-08-05T08:30:00+00:00,4156.48,4158.0,4154.04,4156.56,31.0073,real_binance
2026-08-05T08:45:00+00:00,4157.49,4157.49,4152.18,4153.59,40.0769,real_binance
2026-08-05T09:00:00+00:00,4153.58,4157.86,4152.38,4155.34,82.3301,real_binance
2026-08-05T09:15:00+00:00,4155.34,4155.34,4148.0,4149.73,26.4845,real_binance
2026-08-05T09:30:00+00:00,4149.73,4151.14,4147.31,4149.72,44.2347,real_binance
2026-08-05T09:45:00+00:00,4149.99,4151.12,4146.29,4150.51,14.7268,real_binance
2026-08-05T10:00:00+00:00,4150.51,4150.51,4142.95,4142.96,22.7214,real_binance
2026-08-05T10:15:00+00:00,4142.96,4151.15,4142.77,4150.24,153.0139,real_binance
2026-08-05T10:30:00+00:00,4150.23,4150.28,4148.0,4148.11,21.0228,real_binance
2026-08-05T10:45:00+00:00,4148.01,4154.67,4147.63,4154.43,96.6446,real_binance
2026-08-05T11:00:00+00:00,4154.44,4163.82,4154.44,4163.82,51.0888,real_binance
2026-08-05T11:15:00+00:00,4163.83,4172.47,4162.01,4167.56,73.0142,real_binance
2026-08-05T11:30:00+00:00,4167.65,4179.84,4166.72,4177.03,74.0666,real_binance
2026-08-05T11:45:00+00:00,4177.04,4183.95,4176.0,4181.23,65.3139,real_binance
2026-08-05T12:00:00+00:00,4181.31,4191.97,4181.31,4190.59,184.8205,real_binance
2026-08-05T12:15:00+00:00,4190.58,4204.49,4190.58,4198.93,513.3094,real_binance
2026-08-05T12:30:00+00:00,4198.94,4200.92,4186.4,4187.99,519.7578,real_binance
2026-08-05T12:45:00+00:00,4187.99,4188.72,4176.42,4177.79,93.0417,real_binance
2026-08-05T13:00:00+00:00,4177.11,4190.6,4177.11,4182.24,146.311,real_binance
2026-08-05T13:15:00+00:00,4182.25,4192.49,4181.12,4192.4,127.479,real_binance
2026-08-05T13:30:00+00:00,4191.68,4197.65,4186.34,4191.78,167.0073,real_binance
2026-08-05T13:45:00+00:00,4191.79,4200.4,4184.27,4200.39,234.7757,real_binance
2026-08-05T14:00:00+00:00,4200.16,4232.53,4197.93,4223.33,322.3479,real_binance
2026-08-05T14:15:00+00:00,4223.33,4233.43,4220.39,4229.21,203.628,real_binance
2026-08-05T14:30:00+00:00,4229.64,4236.66,4222.03,4235.85,137.6994,real_binance
2026-08-05T14:45:00+00:00,4235.85,4240.96,4226.47,4236.33,140.3041,real_binance
2026-08-05T15:00:00+00:00,4236.17,4251.99,4234.97,4249.56,168.6846,real_binance
2026-08-05T15:15:00+00:00,4249.56,4254.0,4241.45,4248.89,403.5372,real_binance
2026-08-05T15:30:00+00:00,4248.54,4250.44,4244.59,4247.51,141.9997,real_binance
2026-08-05T15:45:00+00:00,4247.22,4247.22,4226.03,4226.03,163.2606,real_binance
2026-08-05T16:00:00+00:00,4226.03,4229.42,4218.1,4226.57,193.4195,real_binance
2026-08-05T16:15:00+00:00,4226.97,4235.83,4226.05,4235.6,63.1403,real_binance
2026-08-05T16:30:00+00:00,4235.6,4240.53,4233.38,4238.74,46.7742,real_binance
2026-08-05T16:45:00+00:00,4238.75,4240.96,4232.76,4236.27,56.3199,real_binance
2026-08-05T17:00:00+00:00,4236.28,4237.69,4232.98,4235.72,19.4637,real_binance
2026-08-05T17:15:00+00:00,4235.72,4239.5,4230.8,4237.48,26.1437,real_binance
2026-08-05T17:30:00+00:00,4238.63,4244.99,4235.23,4243.51,30.4908,real_binance
2026-08-05T17:45:00+00:00,4243.52,4246.26,4242.0,4244.67,24.7085,real_binance
2026-08-05T18:00:00+00:00,4244.67,4250.9,4243.63,4247.73,45.7974,real_binance
2026-08-05T18:15:00+00:00,4247.73,4261.54,4246.94,4257.36,59.4053,real_binance
2026-08-05T18:30:00+00:00,4257.59,4257.59,4248.72,4252.94,48.4019,real_binance
2026-08-05T18:45:00+00:00,4253.15,4256.94,4252.0,4254.98,16.0963,real_binance
2026-08-05T19:00:00+00:00,4254.68,4255.25,4250.1,4251.54,18.046,real_binance
2026-08-05T19:15:00+00:00,4251.54,4251.54,4244.53,4246.6,41.3311,real_binance
2026-08-05T19:30:00+00:00,4246.59,4246.9,4242.43,4246.62,22.7353,real_binance
2026-08-05T19:45:00+00:00,4246.61,4246.62,4240.0,4240.17,31.0625,real_binance
2026-08-05T20:00:00+00:00,4240.16,4243.98,4240.16,4243.73,43.7863,real_binance
2026-08-05T20:15:00+00:00,4243.73,4243.73,4240.23,4240.87,22.8661,real_binance
2026-08-05T20:30:00+00:00,4240.87,4243.71,4240.56,4240.56,7.4473,real_binance
2026-08-05T20:45:00+00:00,4240.56,4244.92,4237.99,4243.44,58.8644,real_binance
2026-08-05T21:00:00+00:00,4243.44,4246.48,4243.44,4246.47,28.3805,real_binance
2026-08-05T21:15:00+00:00,4246.47,4246.47,4243.54,4243.54,25.3041,real_binance
2026-08-05T21:30:00+00:00,4243.55,4244.58,4243.0,4244.29,14.4341,real_binance
2026-08-05T21:45:00+00:00,4244.3,4244.34,4243.01,4243.1,21.21,real_binance
2026-08-05T22:00:00+00:00,4243.09,4246.97,4241.32,4242.79,95.2591,real_binance
2026-08-05T22:15:00+00:00,4242.79,4242.97,4242.3,4242.97,24.0092,real_binance
2026-08-05T22:30:00+00:00,4242.97,4244.64,4242.96,4243.19,12.3168,real_binance
2026-08-05T22:45:00+00:00,4243.2,4244.01,4242.91,4243.6,5.0886,real_binance
2026-08-05T23:00:00+00:00,4243.74,4252.33,4243.41,4250.49,26.6252,real_binance
2026-08-05T23:15:00+00:00,4250.49,4257.27,4250.49,4256.5,24.9567,real_binance
2026-08-05T23:30:00+00:00,4256.94,4274.99,4254.4,4273.74,133.3055,real_binance
2026-08-05T23:45:00+00:00,4273.73,4273.73,4265.76,4272.06,41.6827,real_binance
2026-08-06T00:00:00+00:00,4272.05,4272.05,4259.4,4265.96,139.8743,real_binance
2026-08-06T00:15:00+00:00,4265.95,4279.0,4265.95,4268.57,83.9184,real_binance
2026-08-06T00:30:00+00:00,4268.44,4284.01,4268.44,4280.17,64.9834,real_binance
2026-08-06T00:45:00+00:00,4280.53,4292.71,4280.53,4288.74,93.7002,real_binance
2026-08-06T01:00:00+00:00,4288.75,4296.0,4275.11,4278.78,84.6046,real_binance
2026-08-06T01:15:00+00:00,4278.73,4282.12,4268.16,4270.75,77.7571,real_binance
2026-08-06T01:30:00+00:00,4270.74,4290.47,4270.52,4282.66,71.9717,real_binance
2026-08-06T01:45:00+00:00,4282.66,4290.8,4278.02,4281.52,53.5698,real_binance
2026-08-06T02:00:00+00:00,4281.26,4296.98,4278.77,4289.2,104.9835,real_binance
2026-08-06T02:15:00+00:00,4289.21,4292.93,4285.22,4285.67,118.3088,real_binance
2026-08-06T02:30:00+00:00,4285.05,4285.05,4273.74,4277.4,56.2506,real_binance
2026-08-06T02:45:00+00:00,4278.44,4279.22,4268.89,4271.44,28.5991,real_binance
2026-08-06T03:00:00+00:00,4270.82,4274.25,4268.33,4268.33,24.7468,real_binance
2026-08-06T03:15:00+00:00,4268.33,4268.33,4255.0,4258.59,70.872,real_binance
2026-08-06T03:30:00+00:00,4258.34,4260.74,4255.96,4257.13,28.0993,real_binance
2026-08-06T03:45:00+00:00,4257.13,4260.72,4255.1,4260.71,132.0518,real_binance
2026-08-06T04:00:00+00:00,4260.72,4261.56,4256.9,4258.69,15.3189,real_binance
2026-08-06T04:15:00+00:00,4258.69,4258.69,4248.7,4250.08,32.5747,real_binance
2026-08-06T04:30:00+00:00,4250.34,4255.68,4250.34,4253.38,38.1243,real_binance
2026-08-06T04:45:00+00:00,4253.38,4257.78,4253.38,4257.32,11.6799,real_binance
2026-08-06T05:00:00+00:00,4257.31,4259.98,4251.76,4254.08,13.9748,real_binance
2026-08-06T05:15:00+00:00,4254.23,4254.23,4248.72,4248.82,15.992,real_binance
2026-08-06T05:30:00+00:00,4248.82,4260.02,4242.91,4258.58,52.9937,real_binance
2026-08-06T05:45:00+00:00,4258.58,4262.61,4257.12,4262.24,16.2031,real_binance
2026-08-06T06:00:00+00:00,4262.23,4263.99,4252.01,4254.21,66.1236,real_binance
2026-08-06T06:15:00+00:00,4255.97,4256.0,4250.71,4252.67,61.9256,real_binance
2026-08-06T06:30:00+00:00,4253.58,4253.58,4245.9,4251.35,82.0413,real_binance
2026-08-06T06:45:00+00:00,4251.83,4253.08,4246.71,4250.71,11.2944,real_binance
2026-08-06T07:00:00+00:00,4250.94,4258.62,4248.86,4258.52,8.0905,real_binance
2026-08-06T07:15:00+00:00,4258.35,4260.0,4255.1,4257.9,14.4887,real_binance
2026-08-06T07:30:00+00:00,4257.89,4257.89,4252.0,4252.3,8.5198,real_binance
2026-08-06T07:45:00+00:00,4252.29,4258.0,4249.13,4258.0,13.9186,real_binance
2026-08-06T08:00:00+00:00,4258.49,4265.56,4257.02,4265.04,20.3641,real_binance
2026-08-06T08:15:00+00:00,4265.05,4267.04,4260.6,4264.89,35.1218,real_binance
2026-08-06T08:30:00+00:00,4264.46,4271.29,4263.22,4268.75,40.9615,real_binance
2026-08-06T08:45:00+00:00,4269.08,4273.69,4266.73,4273.68,23.4736,real_binance
2026-08-06T09:00:00+00:00,4273.78,4278.1,4271.63,4274.03,41.8199,real_binance
2026-08-06T09:15:00+00:00,4274.5,4279.54,4274.5,4277.99,31.1722,real_binance
2026-08-06T09:30:00+00:00,4278.0,4278.57,4267.84,4267.85,15.0056,real_binance
2026-08-06T09:45:00+00:00,4267.84,4273.59,4267.27,4269.65,86.8105,real_binance
2026-08-06T10:00:00+00:00,4269.65,4269.65,4265.49,4266.19,28.9216,real_binance
2026-08-06T10:15:00+00:00,4265.77,4267.12,4263.92,4265.59,12.5452,real_binance
2026-08-06T10:30:00+00:00,4264.89,4265.69,4261.43,4262.16,68.8306,real_binance
2026-08-06T10:45:00+00:00,4262.15,4266.61,4261.76,4266.61,13.32,real_binance
2026-08-06T11:00:00+00:00,4266.61,4268.65,4261.83,4265.19,17.6373,real_binance
2026-08-06T11:15:00+00:00,4265.2,4267.36,4257.19,4260.27,14.332,real_binance
2026-08-06T11:30:00+00:00,4260.9,4262.96,4255.74,4256.23,12.8978,real_binance
2026-08-06T11:45:00+00:00,4256.68,4259.76,4250.97,4259.76,17.7601,real_binance
2026-08-06T12:00:00+00:00,4259.76,4260.76,4251.59,4252.71,46.9646,real_binance
2026-08-06T12:15:00+00:00,4252.71,4258.18,4250.43,4256.56,12.7304,real_binance
2026-08-06T12:30:00+00:00,4256.57,4266.16,4254.22,4263.27,30.306,real_binance
2026-08-06T12:45:00+00:00,4263.63,4263.76,4246.19,4246.74,19.2527,real_binance
2026-08-06T13:00:00+00:00,4246.54,4251.29,4227.36,4234.55,116.7285,real_binance
2026-08-06T13:15:00+00:00,4234.42,4243.72,4232.53,4243.68,71.5149,real_binance
2026-08-06T13:30:00+00:00,4243.71,4269.08,4242.83,4265.8,64.9902,real_binance
2026-08-06T13:45:00+00:00,4265.77,4265.77,4257.63,4263.56,16.5072,real_binance
2026-08-06T14:00:00+00:00,4263.56,4269.68,4260.27,4263.71,34.5646,real_binance
2026-08-06T14:15:00+00:00,4263.45,4263.46,4256.23,4260.85,33.9361,real_binance
2026-08-06T14:30:00+00:00,4261.15,4269.79,4261.15,4269.03,13.4867,real_binance
2026-08-06T14:45:00+00:00,4269.03,4269.81,4259.77,4266.82,29.7827,real_binance
2026-08-06T15:00:00+00:00,4266.83,4268.17,4257.75,4258.96,20.3854,real_binance
2026-08-06T15:15:00+00:00,4257.75,4257.75,4247.06,4250.0,50.1051,real_binance
2026-08-06T15:30:00+00:00,4249.71,4249.71,4241.56,4246.94,31.1821,real_binance
2026-08-06T15:45:00+00:00,4246.09,4246.35,4221.02,4228.87,66.5305,real_binance
2026-08-06T16:00:00+00:00,4228.88,4238.42,4227.58,4228.15,33.1451,real_binance
2026-08-06T16:15:00+00:00,4228.51,4228.51,4220.36,4227.08,65.1433,real_binance
2026-08-06T16:30:00+00:00,4227.09,4232.29,4227.09,4230.26,15.8977,real_binance
2026-08-06T16:45:00+00:00,4230.27,4239.77,4229.08,4239.42,42.5186,real_binance
2026-08-06T17:00:00+00:00,4239.42,4241.62,4238.0,4239.27,26.6358,real_binance
2026-08-06T17:15:00+00:00,4239.26,4239.77,4236.8,4237.91,14.2787,real_binance
2026-08-06T17:30:00+00:00,4239.01,4239.82,4236.29,4239.09,14.8124,real_binance
2026-08-06T17:45:00+00:00,4239.09,4244.53,4237.47,4243.81,21.7298,real_binance
2026-08-06T18:00:00+00:00,4243.81,4245.29,4241.28,4244.04,12.1751,real_binance
2026-08-06T18:15:00+00:00,4243.52,4245.43,4242.87,4243.07,17.9856,real_binance
2026-08-06T18:30:00+00:00,4243.06,4243.75,4237.87,4238.5,11.3758,real_binance
2026-08-06T18:45:00+00:00,4238.49,4242.07,4237.61,4239.6,11.3751,real_binance
2026-08-06T19:00:00+00:00,4239.6,4248.14,4239.6,4244.79,92.3998,real_binance
2026-08-06T19:15:00+00:00,4244.79,4245.62,4232.59,4234.16,24.5099,real_binance
2026-08-06T19:30:00+00:00,4234.45,4235.94,4230.64,4231.33,7.6252,real_binance
2026-08-06T19:45:00+00:00,4231.33,4247.37,4231.33,4245.99,34.883,real_binance
2026-08-06T20:00:00+00:00,4245.99,4251.76,4240.57,4240.91,128.6518,real_binance
2026-08-06T20:15:00+00:00,4241.41,4242.74,4237.96,4238.99,24.6216,real_binance
2026-08-06T20:30:00+00:00,4238.99,4239.53,4232.31,4232.31,12.2195,real_binance
2026-08-06T20:45:00+00:00,4232.16,4238.64,4232.0,4237.6,21.1027,real_binance
2026-08-06T21:00:00+00:00,4237.48,4239.12,4237.48,4239.12,18.7019,real_binance
2026-08-06T21:15:00+00:00,4239.12,4240.41,4239.11,4240.41,4.7341,real_binance
2026-08-06T21:30:00+00:00,4240.41,4240.41,4236.28,4236.28,8.9698,real_binance
2026-08-06T21:45:00+00:00,4236.28,4236.56,4235.31,4236.56,6.2006,real_binance
2026-08-06T22:00:00+00:00,4236.56,4237.79,4232.08,4235.52,31.9584,real_binance
2026-08-06T22:15:00+00:00,4235.51,4239.43,4235.51,4238.77,8.954,real_binance
2026-08-06T22:30:00+00:00,4239.21,4239.22,4236.01,4236.1,2.5998,real_binance
2026-08-06T22:45:00+00:00,4236.1,4238.93,4236.0,4237.97,4.9598,real_binance
2026-08-06T23:00:00+00:00,4237.96,4241.37,4236.96,4241.37,30.6202,real_binance
2026-08-06T23:15:00+00:00,4241.52,4242.66,4239.63,4241.54,12.8039,real_binance
2026-08-06T23:30:00+00:00,4241.53,4244.47,4241.53,4243.55,12.4405,real_binance
2026-08-06T23:45:00+00:00,4243.55,4248.73,4242.78,4248.73,7.1411,real_binance
2026-08-07T00:00:00+00:00,4248.72,4249.15,4240.26,4241.05,24.9905,real_binance
2026-08-07T00:15:00+00:00,4241.06,4242.43,4236.61,4239.48,12.7462,real_binance
2026-08-07T00:30:00+00:00,4240.3,4240.3,4227.0,4231.08,19.9607,real_binance
2026-08-07T00:45:00+00:00,4231.52,4233.59,4226.29,4228.45,19.6774,real_binance
2026-08-07T01:00:00+00:00,4228.81,4242.43,4228.81,4240.49,28.8249,real_binance
2026-08-07T01:15:00+00:00,4240.48,4245.07,4237.0,4240.01,13.6806,real_binance
2026-08-07T01:30:00+00:00,4240.48,4253.73,4236.29,4252.82,37.5916,real_binance
2026-08-07T01:45:00+00:00,4252.31,4254.17,4248.68,4252.15,38.7682,real_binance
2026-08-07T02:00:00+00:00,4252.16,4258.02,4251.38,4254.28,32.6564,real_binance
2026-08-07T02:15:00+00:00,4254.29,4256.51,4253.38,4256.3,17.5737,real_binance
2026-08-07T02:30:00+00:00,4256.98,4256.98,4245.74,4245.77,19.3665,real_binance
2026-08-07T02:45:00+00:00,4245.77,4251.25,4243.38,4246.07,62.3126,real_binance
2026-08-07T03:00:00+00:00,4246.07,4255.03,4246.07,4251.66,11.1847,real_binance
2026-08-07T03:15:00+00:00,4251.0,4253.89,4248.23,4253.51,16.8272,real_binance
2026-08-07T03:30:00+00:00,4254.64,4257.36,4253.9,4256.89,19.8579,real_binance
2026-08-07T03:45:00+00:00,4256.89,4262.15,4255.06,4262.15,15.501,real_binance
2026-08-07T04:00:00+00:00,4262.14,4264.09,4258.55,4262.59,49.4923,real_binance
2026-08-07T04:15:00+00:00,4262.59,4263.44,4258.11,4262.25,13.4341,real_binance
2026-08-07T04:30:00+00:00,4260.83,4264.23,4258.0,4259.98,19.1436,real_binance
2026-08-07T04:45:00+00:00,4259.97,4262.58,4258.22,4260.96,6.6698,real_binance
2026-08-07T05:00:00+00:00,4260.94,4266.33,4258.32,4265.95,20.6215,real_binance
2026-08-07T05:15:00+00:00,4265.71,4266.2,4260.69,4261.75,10.9084,real_binance
2026-08-07T05:30:00+00:00,4262.18,4272.0,4262.18,4267.23,32.9913,real_binance
2026-08-07T05:45:00+00:00,4267.23,4275.59,4267.23,4274.47,39.6608,real_binance
2026-08-07T06:00:00+00:00,4275.12,4285.96,4274.26,4282.76,39.8738,real_binance
2026-08-07T06:15:00+00:00,4282.76,4286.65,4278.37,4279.09,60.6502,real_binance
2026-08-07T06:30:00+00:00,4278.36,4290.17,4276.04,4287.72,52.0333,real_binance
2026-08-07T06:45:00+00:00,4288.11,4293.0,4285.01,4291.5,58.7282,real_binance
2026-08-07T07:00:00+00:00,4291.49,4292.0,4286.07,4287.94,35.8984,real_binance
2026-08-07T07:15:00+00:00,4286.29,4289.24,4281.87,4282.65,61.2367,real_binance
2026-08-07T07:30:00+00:00,4282.64,4285.53,4280.91,4281.42,34.368,real_binance
2026-08-07T07:45:00+00:00,4281.43,4287.58,4279.25,4286.81,47.9471,real_binance
2026-08-07T08:00:00+00:00,4286.8,4296.61,4285.5,4296.6,75.4389,real_binance
2026-08-07T08:15:00+00:00,4296.18,4296.71,4290.42,4290.42,25.3272,real_binance
2026-08-07T08:30:00+00:00,4290.42,4311.42,4290.42,4303.53,180.4549,real_binance
2026-08-07T08:45:00+00:00,4303.54,4305.51,4299.0,4302.05,36.4611,real_binance
2026-08-07T09:00:00+00:00,4302.05,4303.81,4300.25,4302.3,116.2101,real_binance
2026-08-07T09:15:00+00:00,4301.13,4307.0,4300.9,4301.36,93.6211,real_binance
2026-08-07T09:30:00+00:00,4301.38,4313.13,4297.81,4312.08,302.1589,real_binance
2026-08-07T09:45:00+00:00,4311.73,4315.43,4310.14,4311.29,50.618,real_binance
2026-08-07T10:00:00+00:00,4311.3,4313.84,4304.55,4304.55,35.2,real_binance
2026-08-07T10:15:00+00:00,4304.12,4309.21,4304.12,4309.15,31.0232,real_binance
2026-08-07T10:30:00+00:00,4309.15,4313.0,4308.51,4311.8,48.472,real_binance
2026-08-07T10:45:00+00:00,4310.87,4314.16,4310.58,4311.24,15.4322,real_binance
2026-08-07T11:00:00+00:00,4311.24,4319.63,4311.24,4314.45,54.5694,real_binance
2026-08-07T11:15:00+00:00,4314.45,4320.98,4311.25,4320.02,42.8656,real_binance
2026-08-07T11:30:00+00:00,4320.02,4321.71,4315.0,4316.89,58.9932,real_binance
2026-08-07T11:45:00+00:00,4317.61,4321.53,4316.28,4316.28,65.4936,real_binance
2026-08-07T12:00:00+00:00,4316.27,4319.07,4309.26,4309.26,79.8755,real_binance
2026-08-07T12:15:00+00:00,4309.26,4310.05,4288.88,4302.92,154.2121,real_binance
2026-08-07T12:30:00+00:00,4302.92,4362.93,4299.83,4356.15,618.8561,real_binance
2026-08-07T12:45:00+00:00,4356.87,4362.6,4345.21,4351.79,202.3505,real_binance
2026-08-07T13:00:00+00:00,4352.4,4355.09,4338.01,4340.66,98.4958,real_binance
2026-08-07T13:15:00+00:00,4339.64,4348.77,4331.91,4347.93,105.4227,real_binance
2026-08-07T13:30:00+00:00,4347.94,4359.13,4342.83,4350.82,157.6761,real_binance
2026-08-07T13:45:00+00:00,4350.3,4351.42,4334.91,4338.52,79.4155,real_binance
2026-08-07T14:00:00+00:00,4339.94,4339.94,4320.9,4326.29,61.6789,real_binance
2026-08-07T14:15:00+00:00,4326.9,4344.88,4323.42,4341.92,124.7004,real_binance
2026-08-07T14:30:00+00:00,4342.37,4342.93,4335.69,4336.74,87.7152,real_binance
2026-08-07T14:45:00+00:00,4336.32,4340.34,4332.78,4333.59,27.454,real_binance
2026-08-07T15:00:00+00:00,4333.69,4347.1,4333.69,4347.1,30.5271,real_binance
2026-08-07T15:15:00+00:00,4347.17,4349.64,4344.42,4344.42,19.8034,real_binance
2026-08-07T15:30:00+00:00,4343.62,4345.94,4340.0,4342.31,24.8027,real_binance
2026-08-07T15:45:00+00:00,4342.32,4344.21,4333.36,4334.27,47.454,real_binance
2026-08-07T16:00:00+00:00,4333.78,4340.82,4331.84,4339.32,70.7513,real_binance
2026-08-07T16:15:00+00:00,4339.21,4341.2,4327.5,4330.23,66.9243,real_binance
2026-08-07T16:30:00+00:00,4330.23,4333.82,4326.18,4330.41,40.3704,real_binance
2026-08-07T16:45:00+00:00,4330.42,4334.04,4323.25,4323.43,20.7076,real_binance
2026-08-07T17:00:00+00:00,4323.07,4330.94,4321.7,4327.73,27.1777,real_binance
2026-08-07T17:15:00+00:00,4327.48,4333.35,4327.02,4332.58,33.5983,real_binance
2026-08-07T17:30:00+00:00,4331.58,4331.74,4322.79,4329.86,10.5987,real_binance
2026-08-07T17:45:00+00:00,4329.78,4335.36,4328.67,4333.53,16.2377,real_binance
2026-08-07T18:00:00+00:00,4333.53,4335.48,4328.58,4328.58,11.4826,real_binance
2026-08-07T18:15:00+00:00,4328.39,4330.82,4325.63,4326.56,8.7761,real_binance
2026-08-07T18:30:00+00:00,4327.44,4331.82,4326.77,4326.77,8.8103,real_binance
2026-08-07T18:45:00+00:00,4327.29,4330.0,4327.29,4329.11,31.3159,real_binance
2026-08-07T19:00:00+00:00,4329.34,4338.46,4329.34,4336.8,42.5438,real_binance
2026-08-07T19:15:00+00:00,4336.79,4342.23,4336.37,4340.63,14.3089,real_binance
2026-08-07T19:30:00+00:00,4341.22,4341.22,4338.02,4340.56,9.2153,real_binance
2026-08-07T19:45:00+00:00,4340.57,4341.76,4333.81,4337.34,11.8162,real_binance
2026-08-07T20:00:00+00:00,4337.34,4338.25,4331.86,4335.31,8.0977,real_binance
2026-08-07T20:15:00+00:00,4335.76,4336.27,4331.61,4331.87,11.2419,real_binance
2026-08-07T20:30:00+00:00,4331.86,4335.73,4330.67,4334.46,5.4093,real_binance
2026-08-07T20:45:00+00:00,4334.46,4337.02,4333.21,4335.34,7.555,real_binance
2026-08-07T21:00:00+00:00,4335.34,4340.83,4335.34,4340.67,22.8941,real_binance
2026-08-07T21:15:00+00:00,4340.66,4340.9,4340.66,4340.9,6.0371,real_binance
2026-08-07T21:30:00+00:00,4340.89,4343.75,4338.98,4338.99,19.2995,real_binance
2026-08-07T21:45:00+00:00,4338.99,4340.47,4336.5,4338.28,5.9402,real_binance
2026-08-07T22:00:00+00:00,4338.29,4341.33,4338.28,4339.7,6.6602,real_binance
2026-08-07T22:15:00+00:00,4340.78,4341.1,4339.59,4339.59,3.9981,real_binance
2026-08-07T22:30:00+00:00,4339.11,4343.68,4338.2,4343.67,7.7947,real_binance
2026-08-07T22:45:00+00:00,4343.67,4343.73,4343.67,4343.73,2.1449,real_binance
2026-08-07T23:00:00+00:00,4343.74,4344.68,4342.36,4342.36,4.7611,real_binance
2026-08-07T23:15:00+00:00,4342.05,4344.34,4342.05,4344.1,3.5615,real_binance
2026-08-07T23:30:00+00:00,4344.09,4344.09,4338.2,4340.98,11.2678,real_binance
2026-08-07T23:45:00+00:00,4341.47,4344.86,4341.47,4344.47,7.8253,real_binance
2026-08-08T00:00:00+00:00,4344.46,4347.91,4339.57,4346.76,66.4873,real_binance
2026-08-08T00:15:00+00:00,4346.76,4347.35,4344.96,4346.36,51.2626,real_binance
2026-08-08T00:30:00+00:00,4346.36,4346.53,4342.64,4342.65,45.2371,real_binance
2026-08-08T00:45:00+00:00,4342.65,4344.77,4342.64,4344.58,19.3379,real_binance
2026-08-08T01:00:00+00:00,4344.57,4345.82,4343.08,4343.08,14.0444,real_binance
2026-08-08T01:15:00+00:00,4343.09,4344.01,4343.08,4343.08,9.2081,real_binance
2026-08-08T01:30:00+00:00,4343.08,4343.08,4337.88,4338.18,10.3498,real_binance
2026-08-08T01:45:00+00:00,4338.19,4339.83,4335.01,4338.15,20.0848,real_binance
2026-08-08T02:00:00+00:00,4338.16,4338.66,4335.0,4335.0,17.4906,real_binance
2026-08-08T02:15:00+00:00,4335.01,4339.17,4335.01,4337.62,16.8347,real_binance
2026-08-08T02:30:00+00:00,4337.63,4338.74,4336.83,4337.04,5.9166,real_binance
2026-08-08T02:45:00+00:00,4337.03,4338.75,4336.6,4338.74,4.998,real_binance
2026-08-08T03:00:00+00:00,4338.74,4338.75,4337.17,4337.17,4.333,real_binance
2026-08-08T03:15:00+00:00,4337.17,4338.19,4337.17,4337.17,0.7752,real_binance
2026-08-08T03:30:00+00:00,4337.18,4340.33,4337.18,4340.33,11.0752,real_binance
2026-08-08T03:45:00+00:00,4340.33,4340.33,4338.23,4340.33,13.7288,real_binance
2026-08-08T04:00:00+00:00,4340.33,4340.33,4336.74,4336.74,4.7522,real_binance
2026-08-08T04:15:00+00:00,4336.5,4339.48,4336.14,4338.15,15.3445,real_binance
2026-08-08T04:30:00+00:00,4338.16,4339.84,4337.02,4337.46,3.77,real_binance
2026-08-08T04:45:00+00:00,4337.46,4337.47,4333.27,4333.27,40.0324,real_binance
2026-08-08T05:00:00+00:00,4333.27,4335.32,4333.27,4334.12,15.1812,real_binance
2026-08-08T05:15:00+00:00,4334.12,4337.88,4334.11,4335.74,4.5733,real_binance
2026-08-08T05:30:00+00:00,4335.74,4336.92,4335.73,4336.91,2.1674,real_binance
2026-08-08T05:45:00+00:00,4336.91,4338.06,4335.87,4336.92,61.5195,real_binance
2026-08-08T06:00:00+00:00,4336.92,4338.99,4336.91,4338.99,3.3375,real_binance
2026-08-08T06:15:00+00:00,4338.99,4339.0,4337.34,4337.34,5.2131,real_binance
2026-08-08T06:30:00+00:00,4337.35,4337.88,4335.96,4337.35,15.8005,real_binance
2026-08-08T06:45:00+00:00,4337.89,4338.0,4337.88,4337.99,5.9239,real_binance
2026-08-08T07:00:00+00:00,4338.0,4340.24,4337.99,4339.95,8.6083,real_binance
2026-08-08T07:15:00+00:00,4339.96,4339.96,4338.9,4338.91,9.9892,real_binance
2026-08-08T07:30:00+00:00,4339.07,4339.08,4337.7,4338.2,7.6797,real_binance
2026-08-08T07:45:00+00:00,4338.21,4338.72,4338.2,4338.71,2.003,real_binance
2026-08-08T08:00:00+00:00,4338.72,4339.79,4338.22,4339.79,15.5567,real_binance
2026-08-08T08:15:00+00:00,4339.79,4340.54,4339.78,4340.54,4.3463,real_binance
2026-08-08T08:30:00+00:00,4340.54,4341.18,4339.99,4340.22,2.5427,real_binance
2026-08-08T08:45:00+00:00,4340.22,4341.86,4340.22,4341.81,7.1639,real_binance
2026-08-08T09:00:00+00:00,4341.81,4341.98,4339.61,4341.17,23.0799,real_binance
2026-08-08T09:15:00+00:00,4341.17,4341.76,4341.17,4341.57,7.4932,real_binance
2026-08-08T09:30:00+00:00,4341.58,4343.58,4341.21,4343.58,22.8461,real_binance
2026-08-08T09:45:00+00:00,4343.58,4344.91,4342.11,4342.75,17.9333,real_binance
2026-08-08T10:00:00+00:00,4342.75,4342.75,4342.24,4342.64,3.851,real_binance
2026-08-08T10:15:00+00:00,4342.63,4342.64,4341.42,4341.43,8.7778,real_binance
2026-08-08T10:30:00+00:00,4341.43,4341.43,4339.0,4339.02,7.868,real_binance
2026-08-08T10:45:00+00:00,4339.01,4339.01,4338.77,4338.86,5.7703,real_binance
2026-08-08T11:00:00+00:00,4338.86,4338.86,4338.85,4338.85,1.779,real_binance
2026-08-08T11:15:00+00:00,4338.86,4342.15,4338.85,4341.42,11.5336,real_binance
2026-08-08T11:30:00+00:00,4341.42,4342.99,4341.42,4341.71,3.736,real_binance
2026-08-08T11:45:00+00:00,4341.7,4341.7,4339.35,4340.24,32.6067,real_binance
2026-08-08T12:00:00+00:00,4340.71,4340.72,4339.03,4339.47,3.6402,real_binance
2026-08-08T12:15:00+00:00,4339.47,4339.75,4339.47,4339.74,0.9421,real_binance
2026-08-08T12:30:00+00:00,4339.74,4341.54,4339.74,4341.31,5.9822,real_binance
2026-08-08T12:45:00+00:00,4341.32,4342.13,4341.22,4341.24,9.7187,real_binance
2026-08-08T13:00:00+00:00,4341.25,4341.5,4341.25,4341.5,5.0686,real_binance
2026-08-08T13:15:00+00:00,4341.49,4342.54,4341.49,4341.93,13.9556,real_binance
2026-08-08T13:30:00+00:00,4341.93,4341.93,4341.92,4341.93,2.74,real_binance
2026-08-08T13:45:00+00:00,4341.92,4342.24,4341.92,4342.23,2.5981,real_binance
2026-08-08T14:00:00+00:00,4342.24,4342.53,4342.23,4342.53,3.7348,real_binance
2026-08-08T14:15:00+00:00,4342.52,4342.53,4342.3,4342.3,12.5057,real_binance
2026-08-08T14:30:00+00:00,4342.3,4342.3,4341.97,4341.99,6.6343,real_binance
2026-08-08T14:45:00+00:00,4341.99,4344.68,4341.99,4342.61,34.3765,real_binance
2026-08-08T15:00:00+00:00,4342.62,4343.87,4339.84,4342.89,38.3893,real_binance
2026-08-08T15:15:00+00:00,4342.72,4342.73,4342.72,4342.72,3.1816,real_binance
2026-08-08T15:30:00+00:00,4342.72,4345.38,4342.72,4345.02,22.9698,real_binance
2026-08-08T15:45:00+00:00,4345.01,4346.01,4345.01,4345.18,14.5679,real_binance
2026-08-08T16:00:00+00:00,4345.17,4345.18,4341.02,4341.22,19.1425,real_binance
2026-08-08T16:15:00+00:00,4341.22,4342.89,4341.08,4341.34,16.6618,real_binance
2026-08-08T16:30:00+00:00,4341.35,4342.27,4341.14,4342.0,7.6843,real_binance
2026-08-08T16:45:00+00:00,4342.0,4342.01,4341.26,4341.26,12.1631,real_binance
2026-08-08T17:00:00+00:00,4341.26,4342.63,4340.72,4340.73,10.3382,real_binance
2026-08-08T17:15:00+00:00,4340.73,4341.7,4340.72,4341.7,9.1702,real_binance
2026-08-08T17:30:00+00:00,4341.69,4341.86,4340.5,4341.86,17.8342,real_binance
2026-08-08T17:45:00+00:00,4341.86,4341.86,4341.64,4341.65,4.698,real_binance
2026-08-08T18:00:00+00:00,4341.65,4343.37,4341.65,4341.98,17.4199,real_binance
2026-08-08T18:15:00+00:00,4341.98,4341.98,4341.97,4341.97,5.1941,real_binance
2026-08-08T18:30:00+00:00,4341.98,4343.16,4341.97,4343.16,8.3741,real_binance
2026-08-08T18:45:00+00:00,4343.16,4343.16,4343.11,4343.12,3.8675,real_binance
2026-08-08T19:00:00+00:00,4343.12,4343.12,4342.9,4342.9,1.1572,real_binance
2026-08-08T19:15:00+00:00,4342.9,4342.9,4342.09,4342.09,4.2509,real_binance
2026-08-08T19:30:00+00:00,4342.09,4343.12,4341.35,4342.74,20.4983,real_binance
2026-08-08T19:45:00+00:00,4342.74,4342.75,4342.27,4342.28,5.1474,real_binance
2026-08-08T20:00:00+00:00,4342.28,4342.28,4341.61,4342.28,10.2015,real_binance
2026-08-08T20:15:00+00:00,4342.27,4342.28,4342.27,4342.28,2.0392,real_binance
2026-08-08T20:30:00+00:00,4342.28,4342.72,4342.27,4342.72,7.0962,real_binance
2026-08-08T20:45:00+00:00,4342.72,4342.72,4342.71,4342.72,1.5123,real_binance
2026-08-08T21:00:00+00:00,4342.72,4343.77,4342.71,4343.77,9.1987,real_binance
2026-08-08T21:15:00+00:00,4343.76,4343.77,4343.76,4343.76,1.6113,real_binance
2026-08-08T21:30:00+00:00,4343.76,4344.42,4342.97,4342.97,15.3255,real_binance
2026-08-08T21:45:00+00:00,4342.97,4342.98,4342.97,4342.97,2.4675,real_binance
2026-08-08T22:00:00+00:00,4342.97,4342.98,4342.97,4342.98,0.7184,real_binance
2026-08-08T22:15:00+00:00,4342.98,4342.98,4342.97,4342.98,0.5764,real_binance
2026-08-08T22:30:00+00:00,4342.98,4342.98,4342.97,4342.98,5.6329,real_binance
2026-08-08T22:45:00+00:00,4342.98,4342.98,4342.97,4342.98,5.0049,real_binance
2026-08-08T23:00:00+00:00,4342.98,4348.37,4342.98,4347.05,32.4434,real_binance
2026-08-08T23:15:00+00:00,4347.05,4347.05,4347.04,4347.05,2.2387,real_binance
2026-08-08T23:30:00+00:00,4347.05,4347.05,4347.04,4347.04,1.3948,real_binance
2026-08-08T23:45:00+00:00,4347.05,4347.05,4347.04,4347.04,0.5635,real_binance
2026-08-09T00:00:00+00:00,4347.05,4347.05,4347.04,4347.04,9.1345,real_binance
2026-08-09T00:15:00+00:00,4347.05,4348.64,4347.05,4347.93,22.9987,real_binance
2026-08-09T00:30:00+00:00,4347.93,4347.93,4345.0,4345.0,7.0765,real_binance
2026-08-09T00:45:00+00:00,4345.01,4345.91,4345.0,4345.9,4.6916,real_binance
2026-08-09T01:00:00+00:00,4345.75,4345.75,4344.24,4344.25,10.8786,real_binance
2026-08-09T01:15:00+00:00,4344.25,4344.25,4343.38,4343.42,5.001,real_binance
2026-08-09T01:30:00+00:00,4343.42,4343.42,4342.76,4342.99,7.4046,real_binance
2026-08-09T01:45:00+00:00,4342.99,4345.64,4342.98,4344.33,15.3273,real_binance
2026-08-09T02:00:00+00:00,4344.33,4346.43,4344.32,4346.42,1.9057,real_binance
2026-08-09T02:15:00+00:00,4346.43,4346.84,4346.09,4346.84,2.1375,real_binance
2026-08-09T02:30:00+00:00,4346.84,4346.84,4344.62,4346.42,2.9867,real_binance
2026-08-09T02:45:00+00:00,4346.42,4347.27,4346.42,4347.27,1.3316,real_binance
2026-08-09T03:00:00+00:00,4347.27,4347.28,4347.27,4347.28,0.7373,real_binance
2026-08-09T03:15:00+00:00,4347.28,4347.5,4345.99,4347.29,14.0293,real_binance
2026-08-09T03:30:00+00:00,4347.27,4347.28,4344.96,4345.75,40.8502,real_binance
2026-08-09T03:45:00+00:00,4345.74,4345.75,4343.83,4343.83,2.1203,real_binance
2026-08-09T04:00:00+00:00,4343.83,4345.48,4343.82,4345.48,1.5373,real_binance
2026-08-09T04:15:00+00:00,4345.48,4345.48,4345.47,4345.47,0.1373,real_binance
