timestamp,symbol,timeframe,index,f_body_size_pct,f_upper_wick_pct,f_lower_wick_pct,f_range_pct,f_close_position_in_range,f_bullish_candle,f_bearish_candle,f_ema20_distance_pct,f_ema20_slope,f_ema50_distance_pct,f_ema50_slope,f_ema100_distance_pct,f_ema100_slope,f_ema200_distance_pct,f_ema200_slope,f_ema20_vs_50,f_ema50_vs_100,f_ema100_vs_200,f_ema_alignment,f_rsi,f_rsi_distance_from_50,f_macd,f_macd_signal,f_macd_histogram,f_macd_histogram_slope,f_adx,f_atr,f_atr_pct,f_bb_position,f_bb_width,f_atr_percentile,f_structure_bias,f_last_bos_direction,f_last_bos_age,f_last_choch_direction,f_last_choch_age,f_bullish_fvg_present,f_bearish_fvg_present,f_nearest_bullish_fvg_distance_pct,f_nearest_bearish_fvg_distance_pct,f_bullish_ob_present,f_bearish_ob_present,f_nearest_bullish_ob_distance_pct,f_nearest_bearish_ob_distance_pct,f_demand_present,f_supply_present,f_buy_side_liquidity_distance_pct,f_sell_side_liquidity_distance_pct,f_liquidity_sweep_direction,f_liquidity_sweep_age,f_premium_discount_state,f_distance_from_equilibrium_pct,f_htf_1d_bias,f_htf_4h_bias,f_htf_1h_bias,f_htf_30m_bias,f_entry_15m_bias,f_mtf_alignment_score,f_higher_timeframe_bias,f_setup_bias,f_entry_bias,f_market_state_code,f_hour_utc,f_day_of_week,f_day_of_month,f_month,y_return_5,y_return_10,y_return_20,y_return_40,y_direction,y_mfe_5,y_mae_5,y_mfe_10,y_mae_10,y_mfe_20,y_mae_20,y_mfe_40,y_mae_40
2026-08-06T22:00:00+00:00,PAXGUSD,30m,80,0.03304848685141486,0.009442424814705296,0.1298333412020207,0.17232425286814085,0.9452054794519814,1,0,-0.10968365840033839,-1.7917041503778819,-0.039611905170278565,-0.27120119152186817,,,,,0.0007007175323005984,,,,46.03343954189936,-3.9665604581006377,-4.03643837695472,-3.6603607404791343,-0.376077636475586,0.5399972568792593,25.268597977862388,11.85733300081676,0.2799049384074586,0.3889833346222113,0.009165876853024389,0.04411764705882353,1,1,27,,,1,1,0.6904773145743827,-0.3352060809215764,1,0,1.2109909824843064,,1,0,,,,,-1,-0.017704546527569743,-1,1,1,1,0,60,1,0,0,0,22,3,6,8,-0.0026438789481138328,0.00365893961569331,0.011944667390585988,0.02049006184788258,UP,0.0025494546999669946,0.0031632123129218728,0.004555969973089133,0.0031632123129218728,0.013620697795193763,0.0031632123129218728,0.02903545630517917,0.0031632123129218728
2026-08-06T23:00:00+00:00,PAXGUSD,30m,82,0.1061596168817382,0.0235910259737196,0.014154615584218886,0.14390525843967666,0.8360655737704772,1,0,-0.029253798115775193,-1.195476640104971,0.025899582426998167,-0.14438833557960606,,,,,0.0005515338054277336,,,,48.12727062893886,-1.8727293710611406,-3.588353821959572,-3.6993582930047797,0.11100447104520761,0.7189690822448105,26.177396898051548,10.878516720091918,0.25663537049923135,0.4721008950430291,0.009214491948976266,0.014285714285714285,1,1,0,,,1,1,0.7537332798603369,-0.2712967986977754,1,0,0.09554365519354721,,1,0,,,,,1,0.12975064285545782,-1,1,1,1,0,60,1,0,0,0,23,3,6,8,0.002477057727240558,0.004647432116822932,0.01394229635046837,0.02285970416853442,UP,0.0030904244025573534,0.003798155181768727,0.0053315718700607155,0.003798155181768727,0.016136261766024333,0.003798155181768727,0.028380004246384722,0.003798155181768727
2026-08-07T00:00:00+00:00,PAXGUSD,30m,84,0.22189174515496154,0.016523853362599865,0.07317706489154129,0.3115926634091027,0.23484848484851564,0,1,-0.09454267859996746,0.03454179800883139,-0.041626319121425726,0.3060836625418233,,,,,0.0005291635947854172,,,,46.62947328343928,-3.3705267165607182,-2.6632975582069776,-3.3225291391565874,0.6592315809496099,0.9262262620973973,24.839358040883326,10.860047580079266,0.25635690532019134,0.4367152936873322,0.007363413654541892,0.027777777777777776,1,1,2,,,1,1,0.6928215659891972,-0.3328376177324423,1,0,0.034227981965390036,,1,0,,,,,1,0.06845596393080154,-1,1,1,1,0,60,1,0,0,0,0,4,7,8,0.0015343578122418147,0.005287633076033245,0.016216981800155753,0.021504614876188998,UP,0.004532256922314241,0.0031867431485022306,0.006420697306611859,0.0031867431485022306,0.017916578146023567,0.0031867431485022306,0.029011165403772073,0.0031867431485022306
2026-08-07T01:00:00+00:00,PAXGUSD,30m,86,0.27617136787442037,0.1392659034580346,0.0,0.41543727133245495,0.6647727272727375,1,0,-0.05013365111825425,-2.1027900474355192,-0.02383817672480133,-0.6254875533395534,,,,,0.00026295474393452924,,,,47.95580853856306,-2.044191461436938,-3.292563868083562,-3.3534450551409476,0.060881187057385766,-0.7872038473857743,25.2622301623492,11.582898168537696,0.2734072505260875,0.5293532491654325,0.005107112607703069,0.0945945945945946,-1,1,4,-1,1,1,1,0.6975097368110511,-0.3281010267909745,1,0,1.217986545497471,,1,0,,,,,-1,-0.038947244187410274,-1,1,1,1,0,60,1,-1,0,2,1,4,7,8,0.005287383453322232,0.00915850348164763,0.018741885990794203,0.023627994807034196,UP,0.005429009795822023,0.0009205712262479963,0.011117667886226925,0.0009205712262479963,0.019284786970376448,0.0009205712262479963,0.02896258704118962,0.0009205712262479963
2026-08-07T02:00:00+00:00,PAXGUSD,30m,88,0.10368176047397035,0.04937226689237702,0.016222316264625943,0.1692763436309733,0.7083333333332754,1,0,0.2924787139052519,2.1122285552737594,0.3484027319065198,1.0299132581440062,,,,,0.0005592401800126802,,,,56.53727912222276,6.537279122222763,-0.6840086279071329,-2.6064900572364214,1.9224814293292884,2.1070262803241127,22.267877654519044,11.78831525756563,0.2771504033847188,1.1144085011982012,0.005752420256717711,0.11842105263157894,1,1,0,1,1,1,1,0.18926035642072866,-0.3362016269337728,1,0,0.5489725866365603,,1,0,,,,,1,0.434946160718484,-1,1,1,1,0,60,1,0,0,0,2,4,7,8,0.0009874453378475403,0.005901161423802221,0.01041519725396158,0.01911412046833126,UP,0.0019043588658485835,0.0032444632529268994,0.008534348991395163,0.0032444632529268994,0.015352423943198426,0.0032444632529268994,0.024874218272440917,0.0032444632529268994
2026-08-07T03:00:00+00:00,PAXGUSD,30m,90,0.2093280334924768,0.009408001505293077,0.0,0.2187360349977699,0.9569892473117702,1,0,0.2248237454025196,2.4909626042035597,0.2927189463377199,1.2782859411008758,,,,,0.0006789520093520025,,,,54.87871053528122,4.878710535281222,0.4064546078525382,-1.6626535331490826,2.069108141001621,1.0037695787128036,20.95437072126122,11.783802441472393,0.2771550777682431,0.9540386437476105,0.00638489331808785,0.11538461538461539,1,1,2,1,3,1,1,1.052520168403227,-0.37632006021123104,1,0,0.5092080814732846,,1,0,,,,,1,0.2951760472281718,-1,1,1,1,0,60,1,0,0,0,3,4,7,8,0.004586400733824118,0.008255521320883497,0.02119152339064383,0.020627043300326886,UP,0.005033280805325058,9.408001505271685e-05,0.009925441588070611,9.408001505271685e-05,0.02528400404544065,9.408001505271685e-05,0.02528400404544065,9.408001505271685e-05
2026-08-07T04:00:00+00:00,PAXGUSD,30m,92,0.009392758183432024,0.05870473864650354,0.10097215047199036,0.16906964730192592,0.5972222222222626,0,1,0.31576696168467766,4.01777210911041,0.41907393101808044,2.00682989026609,,,,,0.0010330696933340273,,,,57.87478743712582,7.874787437125818,2.609472934018413,-0.27568276971725025,2.885155703735663,1.1789177483879287,18.277132434254504,11.21868679902464,0.2634360305974884,0.988886095078742,0.008420811492751368,0.0625,1,1,1,1,5,1,1,0.1268022354764391,-0.21368524867328145,1,0,0.277086366411501,,1,0,,,,,1,0.4567228666698146,-1,1,1,1,0,60,1,0,0,0,4,4,7,8,0.0069976048466630515,0.009251866810688873,0.01838632414408474,0.01946649133518049,UP,0.007302869487624913,0.0011036490865544374,0.011435683088338847,0.0011036490865544374,0.023622786831352896,0.0011036490865544374,0.023622786831352896,0.0011036490865544374
2026-08-07T05:00:00+00:00,PAXGUSD,30m,94,0.028177612886557356,0.11271045154625078,0.07044403221640408,0.2113320966492122,0.46666666666664647,1,0,0.262626741925134,3.7782669646012437,0.38998156137278583,2.0669736895542883,,,,,0.0012735481944765189,,,,57.786767909899204,7.786767909899204,3.783664474914076,1.0985907873283303,2.6850736875857457,0.02234633759407867,16.226652391266473,10.800296270587582,0.25360547281066015,0.8839313779242718,0.009320419225328861,0.024390243902439025,1,1,3,1,7,1,1,0.12914739239671943,-0.21133209664923355,1,0,0.2794279944583943,,1,0,,,,,1,0.4590602766102374,-1,1,1,1,0,60,1,0,0,0,5,4,7,8,0.005682485265456552,0.010871862305398404,0.01866766853734708,0.018573743161058625,UP,0.007279216662361754,0.0,0.01256251907859206,0.0,0.023598750792495363,0.0,0.023598750792495363,0.0
2026-08-07T06:00:00+00:00,PAXGUSD,30m,96,0.0935606857998269,0.1941384230346451,0.011695085724978363,0.2993941945594504,0.351562499999995,1,0,0.5402545702496461,5.864295633153233,0.7206309086861629,3.0768949744788188,,,,,0.0018037633843651668,,,,65.30188139657851,15.301881396578509,6.513958727568024,2.8321553784013465,3.6818033491666777,0.8697828085701027,17.450768280674016,11.181888110863833,0.2615462800473378,1.0409316831946773,0.012364622183388213,0.09523809523809523,1,1,1,1,9,1,0,0.1906298973171601,,1,0,0.6666198863237667,,1,0,,,,,1,0.8455546979159484,-1,1,1,1,0,80,1,1,0,3,6,4,7,8,0.005262788576240264,0.009496409608682303,0.011671695553528321,0.01349612892662499,UP,0.007484854863986153,0.0007718756578486145,0.01003438355203135,0.0007718756578486145,0.01962435384651361,0.0007718756578486145,0.01962435384651361,0.0007718756578486145
2026-08-07T07:00:00+00:00,PAXGUSD,30m,98,0.2290522379338596,0.01168633867009466,0.01168633867009466,0.25242491527404887,0.04629629629629552,0,1,0.4832048665369574,8.05489959992883,0.7250447934259387,4.245607394741455,,,,,0.0024183992688898144,,,,63.01522091102433,13.015220911024329,9.244319851983164,5.028207378651201,4.216112473331963,0.9636574582065767,20.090624099478593,11.586934136408102,0.2708176729322917,0.9055007950542664,0.015597165207934662,0.16279069767441862,1,1,1,1,11,1,0,0.26527988781115724,,1,0,0.7409138716839971,,1,0,,,,,1,0.9197148533364582,-1,1,1,1,0,80,1,1,0,3,7,4,7,8,0.006801449105995176,0.004487554049316307,0.011429239219352492,0.012574500409021897,UP,0.007876592263643758,0.0008180437069066262,0.009395816290756063,0.0008180437069066262,0.01886175061353274,0.0008180437069066262,0.01886175061353274,0.0008180437069066262
2026-08-07T08:00:00+00:00,PAXGUSD,30m,100,0.11197163385276154,0.16562470840719076,0.006998227115801574,0.2845945693757539,0.41803278688528195,1,0,0.5611163265907537,7.096187654363348,0.8501551826112825,4.142754077190148,1.1566030236036684,,,,0.0028903885602052895,0.0030644784099238577,,,66.20454981490144,16.20454981490144,10.86009825745532,6.996473003451511,3.863625254003809,-0.7044702736636435,22.177783008168678,11.48567280129062,0.26793115613722635,0.913801452655338,0.017145576460098122,0.14772727272727273,1,1,3,1,13,1,0,0.4583838760847379,,1,0,0.9330969487729774,,1,0,,,,,1,0.7126527946253658,-1,1,1,1,0,80,1,1,0,3,8,4,7,8,0.004618829896426281,0.012830083045628441,0.008444527386395404,0.010893906876924469,UP,0.005925165624708322,2.3327423719409303e-05,0.016889054772790808,0.0027059811514417195,0.016889054772790808,0.0027059811514417195,0.016889054772790808,0.0027059811514417195
2026-08-07T09:00:00+00:00,PAXGUSD,30m,102,0.002326663564457045,0.11865984178686492,0.05118659841786454,0.17217310376918651,0.2972972972972873,0,1,0.6718449662540666,8.910031163775784,1.0234629854394324,5.143541922082477,1.3588132919515086,3.3811047119243085,,,0.0035161801918536582,0.0033535030651207637,,,70.10377026118486,20.103770261184863,13.226566317071047,9.084072525325283,4.142493791745764,0.13305654654834242,26.00807105977125,11.798360731725072,0.2745081603472562,0.9271265035461064,0.01938524915366895,0.23333333333333334,1,1,0,1,15,1,0,0.07328990228012182,,1,0,0.33969288040950124,,1,0,,,,,1,0.9713820381572825,-1,1,1,1,0,80,1,1,0,3,9,4,7,8,0.0032805956258725837,0.009050721265704895,0.008794788273615678,0.007631456491391387,UP,0.00481619357840852,0.0009306654257794323,0.014239181014425272,0.005304792926942806,0.014239181014425272,0.005304792926942806,0.014239181014425272,0.005304792926942806
2026-08-07T10:00:00+00:00,PAXGUSD,30m,104,0.060394889663190794,0.06968641114982578,0.13240418118466477,0.26248548199768135,0.5044247787610378,0,1,0.6769747085472794,9.771703515018089,1.0910521979455197,5.814088487089066,1.4584623643589065,3.7948247506692496,,,0.004140774893982403,0.00367410166413387,,,71.04658179239725,21.046581792397248,15.30542872852675,11.211178006519852,4.0942507220068975,-0.11365357374241647,30.11549410103078,12.18736205949764,0.2830978411033134,0.8900270709939032,0.021497136088480136,0.2826086956521739,1,1,2,1,17,1,0,0.2357723577235688,,1,0,0.5017421602787541,,1,0,,,,,1,1.132404181184669,-1,1,1,1,0,80,1,1,0,3,10,4,7,8,0.009988385598141697,0.007711962833914011,0.005203252032520241,0.006364692218350671,UP,0.012590011614401816,0.006922183507549404,0.012590011614401816,0.006922183507549404,0.012590011614401816,0.006922183507549404,0.012590011614401816,0.006922183507549404
2026-08-07T11:00:00+00:00,PAXGUSD,30m,106,0.20667763386547588,0.05329131814917357,0.0,0.2599689520146495,0.79500891265596,1,0,0.7780751958871669,9.53057816081946,1.2458673607557422,6.016542275086977,1.6445682512383482,3.977303929154914,,,0.004677921648685755,0.003987008904826061,,,74.60247366008117,24.602473660081174,16.76690444425458,13.058123587371709,3.7087808568828695,-0.7053903458884943,34.00728729547451,11.741654020689214,0.27205574783218367,0.9367287434634495,0.020687899265978717,0.20212765957446807,1,1,0,1,19,1,0,0.48773141175651136,,1,0,0.7530294955860887,,1,0,,,,,1,1.1214346949651206,-1,1,1,1,0,80,1,1,0,3,11,4,7,8,0.004379156143562304,0.0021548228642925423,0.004796218633425411,0.004355986005236494,UP,0.010032669895039316,0.009430246298570361,0.010032669895039316,0.009430246298570361,0.010032669895039316,0.009430246298570361,0.010032669895039316,0.009430246298570361
2026-08-07T12:00:00+00:00,PAXGUSD,30m,108,0.3327361146659884,0.09772669102077432,0.5235358447541708,0.9539986504409336,0.5487804878048781,0,1,0.2640932712110492,7.565847428698362,0.751394863327932,5.472402153974144,1.173392736612961,3.7829189108560968,,,0.004873015921168829,0.00421997873285029,,,60.320724725090926,10.320724725090926,15.879977503858754,14.256788378303684,1.6231891255550703,-2.0558123409694726,33.42648357828372,13.556834334165666,0.3154439429035453,0.673130664150569,0.02035874968259271,0.5,1,1,2,1,21,1,0,0.710845335877334,,1,0,1.1843544221327602,,1,0,,,,,1,0.7027014449589273,-1,1,1,1,0,80,1,1,0,3,12,4,7,8,0.007120087488656808,0.006910673150755013,0.008609256113735255,0.008841938711403775,UP,0.014309979756614003,0.000604974753938026,0.014309979756614003,0.000604974753938026,0.014309979756614003,0.000604974753938026,0.014309979756614003,0.000604974753938026
2026-08-07T13:00:00+00:00,PAXGUSD,30m,110,0.1404947256897935,0.0875213045280801,0.3754203325809614,0.603436362798835,0.622137404580164,0,1,1.0331371954983315,11.78791592235848,1.6187984831130886,7.4257737684311,2.0890392515422045,4.845759067277868,,,0.00585661287614757,0.0047024076842911615,,,71.38863688037327,21.38863688037327,20.40806171123768,16.21658673695501,4.19147497428267,1.02000493610986,33.37918166622346,17.812270420785655,0.41025082732474216,0.9877841495261304,0.023608357646284165,0.9387755102040817,1,1,4,1,23,1,0,0.4825187710166249,,1,0,2.188032613201898,,1,0,,,,,1,1.1078354599474955,-1,1,1,1,0,80,1,1,0,3,13,4,7,8,-0.0029711179695058607,-0.004330001381915376,-0.0005527661338616578,-0.0011515961122115252,DOWN,0.002948086047261546,0.0061495232392095025,0.002948086047261546,0.0061495232392095025,0.002948086047261546,0.0061495232392095025,0.002948086047261546,0.0061495232392095025
2026-08-07T14:00:00+00:00,PAXGUSD,30m,112,0.048421683691103196,0.09453757292075823,0.45424150891189147,0.5972007655237529,0.8416988416988255,1,0,0.7583599570111399,11.78920101580843,1.3935399678714255,7.817332878893467,1.9017781398025262,5.156051820251378,,,0.006351800108602858,0.005082381719311007,,,68.12698950408289,18.126989504082886,21.151124869170417,17.947094324628438,3.204030544541979,-0.4436879157806377,32.46078924859018,18.893233168942743,0.43563912400430593,0.8587137413751258,0.02387037463376642,1.0,1,1,6,1,25,1,0,1.608291636883488,,1,0,2.0775208097950024,,1,0,,,,,1,0.45424150891189147,-1,1,1,1,0,80,1,1,0,3,14,4,7,8,-0.004265719753741152,-0.0002536373907628616,0.0010606654522816675,-2.3057944614691212e-05,NEUTRAL,0.001936867347644757,0.004450183310659521,0.001936867347644757,0.004680762756807691,0.001936867347644757,0.004680762756807691,0.001936867347644757,0.004680762756807691
2026-08-07T15:00:00+00:00,PAXGUSD,30m,114,0.2120695219215301,0.16366234843945332,0.013830620994891057,0.38956249135587445,0.5798816568047258,1,0,0.664797179859923,8.81111466373477,1.3222607196196783,6.8409135879373935,1.859879111248085,4.759167129721391,,,0.0065746353975975535,0.005376183916284066,,,66.2941720603081,16.2941720603081,20.45549200881851,18.849068231678288,1.6064237771402219,-2.1115760290114913,30.990071358605054,18.214573497710823,0.41986477105045467,0.8297003518304754,0.02155309081914532,0.95,1,1,8,1,27,1,0,1.6377760361440272,,1,0,2.106864598220452,,1,0,,,,,1,0.024203586741048867,-1,1,1,1,0,80,1,1,0,3,15,4,7,8,-0.0021667972891982012,-0.0024895117790789227,-9.220413996580061e-05,-0.00023051034991471118,DOWN,0.0007376331197270339,0.0049790235581576355,0.0007376331197270339,0.0049790235581576355,0.0011295007145822105,0.0049790235581576355,0.0011295007145822105,0.0049790235581576355
2026-08-07T16:00:00+00:00,PAXGUSD,30m,116,0.08554517710163272,0.18496254508462037,0.07467862757790539,0.34518634976415846,0.21634293369053564,0,1,0.29242344991964364,6.2281460172516745,0.9435802477267327,5.891900624620575,1.5018818733116195,4.355886387451392,,,0.006511567978070889,0.00558301625584887,,,59.46979008066141,9.469790080661411,18.20856664967141,18.822819170931172,-0.6142525212597612,-2.615724372318919,29.465497145967475,17.660627148536303,0.4083193181479771,0.64750594101654,0.01922385611416357,0.89,1,1,10,1,29,1,0,1.3421344677702807,,1,0,1.8126329418292713,,1,0,,,,,-1,-0.11560159067790876,-1,1,1,1,0,80,1,1,0,3,16,4,7,8,-0.0002774438176268885,0.0026357162674559664,0.0018033848145750906,0.0023582724498288675,UP,0.0015490613150836536,0.0019883473596595427,0.003121242948302969,0.0019883473596595427,0.004138536946268507,0.0019883473596595427,0.004138536946268507,0.0019883473596595427
2026-08-07T17:00:00+00:00,PAXGUSD,30m,118,0.20843924758514415,0.05083884087444488,0.04113324398021319,0.3004113324398022,0.8307692307691747,1,0,0.29879171864462384,3.2493440186572116,0.9253480249435975,4.634007458560518,1.4951388816603066,3.7710658252526628,,,0.006265563062989736,0.005697908567167093,,,59.379286135565,9.379286135565003,15.616966784406031,17.80328667321895,-2.1863198888129176,-2.695576167084205,26.890632044364896,16.96554075562568,0.39204928491994456,0.6429204825676745,0.01699418976178895,0.85,1,1,12,1,31,1,0,1.3922909830383141,,1,0,1.8625502611267613,,1,0,,,,,-1,-0.06470397929475184,-1,1,1,1,0,80,1,1,0,3,17,4,7,8,0.001155428201691547,0.0016869251744697005,0.0011323196376578422,0.002264639275315474,UP,0.002611267735822938,0.0021259878911124045,0.0027499191200260078,0.0021259878911124045,0.0036280445533116257,0.0021259878911124045,0.0036280445533116257,0.0021259878911124045
2026-08-07T18:00:00+00:00,PAXGUSD,30m,120,0.13416608836456587,0.0717094610224255,0.048577376821660044,0.2544529262086514,0.19090909090912397,0,1,0.14995982217033374,3.408193176270288,0.7560542386970841,4.593714689735862,1.3375795420143328,3.7841599993444106,,,0.006060944165267504,0.005815253033172486,,,56.71381600692341,6.713816006923409,13.691092497683712,16.514994467476928,-2.8239019697932157,-0.9320918677572294,24.87897834446697,16.28967544745274,0.37681414405396113,0.5329820772783437,0.013893155892490402,0.84,1,1,14,1,33,1,0,1.291926902613934,,1,0,1.7626648160999263,,1,0,,,,,-1,-0.18390006939626943,-1,1,1,1,0,80,1,1,0,3,18,4,7,8,0.0018968309044644501,0.0037936618089289002,0.0024288688410825814,0.003377284293314912,UP,0.003631737219523437,0.0002313208420078649,0.004024982650936765,0.0002313208420078649,0.004649548924358169,0.0002313208420078649,0.004649548924358169,0.0002313208420078649
2026-08-07T19:00:00+00:00,PAXGUSD,30m,122,0.23386687577841062,0.06688500392083666,0.012915724895047989,0.31366760459429527,0.7867647058823711,1,0,0.38750717846665766,3.1636229855630518,0.9786286641841913,4.386893106518983,1.5702596972768261,3.708396446777442,,,0.005911214857175336,0.00591631033092635,,,61.86043056734885,11.86043056734885,12.674349316363987,15.13233694545663,-2.457987629092644,-0.12872077591776865,24.033719241684306,15.447220156222006,0.35627151059140194,0.7201558470718855,0.012163835941266445,0.76,1,1,16,1,35,1,0,1.5833294893676033,,1,0,2.052677706536279,,1,0,,,,,1,0.1118594031089869,-1,1,1,1,0,80,1,1,0,3,19,4,7,8,-0.00041514830019839056,0.0013146362839613953,-0.0011531897227731907,0.0005765948613865953,NEUTRAL,0.0008072328059412334,0.0023525070344572667,0.0016836569952489002,0.0023525070344572667,0.0016836569952489002,0.0023525070344572667,0.0016836569952489002,0.0023525070344572667
2026-08-07T20:00:00+00:00,PAXGUSD,30m,124,0.1155428201691547,0.03235198964737592,0.009243425613523969,0.1571382354300546,0.05882352941170963,0,1,0.14897187766715425,3.7235099723102394,0.7215926517724409,4.537074336313708,1.3228723421675934,3.8127628247093526,,,0.005726207741052867,0.006012796903951525,,,56.83773477423902,6.837734774239017,11.394684744853294,13.925042345173818,-2.5303576003205244,0.5422848586680278,23.869169996872518,14.388674522456753,0.3325016065641437,0.5173930917688879,0.0108966330395032,0.6,1,1,18,1,37,1,0,1.3922909830383141,,1,0,1.8625502611267613,,1,0,,,,,0,-0.005777141008457735,-1,1,1,1,0,80,1,1,0,3,20,4,7,8,0.002680593427924473,0.0024032906595185437,0.001155428201691547,0.0022184221472478544,UP,0.0027499191200260078,0.0004159541526087888,0.0036280445533116257,0.0004159541526087888,0.0036280445533116257,0.0004159541526087888,0.0036280445533116257,0.0004159541526087888
2026-08-07T21:00:00+00:00,PAXGUSD,30m,126,0.10376792879214129,0.0,0.0,0.10376792879214129,1.0,1,0,0.30608144699162,3.0516714285804483,0.8652204141019402,4.179590727216237,1.4745496889190017,3.6571403239859137,,,0.0055913896711032,0.006093292748170618,,,60.870824714328876,10.870824714328876,10.802929000446056,12.815163739326154,-2.012234738880098,0.2865860619306382,23.56349449476766,13.216765277016297,0.30477252402841615,0.6814131824142967,0.009875086866602593,0.45,1,1,20,1,39,1,0,1.6014850343587308,,1,0,2.070746667896513,,1,0,,,,,1,0.20638288059772,-1,1,1,1,0,80,1,1,0,3,21,4,7,8,0.0007148457316790697,-0.0008301434303372143,-0.000438131254900278,0.0002075358575841987,NEUTRAL,0.0008762625098001365,0.0009685006687268199,0.001498870082553152,0.0016602868606744286,0.001498870082553152,0.0019139417977217593,0.001498870082553152,0.0019139417977217593
2026-08-07T22:00:00+00:00,PAXGUSD,30m,128,0.013841788359043403,0.05306018870971883,0.011534823632546659,0.07843680070130889,0.32352941176458,1,0,0.21617690846093873,3.4001210560491018,0.7591872120283674,4.244135846230165,1.375550726895461,3.711149133946492,,,0.005430103035674287,0.0061636351486709364,,,59.472439081670075,9.472439081670075,10.027758752306,11.871809288885727,-1.8440505365797275,0.5832291479308456,24.07506743404215,12.096598631713041,0.2790642635410303,0.6071942530285606,0.006266919156361778,0.27,1,1,22,1,41,1,0,0.057674118162733296,,1,0,2.027821994601694,,1,0,,,,,1,0.05882760052599216,-1,1,1,1,0,80,1,1,0,3,22,4,7,8,0.0011765520105198432,-0.0005536715343621557,0.00023069647265093316,0.0006920894179527995,NEUTRAL,0.0019378503702679646,0.0002537661199159006,0.0019378503702679646,0.0012226913050499878,0.0019378503702679646,0.0014764574249658885,0.0019378503702679646,0.0014764574249658885
2026-08-07T23:00:00+00:00,PAXGUSD,30m,130,0.009217864220851643,0.023044660552150067,0.046089321104300134,0.07835184587730185,0.705882352941145,1,0,0.26622560873341683,3.5044074857896703,0.8003804865680508,4.219980840753124,1.424423202748132,3.719142501891838,,,0.005341548778346339,0.006240427161800812,,,61.75141466432116,11.75141466432116,9.829133564953736,11.15772923361589,-1.328595668662155,0.6007715965198326,24.987566061334384,11.044516167140264,0.2545171260344809,0.85554948937996,0.005311815728377562,0.06,1,1,0,1,43,1,0,0.1659215559754763,,1,0,0.20740194496935063,,1,0,,,,,1,0.16016039083741782,-1,1,1,1,0,80,1,1,0,3,23,4,7,8,-0.0014518136147852866,-0.0013596349725767702,-0.000599161174355776,-0.0002995805871777832,NEUTRAL,0.0008526524404297202,0.0018896621652762637,0.0008526524404297202,0.002304466055215007,0.0008526524404297202,0.002557957321288532,0.0008526524404297202,0.002557957321288532
2026-08-08T00:00:00+00:00,PAXGUSD,30m,132,0.036853622020047536,0.036853622020047536,0.02533686513876435,0.09904410917885942,0.6279069767441172,1,0,0.26099355179661826,3.537621547325216,0.7846921951922257,4.181920030237052,1.4151853896509163,3.7198623332069474,,,0.005236986433956072,0.006304931944586907,,,62.89638099694963,12.896380996949631,9.519940745497479,10.58682834595307,-1.0668876004555905,0.4608369519615998,25.233932322682886,10.208281797177065,0.235132599267006,0.8901134484299386,0.005802281649362616,0.01,1,1,1,1,45,1,0,0.2142116779914818,,1,0,0.25567200276403,,1,0,,,,,1,0.20845329955082975,-1,1,1,1,0,80,1,1,0,3,0,5,8,8,-0.0017505470459519437,-0.0024645859725900767,-0.0010825751468386082,-0.0006219048715881189,DOWN,2.303351376260827e-05,0.002787055165265545,2.303351376260827e-05,0.0030404238166531886,2.303351376260827e-05,0.0030404238166531886,9.21340550500141e-05,0.0030404238166531886
2026-08-08T01:00:00+00:00,PAXGUSD,30m,134,0.04610632117663332,0.025358476647135742,0.016137212411817467,0.08760201023558653,0.1842105263157769,0,1,0.140033766006213,2.7493908811438814,0.6444971962260624,3.800918874509989,1.278006166270296,3.5441398615594153,,,0.005044634302198494,0.0063350897004423356,,,59.34902301631444,9.34902301631444,8.657046360120148,9.976460307945647,-1.319413947825499,-0.10269799762980014,25.272580689634335,9.33214093736184,0.21513534366180645,0.7150465078546655,0.0059572671787391,0.01,1,1,3,1,47,1,0,0.12909769929458165,,1,0,0.17059338835355584,,1,0,,,,,1,0.07953340402968828,-1,1,1,1,0,80,1,1,0,3,1,5,8,8,-0.00046106321176633315,-0.0012448706717692252,-0.0001383189635299838,0.00027663792705975794,NEUTRAL,9.221264235318276e-05,0.001936465489418725,9.221264235318276e-05,0.0021900502558900824,0.00036885056941294073,0.0021900502558900824,0.0009451795841208571,0.0021900502558900824
2026-08-08T02:00:00+00:00,PAXGUSD,30m,136,0.006692822524808762,0.03715670436186643,0.0830833141010931,0.1269328409877683,0.6545454545455207,0,1,0.023876921843601538,0.8792065943143825,0.4932519918471483,2.9254925865816404,1.1227746750506684,3.107471305082072,,,0.004693750700035467,0.006295226832035203,,,54.87149977234689,4.871499772346887,6.979216120723322,9.024042800627234,-2.0448266799039114,-0.9227684756997192,22.960156290118366,8.903733767419139,0.20548658590858848,0.5060604205592811,0.005712350430816436,0.01,1,1,5,1,49,1,1,1.519732287099016,-0.06923609508423724,1,0,0.060004615739680675,,1,0,,,,,-1,-0.031156242787915157,-1,1,1,1,0,80,1,1,0,3,2,5,8,8,-0.0008908377567504437,0.0003923378721439691,0.0005538887606738141,0.0013385645049619622,NEUTRAL,0.0007154396492038688,0.0010385414262635588,0.0007154396492038688,0.0010846988229863417,0.0014770366951303107,0.0010846988229863417,0.002054004154165621,0.0010846988229863417
2026-08-08T03:00:00+00:00,PAXGUSD,30m,138,0.04154836922651206,0.004616485469607786,0.0023082427348143897,0.04847309743093423,0.04761904761921261,0,1,0.003139729106375617,0.30746843661654566,0.43909089868741535,2.5222251827690343,1.0626819441158006,2.8940815862279123,,,0.004359511695810397,0.006235910454283853,,,53.93468881537042,3.9346888153704214,5.6598554115653315,7.9236140844015654,-2.263758672836234,-0.4989153234664876,20.701616027844995,7.99964799333594,0.18465129361623017,0.4221084490950582,0.004650861656254299,0.01,1,1,7,1,51,1,1,1.5038201417261163,-0.08540498118781752,1,0,0.043856611961326446,,1,0,,,,,-1,-0.09117558802483249,-1,1,1,1,0,80,1,1,0,3,3,5,8,8,6.924728204422175e-05,0.0007848025298339533,0.0011310389400548521,0.0024698197262423695,NEUTRAL,0.000877132239226319,0.0009232970939223969,0.000877132239226319,0.0009232970939223969,0.0016388523417121285,0.0009232970939223969,0.0027698912817671903,0.0009232970939223969
2026-08-08T04:00:00+00:00,PAXGUSD,30m,140,0.057690088842736825,0.0,0.04615207107418945,0.10384215991692627,0.4444444444444444,0,1,0.0206639941766482,0.4548664526491848,0.42877764167446736,2.418094065294099,1.0463047385741426,2.8270261373008907,,,0.004081136474978191,0.0061752709689967536,,,54.431602530400035,4.431602530400035,4.831947749739811,6.890717714663198,-2.0587699649233873,0.07918622714305812,19.126193143873603,7.47112505547845,0.17240394728229952,0.42586443095691634,0.0038741744413616835,0.01,1,1,9,1,53,1,1,1.5310949578862436,-0.057690088842736825,1,0,0.07153571016500204,,1,0,,,,,-1,-0.0634590977270105,-1,1,1,1,0,80,1,1,0,3,4,5,8,8,0.0,0.0007615091727241679,0.0009461174570209677,0.0023306795892466515,NEUTRAL,0.00034614053305642093,0.001199953847928884,0.0009461174570209677,0.001199953847928884,0.001361486096688505,0.001199953847928884,0.0024922118380062727,0.001199953847928884
2026-08-08T05:00:00+00:00,PAXGUSD,30m,142,0.03925371755795276,0.0646531818601686,0.018472337674336887,0.12237923709245825,0.47169811320753097,1,0,-0.03080575511022012,-0.37612972923670895,0.3399481038441031,1.9170180126002379,0.9467484047864723,2.5558281709327275,,,0.0037075385895432326,0.006068003009423692,,,51.550787897879154,1.5507878978791538,3.5002955708432637,5.756011538767018,-2.255715967923754,-0.18290045389366938,16.544380749841313,7.25163333865235,0.16744327465254338,0.23732113190568202,0.003470783659004724,0.01,-1,1,11,-1,1,1,1,1.4697053662141069,-0.12007019488315825,1,0,0.009236168837178944,,1,0,,,,,-1,-0.04502632308118172,-1,1,1,1,0,80,1,1,0,3,5,5,8,8,0.0008774360395308446,0.0013854253255749514,0.0017317816569686892,0.001801052923247479,NEUTRAL,0.0012007019488315825,2.309042209299986e-05,0.0019857762999906377,2.309042209299986e-05,0.0021935900988270065,2.309042209299986e-05,0.0031172069825436406,2.309042209299986e-05
2026-08-08T06:00:00+00:00,PAXGUSD,30m,144,0.006462930477348695,0.04662542701503848,0.00923275782475386,0.06232111531714104,0.14814814814802338,0,1,0.004625644807871015,-0.07497240873999544,0.3476097507040894,1.8635448859104145,0.9446820164394261,2.502695020421015,,,0.0034298410589621835,0.005970722657353366,,,53.1146477523816,3.1146477523816003,2.8832999984151684,4.769888627304412,-1.8865886288892435,0.3965201067717299,14.703875876169047,6.57156139914414,0.15168408732213415,0.3083414508602555,0.0031437982827687456,0.01,-1,1,13,-1,3,1,1,1.5060936201643431,-0.08309482042286871,1,0,0.046163789123811284,,1,0,,,,,1,0.004616378912355937,-1,1,1,1,0,80,1,1,0,3,6,5,8,8,0.0011540947280952822,0.0011079309389715128,0.0010617671498477435,0.0021696980888192565,NEUTRAL,0.0011771766226572717,0.0002769827347428257,0.001615732619333395,0.0002769827347428257,0.002192779983381036,0.0002769827347428257,0.0027467454528668973,0.0002769827347428257
2026-08-08T07:00:00+00:00,PAXGUSD,30m,146,0.027683576718107786,0.02999054144462551,0.0,0.057674118162733296,0.47999999999992726,1,0,0.04960470699649958,0.37128108944307314,0.3707338211738589,1.9043334375510312,0.9586746347429491,2.4985505239828854,,,0.003211291141773593,0.005879408135690903,,,55.64351623077205,5.64351623077205,2.6264634162680522,4.010483439114115,-1.3840200228460624,0.673882994115119,13.555002440292238,6.017315696200839,0.13881735059406278,0.4748305154188622,0.003042786311583807,0.01,-1,1,15,-1,5,1,1,1.5583546727570579,-0.02999054144462551,1,0,0.09919948323990546,,1,0,,,,,1,0.05767411816271231,-1,1,1,1,0,80,1,1,0,3,7,5,8,8,0.0006920894179527995,0.00016148753085561127,0.0006459501234226549,0.0017532931921471762,NEUTRAL,0.001084273421459344,0.0004844625925668338,0.001084273421459344,0.0004844625925668338,0.0016610146030866769,0.0004844625925668338,0.0022146861374490426,0.0004844625925668338
2026-08-08T08:00:00+00:00,PAXGUSD,30m,148,0.02537075904696945,0.006919297921908387,0.02998362432825569,0.062273681297133524,0.888888888888814,1,0,0.0616632192840564,0.7030214813812563,0.36439461122594874,1.9270682751093773,0.9435231694249316,2.486843808015692,,,0.0030273139194189236,0.005791285581989828,,,56.83206060194413,6.832060601944129,2.5109986724855844,3.4734976817723084,-0.962499009286724,0.6911017206284034,12.830987798995322,5.527175268662943,0.12748057450153247,0.5446461428479226,0.0030380370042935533,0.01,-1,1,17,-1,7,1,1,1.581059575155112,-0.006919297921908387,1,0,0.12224092995364491,,1,0,,,,,1,0.08072514242219458,-1,1,1,1,0,80,1,1,0,3,8,5,8,8,-0.0002537075904696945,0.0003459648960952096,0.0004612865281269461,0.0010148303618794073,NEUTRAL,0.0008533800770348083,0.0003920935489078622,0.0008533800770348083,0.0003920935489078622,0.0014299882371934909,0.0003920935489078622,0.001983532070945952,0.0003920935489078622
2026-08-08T09:00:00+00:00,PAXGUSD,30m,150,0.009223390518346157,0.00922339051836713,0.0322818668142535,0.05072864785096679,0.636363636363674,0,1,0.07003529168599368,1.0176661106079337,0.3591824104249274,1.966893859490483,0.9303971588030254,2.4853010648330383,,,0.0028914711873893367,0.005712147483780981,,,57.8384867335645,7.838486733564501,2.5995813412828284,3.159617854873509,-0.5600365135906809,0.6254075064898239,13.11089156832781,5.075472553081887,0.11703266355566055,0.653738894841694,0.0028479553064784417,0.01,1,1,19,1,1,1,0,0.04150525733259965,,1,0,0.14757424829368532,,1,0,,,,,1,0.1060689909610647,-1,1,1,1,0,80,1,1,0,3,9,5,8,8,-0.00016140933407116263,0.0001844678103671329,0.0002997601918465647,0.0012451577199777799,NEUTRAL,0.0005995203836929198,0.0006456373362848602,0.0005995203836929198,0.0006456373362848602,0.0011759822910900788,0.0006456373362848602,0.0017293857221914776,0.0006456373362848602
2026-08-08T10:00:00+00:00,PAXGUSD,30m,152,0.02536432392546242,0.013835085777540208,0.0023058476295970253,0.04150525733259965,0.05555555555575205,0,1,0.055542268501873875,0.9482482220628299,0.33078170312224053,1.8674787222744271,0.8935117667829163,2.4147863676535053,,,0.002752394346203667,0.005627300636606757,,,57.29421273668051,7.294212736680507,2.566555264157614,2.957574715724636,-0.391019451567022,0.3044633424374945,14.148089647463618,4.710483987096093,0.10861658335860756,0.7163582389003722,0.0023810557552306085,0.01,1,1,21,1,3,1,0,0.04150525733259965,,1,0,0.14757424829368532,,1,0,,,,,1,0.1060689909610647,-1,1,1,1,0,80,1,1,0,3,10,5,8,8,0.00011529238147943183,0.0003458771444382955,0.0004611695259177273,0.001383508577753182,NEUTRAL,0.0004611695259177273,0.0006456373362848602,0.0008070466703560228,0.0006456373362848602,0.0011759822910900788,0.0006456373362848602,0.0017293857221914776,0.0006456373362848602
2026-08-08T11:00:00+00:00,PAXGUSD,30m,154,0.05533523932490169,0.01613944480309458,0.009222539887497596,0.08069722401549387,0.800000000000052,1,0,0.05817735598984266,0.5390421953852638,0.31609061873484445,1.621382703645395,0.8684208119019876,2.2674954601870922,,,0.0025791326274500178,0.005523301931671432,,,57.10216782199421,7.1021678219942075,2.282448471506541,2.7182486663565784,-0.4358001948500374,-0.018647089821564933,13.610235053109625,4.497305070506337,0.10369143849733324,0.8258819825247301,0.0020694350592006315,0.01,1,1,23,1,5,1,0,1.6150972977958173,,1,0,0.15678317808724943,,1,0,0.050723969381163386,,,,1,0.0772387715576744,-1,1,1,1,0,80,1,1,0,3,11,5,8,8,0.00023056349718712535,-4.611269943738313e-05,0.0004150142949368676,0.0014294936825601351,NEUTRAL,0.00036890159549948445,0.000691690491561376,0.0010836484367794472,0.000691690491561376,0.0010836484367794472,0.000691690491561376,0.002167296873559104,0.000691690491561376
2026-08-08T12:00:00+00:00,PAXGUSD,30m,156,0.0161461456843827,0.0023065922406111158,0.027679106887480237,0.04613184481247406,0.599999999999909,0,1,0.012265204889778253,0.4571297789889286,0.25297195267334205,1.5017069863333745,0.7945108192128385,2.1808374674337756,,,0.002407067477835638,0.005415388665394965,,,53.677173663999056,3.6771736639990564,1.9667305880166168,2.4771013453727067,-0.5103707573560898,0.011133245266104375,13.442103854314,4.246145698548867,0.09794126720830529,0.5950478533132367,0.0020704416812994987,0.01,1,1,25,1,7,1,0,1.574249204225677,,1,0,0.11532961203118515,,1,0,0.09226368962494812,,,,-1,-0.02998569912811233,-1,1,1,1,0,80,1,1,0,3,12,5,8,8,0.0006689117497809997,0.0004843843705310615,0.0007842413618121848,0.0020298011717489,NEUTRAL,0.0011302301979057403,0.0,0.0014992849564054067,0.0,0.0014992849564054067,0.0,0.0037597453522166774,0.0
2026-08-08T13:00:00+00:00,PAXGUSD,30m,158,0.0011528174859398207,0.026514802176511025,0.013833809831214938,0.04150142949366578,0.3333333333331649,0,1,0.043810211583989164,0.48758242679105024,0.27164650696848214,1.4331405129514678,0.8028691125683527,2.1190459776807984,,,0.0022783629538449296,0.005312226055998706,,,56.54665712187336,6.546657121873359,1.9101037421760338,2.279673603096411,-0.369569860920377,0.08464866565902085,13.930749087726715,3.9556052196670834,0.091201817293809,0.742595994532026,0.0021280957350617666,0.01,1,1,27,1,9,1,0,0.018445079774974223,,1,0,0.15678317808724943,,1,0,0.050723969381163386,,,,1,0.01613944480309458,-1,1,1,1,0,80,1,1,0,3,13,5,8,8,0.0008069722401549387,0.00011528174859356268,0.001337268283685369,0.002028958775246745,NEUTRAL,0.0010836484367794472,0.0002536198469057121,0.0010836484367794472,0.0004150142949368676,0.0016370008300286738,0.0004150142949368676,0.0033431707092133173,0.0004150142949368676
2026-08-08T14:00:00+00:00,PAXGUSD,30m,160,0.01152711176687569,0.02535964588711394,0.01152711176687569,0.04841386942086532,0.23809523809529998,0,1,0.0422163753026985,0.6689733697776319,0.2587269531587034,1.4402039106480515,0.7799076032829971,2.096242488702046,,,0.002165105778560049,0.005211806501242938,,,56.80904434678883,6.809044346788831,1.8851977503609305,2.145685431481515,-0.2604876811205843,0.15965342706422447,14.732643157558956,3.653557561855799,0.08422993272445127,0.7371867654213554,0.002249403293910463,0.01,1,1,29,1,11,1,0,0.027665068240518433,,1,0,0.16599040944302673,,1,0,0.041497602360735714,,-1,0,1,0.025359645887134904,-1,1,1,1,0,80,1,1,0,3,14,5,8,8,-0.00018443378827005298,0.0001152711176687569,0.001383253412025083,0.001383253412025083,NEUTRAL,0.0009913316119511417,0.00034581335300627074,0.0009913316119511417,0.0005071929177426981,0.0015446329767613005,0.0005071929177426981,0.003250645518258819,0.0005071929177426981
2026-08-08T15:00:00+00:00,PAXGUSD,30m,162,0.002305050365337904,0.027660604384222562,0.050711108037706426,0.0806767627872669,0.6285714285713766,0,1,0.04776080433513475,0.6519260464619947,0.2536886438536943,1.374828754119335,0.7647077388594655,2.0373760054671948,,,0.002059278395185595,0.005110190950057712,,,58.099680021530396,8.099680021530396,1.8549770313675253,2.045076865536606,-0.1900998341690805,0.08536517116992215,15.7126050192927,3.599240958947092,0.08296431687405416,0.8017735369423218,0.0016659963591367673,0.01,1,1,31,1,13,1,0,1.640043334946881,,1,0,0.18209897886270074,,1,0,0.025355554018842735,,-1,1,1,0.04149090657631288,-1,1,1,1,0,80,1,1,0,3,15,5,8,8,-0.00013830302192111281,0.00011525251826752414,6.915151096055641e-05,0.0017287877740128621,NEUTRAL,0.000829818131526048,0.0006684646059517658,0.000829818131526048,0.0006684646059517658,0.0013830302192102896,0.0006684646059517658,0.003088767489569563,0.0006684646059517658
2026-08-08T16:00:00+00:00,PAXGUSD,30m,164,0.08531242794558032,0.0023057412958349967,0.009222965183298045,0.09684113442471334,0.09523809523801274,0,1,0.007220186675333537,0.6769734756744583,0.20336766256399988,1.3349341940183876,0.704487191581659,1.9919147367500045,,,0.0019614747588866635,0.005011195290176591,,,53.17383118040419,3.1738311804041928,1.8053777000750415,1.990800941380261,-0.18542324130521948,0.02691118830533723,16.56592764234679,3.6422026635818816,0.08397977089190412,0.5377362770913614,0.0014970701266078781,0.04,1,1,1,1,15,1,0,1.6105602951348945,,1,0,0.03689186073323412,,1,0,0.055337791099830204,,-1,3,-1,-0.010375835831236514,-1,1,1,1,0,80,1,1,0,3,16,5,8,8,0.0003689186073323412,0.0004611482591653217,0.001106755821996814,0.002190454231035278,NEUTRAL,0.0005303204980401619,0.0003689186073323412,0.0005303204980401619,0.0003689186073323412,0.001683191145953466,0.0003689186073323412,0.0033894397048650723,0.0003689186073323412
2026-08-08T17:00:00+00:00,PAXGUSD,30m,166,0.016138328530255173,0.02997118155620016,0.018443804034586328,0.06455331412104166,0.535714285714251,1,0,0.016736568479843356,0.12015289051760192,0.19895742441324907,1.0502795078191411,0.6881735371453006,1.8213269615607715,,,0.0018222085593340574,0.004892161127320516,,,54.20692072800313,4.2069207280031335,1.4980993913950442,1.831664764723794,-0.3335653733287498,-0.30188491800858896,16.617480181906895,3.4465931129863954,0.07946035995357684,0.5813499103839767,0.0012470968070635551,0.01,1,1,3,1,17,1,0,1.6219020172910745,,1,0,0.04841498559078648,,1,0,0.043804034582124174,,-1,5,-1,-0.034582132564841495,-1,1,1,1,0,80,1,1,0,3,17,5,8,8,0.00018443804034586327,0.0002997118155620016,0.0011066282420749698,0.0026512968299711817,NEUTRAL,0.00041498559077813993,0.00048414985590786484,0.0005302593659942782,0.00048414985590786484,0.0015677233429395232,0.00048414985590786484,0.0032737752161382866,0.00048414985590786484
2026-08-08T18:00:00+00:00,PAXGUSD,30m,168,0.0,0.029969799663420293,0.009221476819504257,0.039191276482924545,0.23529411764687,0,0,0.01747414787048107,0.24438819382612564,0.18790662575521117,1.0311884268639915,0.6655884423238677,1.7813180619777995,,,0.001704324778847301,0.004776818165686566,,,54.64753422919187,4.647534229191869,1.3208018511495538,1.6616550884343977,-0.34085323728484385,-0.03787390398772428,16.536456423938738,3.2524195719117617,0.07498027922428388,0.5810779695961272,0.0010948053248425735,0.01,1,1,5,1,19,1,0,1.626437974041547,,1,0,0.0530234917122019,,1,0,0.039191276482924545,,-1,7,-1,-0.029969799663420293,-1,1,1,1,0,80,1,1,0,3,18,5,8,8,0.00025359061253668163,0.0012218456785854674,0.0005532886091708845,0.002674228277658751,NEUTRAL,0.0003688590727805897,9.221476819504258e-05,0.0015215436752196703,9.221476819504258e-05,0.0015215436752196703,9.221476819504258e-05,0.003227516886829426,9.221476819504258e-05
2026-08-08T19:00:00+00:00,PAXGUSD,30m,170,0.009220626541565113,0.01613609644774943,0.0,0.025356722989314545,0.0,0,1,0.020857714624662637,0.33293455322291265,0.1815191871908382,1.009028609343659,0.6480658834966272,1.7407409396582807,,,0.0016066147256617559,0.00466546696305789,,,55.23591020299137,5.23591020299137,1.245792968737078,1.5221339509480623,-0.27634098221098435,0.06284448566175738,17.070346110755327,2.9890760594545145,0.06890288512147055,0.635019305793364,0.0011269757850281808,0.01,1,1,7,1,21,1,0,1.635508632811616,,1,0,0.06223922915563789,,1,0,0.0299670362600971,,-1,9,-1,-0.01267836149464679,-1,1,1,1,0,80,1,1,0,3,19,5,8,8,0.00018441253083130226,0.0012678361494663562,0.0009451142205111579,0.002927548926949544,NEUTRAL,0.0003918766280168318,0.00018441253083151192,0.0014291971139438503,0.00018441253083151192,0.0014291971139438503,0.00018441253083151192,0.003135013024134864,0.00018441253083151192
2026-08-08T20:00:00+00:00,PAXGUSD,30m,172,0.011523923665529638,0.0,0.011523923665529638,0.023047847331059277,1.0,1,0,0.03127102110251982,0.3432865617078278,0.1828616362025777,0.9618906924388284,0.6382781175521562,1.6880895941185372,,,0.0015159061510005788,0.004554164813495786,,,57.13217085293541,7.13217085293541,1.186180260785477,1.403026819461822,-0.21684655867634506,0.06489700905801365,16.642995915857696,2.761499255345972,0.06364661324204784,0.7444714536250697,0.0011599264719799947,0.01,1,1,9,1,23,1,0,1.6513782612704098,,1,0,0.07836268092561412,,1,0,0.01382870839862299,,-1,12,1,0.03341937863003176,-1,1,1,1,0,80,1,1,0,3,20,5,8,8,6.914354199321975e-05,-4.609569466207663e-05,0.0009219138932423711,0.0028809809163824096,NEUTRAL,0.00023047847331059278,9.219138932436288e-05,0.0012676316032082602,9.219138932436288e-05,0.0012676316032082602,0.0001382870839864395,0.003480224946989825,0.0001382870839864395
2026-08-08T21:00:00+00:00,PAXGUSD,30m,174,0.002304678497358004,0.002304678497358004,0.0,0.004609356994716008,0.5,1,0,0.029767464208658983,0.40799648248685116,0.17322158178928376,0.94175299982453,0.6177398725841647,1.6493447810944417,,,0.0014345411758062477,0.004445182907948809,,,57.7377584441349,7.737758444134897,1.148729080189696,1.3138703705546009,-0.16514129036490477,0.09444067690371338,16.465215085679663,2.4157825211911708,0.05567602030862344,0.7555436420309675,0.0010193816950010287,0.01,1,1,11,1,25,1,0,0.0034570177460160455,,1,0,0.08296842590459469,,1,0,0.009218713989390096,,-1,14,1,0.016132749481443148,-1,1,1,1,0,80,1,1,0,3,21,5,8,8,0.0008296842590459469,0.0006453099792579354,0.0010140585388337489,0.0026042867020051124,NEUTRAL,0.0012214796035953403,0.00013828070984106102,0.0012214796035953403,0.0001843742797880115,0.0017515556579857949,0.0001843742797880115,0.0034339709610508497,0.0001843742797880115
2026-08-08T22:00:00+00:00,PAXGUSD,30m,176,0.0023047847330933506,0.0,0.0,0.0023047847330933506,0.0,0,1,0.020396629317504283,0.342600295187367,0.15556737566880396,0.8731060948020968,0.5890709575936759,1.5866119203510607,,,0.0013517074635129966,0.004335035819248719,,,56.839765643816506,6.839765643816506,1.0695811747273183,1.2333459381793122,-0.16376476345199387,0.027719741811986998,17.074305945162752,2.1829961534760574,0.050313362069605815,0.6777270521753714,0.0008041379974241406,0.01,1,1,13,1,27,1,0,1.6513782612704098,,1,0,0.07836268092561412,,1,0,0.01382870839862299,,-1,1,1,0.011523923665529638,-1,1,1,1,0,80,1,1,0,3,22,5,8,8,0.0005070526412832622,0.0008066746565870747,0.0012445837558771173,0.0022586890384438513,NEUTRAL,0.0012676316032082602,0.0,0.0012676316032082602,0.0001382870839864395,0.002973172305706563,0.0001382870839864395,0.003480224946989825,0.0001382870839864395
2026-08-08T23:00:00+00:00,PAXGUSD,30m,178,0.09210223347916187,0.029933225880731794,0.0,0.12203545935989366,0.7547169811320495,1,0,0.10358231699620493,0.6795435522953994,0.23612101286729004,0.9705220044679663,0.6600833347568702,1.6075270494429788,,,0.001325386958710851,0.004239623218895801,,,68.96773075246509,18.967730752465087,1.324928862044544,1.2215258490179715,0.10340301302657262,0.26173597907573476,19.718868368245182,2.2807466833543804,0.0525154658842823,1.3430893099972283,0.0012138465255286809,0.03,1,1,0,1,29,1,0,0.09325351139765559,,1,0,0.09555606723462207,,1,0,-0.08289201013125407,,-1,3,1,0.08979967764217445,-1,1,1,1,0,80,1,1,0,3,23,5,8,8,-0.000690766751093714,-0.0006677411927238398,0.000690766751093714,0.0015887635275154584,NEUTRAL,0.00023025558369790466,0.0011052268017499843,0.00023025558369790466,0.0011052268017499843,0.002003223578171729,0.0011052268017499843,0.0025097858623070774,0.0011052268017499843
2026-08-09T00:00:00+00:00,PAXGUSD,30m,180,0.020720139976069286,0.00920895110046128,0.018417902200943498,0.04834699327747407,0.8095238095240158,1,0,0.09807153860897225,1.3122794158252873,0.23155342957282962,1.2155414581802688,0.6478312844743699,1.7073593384566266,,,0.0013348189096385734,0.004162778549015402,,,69.34929464921218,19.349294649212183,1.6949601440483093,1.3603277870038206,0.3346323570444887,0.4853157267164243,24.036104944281185,2.176256068810667,0.05010258929944439,1.1043039971242048,0.0017237937852039827,0.02,1,1,1,1,31,1,0,0.06906713325352241,,1,0,0.10935629431807715,,1,0,-0.09669398655494814,,-1,5,1,0.05180034994014182,-1,1,1,1,0,80,1,1,0,3,0,6,9,8,-0.0002532461552629993,-0.0003223132885165636,0.0,0.002095036375356721,NEUTRAL,-9.208951100482219e-05,0.0012432083985635292,-9.208951100482219e-05,0.0012432083985635292,0.0018648125978449797,0.0012432083985635292,0.0023713049083707687,0.0012432083985635292
2026-08-09T01:00:00+00:00,PAXGUSD,30m,182,0.03687825565849477,0.02074401880792296,0.0046097819573301885,0.06223205642374792,0.07407407407432359,0,1,-0.018731783039736178,0.5209362111409064,0.10552757869304025,0.8898558404807773,0.5113466409244263,1.5223829895321614,,,0.0012425936173277642,0.00405819062231386,,,49.770458697335194,-0.22954130266480632,1.3569237211486325,1.4016972329247772,-0.04477351177614475,-0.2653489066750523,24.673214380986842,2.268302426678637,0.05228189800116713,0.4170949280864363,0.0017512444771364203,0.06,1,1,3,1,33,1,1,1.6468446042502356,-0.06684183838103619,1,0,0.07375651131703147,,1,0,0.018439127829236904,,-1,7,-1,-0.06338450191305951,-1,1,1,1,0,80,1,1,0,3,1,6,9,8,0.00020744018807902,0.000968054211035776,0.0016595215046327889,0.0023509887982298017,NEUTRAL,0.000968054211035776,9.219563914639416e-05,0.0009795786659291014,9.219563914639416e-05,0.0030194071820401633,9.219563914639416e-05,0.004365463513575715,9.219563914639416e-05
2026-08-09T02:00:00+00:00,PAXGUSD,30m,184,0.041457460039619094,0.01842553779538859,0.013819153346546681,0.07370215118155436,0.75,1,0,0.04858201870331838,0.19242170571851602,0.16693835913389787,0.7171641187978821,0.5625505393193069,1.4086536300756052,,,0.001183563404305795,0.00395612180185409,,,58.516631162689514,8.516631162689514,1.2859424166317694,1.3534052105470908,-0.0674627939153214,-0.2777140893752912,24.789642360410152,2.4364444393301135,0.05611599887903895,0.8129106316816977,0.0017417171904499584,0.11,1,1,5,1,35,1,0,1.7193329955318197,,1,0,0.14740430236308777,,1,0,-0.055276613386165775,,-1,9,1,0.010364365009899536,-1,1,1,1,0,80,1,1,0,3,2,6,9,8,-0.0001842553779538859,0.00036851075590756235,0.0010825003454787918,-0.0014510111013865635,NEUTRAL,0.00023031922244230502,0.0007600534340596485,0.001105532267723106,0.0007600534340596485,0.002280160302178736,0.0007600534340596485,0.003625224561241831,0.003505458565571941
2026-08-09T03:00:00+00:00,PAXGUSD,30m,186,0.006908781060732375,0.004605854040481268,0.036846832323892034,0.04836146742510567,0.7619047619048032,0,1,0.048793310931226616,0.7126173146580186,0.16453983568523678,0.8991584195428004,0.551403386857114,1.4746607419247084,,,0.0011574652475401016,0.0038686355117187724,,,59.45860814174396,9.458608141743959,1.3857647744216592,1.360859646649385,0.02490512777227427,0.1506104233676997,25.2077957556017,2.4431587257489262,0.05626416244268996,0.8066064686945789,0.001758526095574929,0.12,1,1,7,1,37,1,0,1.730649655712423,,1,0,0.15890196439676083,,1,0,-0.06678488358705169,,-1,11,1,0.024180733712552836,-1,1,1,1,0,80,1,1,0,3,3,6,9,8,-2.7635124242887607e-05,0.0004375561338460346,0.001542961103562586,-0.0005987610252631932,NEUTRAL,4.605854040481268e-05,0.0008751122676922787,0.002164751399028081,0.0008751122676922787,0.002164751399028081,0.0008751122676922787,0.003509660778849868,0.0036202012758216277
2026-08-09T04:00:00+00:00,PAXGUSD,30m,188,0.01267251906638515,0.018432755005628264,0.005760235939264072,0.03686551001127748,0.5000000000002842,1,0,-0.00034120186554430367,0.15658696279297146,0.10569332416328679,0.6492423549880186,0.48161629912235576,1.3246691433787419,,,0.001060345260288311,0.00375922974959069,,,51.87129746804623,1.8712974680462295,1.0304375291389078,1.2637820875788457,-0.23334455843993784,-0.23825717507683875,22.87299889219549,2.4729276767936903,0.05697858751627129,0.490056015593912,0.001621925361276704,0.14,1,1,9,1,39,1,0,1.680836847077273,,1,0,0.10829243565818132,,1,0,-0.016128660629956167,,-1,13,-1,-0.009216377502814132,-1,1,1,1,0,80,1,1,0,3,4,6,9,8,0.0004838598188980563,0.001359415681666237,0.0021197668256491367,-0.002258012488191558,NEUTRAL,0.0007373102002257593,9.216377502835088e-05,0.0026727494758184036,9.216377502835088e-05,0.0026727494758184036,9.216377502835088e-05,0.004018340591230524,0.003640469113614935
2026-08-09T05:00:00+00:00,PAXGUSD,30m,190,0.027635760674308375,0.006908940168582329,0.0,0.0345447008428907,0.7999999999998787,1,0,0.04169146577827496,0.2733058811072624,0.1432040767827998,0.6562210281927037,0.5095100497219343,1.3009589524799594,,,0.0010151261100452484,0.003663059729391344,,,57.68946642091976,7.689466420919757,1.0310254539945163,1.1723658853357297,-0.14134043134121343,0.01362524650100605,21.75932936776795,2.3322692723374527,0.05371169619864246,0.7505413946263606,0.0015678540510783332,0.08,1,1,11,1,41,1,0,0.028787250702408916,,1,0,0.15660264382110872,,1,0,-0.06448344157340016,-0.08751324213532731,-1,15,1,0.03569619087099125,-1,1,1,1,0,80,1,1,0,3,5,6,9,8,0.00170881120169501,0.00032241720786710555,0.0019805628483258175,-0.007761042789369402,NEUTRAL,0.002187831053383078,0.00027635760674308375,0.002187831053383078,0.00027635760674308375,0.002187831053383078,0.00027635760674308375,0.003532771406199656,0.007784072589931413
2026-08-09T06:00:00+00:00,PAXGUSD,30m,192,0.014276503638203252,0.0011513309385691695,0.0041447913788406334,0.019572625955613057,0.9411764705880464,1,0,0.04666352045546574,0.5743841793191677,0.1454658703756718,0.7547199879627442,0.5030149152171209,1.3259620324724892,,,0.0009880234992020607,0.0035754904484144906,,,59.349334510965114,9.349334510965114,1.111240896651907,1.1413642892438525,-0.03012339259194552,0.19420098503930516,21.649337477271047,2.120783199107305,0.04883446622242114,0.7874520118818986,0.0015314987747876406,0.02,1,1,13,1,43,1,0,0.03223726627983204,,1,0,0.17039697890762975,,1,0,-0.07829050382243127,-0.10131712259373091,-1,17,1,0.049507230358306745,-1,1,1,1,0,80,1,1,0,3,6,6,9,8,0.0008059316569954867,0.0006907985631389886,0.0019572625955604677,-0.004536243897945984,NEUTRAL,0.0020493690706455824,0.00041447913788343507,0.0020493690706455824,0.00041447913788343507,0.0025559546836141324,0.00041447913788343507,0.003394123606889514,0.009049461177120794
2026-08-09T07:00:00+00:00,PAXGUSD,30m,194,0.025325781645702775,0.07367500115118865,0.02993046921766777,0.12893125201455918,0.4285714285713358,1,0,0.05188197106358308,0.5863779789888213,0.14805475899981785,0.7445300619365298,0.4970326577267379,1.298127034629033,,,0.0009617278793623477,0.0034897789872692,,,60.409171649721046,10.409171649721046,1.1651120364540475,1.1386584003488494,0.02645363610519813,0.12033662788076271,23.455049828922487,2.308226329842537,0.05314330547134819,0.8279164343780022,0.0014899091526476248,0.11,1,1,0,1,45,1,0,0.05640742275636179,,1,0,0.06907031357922366,,1,0,-0.09209375143896488,-0.1151171892987061,-1,19,1,0.06331445411428835,-1,1,1,1,0,80,1,1,0,3,7,6,9,8,6.907031357926553e-05,0.0007137265736520615,0.0015886172123222696,-0.005571671962057333,NEUTRAL,0.001910945342358563,0.00025325781645702775,0.001910945342358563,0.0003453515678961183,0.002417460975272828,0.0003453515678961183,0.0032555141133674835,0.009186351706036662
2026-08-09T08:00:00+00:00,PAXGUSD,30m,196,0.12890750886239963,0.009207679204448142,0.0,0.13811518806684775,0.0,0,1,0.046786514359679454,1.2581461460649734,0.14894364162365553,1.0226746169582839,0.49272675568016505,1.4192043002067294,,,0.0010215712726397606,0.0034378311405650953,,,56.29116915397193,6.2911691539719286,1.6728800388373202,1.3358181437738703,0.33706189506344986,0.3743390867486609,28.432906496416386,2.9693380088948524,0.06835177958875863,0.7301063955866606,0.0021168172268777323,0.26,1,1,0,1,47,1,0,0.01841535840891722,,1,0,0.0874729524423411,,1,0,-0.11049215045348239,-0.1335113484646237,-1,21,1,0.052944155425629164,-1,1,1,1,0,80,1,1,0,3,8,6,9,8,0.0001381151880669315,0.0011049215045348239,0.0010128447124903425,-0.004442705216150311,NEUTRAL,0.0011509599005570647,0.0005294415542562916,0.0013811518806684775,0.0005294415542562916,0.0022328622070806633,0.0005294415542562916,0.003070761014686282,0.009368813590534463
2026-08-09T09:00:00+00:00,PAXGUSD,30m,198,0.006902899217675607,0.0046019328117767625,0.020708697653005894,0.03221352968245826,0.6428571428570501,0,1,0.07159253027047599,0.9350357340808841,0.1754064787665768,0.9113424664810736,0.5128693181778397,1.348160116294821,,,0.0010381394849610084,0.0033746283941126286,,,59.27212090067272,9.272120900672718,1.8509641292775996,1.5127384108758042,0.3382257184017954,-0.1133513602348386,32.58294755838291,2.998561854608255,0.06899590093438229,0.8422204921575913,0.002291193543113645,0.28,1,1,2,1,49,1,0,0.0598251265531607,,1,0,0.12885411872987493,,1,0,-0.15186378278877966,-0.17487344684768438,-1,23,-1,-0.00805338242062503,-1,1,1,1,0,80,1,1,0,3,9,6,9,8,6.902899217675607e-05,0.0007593189139438982,0.0008973768982972011,-0.00473999079613446,NEUTRAL,0.0004832029452370832,0.000943396226415178,0.0009664058904739572,0.000943396226415178,0.0018177634606533907,0.000943396226415178,0.0026553152323975987,0.009779107225034514
2026-08-09T10:00:00+00:00,PAXGUSD,30m,200,0.002302237775104851,0.05064923105257892,0.039138042177012784,0.09208951100469656,0.4250000000001819,0,1,0.013208867518570042,0.46518798186662025,0.11091652755729905,0.7165448912046486,0.439899241894727,1.232125997433286,1.3333453313137742,,0.0009770766003872901,0.00328982714337428,0.008934460894190472,1,53.249939722205795,3.249939722205795,1.533417976294004,1.5449441769923347,-0.011526200698330769,-0.38098155070426953,32.128893845455124,3.1630456807591343,0.07282083250665655,0.5950354358170213,0.0023018827915767506,0.32,1,1,4,1,51,1,0,0.061009301040624034,,1,0,0.07367160880377399,,1,0,-0.09669398655494814,-0.11971636430612227,-1,25,-1,-0.06331153881572889,-1,1,1,1,0,80,1,1,0,3,10,6,9,8,0.001312275531816884,0.001657611198084496,0.002095036375356721,-0.0009669398655494814,UP,0.001312275531816884,0.0002532461552629993,0.0017266783313380604,0.0002532461552629993,0.0023713049083707687,0.0002532461552629993,0.003209319458513583,0.009231973478220913
2026-08-09T11:00:00+00:00,PAXGUSD,30m,202,0.018408578397537435,0.052924662892912276,0.0,0.07133324129044971,0.2580645161290607,1,0,0.05423018348377322,0.47739877880758286,0.14993389409996932,0.6985868065285104,0.4715212030507598,1.2021043918084615,1.3561293377106456,1.7625812417709312,0.0009570371061619609,0.0032158730895079047,0.008846081346598858,1,57.93719222031227,7.937192220312269,1.519521576450643,1.5311359883890807,-0.011614411938437819,-0.1519636771028896,32.4384149487571,3.142115918613744,0.0723023590274229,0.771925113909786,0.002201477241682703,0.33,1,1,6,1,53,1,0,0.1116020065350537,,1,0,0.12425790418336198,,1,0,-0.14726862718027856,-0.17027935017719512,-1,27,-1,-0.023010722996895636,-1,1,1,1,0,80,1,1,0,3,11,6,9,8,0.0008283860278888706,0.001265589764830411,0.0006903216899074968,2.3010722996790995e-05,NEUTRAL,0.001012471811864245,4.602144599379127e-05,0.001863868562750116,4.602144599379127e-05,0.002701458879837954,4.602144599379127e-05,0.002701458879837954,0.009733535827695749
2026-08-09T12:00:00+00:00,PAXGUSD,30m,204,0.002300701714031147,0.002300701714031147,0.0,0.004601403428062294,0.5,1,0,0.05796523792544783,0.7853536488646569,0.1534225815835429,0.813266790646594,0.4685217490836403,1.2410376574953261,1.3448932176628432,1.7711932812389932,0.0009545734365809508,0.0031509916750009736,0.008763714685792028,1,59.419749566562494,9.419749566562494,1.5985569174972625,1.5500209013586386,0.048536016138623905,0.0921543586132032,33.566064227739126,2.8036611747230515,0.06450388070224437,0.7848228253691235,0.0022227626046443876,0.25,1,1,8,1,55,1,0,0.025307718854258913,,1,0,0.14034280455539777,,1,0,-0.16334982169562554,-0.1863568388358533,-1,29,1,0.034510525710341654,-1,1,1,1,0,80,1,1,0,3,12,6,9,8,0.0008972736684687993,0.0008742666513286971,-0.0025307718854250547,-0.00011963648912928484,NEUTRAL,0.0009202806856091108,2.300701714031147e-05,0.0017025192683767713,2.300701714031147e-05,0.0025399746922811373,0.004582997814333388,0.0025399746922811373,0.00989301737029794
2026-08-09T13:00:00+00:00,PAXGUSD,30m,206,0.0045987583352453,0.022993791676247415,0.022993791676247415,0.05058634168774013,0.4545454545454921,0,1,0.0938847840529078,1.201616025487965,0.19434835879909818,0.988486568377084,0.504987896808871,1.313774147741242,1.373782777375168,1.797466031294789,0.0010046357474619038,0.0031063953800977294,0.00868794880566297,1,63.998312575530164,13.998312575530164,1.9666825945159871,1.6781624341616972,0.28852016035428996,0.26151652461468267,36.154659580445845,2.7669323394295935,0.06362226579511597,0.9017310891681297,0.0026213399842535783,0.25,1,1,1,1,57,1,0,0.03908944584961642,,1,0,0.10347206254311336,,1,0,-0.22074040009198354,-0.24373419176823094,-1,31,1,0.09197516670498966,-1,1,1,1,0,80,1,1,0,3,13,6,9,8,0.0010784088296159117,-9.1975166704906e-05,-0.0021384226258910513,-0.0025063232927108846,NEUTRAL,0.0010784088296159117,0.00011496895838123707,0.0011266957921360395,0.0004598758335249483,0.001963669809151521,0.005155208093814687,0.001963669809151521,0.010462175212692573
2026-08-09T14:00:00+00:00,PAXGUSD,30m,208,0.009196882256906541,0.009196882256927452,0.018393764513833993,0.036787529027667985,0.5,0,1,0.08229649602981581,1.2335224154212483,0.18567250480523745,1.021744041013335,0.49173548880247747,1.3185472426248452,1.3532253763768838,1.7904421253269902,0.0010337600877542165,0.0030606298399724003,0.008614898875744063,1,64.40882906167595,14.408829061675945,2.1427803925280386,1.835892867563729,0.3068875249643097,0.08284155410636562,38.414099745786736,2.592916149814354,0.059616861329739354,0.8585286939823212,0.0025161375946619615,0.23,1,1,3,1,59,1,0,0.045984411284574526,,1,0,0.11036258708298305,,1,0,-0.22762283585865645,-0.2506150415009437,-1,33,1,0.07472466833745452,-1,1,1,1,0,80,1,1,0,3,14,6,9,8,0.0005977973466993433,0.00013795323385359812,-0.00436851907203458,-0.0034258386407009277,NEUTRAL,0.0010576414595450886,0.0,0.0010576414595450886,0.0005288207297726489,0.0018945577449244204,0.005748051410571816,0.0018945577449244204,0.010530430184167609
2026-08-09T15:00:00+00:00,PAXGUSD,30m,210,0.00919371150134563,0.006895283626003996,0.0045968557506623625,0.020685850878011988,0.6666666666666666,1,0,0.09635859509658214,1.2637224307645738,0.20350820912398895,1.0508294665405629,0.5055937323707768,1.321741155275049,1.3598564953044936,1.7827107894618166,0.0010714961402740679,0.0030208552324678785,0.008542627629337168,1,67.55776906332227,17.55776906332227,2.345209238519601,2.004459083759048,0.34075015476055315,0.016715946116737213,40.577804633480454,2.3796062720338322,0.054693533879604496,0.9013901882905324,0.0025909198670116523,0.15,1,1,1,1,61,1,0,0.014939781189678808,,1,0,0.1448009561460003,,1,0,-0.26202077778800553,-0.28500505654133823,-1,35,1,0.10917532407835132,-1,1,1,1,0,80,1,1,0,3,15,6,9,8,-0.0004367012963134471,0.00043670129631323806,-0.009722349912659783,-0.005484048910545321,NEUTRAL,0.0007125126413531889,0.0008734025926266851,0.0007125126413531889,0.0008734025926266851,0.001549140387974575,0.009745334191413199,0.001549140387974575,0.010871563850326418
2026-08-09T16:00:00+00:00,PAXGUSD,30m,212,0.05745409417875117,0.002298163767137506,0.011490818835750236,0.07124307678163891,0.16129032258067355,0,1,0.0835429681697948,1.498466661011662,0.19637591701192678,1.1707272392013692,0.49568678643984454,1.3729443253478166,1.343498339031944,1.799612632694334,0.00112832948842132,0.0029931086942791775,0.008478115525920992,1,63.626612695306164,13.626612695306164,2.6173232388891847,2.2257481713367384,0.3915750675524463,0.05806035753172423,43.75023409343292,2.4715482651719753,0.0568002267178079,0.826302066089786,0.0028335739170738004,0.22,1,1,0,1,63,1,0,0.016087146370046147,,1,0,0.1562751361662074,,1,0,-0.27348148829086816,-0.29646312596236857,-1,37,1,0.12065359777539839,-1,1,1,1,0,80,1,1,0,3,16,6,9,8,-0.00034472456507250704,-0.0005745409417875117,-0.006480821823363091,-0.007537977156252196,NEUTRAL,0.00032174292740092295,0.000988210419874562,0.0014340541907015792,0.000988210419874562,0.0014340541907015792,0.010985222806977267,0.0014340541907015792,0.010985222806977267
2026-08-09T17:00:00+00:00,PAXGUSD,30m,214,0.036779072707616815,0.009194768176919882,0.011493460221134174,0.05746730110567087,0.2,0,1,0.04641737209688662,0.9985634118493181,0.15871242392968374,0.9892103426846006,0.45356003203963835,1.2733307845037416,1.2943037189593507,1.7410826431851092,0.0011229505183279712,0.0029484760810995466,0.008407436869197123,1,59.21350788268092,9.213507882680922,2.4861128077191097,2.342843381219595,0.1432694264995149,-0.35031185625879857,45.428892172203305,2.42240641231664,0.05568366347876331,0.6902913028676153,0.0026462168924881913,0.19,1,1,1,1,65,1,0,0.06896076132680505,,1,0,0.13332413856516062,,1,0,,-0.27354435326300586,,,1,0.055168609061456576,-1,1,1,1,0,100,1,1,1,4,17,6,9,8,0.0005057122497298619,-0.0034020642254557576,-0.00714893225754554,-0.005424913224375414,DOWN,0.0007125945337101933,0.0007585683745948974,0.0016642530400201782,0.0054524975289061105,0.0016642530400201782,0.01075787876698163,0.0016642530400201782,0.01075787876698163
2026-08-09T18:00:00+00:00,PAXGUSD,30m,216,0.0045991813457162785,0.009198362691432557,0.0275950880743395,0.04139263211148833,0.6666666666670035,0,1,0.005416056062134133,0.29632968634268764,0.11021877315703932,0.6933079710825041,0.39825142999331,1.1114709360772395,1.2307836377740724,1.6501278124987948,0.0010480271709490518,0.0028803265683627066,0.008325322077807626,1,53.80927750670328,3.809277506703282,1.9829978655243394,2.253090275457607,-0.2700924099332678,-0.5952038229651766,41.96610809020264,2.436156549395495,0.05602162878617244,0.52806638638909,0.0025032588749327616,0.21,1,1,3,1,67,1,1,0.02989467874718718,-0.02069631605573371,1,0,0.09428321758727783,,1,0,,-0.23455824863176025,,,1,0.016097134710038347,-1,1,1,1,0,100,1,1,1,4,18,6,9,8,0.0014027503104446152,-0.0020466356988457306,-0.005450029894678914,-0.0024605620199606142,DOWN,0.0020558340615369542,0.000275950880743395,0.0020558340615369542,0.0050636986616383285,0.0020558340615369542,0.010371153934599723,0.0020558340615369542,0.010371153934599723
2026-08-09T19:00:00+00:00,PAXGUSD,30m,218,0.0022989034230546522,0.0,0.016092323961466197,0.01839122738452085,1.0,1,0,0.029094612263053765,0.29472792918295454,0.12938760138702984,0.6603738710382459,0.4112793952649054,1.0779851626803065,1.2353683517876117,1.6224774511219948,0.0010029298912397609,0.002818917938778756,0.008240889565227064,1,57.24391763035475,7.243917630354751,1.752681611205844,2.0903187695442726,-0.33763715833842856,-0.24871714522374644,39.519806982084866,2.3168900859583443,0.0532630654948009,0.6163435389687336,0.0024419939098058504,0.12,1,1,5,1,69,1,1,0.059771488999734584,-0.01724177567300398,1,0,0.12414078484562027,,1,0,,-0.2643738936527277,,,-1,-0.012643968826873766,-1,1,1,1,0,100,1,1,1,4,19,6,9,8,-0.0014483091565321668,-0.004505850709211581,-0.005632313386514633,-0.0027127060392191254,DOWN,0.001756362215223414,0.0017356720844155665,0.001756362215223414,0.0058851927630518995,0.001756362215223414,0.010666911883031711,0.001756362215223414,0.010666911883031711
2026-08-09T20:00:00+00:00,PAXGUSD,30m,220,0.004594849174071682,0.018379396696307622,0.036758793392615244,0.05973303926299456,0.6923076923076654,1,0,0.07685571556351367,0.853507443163835,0.17891631891805423,0.8702643846063438,0.4567928382606308,1.1688395823375686,1.27322663260728,1.6576255424843112,0.0010206060335454057,0.0027787651934257653,0.008164337943466491,1,63.9391281474314,13.939128147431397,1.9300352582058622,2.0206161622103744,-0.09058090400451224,0.222867961310397,39.89895077756112,2.4819103292192106,0.05702001813171619,0.841608543871581,0.002113609719555376,0.3,1,1,7,1,71,1,0,0.05284076550187659,,1,0,0.18838881613710612,,1,0,,-0.3285317159464282,,,1,0.05169205320835344,-1,1,1,1,0,100,1,1,1,4,20,6,9,8,-0.004296183977760888,-0.010154616674707611,-0.0030555747007604893,-0.0004594849174075861,DOWN,0.0011119535001263918,0.006000873021343049,0.0011119535001263918,0.010177590920578074,0.0011119535001263918,0.011303328968226577,0.0011119535001263918,0.011303328968226577
2026-08-09T21:00:00+00:00,PAXGUSD,30m,222,0.13566961000734998,0.004598969830753728,0.0298933038999306,0.17016188373803431,0.17567567567570888,0,1,-0.022131742339465636,0.7599006507534796,0.07741108696452291,0.8391021866355004,0.3504780123468676,1.1429072391410955,1.1598934368230867,1.635272124648509,0.0009954282930398854,0.002730669253823447,0.008094154244762189,1,49.93289725014488,-0.06710274985511688,1.7852672250355681,1.9904634780806654,-0.20519625304509725,-0.01696672771401797,39.415800645222646,2.996239008357328,0.06889806402587674,0.3321682065482578,0.001923702169435691,0.46,1,1,0,1,73,1,0,0.03449227373068432,,1,0,-0.051738410596026484,,1,0,,-0.2391464311994239,,,-1,-0.03794150110374439,-1,1,1,1,0,100,1,1,1,4,21,6,9,8,-0.005472774098601954,-0.0059096762325238725,-0.0006668506254600224,-9.197939661528369e-05,DOWN,2.2994849153664068e-05,0.00563373804267844,2.2994849153664068e-05,0.010416666666666708,0.00034492273730684324,0.010416666666666708,0.0011497424576894775,0.010416666666666708
2026-08-09T22:00:00+00:00,PAXGUSD,30m,224,0.16376427171030708,0.0,0.20574328220505303,0.3695075539153601,0.5568039950062316,0,1,-0.2853910533545315,-1.9906482201322433,-0.2185425387462287,-0.32122862356391124,0.03940109990780053,0.5412639791029505,0.8378778631407444,1.3222002279208027,0.0006684851460830284,0.0025794363865402925,0.007984767632329439,1,29.77757358098785,-20.22242641901215,-0.12591966870695614,1.421973318125726,-1.547892986832682,-1.6324785033589417,37.61281777044122,4.233644859246863,0.09765067141614261,-0.3916373820254747,0.0036149556595498006,0.68,-1,-1,0,-1,1,1,1,1.576519432591405,-0.2202744781455468,1,1,2.045900126859643,-0.36097335947410075,1,1,,0.06688963210701501,,,-1,-0.3868065967016593,-1,1,1,1,-1,45,1,1,-1,3,22,6,9,8,-0.0025602583323723594,-0.0037596586322223924,0.002417252912005435,0.0038057894129858148,DOWN,0.0013608580325221165,0.0029985007496251873,0.0013608580325221165,0.007380924922154307,0.003736593241840576,0.007380924922154307,0.004244031830238643,0.007380924922154307
2026-08-09T23:00:00+00:00,PAXGUSD,30m,226,0.1336497914602434,0.03917321473834178,0.011521533746572344,0.1843445399451575,0.7875000000000227,1,0,-0.14285132261016678,-3.2762449148922315,-0.10725492024100372,-1.0071010861884133,0.1333547971922506,0.15554634439740767,0.9166501783345441,1.1114143517697812,0.0003559640236916304,0.0024060971743325435,0.007832953811422934,1,40.114430655284494,-9.885569344715506,-1.557558355511901,0.4079580970822394,-1.9655164525941404,-1.2394487996070636,37.3096509437069,4.55349990414653,0.10492660562127634,0.11298502432754746,0.005104129242755215,0.73,-1,-1,1,-1,3,1,1,1.6717745466276512,0.004032536811304512,1,1,2.140700970113133,-0.2638431227965025,1,1,,-0.029955987741092285,1,0,-1,-0.05438163928381392,-1,1,1,1,-1,40,1,0,-1,-1,23,6,9,8,-0.005783809940779191,-0.003410373988985456,-0.00036868907989018925,0.009217226997257875,DOWN,-9.217226997249492e-05,0.008341590432518335,-9.217226997249492e-05,0.008341590432518335,0.0027651680991773626,0.008341590432518335,0.00949374380717557,0.008341590432518335
2026-08-10T00:00:00+00:00,PAXGUSD,30m,228,0.12470267648893947,0.19167263238113252,0.0,0.316375308870072,0.39416058394162473,1,0,-0.28434106406562154,-3.9390576287441945,-0.29499449009792245,-1.4703766658740278,-0.07778364046259119,-0.12762378968454868,0.6888786624018941,0.9491527374184443,-0.00010653426032300929,0.0021721084963533125,0.007666623028644853,0,35.40543762451202,-14.594562375487982,-3.672225804468326,-0.9532696135222549,-2.718956190946071,-0.6284117593662648,37.92833654001562,5.926232060208005,0.13685499988933805,0.024804160464083784,0.007659818158948093,0.82,-1,-1,0,-1,5,1,1,1.4583285222732962,-0.21303373900190414,1,1,1.9282728679306285,-0.16396092649468752,1,1,,0.18705401473337768,1,2,-1,-0.2715747176869803,0,1,1,1,-1,40,1,0,-1,-1,0,0,10,8,-0.00454933838302192,-0.0011315613236959439,0.0009468166177861705,0.011200147795764727,NEUTRAL,0.0003694894118189165,0.006188947647969005,0.0003694894118189165,0.006188947647969005,0.00494192088307961,0.006188947647969005,0.012424081472415348,0.006188947647969005
2026-08-10T01:00:00+00:00,PAXGUSD,30m,230,0.3769293257514165,0.16618312637808644,0.0023209933851772962,0.5454334455146803,0.004255319148951651,0,1,-0.6799262448354043,-6.114285269787615,-0.7546639542696698,-2.580843665806242,-0.5684109958430392,-0.7463229842860528,0.17906143352548565,0.6154550024630225,-0.0007473770943426544,0.0018625295842663058,0.007474724293685249,0,23.48993990982497,-26.51006009017503,-6.592653192325088,-2.6691205201829167,-3.923532672142171,-1.197578020670265,39.9977318816813,7.392006215179377,0.17156797528558376,-0.198334984907252,0.011278703188719522,0.89,-1,-1,0,-1,7,1,1,0.959730764767329,-0.720088197748628,1,1,1.4320529186491777,-0.6707670883137898,1,1,,0.6939770221654784,1,4,-1,-0.778925380062655,0,1,1,1,-1,40,1,0,-1,-1,1,0,10,8,0.0021585238482070748,0.0071718695601716695,0.004279911802251271,0.016780782174770845,UP,0.0036903794824183905,0.0011604966925844262,0.008077056980387649,0.0011604966925844262,0.0100266914239294,0.0011604966925844262,0.01754670999187661,0.0011604966925844262
2026-08-10T02:00:00+00:00,PAXGUSD,30m,232,0.191991857694714,0.03007101385578109,0.08096042191945595,0.30302329346995105,0.9007633587786774,1,0,-0.2613056566395159,-6.481761864837608,-0.3751222797075607,-3.0249156638219574,-0.21598388410517746,-1.047535689538563,0.5078931761726244,0.43566826446294726,-0.0011381662306804478,0.0015913839560238322,0.007238770602778019,0,39.210158943345924,-10.789841056654076,-7.571551062233993,-4.433761249089595,-3.1377898131443986,-0.19791885864392622,41.5554531495064,8.131882910027052,0.18810304897011523,0.2035804534530937,0.01262570118642916,0.95,-1,-1,0,-1,9,1,1,1.2942101732553195,-0.37993569429343,1,1,1.7649371978441435,-0.3307811524137603,1,1,,0.3539127015336048,1,6,-1,-0.43857417131223253,0,1,1,1,-1,40,1,0,-1,-1,2,0,10,8,0.001549813791029543,0.00527399319932439,-0.0010640512595129336,0.013346903842150266,UP,0.0016192084383891189,0.003261548425898166,0.0062917813605976765,0.003261548425898166,0.006615623048275416,0.003261548425898166,0.014110244963105178,0.003261548425898166
2026-08-10T03:00:00+00:00,PAXGUSD,30m,234,0.1944804593443146,0.018521948508987356,0.04167438414521629,0.2546767919985182,0.9272727272727107,1,0,-0.27085400504736623,-4.68688442903931,-0.42243985662120814,-2.532803732733555,-0.2905913019897986,-0.8746100669704902,0.4117406097586653,0.4935001346748322,-0.0015158585157384193,0.0013184855463140958,0.007023319117484638,0,40.059831172212945,-9.940168827787055,-8.415384866416389,-5.8780543669710985,-2.5373304994452903,1.383442603037023,41.61021681058883,8.75912352956414,0.20279504374801216,0.22292772242668668,0.01375167945244543,0.98,-1,-1,2,-1,11,1,1,1.2050842748657202,-0.47057325430634883,1,1,1.6762363400629663,-0.4213743285793624,1,1,,0.4445267642155913,1,8,-1,-0.26208557140212585,0,1,1,1,-1,60,1,0,-1,-1,3,0,10,8,0.004491572513428539,0.006200222263382049,0.00173643267271717,0.015257455084274993,UP,0.005579736988331257,0.0011344693461751334,0.007524541581774403,0.0011344693461751334,0.007524541581774403,0.0011344693461751334,0.016600296351176103,0.002222633821077851
2026-08-10T04:00:00+00:00,PAXGUSD,30m,236,0.1618534532590349,0.06474138130361817,0.08323891881891962,0.3098337533815727,0.7910447761193837,1,0,-0.09939491100384022,-2.9314405416853333,-0.26159685069938154,-1.9769556948449463,-0.1490152502931818,-0.6600189458267778,0.5338580778571954,0.5738050749550894,-0.0016220193969554131,0.0011258160040619977,0.006828733281503773,0,44.90565748652538,-5.094342513474622,-7.686404827197293,-6.639675357114047,-1.0467294700832461,2.193112501997474,39.9220303471338,8.887713655593592,0.20550102096218623,0.3636896994499924,0.01368031195998292,1.0,-1,-1,4,-1,13,1,1,1.335290989387038,-0.33815810770191224,1,1,1.8058220999329342,-0.28902402367684804,1,1,,0.3121459455709959,1,10,-1,-0.19353048625403596,0,1,1,1,-1,49,1,0,-1,-1,4,0,10,8,0.0055492612545954825,0.0030520936900276835,0.00300584984623922,0.01854378135910674,UP,0.005872968161113678,0.0011329741728131602,0.006196675067631664,0.0011329741728131602,0.006196675067631664,0.0035376540498044517,0.01905246364077795,0.0035376540498044517
2026-08-10T05:00:00+00:00,PAXGUSD,30m,238,0.10634854579924086,0.0,0.034678873630184494,0.14102741942942537,0.24590163934424764,0,1,-0.08065743556823748,-0.7624717359367423,-0.23461583809849473,-1.1275165795150315,-0.13402364960676746,-0.27789880286763946,0.5335550146598511,0.7424879278551089,-0.0015395840253025724,0.0010059218849172726,0.006675786642666186,0,45.609747618781896,-4.3902523812181045,-6.142059827049707,-6.544408522393481,0.4023486953437745,2.4021031858323196,36.616541190625085,8.76899799895575,0.20273264897941812,0.4027679252525271,0.012717047892133352,0.98,-1,-1,6,-1,15,1,1,1.3466962593054979,-0.326559393350904,1,1,1.817172978221655,-0.27743098904147595,1,1,,0.30055023812826565,1,12,-1,-0.18194849031305313,0,1,1,1,-1,40,1,0,0,0,5,0,10,8,0.004716326813705218,0.0020807324178110697,0.0029361446340224555,0.01955888472742414,UP,0.006080362509825723,0.0004623849817357933,0.006080362509825723,0.0004623849817357933,0.006080362509825723,0.0036528413557125987,0.019859434965552446,0.0036528413557125987
2026-08-10T06:00:00+00:00,PAXGUSD,30m,240,0.027653592662575895,0.0345669908282251,0.1382679633129004,0.20048854680370143,0.8275862068965482,1,0,0.1998750062198257,1.4706297127586367,0.08263540279584695,-0.1481612100797065,0.18197945616328942,0.18901223733882944,0.8377209350066371,0.9582699544807838,-0.0011723960342397877,0.0009934405336744247,0.006557414788433478,0,54.70557301312496,4.705573013124962,-3.2904120864232027,-5.58384177380899,2.293429687385787,2.314711043847293,33.08252742494735,9.502350315426156,0.2189784374666119,0.706427820051428,0.011194937039310083,0.99,-1,-1,8,-1,17,1,1,0.1912706825828288,-0.13020233211966048,1,1,2.133935567129084,-0.2707747614877633,1,1,,-0.023044660552150067,1,14,1,0.14126376918466146,0,1,1,1,-1,45,1,0,1,0,6,0,10,8,-0.00036871456883427533,-0.002871364704797907,0.0026040466423929995,0.018389639120615798,DOWN,0.0028344932479145006,0.001221367009263786,0.0028344932479145006,0.0044015301654605375,0.0033184311195097356,0.006867308844540553,0.019634050790432026,0.006867308844540553
2026-08-10T07:00:00+00:00,PAXGUSD,30m,242,0.06672956119562222,0.004602038703141308,0.11735198693019752,0.18868358682896108,0.6219512195121424,0,1,0.2798576302028794,3.924030218379812,0.21163184909518745,1.0349346153780061,0.3169438146538702,0.7822869265910413,0.9658292607952899,1.2434357681086112,-0.0006822578110769192,0.0010531196555868278,0.006488854461414197,0,57.68048194702043,7.680481947020432,-0.25302117628234555,-3.85826265065922,3.6052414743768746,2.0564041674246956,31.994749471390566,9.654577567892934,0.2221536981498179,0.8737027212169555,0.010471371624538487,0.99,-1,-1,10,-1,19,1,1,0.3405508640327498,-0.1115994385512866,1,1,2.2803101774085794,-0.12080351595756922,1,1,,-0.17257645136795602,1,16,1,0.29061874410361954,0,1,1,1,-1,45,1,0,1,0,7,0,10,8,-0.0032789525759911644,-0.006304793023309243,0.0005752548378931868,0.01502565636577008,DOWN,0.001334591223912235,0.003612600381969171,0.001334591223912235,0.0072712211509697545,0.0018178052877425956,0.008352700246208903,0.018109022296877685,0.008352700246208903
2026-08-10T08:00:00+00:00,PAXGUSD,30m,244,0.0041417585906833795,0.025770942342136883,0.0805341948191202,0.11044689575194046,0.7666666666665087,1,0,0.23094932827628206,3.485566686700622,0.19721042872092912,1.0819830878581342,0.30635925052690977,0.8180133484484031,0.9485321083662209,1.2528071050937797,-0.00033738899555352947,0.0010914882180598066,0.006421728578393112,0,57.71348935246858,7.713489352468578,1.4344100076477844,-2.072089158761942,3.5064991664097263,0.20942414818752342,31.41344791180089,9.231242902928106,0.21240877553343795,0.8415734976460987,0.011080047204192589,0.95,-1,-1,12,-1,21,1,1,0.3423853768309841,-0.10975660265349672,1,1,2.2821089834743695,-0.11896051063281637,1,1,,-0.1744140562082644,1,18,1,0.29245417604312784,0,1,1,1,1,80,1,0,1,0,8,0,10,8,-0.004344244566242643,-0.0044362836460360485,0.001385188150888968,0.0136954150732402,DOWN,0.00018868011357636678,0.004459293415984243,0.00018868011357636678,0.007289495119627652,0.0018223737799069654,0.008370954307198654,0.018090281133369416,0.008370954307198654
2026-08-10T09:00:00+00:00,PAXGUSD,30m,246,0.013830939812368635,0.055323759249432614,0.023051566353933746,0.09220626541573498,0.40000000000009095,1,0,0.04129843324854709,1.4219718229005593,0.01495854889756002,0.3916345228553837,0.12049158250744488,0.4762424103664671,0.7534572670312554,1.071587687652027,-0.00026339884350987065,0.0010553303360988486,0.006329656845238105,0,51.357218711313585,1.3572187113135854,1.290928449272542,-0.8520854842167874,2.1430139334893292,-1.4951808676900602,28.163529915705112,9.087653319361467,0.2094846434928071,0.6744762435252277,0.011114192658017415,0.93,-1,-1,14,-1,23,1,1,0.16136096447753626,-0.0760701689679646,1,1,2.1046080081141554,-0.3008229409188186,1,1,0.3135013024134864,0.006915469906163352,1,20,1,0.17864963924298655,0,1,1,1,1,45,1,0,1,0,9,0,10,8,-0.002812291095180085,-4.610313270803522e-05,0.009589451603236314,0.010834236186348862,NEUTRAL,0.0,0.0041031788110002495,0.0005532375924943261,0.006569696410871118,0.009866070399483477,0.006569696410871118,0.019939604896152693,0.006569696410871118
2026-08-10T10:00:00+00:00,PAXGUSD,30m,248,0.09459210040604131,0.006921373200447165,0.018456995201185447,0.11997046880767392,0.9423076923076553,1,0,-0.03057563396616446,-0.39457635358940024,-0.06258907167641045,-0.3117360671367351,0.03508084625443954,0.11209801627319393,0.6561198776313704,0.8753695210189107,-0.00032013437710245996,0.0009766991793084998,0.006210390313769309,0,48.74271907813067,-1.2572809218693308,0.4768822347850801,-0.3353882338846604,0.8122704686697404,-1.9247302960215487,25.03902607275334,8.731190872306595,0.20143943503845044,0.5864534487277515,0.01110816355156307,0.87,-1,-1,16,-1,25,1,1,1.5515411590992987,-0.02768549280178866,1,1,2.0210409745293343,-0.38644333702473244,1,1,0.3991325212255487,0.09228497600590624,1,22,1,0.09343853820596329,0,1,1,1,1,45,1,0,1,0,10,0,10,8,-0.002491694352159301,0.0008536360280548006,0.01024363233665572,0.0057908822443707006,NEUTRAL,0.00011535622000738281,0.004637320044296663,0.0020764119601328905,0.0057216685123660195,0.011466408268734019,0.0057216685123660195,0.020810262089332027,0.0057216685123660195
2026-08-10T11:00:00+00:00,PAXGUSD,30m,250,0.0009244408288528065,0.019875477820366867,0.15253273676083917,0.17333265541005888,0.8853333333332557,1,0,-0.16652316193231956,-1.7194151103076365,-0.21716645670918824,-0.8869274499011226,-0.13195617169592022,-0.1990733597203871,0.4752058288331599,0.7028065741424143,-0.0005064329477686868,0.0008521028501326803,0.0060716200052908014,0,43.480063713770406,-6.519936286229594,-0.9149662168229042,-0.44536660759455315,-0.4695996092283511,-1.7241181418871188,23.93828225096055,8.614649272550027,0.19909333784499042,0.40019272257627914,0.010082232921797425,0.85,-1,-1,18,-1,27,1,1,1.3818079289289884,-0.03951984543349426,1,1,1.852117200608269,-0.5595178116636709,1,1,0.5722288730604127,0.2648522974665708,1,24,-1,-0.07880858065979109,0,1,1,1,-1,60,1,-1,-1,2,11,0,10,8,-0.0037301187444243322,0.005491178523390715,0.012447595760514494,0.007640503450475487,UP,0.0009845294827291848,0.0040074509930803845,0.006207620165752376,0.0040074509930803845,0.013210259444318796,0.0040074509930803845,0.022570222836461973,0.0040074509930803845
2026-08-10T12:00:00+00:00,PAXGUSD,30m,252,0.1736714136853074,0.06020609007758165,0.09725599166376793,0.331133495426657,0.29370629370627727,0,1,-0.31133122545605574,-2.958976995058947,-0.3877261708057022,-1.4762448316851078,-0.31813043763404497,-0.5265481814149098,0.27345005892146695,0.5195822663454237,-0.0007639494534964647,0.0006959573317165727,0.00591580496555512,0,37.7768088682963,-12.2231911317037,-2.4795871841724875,-1.016257740619905,-1.4633294435525825,-1.493015557941363,23.637485080012198,8.92691697480085,0.2067133721153375,0.18894307161314733,0.009747402403742424,0.9,-1,-1,20,-1,29,1,1,1.1890702790320797,-0.3959708232025093,1,1,1.6602987148315345,-0.7560495542433632,1,1,0.7687854579136232,0.46080815097834055,1,26,-1,-0.2744008336227941,0,1,1,1,-1,60,1,-1,-1,2,12,0,10,8,0.003797614912585304,0.006923700358920837,0.014426305430126244,0.011230751418316545,UP,0.005765890934352122,0.0020609007757322302,0.008174134537455177,0.0020609007757322302,0.015190459650341638,0.0020609007757322302,0.024568715989348237,0.0020609007757322302
2026-08-10T13:00:00+00:00,PAXGUSD,30m,254,0.07858182910762558,0.07627059883976661,0.14098504634017528,0.29583747428756746,0.7421874999999895,1,0,-0.09305646517121345,-2.633811100264211,-0.17958672556292662,-1.4572025532006592,-0.12159657576805603,-0.554888611514798,0.45400126656055545,0.4843508163039587,-0.0008653026039171318,0.0005799014979487059,0.0057559784232861155,0,45.53710445999916,-4.4628955400008365,-2.8337885415676283,-1.6707565539469664,-1.1630319876206618,-0.34279689907183664,23.846433837912222,9.301270248680373,0.21497377328403572,0.3383920234185573,0.008509806630710468,0.94,-1,-1,22,-1,31,1,1,1.376337624517535,-0.20569949384058395,1,1,1.8466729840293905,-0.5650958004945991,1,1,0.577807566967897,0.27041394134097163,1,28,-1,-0.14560750687591426,0,1,1,1,-1,60,1,-1,-1,2,13,0,10,8,0.004969145075923914,0.00584741257771516,0.0134975847643702,0.009984514757205219,UP,0.005107818891996294,0.0039522037580602895,0.006286546328610677,0.0039522037580602895,0.014838098319735553,0.0039522037580602895,0.022626944322462973,0.0039522037580602895
2026-08-10T14:00:00+00:00,PAXGUSD,30m,256,0.6247262500288032,0.05993683579613095,0.00922105166095451,0.6938841374858887,0.9136212624584608,1,0,0.1892048488324464,-1.4576095401253042,0.0965250237203173,-1.0744880162383197,0.14366430182492013,-0.3994180258277993,0.703093632398797,0.54119394758618,-0.000926798251121291,0.00047139278104602853,0.005594293305738769,0,53.90490944341908,3.904909443419079,-2.828478562375494,-2.2860121447696797,-0.5424664176058145,0.9124968480817679,23.610893908517134,11.60262587768868,0.2674710315518726,0.6260274442434627,0.009049178210092051,1.0,-1,-1,1,-1,33,1,1,1.630973512529104,-0.0806842020332419,1,1,2.1000945157795123,-0.30544733626870146,1,1,0.31812628230250084,0.011526314576177414,1,30,1,0.11295788284653027,0,1,1,1,-1,60,1,-1,-1,2,14,0,10,8,0.0013831577491412897,0.00963599898568436,0.015491366790382613,0.008921367481961486,UP,0.0036653680352245433,0.0013831577491412897,0.009912630535512576,0.0013831577491412897,0.015998524631734377,0.0013831577491412897,0.019986629475091805,0.0013831577491412897
2026-08-10T15:00:00+00:00,PAXGUSD,30m,258,0.071459855697203,0.07837532560336635,0.05762891588483437,0.20746409718540373,0.6222222222222626,1,0,0.16500497734222752,2.1133853877890942,0.09613388336016619,0.3876794590587451,0.1438858993532735,0.315998816672618,0.6943852570015726,0.8828994707655511,-0.0006887109398206132,0.0004775201599310733,0.005504993576482991,0,53.87495917499491,3.8749591749949133,-1.1856921226562918,-2.0303751463043467,0.8446830236480549,2.763238969333094,21.342347512704496,11.40991721086422,0.26301646367912723,0.6099490985650323,0.008922299243545557,0.98,-1,-1,3,-1,35,1,1,0.1509877596182912,-0.29160231437725354,1,1,2.1046080081141554,-0.3008229409188186,1,1,0.3135013024134864,0.006915469906163352,1,32,1,0.1717341693368232,0,1,1,1,-1,45,1,0,1,0,15,0,10,8,0.0019132800073763333,0.009381987506050994,0.01657407620847828,0.01035015329291617,UP,0.0036190959175675563,0.0003457734953090062,0.010603720522809524,0.0003457734953090062,0.01687374657107946,0.0003457734953090062,0.019939604896152693,0.0003457734953090062
2026-08-10T16:00:00+00:00,PAXGUSD,30m,260,0.05815156181763269,0.07125290183189749,0.061369434803596495,0.19077389845312667,0.6265060240963499,1,0,0.3767041638448659,4.122295068008498,0.35798940333855184,1.3655587778557674,0.4172113152401945,0.8164007844534353,0.963104175553886,1.1240984614687477,-0.00018714760506314003,0.0005922191190164263,0.0054589286031369155,0,60.07009845518266,10.07009845518266,1.6979395003017999,-0.9084280312913479,2.606367531593148,2.4285025613798683,19.792362688664554,11.240183717530885,0.25835345387020214,0.869802870700906,0.00986022908970518,0.96,-1,-1,5,-1,37,1,0,0.16549061070631896,,1,0,2.3881214517204046,,1,0,0.022984807042544877,-0.28271312662330617,1,34,1,0.46084538120302904,0,1,1,1,0,45,1,0,1,0,16,0,10,8,0.003976371618360306,0.0069184269198060925,0.01574459282414324,0.00838945457052888,UP,0.004895763900062101,0.00287310088031811,0.007676925552210115,0.00287310088031811,0.01698577240444079,0.00287310088031811,0.01698577240444079,0.00287310088031811
2026-08-10T17:00:00+00:00,PAXGUSD,30m,262,0.10118664336306771,0.002299696440078277,0.11728451844357382,0.22077085824671983,0.9895833333332958,1,0,0.27415019011657543,3.8933073005691767,0.28571038635830065,1.4869306519140082,0.3522533837320139,0.9009258002579372,0.8937064168418893,1.160966886280221,0.00011560196241725222,0.0006654299737371325,0.005414530331098755,1,57.77755303181103,7.777553031811031,2.9531706063853562,0.36358005145619426,2.589590554929162,0.7081696264703141,17.16016695403513,11.219852287054705,0.2580225436264995,0.8227630043068128,0.009743028879927916,0.94,-1,-1,7,-1,39,1,0,0.38749885015178837,,1,0,2.336491583111017,,1,0,0.1264833042038451,-0.2299696440069911,1,36,1,0.38404930549165,0,1,1,1,0,45,1,0,1,0,17,0,10,8,0.006347162174593038,0.007451016465826637,0.014442093643639083,0.010118664336307608,UP,0.00820991629104975,0.0009888694692298944,0.00820991629104975,0.0009888694692298944,0.01752368687333289,0.0009888694692298944,0.01752368687333289,0.0009888694692298944
2026-08-10T18:00:00+00:00,PAXGUSD,30m,264,0.12867647058824366,0.04365808823528576,0.00229779411763452,0.17463235294116392,0.7500000000000299,1,0,0.3030344439336788,3.5879454319865545,0.3447311067382523,1.5282277951728247,0.42013547353647596,0.942532474102336,0.9576352780266466,1.1762146893288445,0.0004169666280457353,0.0007540436679822365,0.005374998044901706,1,59.34229571153349,9.342295711533488,4.049260936257269,1.5767202704425187,2.4725406658147504,-0.025901110246255854,15.944801168789363,10.741097125062414,0.2468082979104415,0.884718945626127,0.010133440215328958,0.92,-1,-1,9,-1,41,1,0,0.46989889705884025,,1,0,2.4172794117647016,,1,0,0.04365808823528576,-0.3125000000000083,1,38,1,0.4664522058823362,0,1,1,1,0,45,1,0,1,0,18,0,10,8,0.006227022058823613,0.007605698529411849,0.012293198529411764,0.005997242647058907,UP,0.007375919117647143,0.00016084558823525232,0.008938419117646975,0.00016084558823525232,0.01668198529411773,0.00016084558823525232,0.01668198529411773,0.00016084558823525232
2026-08-10T19:00:00+00:00,PAXGUSD,30m,266,0.2557252779870726,0.02739913692718264,0.01826609128479535,0.3013905061990506,0.9090909090909216,1,0,0.7872431285091219,7.797388437521477,0.9101072725928109,3.4550845583280534,1.0139567150829394,1.9454132711180137,1.5553072803955772,1.6773514990254625,0.00122864144083689,0.0010384944249012854,0.005413505653126377,1,70.3915559768685,20.391555976868503,8.103136477873704,3.5635283101252826,4.539608167748422,2.159587957617876,18.903233483630764,11.57727252109971,0.26433939587414,1.1352401879324472,0.014879849132141137,0.98,1,1,0,1,1,1,0,0.43153640660320447,,1,0,0.8025663858255258,,1,0,-0.5890814439345202,-0.9429869625773496,1,40,1,1.0959654770874512,0,1,1,1,1,100,1,0,1,0,19,0,10,8,-9.133045642387292e-05,0.00579948398292133,0.0012329611617235303,0.00029682398337789847,UP,0.0010046350206636403,0.001506952530995149,0.006301801493253046,0.001506952530995149,0.010251843733589184,0.001506952530995149,0.010251843733589184,0.005982144895769075
2026-08-10T20:00:00+00:00,PAXGUSD,30m,268,0.07079565177675079,0.013702384214840923,0.0570932675618891,0.14159130355348082,0.903225806451698,1,0,0.6332499546388087,9.479494843412795,0.8237347604289201,4.517208006362125,0.9558913574366951,2.5488281021707735,1.5053065674581128,1.9880299178958012,0.0019048480579011138,0.001321565970077749,0.005494152100214179,1,68.63521235385494,18.63521235385494,10.694776809828909,5.938283368977258,4.756493440851651,1.3488694498690172,22.349845102721865,11.154893143193105,0.2547477195394424,0.9530773396235303,0.018128620725661418,0.9,1,1,0,1,3,1,0,0.14273316890472273,,1,0,0.7821777655979014,,1,0,-0.5686489449164279,-0.9226272038001403,1,42,1,1.075637160865978,0,1,1,1,1,100,1,1,1,4,20,0,10,8,0.0022152187814012555,0.007125239791723718,-0.00440760025577788,-0.000570932675618891,UP,0.0025577783867725902,0.0006166072896683607,0.007422124783045583,0.0006166072896683607,0.010459486617338124,0.004795834475198685,0.010459486617338124,0.005777838677263218
2026-08-10T21:00:00+00:00,PAXGUSD,30m,270,0.02967494521548991,0.013696128560980968,0.011413440467494521,0.054784514243965396,0.7500000000001895,1,0,0.5588537237917723,8.165300767509507,0.8036531588478116,4.335492665618403,0.9626066152807872,2.5322874452867836,1.5199576671551178,1.9905144124795697,0.0024479943505603934,0.0015895345643297545,0.005573510518743306,1,69.41085252900125,19.410852529001247,12.20529112602344,8.08786718467801,4.117423941345429,-0.6251028532108167,25.47866969130417,10.035086434691976,0.22906972321703745,0.8737307768797539,0.01992445708184769,0.85,1,1,2,1,5,1,0,0.18832176771365958,,1,0,0.8274744338933736,,1,0,-0.6140430971512176,,-1,10,1,0.7749726077428738,0,1,1,1,1,100,1,1,1,4,21,0,10,8,0.00262509130752374,0.008765522279035709,-0.004747991234477762,-0.0012554784514243974,UP,0.002739225712198685,0.000570672023374726,0.009998173849525243,0.000570672023374726,0.009998173849525243,0.006094777209642033,0.009998173849525243,0.00623173849525205
2026-08-10T22:00:00+00:00,PAXGUSD,30m,272,0.045653761869978084,0.03195763330897635,0.011413440467494521,0.08902483564644896,0.6410256410257008,1,0,0.4604247766488238,6.889055730319342,0.7431475532068529,4.087627024278845,0.925525636702725,2.476360087370267,1.4901975501826106,1.9729403046612788,0.002827227765580291,0.0018237808349587216,0.005646719134798855,1,68.70417334210775,18.70417334210775,12.651812110926585,9.701514747862662,2.950297363063923,-1.5306139583936584,28.150740854009076,9.103722487055835,0.2078095892772059,0.8081056902343662,0.019824005218095856,0.75,1,1,4,1,7,1,0,0.18832176771365958,,1,0,0.8274744338933736,,1,0,-0.6140430971512176,,-1,12,1,0.7749726077428738,0,1,1,1,1,100,1,1,1,4,22,0,10,8,0.004702337472607618,0.006939371804236586,-0.0031501095690285295,-0.005661066471877324,UP,0.0066882761139518306,4.565376186993656e-05,0.009998173849525243,4.565376186993656e-05,0.009998173849525243,0.00623173849525205,0.009998173849525243,0.00623173849525205
2026-08-10T23:00:00+00:00,PAXGUSD,30m,274,0.10718113612003871,0.025084946751486946,0.009121798818739497,0.14138788169026514,0.06451612903234798,0,1,0.4501211710057951,6.855213420964901,0.7729294946599362,4.2908852307937195,0.9810713954553203,2.6435648677879726,1.5546108732956798,2.0674391476659366,0.0032280832365414115,0.0020814190079538417,0.005735394778403595,1,68.56865221941328,18.56865221941328,13.324276647948864,10.996337805889983,2.327938842058881,-1.1763540476157974,31.418282555753503,8.915964797512393,0.20332409289440131,0.7915955367108115,0.01945001323558015,0.68,1,1,1,1,9,1,0,0.037627420127261536,,1,0,0.1049006864153694,,1,0,-0.7115003078607266,,-1,14,1,0.08893753848258047,0,1,1,1,1,100,1,1,1,4,23,0,10,8,0.007867551481152082,0.004652117397550714,-0.0034662835511164456,-0.004150418462520975,UP,0.008962167339399163,2.2804497046900594e-05,0.009007776333492964,2.2804497046900594e-05,0.009007776333492964,0.007206221066794454,0.009007776333492964,0.007206221066794454
2026-08-11T00:00:00+00:00,PAXGUSD,30m,276,0.2746816190324933,0.04994211255135678,0.1307575310435681,0.4553812626274182,0.8903290129611279,1,0,0.7634890476406204,8.18351937634543,1.140313036205493,5.04521931531599,1.3801784295263264,3.091832101675209,1.964800239112838,2.3049641763009276,0.003768239885648726,0.002398653933208333,0.005846218095865117,1,76.03567246436583,26.03567246436583,15.023564328938846,12.24919791239819,2.7743664165406567,-0.07698697350973482,35.2975220486098,9.637949238671439,0.21879070256456012,0.9678457501471465,0.01825091664541707,0.82,1,1,3,1,11,1,0,0.4914757894259051,,1,0,0.5584436221652258,,1,0,-1.1622891648316889,,-1,16,1,0.5425529499897763,0,1,1,1,1,100,1,1,1,4,0,1,11,8,-0.001044244171528538,-0.00454019205012372,-0.006469773671426301,-0.008807972577240059,DOWN,0.004426687248870627,0.004335883407868235,0.004426687248870627,0.005016912215386793,0.004426687248870627,0.01171369548931928,0.004426687248870627,0.01171369548931928
2026-08-11T01:00:00+00:00,PAXGUSD,30m,278,0.22675736961451248,0.029478458049890743,0.31746031746031744,0.5736961451247207,0.948616600790507,1,0,0.7320518009255218,9.789230147076523,1.1613757735642156,5.965540782804055,1.4351250749522502,3.637471466377974,2.034586433480797,2.5960170873413517,0.0042932397263869375,0.0027374930138803454,0.0059946135852854705,1,75.36935693895437,25.36935693895437,16.420895501127234,13.607116442322043,2.8137790588051903,0.5767050493130306,37.37534067168186,10.866905210895295,0.24641508414728558,0.942891152801431,0.0182061979153917,0.88,1,1,5,1,13,1,0,0.6020408163265347,,1,0,0.6689342403628118,,1,0,-1.2721088435374233,,-1,18,1,0.6530612244897794,0,1,1,1,1,100,1,1,1,4,1,1,11,8,-0.0006802721088435374,-0.01145124716553288,-0.006122448979591836,-0.009954648526077015,DOWN,0.0033106575963719647,0.0027210884353741495,0.0033106575963719647,0.011836734693877509,0.0033106575963719647,0.012811791383219955,0.0033106575963719647,0.012811791383219955
2026-08-11T02:00:00+00:00,PAXGUSD,30m,280,0.009051412020287511,0.11314265025343954,0.1323769007965119,0.25457096307023896,0.5199999999999515,0,1,0.7676427555409708,10.958077285928994,1.2616752126616315,6.751197008654344,1.575824222210031,4.128757753354876,2.194117795827471,2.8645695075820186,0.0049403245712066075,0.0031414900954839942,0.006182935736174399,1,77.7173199619626,27.717319961962602,18.475931252096416,15.236409103356396,3.2395221487400203,0.6216270878498094,38.639001956201604,11.440341737965806,0.2588781168076984,0.9263058103697345,0.020064747941439847,0.93,1,1,7,1,15,1,0,0.1555711440984588,,1,0,0.875724112961618,,1,0,-1.4776430123099245,,-1,20,0,,0,1,1,1,1,100,1,1,1,4,2,1,11,8,-0.004254163649529368,-0.0133960897900072,-0.00724112961622013,-0.01081643736422886,DOWN,-9.05141202026693e-05,0.005476104272266432,-9.05141202026693e-05,0.014731173062997704,-9.05141202026693e-05,0.014866944243301915,-9.05141202026693e-05,0.014866944243301915
2026-08-11T03:00:00+00:00,PAXGUSD,30m,282,0.23803046789989118,0.013601741022859173,0.0,0.25163220892275034,0.945945945945915,1,0,0.5019712954781826,7.351623356508753,1.0085006640855234,5.544722805759193,1.347241968660401,3.616131236214642,1.9791955198961864,2.6306778809866955,0.0050652936860734075,0.0033874130457487756,0.0063195355123578534,1,66.33609485397251,16.33609485397251,17.1738365439096,15.966595879943208,1.2072406639663935,-2.0704078314309875,35.96445544482682,12.077641600592965,0.27379492203012706,0.8009090006373842,0.017806620979210343,0.99,1,1,9,1,17,1,1,0.6290805223068553,-0.031170656510720655,1,0,0.6959557490025349,,1,0,-1.2989662676822675,,-1,22,1,0.1337504533913592,0,1,1,1,1,100,1,1,1,4,3,1,11,8,-0.009271853463909964,-0.010019949220166807,-0.004261878853826665,-0.009906601378309716,DOWN,0.00029470438882847795,0.011040079796880627,0.00029470438882847795,0.013080340950308265,0.00029470438882847795,0.013080340950308265,0.00029470438882847795,0.013080340950308265
2026-08-11T04:00:00+00:00,PAXGUSD,30m,284,0.03177845874474262,0.0658268073998535,0.12257405515831656,0.2201793213029127,0.556701030927808,0,1,0.3025957689352108,5.442938847390906,0.8114401935474325,4.854778722271476,1.17111766624184,3.3365456569108574,1.8153573967169847,2.5081526389185456,0.0050884442461222165,0.003596774726944078,0.006442397304751446,1,62.337081484703866,12.337081484703866,15.634060857560144,15.982696662798842,-0.34863580523869864,-2.062142247619553,33.26885917529332,11.65725219642965,0.2646067914295687,0.6976032351661764,0.013943457964722154,0.97,1,1,11,1,19,1,1,0.5005107252298304,-0.1605947111565254,1,0,0.5674724775848372,,1,0,-1.1712631937351121,,-1,24,-1,-0.13165361479968635,0,1,1,1,1,100,1,1,1,4,4,1,11,8,-0.009601634320735486,-0.008080808080808164,-0.006219498354329733,-0.006469186244467144,DOWN,0.0010214504596527069,0.011304051753489997,0.0010214504596527069,0.011803427533764612,0.0010214504596527069,0.011803427533764612,0.0010214504596527069,0.011803427533764612
2026-08-11T05:00:00+00:00,PAXGUSD,30m,286,0.3443479054069338,0.0,0.04788944379832532,0.3922373492052591,0.1220930232558364,0,1,-0.1620288352906076,1.439231119973556,0.30994426209073667,3.215733837821972,0.6766883269917643,2.5624236823241517,1.3282516034037894,2.134183625501464,0.004719730973813443,0.0036674406490102766,0.006515632764120251,1,49.49712937571089,-0.502870624289109,12.020204086259582,14.934409348994633,-2.9142052627350505,-3.3272441993962776,29.820241944636944,12.289161332635743,0.2802481433179572,0.3177719514300954,0.012716241521492049,1.0,-1,1,13,-1,0,1,1,0.037627420127261536,-0.6265535563613227,1,0,0.1049006864153694,,1,0,-0.7115003078607266,,-1,26,-1,-0.5974778226266177,0,1,1,1,1,100,1,1,0,3,5,1,11,8,-0.00688695810813909,-0.0019383822489794987,-0.0009349843789196058,0.0004104809468425514,DOWN,-4.560899409380119e-05,0.007206221066794454,-4.560899409380119e-05,0.007206221066794454,0.0032838475747416556,0.007206221066794454,0.0032838475747416556,0.007206221066794454
2026-08-11T06:00:00+00:00,PAXGUSD,30m,288,0.24773483197614823,0.1743319187980148,0.038995297625870354,0.4610620484000334,0.08457711442785394,0,1,-0.6354590192157242,-5.750198561653633,-0.26361208022152166,0.03828410019559669,0.08496629101228893,0.9688182051222611,0.731559693139841,1.3381947415527975,0.003718469389942026,0.0034857837123381057,0.006465934021275521,1,38.292044518150625,-11.707955481849375,5.404900824692959,12.05509894911539,-6.650198124422431,-5.371254131940631,30.23874854672988,13.530960536813456,0.31037872546882567,-0.038835066520945524,0.014586130582839328,1.0,-1,-1,0,-1,2,1,1,-0.02981993347859324,-0.480559697212979,1,1,0.34292923500403094,-1.0723706847115495,1,1,-0.12845509806171268,,-1,28,-1,-1.1882096570707692,0,1,1,1,1,45,1,1,-1,3,6,1,11,8,0.0016745039568758302,0.005390526436517949,0.0038536529418511717,0.008372519784378942,UP,0.0033031310930151706,0.0013763046220896893,0.007087968803761816,0.0013763046220896893,0.009175364147264595,0.0013763046220896893,0.009175364147264595,0.0013763046220896893
2026-08-11T07:00:00+00:00,PAXGUSD,30m,290,0.07339449541283986,0.03669724770643036,0.13532110091742283,0.24541284403669308,0.5514018691588539,0,1,-0.5170600478124361,-7.575105852056367,-0.23549337849993315,-1.1937254423028207,0.09121888027917154,0.30179268977553875,0.7275092696367327,0.9934667448878827,0.00281566669312503,0.003267122587791047,0.0063629038935756116,1,39.18577028975232,-10.81422971024768,0.7179747926575146,8.329072274135934,-7.611097481478419,-2.744054006383875,31.145805390283886,13.048124136334051,0.2992689022094966,0.06273048217101766,0.016765810783605006,0.98,-1,-1,2,-1,4,1,1,-0.018348623853194322,-0.4690366972477022,1,1,0.3543577981651543,-1.0607798165137616,1,1,-0.1399082568807423,,-1,30,-1,-1.1766055045871602,0,1,1,1,1,45,1,1,-1,3,7,1,11,8,0.0024999999999999164,0.006238532110091701,0.003509174311926647,0.009266055045871475,UP,0.0031880733944953292,0.0014908256880733946,0.008211009174311968,0.0014908256880733946,0.009059633027522936,0.0014908256880733946,0.011628440366972435,0.0014908256880733946
2026-08-11T08:00:00+00:00,PAXGUSD,30m,292,0.27936798717654726,0.0068697046027062485,0.0,0.2862376917792535,0.9759999999999854,1,0,-0.26749364453919117,-6.235404110187119,-0.05862970775745831,-1.1262340588118605,0.24688730258662045,0.27592100308629597,0.8718090744069796,0.9662898582782873,0.002088639367817329,0.0030551701034407875,0.006249217718203592,1,44.51998695800943,-5.480013041990567,-2.143817817285708,4.671916779221626,-6.815734596507334,0.47727462193207426,31.346176541008703,12.680780505308466,0.29037738734390806,0.21648682184461004,0.018711259835000986,0.95,-1,-1,4,-1,6,1,1,0.8117700938859795,-0.30799175635447257,1,1,0.5140828944355559,-0.8987863521868559,1,1,-0.299977100984666,,-1,32,-1,-1.0144263796656787,0,1,1,1,0,45,1,1,-1,3,8,1,11,8,0.002953972979161813,0.005816349896954348,-0.0025188916876574307,0.005793450881612133,UP,0.002976871994504236,0.000572475383558507,0.006617815433936258,0.000572475383558507,0.007442179986260591,0.002633386764369132,0.01000686970460266,0.002633386764369132
2026-08-11T09:00:00+00:00,PAXGUSD,30m,294,0.07093983844022642,0.08467012975126954,0.05263278335889109,0.2082427515503871,0.5934065934065297,1,0,-0.15838625447288493,-3.0897525709242473,0.00984749610785737,-0.1951895329520994,0.3021867679650733,0.6941183953776999,0.9197266850863535,1.1633980514761788,0.001682337505807423,0.0029233927185721596,0.006175399171212802,1,46.29501503247965,-3.7049849675203532,-2.8383537998106476,1.9921020665887645,-4.830455866399412,2.9824315167504887,29.4992150474663,12.081387272434368,0.2764682778195009,0.285052778766371,0.019660037543394217,0.91,-1,-1,6,-1,8,1,1,0.13501453122496251,-0.24142428888533338,1,1,0.5801048078903491,-0.8318268152589388,1,1,-0.36614110162703956,,-1,34,-1,-0.4382251310098754,0,1,1,1,0,45,1,1,-1,3,9,1,11,8,0.003180850820385031,0.001876473145838744,-0.0006865145655506992,0.003913133023639068,UP,0.004691182864596444,0.0005492116524404761,0.006773610380100315,0.0005492116524404761,0.006773610380100315,0.0032952699146432726,0.00933659809148955,0.0032952699146432726
2026-08-11T10:00:00+00:00,PAXGUSD,30m,296,0.11881369099302488,0.07083123886120399,0.020563908056473887,0.21020883791070277,0.6630434782609222,1,0,0.007082768603058095,-1.2598654832290777,0.15529894359486265,0.3510764826542072,0.43950495573179216,0.9366586014211862,1.0514731553118126,1.2762933154253915,0.0014821617499180455,0.0028420601213692952,0.006119681995800205,1,50.426816920501615,0.426816920501615,-2.3598643517534583,0.3480632092016507,-2.707927560955109,3.1808754231769276,27.17715142096449,11.399257393068371,0.2604592010480366,0.3918104042429703,0.01970436466859618,0.76,1,-1,8,1,0,1,1,0.2878947127907591,-0.0879678289082725,1,1,0.7323036146780855,-0.677466526527433,1,1,-0.5186674587579565,,,,1,0.29474934880959064,0,1,1,1,0,65,1,1,-1,3,10,1,11,8,0.0026276104738838365,0.0010053466160946023,-0.002353425033130782,0.001896449298542081,NEUTRAL,0.004386967052049494,0.0005255220947768089,0.005232372161038165,0.0005255220947768089,0.005232372161038165,0.004821093999908687,0.007791436274733686,0.004821093999908687
2026-08-11T11:00:00+00:00,PAXGUSD,30m,298,0.07072781200092092,0.16883413187313795,0.038786219484367286,0.27834816335842616,0.3934426229508404,1,0,0.13141396059170668,0.9827405001233274,0.2806038233812332,1.1753689484257848,0.563320425142413,1.3336330705360524,1.172971552103781,1.4699312290340458,0.001491898627895265,0.002827166017611798,0.00609651126961368,1,54.22507700051061,4.225077000510609,-0.9004946440945787,-0.2279073024049312,-0.6725873416896475,3.1956405269036985,24.496477673974464,11.078441323615051,0.2527593274838022,0.4936133532456727,0.018752661730180822,0.71,1,-1,10,1,2,1,1,0.22016883413186486,-0.15856719142139672,1,1,0.877253023043594,-0.5304585900068447,1,1,-0.6639288158795429,,,,1,0.4403376682637504,0,1,1,1,0,80,1,1,0,3,11,1,11,8,0.0001597079625826644,-0.001528633356148715,-0.0038558065252109596,0.003545516769336063,DOWN,0.0037645448323066393,0.001026694045174538,0.0037645448323066393,0.004471822952315849,0.0037645448323066393,0.006274241387177732,0.006319872233629892,0.006274241387177732
2026-08-11T12:00:00+00:00,PAXGUSD,30m,300,0.0774981765134855,0.19602479941649262,0.09345368344275082,0.36697665937272894,0.4658385093167597,1,0,0.19251605966878846,2.120111837969489,0.35007099271397696,1.64254549987254,0.634196857754685,1.5656443215684703,1.2432451196855163,1.5843901537327838,0.0015755493304518851,0.002841258650407081,0.0060904826193083125,1,56.804726412141285,6.804726412141285,0.6098673124233756,-0.057011995740123084,0.6668793081634986,2.2981740129001786,23.2679655034086,11.18651318209669,0.2549806979872513,0.6050275046436236,0.015357538860508656,0.72,1,-1,12,1,4,1,1,0.31569110138583734,-0.578387126185287,1,1,0.9721462436178098,-0.4342177242888445,1,1,-0.7590262582056935,,,,1,0.5356491611962072,0,1,1,1,1,100,1,1,1,4,12,1,11,8,0.00043307804522258977,-0.0027124361779722003,-0.0036013858497447536,0.0031455142231947898,DOWN,0.002803610503282317,0.0025984682713347095,0.002803610503282317,0.005424872355944608,0.002803610503282317,0.007225565280816881,0.005356491611962072,0.007225565280816881
2026-08-11T13:00:00+00:00,PAXGUSD,30m,302,0.06829979054730899,0.0796830889718605,0.10700300519077995,0.25498588470994943,0.6874999999999949,1,0,0.26275178822034145,2.9940144523970957,0.4357419266831341,2.045656188078283,0.7242517824341703,1.773539848611108,1.3341908054564517,1.6888303378118508,0.0017299013846279261,0.0028850985575103625,0.0060993902302228144,1,60.0421907796136,10.042190779613598,2.1950124438590137,0.6128718220989795,1.5821406217600342,1.5654387032643005,23.06887538647634,11.163830243746617,0.25416242245120246,0.7319245034061134,0.013613998911200567,0.71,1,-1,14,1,6,1,1,0.4337036699753955,-0.45931609143067786,1,1,1.0893816592295869,-0.3153173663600848,1,1,-0.8765139786904654,,,,1,0.6534013295692519,0,1,1,1,1,100,1,1,1,4,13,1,11,8,-0.0030962571714778834,-0.008287041253073408,-0.005668882615426564,0.003392222930516471,DOWN,0.0016164283762863958,0.00660231308623987,0.0016164283762863958,0.008400874237318924,0.0016164283762863958,0.008400874237318924,0.00582824879337045,0.008400874237318924
2026-08-11T14:00:00+00:00,PAXGUSD,30m,304,0.1279093670770301,0.015988670884626164,0.05253420433521806,0.1964322422968743,0.2674418604651544,0,1,-0.06260595104697717,1.1969143249780245,0.09722035423137482,1.3643292993383511,0.381824556431829,1.4380417661259344,0.9906252628754361,1.5214071485270324,0.00159826305278352,0.002846042022004542,0.0060880070644360705,1,48.75476114693096,-1.24523885306904,1.671259377286333,1.0729954270639237,0.5982639502224092,-0.49913069937396704,21.05273097060463,11.573404648944773,0.2643476542094692,0.5434734003472513,0.010828351042904341,0.82,1,-1,16,1,8,1,1,0.10849455243142,-0.14732418172264014,1,1,0.7663141545419494,-0.6429729791461966,1,1,-0.5527511934400933,,,,1,0.32890980105526474,0,1,1,1,1,100,1,1,1,4,14,1,11,8,-0.00029693245928603316,-0.0025581873415410172,-0.00025125054247284524,0.008245585984787796,DOWN,0.003494666636211889,0.003357620885772533,0.003494666636211889,0.005162056599895015,0.003494666636211889,0.005162056599895015,0.009113542404239198,0.005162056599895015
2026-08-11T15:00:00+00:00,PAXGUSD,30m,306,0.18488929468158785,0.0981511070531676,0.10043369093813367,0.3834740926728891,0.2619047619047516,0,1,-0.012959660508178343,0.43829041114986467,0.14382408178632414,1.029202094468019,0.42662030625937347,1.2641356092344722,1.0334294328601197,1.4319062520453372,0.0015678374229450248,0.0028279622447304935,0.00606809126600746,1,50.34039744717021,0.34039744717021136,1.840880139528963,1.3976700163979747,0.4432101231309882,-0.7990203465063788,20.40256071813699,12.193905028936976,0.2783361111375708,0.6331615899131969,0.009834919089462612,0.92,1,-1,18,1,10,1,1,0.17461766719926128,-0.7207258616754332,1,1,0.8320018260671245,-0.5763524309518374,1,1,-0.6185802328235646,,,,-1,-0.15179182834968355,0,1,1,1,1,100,1,1,1,4,15,1,11,8,-0.0040401734763752155,-0.0033553983108878835,0.0013467244921250025,0.006665144944076653,DOWN,0.0,0.004154302670623104,0.0,0.005820588906642319,0.0020771513353116558,0.005820588906642319,0.008445560374343757,0.005820588906642319
2026-08-11T16:00:00+00:00,PAXGUSD,30m,308,0.05484084729108234,0.025135388341758193,0.08911637684803476,0.1690926124808753,0.527027027027062,0,1,-0.10345677883690754,-0.7999482121877008,0.03161659701316537,0.47447682768870436,0.30603770432886046,0.9746880801985753,0.9082210755972953,1.2830850594600633,0.001350733758500729,0.0027442110731569513,0.006021833712684348,1,47.2678583502417,-2.7321416497582973,0.8537347144756495,1.290568402432005,-0.43683368795635547,-1.2923219221615714,18.436191786694813,12.210050764746741,0.27900397058580856,0.49415798076616535,0.009191247774839286,0.91,1,-1,20,1,12,1,1,0.2810593423668437,-0.8288965564518096,1,1,0.7254987089550741,-0.6843680734867311,1,1,-0.5118479080501918,,,,-1,-0.25935150698077036,0,1,1,1,1,100,1,1,0,3,16,1,11,8,-0.002125082832529804,-0.0023307360098713107,0.004501519548476982,0.01051116239745904,DOWN,0.000685510591138633,0.004752873431894564,0.000685510591138633,0.004752873431894564,0.005209880492653653,0.004752873431894564,0.01051116239745904,0.004752873431894564
2026-08-11T17:00:00+00:00,PAXGUSD,30m,310,0.03199780586473239,0.059424496605955335,0.05028226635887409,0.1417045688295618,0.35483870967740044,0,1,-0.10637202685983237,-1.3500709854870365,0.006802304019010341,0.14249091244982992,0.2714798044250759,0.7856404150597882,0.8676996789226503,1.1814769792754305,0.001131743308788427,0.002646775004060656,0.0059621987449757444,1,46.566041680426835,-3.433958319573165,0.007972776956194139,0.89947485801333,-0.8915020810571359,-0.8999293131496109,16.70177540995818,11.388768261439791,0.26029685419147924,0.42342862143431875,0.00799455978719301,0.68,1,-1,22,1,14,1,1,0.25826800447969694,-0.8519415811487336,1,1,0.7028089502434326,-0.7073800653669421,1,1,-0.4891093182181918,,,,-1,-0.14056179004867406,0,1,1,1,1,100,1,1,0,3,17,1,11,8,-0.0018970127762668117,-0.00089136744908933,0.00573674948003553,0.008045162617420477,NEUTRAL,2.285557561754721e-05,0.004525403972299084,2.285557561754721e-05,0.004525403972299084,0.00809087376865578,0.004525403972299084,0.013461934038808684,0.004525403972299084
2026-08-11T18:00:00+00:00,PAXGUSD,30m,312,0.1675849403122172,0.0,0.01147842056932966,0.17906336088154687,0.06410256410256261,0,1,-0.4645938044703192,-4.206293935965732,-0.4090052201456802,-1.1739635983121843,-0.1669561067056556,0.09062461601752148,0.41834173073760733,0.8230506635045458,0.0005558858432463902,0.0024204911344002456,0.00585297837443263,1,35.18696137013677,-14.813038629863229,-2.8839432515469525,-0.20837144668056978,-2.6755718048663826,-2.0026997082488176,17.860809441065168,11.212764470323062,0.25740965267041005,-0.11530208624787644,0.00811151875382764,0.63,-1,-1,0,-1,1,1,1,0.5612947658402371,-0.28007346189166044,1,1,0.2628558310376659,-0.6864095500459053,1,1,-0.04820936639119292,,,,-1,-0.5842516069788756,0,1,1,1,1,45,1,1,-1,3,18,1,11,8,0.0022038567493113783,0.002640036730945822,0.008333333333333375,0.014921946740128558,UP,0.0032598714416895817,4.5913682277276884e-05,0.0044306703397612906,4.5913682277276884e-05,0.012557392102846607,4.5913682277276884e-05,0.01795224977043155,4.5913682277276884e-05
2026-08-11T19:00:00+00:00,PAXGUSD,30m,314,0.018319631775405482,0.0,0.22899539719251644,0.24731502896792193,0.9259259259259103,0,1,-0.17523662002505044,-3.815583017877543,-0.14628727810040823,-1.2552428295075515,0.07976400385059132,-0.002743666151218349,0.6536742895214135,0.7608086266527607,0.00028949341924642196,0.0022605128195099956,0.005739102856708221,1,43.921508565464556,-6.078491434535444,-3.451481704511025,-1.3385748313973709,-2.112906873113654,-0.35709345920443747,18.160380234849686,11.255393854513276,0.25774333862724763,0.20048096718286848,0.008244309376877843,0.64,-1,-1,2,-1,3,1,1,0.8094987290755539,-0.02976940163505213,1,1,0.5118047127252826,-0.4350912546657813,1,1,,,,,-1,-0.2427351210240758,0,1,1,1,1,45,1,1,-1,3,19,1,11,8,0.0009846802079278624,0.0023128535116444995,0.004602807483569664,0.009984199317593801,UP,0.001923561336417263,0.001007579747646989,0.002427351210240758,0.0016487668597860768,0.010029998397032263,0.0016487668597860768,0.015411390231056398,0.0016487668597860768
2026-08-11T20:00:00+00:00,PAXGUSD,30m,316,0.0022902686485208024,0.027483223782145478,0.05267617891579099,0.08244967134645727,0.6666666666667509,1,0,-0.1560976103936376,-2.2422346246112284,-0.14834631088682307,-0.7717178137827432,0.06313288683814096,0.1970110114743875,0.6271911698575093,0.8471419624274859,7.751299506814522e-05,0.00211479197724964,0.0056405828301936845,1,43.53338341456087,-6.466616585439127,-3.707959321060116,-2.1721835995043994,-1.5357757215557166,0.8721309441978322,17.735122097808283,10.47276306843238,0.2398544091892994,0.21923030749185476,0.00870676864703844,0.48,-1,-1,4,-1,5,1,1,0.7958683553581043,-0.04351510432174944,1,1,0.4981334310514831,-0.4488926551084317,1,1,,,,,-1,-0.25651008863339253,0,1,1,1,1,45,1,1,-1,3,20,1,11,8,-0.0001832214918810393,0.004717953415935564,0.00425989968623307,0.010489430410187156,UP,0.0020612417836612233,0.0006870805945537412,0.005450839383459721,0.0015115773080183138,0.010168792799395285,0.0015115773080183138,0.015550924123399592,0.0015115773080183138
2026-08-11T21:00:00+00:00,PAXGUSD,30m,318,0.0,0.05496896543825464,0.022903735599276238,0.07787270103753088,0.294117647058855,0,0,-0.13054942719652868,-2.0332124704864327,-0.1407427523688899,-0.796653006879751,0.05648126019828511,0.14623124433546764,0.6104227848961535,0.8086054516998047,-0.00010193325172361208,0.00197224012567175,0.005539415246978685,0,43.53228827324838,-6.467711726751617,-3.8179680614193785,-2.7644137790791365,-1.053554282340242,0.7451050685321559,17.223484955163094,9.50508652329116,0.21770198857770456,0.26479493355645084,0.00907566529536443,0.38,-1,-1,6,-1,7,1,1,0.7913240649550192,-0.04809784475848844,1,1,0.493575502164428,-0.45349396486565285,1,1,,,,,1,0.07443714069764777,0,1,1,1,1,45,1,1,-1,3,21,1,11,8,0.0001145186779963812,0.0068482169441835125,0.007429971828405121,0.007191772978172656,UP,0.0021071436751333725,0.0014658390783538044,0.007558232747761159,0.0014658390783538044,0.010215066077277079,0.0014658390783538044,0.015597443943106994,0.0014658390783538044
2026-08-11T22:00:00+00:00,PAXGUSD,30m,320,0.004575193301912845,0.0,0.06176510957587542,0.06634030287778826,1.0,1,0,-0.00709469276742224,-0.6897725665430698,-0.017670794209914627,-0.32332328701249935,0.1707780116056641,0.35045705575248576,0.7164969757801721,0.8985763840692016,-0.00010576101442492388,0.0018844880581557874,0.005457189641745079,0,48.61397047792135,-1.3860295220786512,-2.9626415172106135,-2.9007700711026074,-0.0618714461080061,1.2534949898506969,15.128132451605541,9.026324604266367,0.20648589935184078,0.4301150328785918,0.008571103938157574,0.27,1,-1,8,1,1,1,1,0.9116072654069718,-0.9419179210321886,1,1,0.6142197007823664,-0.331701514388983,1,1,,,,,1,0.1955895136569354,0,1,1,1,1,80,1,1,1,4,22,1,11,8,0.0015098137896326954,0.0066340302877796594,0.006771286086837252,0.006199386924097627,UP,0.0020130850528435242,0.002676488081621407,0.008990254838266959,0.002676488081621407,0.008990254838266959,0.002676488081621407,0.014366106968019442,0.002676488081621407
2026-08-11T23:00:00+00:00,PAXGUSD,30m,322,0.08013737836290784,0.03228391528333954,0.09845449341729093,0.21087578706353835,0.8469055374592998,1,0,-0.07496412255895786,-0.9687253889387648,-0.09703087731013375,-0.46616655598427315,0.0793223632203706,0.25180174526303745,0.6158597741665429,0.8380565675488469,-0.00022066754751175901,0.0017635324053050436,0.005365374109461723,0,45.627554367785955,-4.3724456322140455,-2.97956364966376,-2.9454096290113707,-0.03415402065238915,0.4493997013334887,14.617657050089589,9.084126827148031,0.20799374532680096,0.3674905438008791,0.007155381197495928,0.28,1,-1,10,1,3,1,1,0.8231253577561701,-1.0320549513451798,1,1,0.5254722381225123,-0.4212936462507072,1,1,,,,,1,0.04808242701775303,0,1,1,1,-1,80,1,1,0,3,23,1,11,8,0.005586720091585492,0.005678305666857512,0.009112764739553561,0.0090440755580996,UP,0.005769891242129323,0.0012364052661704948,0.009891242129364583,0.0012364052661704948,0.011562678878076703,0.0012364052661704948,0.015271894676588396,0.0012364052661704948
2026-08-12T00:00:00+00:00,PAXGUSD,30m,324,0.2307516563856606,0.01142334932602239,0.09824080420377593,0.3404158099154589,0.9664429530201334,1,0,0.13691259987415286,-0.1113602390187225,0.11993142667298726,-0.1601945024667657,0.2891914235047353,0.3764835707588645,0.8174411773794931,0.8886037011825465,-0.00016981173201165612,0.001692599968317481,0.0052824975387475775,0,54.64811064525853,4.648110645258527,-2.041819268754807,-2.7634603743864625,0.7216411056316554,0.8660453166143167,14.069916800113756,9.255190988714324,0.21145055948627653,0.713765462026001,0.006705467497261919,0.32,1,1,0,1,5,1,1,1.0383824537354518,-0.8127713045465097,1,1,0.19762394334017905,-0.20333561800319022,1,1,,,,,1,0.2170436371944254,0,1,1,1,-1,100,1,1,0,3,0,2,12,8,0.0066026959104408586,0.002284669865204478,0.008498971898560616,0.0046835732236691794,UP,0.007402330363262426,0.0005026273703449436,0.0076993374457390495,0.0005026273703449436,0.009367146447338359,0.0005026273703449436,0.013068311628969572,0.0005026273703449436
2026-08-12T01:00:00+00:00,PAXGUSD,30m,326,0.20515626068522194,0.07294444824365104,0.041031252137027796,0.3191319610659008,0.7714285714285195,1,0,0.3140380424129824,2.746936402980282,0.3264227767890426,1.0438189156393491,0.49798534794557037,0.9675047031669237,1.022648252519251,1.1764361072873726,0.00012384734376060202,0.0017156257115652778,0.005246629045736807,1,62.04814686608024,12.048146866080238,0.11786190750171954,-1.942940848299773,2.0608027558014923,2.054646842933515,14.775188132757787,9.338404474962838,0.21287023809439098,1.097758244861877,0.006287111505303214,0.33,1,1,2,1,7,1,1,0.36244272721055043,-0.5852652214548107,1,1,0.42284984841230194,0.02279514007613577,1,1,,,,,1,0.4422257174770256,0,1,1,1,1,100,1,1,1,4,1,2,12,8,0.0018919966263193104,-0.0004559028015227154,0.005311267637739676,0.0031457293305067776,NEUTRAL,0.005425243338120354,0.0013905035446441576,0.005425243338120354,0.0017096355057101826,0.007089288563678307,0.0017096355057101826,0.01078210125601226,0.0017096355057101826
2026-08-12T02:00:00+00:00,PAXGUSD,30m,328,0.09781619654231533,0.07051865332120937,0.050045495905364376,0.2183803457688891,0.6770833333333077,1,0,0.43402831127783675,5.24681188543309,0.49530223509522053,2.2308378379266287,0.6781675460720689,1.5752096456963045,1.2041493916970427,1.4790288924714332,0.0006127392381738377,0.001828653109768484,0.005259818456249739,1,67.5162529519358,17.516252951935797,3.028896089952468,-0.38541879575456006,3.4143148857070282,2.1930395371617624,17.34736295655612,9.526991613615918,0.21671955444986166,1.113072194308624,0.008910909842111675,0.38,1,1,4,1,9,1,1,0.3525932666060055,-0.37704731574159983,1,1,0.6289808917197369,-0.23316651501364877,1,1,,,,,1,0.648316651501365,0,1,1,1,1,100,1,1,1,4,2,2,12,8,-0.00013648771610563326,0.0005777979981801555,0.005982711555960005,-0.0015013648771611383,NEUTRAL,0.0033439490445859458,0.0017288444040037224,0.0033439490445859458,0.0037761601455869797,0.005982711555960005,0.0037761601455869797,0.008689717925386673,0.0037761601455869797
2026-08-12T03:00:00+00:00,PAXGUSD,30m,330,0.12044359603672808,0.11362603399690938,0.06135805835832694,0.2954276883919644,0.2076923076922937,0,1,0.4260197293712483,6.741721293970841,0.5443524960187476,3.1085127446613114,0.7445679012861727,2.050546979460705,1.2759048890160303,1.7214926157957962,0.0011833276664749927,0.0020021540526742507,0.005313369877298575,1,66.4310980180362,16.431098018036195,5.910050551090535,1.7228338283743874,4.187216722716148,1.3714433982423242,21.488980738155025,10.297252972964722,0.23400720327617316,0.9726526757300857,0.012368380470097669,0.47,1,1,1,1,11,1,1,0.45223161530769107,-0.27667939278249915,1,1,0.7283428779201726,-0.13294245977639224,1,1,,,,,1,0.7476593036996554,0,1,1,1,1,100,1,1,1,4,3,2,12,8,-0.0030679029179165535,0.00013635124079637394,0.002295245886737652,-0.00013635124079616724,NEUTRAL,0.0004090537223889151,0.004772293427870194,0.0009544586855742041,0.004772293427870194,0.007681119898191115,0.004772293427870194,0.007681119898191115,0.004772293427870194
2026-08-12T04:00:00+00:00,PAXGUSD,30m,332,0.07057805705437821,0.02504382669672754,0.08879174919747161,0.18441363294857738,0.48148148148152725,0,1,0.19273124761893676,4.154560968533588,0.3307009090624625,2.3060127258477223,0.5382273022005809,1.6853064352208094,1.071534028995814,1.5442001207420617,0.0013796966144352578,0.0020752639313811835,0.00533306726795233,1,58.5940207769765,8.5940207769765,6.128960574324992,3.32074764621774,2.808212928107252,-1.437580845692389,23.0878373944864,9.976662002199195,0.22713981290438257,0.7599093111963171,0.012360010217739777,0.42,1,1,3,1,13,1,1,0.26865195911026524,-0.10928215285841544,1,1,0.5452724085331105,-0.3176012567447537,1,1,,,,,1,0.16164651776974168,0,1,1,1,1,100,1,1,1,4,4,2,12,8,0.0014570953714454012,0.0034150672768253534,0.006534162056325801,0.00594221706167599,UP,0.0022084101723470204,0.002936957858069928,0.00585114860096073,0.002936957858069928,0.00953942125993207,0.002936957858069928,0.00953942125993207,0.002936957858069928
2026-08-12T05:00:00+00:00,PAXGUSD,30m,334,0.19147481194437282,0.10713471620699175,0.00455892409390969,0.3031684522452743,0.015037593984948524,0,1,0.04256473008992196,2.189107731612239,0.1869047389501594,1.6187376219759244,0.3979564144431913,1.3597969190859658,0.9312794554571138,1.3827744110667481,0.0014434000886023746,0.0021105167549303186,0.005333230410139226,1,53.08974090374808,3.08974090374808,5.601884489878103,4.245507639500066,1.3563768503780365,-2.22706549288812,23.936874690973724,10.043142236590171,0.22892961560497313,0.6171715657506283,0.012351721113794198,0.43,1,1,5,1,15,1,1,0.1481650330521997,-0.5829724185092484,1,1,0.42511967175745696,-0.43879644403920676,1,1,,,,,1,0.041030316845228676,0,1,1,1,1,100,1,1,1,4,5,2,12,8,0.0031000683838614917,0.006200136767722776,0.005356735810348757,0.004992021882835568,UP,0.004011853202644259,0.0017323911556873406,0.007066332345566446,0.0017323911556873406,0.010759060861636612,0.0017323911556873406,0.011921586505584723,0.0017323911556873406
2026-08-12T06:00:00+00:00,PAXGUSD,30m,336,0.04333052065042637,0.031927752058191435,0.10034436361147658,0.17560263632009437,0.5714285714285376,0,1,-0.008274086256076408,0.32668456034480187,0.12668800905003905,0.8790423031014143,0.3356359111298006,0.9937427314935121,0.8658832797171069,1.197719102316114,0.0013496209530611542,0.002089479020797616,0.005302473685873062,1,51.253929197096,1.2539291970959994,4.352687354630689,4.391343774017608,-0.03865641938691944,-2.381319542138183,22.762152253455444,9.970413459100712,0.22738063488564647,0.5454030821483156,0.011634167491391177,0.38,1,1,7,1,17,1,1,0.3169969668635462,-0.6311432415790803,1,1,0.3774316404022731,-0.4868982188875542,1,1,,,,,1,0.11402768592214191,0,1,1,1,1,100,1,1,0,3,6,2,12,8,0.002440192478734003,0.005769800907660422,0.006203106114164685,0.002759469999315917,UP,0.004492690825332557,0.00029647198339740303,0.007548632808045877,0.00029647198339740303,0.011243129831923233,0.00029647198339740303,0.012406212228329164,0.00029647198339740303
2026-08-12T07:00:00+00:00,PAXGUSD,30m,338,0.0036375706484391298,0.0704779313135805,0.10321606714955335,0.17733156911157297,0.5820512820512638,0,1,0.24678284779780835,2.3841567489434965,0.40270481386472473,1.7087506996349475,0.6193475916861423,1.412366680852756,1.150032104719938,1.4050828982144594,0.001559219660669164,0.0021664277782141757,0.005306845130337958,1,60.71439956058058,10.714399560580581,5.222559931741671,4.635573302958098,0.5869866287835732,-0.03501432867351273,24.16089306271707,10.374489156061317,0.2358621077917063,0.7592677842230482,0.011149290433121472,0.46,1,1,9,1,19,1,1,0.16914703515256427,-0.3190831503180775,1,1,0.6863641117279734,-0.1752854356218208,1,1,,,,,1,0.19983903749880558,0,1,1,1,1,100,1,1,1,4,7,2,12,8,0.002491735894183078,0.00540179241293707,-0.00023644209214875018,0.0004456024044342069,UP,0.004424195301168123,0.0008957517721788593,0.00540179241293707,0.0008957517721788593,0.00810723558271605,0.0030782941612444046,0.00926671122690716,0.0030782941612444046
2026-08-12T08:00:00+00:00,PAXGUSD,30m,340,0.006816632583507882,0.07952738014087707,0.018177686889347466,0.10452169961373242,0.23913043478266888,1,0,0.24844168382380788,3.523538744600046,0.42347240731223335,2.2590966665984524,0.64861021380545,1.7072645661246497,1.181508749769056,1.5548102238126376,0.0017503072348842546,0.002251378064932166,0.005328985359636059,1,62.26767961999352,12.267679619993523,5.858019501587478,5.033848325795583,0.8241711757918946,0.4342396888135127,25.79609673545931,9.71830952742029,0.22082048460396025,0.7558285465914175,0.010855165877813594,0.31,1,1,1,1,21,1,1,0.22494887525561547,-0.26300840718020285,1,1,0.17155192001816116,-0.11929107021131562,1,1,,,,,1,0.2556237218813906,0,1,1,1,1,100,1,1,1,4,8,2,12,8,0.0013860486253125116,0.0021586003181095206,-0.0005680527152919791,-0.002453987730061391,UP,0.0038627584639854577,0.0014542149511473838,0.007543740059077441,0.0036355373778686664,0.007543740059077441,0.0036355373778686664,0.008702567598273162,0.0037718700295388237
2026-08-12T09:00:00+00:00,PAXGUSD,30m,342,0.2677376171352116,0.24277902570734503,0.011344814285390147,0.5218614571279468,0.5347826086956601,1,0,0.34297069288908316,3.2691099473940994,0.5323067691396495,2.237359129757351,0.7647784607984787,1.715927851444576,1.299186993650175,1.5617266818444477,0.0018933607625056634,0.0023247169165882915,0.005344085328516964,1,64.19224622999761,14.192246229997608,6.205700093609266,5.353235383447969,0.8524647101612972,0.08353579460325466,26.74285620761146,10.506603623132756,0.23839093374929676,0.8764238093336325,0.009068151519873535,0.47,1,1,0,1,23,1,0,0.36757198284663667,,1,0,0.20534113856556577,,1,0,,,,,1,0.34715131713294267,0,1,1,1,1,100,1,1,1,4,9,2,12,8,0.00013613777142455796,0.0031084791141968594,-6.806888571238215e-05,-0.001701722142808522,UP,0.0017471013999500414,0.0012933088285344355,0.006103510085539817,0.005059787171284047,0.006103510085539817,0.005059787171284047,0.007260681142649695,0.005195924942708811
2026-08-12T10:00:00+00:00,PAXGUSD,30m,344,0.10420914321959708,0.018123329255588374,0.029450410040328532,0.151782882515514,0.8805970149253427,1,0,0.41744709444298855,5.179929004555561,0.6389136841198795,3.114993952536679,0.885892533588216,2.1819438164893654,1.425737937803758,1.7996123444409022,0.0022146658967689093,0.002469788494683364,0.005398454042155421,1,67.92720196928673,17.927201969286727,7.584838979692904,6.033005260024376,1.5518337196685277,1.1267501992202806,29.05642733850911,9.936459246476653,0.2251021531982387,1.0093019621965782,0.007989101350728245,0.32,1,1,2,1,25,1,0,0.2537266095781754,,1,0,0.36133387703320685,,1,0,,,,,1,0.17896787639888626,0,1,1,1,1,100,1,1,1,4,10,2,12,8,0.003511395043269449,-0.0008382039780707305,-0.003783244982103171,-0.010058447736849177,NEUTRAL,0.004530832313896063,0.006615015178288211,0.004530832313896063,0.006615015178288211,0.004530832313896063,0.006615015178288211,0.005686194553939641,0.01023968102940506
2026-08-12T11:00:00+00:00,PAXGUSD,30m,346,0.07029159675296935,0.04081447553399351,0.10657113056098878,0.21767720284795164,0.8124999999999881,1,0,0.2738410072613561,4.28969245044118,0.5092440520163789,2.8953865744106224,0.7661490272923246,2.106365194139471,1.310563321066662,1.7689722643553978,0.002354030447550228,0.002569049752759458,0.005444142937743374,1,62.60251961442648,12.602519614426477,7.6614378877657145,6.599377610983908,1.0620602767818061,-0.10518550985529362,29.331054419246676,10.089089860482412,0.22876717292826657,0.8507508413084831,0.007302992730535748,0.36,1,1,4,1,27,1,0,0.4330869348328751,,1,0,0.27096276812842546,,1,0,,,,,1,0.08843136365696877,0,1,1,1,1,100,1,1,1,4,11,2,12,8,0.0015192054782095638,0.00043081946397001175,-0.00215409731984944,-0.008775112239807677,NEUTRAL,0.005441930071198585,0.005714026574758473,0.005441930071198585,0.005714026574758473,0.005441930071198585,0.005714026574758473,0.006598340211328367,0.01065711305609723
2026-08-12T12:00:00+00:00,PAXGUSD,30m,348,0.3233611469145056,0.0,0.19673020826266463,0.5200913551771703,1.0,1,0,0.47558767338410723,4.416278853989752,0.7336432104973996,3.031458348772503,1.0032975100232964,2.2024787048085273,1.5525004574189323,1.823124938508954,0.0025805553711329234,0.0026965429952589687,0.005492029473956359,1,68.15147243930777,18.151472439307767,8.415354613175623,7.10473944597614,1.310615167199483,0.10718604014316568,30.427711604296835,10.720184624599616,0.24241197170249904,1.0649473377920442,0.008547837733865884,0.49,1,1,0,1,29,1,0,0.7055152296316356,,1,0,0.32788368043778127,,1,0,,,,,1,0.28265834520498384,0,1,1,1,1,100,1,1,0,3,12,2,12,8,-0.0024421681025711016,-0.0056079415688669206,-0.007439567645795298,-0.01153246048436334,DOWN,0.0026909074463513636,0.008434525020916758,0.0026909074463513636,0.008434525020916758,0.0026909074463513636,0.008434525020916758,0.00384415349478778,0.013680663907921217
2026-08-12T13:00:00+00:00,PAXGUSD,30m,350,0.42625552658429167,0.09477383516606691,0.05441559913841143,0.57544496088877,0.09456264775412576,0,1,0.13383444827744917,5.543030989321778,0.41566959677442694,3.6350370993477554,0.7010332794366594,2.5460929110704456,1.2592959044785854,2.0049942003888646,0.002818351484969777,0.0028536368266223254,0.005582626250419259,1,55.90480428340408,5.904804283404083,8.951602712866588,7.879176314258997,1.0724263986075915,0.3615942258381555,28.383159447292446,14.319546946721028,0.3246694693735637,0.6701724928301994,0.01035469182086796,1.0,1,1,1,1,31,1,0,0.8955900691531573,,1,0,0.061217549030718015,,1,0,,,,,1,0.015871216415368282,0,1,1,1,1,100,1,1,1,4,13,2,12,8,0.00018138533046144017,-0.002720779956920984,-0.0024260287949211695,-0.007300759551071266,DOWN,0.004035823602766168,0.00278879945584405,0.004035823602766168,0.005713637909534025,0.004035823602766168,0.005713637909534025,0.006529871896610403,0.01104183199183762
2026-08-12T14:00:00+00:00,PAXGUSD,30m,352,0.09500113096584072,0.16512101334540108,0.1311920380004565,0.3913141823116983,0.5780346820809188,1,0,0.3117054385968164,3.243614936835911,0.605530603564713,2.810889686864357,0.9019347452118572,2.1691654368596573,1.465141843082019,1.8255284604229018,0.0029382516496789662,0.0029640414164714417,0.0056320709787016175,1,61.008888775030954,11.008888775030954,8.94985404034469,8.244422302364882,0.7054317379798078,-1.3198893365440227,25.01094636188351,15.22093588773395,0.34428717230793826,0.830244012481218,0.01081789709083981,1.0,1,1,3,1,33,1,0,1.130965844831486,,1,0,1.1909070346075465,,1,0,,,,,1,0.2578602126215706,0,1,1,1,1,100,1,1,1,4,14,2,12,8,-0.006401266681746252,-0.003166704365528161,-0.000588102239312455,-0.008414385885546216,DOWN,0.0010631078941415557,0.007645329111060887,0.0010631078941415557,0.00807509613209677,0.0013797783306944953,0.00807509613209677,0.00413933499208328,0.013390635602804754
2026-08-12T15:00:00+00:00,PAXGUSD,30m,354,0.00453463326153085,0.19045459698448125,0.13377168121527347,0.32876091146128555,0.4068965517241128,0,1,0.05893273015368324,2.131848054869806,0.3396833425025316,2.3814479577704333,0.6394580114754956,1.9767856530397694,1.2059713215363088,1.7355499260220313,0.002807506123488484,0.00299774668972964,0.005665133100608132,1,53.9288666042397,3.928866604239701,7.4196723475924955,8.070593644665404,-0.6509212970729088,-1.4064735115166407,21.69841379216255,15.473153903199181,0.35082539175148353,0.5744152155951218,0.009933960699871167,0.99,1,1,5,1,35,1,0,0.8955900691531573,,1,0,0.9556739598684874,,1,0,,,,,0,0.020405849676899134,0,1,1,1,1,100,1,1,1,4,15,2,12,8,-0.004897403922457854,-0.0029475116199977327,-0.00036277066092288033,-0.006121754903072214,DOWN,0.0010429656501531263,0.005282847749688285,0.0010429656501531263,0.005713637909534025,0.006529871896610403,0.005713637909534025,0.006529871896610403,0.01104183199183762
2026-08-12T16:00:00+00:00,PAXGUSD,30m,356,0.022664944130912714,0.06799483239273814,0.11332472065456359,0.20398449717821443,0.6666666666666666,1,0,0.0794723051547354,0.9664334417411737,0.34760881401247423,1.8563846776660284,0.6493547600521875,1.722877775260713,1.2173870732790726,1.611596559996542,0.0026813650885773887,0.003017459460397132,0.00568032313226885,1,54.882769905003066,4.882769905003066,6.294163667683279,7.511411082314087,-1.2172474146308083,-1.172854080905811,19.66462265320259,14.906443926738046,0.33785371879010095,0.5683129772333269,0.007561874175125619,0.95,1,1,7,1,37,1,0,0.9315292037805208,,1,0,0.9915913057274313,,1,0,,,,,1,0.056662360327281794,0,1,1,1,1,100,1,1,1,4,16,2,12,8,-0.0019718501393895713,-0.002583803630924173,-0.0034224065637679024,-0.0056662360327281785,DOWN,4.53298882617842e-05,0.006074205027084649,4.53298882617842e-05,0.006074205027084649,0.006164864803608217,0.006074205027084649,0.006164864803608217,0.011400466897849137
2026-08-12T17:00:00+00:00,PAXGUSD,30m,358,0.12166003411029822,0.07504263786242596,0.030699260943705613,0.22740193291642977,0.6699999999999818,1,0,-0.1971018100709633,-2.056955844741424,0.019580287441715097,0.501799158429094,0.3090941492495163,1.0365576978074387,0.8728854691168525,1.2670190186481705,0.0021668209751267843,0.0028951386180780117,0.005637913198673363,1,46.014598484446346,-3.9854015155536544,3.0387269508755708,6.100087239993211,-3.0613602891176406,-2.0418774543431786,20.960929432660784,15.232086855197625,0.3463805993222882,0.16347949024587236,0.008066705836594567,0.96,1,1,9,1,39,1,1,0.602615122228539,-0.13530415008529226,1,0,0.6628766344513846,,1,0,,,,,-1,-0.2751563388288883,0,1,1,1,1,65,1,1,-1,3,17,2,12,8,0.0010687890847071787,-0.001841955656623164,0.0006822057987492893,-0.0034337691870381724,DOWN,0.0024786810687890018,0.002774303581580402,0.0024786810687890018,0.002774303581580402,0.009505400795906806,0.002774303581580402,0.009505400795906806,0.008118249005116502
