timestamp,symbol,timeframe,index,f_body_size_pct,f_upper_wick_pct,f_lower_wick_pct,f_range_pct,f_close_position_in_range,f_bullish_candle,f_bearish_candle,f_ema20_distance_pct,f_ema20_slope,f_ema50_distance_pct,f_ema50_slope,f_ema100_distance_pct,f_ema100_slope,f_ema200_distance_pct,f_ema200_slope,f_ema20_vs_50,f_ema50_vs_100,f_ema100_vs_200,f_ema_alignment,f_rsi,f_rsi_distance_from_50,f_macd,f_macd_signal,f_macd_histogram,f_macd_histogram_slope,f_adx,f_atr,f_atr_pct,f_bb_position,f_bb_width,f_atr_percentile,f_structure_bias,f_last_bos_direction,f_last_bos_age,f_last_choch_direction,f_last_choch_age,f_bullish_fvg_present,f_bearish_fvg_present,f_nearest_bullish_fvg_distance_pct,f_nearest_bearish_fvg_distance_pct,f_bullish_ob_present,f_bearish_ob_present,f_nearest_bullish_ob_distance_pct,f_nearest_bearish_ob_distance_pct,f_demand_present,f_supply_present,f_buy_side_liquidity_distance_pct,f_sell_side_liquidity_distance_pct,f_liquidity_sweep_direction,f_liquidity_sweep_age,f_premium_discount_state,f_distance_from_equilibrium_pct,f_htf_1d_bias,f_htf_4h_bias,f_htf_1h_bias,f_htf_30m_bias,f_entry_15m_bias,f_mtf_alignment_score,f_higher_timeframe_bias,f_setup_bias,f_entry_bias,f_market_state_code,f_hour_utc,f_day_of_week,f_day_of_month,f_month,y_return_5,y_return_10,y_return_20,y_return_40,y_direction,y_mfe_5,y_mae_5,y_mfe_10,y_mae_10,y_mfe_20,y_mae_20,y_mfe_40,y_mae_40
2026-08-05T17:45:00+00:00,PAXGUSD,15m,80,0.021226415094331045,0.04952830188680103,0.04245283018868354,0.11320754716981563,0.5624999999999408,1,0,0.446141865354698,5.920867334694776,1.2634419538158814,6.560244647253057,,,,,0.008173000884611833,,,,69.58202543434427,19.582025434344274,16.507064971197906,17.997496520299265,-1.490431549101359,-0.03667512821412089,45.878673549513245,11.892604933757937,0.28048596541881926,0.7138863276153442,0.018515427380890827,0.6911764705882353,1,1,1,1,27,1,0,0.07900943396227272,,1,0,0.20872641509434822,,1,0,,,,,1,0.19811320754716125,-1,1,1,1,1,80,0,1,1,0,17,2,5,8,0.00158018867924524,-0.001037735849056518,-0.00030660377358494856,0.004127358490566038,NEUTRAL,0.0039858490566036875,0.00037735849056612353,0.0039858490566036875,0.0012735849056602915,0.0039858490566036875,0.001792452830188765,0.012688679245283063,0.001792452830188765
2026-08-05T18:15:00+00:00,PAXGUSD,15m,82,0.24218768369816532,0.0940534693973524,0.01645935714455378,0.35270051024007154,0.7333333333333333,1,0,0.6338759081699605,6.849508181008787,1.4521436498702258,6.898249672453858,,,,,0.008182677417002652,,,,74.5978016523138,24.597801652313805,16.68931740210428,17.454484603950853,-0.7651672018465732,0.7615119808499848,46.5849139025061,11.889542009209649,0.27956316887793387,0.8791856935869011,0.014405711400633313,0.6857142857142857,1,1,0,1,29,1,0,0.38209221942674415,,1,0,0.5114157398481036,,1,0,,,,,1,0.5008347245408844,-1,1,1,1,1,80,0,1,1,0,18,2,5,8,-0.0027275506125230913,-0.003479978367701868,-0.0002586470408425908,-0.0013872886736108624,DOWN,4.7026734698847286e-05,0.0037386254085446727,4.7026734698847286e-05,0.00482024030661431,4.7026734698847286e-05,0.00482024030661431,0.009616967245879411,0.00482024030661431
2026-08-05T18:45:00+00:00,PAXGUSD,15m,84,0.0470566091007482,0.0470566091007482,0.025881135005398674,0.11999435320689507,0.60784313725486,1,0,0.4712691214413971,7.065923930485951,1.284466136637351,6.986581108636528,,,,,0.008131970151959541,,,,70.83187732451336,20.831877324513357,16.28258829776223,17.0637224113783,-0.7811341136160692,0.6257463499310205,47.6550822899485,11.252717344675654,0.26475736070480577,0.8817591045201869,0.009081933622939646,0.5694444444444444,1,1,2,1,31,1,0,0.31880852665757337,,1,0,0.4482142016846309,,1,0,,,,,1,0.20116700390570286,-1,1,1,1,1,80,0,1,1,0,18,2,5,8,-0.002705755023293022,-0.0027998682414944326,0.0040468683826643025,0.0009176038774647183,DOWN,0.000235283045503741,0.0036468872053079856,0.000235283045503741,0.0041880382099666325,0.0048468307373771505,0.0041880382099666325,0.010258340783963194,0.0041880382099666325
2026-08-05T19:15:00+00:00,PAXGUSD,15m,86,0.1249616862754387,0.0,0.04550491594558958,0.17046660222102827,0.2669432918395802,0,1,0.20384193974777254,4.592740451033023,0.9896841160982007,5.945167720813515,,,,,0.007858421763504281,,,,62.26981461458978,12.269814614589777,14.572628400534086,16.341778595857612,-1.769150195323526,-0.9872355386493759,46.89591485174483,10.650659343113162,0.2511178021623833,0.6026682358987834,0.008205382548950611,0.36486486486486486,1,1,4,1,33,1,1,0.10963619644921475,-0.1308561054393743,1,0,0.23931341805579764,,1,0,,,,,0,-0.008252186829496954,-1,1,1,1,1,80,0,1,1,0,19,2,5,8,-0.0014382382760003687,-0.0005894419163935586,0.00532855492419764,0.0009902624195411356,NEUTRAL,0.00023577676655742343,0.001579704335934694,0.00023577676655742343,0.002098413222361197,0.007945677032985127,0.002098413222361197,0.01237828024426473,0.002098413222361197
2026-08-05T19:45:00+00:00,PAXGUSD,15m,88,0.1605704975324136,0.0,0.0047226616921253895,0.16529315922453897,0.028571428571402584,0,1,0.030383682892134348,1.8688873079881887,0.7697657964793859,4.689945289377647,,,,,0.007393821135872516,,,,56.41787776684987,6.41787776684987,12.084487247432662,15.043694357651017,-2.9592071102183546,-1.8405820434591078,44.31994278190299,10.035007290745543,0.23695972256123032,0.3961919079043971,0.008000321945686688,0.15789473684210525,1,1,6,1,35,1,1,0.21370044156885107,-0.20425511818462175,1,0,0.08854990672743158,,1,0,,,,,-1,-0.15938983210937685,-1,1,1,1,1,80,0,1,1,0,19,2,5,8,0.001511251741481628,0.0006847859453589331,0.011759427613402958,0.005832487189780332,NEUTRAL,0.0015136130723277443,0.0005903327115162106,0.0017237715176273778,0.0005903327115162106,0.012916479727974859,0.0005903327115162106,0.01390823868332205,0.0005903327115162106
2026-08-05T20:15:00+00:00,PAXGUSD,15m,90,0.07318915856075772,0.0,0.023609405987345355,0.09679856454810308,0.2439024390244227,0,1,0.03208980877959537,0.7629667078999773,0.7229565639573866,4.007827235601326,,,,,0.006908667551777913,,,,56.09479984799619,6.0947998479961925,9.957414942479772,13.395675451438837,-3.4382605089590648,-1.2051306663510335,41.71129921024902,9.217429755795889,0.21761804126442272,0.4348592216378495,0.007842744869310254,0.07692307692307693,1,1,8,1,37,1,1,0.2301917083766172,-0.1876947775993913,1,0,0.10506185664370402,,1,0,,,,,-1,-0.1428369062234222,-1,1,1,1,1,80,0,1,1,0,20,2,5,8,0.0008735480215317352,0.0007318915856075772,0.007413353480026356,0.00356502030408902,NEUTRAL,0.0013480970818774284,0.0007555009915952232,0.0015582207951646647,0.0007555009915952232,0.013504580224761501,0.0007555009915952232,0.013740674284634954,0.0007555009915952232
2026-08-05T20:45:00+00:00,PAXGUSD,15m,92,0.06134824567613703,0.0,0.07314598522923865,0.1344942309053757,1.0,1,0,0.0804370275764248,0.5932675318645124,0.72400325709573,3.6874252951474773,,,,,0.006435662295193052,,,,57.880997389486815,7.880997389486815,8.229324598612038,11.645613489876753,-3.416288891264715,-0.26247377537505123,38.90680497845677,8.593600146579183,0.2027701127056743,0.49299288242254,0.006902751669063769,0.0375,1,1,10,1,39,1,1,0.28904461905098977,-0.1285953611288034,1,0,0.16398857978812975,,1,0,,,,,-1,-0.08376395082700437,-1,1,1,1,1,80,0,1,1,0,20,2,5,8,-0.00011797739553101625,0.003232580637549802,0.009320214246950283,0.0024067388688326884,UP,0.0009674146433542044,0.0005662914985490068,0.0034213444703994713,0.0005662914985490068,0.012906727071093135,0.0005662914985490068,0.013142681862155167,0.0005662914985490068
2026-08-05T21:15:00+00:00,PAXGUSD,15m,94,0.06842366042988075,0.0023594365665564917,0.0023594365665564917,0.07314253356299374,0.0322580645162426,0,1,0.06360578733534417,1.2720398616847888,0.6699896430221163,3.7402184289303477,,,,,0.0060638385568677206,,,,57.03589465412971,7.035894654129713,7.229410469251889,10.155560216587201,-2.9261497473353124,0.6578092076483113,36.767931330703675,7.8441246161831,0.18507714451980983,0.4423629774918454,0.0056268921943781365,0.012195121951219513,1,1,12,1,41,1,1,0.0035391548498347374,-0.1238704197437652,1,0,0.16869971450818833,,1,0,,,,,-1,-0.1498242219757793,-1,1,1,1,1,80,0,1,1,0,21,2,5,8,-7.078309699648016e-05,0.006865960408654284,0.010239954698817836,0.0038930703348040484,UP,0.0009201802609535984,0.000613453507302542,0.007668168841280702,0.000613453507302542,0.01309487294434089,0.000613453507302542,0.01309487294434089,0.000613453507302542
2026-08-05T21:45:00+00:00,PAXGUSD,15m,96,0.014154949514000526,0.0,0.0070774747570109915,0.02123242427101152,0.33333333333367016,0,1,0.060700728554759005,0.906590453669196,0.6288431709918166,3.3997940976014434,,,,,0.005681424424370577,,,,57.259410441311324,7.259410441311324,6.236677268259882,8.825006301001766,-2.5883290327418838,0.44573431308100986,34.75835809448275,6.947229898647659,0.16389614746267006,0.42643252212156996,0.005080870310474504,0.011904761904761904,1,1,14,1,43,1,1,0.3055109936774516,-0.11206001698593941,1,0,0.1804756063036837,,1,0,,,,,1,0.04588562800794136,-1,1,1,1,1,80,0,1,1,0,21,2,5,8,0.0016278191941114552,0.0059214872133621435,0.006841558931773143,0.003986977446447022,UP,0.0020288760970084583,0.0007313390582241114,0.008540152873454708,0.0007313390582241114,0.012975370387845617,0.0007313390582241114,0.012975370387845617,0.0007313390582241114
2026-08-05T22:15:00+00:00,PAXGUSD,15m,98,0.002359714946443055,0.007079144839307704,0.011798574732172353,0.021237434517923114,0.6666666666666666,1,0,0.03079115923401828,0.5389549972214809,0.5590213317789746,3.053174020892584,,,,,0.005282301725449563,,,,56.037054143231074,6.0370541432310745,5.18966838644792,7.59424892598587,-2.4045805395379496,0.3293060900619107,33.02561382447594,6.4856216983237855,0.15304218458454352,0.34040084822129757,0.004557934644699358,0.011627906976744186,1,1,16,1,45,1,1,0.281985936098915,-0.011798574732172353,1,0,0.15692104393790518,,1,0,,,,,1,0.022299306243820344,-1,1,1,1,1,80,0,1,1,0,22,2,5,8,0.007527490679125876,0.011067063098777582,0.004247486903582047,0.005450941526263498,UP,0.007787059323233753,0.0,0.0122233234225306,0.0,0.013214403700033035,0.0,0.013214403700033035,0.0
2026-08-05T22:45:00+00:00,PAXGUSD,15m,100,0.016514497369472202,0.0,0.0023592139099337956,0.018873711279405996,1.0,1,0,0.044004274848146986,0.4770130476117629,0.5361491354216357,2.8313997786090113,1.6251279406375156,,,,0.004921448605734887,0.0108897880521588,,,57.013876871891426,7.013876871891426,4.433310310846537,6.5093352591424205,-2.076024948295884,0.442424012229762,32.09630490809814,5.7819901378404195,0.13640951560243517,0.3944583490591059,0.004602561943352918,0.011363636363636364,1,1,18,1,47,1,1,0.303158987425377,-0.11442187463138141,1,0,0.17812065019935786,,1,0,,,,,-1,-0.005898034774813033,-1,1,1,1,1,80,0,1,1,0,22,2,5,8,0.005355415575530191,0.006676575365088396,0.0044353221506594435,0.007714629485455404,UP,0.007573076650860019,2.3592139099123388e-05,0.012763347252695489,2.3592139099123388e-05,0.012999268643688009,2.3592139099123388e-05,0.012999268643688009,2.3592139099123388e-05
2026-08-05T23:15:00+00:00,PAXGUSD,15m,102,0.1458205936309285,0.018815560468511735,0.0023519450585719882,0.16698809915801222,0.887323943661952,1,0,0.30048580841013406,2.3854914063213073,0.7832170004057988,3.452514751419585,1.8554010733844841,4.487957161839404,,,0.004827311919956647,0.010721840729786856,,,68.54487007479393,18.544870074793934,5.309294559844602,5.976881124376499,-0.6675865645318968,1.5960431545460212,34.24725567166449,6.076307822933809,0.14291142158459497,1.0619347456699952,0.004584374493391758,0.03333333333333333,1,1,0,1,49,1,0,0.2281386706806486,,1,0,0.30222494002540956,,1,0,,,,,1,0.30222494002540956,-1,1,1,1,1,80,0,1,1,0,23,2,5,8,0.0057387459428946885,0.006068018251093697,-0.00112893362811049,0.005574109788795291,UP,0.00670304341690578,0.0005879862646408579,0.00964297474011007,0.0005879862646408579,0.009878169245966413,0.0016934004421656282,0.009878169245966413,0.0030340091255469555
2026-08-05T23:45:00+00:00,PAXGUSD,15m,104,0.05389698645545724,0.004686694474382953,0.14763087594318022,0.2062145568730204,0.7159090909090674,0,1,0.5396795678461386,6.690617681818367,1.0557718069203,5.206031494869421,2.1263123652068483,5.3433847802361925,,,0.005160922390741613,0.010705405582865488,,,74.69032265086116,24.690322650861162,8.360035303733639,6.6441764840307105,1.7158588197029285,3.178088794234726,38.83627981468395,7.293857255488794,0.17092040248134213,1.1495500852780025,0.008922618014387432,0.09782608695652174,1,1,1,1,51,1,0,0.24722313352390854,,1,0,0.6666822889815771,,1,0,,,,,1,0.6666822889815771,-1,1,1,1,1,80,1,1,1,4,23,2,5,8,0.0018043773726392483,0.0033509865491869015,-0.0031166518254673275,-0.00011716736185968037,UP,0.005952101982471891,0.002905750574119988,0.006186436706191252,0.002905750574119988,0.006186436706191252,0.005342831700801255,0.006186436706191252,0.0066785396260017815
2026-08-06T00:15:00+00:00,PAXGUSD,15m,106,0.023452707615094163,0.2603250545275537,0.021107436853576217,0.3048851989962241,0.14615384615381816,1,0,0.37999944596588764,5.751730120491629,0.9018262050720048,4.939977554472534,1.9668849152685322,5.205344008537395,,,0.005218267591061172,0.010650587101965273,,,68.74073134034045,18.740731340340446,9.101449517258516,7.467705872931548,1.6337436443269677,0.6804210254130538,40.640621147404204,8.082968756008196,0.1895675028966016,0.9303286125812303,0.010524989753955983,0.13829787234042554,1,1,3,1,53,1,0,0.1653415886863968,,1,0,0.5851450549965952,,1,0,,,,,1,0.2497713361007443,-1,1,1,1,1,80,1,1,1,4,0,3,6,8,0.0034944534346491585,0.0009146555969888004,-0.004315298201177241,-0.0004456014446867038,NEUTRAL,0.0067778325007623414,-2.3452707615179486e-05,0.007012359576913283,-2.3452707615179486e-05,0.007012359576913283,0.004526372569713003,0.007012359576913283,0.005863176903773542
2026-08-06T00:45:00+00:00,PAXGUSD,15m,108,0.1727075407846439,0.11436039862768796,0.014003314117683007,0.30107125353001485,0.6201550387596637,1,0,0.7240342908631695,7.685656629245386,1.2840353067186094,5.8054156510143,2.350849367365955,5.633425804103354,,,0.005600010158554398,0.01066814060647346,,,77.50424215294963,27.50424215294963,11.760842005204722,8.775989976070298,2.9848520291344247,1.3244781178580425,43.64561772368375,9.014396529415306,0.21038571030446257,1.0883828306058234,0.014316081929280066,0.21875,1,1,1,1,55,1,0,0.20654888323568638,,1,0,1.067752701472682,,1,0,,,,,1,0.7340070483347684,-1,1,1,1,1,80,1,1,1,4,0,3,6,8,0.0001166942843139543,-0.006744929633346474,-0.005858053072560379,-0.004831143370597666,DOWN,0.0021238359745140534,0.004784465656872127,0.0021238359745140534,0.007865194762760477,0.0021238359745140534,0.010689196443158256,0.0021238359745140534,0.010689196443158256
2026-08-06T01:15:00+00:00,PAXGUSD,15m,110,0.18982891961566356,0.06796344035621364,0.06561987344739119,0.3234122334192684,0.20289855072464819,0,1,0.23922948786855486,6.380322093327777,0.8001507140537515,5.420224136134493,1.8658070663640731,5.44774103578402,,,0.005609212261851968,0.010656563523103218,,,60.65960982676061,10.659609826760608,11.444740947672472,9.829217947612218,1.6155230000602536,-0.6327613833603163,43.49561161916239,10.217515374853006,0.23945430923020872,0.7295319909586285,0.01506087536429436,0.35714285714285715,1,1,3,1,57,1,0,0.23787204124676906,,1,0,0.6573705179282912,,1,0,,,,,1,0.32224044996484646,-1,1,1,1,1,80,1,1,1,4,1,3,6,8,0.0017084602765408867,-0.002226388563393485,-0.0038200140614014955,-0.0022029528943050473,DOWN,0.006280759315678505,2.343566908843773e-05,0.006280759315678505,0.0037497070541363956,0.006280759315678505,0.00658542301382713,0.006280759315678505,0.00658542301382713
2026-08-06T01:45:00+00:00,PAXGUSD,15m,112,0.030390873386928936,0.2033850757434245,0.07948382270433293,0.3132597718346864,0.25373134328361246,0,1,0.3957789675061808,4.95259926460767,0.9644851169277451,4.879184217938928,2.0257443207609174,5.169111841164522,,,0.005687061494215643,0.010612592038331724,,,65.15717992397406,15.157179923974056,11.853081064338767,10.54976205668816,1.3033190076506074,-1.2940698784568205,43.55032124335319,11.106939277296814,0.25965352714832646,0.8150724618276797,0.01576700469087462,0.61,1,1,5,1,59,1,0,0.4850850944454834,,1,0,0.9035440433888289,,1,0,,,,,-1,-0.021039835421723305,-1,1,1,1,1,80,1,1,1,4,1,3,6,8,-0.002922199364129418,-0.0071535440433889005,-0.006849635309519399,-0.004769029362259338,DOWN,0.003787170375911683,0.0031092201234337435,0.003787170375911683,0.007714606321301664,0.003787170375911683,0.009047129231344849,0.003787170375911683,0.009047129231344849
2026-08-06T02:15:00+00:00,PAXGUSD,15m,114,0.07940771189014985,0.10276292126958068,0.011677604689726045,0.1938482378494566,0.06024096385542037,0,1,0.39501405163628817,5.898613003453647,0.9747833479587695,5.303468399566555,2.0348623882943286,5.377106671428919,,,0.005797692963224814,0.01060079040335559,,,65.3823218129306,15.382321812930599,12.343610691937101,11.198757544844844,1.1448531470922578,-0.43400428156089,44.32835913219078,11.429962948281448,0.2669491778564927,0.7976016038964882,0.016466528084911614,0.68,1,1,7,1,61,1,0,0.5803769530793716,,1,0,0.9984352009715768,,1,0,,,,,1,0.07473667001424243,-1,1,1,1,1,80,1,1,1,4,2,3,6,8,-0.006562813835625909,-0.006446037788728649,-0.006282551323072527,-0.006558142793750129,DOWN,-0.00011677604689726044,0.007170049279491749,-0.00011677604689726044,0.008664782679776597,-0.00011677604689726044,0.009996029614405537,-0.00011677604689726044,0.009996029614405537
2026-08-06T02:45:00+00:00,PAXGUSD,15m,116,0.15464642204413173,0.03280378649422526,0.06560757298842922,0.2530577815267862,0.25925925925927173,0,1,0.0446940863740048,2.8862115515794358,0.5963789819591861,4.088599626050382,1.6455639667955195,4.757459316408131,,,0.005516848955851814,0.010491849848363335,,,54.68163592761505,4.681635927615048,10.360596905627062,11.0947023330822,-0.7341054274551375,-2.1852342329896146,41.092845574347834,11.38297825642634,0.26671770599433753,0.5584423127778623,0.015170596803491363,0.66,1,1,9,1,63,1,1,0.25657247293687185,-0.2507146539200482,1,0,0.6759923145414584,,1,0,,,,,-1,-0.2624302919536955,-1,1,1,1,1,80,1,1,1,4,2,3,6,8,-0.0029289095084118278,-0.005225174563006744,-0.0028351844041427346,-0.005646937532218089,DOWN,0.0006795070059514588,0.003936454379305539,0.0006795070059514588,0.00543605604761231,0.0006795070059514588,0.006771638783448274,0.002225971226392989,0.006771638783448274
2026-08-06T03:15:00+00:00,PAXGUSD,15m,118,0.19737769632030724,0.004699468960003245,0.11278725504018473,0.3148644203204952,0.3582089552239039,0,1,-0.2129578227032234,-0.8287021085716333,0.2835534316622838,2.423663091944036,1.3103432034781126,3.8825682541037168,,,0.004965112543655071,0.010267897718158288,,,46.831937405122694,-3.1680625948773056,7.194371653052258,9.988947129061101,-2.794575476008843,-3.1124600564134024,36.82894233879794,11.246547578245162,0.26426400625605434,0.3099219040995181,0.012941328095909642,0.64,-1,1,11,-1,0,1,1,0.1750552187602758,-0.20912636872032603,1,0,0.395930259880642,,1,0,,,,,-1,-0.5451383993608679,-1,1,1,1,1,80,1,1,1,4,3,3,6,8,-0.0014074909535222006,0.0008928991024014714,0.0011983645848017892,-0.003595093754405795,NEUTRAL,0.0006344283096009723,0.002631702617604168,0.001080877860801601,0.0039710512712064815,0.001903284928802917,0.0039710512712064815,0.0050519291320080826,0.007566145025612063
2026-08-06T03:45:00+00:00,PAXGUSD,15m,120,0.09395184967704051,0.009395184967695506,0.046975924838520255,0.15032295948325627,0.9375000000000533,1,0,-0.1336770940818705,-2.625762950553508,0.3019561168301161,1.4042349418523372,1.2986013631273834,3.3042105145059395,,,0.004356332109119866,0.009966452462972673,,,48.28498792278411,-1.7150120772158886,4.37819249851691,8.14470556817232,-3.76651306965541,-2.138067729579854,32.41437552474741,10.47942112613991,0.24614024958637487,0.26141237118013605,0.010325588613527174,0.4,-1,1,13,-1,2,1,1,0.21491485613622163,-0.07281268349971495,1,0,0.4357017028772797,,1,0,,,,,-1,-0.3499706400469674,-1,1,1,1,1,80,1,1,0,3,3,3,6,8,-0.0015032295948325628,-0.0015971814445097316,0.0032648267762770723,0.0005402231356430257,DOWN,0.0002348796241926013,0.003029947152084471,0.0008220786846741045,0.004368761009982469,0.0033118027011157635,0.004368761009982469,0.004650616559013548,0.007962419260129099
2026-08-06T04:15:00+00:00,PAXGUSD,15m,122,0.1977866729456001,0.007063809748061735,0.05651047798445106,0.26136096067811293,0.21621621621619408,0,1,-0.3289215288835883,-2.821089399431912,0.04384062856929746,1.0185959613181694,1.009433318708109,3.034248333759024,,,0.003727621574528857,0.009655926901388117,,,41.76677298341262,-8.233227016587378,1.7427667672782263,6.0880109807275,-4.3452442134492735,-0.7347910395495614,29.328660926351784,10.140419236314463,0.23876664083622468,0.0011229085585359496,0.009981757724342432,0.3,-1,-1,0,-1,4,1,1,0.11537555921826315,-0.3202260419119464,1,1,0.18954556157287925,-0.181304450200137,1,1,,,,,-1,-0.5980692253355224,-1,1,1,1,1,60,1,1,0,3,4,3,6,8,0.002072050859430229,0.0003060984224158658,0.00671061926065458,0.0023781492818460946,NEUTRAL,0.002519425476807115,0.0019072286319755977,0.0032964445490934777,0.0019072286319755977,0.00713444784553807,0.0019072286319755977,0.00713444784553807,0.005509771603484728
2026-08-06T04:45:00+00:00,PAXGUSD,15m,124,0.0963776121858998,0.014104040807678577,0.002350673467957119,0.11283232646153549,0.8750000000001185,1,0,-0.12349278184607458,-3.086243249875224,0.1982660624568907,0.60347131992512,1.1305437292524045,2.742245654267208,,,0.0032175884430296533,0.009322776667955139,,,47.27332683925779,-2.726673160742209,0.27514164550757414,4.0685812290693395,-3.7934395835617654,0.0880945527682444,27.271142144891396,9.477504341516012,0.22278517997969044,0.23368315311766633,0.010996543590916862,0.22,-1,-1,2,-1,6,1,1,0.282080816153828,-0.15279377541665687,1,1,0.3561270303942207,-0.014104040807678577,1,1,,,,,1,0.05994217343269273,-1,1,1,1,1,45,1,1,-1,3,4,3,6,8,-0.00037610775487185625,0.00016454714275635694,0.0030088620389739948,0.002186126325191996,NEUTRAL,0.0016219646928844257,0.003573023671281993,0.0016219646928844257,0.003573023671281993,0.005453562445640633,0.003573023671281993,0.005453562445640633,0.007169554077243129
2026-08-06T05:15:00+00:00,PAXGUSD,15m,126,0.12954893416558708,0.0023554351666556068,0.014132610999890799,0.1460369803321335,0.09677419354843442,0,1,-0.2784816481496567,-2.583568737427413,-0.008569743382916242,0.5425277351559998,0.8912287128697268,2.628951049649004,,,0.0026991190476674046,0.00899798456252643,,,41.713164526427846,-8.286835473572154,-1.2395737945316796,2.30385466837559,-3.5434284629072694,0.74085096016361,24.849927931923983,9.224990988348091,0.2172886818595711,0.12087049605347074,0.012157957005698838,0.2,-1,-1,4,-1,8,1,1,0.08008479566599072,-0.3556707101637113,1,1,0.15428100341538528,-0.2167000353315232,1,1,,,,,-1,-0.14250382758215008,-1,1,1,1,1,45,1,1,-1,3,5,3,6,8,0.0008244023083264633,0.002402543869979936,0.0038864680249676127,0.0001884348133318059,UP,0.003650924508302909,0.0015545872099871308,0.003650924508302909,0.0015545872099871308,0.007490283829937624,0.0015545872099871308,0.007490283829937624,0.005158403014956928
2026-08-06T05:45:00+00:00,PAXGUSD,15m,128,0.08921025448399336,0.01878110620713852,0.04225748896610437,0.15024884965723626,0.8750000000001066,1,0,0.05144677588019329,-1.1588850662383265,0.3010405884433802,0.8981964983113357,1.1732163239122433,2.727178633233052,,,0.002495938125631869,0.008721757354688631,,,52.121610531589454,2.121610531589454,-0.7099612327074283,1.1533161081187322,-1.8632773408261605,1.6522004390415697,21.764316564784018,9.658283046075637,0.22674154958389603,0.4314741171851135,0.011245457221812232,0.26,1,-1,6,1,0,1,1,0.165508498450563,-0.0234763827589445,1,0,0.48478730397221675,,1,0,,,,,1,0.1889848812095075,-1,1,1,1,1,80,1,1,0,3,5,3,6,8,-0.0008686261620811174,0.0003051929758661077,0.0010329608413934726,-0.007723729927692868,NEUTRAL,0.0003286693586251376,0.003967508686261749,0.0010094844586344427,0.003967508686261749,0.0041553197483331335,0.003967508686261749,0.0041553197483331335,0.009160484552540246
2026-08-06T06:15:00+00:00,PAXGUSD,15m,130,0.039993412849644014,0.021172983273356052,0.07763427200226274,0.13880066812526282,0.5593220338982842,0,1,-0.1328416603648278,-0.8311961653334947,0.08360133675433777,0.8928757371959364,0.9275833377491761,2.655119869063128,,,0.002164429971191656,0.008439820009948381,,,46.12280756058705,-3.8771924394129513,-1.2658651907786407,0.33339736854310237,-1.599262559321743,1.1396143408795285,19.551767245830426,9.551784871361198,0.22471086812433713,0.2869290779978381,0.011278993664410191,0.23,1,-1,8,1,2,1,1,0.20231961794526676,-0.06940033406262071,1,0,0.27642505940198087,,1,0,,,,,1,0.0470510739407627,-1,1,1,1,1,60,1,1,0,3,6,3,6,8,-0.0004469852024371601,0.0048697861528688964,0.0016232620509564414,-0.006046063001387964,UP,0.0016703131248971615,0.001882042957630508,0.004916837226809831,0.001882042957630508,0.006257792834121524,0.001882042957630508,0.006257792834121524,0.007834003811137032
2026-08-06T06:45:00+00:00,PAXGUSD,15m,132,0.021184944566053153,0.035308240943436195,0.11298637101900011,0.16947955652848948,0.6666666666667088,0,1,-0.15646962346487028,-1.9937909652726375,0.024446483873601977,0.260128660133887,0.837116756606398,2.2620948766470974,,,0.0018091610733847227,0.00812670272732796,,,44.50984231400362,-5.49015768599638,-1.9644620998678874,-0.44139312005911113,-1.5230689798087762,0.15734341917200023,18.873757107671683,9.280875730918572,0.21846093098224165,0.27980699340979914,0.010329801506773843,0.21,1,-1,10,1,4,1,1,0.14594072923286533,-0.12593272603157626,1,0,0.2200880352140942,,1,0,,,,,-1,-0.03883906503777125,-1,1,1,1,1,60,1,1,0,3,6,3,6,8,0.003248358166796173,0.006402561024409721,0.002094955629310462,-0.002424499211449328,UP,0.003342513475978584,0.0005884706823906032,0.006826259915730998,0.0005884706823906032,0.006826259915730998,0.0005884706823906032,0.006826259915730998,0.007273497634347985
2026-08-06T07:15:00+00:00,PAXGUSD,15m,134,0.028203440819775737,0.042305161229674294,0.06580802857949097,0.136316630628941,0.4827586206896714,0,1,-0.005061640609413727,-0.6316520146565381,0.1625798650071621,0.6635020811145296,0.9493396528454554,2.3891767362047176,,,0.0016764150561657584,0.007867597878382933,,,49.8355307648054,-0.164469235194602,-1.3708305258332985,-0.8114714877360214,-0.559359038097277,1.0167339365028005,16.456838221869486,9.119734686353235,0.21433991459888208,0.4865505339071155,0.006552526674804412,0.19,1,-1,12,1,6,1,1,0.08108489235686325,-0.136316630628941,1,0,0.3725204474946029,,1,0,,,,,1,0.06933345868195492,-1,1,1,1,1,80,1,1,0,3,7,3,6,8,0.0025383096737802437,0.0028438469493276895,-0.0002773338347279052,-0.004254018990316904,UP,0.003290401428974335,0.0019977437247344176,0.0052881451537087525,0.0019977437247344176,0.0052881451537087525,0.0019977437247344176,0.0052881451537087525,0.008790072388831565
2026-08-06T07:45:00+00:00,PAXGUSD,15m,136,0.1597856991799277,0.0,0.06109453203936966,0.22088023121929734,1.0,1,0,0.02714002145509127,-0.49303033399337437,0.17567765734291196,0.6234788530400692,0.9353872799200815,2.3012372504217637,,,0.001485376358878207,0.007597096225771696,,,50.843385270291364,0.843385270291364,-1.3173912374249994,-1.0484361331255834,-0.26895510429941605,0.6519993283109475,15.443104237697238,8.985893683641235,0.21114960367604002,0.6316062667585831,0.0042955883417036935,0.19,1,-1,14,1,8,1,1,0.31957139835983395,-0.11513969499731057,1,0,0.39358977371525244,,1,0,,,,,1,0.12806353831331668,-1,1,1,1,1,80,1,1,0,3,7,3,6,8,0.0037831614070541544,0.0014803675071081567,-0.0028197476325868835,-0.0031487181897219343,NEUTRAL,0.004770073078459521,0.0006579411142703155,0.005075545738656476,0.0006579411142703155,0.005075545738656476,0.0030077308080927187,0.005075545738656476,0.008999694527339846
2026-08-06T08:15:00+00:00,PAXGUSD,15m,138,0.025816142129605573,0.04459151822384089,0.09152995845947186,0.16193761881291832,0.5652173913043249,0,1,0.11966397821141474,1.3778141710399723,0.2735660188445645,1.325095242656971,1.0143201301283817,2.592297450384649,,,0.0015390204063314974,0.007407541112838171,,,54.359621467868386,4.3596214678683864,0.009031139366925345,-0.7529260575517898,0.7619571969187151,1.440860674177546,13.965582910726807,8.877632819058002,0.20835111875561507,0.9157324026194094,0.004241135583282096,0.18,1,1,1,1,10,1,1,0.10678495153604338,0.00704076603532757,1,0,0.22061066910745705,,1,0,,,,,1,0.20770259804265426,-1,1,1,1,1,80,1,1,1,4,8,3,6,8,0.0008214227041235421,0.0007275458236523655,-0.004787720904034274,-0.004764251683916373,NEUTRAL,0.003848952099321868,0.0001642845408246657,0.003848952099321868,0.0007744842638877403,0.003848952099321868,0.008754019103945005,0.003848952099321868,0.010209110751249736
2026-08-06T08:45:00+00:00,PAXGUSD,15m,140,0.12618813503767895,0.004682305567278354,0.05408062930187761,0.1849510699068349,0.9746835443037071,1,0,0.3106435411516362,2.8666460674494374,0.48394494997657644,1.9609202912797628,1.2109686790751,2.866964739851028,,,0.001733014088249402,0.007270237290985234,,,61.300230861791015,11.300230861791015,1.8749511302530664,0.021269680418672332,1.853681449834394,1.4335983444579343,14.408098005244778,8.789387481738851,0.20577298969281388,1.148576211443208,0.0060534642420613325,0.17,1,1,1,1,12,1,1,0.35234349393639725,-0.16622184763778536,1,0,0.4658894039424928,,1,0,,,,,1,0.4530130636325199,-1,1,1,1,1,80,1,1,1,4,8,3,6,8,-0.0020133913939222397,-0.0032307908414101402,-0.0027157372290114376,-0.008030154047852994,DOWN,0.0013812801423422171,0.002200683616612735,0.0013812801423422171,0.0039565482043357305,0.0013812801423422171,0.011190710305754385,0.0013812801423422171,0.012642225031605564
2026-08-06T09:15:00+00:00,PAXGUSD,15m,142,0.08186177055315168,0.042100339141625115,0.025727985030999035,0.14969009472577582,0.7187499999999956,1,0,0.34000330344184426,4.228705737753444,0.5380864528864691,2.609061752926209,1.2561833509795233,3.162152868864723,,,0.0019808314944462476,0.007180968980930541,,,63.853814908470994,13.853814908470994,3.6585441470997466,1.1816328220458876,2.476911325053859,1.2338098230064038,16.17023273514574,8.546461655172813,0.19989385230201878,1.055664097180425,0.007844022462426985,0.15,1,1,3,1,14,1,1,0.44790083031223565,-0.07016723190270144,1,0,0.5613378552216115,,1,0,,,,,1,0.548473862706112,-1,1,1,1,1,80,1,1,1,4,9,3,6,8,-0.0039059759092503377,-0.00428020114606483,-0.004303590223365603,-0.010244415857794453,DOWN,0.00016372354110626082,0.004186644836861101,0.00016372354110626082,0.0066658870307566365,0.00016372354110626082,0.012138931119167263,0.00016372354110626082,0.013589053911823263
2026-08-06T09:45:00+00:00,PAXGUSD,15m,144,0.060934167662693155,0.09608849516042944,0.01874897466545225,0.17577163748857486,0.45333333333328485,1,0,0.1189454343273241,2.3917523159379925,0.31386631465554365,1.9525402801909877,1.0168476267264253,2.8052602948473577,,,0.0019492088032821956,0.0070298131207088155,,,55.252327621986986,5.252327621986986,3.4666883140835125,2.0033851740568047,1.4633031400267078,-0.7012381014282933,15.432444323181771,8.720673570021466,0.2043796097874679,0.7519005536433286,0.008003379179857268,0.19,1,1,5,1,16,1,1,0.24725210340057827,-0.2718601326490043,1,0,0.3609177623098652,,1,0,,,,,1,0.1195247134922181,-1,1,1,1,1,80,1,1,1,4,9,3,6,8,-0.0009608849516040813,-0.003112329794464306,-0.0008202676416133493,-0.005624692399634396,DOWN,4.687243666379048e-05,0.0021795683048581576,4.687243666379048e-05,0.004734116103025573,9.374487332736781e-05,0.010147882537673552,9.374487332736781e-05,0.011600928074245941
2026-08-06T10:15:00+00:00,PAXGUSD,15m,146,0.016424213984040783,0.04012200844673948,0.03988737681839085,0.09643359924917111,0.4136253041362417,0,1,0.001749206358263967,0.6349718504616249,0.18322881476540648,1.2297767061663762,0.8672727162042315,2.401230874404064,,,0.0018147960840714252,0.00684043901438825,,,51.11483088143157,1.1148308814315726,2.7212982163118795,2.3231245367290487,0.3981736795828308,-1.4255325884341294,13.977630532436185,8.151193027212388,0.19125276929170315,0.5725379901250984,0.007362652787121085,0.14,1,1,7,1,18,1,1,0.13256687001406936,-0.3871421867667762,1,0,0.24636320976067572,,1,0,,,,,0,0.004692632566865747,-1,1,1,1,1,80,1,1,1,4,10,3,6,8,-0.0020647583294228487,-0.004293758798686106,-0.0036837165649929184,-0.006100422336931018,DOWN,0.0010089160018770958,0.002322853120600572,0.0010089160018770958,0.004481464101360948,0.0012435476302205964,0.009009854528390341,0.0012435476302205964,0.010464570624120217
2026-08-06T10:45:00+00:00,PAXGUSD,15m,148,0.12195121951219084,0.007035647279553985,0.018761726078803515,0.14774859287054837,0.9523809523809249,1,0,0.05033508262876176,-0.06388925619739894,0.21695290937320416,0.8770833800490436,0.8803066850132416,2.1736166846412743,,,0.0016661782674444242,0.006633537756400374,,,52.78615557247017,2.7861555724701716,2.0659427659511493,2.241571001477429,-0.17562823552627949,-1.0564120066324212,12.27257321486329,7.8298552122392175,0.18362699841086347,0.6244610782849969,0.007364922734531181,0.12,1,1,9,1,20,1,1,0.17940900562850928,-0.3400562851782364,1,0,0.29315196998123827,,1,0,,,,,1,0.051594746716693674,-1,1,1,1,1,80,1,1,1,4,10,3,6,8,-0.003424015009380948,-0.00551125703564728,-0.008747654784240192,-0.006754221388367772,DOWN,0.0005393996247655211,0.00398686679174484,0.0005393996247655211,0.009474671669793535,0.0007739212007505117,0.01018292682926831,0.0007739212007505117,0.010928705440900648
2026-08-06T11:15:00+00:00,PAXGUSD,15m,150,0.11039083051483976,0.0775084554678735,0.07281097331830994,0.26071025930102315,0.2792792792793029,0,1,-0.09230872298425968,-0.09765084237460542,0.057209081965640146,0.7927247964225899,0.7002638808799347,2.080150683872489,,,0.0014951780494989984,0.0064305479891429455,,,47.146548493747815,-2.853451506252185,1.3205004219671537,2.001529939164714,-0.6810295171975604,-0.5304436117173603,11.323787639728536,8.028293524838956,0.18856382762211,0.38603506289212985,0.006908986143891991,0.16,1,1,11,1,22,1,1,0.36405486659150693,-0.4908868846298298,1,0,0.1432732055618274,,1,0,,,,,-1,-0.23135099586622426,-1,1,1,1,1,80,1,1,1,4,11,3,6,8,0.0007750845546785212,0.0005167230364524187,-0.007656895903795651,-0.00474445697106368,NEUTRAL,0.0015266816986095452,0.0025601277715145963,0.0022782788425403555,0.007985719654265313,0.0022782788425403555,0.009441939120631512,0.0022782788425403555,0.009441939120631512
2026-08-06T11:45:00+00:00,PAXGUSD,15m,152,0.0911397162454221,0.0,0.1484543831626353,0.23959409940805734,1.0,1,0,-0.07516566649419938,-1.5438819820801655,0.04768181976313255,0.10524115194584738,0.6656647623488577,1.6780665476553622,,,0.0012284748625733194,0.006179829425857252,,,47.46471900581201,-2.5352809941879926,0.18151278899131285,1.3982717137130491,-1.2167589247217363,-0.9376241926684366,12.008151915523781,8.19480411070295,0.19249281477738772,0.33047467060454677,0.00610422157731137,0.2,-1,1,13,-1,1,1,1,0.3546932255942745,-0.5003288546462507,1,0,0.42868552099971813,,1,0,,,,,-1,-0.1115756835478932,-1,1,1,1,1,80,1,1,1,4,11,3,6,8,-0.00596636286761243,-2.348961758889747e-05,-0.004510006577092883,-0.005520060133421028,NEUTRAL,0.0016207836136428982,0.00789251150991249,0.002372451376491676,0.00789251150991249,0.002372451376491676,0.009348867800432252,0.002372451376491676,0.009348867800432252
2026-08-06T12:15:00+00:00,PAXGUSD,15m,154,0.10156055312885752,0.05360140304022798,0.06112440697571395,0.21628636314479946,0.752173913043501,1,0,-0.12192911529457051,-1.9303886519974185,-0.02990152783805361,-0.19533871364092192,0.5611633484283305,1.4614224324641327,,,0.0009202758745651691,0.005910648762663841,,,45.50748449221993,-4.49251550778007,-1.040982901679854,0.5751528838957657,-1.6161357855756195,-0.4198618084906951,13.024934587651975,8.392968850555047,0.19731355529067118,0.22792549016239022,0.006560454041306238,0.23,-1,1,15,-1,3,1,1,0.27082814167696045,-0.5849135559829065,1,0,0.34488271166677026,,1,0,,,,,-1,-0.1958331961952604,-1,1,1,1,1,80,1,1,1,4,12,3,6,8,0.002181671141286656,0.002299218077778397,-0.003977788330880538,-0.004095335267372279,UP,0.0032160841824141065,0.007057518066964028,0.0032160841824141065,0.007057518066964028,0.0032160841824141065,0.008515100079461789,0.0032160841824141065,0.008515100079461789
2026-08-06T12:45:00+00:00,PAXGUSD,15m,156,0.4076631241605246,0.0,0.018851473949623724,0.42651459811014836,0.044198895027633474,0,1,-0.3263213034678333,-1.8042410507277964,-0.25872167257864176,-0.2644399275086471,0.30796029772198674,1.3630625684318147,,,0.0006759963088919155,0.005666819703006285,,,40.1775551429581,-9.822444857041901,-1.828425941605019,-0.11242922133261513,-1.715996720272404,-0.03965718657888884,12.304261898352435,9.42505987624392,0.22209533841326956,-0.09118028494949781,0.0069590774419440015,0.45,-1,-1,0,-1,5,1,1,0.037702947899226014,-0.8200391168084498,1,1,0.1119306265758654,-0.32165327426539453,1,1,,,,,-1,-0.43004924947571477,-1,1,1,1,1,60,1,1,0,3,12,3,6,8,0.0037231661050498815,0.0006126729033627174,-0.00032990079411825444,-0.0020972264768950766,NEUTRAL,0.0055611848151378195,0.004736432829841755,0.0055611848151378195,0.004736432829841755,0.0055611848151378195,0.006197422060937432,0.0055611848151378195,0.006197422060937432
2026-08-06T13:15:00+00:00,PAXGUSD,15m,158,0.20280627284519193,0.033014974649207315,0.05659709939864724,0.29241834689304647,0.8870967741935745,1,0,-0.3114211049883307,-5.299979635629825,-0.30093793352267145,-1.866236165301416,0.22758634046065174,0.4821307943539068,,,0.000104831714656593,0.005285242739833232,,,41.05899051960227,-8.941009480397732,-4.30088702222838,-1.5124609752287212,-2.788426046999659,-1.75409434635854,16.035902396539225,10.717015913700076,0.2527300062186081,0.07261282821233918,0.009997186772393305,0.64,-1,-1,1,-1,7,1,1,0.8124041976182226,-0.04480603702392728,1,1,0.2204928664072719,-0.3973588020280713,1,1,,,,,-1,-0.4798962386511111,-1,1,1,1,1,45,1,1,-1,3,13,3,6,8,0.0058955311873599816,-0.0032543332154227524,2.3582124749525714e-05,-0.0003773139959911246,DOWN,0.006320009432849943,0.0003065676217427619,0.006320009432849943,0.00469755925008845,0.006320009432849943,0.005447470817120708,0.006320009432849943,0.005447470817120708
2026-08-06T13:45:00+00:00,PAXGUSD,15m,160,0.0727733696417544,0.0,0.1291140429128128,0.20188741255456719,0.6395348837209708,0,1,0.11083962207418456,-0.017443647307118226,0.13895347394763752,0.09871855713663535,0.6515661310243189,1.3903503495212135,,,0.0002811385187345298,0.005126126570766814,,,52.1874586319093,2.1874586319093012,-2.181328262210627,-1.8831063103244934,-0.29822195188613376,2.5134790166986307,14.269132408116628,11.718753517425052,0.2751010262788171,0.5447492659499719,0.009546475540377707,0.77,-1,-1,3,-1,9,1,1,0.27466078219634293,-0.43898774590355927,1,0,0.6725667871731196,,1,0,,,,,1,0.37443072444715286,-1,1,1,1,1,45,1,1,-1,3,13,3,6,8,-0.0010798629043617925,-0.008169397624301652,-0.005328888680219686,-0.0031691628714963145,DOWN,0.0016902201981313248,0.0018780224423681862,0.0016902201981313248,0.009953518944551515,0.0016902201981313248,0.009953518944551515,0.0016902201981313248,0.009953518944551515
2026-08-06T14:15:00+00:00,PAXGUSD,15m,162,0.058725423410302784,0.01409410161845985,0.12449789762984617,0.1973174226586088,0.6309523809524299,0,1,0.03401430779413079,1.0705279893927582,0.06767946179908925,0.5795552693898571,0.5643832995408185,1.589768039963019,,,0.0003366515400495846,0.004967038377417292,,,50.59545423797948,0.5954542379794816,-1.2194949823569914,-1.6962144976939548,0.47671951533696344,1.6610789038339173,12.963743324016217,11.407496655330783,0.26796402845436523,0.518733327902106,0.008201922954035738,0.73,-1,-1,5,-1,11,1,1,0.21141152427709003,-0.5026896243921832,1,0,0.60956989499896,,1,0,,,,,1,0.2736604730920024,-1,1,1,1,1,60,1,1,0,3,14,3,6,8,-0.00317117286415635,-0.004486622348547218,-0.005966503018486891,-0.0048859552277372344,DOWN,0.002325526767047905,0.004573535975194441,0.002325526767047905,0.009325597237556252,0.002325526767047905,0.009325597237556252,0.002325526767047905,0.009325597237556252
2026-08-06T14:45:00+00:00,PAXGUSD,15m,164,0.04925646197871098,0.03518318712764461,0.21109912276586762,0.2955387718722232,0.7142857142856937,0,1,0.1445215941826015,1.738912934628388,0.1969340358586783,0.9026959637858454,0.6824705221731612,1.7152942417087615,,,0.0005241244167607684,0.004855364863144829,,,53.855629205632376,3.8556292056323755,0.29024893807309127,-1.0724622157672528,1.362711153840344,1.0918634186551524,12.355143477956787,11.392688442606646,0.26722072624212245,0.7055166895129528,0.008086918677438961,0.74,-1,-1,7,-1,13,1,1,0.3588685087019579,-0.35417741708496425,1,0,0.756438523244359,,1,0,,,,,1,0.09030351362760836,-1,1,1,1,1,60,1,1,0,3,14,3,6,8,-0.00872543040765582,-0.006262607308720697,-0.004808368907444763,-0.009006895904676933,DOWN,0.00035183187127644605,0.010043627152038211,0.00035183187127644605,0.010789510719144345,0.00035183187127644605,0.010789510719144345,0.00035183187127644605,0.010789510719144345
2026-08-06T15:15:00+00:00,PAXGUSD,15m,166,0.20959423498103374,0.007064974212848406,0.08525068883498318,0.3019098980288653,0.28237129485179197,0,1,-0.22893006832499416,-0.5688263732408814,-0.19711213108945694,0.008755482141168613,0.2673691835185939,1.2309576377792837,,,0.00031817937235537226,0.004644813146080508,,,44.009808429982876,-5.990191570017124,-0.7951719490656615,-0.8325708242776138,0.03739887521195229,-1.0948990986545135,11.74921634878028,11.475226259186286,0.27024059202567613,0.24261333739789714,0.00809059945765635,0.79,-1,-1,0,-1,15,1,1,-0.04238984527706902,-0.7583072321785982,1,1,0.35678119774864103,-0.3709111461743164,1,1,,,,,-1,-0.3120363610672821,-1,1,1,1,1,60,1,1,0,3,15,3,6,8,-0.004215434613663789,-0.0009419965617125497,-0.0024256411464098583,-0.0023078915761957897,NEUTRAL,2.354991404268523e-05,0.006805925158373301,2.354991404268523e-05,0.006805925158373301,7.064974212848407e-05,0.006805925158373301,0.00016484939829965336,0.006805925158373301
2026-08-06T15:45:00+00:00,PAXGUSD,15m,168,0.395107294106509,0.004731823881532344,0.1447938107743604,0.5446329287624018,0.2658557775846992,0,1,-0.6023205011502341,-4.886046078776417,-0.6259260977188664,-1.8555855776157841,-0.1952199265272523,0.23401782255496073,,,-0.00023605596568632256,0.004307061711916141,,,35.2313010484462,-14.768698951553802,-3.715293183634458,-1.5458821490745893,-2.1694110345598685,-3.091577725306473,13.5503336799985,12.120424682665726,0.28675857483771566,-0.11640091675350886,0.009856301980495244,0.89,-1,-1,2,-1,17,1,1,0.4885608157664501,-0.5536233941372831,1,1,-0.10528308136370733,-0.8363498710578079,1,1,,,,,-1,-0.7772020725388687,-1,1,1,1,0,45,1,0,-1,-1,15,3,6,8,0.002460548418387997,0.0032886175976531446,0.0020110251496439305,0.00537062010551963,UP,0.003264958478245483,0.002200298104904579,0.004164005015733401,0.002200298104904579,0.004708164762107683,0.002200298104904579,0.005985757210116683,0.002200298104904579
2026-08-06T16:15:00+00:00,PAXGUSD,15m,170,0.028402366863901022,0.004733727810646583,0.17988165680474233,0.21301775147928992,0.8444444444444849,0,1,-0.5286392842831205,-7.5030898740096745,-0.616241819708414,-3.199638974185291,-0.2268506813730527,-0.5336135007482881,,,-0.0008760253542529357,0.003893911383353613,,,34.5459640678812,-15.4540359321188,-6.579872406137838,-3.153606796842098,-3.42626560929574,-2.7424313446677075,16.617967038201154,11.889549853931163,0.2814094639983707,0.029808589991272057,0.012050779636853658,0.87,-1,-1,4,-1,19,1,1,0.4485207100591888,-0.2843786982248383,1,1,1.1124260355029585,-0.8769230769230812,1,1,,,,,-1,-0.8177514792899452,-1,1,1,1,0,45,1,0,-1,-1,16,3,6,8,0.002792899408284067,0.002863905325443873,0.0029349112426034643,0.006721893491124174,UP,0.0036686390532544378,4.7337278106465826e-05,0.004568047337278149,4.7337278106465826e-05,0.005112426035503045,4.7337278106465826e-05,0.007218934911242604,0.0005207100591715546
2026-08-06T16:45:00+00:00,PAXGUSD,15m,172,0.22652194431336392,0.002359603586606036,0.04719207173194903,0.276073619631919,0.9914529914529608,1,0,-0.1607921913551457,-4.87169035037914,-0.27541551372060913,-2.426810141106216,0.08183018019314271,-0.24602940112254146,,,-0.0011462332236546347,0.003572456939137519,,,44.196128541318814,-5.803871458681186,-6.90019351270621,-4.555963215773591,-2.3442302969326185,0.6604026848416744,17.735280316796253,11.498642476093746,0.27132238027592603,0.3356919800181954,0.012720053874759387,0.82,-1,-1,6,-1,21,1,1,0.7538933459179029,-0.2855120339783002,1,1,1.4157621519584709,-0.5674846625766914,1,1,,,,,-1,-0.10264275601699774,-1,1,1,1,0,45,1,0,-1,-1,16,3,6,8,0.000967437470505041,-0.0014865502595564374,-0.0010146295422369471,0.0011326097215668197,NEUTRAL,0.0014865502595564374,0.0011090136857007593,0.0020292590844738943,0.0020292590844738943,0.0020292590844738943,0.00252477583765923,0.00412930627654554,0.0035865974516280834
2026-08-06T17:15:00+00:00,PAXGUSD,15m,174,0.007080982840422543,0.01652229329430496,0.061368517950278624,0.08497179408500612,0.7222222222221801,0,1,-0.15759541801733876,-2.154830422872692,-0.28299642801961333,-1.4588124370611695,0.04898126532142238,0.16283362803733326,,,-0.0012540101000227458,0.0033197769334103572,,,43.476045904924696,-6.523954095075304,-6.376367550813484,-5.252043852844137,-1.1243236979693467,2.1408716808240036,17.583511294995525,10.476890706427756,0.2472889443771746,0.3409363337793456,0.012905542139707795,0.61,-1,-1,8,-1,23,1,1,0.07671064743786438,-0.3162839002053614,1,1,1.3855123091085002,-0.5983430500153508,1,1,,,,,-1,-0.13335851016122327,-1,1,1,1,0,45,1,0,-1,-1,17,3,6,8,-0.0002596360374818737,0.0014634031203530622,-0.0001180163806736375,0.003540491420209125,NEUTRAL,0.001793848986239376,0.0008025113885806492,0.0023367243373381514,0.0022187079566642993,0.0023367243373381514,0.0022187079566642993,0.004437415913328813,0.0032808553827270368
2026-08-06T17:45:00+00:00,PAXGUSD,15m,176,0.12964665393772246,0.016500483228433116,0.04242981401598618,0.18857695118214174,0.9125000000000227,1,0,-0.009607432931894234,-1.3720947452538894,-0.13415257102299372,-1.1879310501290092,0.17634267258196817,0.2361270844403407,,,-0.0012454513809109947,0.003104952436049619,,,47.92929127663018,-2.070708723369819,-5.368577312245179,-5.410424612017723,0.04184729977254342,1.7018461500853839,17.11143065138726,9.916808823399432,0.2337601966716034,0.4655265192977684,0.012576013252650502,0.55,1,-1,10,1,0,1,1,0.20861325224525287,-0.18386252740259248,1,1,1.5156872451264687,-0.46554934823091243,1,1,,,,,1,0.31468778728520763,-1,1,1,1,0,60,1,0,0,0,17,3,6,8,-2.3572118897853474e-05,-0.0014850434905594092,-0.001767908917332579,0.003912971737029313,NEUTRAL,0.0010136011126040548,0.0018857695118214175,0.0010136011126040548,0.003535817834665158,0.0010136011126040548,0.003535817834665158,0.004054404450416005,0.0045965631850647054
2026-08-06T18:15:00+00:00,PAXGUSD,15m,178,0.01650709805215814,0.04716313729189265,0.002358156864603211,0.066028392208654,0.03571428571441332,0,1,-0.043732044824898765,-0.2959777846635916,-0.16222561633380678,-0.7441070555023543,0.1302925842614142,0.4069288848750148,,,-0.00118493571508908,0.0029251820059522098,,,46.64469702476006,-3.355302975239937,-4.336614302736962,-5.09051175207882,0.7538974493418582,1.4292677858087401,15.84203268454491,9.115513730380135,0.21495811277602545,0.42223064703598834,0.012299137001813258,0.4,1,-1,12,1,2,1,1,0.05187945102109908,-0.2240249021364901,1,1,1.4762061972362486,-0.5058246474555445,1,1,,,,,1,0.08725180399001857,-1,1,1,1,0,60,1,0,0,0,18,3,6,8,-0.0028297882375135593,-0.0012734047068812303,-0.0004008866669812591,0.004244682356270338,NEUTRAL,0.0014148941187567797,0.0031363486299109044,0.0014148941187567797,0.0031363486299109044,0.0014148941187567797,0.0031363486299109044,0.004928547847002696,0.004197519218978489
2026-08-06T18:45:00+00:00,PAXGUSD,15m,180,0.0306813622524883,0.059002619716315395,0.021240943097886423,0.11092492506669012,0.46808510638306106,1,0,-0.10039676489663173,-1.2958004087613517,-0.22479334911119858,-1.1354098578467529,0.04660949223222772,0.1619164788417038,,,-0.0012439658421456686,0.0027140284134342632,,,44.383268881003865,-5.616731118996135,-4.208347639371823,-4.797140188670225,0.5887925492984021,0.06303855888465026,15.993208185003729,8.686335818542082,0.2050066276118591,0.39419888539247677,0.011273875363487312,0.28,1,-1,14,1,4,1,1,0.08614382478583336,-0.06962309126524788,1,1,1.3948219300937046,-0.5888461447688234,1,1,,,,,-1,-0.040121781407090176,-1,1,1,1,0,60,1,0,0,0,18,3,6,8,0.0003540157182978924,7.080314365940676e-05,0.0021712964055603636,0.004838214816737863,NEUTRAL,0.002242099549219985,0.0023129026928796065,0.002242099549219985,0.0023129026928796065,0.002336503740766004,0.0023129026928796065,0.0057586556843122975,0.003374949847773284
2026-08-06T19:15:00+00:00,PAXGUSD,15m,182,0.24812723019117613,0.030720514214149917,0.05435167899426193,0.333199423399588,0.16312056737589523,0,1,-0.2081290450476064,-1.2942946656758068,-0.33491793246672086,-1.1407608876170343,-0.08258165542019852,0.10939549153317785,,,-0.0012678888741911446,0.0025233627704652232,,,41.371968612786894,-8.628031387213106,-3.982003390276077,-4.44817266010692,0.46616926983084284,-0.1185244345051375,15.059856561011909,9.160156904763353,0.2164651772281436,0.3081400957701768,0.010233674551593014,0.45,-1,-1,16,-1,0,1,1,0.606139376609886,-0.43481343195407396,1,1,1.2689935486920108,-0.7172058510764081,1,1,,,,,-1,-0.17959685232885989,-1,1,1,1,0,60,1,0,0,0,19,3,6,8,-0.0005435167899426193,0.00047262329560224025,0.0010870335798852386,0.006380414490630243,NEUTRAL,0.0031429449157549406,0.0010397712503248425,0.0031429449157549406,0.0010397712503248425,0.003615568211357181,0.0010397712503248425,0.007514710400075663,0.0021031736654298834
2026-08-06T19:45:00+00:00,PAXGUSD,15m,184,0.3276061184567074,0.04949444955102321,0.0,0.3771005680077306,0.8687499999999773,1,0,0.0752025836230913,-1.7252616197483803,-0.05197733527194459,-1.3458542449698143,0.18102737500552005,-0.046016546170903894,,,-0.001271799188950359,0.0023300471027746465,,,50.93677392842161,0.9367739284216086,-3.6354457749794165,-4.28684374732754,0.6513979723481231,-0.2783028720742582,14.296517885654577,9.48095161686224,0.22345451499828517,0.6908926970578525,0.007102747365929837,0.55,-1,-1,1,-1,2,1,1,0.8685097456928131,-0.1696952556034959,1,1,1.5296141789813487,-0.4513422423342654,1,1,,,,,1,0.05774352447615802,-1,1,1,1,0,60,1,0,0,0,19,3,6,8,-0.0014141271300289898,-0.001579108628532329,-0.004218812604586401,0.006669966296636778,DOWN,0.00040066935350838525,0.0032760611845670737,0.00040066935350838525,0.0032760611845670737,0.0009663202055198954,0.004737325885596987,0.007117773221146087,0.004737325885596987
2026-08-06T20:15:00+00:00,PAXGUSD,15m,186,0.0708215297450425,0.023607176581680833,0.03541076487252125,0.12983947119924458,0.2727272727272727,0,1,-0.07696859646949479,-0.11296926242448535,-0.20073575796705675,-0.692193787839642,0.016518598578319027,0.23625054710191762,,,-0.0012376716149756198,0.002172543565453758,,,46.23573639088131,-3.764263609118693,-3.196935008301807,-3.9100594182222097,0.7131244099204026,0.7192067311510013,12.644511366297698,9.051942975763884,0.21369081623616343,0.5080860113054825,0.0055473144606595776,0.44,-1,-1,3,-1,4,1,1,0.014164305949017087,-0.3328611898017083,1,1,1.3692162417374882,-0.6149669499527899,1,1,,,,,0,-0.003541076487243536,-1,1,1,1,0,45,1,0,-1,-1,20,3,6,8,-0.0005901794145420207,-0.000283286118980127,0.00011803588290840416,0.00927762039660061,NEUTRAL,0.0003541076487252125,0.0016525023607176581,0.0003541076487252125,0.0016525023607176581,0.0025967894239848914,0.0031161473087818266,0.011237016052880161,0.0031161473087818266
2026-08-06T20:45:00+00:00,PAXGUSD,15m,188,0.13458632414053215,0.014166981488486111,0.011805817907064602,0.1605591235360829,0.9117647058823019,1,0,-0.06668015359383679,-1.5795508021201385,-0.19761244571477962,-1.280952435448853,0.00038337954170354063,-0.10237313869856735,,,-0.001309322921209428,0.0019799582525648314,,,46.6230122609955,-3.3769877390044982,-3.431038008347059,-3.766356617939495,0.3353186095924361,-0.4586942969084813,12.360364861993938,8.783512055633178,0.20739308782662397,0.48499375823638546,0.00511333412882322,0.33,-1,-1,5,-1,6,1,1,0.6882791839818792,-0.044035700793367286,1,1,1.350585568568186,-0.6339724216093777,1,1,,,,,-1,-0.022431054023418447,-1,1,1,1,0,45,1,0,-1,-1,20,3,6,8,-0.0006139025311672305,0.0008736305251227376,0.003352852285606304,0.012561390253116693,NEUTRAL,0.0005430676237250146,0.001393086513033537,0.0011097468832640296,0.001393086513033537,0.00396675481677375,0.002927842840951935,0.012868341518700416,0.002927842840951935
2026-08-06T21:15:00+00:00,PAXGUSD,15m,190,0.014159626185855815,0.0,0.0,0.014159626185855815,1.0,1,0,-0.011038604260446389,-0.45355519175882364,-0.13395161346057471,-0.8348199913543795,0.05047998986438633,0.07752581782278867,,,-0.0012291300920012833,0.0018443160332496105,,,48.31755928809541,-1.68244071190459,-2.7930163822302347,-3.467562625099819,0.6745462428695843,0.4350536513311605,11.77956881779543,7.755681313275472,0.1830292470211798,0.5420019974758373,0.004046102581591217,0.12,-1,-1,7,-1,8,1,1,0.025959314674079727,-0.29971208760090456,1,1,1.4018029924009923,-0.5817246424694518,1,1,,,,,1,0.009439750790570545,-1,1,1,1,0,45,1,0,-1,-1,21,3,6,8,-0.000967574456034232,0.0021003445509039853,0.003775900316231652,0.00969934393732014,UP,2.3599376976533677e-05,0.0019115495350921449,0.002265540189739077,0.0019115495350921449,0.004271487232737142,0.0034455090385612534,0.012342474158682254,0.0034455090385612534
2026-08-06T21:45:00+00:00,PAXGUSD,15m,192,0.004724000283435721,0.011810000708600043,0.030706001842364408,0.04724000283440017,0.75,1,0,-0.08017719413944596,-0.8225247714854049,-0.20425565289465403,-0.9601702419231515,-0.03533247005258456,-0.021877213950574514,,,-0.0012407845875520805,0.0016892318284206947,,,45.5860708060642,-4.4139291939358,-2.7923157121440454,-3.2288369382677615,0.43652122612371613,-0.08410850236540623,12.204098198707376,7.108725213997716,0.16790809962911205,0.31005072079066615,0.003752662696479795,0.08,-1,-1,9,-1,10,1,1,0.6530930391855952,-0.04251600255096445,1,1,1.3156340789380405,-0.669627040177631,1,1,,,,,-1,-0.07794600467676457,-1,1,1,1,0,45,1,0,-1,-1,21,3,6,8,0.0009920400595223606,0.0006141200368472881,0.0021494201289652937,0.0116210406972624,NEUTRAL,0.0012046200722772903,0.001039280062356718,0.0031414601884876543,0.001039280062356718,0.005149160308949662,0.0025745801544747233,0.013227200793632049,0.0025745801544747233
2026-08-06T22:15:00+00:00,PAXGUSD,15m,194,0.08498182333221885,0.009442424814705296,0.0,0.09442424814692413,0.8999999999998636,1,0,-0.009961690436519705,-0.8297765136185262,-0.1307592447902528,-0.9613105539629032,0.024423562666256834,-0.06072135809517931,,,-0.001207975543537331,0.0015518280745650964,,,48.22465219924406,-1.775347800755938,-2.534562705186545,-3.0256687166694975,0.49110601148295263,-0.02727550972156445,13.07562748174227,6.7866049039061584,0.16020501638039183,0.48342833358832876,0.003845859785636895,0.06,-1,-1,11,-1,12,1,1,0.7117227704074535,0.01652424342570743,1,1,1.3738728105377418,-0.6102167036495059,1,1,,,,,1,0.06963788300835225,-1,1,1,1,0,45,1,0,-1,-1,22,3,6,8,0.0009654879373023336,-0.0026438789481138328,0.00365893961569331,0.011944667390585988,DOWN,0.0013691515981304428,0.0007317879231385332,0.0025494546999669946,0.0031632123129218728,0.004555969973089133,0.0031632123129218728,0.013620697795193763,0.0031632123129218728
2026-08-06T22:45:00+00:00,PAXGUSD,15m,196,0.03305941248702526,0.030698025880801498,0.0,0.06375743836782675,0.5185185185185809,1,0,-0.03216738472244761,-0.5041934725995816,-0.14992739285322637,-0.816188635166327,-0.007601951749101117,-0.022539950071404746,,,-0.0011776000813077878,0.0014232544110412526,,,47.23958800912255,-2.7604119908774507,-2.3389416617255847,-2.8054956080405176,0.46655394631493285,0.1449870714048287,13.536876698380809,6.2705930038782345,0.14807294332384607,0.4282419177908464,0.003684677224728022,0.05,-1,-1,13,-1,14,1,1,0.6788986492868827,-0.01652970624350189,1,1,1.3412675923302206,-0.6434778501936337,1,1,,,,,1,0.04368565221496775,-1,1,1,1,0,45,1,0,-1,-1,22,3,6,8,0.0008028714461130718,0.0004014357230565359,0.0056909417209784294,0.014876735619155567,NEUTRAL,0.0028808916595824637,0.00023613866062151696,0.0028808916595824637,0.0028336639274582033,0.0058326249173514255,0.0028336639274582033,0.017120052895059978,0.0028336639274582033
2026-08-06T23:15:00+00:00,PAXGUSD,15m,198,0.009436410389479257,0.0235910259737196,0.0353865389605794,0.06841397532377826,0.6551724137930602,1,0,0.05490327110331493,0.26708879000307206,-0.04809040788022721,-0.46976890158930473,0.08609160927139968,0.12223173702113854,,,-0.0010299367898354214,0.001341820171516269,,,51.36784197146196,1.3678419714619565,-1.5123457884210438,-2.407193376723436,0.8948475883023921,0.48070910010140366,12.63778046844042,5.945562334976615,0.14026191547280228,0.7290814809219611,0.003375233472626897,0.02,1,1,0,1,1,1,1,0.055438911038228185,-0.26421949090567665,1,1,0.09790275779092775,-0.5461322512916216,1,1,,,,,1,0.14036660454360586,-1,1,1,1,0,80,1,0,1,0,23,3,6,8,-0.002547830805161545,0.002477057727240558,0.004647432116822932,0.01394229635046837,UP,0.0019108731038713733,0.0036330179999527323,0.0030904244025573534,0.003798155181768727,0.0053315718700607155,0.003798155181768727,0.016136261766024333,0.003798155181768727
2026-08-06T23:45:00+00:00,PAXGUSD,15m,200,0.13187951863976555,0.016484939829965337,0.007064974212848406,0.15542943268257928,0.8939393939394273,1,0,0.19971680336171874,1.491698533312956,0.12188670590489749,0.10261625039765931,0.252754766019085,0.3903355802895021,0.8442317414646027,,-0.0007783009745682122,0.0013086806011418746,0.005914769754455177,0,58.46291917185455,8.462919171854551,-0.20525036634899152,-1.7504558846375826,1.545205518288591,0.8468441813226562,11.830080848556255,5.811428748015579,0.13685864748170357,1.0728941467566333,0.004112341827411323,0.02,1,1,0,1,3,1,1,0.14483197136331735,-0.0894896733626965,1,1,0.27200150719450306,-0.3709111461743164,1,1,,,,,1,0.31439135247155064,-1,1,1,1,1,65,1,0,1,0,23,3,6,8,-0.002143042177896136,0.0016720438970396472,0.002661140286837996,0.014436097308244867,UP,2.354991404268523e-05,0.00553422980006123,0.0021665920919388213,0.00553422980006123,0.0035795869345076462,0.00553422980006123,0.015519393354214171,0.00553422980006123
2026-08-07T00:15:00+00:00,PAXGUSD,15m,202,0.044850459127059844,0.0424899086467007,0.07317706489154129,0.16051743266530186,0.45588235294121776,0,1,-0.03322501895347742,0.7807781644587521,-0.10681380984281594,-0.08811933210108691,0.015747595082869343,0.2824329989616672,0.5976454461917756,0.8908459629783465,-0.0007358879088933853,0.0012256140492568528,0.005818978511089063,0,47.985300735628584,-2.0146992643714157,-0.31557494875596603,-1.212734256307418,0.8971593075514519,-0.18458514250337177,10.876112464911914,6.113425808237887,0.14431050228354664,0.4969394073950348,0.0038177535708246836,0.05,1,1,2,1,5,1,1,0.7140665203125584,-0.0920614687345003,1,1,0.03658853244577064,-0.6078417486957959,1,1,,,,,-1,-0.04367018388686954,-1,1,1,1,1,65,1,0,1,0,0,4,7,8,0.003233954158109628,0.0015343578122418147,0.005287633076033245,0.016216981800155753,UP,0.003658853244576635,0.0031867431485022306,0.004532256922314241,0.0031867431485022306,0.006420697306611859,0.0031867431485022306,0.017916578146023567,0.0031867431485022306
2026-08-07T00:45:00+00:00,PAXGUSD,15m,204,0.07100591715976332,0.06863905325442926,0.05207100591715545,0.19171597633134801,0.27160493827160076,0,1,-0.25253051260750853,-2.1862564231987562,-0.3485187825048472,-1.2847268421282934,-0.24322178009877665,-0.3432873421397744,0.3244955463022095,0.5625700101463735,-0.0009598826989733867,0.001052970024060705,0.0056771732640098615,0,38.81134559391953,-11.188654406080467,-1.8957240254694625,-1.326454148769938,-0.5692698766995246,-1.822997082468732,12.901458624303272,6.765147763225498,0.16012184054971593,-0.08017303563665587,0.004244323623183909,0.1,-1,-1,0,-1,1,1,1,0.4485207100591888,-0.16686390532542655,1,1,1.1124260355029585,-0.4426035502958537,1,1,,,,,-1,-0.31124260355028727,-1,1,1,1,1,60,1,-1,-1,2,0,4,7,8,0.006272189349112426,0.006319526627218892,0.010934911242603507,0.01931360946745571,UP,0.007218934911242604,4.7337278106465826e-05,0.007218934911242604,4.7337278106465826e-05,0.01138461538461547,4.7337278106465826e-05,0.020639053254437826,4.7337278106465826e-05
2026-08-07T01:15:00+00:00,PAXGUSD,15m,206,0.01652307329162795,0.12274283016640666,0.0731736102915228,0.2124395137495574,0.34444444444448485,0,1,0.01462516731590867,-0.912105598128619,-0.07089148468713122,-0.8226178961749611,0.02743543742773188,-0.14602090386324562,0.5831192410887029,0.6438784924075662,-0.0008551665200303989,0.000983269221148631,0.005556838036609711,0,49.84705563542336,-0.15294436457664062,-1.313827121966824,-1.3593815913268994,0.045554469360075345,-0.06883583748936895,11.591492188549214,7.424540673393425,0.17525175671883453,0.562529968462628,0.004212001547352694,0.15,-1,-1,2,-1,3,1,1,0.10267909831229466,-0.32101970966600646,1,1,1.3808568393721232,-0.16995161099964162,1,1,,,,,1,0.03776702466659657,-1,1,1,1,1,60,1,-1,0,2,1,4,7,8,0.001298241472913962,0.005287383453322232,0.00915850348164763,0.018741885990794203,UP,0.004484834179157324,0.0009205712262479963,0.005429009795822023,0.0009205712262479963,0.011117667886226925,0.0009205712262479963,0.019284786970376448,0.0009205712262479963
2026-08-07T01:45:00+00:00,PAXGUSD,15m,208,0.007059820209916269,0.05412528827599619,0.10825057655197098,0.16943568503788342,0.6388888888888292,0,1,0.25922154313555307,2.569455508108149,0.21445580552730417,0.6610128532429371,0.3176742037390824,0.5865355476162222,0.8672594650592207,0.9988028063125967,-0.00044765737608248857,0.0010321839821177826,0.005495852613201384,0,59.03486546203356,9.034865462033558,0.9133770267035288,-0.6934785551453059,1.6068555818488348,1.7841198214367555,12.47701786782081,8.189527417364715,0.19272197056913248,1.0145419113338443,0.005630503205951645,0.24,1,1,0,1,1,1,1,0.13648985739161465,-0.016472913823145096,1,1,0.4471219466277592,-0.29768908551796835,1,1,,,,,1,0.34122464347907944,-1,1,1,1,1,65,1,0,1,0,1,4,7,8,-0.00035299101049559943,0.0021650115310398476,0.009177766272885584,0.014755024238716226,UP,0.0014354967760155232,0.002306207935237745,0.0028474608179979207,0.002306207935237745,0.009483691815315148,0.002306207935237745,0.016308184684896736,0.002306207935237745
2026-08-07T02:15:00+00:00,PAXGUSD,15m,210,0.04937226689235563,0.0070531809846283424,0.03056378426670856,0.08698923214369254,0.9189189189188658,1,0,0.29282936471656834,3.719667660831874,0.2862736120910468,1.3086858364613363,0.3961524573032337,0.9220110677561024,0.9419072831921325,1.1606244878294092,-6.555752625521567e-05,0.0010987884521218693,0.005457548258888986,0,61.6614976101295,11.661497610129501,2.654430554076498,0.3776537408147844,2.276776813261714,1.220020250384174,14.020407682166995,7.803214967013429,0.1834582914142434,0.9891189704944341,0.007112413183339846,0.19,1,1,1,1,3,1,1,0.23040391216436906,-0.5901161423802221,1,1,0.5407438754878451,-0.20336671839000672,1,1,,,,,1,0.434946160718484,-1,1,1,1,1,65,1,0,1,0,2,4,7,8,9.404241312844918e-05,0.0009874453378475403,0.005901161423802221,0.01041519725396158,NEUTRAL,0.00021159542953885029,0.0032444632529268994,0.0019043588658485835,0.0032444632529268994,0.008534348991395163,0.0032444632529268994,0.015352423943198426,0.0032444632529268994
2026-08-07T02:45:00+00:00,PAXGUSD,15m,212,0.01885547280098477,0.13434524370698164,0.05656641840293288,0.20976713491089932,0.3595505617977471,1,0,0.03741853162612997,1.5786848652169283,0.03500735571722548,0.5880640881750878,0.14189696687925418,0.5699471105854172,0.6808605732941223,0.9781760437253979,-2.411175908904489e-05,0.001068896111620287,0.005389636064148681,0,51.81239778553396,1.8123977855339604,2.1866279849555212,1.0584644605891063,1.128163524366415,-0.8795888462122319,12.421054982485284,8.159914946047268,0.1923238179043855,0.6101887075430245,0.006990277638069173,0.27,1,1,3,1,5,1,1,0.2510134816630656,-0.15202224945790088,1,1,0.29225982841521037,-0.45370981427359286,1,1,,,,,1,0.08602809465448631,-1,1,1,1,1,65,1,0,1,0,2,4,7,8,0.003912510606203322,0.0037475252191947854,0.009451305741491339,0.024794946733289292,UP,0.004407466767229145,0.0,0.004878853587253657,0.0,0.011054020929574722,0.0,0.027434712925426517,0.0
2026-08-07T03:15:00+00:00,PAXGUSD,15m,214,0.08702401392383795,0.0,0.06115200978433012,0.14817602370816807,1.0,1,0,0.2096224996195991,1.742188744541636,0.2288474329532444,0.7160099483689919,0.3389022142110722,0.632923402691631,0.8720450002890774,1.001142286268987,0.00019224933333645276,0.0011005478125782782,0.005331427860780053,1,58.3418057505615,8.341805750561498,2.884956600869373,1.6422008483316672,1.2427557525377055,-0.35232360219316616,11.68211463823872,8.102681764704046,0.19057510559785606,0.8416332594694154,0.007333534334744362,0.24,1,1,5,1,7,1,1,0.4598160735705761,-0.6303361008537804,1,1,0.5009760801561771,-0.2434320389491348,1,1,,,,,1,0.09760801561727395,-1,1,1,1,1,65,1,0,1,0,3,4,7,8,0.0012465601994496747,0.004586400733824118,0.008255521320883497,0.02119152339064383,UP,0.0023049603687937017,9.408001505271685e-05,0.005033280805325058,9.408001505271685e-05,0.009925441588070611,9.408001505271685e-05,0.02528400404544065,9.408001505271685e-05
2026-08-07T03:45:00+00:00,PAXGUSD,15m,216,0.11974923102208211,0.014088144826137355,0.039916410340694035,0.1737537861889135,0.9189189189188658,1,0,0.3200138418255762,3.4216102874825083,0.37146360273078505,1.5067819631049133,0.48981574840584396,1.0394355719799933,1.0202219642341959,1.1991345679198275,0.000514497609052089,0.0011835214567505886,0.00530406215828352,1,63.127643747030895,13.127643747030895,4.137915572200654,2.419548938679599,1.7183666335210552,0.6261768350885177,12.423729698758416,7.714047031811117,0.1811276862995402,0.9517737364737613,0.008135310348306536,0.17,1,1,0,1,9,1,1,0.1643616896381695,-0.46021273098688315,1,1,0.25593463100799824,-0.07396276033718908,1,1,,,,,1,0.2665007396275906,-1,1,1,1,1,65,1,0,1,0,3,4,7,8,0.0008922491723215342,0.0038507595858086707,0.009133813895606975,0.017821503205053078,UP,0.001080091103336628,0.001174012068844068,0.0057996196200898655,0.001174012068844068,0.011364436826410704,0.001174012068844068,0.023550682101012042,0.001174012068844068
2026-08-07T04:15:00+00:00,PAXGUSD,15m,218,0.018785516366864048,0.037571032733770805,0.10097215047199036,0.1573286995726252,0.641791044776164,0,1,0.2545945492894328,3.921544929207812,0.33571393680974754,1.8692746995066045,0.46350936066644166,1.2431828292301361,0.9930003599105104,1.2990056687758624,0.0008111938752031469,0.001277954238566941,0.005294909992440688,1,62.51146631411735,12.51146631411735,5.064970934336088,3.317294981656116,1.7476759526799723,0.356650224809302,13.94274053423697,7.5411936141636415,0.1770815200808632,0.8441216536583462,0.009059690619845306,0.17,1,1,2,1,11,1,1,0.15732869957264659,-0.4672897196261596,1,1,0.24890809186118357,-0.08101253933217062,1,1,,,,,1,0.2594749448175499,-1,1,1,1,1,65,1,0,1,0,4,4,7,8,0.0013854318320573981,0.0069976048466630515,0.009251866810688873,0.01838632414408474,UP,0.0026534541868217893,0.0011036490865544374,0.007302869487624913,0.0011036490865544374,0.011435683088338847,0.0011036490865544374,0.023622786831352896,0.0011036490865544374
2026-08-07T04:45:00+00:00,PAXGUSD,15m,220,0.02348741074783916,0.04697482149567832,0.030533633972195176,0.10099586621571265,0.5348837209302523,1,0,0.19044620620532476,2.8750061665405156,0.28882209492663463,1.5833635346070878,0.4231460086873629,1.1219130388490157,0.9506825879955618,1.2366556146916992,0.0009837588872130985,0.0013432391376072825,0.00527536579308199,1,61.06922509207419,11.069225092074191,5.200484662774215,3.986686524307041,1.2137981384671743,-0.6295100807589176,14.908069569284407,7.293682248947247,0.17130971084524724,0.7663607809615338,0.009578564028731317,0.14,1,1,4,1,13,1,1,0.1338782412627003,-0.4908868846298298,1,1,0.22547914317926446,-0.10451897782787997,1,1,,,,,1,0.16558624577227032,-1,1,1,1,1,65,1,0,1,0,4,4,7,8,0.005049793310785419,0.004908868846298298,0.011743705373919578,0.01660559939872224,UP,0.00603626456219462,0.0007281097331830993,0.007539458850056241,0.0007281097331830993,0.012824126268320052,0.0007281097331830993,0.023863209319804454,0.0007281097331830993
2026-08-07T05:15:00+00:00,PAXGUSD,15m,222,0.0915772418813381,0.01878507525769067,0.03522201610820204,0.1455843332472308,0.24193548387097483,0,1,0.16890838962963517,2.8686558415447507,0.2868491439031491,1.6827588798905708,0.4294422420476559,1.1911645616855822,0.9560096969757187,1.2694735030672746,0.001179407542735139,0.001425930981445068,0.005265674549280628,1,59.890161042854366,9.890161042854366,5.512308481384935,4.548334270348957,0.9639742110359775,-0.49979382110054704,16.797250878874575,7.328736224857562,0.17208857690979787,0.7300678323058926,0.009809903436204068,0.16,1,1,1,1,15,1,1,0.15967313969052016,-0.4649306126282711,1,1,0.25125038157183693,-0.07866250264165975,1,1,,,,,1,0.02348134407213469,-1,1,1,1,1,65,1,0,1,0,5,4,7,8,0.006058186770610792,0.005682485265456552,0.010871862305398404,0.01866766853734708,UP,0.00664522037241416,0.0,0.007279216662361754,0.0,0.01256251907859206,0.0,0.023598750792495363,0.0
2026-08-07T05:45:00+00:00,PAXGUSD,15m,224,0.15920584379097635,0.04448398576513733,0.0,0.2036898295561137,0.7816091954022544,1,0,0.39094738804762874,3.7523463918305424,0.5400820057885758,2.146675921036149,0.6956223752664603,1.446701683077663,1.2227448962351621,1.3968867155526823,0.0014913461774094705,0.0015554036947788453,0.005271225209687017,1,68.56215482214586,18.562154822145857,6.584739974175136,5.164095063116655,1.4206449110584813,0.13802813792679913,20.311109547615192,7.6834511326578365,0.1798897530590428,1.0128753106832282,0.008233313449249472,0.24,1,1,0,1,17,1,1,0.17091215583443017,-0.17091215583443017,1,0,0.2551976025473063,,1,0,,,,,1,0.31607042517325346,-1,1,1,1,1,100,1,1,1,4,5,4,7,8,0.0029031653867766776,0.0036523693575576804,0.00828806892676544,0.013509084098145678,UP,0.004331335456077917,9.365049634754547e-05,0.005314665667727997,9.365049634754547e-05,0.009599175875632141,9.365049634754547e-05,0.02060310919647874,9.365049634754547e-05
2026-08-07T06:15:00+00:00,PAXGUSD,15m,226,0.08654363436483563,0.10759478866980945,0.018712137159969635,0.2128505601946147,0.08791208791210439,0,1,0.39056443064705304,5.858043191498837,0.5832518323682326,3.1737673534817077,0.7581188979995722,1.999796411708303,1.290508477482621,1.677654286343568,0.0019268740172117972,0.0017486706563133955,0.005323895794830489,1,68.05794219067988,18.05794219067988,8.208603495502757,6.181062650702893,2.027540844799864,0.9851425847875568,25.27128719820674,8.104098170506019,0.18955624565541643,0.9717232095772781,0.008975451905761933,0.37,1,1,0,1,19,1,0,0.03508525717493509,,1,0,0.3508525717493722,,1,0,,,,,1,0.41166701751924695,-1,1,1,1,1,100,1,1,1,4,6,4,7,8,0.0006081444576987473,0.005262788576240264,0.009496409608682303,0.011671695553528321,UP,0.0033681846887936837,0.0007718756578486145,0.007484854863986153,0.0007718756578486145,0.01003438355203135,0.0007718756578486145,0.01962435384651361,0.0007718756578486145
2026-08-07T06:45:00+00:00,PAXGUSD,15m,228,0.09560675310137709,0.0303143363492254,0.08861113702080455,0.21453222647140704,0.8586956521738904,1,0,0.5766336798435121,6.827105651091188,0.8221715753223706,3.795546103695415,1.0214287835259583,2.363690288319958,1.5614126361991527,1.8679930544649324,0.0024553789547885857,0.0019925720820358783,0.005399838526731941,1,74.30680819867723,24.30680819867723,10.246928916163597,7.483037715267725,2.7638912008958716,0.7235616953507833,30.186742483839303,8.639758116405686,0.20146810270510415,1.0468162208089113,0.011781335447233346,0.51,1,1,1,1,21,1,0,0.42090290084878446,,1,0,0.655256039548558,,1,0,,,,,1,0.7158847122469878,-1,1,1,1,1,100,1,1,1,4,6,4,7,8,0.0010726611323571412,0.002238597145788724,0.005526536703665873,0.006995616080589498,UP,0.0012825296147747412,0.0031247085159965575,0.004407238130771511,0.0031247085159965575,0.007065572241395435,0.0031247085159965575,0.016509653950191258,0.0031247085159965575
2026-08-07T07:15:00+00:00,PAXGUSD,15m,230,0.12153792216898021,0.037396283744311413,0.01168633867009466,0.17062054458338627,0.0684931506849298,0,1,0.2734358127309976,5.732392607809743,0.54261968185692,3.581125026902555,0.759017516960581,2.3132956098261275,1.306053819605205,1.8530678188635648,0.002691838691259224,0.00216397835103661,0.00547036302644624,1,63.279301567596384,13.279301567596384,10.241296581913048,8.52368012352932,1.717616458383727,-0.7263925989797277,33.383449289554136,8.388873069757988,0.19607042350725692,0.7714368162540252,0.012692734600774943,0.47,1,1,3,1,23,1,0,0.19048732032253443,,1,0,0.4253827275914626,,1,0,,,,,1,0.15659693817928544,-1,1,1,1,1,100,1,1,1,4,7,4,7,8,0.005095243660161314,0.006801449105995176,0.004487554049316307,0.011429239219352492,UP,0.006731331073974566,0.0008180437069066262,0.007876592263643758,0.0008180437069066262,0.009395816290756063,0.0008180437069066262,0.01886175061353274,0.0008180437069066262
2026-08-07T07:45:00+00:00,PAXGUSD,15m,232,0.11907819468116124,0.035022998435639406,0.06537626374653113,0.2194774568633318,0.8404255319148874,1,0,0.31776005928643697,3.7210742209053933,0.5996143385267233,2.8826917299466004,0.8294775543994947,2.0049220931186937,1.380726720381437,1.7059711070223784,0.002818542792402863,0.002298632158727714,0.005512491659819425,1,65.7078547007503,15.707854700750303,9.81816610558053,8.9937165678495,0.8244495377310308,-1.6205036369316161,34.61629019072209,8.276120146883162,0.19323636197163516,0.8111634860921474,0.011514209652139729,0.46,1,1,5,1,25,1,0,0.293025753578166,,1,0,0.5276798430969756,,1,0,,,,,1,0.25917018842374007,-1,1,1,1,1,100,1,1,1,4,7,4,7,8,0.003432253846692832,0.005160055102850957,0.015199981321067587,0.010717037521305785,UP,0.0056970744121974705,0.00028018398748507275,0.006841159027761607,0.00028018398748507275,0.01781503187092862,0.001797847253029447,0.01781503187092862,0.001797847253029447
2026-08-07T08:15:00+00:00,PAXGUSD,15m,234,0.14463002705980726,0.018661938975463793,0.01632919660352286,0.1796211626387939,0.09090909090906943,0,1,0.321890610679357,5.143101573122294,0.6315363996772688,3.556379409305009,0.8808294985645239,2.3839860243742805,1.4399056923494131,1.9035905499667933,0.0030964578899791186,0.0024929309888725502,0.005590761937848892,1,64.45101953681987,14.45101953681987,10.40628205048597,9.516000461432156,0.8902815890538136,-0.16541465049586712,37.43726168943702,8.495226045016578,0.19817173754354245,0.8064126879341961,0.011597714558045648,0.53,1,1,1,1,27,1,0,0.036157506764957124,,1,0,0.12013623215453358,,1,0,,,,,1,0.10380703555098951,-1,1,1,1,1,100,1,1,1,4,8,4,7,8,0.004992068675935345,0.004618829896426281,0.012830083045628441,0.008444527386395404,UP,0.005225342913128589,2.3327423719409303e-05,0.005925165624708322,2.3327423719409303e-05,0.016889054772790808,0.0027059811514417195,0.016889054772790808,0.0027059811514417195
2026-08-07T08:45:00+00:00,PAXGUSD,15m,236,0.05816929591884219,0.053515752245339054,0.07608543906185575,0.187770487226037,0.4052044609665658,0,1,0.46732601461737194,6.16657521065099,0.815555968288339,4.126746236733197,1.0889042869316625,2.72328664100678,1.658084796438775,2.0850694133614525,0.0034822995367096714,0.002733483186433234,0.005691805095071124,1,68.30177081667577,18.30177081667577,11.66710061800859,10.231217944527163,1.4358826734814265,0.23702868820461376,41.40831368052248,9.267720416366403,0.21563870855708508,0.9009933371434098,0.012778465268075079,0.75,1,1,0,1,29,1,0,0.08457815626600164,,1,0,0.18265158918515179,,1,0,,,,,1,0.35948624877844054,-1,1,1,1,1,100,1,1,1,4,8,4,7,8,0.0004886220857181475,0.004211457024524048,0.008609055795988646,0.00609614221229462,UP,0.003350551444925226,0.0008841732979664437,0.004746614546977439,0.0008841732979664437,0.014286379077667558,0.0052585043510634194,0.014286379077667558,0.0052585043510634194
2026-08-07T09:15:00+00:00,PAXGUSD,15m,238,0.009306654257785858,0.12098650535132198,0.020939972080049923,0.15123313168915775,0.200000000000028,1,0,0.3871436391179802,5.759486737063526,0.7574561519778463,4.126150601459813,1.0508091631751697,2.7805835083336206,1.6298294849310409,2.127289766058311,0.0037031251285986606,0.0029335301119732347,0.0057902032175587105,1,68.30168802243561,18.301688022435613,11.815680888329553,10.800390687695414,1.0152902006341389,-0.4096970582644506,45.04931049348293,8.66094260390773,0.2015109959029253,0.8297673135100327,0.01291690996124573,0.58,1,1,2,1,31,1,0,0.08922754769660392,,1,0,0.18729641693809382,,1,0,,,,,1,0.15937645416473625,-1,1,1,1,1,100,1,1,1,4,9,4,7,8,0.002000930665425864,0.0032805956258725837,0.009050721265704895,0.008794788273615678,UP,0.0033038622615169425,0.0009306654257794323,0.00481619357840852,0.0009306654257794323,0.014239181014425272,0.005304792926942806,0.014239181014425272,0.005304792926942806
2026-08-07T09:45:00+00:00,PAXGUSD,15m,240,0.020893304856524193,0.08589469774351884,0.0417866097130695,0.14857461231311253,0.2812500000000444,0,1,0.49744045344704946,6.563207963899913,0.9028548922199373,4.592882581355298,1.2212077099493936,3.0714340716767765,1.8123077914152452,2.2871216560406538,0.0040541443877288785,0.003183528177294565,0.005911000814658516,1,72.25930944763755,22.25930944763755,12.847157125929698,11.481800923958392,1.3653562019713057,0.1039554299324621,49.01068593054945,8.93315969418571,0.2073813653585688,0.9086575552764493,0.013003788640698455,0.67,1,1,1,1,33,1,0,0.07196582783917643,,1,0,0.40974092301977055,,1,0,,,,,1,0.38188318321108566,-1,1,1,1,1,100,1,1,1,4,9,4,7,8,0.0005803695793481289,-0.002298263534218717,0.004805460117002464,0.005757266227133269,DOWN,0.002019686136131446,0.00192682700343583,0.002576840932305565,0.0075215897483518765,0.011978828117745253,0.0075215897483518765,0.011978828117745253,0.0075215897483518765
2026-08-07T10:15:00+00:00,PAXGUSD,15m,242,0.1184668989547123,0.013937282229973608,0.0023228803716481834,0.13472706155633407,0.8965517241378715,1,0,0.368216883028451,5.231560260697734,0.7826472261564243,4.185817407855211,1.1183032640177861,2.9245098849614806,1.719462329589135,2.2287098017586686,0.0041443034312797335,0.003356560378613618,0.006011590655713487,1,66.8007725084938,16.800772508493793,12.240603462370927,11.77373888507382,0.4668645772971072,-0.8934201657834944,49.567778072005204,8.866346879170356,0.2059546313396134,0.8268470565489183,0.011409933510643072,0.65,1,1,3,1,35,1,1,0.251684088269455,-0.016260162601642918,1,0,0.34959349593494243,,1,0,,,,,1,0.044134727061547877,-1,1,1,1,1,100,1,1,1,4,10,4,7,8,0.0020441347270615984,0.009988385598141697,0.007711962833914011,0.005203252032520241,UP,0.0031823461091753354,9.291521486634988e-05,0.012590011614401816,0.006922183507549404,0.012590011614401816,0.006922183507549404,0.012590011614401816,0.006922183507549404
2026-08-07T10:45:00+00:00,PAXGUSD,15m,244,0.0020898156318243048,0.09520271211627394,0.011842288580323648,0.10913481632842191,0.12765957446816745,1,0,0.33172082074467935,4.834451823381642,0.7564938359907936,4.089022528358328,1.1097488182055728,2.9230978710429554,1.7212048509483973,2.24139345212825,0.004247730152461143,0.0035325498221477915,0.006114560327428245,1,67.61270500157346,17.61270500157346,11.91722854422278,11.860532658616382,0.05669588560639838,-0.6441913815582012,50.63817151932038,8.30567664581522,0.19285925430305156,0.8134471589771659,0.010196262901493966,0.47,1,1,5,1,37,1,0,0.018576138949523566,,1,0,0.38661589188686285,,1,0,,,,,1,0.08127060790414711,-1,1,1,1,1,100,1,1,1,4,10,4,7,8,-0.0003715227789904713,0.008173501137788468,0.005178098732178347,0.00571216272697707,UP,0.0028096410161146737,0.0004179631263642274,0.01221381135930884,0.007291134537686468,0.01221381135930884,0.007291134537686468,0.01221381135930884,0.007291134537686468
2026-08-07T11:15:00+00:00,PAXGUSD,15m,246,0.12280173312632992,0.05329131814917357,0.08341249797262133,0.2595055492481248,0.7946428571428376,1,0,0.458931921809264,5.282623828211399,0.9007961099307205,4.331466009453834,1.2735772368612204,3.091626530153917,1.8960262731036375,2.3397891660524692,0.004418641881214565,0.0037278112693049973,0.0062244903624241715,1,72.38399152731454,22.383991527314535,12.193300710214316,11.931571178334611,0.2617295318797055,-0.028749676684139303,52.40055975417723,8.60489465889167,0.19937659952481918,0.9376702047051199,0.010338047078828249,0.57,1,1,0,1,39,1,0,0.234018397089818,,1,0,0.2537130146666723,,1,0,,,,,1,0.2965777705692734,-1,1,1,1,1,100,1,1,1,4,11,4,7,8,0.008665631733821578,0.004379156143562304,0.0021548228642925423,0.004796218633425411,UP,0.009754628235130649,0.009430246298570361,0.010032669895039316,0.009430246298570361,0.010032669895039316,0.009430246298570361,0.010032669895039316,0.009430246298570361
2026-08-07T11:45:00+00:00,PAXGUSD,15m,248,0.0394239465689529,0.09740033858212513,0.002319055680535326,0.13914334083161337,0.0166666666667273,0,1,0.3004750727873581,5.1352090747941475,0.7494301689645485,4.348116066396869,1.1392824273015214,3.149753124403105,1.773352396776246,2.3842872890481885,0.004489550961771904,0.003898522583369729,0.006340699694747244,1,67.71765171324324,17.717651713243242,11.798724370798482,11.936043019794575,-0.13731864899609292,-0.15974319598929299,54.074156704120654,8.352179578330027,0.1936916949590693,0.7814396363325573,0.010736069956874254,0.47,1,1,2,1,41,1,0,0.14610050787319823,,1,0,0.16581248115766414,,1,0,,,,,1,0.20871501124742003,-1,1,1,1,1,100,1,1,1,4,11,4,7,8,0.005210918114143768,0.005751258087706517,0.0014610050787317716,0.005078731940353803,UP,0.010922752255281522,0.008557315461144348,0.010922752255281522,0.008557315461144348,0.010922752255281522,0.008557315461144348,0.010922752255281522,0.008557315461144348
2026-08-07T12:15:00+00:00,PAXGUSD,15m,250,0.17218512227471777,0.02326825976685204,0.5235358447541708,0.7189892267957407,0.7281553398058124,0,1,-0.042125595812178104,1.7310895147420524,0.37842316949466154,2.971713446911963,0.7730552625017372,2.4958661280534216,1.413960055967271,2.069497312780186,0.004205487653068396,0.003946320930070757,0.006409047934655338,1,52.71585809774848,2.7158580977484803,9.386186585169526,11.250993130953582,-1.864806545784056,-2.020012560619989,50.49407952896742,10.164889534376414,0.23651929018722603,0.41294565502879843,0.009187226248797229,0.82,1,1,4,1,43,1,1,0.6363869046233905,-0.2640947483537791,1,0,0.8702329152802789,,1,0,,,,,-1,-0.2012704469832828,-1,1,1,1,1,100,1,1,1,4,12,4,7,8,0.011075691649021654,0.007120087488656808,0.006910673150755013,0.008609256113735255,UP,0.014309979756614003,0.000604974753938026,0.014309979756614003,0.000604974753938026,0.014309979756614003,0.000604974753938026,0.014309979756614003,0.000604974753938026
2026-08-07T12:45:00+00:00,PAXGUSD,15m,252,0.12879484820608014,0.12879484820605921,0.13799448022079117,0.39558417663293044,0.34883720930232925,0,1,0.9024053671315094,9.062411144721409,1.4085901575029804,5.981808529811133,1.8432752921072264,4.049170073624737,2.5026734722694934,2.86225002062929,0.005061847903714709,0.004346851346042461,0.006593981801622668,1,72.19141643796654,22.191416437966538,14.505683882500307,12.113629963250347,2.3920539192499604,3.2674469288298873,48.187838789367795,14.16513434341636,0.3257850584962364,1.1293078499822422,0.014692961620755658,1.0,1,1,1,1,45,1,0,0.5508279668813206,,1,0,0.8624655013799448,,1,0,,,,,1,1.174103035878569,-1,1,1,1,1,100,1,1,1,4,12,4,7,8,-0.006140754369825165,-0.002253909843606298,-0.004415823367065276,-0.0020699172033118675,DOWN,0.0015179392824287866,0.007566697332106632,0.0015179392824287866,0.007566697332106632,0.0015179392824287866,0.007566697332106632,0.0015179392824287866,0.007566697332106632
2026-08-07T13:15:00+00:00,PAXGUSD,15m,254,0.1796489935050021,0.050670228937302914,0.19577133907595928,0.4260905615182643,0.881081081081091,1,0,0.6372137639184492,9.500205041370464,1.1765919518175525,6.460047012715222,1.6395596167269462,4.37831348805139,2.3182899383060374,3.0543606115425064,0.005393781878991033,0.004629676649093937,0.0067873032157909135,1,66.13288952150344,16.132889521503444,15.407455533456414,13.199394980259724,2.20806055319669,1.1495671432595937,44.1135693465983,14.841876041006952,0.34183693493497974,0.9271733757536395,0.015635346640717033,1.0,1,1,3,1,47,1,0,0.40881661983509143,,1,0,0.720899166244419,,1,0,,,,,1,0.5665852872080788,-1,1,1,1,1,100,1,1,1,4,13,4,7,8,-0.0023722879911557836,-0.0029711179695058607,-0.004330001381915376,-0.0005527661338616578,DOWN,0.002948086047261546,0.0061495232392095025,0.002948086047261546,0.0061495232392095025,0.002948086047261546,0.0061495232392095025,0.002948086047261546,0.0061495232392095025
2026-08-07T13:45:00+00:00,PAXGUSD,15m,256,0.2560671772630676,0.02537602657562895,0.12918704438498577,0.4106302482236823,0.3146067415730509,0,1,0.36940001363505404,7.566063537266018,0.9296802972142872,5.8706008756353185,1.417959973667706,4.158779580079681,2.115381466430007,2.969569925934593,0.005602802835792332,0.004882796764534189,0.006974214927623007,1,60.973850489729,10.973850489729003,15.445730085452851,14.096887815825204,1.3488422696276476,-0.7861572452131593,40.588743296090854,15.216209443521326,0.35102448656273244,0.7460101844390369,0.016672018457318687,1.0,1,1,5,1,49,1,0,0.2479929869890191,,1,0,0.560579496170531,,1,0,,,,,-1,-0.1741718187690362,-1,1,1,1,1,100,1,1,1,4,13,4,7,8,0.0017301836301559471,-0.0022146350465996963,-0.002491464427424606,0.0011303866383684683,DOWN,0.0020070130109808566,0.004544615668542912,0.002422257082218326,0.004544615668542912,0.002422257082218326,0.004544615668542912,0.002422257082218326,0.004544615668542912
2026-08-07T14:15:00+00:00,PAXGUSD,15m,258,0.3504807581452148,0.09453757292075823,0.08300860061332875,0.5280269316793018,0.8209606986899376,1,0,0.37287485337524534,3.6270950951311534,0.916029600641012,4.317382815225756,1.4152042579732538,3.431467372253792,2.1234961332292155,2.6252354802345508,0.0054315474726576675,0.004991746573322417,0.007082918752559619,1,59.73738153361988,9.737381533619882,13.52318260944321,13.927908484637708,-0.4047258751944973,-2.6458549478287576,35.47682262238683,16.08897650997496,0.37097872927609493,0.7418167209449279,0.01596292102637165,1.0,-1,1,7,-1,1,1,0,0.29629458830038635,,1,0,0.6087297378311614,,1,0,,,,,-1,-0.07263252553668625,-1,1,1,1,1,100,1,1,1,4,14,4,7,8,-2.3057944614691212e-05,-0.004265719753741152,-0.0002536373907628616,0.0010606654522816675,DOWN,0.001936867347644757,0.0020982729599482246,0.001936867347644757,0.004450183310659521,0.001936867347644757,0.004680762756807691,0.001936867347644757,0.004680762756807691
2026-08-07T14:45:00+00:00,PAXGUSD,15m,260,0.07624240463923901,0.10165653951897133,0.011551879490793152,0.18945082364900348,0.06097560975609891,0,1,0.1368207035292407,3.3514315858101327,0.6610732287473792,4.135577139315501,1.1700768890903765,3.3714745334236795,1.8900971772625574,2.6103945509457844,0.005242525252181385,0.005090036603429974,0.007200202881721807,1,55.531907407099666,5.531907407099666,11.751473122834796,13.30486146533617,-1.5533883425013748,-1.2821968929458691,31.18291482046772,14.975699133600855,0.345994943363465,0.586745342353136,0.01567275192410674,0.95,-1,1,9,-1,3,1,0,0.09819097567174179,,1,0,0.4112469098722404,,1,0,,,,,-1,-0.15132962132939448,-1,1,1,1,1,100,1,1,1,4,14,4,7,8,0.0013400180209320477,-0.0002079338308344028,0.0009472541182449124,0.002656932282882425,NEUTRAL,0.0039276390268696715,0.0005082826975948566,0.0039276390268696715,0.0027031398008455555,0.0039276390268696715,0.0027031398008455555,0.0039276390268696715,0.0027031398008455555
2026-08-07T15:15:00+00:00,PAXGUSD,15m,262,0.08989903646674995,0.07376331197270339,0.01152551749573556,0.17518786593518887,0.06578947368420737,0,1,0.2904088456187537,3.8468634976816247,0.8159452346425551,4.283783433869758,1.3390530317223954,3.476759327721993,2.071197954788501,2.678568218905639,0.005255363890238014,0.005231077970798402,0.007321449230661057,1,58.50880767743337,8.508807677433367,11.639788284612223,12.754842833111514,-1.115054548499291,-0.1762548137945057,28.36412879938796,14.463740579482385,0.3334041902052092,0.6845147862851176,0.015028527815796552,0.91,-1,1,11,-1,5,1,0,0.03111889723847343,,1,0,0.6385136692637458,,1,0,,,,,1,0.07722096722141567,-1,1,1,1,1,100,1,1,0,3,15,4,7,8,-0.0029735835138996903,-0.0021667972891982012,-0.0024895117790789227,-9.220413996580061e-05,DOWN,0.0007376331197270339,0.004172237333456147,0.0007376331197270339,0.0049790235581576355,0.0007376331197270339,0.0049790235581576355,0.0011295007145822105,0.0049790235581576355
2026-08-07T15:45:00+00:00,PAXGUSD,15m,264,0.1824943981150072,0.04389105777448396,0.020790501051066928,0.24717595694055808,0.0841121495326777,0,1,0.046649739415172434,2.6052556069453203,0.5496307569391645,3.749159563521971,1.0793569643249605,3.2400664808346846,1.8221677836914147,2.575930794704618,0.005029810175239921,0.005297262073857961,0.007428108193664542,1,53.645977404678824,3.645977404678824,10.015243118523358,11.95071192445102,-1.9354688059276626,-0.8504488255283249,24.974622616423773,13.713123254757747,0.3167807816017406,0.5011920539278926,0.013856060101974415,0.87,-1,1,13,-1,7,1,0,0.11203770010856003,,1,0,0.42505024371086503,,1,0,,,,,-1,-0.03003072374046736,-1,1,1,1,1,100,1,1,0,3,15,4,7,8,-0.0012936311765112279,-0.0013629328466815212,0.0005313128046386339,0.0009702233823836836,NEUTRAL,0.001848044537873363,0.002841368476980127,0.001848044537873363,0.002841368476980127,0.0022638545588949117,0.002841368476980127,0.003280279054725387,0.002841368476980127
2026-08-07T16:15:00+00:00,PAXGUSD,15m,266,0.21733099047444157,0.04624063627115509,0.07467862757790539,0.33825025432350203,0.2207792207791893,0,1,-0.04953772860513184,0.6745969934399909,0.4210814471915588,2.8514925459512597,0.9517357451227054,2.803734102407361,1.70173570374697,2.3691105517464166,0.0047061917579669064,0.005306542979311467,0.007499999586242645,1,51.322825322257515,1.3228253222575148,8.143599853994601,10.785032941700525,-2.6414330877059236,-1.3603782589915987,22.107870538328037,13.585397092112506,0.3140987027677912,0.406007406770588,0.013005046055242806,0.86,-1,1,15,-1,9,1,0,0.026588365855905766,,1,0,0.33986867659298575,,1,0,,,,,-1,-0.11560159067790876,-1,1,1,1,1,100,1,1,0,3,16,4,7,8,-2.312031813545138e-05,-0.0002774438176268885,0.0026357162674559664,0.0018033848145750906,NEUTRAL,0.0010635346342366514,0.0019883473596595427,0.0015490613150836536,0.0019883473596595427,0.003121242948302969,0.0019883473596595427,0.004138536946268507,0.0019883473596595427
2026-08-07T16:45:00+00:00,PAXGUSD,15m,268,0.1713597628751516,0.08336420896627118,0.018525379770268444,0.2732493516116912,0.06779661016943404,0,1,-0.18328367541140303,-1.2532210552562901,0.2379372429806855,1.880904883824769,0.7614637842748264,2.3130279323277136,1.5147436734320718,2.13051525852552,0.004212209183920885,0.005235265412941409,0.007532798891572454,1,47.865702774939805,-2.1342972250601946,5.572212670846056,9.145747631601074,-3.5735349607550173,-1.5522521174589539,20.43934744800498,13.200163819219394,0.3056725597262735,0.2548125556625413,0.01222550809643163,0.83,-1,1,17,-1,11,1,0,-0.1308354946276525,,1,0,0.18293812523155883,,1,0,,,,,-1,-0.2732493516117333,-1,1,1,1,1,100,1,1,0,3,16,4,7,8,0.0012041496850687125,0.004029270100037177,0.003612449055205716,0.0035892923304927755,UP,0.0031261578362356433,0.0004168210448312506,0.004700815116709935,0.0004168210448312506,0.004839755464987159,0.0004168210448312506,0.0057197110040757525,0.0004168210448312506
2026-08-07T17:15:00+00:00,PAXGUSD,15m,270,0.09012339973193226,0.05083884087444488,0.041595415260899896,0.18255765586727704,0.7215189873416993,1,0,0.028689888611130452,-0.9895981880890758,0.41473939060598947,1.74704060978911,0.9317447167941257,2.227035267596875,1.6864537303138405,2.0905060457134823,0.0038604950199485903,0.005170053261881363,0.007547090135197149,1,52.57076787794643,2.5707678779464302,4.356520903907949,7.482575545200349,-3.1260546412923995,-0.14244836164960706,19.053800979927384,12.629222884939162,0.29184320573413974,0.3237875139664043,0.008359012460703944,0.81,-1,1,19,-1,13,1,0,0.07741368951332105,,1,0,0.39053473217173446,,1,0,,,,,-1,-0.06470397929475184,-1,1,1,1,1,100,1,1,0,3,17,4,7,8,-0.0011785367657252519,0.001155428201691547,0.0016869251744697005,0.0011323196376578422,NEUTRAL,0.0010398853815223922,0.0021259878911124045,0.002611267735822938,0.0021259878911124045,0.0027499191200260078,0.0021259878911124045,0.0036280445533116257,0.0021259878911124045
2026-08-07T17:45:00+00:00,PAXGUSD,15m,272,0.08547403437441826,0.06006283496579778,0.02541119940862049,0.17094806874883653,0.6486486486487051,1,0,0.05731747061355968,0.29105454444470524,0.4157999553768543,2.0808321815102317,0.9276521607327034,2.3786660776122517,1.6850679503198067,2.1698405959332376,0.003584824847632946,0.0051185220535584905,0.007574157895871034,1,53.28520203399702,3.2852020339970167,3.660035954703744,6.132846760107096,-2.472810805403352,1.0538228989071605,17.79731663405298,12.061421773238322,0.27863199439194053,0.4096238437197614,0.006676348399797491,0.79,-1,1,21,-1,15,1,0,0.10973017926446128,,1,0,0.42274995379782343,,1,0,,,,,-1,-0.0496673442986635,-1,1,1,1,1,100,1,1,0,3,17,4,7,8,0.0008547403437441826,-0.00032341526520064353,0.0023563112178894424,0.0016170763260025872,NEUTRAL,0.0013398632415450428,0.001824986139345903,0.0022870079467750036,0.001824986139345903,0.0024256144890038808,0.001824986139345903,0.003303455923119613,0.001824986139345903
2026-08-07T18:15:00+00:00,PAXGUSD,15m,274,0.013879250520480309,0.07402266944251257,0.048577376821660044,0.13647929678465293,0.35593220338985926,0,1,-0.06404081951996324,-0.2891821076091219,0.25997007923616255,1.6953010641318542,0.7632984193240895,2.170052566088998,1.5222709890517372,2.0685442795856943,0.003240108987561258,0.0050332834008792685,0.007589725697276478,1,49.74546525306693,-0.2545347469330679,2.532507981964045,4.923412960601088,-2.3909049786370433,0.5351993563326172,16.723943461322083,11.391736120802435,0.2635145991395428,0.2569798425174013,0.006581079026636341,0.77,-1,1,23,-1,17,1,0,-0.024288688410830022,,1,0,0.28915105250983114,,1,0,,,,,-1,-0.18390006939626943,-1,1,1,1,1,100,1,1,0,3,18,4,7,8,0.0030996992829053055,0.0018968309044644501,0.0037936618089289002,0.0024288688410825814,UP,0.003631737219523437,0.0002313208420078649,0.003631737219523437,0.0002313208420078649,0.004024982650936765,0.0002313208420078649,0.004649548924358169,0.0002313208420078649
2026-08-07T18:45:00+00:00,PAXGUSD,15m,276,0.030064754856618452,0.04394079555965857,0.00462534690101337,0.07863089731729038,0.4411764705882825,1,0,-0.030092179212434133,-0.7587182332126758,0.26275432888220485,1.3357238965700162,0.7561814783059354,1.966717498307844,1.5148387714391545,1.9675310516040554,0.0029284650809463892,0.004934271494237306,0.007586572931332192,1,50.474720413668955,0.4747204136689547,1.7369366571829232,3.8221026774653852,-2.085166020282462,0.3616641991045286,15.900675982321387,10.431139818446969,0.24123820116667363,0.33164359221336925,0.005811830388192124,0.75,-1,1,25,-1,19,1,0,-0.0011563367252586008,,1,0,0.3122109158186864,,1,0,,,,,-1,-0.0555041628122025,-1,1,1,1,1,100,1,1,0,3,18,4,7,8,0.001780758556891725,0.002913968547641157,0.0036308973172987555,0.001188714153561593,UP,0.0033996299722478763,-0.00025439407955605084,0.0033996299722478763,-0.00025439407955605084,0.0037927844588343286,-0.00025439407955605084,0.0044172062904718696,-0.00025439407955605084
2026-08-07T19:15:00+00:00,PAXGUSD,15m,278,0.08072328059412334,0.06688500392083666,0.009225517782198111,0.1568338022971581,0.5735294117647708,1,0,0.2047746926515894,1.4832261174833548,0.4959837938338635,2.1203664266295164,0.9875113952400418,2.3413193021197003,1.7483151931653864,2.15648615565442,0.0029120910118227415,0.004915276014061783,0.007608037979253447,1,57.96827108907629,7.968271089076289,2.7492866443644743,3.3433360824243423,-0.594049438059868,1.7260256742004851,14.937499268423776,10.182972598558903,0.23485798695878274,0.7905358650702923,0.005613625656845646,0.73,1,1,27,1,1,1,0,0.15914018174271288,,1,0,0.5835139997232387,,1,0,,,,,1,0.21679966788137242,-1,1,1,1,1,100,1,1,1,4,19,4,7,8,-0.0013146362839613953,-0.00041514830019839056,0.0013146362839613953,-0.0011531897227731907,NEUTRAL,0.00043821209465372854,0.0023525070344572667,0.0008072328059412334,0.0023525070344572667,0.0016836569952489002,0.0023525070344572667,0.0016836569952489002,0.0023525070344572667
2026-08-07T19:45:00+00:00,PAXGUSD,15m,280,0.08771119933524564,0.034622841842858465,0.08078663096666976,0.20312067214477386,0.3977272727272645,0,1,0.0955612535781765,2.2731170712277162,0.3822825122430605,2.420607378060595,0.8723406266846919,2.4882139476594602,1.6372068364307464,2.234944883791286,0.00286721258664884,0.004900581144416314,0.007648662097460542,1,54.91804705562236,4.91804705562236,3.2312805311985358,3.3010351330494805,-0.06975460185094473,1.2512623402533611,13.892352994054486,9.667461067124817,0.22314331703270288,0.6270199911403711,0.005837492125003151,0.7,1,1,29,1,3,1,0,0.08078663096666976,,1,0,0.5054934909057252,,1,0,,,,,1,0.06001292586096307,-1,1,1,1,1,100,1,1,1,4,19,4,7,8,0.0008771119933524565,0.0005308835749238718,0.0017080601975811435,4.6163789123979227e-05,NEUTRAL,0.0009463576770382153,0.0015695688302094159,0.0015926507247716153,0.0015695688302094159,0.002469762718124072,0.0015695688302094159,0.002469762718124072,0.0015695688302094159
2026-08-07T20:15:00+00:00,PAXGUSD,15m,282,0.08966122845126656,0.014327309700972662,0.009243425613523969,0.1132319637657632,0.0816326530611563,0,1,-0.024828628997838012,0.6503293939076684,0.24289295404656425,1.72705817559563,0.7261620784619591,2.1328482404678653,1.4924081317594668,2.06074731672652,0.0026772158304440227,0.004832691244153949,0.0076624605329750775,1,50.66227979462559,0.6622797946255901,2.704244511037359,3.157226363424379,-0.45298185238701993,-0.3535326567385173,12.050721402880445,9.123474083388233,0.21083038506697402,0.46509529764066243,0.004765947610120531,0.63,1,1,31,1,5,1,0,-0.03466284605074641,,1,0,0.39053473217173446,,1,0,,,,,-1,-0.055460553681185853,-1,1,1,1,1,100,1,1,1,4,20,4,7,8,0.0017331423025373205,0.002680593427924473,0.0024032906595185437,0.001155428201691547,UP,0.0027499191200260078,0.0004159541526087888,0.0027499191200260078,0.0004159541526087888,0.0036280445533116257,0.0004159541526087888,0.0036280445533116257,0.0004159541526087888
2026-08-07T20:45:00+00:00,PAXGUSD,15m,284,0.025628001477642975,0.01847063169560819,0.03440155153305739,0.07850018470630855,0.7647058823528625,1,0,0.05370143988510474,0.2865508190488981,0.3059654655809913,1.487991803001023,0.7818639903300577,1.9946716601143635,1.5478211827920765,1.9923084698330058,0.0025226402569588657,0.0047589852474906645,0.007659571924620189,1,53.69490718865007,3.6949071886500704,2.47183821868839,2.921547488752463,-0.4497092700640728,-0.32745604395068373,10.860992811458189,8.521413878023505,0.19674487158347584,0.6704822025870356,0.004472575440599844,0.47,1,1,33,1,7,1,0,0.16508127077945225,,1,0,0.477927595123749,,1,0,,,,,1,0.032323605467319584,-1,1,1,1,1,100,1,1,1,4,20,4,7,8,0.0009004432951608205,0.001893239748799367,0.0004386775027707208,0.0005310306612486567,UP,0.001870151459179988,-0.00020779460657567087,0.002124122644994417,-0.00020779460657567087,0.0027475064647212197,0.0,0.0027475064647212197,0.0006695603989655607
2026-08-07T21:15:00+00:00,PAXGUSD,15m,286,0.009223815892647366,0.0,0.006917861919480281,0.016141677812127646,1.0,1,0,0.1466323164188053,1.6118930740967699,0.39738116473062857,1.9600416451376077,0.8700880800161632,2.2159765651176713,1.6374294805029235,2.1042253338737282,0.0025074884831182325,0.004727069152855348,0.0076734140048676,1,57.89146137467871,7.891461374678713,3.036493195136245,2.923227841251817,0.11326535388442815,0.6062715825080196,10.342283242721605,7.749076251969312,0.17869013171538328,0.879791297410737,0.004881520137534056,0.27,1,1,35,1,9,1,0,0.061107780288718015,,1,0,0.6018539869944279,,1,0,,-0.2559608910206236,,,1,0.10261495180557874,-1,1,1,1,1,100,1,1,1,4,21,4,7,8,0.0005303694138263322,0.0007148457316790697,-0.0008301434303372143,-0.000438131254900278,NEUTRAL,0.0006226075727528059,0.0009685006687268199,0.0008762625098001365,0.0009685006687268199,0.001498870082553152,0.0016602868606744286,0.001498870082553152,0.0019139417977217593
2026-08-07T21:45:00+00:00,PAXGUSD,15m,288,0.03922473465620254,0.0,0.03691739732349709,0.07614213197969963,0.48484848484856835,0,1,0.06920690323981112,1.428783219384968,0.3108849073072026,1.8624605882268952,0.7784303408365145,2.1573361743676287,1.5469613571144807,2.077117582404753,0.0024167800406739146,0.0046754543352931196,0.007685310162779662,1,55.04767357857028,5.047673578570283,2.972950355091598,2.955164237535156,0.017786117556441994,0.12433006144345482,10.261747503028827,7.2157851356266125,0.16649250428303214,0.7122073230230359,0.004532974669667419,0.14,1,1,37,1,11,1,1,0.0011536686663632188,-0.041532071988907994,1,0,0.5422242731887402,,1,0,,-0.1961236732810337,,,1,0.042685740655292195,-1,1,1,1,1,100,1,1,1,4,21,4,7,8,0.0007614213197969963,0.0017305029995385325,-2.3073373327264374e-05,0.00013844023996316653,UP,0.0014766958929394638,9.22934933086378e-05,0.002099676972773503,9.22934933086378e-05,0.002099676972773503,0.001061375173050384,0.002099676972773503,0.0013151822796492428
2026-08-07T22:15:00+00:00,PAXGUSD,15m,290,0.034604470897639975,0.011534823632546659,0.002306964726496743,0.048446259256683374,0.04761904761880014,0,1,0.06906734408228629,1.0212941999952818,0.3014928675661828,1.6548896087397225,0.7631222949889331,2.0396678605020497,1.5318224267608431,2.019220647527618,0.0023242552348389654,0.004616294274227503,0.0076870013177191,1,55.57956487336915,5.579564873369151,2.8808245164145774,2.940764099655761,-0.05993958324118376,-0.16989905081809642,10.17814416822855,6.597284122045331,0.15219701760318666,0.7024981682251263,0.004458497557959888,0.09,1,1,39,1,13,1,0,0.017302235448819987,,1,0,0.5582854638152541,,1,0,,-0.21224075483885432,,,-1,-0.0265300943548699,-1,1,1,1,1,100,1,1,1,4,22,4,7,8,0.00043832329803689894,0.0011765520105198432,-0.0005536715343621557,0.00023069647265093316,NEUTRAL,0.0013149698941102772,0.0002537661199159006,0.0019378503702679646,0.0002537661199159006,0.0019378503702679646,0.0012226913050499878,0.0019378503702679646,0.0014764574249658885
2026-08-07T22:45:00+00:00,PAXGUSD,15m,292,0.002304678497358004,0.004609356994695048,0.004609356994695048,0.011523392486748099,0.6000000000003638,1,0,0.1378043177017806,1.6296762045321884,0.3696019906562758,1.8652018264438084,0.827732224705175,2.13202477215782,1.5971635942929177,2.066314122491349,0.002317976729544952,0.0045813023404889935,0.007694313695877425,1,59.73698446717577,9.736984467175773,3.284245815462782,3.0385387073202463,0.2457071081425357,0.24336807641893232,10.908151291527862,6.075719472579855,0.14002580024383163,0.8391334907287662,0.004771554541366097,0.05,1,1,41,1,15,1,0,0.02996082046554925,,1,0,0.6568333717446416,,1,0,,-0.3111315971421987,,,1,0.07259737266650464,-1,1,1,1,1,100,1,1,1,4,22,4,7,8,0.0008066374740723669,-0.00027656141968191247,-0.0007374971191518364,-0.000368748559576023,NEUTRAL,0.0008527310440193174,0.00115233924867481,0.0009449181839134279,0.00115233924867481,0.0009449181839134279,0.0022124913574557187,0.0009449181839134279,0.0024660059921640513
2026-08-07T23:15:00+00:00,PAXGUSD,15m,294,0.04839378715950257,0.009217864220872602,0.0,0.05761165138037517,0.8399999999997817,1,0,0.1245110792339057,1.6056986617595612,0.35148299194501975,1.8393500904630855,0.8049977436175892,2.108790784424855,1.5749051417924689,2.0559863757025596,0.0022697191271111405,0.004535147516725695,0.007699073981748795,1,59.4964993624348,9.496499362434797,3.332259878901823,3.1291851257635086,0.20307475313831436,0.05768343062291059,10.777172766664409,5.64283974931628,0.13003732657317324,0.8218877104493819,0.004233282062186794,0.01,1,1,0,1,17,1,0,0.03917592293865092,,1,0,0.016131262386500856,,1,0,,-0.3203207816748776,,,1,0.08180854496011597,-1,1,1,1,1,100,1,1,1,4,23,4,7,8,-0.00013826796331277465,-0.0014518136147852866,-0.0013596349725767702,-0.000599161174355776,NEUTRAL,0.0008526524404297202,0.0012444116698160199,0.0008526524404297202,0.0018896621652762637,0.0008526524404297202,0.002304466055215007,0.0008526524404297202,0.002557957321288532
2026-08-07T23:45:00+00:00,PAXGUSD,15m,296,0.07143350922873595,0.0,0.0,0.07143350922873595,1.0,1,0,0.11373113358210844,1.3361841652949806,0.3335066244554299,1.7016069078053988,0.7814071989976218,2.027042297632761,1.5510927000317003,2.0155123997965347,0.0021977549087332142,0.004479005745421919,0.0076968550103407845,1,58.77983025524893,8.779830255248932,3.209439627703432,3.1477393387680035,0.06170028893542856,-0.09781063169930704,9.425848252928983,5.451734273645121,0.12562468082229467,0.8644510858435416,0.002978048582598563,0.01,1,1,2,1,19,1,0,0.13249763808558196,,1,0,0.6728575707998208,,1,0,,-0.32721155840265037,,,1,0.07604212272738167,-1,1,1,1,1,100,1,1,1,4,23,4,7,8,-0.0003917321473834178,-0.0015438855220406523,-0.002433347927275962,-0.0004608613498628938,DOWN,0.0007834642947670452,0.0005991197548216361,0.0007834642947670452,0.002373435951793945,0.0007834642947670452,0.002580823559232163,0.0007834642947670452,0.002626909694218411
2026-08-08T00:15:00+00:00,PAXGUSD,15m,298,0.023033513762524473,0.013820108257523063,0.023033513762524473,0.05988713578257201,0.3846153846153308,0,1,0.12501546621928786,1.8275793280536163,0.3451389340421568,1.8797224858271875,0.7898430247955959,2.104758509862222,1.5601608392390496,2.0548973179966197,0.00220123467822869,0.004447040907534391,0.007703178144434537,1,60.03199422788634,10.031994227886337,3.513795890085021,3.2688077258994497,0.24498816418557112,0.23247160110302278,9.472338541943389,5.145117817581765,0.11851014206107947,0.8769873415384023,0.0034994679738444847,0.01,1,1,0,1,21,1,0,0.03224691926752588,,1,0,0.10940919037199125,,1,0,,-0.36853622020039156,,,1,0.09904410917885942,-1,1,1,1,1,100,1,1,1,4,0,5,8,8,-0.0018426811010019578,-0.0017505470459519437,-0.0024645859725900767,-0.0010825751468386082,DOWN,2.303351376260827e-05,0.001911781642289573,2.303351376260827e-05,0.002787055165265545,2.303351376260827e-05,0.0030404238166531886,2.303351376260827e-05,0.0030404238166531886
2026-08-08T00:45:00+00:00,PAXGUSD,15m,300,0.039172312088110464,0.011521268261210194,0.00921701460898073,0.05991059495830139,0.8076923076923346,1,0,0.07229631229511367,1.1613517855494138,0.2834327721840364,1.5953916526232206,0.7219800514330915,1.9512928296398968,1.4916967349046566,1.9784755003583996,0.0021113645988892274,0.004385472792490552,0.007697166834715649,1,57.03065456923835,7.030654569238351,3.1938380428218807,3.2605360059512716,-0.06669796312939091,-0.30598334746960454,8.390193381073232,4.821045465159814,0.1110891162071942,0.7292238721595166,0.003551391450806794,0.01,1,1,2,1,23,1,1,0.13479883865616765,-0.013825521913439658,1,0,0.07027973639338637,,1,0,,-0.32950827227061574,,,1,0.028803170653025484,-1,1,1,1,1,100,1,1,1,4,0,5,8,8,-0.0022581685791972397,-0.001728190239181529,-0.001659062629614226,-0.0011982118991658182,DOWN,0.0002534679017464985,0.002396423798331846,0.0002534679017464985,0.002396423798331846,0.0002534679017464985,0.0026498917000783444,0.0002534679017464985,0.0026498917000783444
2026-08-08T01:15:00+00:00,PAXGUSD,15m,302,0.013831896352977416,0.016137212411838433,0.0023053160588400526,0.032274424823655896,0.07142857142880345,0,1,0.02106897062960065,0.5538503278530698,0.2190245023529031,1.3016283575352645,0.6496018102821335,1.7870425471319322,1.4175942967534136,1.8948691440727998,0.0019795553172330246,0.004305773079292303,0.0076799248647128025,1,53.85687751465088,3.8568775146508827,2.660117929273838,3.0863182322234155,-0.42620030294957756,-0.4598113862862552,7.26480361965736,4.50896267148983,0.10394584055258035,0.5566304257238229,0.002829665121379687,0.01,1,1,4,1,25,1,0,0.08875466826502752,,1,0,0.024205818617736685,,1,0,,-0.2835538752362991,,,-1,-0.017289870441237493,-1,1,1,1,1,100,1,1,1,4,1,5,8,8,-0.001337083314122408,-0.00046106321176633315,-0.0012448706717692252,-0.0001383189635299838,NEUTRAL,9.221264235318276e-05,0.001936465489418725,9.221264235318276e-05,0.001936465489418725,9.221264235318276e-05,0.0021900502558900824,0.00036885056941294073,0.0021900502558900824
2026-08-08T01:45:00+00:00,PAXGUSD,15m,304,0.011539082873693197,0.03692506519580564,0.043848514920046745,0.09231266298954557,0.4750000000001364,0,1,-0.07232055244221808,-0.5561451964740627,0.10192748748237093,0.7720144892136886,0.5204133530159073,1.4976574849952158,1.28462049472256,1.7465288724160928,0.00174248039924589,0.004184858655335364,0.007642071417066524,1,46.77108125115303,-3.228918748846972,1.5724490605971368,2.622765519538641,-1.050316458941504,-0.7796456669796541,9.049281576529845,4.505176997356027,0.10397122146629495,0.08441636539144855,0.00236887948421928,0.01,-1,1,6,-1,1,1,1,0.20885740001385109,-0.07731185525373184,1,0,0.5215665458909409,,1,0,,-0.17539405968014501,,,-1,-0.12577600332325167,-1,1,1,1,1,100,1,1,1,4,1,5,8,8,-0.00013846899448440234,9.231266298946162e-05,9.231266298946162e-05,0.0006923449724215918,NEUTRAL,0.0004154069834527872,0.0008538921326534646,0.0006923449724215918,0.0008538921326534646,0.0006923449724215918,0.001107751955874589,0.001453924442085175,0.001107751955874589
2026-08-08T02:15:00+00:00,PAXGUSD,15m,306,0.05538887606738141,0.0438495268866752,0.0,0.0992384029540566,0.5581395348837308,1,0,-0.05512583075163878,-1.1749850701289688,0.09457035266747116,0.39915678147008293,0.49914501539233036,1.2776336643910327,1.2576320459747605,1.630130191740136,0.0014969618341910994,0.004045746627248592,0.007584870305824302,1,47.49373595460695,-2.5062640453930527,0.6171790229818725,1.9473570756813265,-1.330178052699454,-0.5262836609018586,11.221243613850891,4.506504655883511,0.10400426161743621,0.19218910353430438,0.00290650002029289,0.03,-1,-1,1,-1,3,1,1,0.20655435033463693,-0.07962150934686864,1,1,0.5192707131317794,-0.13847219016847448,1,1,,-0.17309023771059312,,,-1,-0.1280867759058431,-1,1,1,1,1,80,1,1,0,3,2,5,8,8,0.0007154396492038688,-0.0008908377567504437,0.0003923378721439691,0.0005538887606738141,NEUTRAL,0.0007154396492038688,0.00025386568197562054,0.0007154396492038688,0.0010385414262635588,0.0007154396492038688,0.0010846988229863417,0.0014770366951303107,0.0010846988229863417
2026-08-08T02:45:00+00:00,PAXGUSD,15m,308,0.04384042086803194,0.013844343432021133,0.0,0.05768476430005308,0.7599999999998545,1,0,-0.024339329512868775,-0.6851918601287252,0.10810189454485909,0.4799597971195908,0.5002761877517301,1.2834121698551826,1.2532602524177159,1.6258207896607928,0.0013244122405772787,0.00392174293206871,0.007529840646659858,1,49.19481654872979,-0.8051834512702101,0.20349687529324,1.3353555908381818,-1.1318587155449418,0.23959700718486276,12.451254732557357,4.2035677900220305,0.09699272687468632,0.2860192790858971,0.0030496458251049385,0.01,-1,-1,3,-1,5,1,1,0.22727797134219652,-0.058838459586058336,1,1,0.5399293938484884,-0.11767691917211667,1,1,,-0.19382080804816992,,,-1,-0.05422367844205828,-1,1,1,1,1,80,1,1,0,3,2,5,8,8,-0.0004614781144004246,-0.0007152910773205322,0.0001615173400403165,0.0007845127944808478,NEUTRAL,0.0005076259258406349,0.0005306998315603204,0.0005076259258406349,0.001292138720321063,0.0005076259258406349,0.001292138720321063,0.0012690648146011676,0.001292138720321063
2026-08-08T03:15:00+00:00,PAXGUSD,15m,310,0.004616485469607786,0.027698912817667707,0.0023082427348143897,0.03462364102208988,0.0666666666669092,0,1,-0.05056140466538871,-0.5754064886768901,0.06556041445920745,0.43597980503091094,0.4452636316056435,1.229322877830782,1.1926514638921926,1.5916865694262015,0.0011612181912459614,0.0037970321714643606,0.007473878322865492,1,46.711339529258,-3.288660470742002,-0.15379380270769616,0.8258186609274469,-0.9796124636351431,0.3365347601924946,13.394958641273575,3.8576681454782156,0.08904434470092595,0.20331888656018593,0.0032489949310886153,0.01,-1,-1,5,-1,7,1,1,0.19043002562149433,-0.09579207349444027,1,1,0.5031969161877105,-0.15465226323199727,1,1,,-0.15696050596681166,,,-1,-0.09117558802483249,-1,1,1,1,1,80,1,1,0,3,3,5,8,8,9.232970939215571e-05,6.924728204422175e-05,0.0007848025298339533,0.0011310389400548521,NEUTRAL,0.000877132239226319,0.00018465941878452135,0.000877132239226319,0.0009232970939223969,0.000877132239226319,0.0009232970939223969,0.0016388523417121285,0.0009232970939223969
2026-08-08T03:45:00+00:00,PAXGUSD,15m,312,0.006919138336643339,0.0,0.05304672724757096,0.05996586558421431,0.8846153846153308,0,1,0.02412753765340757,0.03283051607195375,0.1347258782398908,0.6147587512023165,0.5048823595552169,1.2891670939716278,1.2471481814817476,1.6146773554082756,0.0011059834058648322,0.0037015648131532605,0.007422658219265307,1,52.620582284838726,2.6205822848387257,0.1338664528038862,0.5586654211272668,-0.4247989683233806,0.6337362876844159,12.384809340653403,3.764009778499112,0.0868123478596594,0.47226983501060976,0.0031602674720421116,0.01,-1,-1,7,-1,9,1,1,0.2709995848516998,-0.014991466396043087,1,1,0.5835139997232387,-0.07380414225748001,1,1,,-0.23755708289128147,,,-1,-0.01037870750495452,-1,1,1,1,1,80,1,1,0,3,3,5,8,8,-0.0012915724895060574,-0.0007841690114858955,0.00036902071128729514,0.0005535310669310476,NEUTRAL,4.612758891088567e-05,0.001729784584159786,4.612758891088567e-05,0.001729784584159786,0.00039208450574284285,0.001729784584159786,0.0008302966003965713,0.001729784584159786
2026-08-08T04:15:00+00:00,PAXGUSD,15m,314,0.03922926041305684,0.036921656859359955,0.006922810661132615,0.0830737279335494,0.5555555555554994,1,0,-0.0205041846006894,-0.2552113009032837,0.07682970008710546,0.4504558868266031,0.43506537693815217,1.179367384375837,1.1714414086912845,1.5528931945127624,0.0009733388468779487,0.0035823567685104667,0.007363760317531325,1,48.87207418775198,-1.127925812248023,-0.1374101968112882,0.31560268429180327,-0.45301288110309146,0.1908011097742487,12.771004945701577,3.7944778192160733,0.08756150500094781,0.3480658334982763,0.003210733163456862,0.02,-1,-1,9,-1,11,1,1,0.21806853582554098,-0.06807430483442525,1,1,0.5307488173531787,-0.126918195454021,1,1,,-0.1846082842967578,,,-1,-0.0634590977270105,-1,1,1,1,1,80,1,1,0,3,4,5,8,8,-0.00032306449751924224,0.0,0.0007615091727241679,0.0009461174570209677,NEUTRAL,0.00034614053305642093,0.001199953847928884,0.00034614053305642093,0.001199953847928884,0.0009461174570209677,0.001199953847928884,0.001361486096688505,0.001199953847928884
2026-08-08T04:45:00+00:00,PAXGUSD,15m,316,0.08223342280451754,0.0,0.014783536683967886,0.09701695948848543,0.15238095238103694,0,1,-0.10633032209500645,-0.7388917905345807,-0.02507363324607205,0.1907822315542944,0.3200668005982046,1.0182981800080597,1.0498728730164957,1.4641420607376858,0.0008125668884893441,0.0034514043384427664,0.00729806072418291,1,42.02205366692869,-7.9779463330713085,-0.5954407722501855,0.04505640203487893,-0.6404971742850645,-0.12125910804630169,14.333040961547038,3.737585466568948,0.08633551852259219,0.10460494818626825,0.0033559027381239214,0.02,-1,-1,0,-1,13,1,1,0.1175753151896253,-0.16885570806209757,1,1,0.43057050592035195,-0.11826829347168007,1,1,,-0.0840813648900319,,,-1,-0.16423585284836417,-1,1,1,1,1,80,1,1,0,3,4,5,8,8,0.0011919226451442674,0.0012843197494189355,0.0019772980314795756,0.0021158936878917876,NEUTRAL,0.0012381211972816014,0.00019403391897701287,0.0015846103383119216,0.00019403391897701287,0.0023699857246472296,0.00019403391897701287,0.002577879209265548,0.00019403391897701287
2026-08-08T05:15:00+00:00,PAXGUSD,15m,318,0.02078137988363687,0.0646531818601686,0.013854253255736915,0.09928881499954238,0.3488372093023108,1,0,-0.0544374267701482,-1.0701585859023908,0.012768000969665008,-0.02273427990712662,0.34449453641313893,0.876692526444458,1.0663969660471002,1.3837352973268935,0.0006720542773981321,0.003317265354434739,0.007219024296339612,1,45.2961747942998,-4.703825205700198,-0.8772596043427257,-0.2722658128892147,-0.604993791453511,-0.16330583671087806,15.750887422322368,3.7222037951538267,0.08594725674595517,0.2515672779500724,0.002732566989125294,0.03,-1,-1,2,-1,15,1,1,0.15586034912718202,-0.1304608848249662,1,1,0.46873556848619613,-0.07989286044148972,1,1,,-0.12237923709245825,,,-1,-0.12584280040638723,-1,1,1,1,1,80,1,1,0,3,5,5,8,8,0.00023090422092915858,0.0008774360395308446,0.0013854253255749514,0.0017317816569686892,NEUTRAL,0.0009005264616236344,2.309042209299986e-05,0.0012007019488315825,2.309042209299986e-05,0.0019857762999906377,2.309042209299986e-05,0.0021935900988270065,2.309042209299986e-05
2026-08-08T05:45:00+00:00,PAXGUSD,15m,320,0.011540414531689977,0.0,0.03231316068874453,0.04385357522043451,1.0,1,0,-0.00954033583499905,-0.39239739118056605,0.050567059525022676,0.18465782158455113,0.37098917609936577,0.9472937409755104,1.0856829671708623,1.4093755478688763,0.0006010739536002173,0.003204221165743431,0.007146937910714965,1,48.902285968864526,-1.0977140311354745,-0.7535468847381708,-0.45865502073041065,-0.29489186400776013,0.3694032042351032,15.770818277476705,3.4446553131683895,0.07950550046550314,0.45176630398684475,0.0021387675260239295,0.01,-1,-1,4,-1,17,1,1,0.1973410884919028,-0.08886119189400023,1,1,0.5100863223007054,-0.03831417624520737,1,1,,-0.16387388635000608,,,1,0.03808336795456853,-1,1,1,1,1,65,1,1,-1,3,5,5,8,8,0.0006231823847112168,0.0007155057009646526,0.0004616165812675991,0.0018695471541336503,NEUTRAL,0.0007847481881548345,0.0003231316068874453,0.0007847481881548345,0.0003231316068874453,0.001569496376309669,0.0003231316068874453,0.0021465171028941677,0.0003231316068874453
2026-08-08T06:15:00+00:00,PAXGUSD,15m,322,0.04385559966763332,0.00923275782475386,0.00923275782475386,0.06232111531714104,0.14814814814802338,0,1,-0.015367904313158216,0.00894453919318039,0.04076714348282437,0.3140958975873218,0.3511718685451746,0.984023718782737,1.059276953663556,1.4189322311613068,0.0005613504779598259,0.0031040472506235024,0.007081050851183815,1,48.42751396249562,-1.5724860375043832,-0.5270756672271091,-0.4861643666484765,-0.04091130057863257,0.4097536667783911,14.159879105367876,3.302279326150306,0.07622286322016218,0.4718329259862201,0.001573300570974524,0.01,1,-1,6,1,1,1,1,0.19273381959189953,-0.09348167297572206,1,1,0.5054934909057252,-0.042932323885157934,1,1,,-0.15926507247714053,,,1,0.03346874711473799,-1,1,1,1,1,80,1,1,0,3,6,5,8,8,0.00036931031299057424,0.0011540947280952822,0.0011079309389715128,0.0010617671498477435,NEUTRAL,0.0008309482042286871,0.0002769827347428257,0.0011771766226572717,0.0002769827347428257,0.001615732619333395,0.0002769827347428257,0.002192779983381036,0.0002769827347428257
2026-08-08T06:45:00+00:00,PAXGUSD,15m,324,0.006922810661132615,0.006922810661132615,0.00230760355369688,0.016153224875962113,0.5714285714282002,1,0,0.011582313803581495,-0.13780276950546977,0.06253273759655069,0.22842916190165852,0.3624658622492736,0.9140688626393967,1.0633055949626558,1.374994066637555,0.0005095042379296919,0.0029993312465272292,0.0070083973271338204,1,50.903732734372035,0.9037327343720349,-0.43465720020867593,-0.4868510361786929,0.05219383597001698,0.12131991906364764,13.298083046851227,3.1295163577520735,0.0722168306854061,0.6423939467014347,0.0015771755467343211,0.01,1,-1,8,1,3,1,1,0.21806853582554098,-0.06807430483442525,1,1,0.5307488173531787,-0.01753778700819703,1,1,,-0.1846082842967578,,,1,0.04615207107418945,-1,1,1,1,1,80,1,1,0,3,6,5,8,8,0.00041536863966774705,0.0007615091727241679,0.0005999769239645468,0.0007615091727241679,NEUTRAL,0.0005769008884273682,0.0002076843198337686,0.0009461174570209677,0.0002076843198337686,0.001361486096688505,0.0002076843198337686,0.001938386985115873,0.0002076843198337686
2026-08-08T07:15:00+00:00,PAXGUSD,15m,326,0.013841788359064381,0.0,0.02537661199159006,0.03921840035065444,0.64705882352916,0,1,0.030947485285148884,0.4132725628305707,0.08274175739440041,0.43385560081787844,0.3744858847596475,0.9919408805735657,1.0689610694092806,1.4051914564724939,0.0005179427210925154,0.0029174412736524707,0.006944751846496331,1,53.10490792811809,3.104907928118088,-0.047477264074586856,-0.3517927204058386,0.30431545633125173,0.35925597042213414,12.47743406236676,2.9856544105107035,0.06887799410595205,0.7594413533605803,0.0016217022037707286,0.01,1,1,1,1,5,1,1,0.02999054144462551,-0.04037188271391331,1,1,0.03114402380786339,0.010150644796631829,1,1,,-0.21224075483885432,,,1,0.04037188271391331,-1,1,1,1,1,100,1,1,1,4,7,5,8,8,0.0001845571781207885,0.0006920894179527995,0.00016148753085561127,0.0006459501234226549,NEUTRAL,0.00046139294530186633,0.0004844625925668338,0.001084273421459344,0.0004844625925668338,0.001084273421459344,0.0004844625925668338,0.0016610146030866769,0.0004844625925668338
2026-08-08T07:45:00+00:00,PAXGUSD,15m,328,0.018456143588801315,0.0,0.0,0.018456143588801315,1.0,1,0,0.024638246126519988,0.31471971696646506,0.07477313308471098,0.3918828518117152,0.3578620219833368,0.9488885962655331,1.045693246600747,1.375327018335156,0.00050134886958191,0.002830888888986258,0.006878312246174101,1,52.80715404444109,2.8071540444410914,0.10352061071898788,-0.20277646991477863,0.3062970806337665,0.07037927387360088,10.834757383740937,2.7774265070219855,0.06407572802616125,0.7223353228112017,0.001648360280208267,0.01,1,1,3,1,7,1,1,0.2433903935772662,-0.04267983204908075,1,1,0.0288377243574955,0.007843861025242134,1,1,,-0.20993863332257565,,,1,0.0230701794859964,-1,1,1,1,1,100,1,1,1,4,7,5,8,8,0.0005998246666357805,0.0005075439486918788,0.0006228948461218609,0.0007151755640657625,NEUTRAL,0.000692105384579892,0.00029991233331799516,0.0011073686153276593,0.00029991233331799516,0.0011073686153276593,0.00029991233331799516,0.0016841231024775692,0.00029991233331799516
2026-08-08T08:15:00+00:00,PAXGUSD,15m,330,0.011532163203173651,0.006919297921908387,0.006919297921908387,0.025370759046990425,0.7272727272726521,1,0,0.04172692074937689,0.47123314699547336,0.09277357109008243,0.45102296316872525,0.36829735575788564,0.9569902099792671,1.0496861803095314,1.3709196617182897,0.0005104665034070553,0.002755237846678032,0.006813888245516458,1,55.34457433027247,5.344574330272472,0.360375988454507,-0.020721642759952724,0.3810976312144597,0.09132970988398637,10.424884609120017,2.606046324932248,0.06010670306829919,0.8100395455848995,0.0017700021620798267,0.01,1,1,5,1,9,1,1,0.021911110086025743,-0.017298244804760478,1,1,0.054201167054903576,0.03321263002513088,1,1,,,,,1,0.03229005696887784,-1,1,1,1,1,100,1,1,1,4,8,5,8,8,0.0008072514242221556,-0.0002537075904696945,0.0003459648960952096,0.0004612865281269461,NEUTRAL,0.0008141707221440011,0.00011532163203173652,0.0008533800770348083,0.0003920935489078622,0.0008533800770348083,0.0003920935489078622,0.0014299882371934909,0.0003920935489078622
2026-08-08T08:45:00+00:00,PAXGUSD,15m,332,0.04611057315442431,0.0023055286577296033,0.0023055286577086343,0.05072163046986255,0.9545454545452854,1,0,0.07000257482894619,0.6632996962925972,0.1234370232298129,0.5326052036016335,0.39222441647937467,0.9785178951087801,1.067346984479778,1.373535049223392,0.0005343444840086672,0.0026878739324956175,0.006751225680004034,1,59.28486928770728,9.28486928770728,0.6517347518329188,0.18773777931357422,0.46399697251934463,0.11687529511450073,11.377102601595778,2.5036828005793232,0.05772312446579341,1.0003763926131148,0.0018576619140939885,0.01,1,1,0,1,11,1,1,0.06109650942960383,0.021902522248347357,1,1,0.09337391063769246,-0.036888458523547836,1,1,,,,,1,0.0714713883893451,-1,1,1,1,1,100,1,1,1,4,8,5,8,8,9.222114630897444e-05,-4.611057315438238e-05,0.0001844422926177392,0.0002766634389267136,NEUTRAL,0.0004611057315442431,0.0004611057315442431,0.0004611057315442431,0.0007838797436251295,0.0004611057315442431,0.0007838797436251295,0.001037487895974547,0.0007838797436251295
2026-08-08T09:15:00+00:00,PAXGUSD,15m,334,0.006917542888770104,0.002305847629576054,0.00922339051836713,0.018446781036713288,0.5000000000005684,0,1,0.04519154413297696,0.7960344452649224,0.10084250784816065,0.5991484405412848,0.36342510009591067,0.9950057729602122,1.0327046757811658,1.3740491939388448,0.0005565096371518368,0.0026258259224775002,0.006692795756852551,1,57.23056350371295,7.2305635037129505,0.8627407225585557,0.41958110793402426,0.44315961462453146,0.07331889884976839,12.61983179953726,2.361848945397539,0.05446063792191337,0.8326588054973716,0.0020795220949624783,0.01,1,1,2,1,13,1,1,0.047269876406571244,0.008070466703568617,1,1,0.07955174322080377,-0.05072864785094581,1,1,,,,,1,0.05764619073971591,-1,1,1,1,1,100,1,1,1,4,9,5,8,8,-0.0005534034311013987,-0.00016140933407116263,0.0001844678103671329,0.0002997601918465647,NEUTRAL,0.0005995203836929198,0.0006456373362848602,0.0005995203836929198,0.0006456373362848602,0.0005995203836929198,0.0006456373362848602,0.0011759822910900788,0.0006456373362848602
2026-08-08T09:45:00+00:00,PAXGUSD,15m,336,0.03020033658391314,0.00899093989901141,0.0,0.039191276482924545,0.0,0,1,0.05099058190450531,0.8543501921558345,0.11091905241349237,0.6405057307720199,0.3683656240645172,1.0008285051244457,1.0320423722601695,1.3695483312085344,0.0005992847050898708,0.0025744657165102484,0.006636767481956523,1,57.74790136336999,7.747901363369991,1.1519179601555152,0.6747552188499157,0.47716274130559944,-0.007050958551668707,15.47713960786319,2.3522575090417015,0.05422822023288152,0.8328916585156781,0.0021795820315179707,0.01,1,1,4,1,15,1,0,0.005763423012195404,,1,1,0.10028356041218743,-0.029969799663420293,1,1,,,,,1,0.07838255296584909,-1,1,1,1,1,100,1,1,1,4,9,5,8,8,-0.0006685570694145829,-0.000530234917122019,0.00013832215229277355,0.00013832215229277355,NEUTRAL,0.00018442953639029484,0.0008529866058048777,0.00025359061253668163,0.0008529866058048777,0.0005993959932684059,0.0008529866058048777,0.0009682550660487858,0.0008529866058048777
2026-08-08T10:15:00+00:00,PAXGUSD,15m,338,0.023058476295886365,0.004611695259173079,0.0023058476295970253,0.02997601918465647,0.076923076923346,0,1,0.02277437433252181,0.5569624021954951,0.08238566722198562,0.5348151709285958,0.3336083356953176,0.9334692852389708,0.9912474800908421,1.3283998778297246,0.0005961129288946381,0.0025122266847333197,0.006576391443955244,1,54.558232329331744,4.558232329331744,1.1233650599042448,0.8466330273037003,0.2767320326005446,-0.26680166975742103,17.02965928931065,2.1874057093267862,0.0504382426979982,0.6899792348758871,0.001900183590780936,0.01,1,1,6,1,17,1,0,0.047269876406571244,,1,1,0.07955174322080377,-0.05072864785094581,1,1,0.05995203836929198,,,,1,0.018446781036713288,-1,1,1,1,1,100,1,1,1,4,10,5,8,8,4.611695259173079e-05,0.00011529238147943183,0.0003458771444382955,0.0004611695259177273,NEUTRAL,0.0004611695259177273,0.0006456373362848602,0.0004611695259177273,0.0006456373362848602,0.0008070466703560228,0.0006456373362848602,0.0011759822910900788,0.0006456373362848602
2026-08-08T10:45:00+00:00,PAXGUSD,15m,340,0.004614035897216065,0.004614035897195084,0.0069210538457821335,0.01614912564019328,0.7142857142858999,1,0,-0.022497236399392436,-0.13318950749999203,0.029411478924937024,0.24386436962686275,0.27201495610305093,0.7694473546353038,0.9224085142197866,1.2377456885214997,0.0005190871532432947,0.002426034771781139,0.006503935581167357,1,47.932343347215514,-2.0676566527844855,0.6745054608709324,0.8156727398066079,-0.1411672789356755,-0.5519464801502687,15.006933035637486,2.1217936983480956,0.048950161453146665,0.3849500997200254,0.0017041134224850092,0.01,1,1,8,1,19,1,1,0.2433903935772662,-0.026530706408887467,1,1,0.0288377243574955,-0.10150878973837577,1,1,0.11073686153276593,,,,-1,-0.03229825128038656,-1,1,1,1,1,100,1,1,1,4,10,5,8,8,0.00020763161537388366,0.0005998246666357805,0.0014072809486456546,0.0009689475384118068,NEUTRAL,0.0009689475384118068,9.228071794411149e-05,0.0009689475384118068,9.228071794411149e-05,0.0016841231024775692,9.228071794411149e-05,0.0016841231024775692,9.228071794411149e-05
2026-08-08T11:15:00+00:00,PAXGUSD,15m,342,0.05533523932490169,0.01613944480309458,0.004611269943738313,0.07608595407173459,0.7878787878787963,1,0,0.03543490965372788,-0.014697079835059412,0.08455557504945194,0.2595610732305431,0.3198620247442644,0.7559017275543738,0.962906048610863,1.2213946934762134,0.0004912066539572407,0.0023530644969481243,0.006430440238665986,1,55.7482219038876,5.748221903887597,0.6038750403586164,0.7277571090477567,-0.12388206868914031,-0.14120819763644565,14.56843575281717,2.0917506888817603,0.048228135407215725,0.714905258309049,0.0015937444476022246,0.02,1,1,10,1,21,1,0,0.30319099880106143,,1,1,0.08876694641703067,-0.04150142949368676,1,1,0.050723969381163386,-0.07378031909987591,,,1,0.011528174859356267,-1,1,1,1,1,100,1,1,1,4,11,5,8,8,-6.916904915617955e-05,0.00023056349718712535,-4.611269943738313e-05,0.0004150142949368676,NEUTRAL,0.00036890159549948445,0.000691690491561376,0.00036890159549948445,0.000691690491561376,0.0010836484367794472,0.000691690491561376,0.0010836484367794472,0.000691690491561376
2026-08-08T11:45:00+00:00,PAXGUSD,15m,344,0.029980858375020694,0.0,0.01614353912503696,0.04612439750005765,0.3500000000003638,0,1,0.006459231729781992,0.31858130199361767,0.053873809721304934,0.3810096642928329,0.2826210608262288,0.7985876709899458,0.9190079528138335,1.233787561108329,0.00047414577991522944,0.0022874725110492385,0.006363868919876048,1,51.950657051411284,1.9506570514112838,0.5859825739598818,0.685069236816252,-0.09908666285637013,0.1286937914898948,15.117194488621422,2.0658462572501013,0.047642956971705015,0.49909564418899444,0.001275060760192887,0.02,1,1,12,1,23,1,0,0.004612439750022545,,1,1,0.06342104656257927,-0.0668803763750752,1,1,0.07610525587507835,-0.04843061737506892,,,-1,-0.01383731925000471,-1,1,1,1,1,100,1,1,1,4,11,5,8,8,0.0003689951800003354,0.0003459329812504324,0.00016143539125015982,0.0006457415650006393,NEUTRAL,0.00041511957750035107,0.00043818177625067355,0.0007149281612507677,0.00043818177625067355,0.001337607527501504,0.00043818177625067355,0.001337607527501504,0.00043818177625067355
2026-08-08T12:15:00+00:00,PAXGUSD,15m,346,0.004613184481264188,0.0023065922406111158,0.013839553443729629,0.020759330165604935,0.6666666666663298,0,1,-0.008127550906415865,-0.03807743759716686,0.03474777413176856,0.2249151110991079,0.25602501531952204,0.7025936440904843,0.8851065213627644,1.1766892207479032,0.0004287532503818443,0.0022127724118775347,0.006290815060432423,1,49.57986675734322,-0.42013324265678165,0.40221180277694657,0.5973745307964996,-0.19516272801955303,-0.12349790194990373,13.38679762164483,1.9782041707921532,0.04562910390718627,0.3610348404360215,0.0012446608682141742,0.01,1,1,14,1,25,1,1,0.2617982193107777,-0.027679106887501217,1,1,0.04728514093276912,-0.08303732066246168,1,1,0.09226368962494812,-0.03229229136872345,,,-1,-0.02306592240623703,-1,1,1,1,1,100,1,1,1,4,12,5,8,8,0.00046131844812474055,0.0006689117497809997,0.0004843843705310615,0.0007842413618121848,NEUTRAL,0.0006919776721871109,0.0,0.0011302301979057403,0.0,0.0014992849564054067,0.0,0.0014992849564054067,0.0
2026-08-08T12:45:00+00:00,PAXGUSD,15m,348,0.0092223272542952,0.013833490881411345,0.0,0.023055818135706545,0.4000000000005457,1,0,0.030003794801505574,0.20919284586761933,0.07284697554160349,0.30835108871542616,0.2881453886721977,0.7262151069235188,0.9102295214449087,1.1791804616441368,0.0004284318074009792,0.0021529841313059424,0.006220841327727109,1,55.941735987028515,5.941735987028515,0.5108123345071363,0.5561743531516454,-0.04536201864450917,0.1102540774149473,13.648071799628026,1.8965127799177357,0.04372565374582657,0.6784766527064515,0.0011241014295184564,0.01,1,1,16,1,27,1,0,0.02305581813572751,,1,1,0.09107048163603666,-0.03919489083069693,1,1,0.04841721808497116,-0.07608419984783579,,,1,0.01844465450856943,-1,1,1,1,1,100,1,1,1,4,12,5,8,8,0.000299725635764227,0.00023055818135706544,9.22232725427423e-05,0.00041500472644275975,NEUTRAL,0.0004380605445783405,0.00016139072694990386,0.0006916745440711964,0.0002766698176284366,0.0010605676342423753,0.00043806054457855016,0.0010605676342423753,0.00043806054457855016
2026-08-08T13:15:00+00:00,PAXGUSD,15m,350,0.009222539887497596,0.01844507977495325,0.0023056349718586716,0.02997325463430952,0.07692307692270021,0,1,0.02168075915122559,0.39800139990529715,0.06468436380472824,0.3830645767029637,0.2744140732409293,0.7483221510583462,0.8898526448302915,1.1814738610819404,0.0004300360465350265,0.0020972970943620105,0.006154385715893621,1,55.05731353998201,5.057313539982012,0.5984361365726727,0.5694071672676173,0.029028969305055385,0.14846766123996336,14.083301869829468,1.8077074479902286,0.04167913510998406,0.6186892265946174,0.0011171324717988492,0.01,1,1,18,1,29,1,0,0.020750714746853863,,1,1,0.08876694641703067,-0.04150142949368676,1,1,0.050723969381163386,-0.07378031909987591,,,1,0.01613944480309458,-1,1,1,1,1,100,1,1,1,4,13,5,8,8,0.00011528174859356268,0.0008069722401549387,0.00011528174859356268,0.001337268283685369,NEUTRAL,0.0004611269943742507,6.916904915617955e-05,0.0010836484367794472,0.0002536198469057121,0.0010836484367794472,0.0004150142949368676,0.0016370008300286738,0.0004150142949368676
2026-08-08T13:45:00+00:00,PAXGUSD,15m,352,0.01613572449402559,0.0023051034991554975,0.004610206998290031,0.02305103499147112,0.8999999999996362,1,0,0.03820209750893733,0.38203742713267275,0.08167016291647872,0.3769850244771078,0.2860981124095204,0.730821037401256,0.8948074331664745,1.1640391666715004,0.000434680654075414,0.0020442794949304165,0.0060870932075695414,1,58.65868601805997,8.658686018059967,0.6888149227625036,0.6009472951913931,0.08786762757111044,0.06396534041227886,14.70833090002649,1.689808973012019,0.03895184576580192,0.7930220672466698,0.001133174454616021,0.01,1,1,20,1,31,1,0,0.0437969664838077,,1,1,0.11179751970862234,-0.01844082799318109,1,1,0.02766124198976115,-0.09681434696417451,,,1,0.0437969664838077,-1,1,1,1,1,100,1,1,1,4,13,5,8,8,4.610206998290031e-05,-0.0002766124198976115,9.220413996601026e-05,0.001014245539624855,NEUTRAL,0.0004840717348209773,0.0004840717348207677,0.0008528882946843894,0.0004840717348207677,0.0008528882946843894,0.0006454289797612333,0.001406113134479822,0.0006454289797612333
2026-08-08T14:15:00+00:00,PAXGUSD,15m,354,0.02535964588711394,0.0,0.01152711176687569,0.036886757653989626,0.3125000000001066,0,1,0.017966574893182916,0.45241612515928864,0.06176315150254191,0.4085894055242534,0.26118008699094925,0.7332984008990024,0.8634244942417278,1.1567712442601987,0.0004379657660935899,0.001994169354884073,0.006022444072507787,1,55.043429024734706,5.0434290247347064,0.7431548356780695,0.656265262060099,0.08688957361797045,0.048596689493977996,15.637192840331172,1.6509067165256184,0.03806037247615313,0.6402974753757699,0.0011997661369171162,0.01,1,1,1,1,33,1,0,0.029970490593901958,,1,1,0.027665068240518433,-0.032275912947243544,1,1,0.041497602360735714,-0.08299520472151337,-1,1,1,0.029970490593901958,-1,1,1,1,1,100,1,1,1,4,14,5,8,8,0.0007838436001474631,-0.00018443378827005298,0.0001152711176687569,0.001383253412025083,NEUTRAL,0.0007838436001474631,0.00034581335300627074,0.0009913316119511417,0.00034581335300627074,0.0009913316119511417,0.0005071929177426981,0.0015446329767613005,0.0005071929177426981
2026-08-08T14:45:00+00:00,PAXGUSD,15m,356,0.011525251826752413,0.04610100730700965,0.0023050503653588685,0.05993130949912094,0.2307692307693384,1,0,0.029104990396230296,0.29868984395125153,0.07242051142320986,0.3465679210548842,0.26666934475959175,0.6888988949331178,0.8621429389677443,1.1259547546824251,0.0004331552102697956,0.0019424883333638188,0.005954735942081526,1,57.8697706848261,7.869770684826101,0.7458985388511792,0.6847850939963495,0.061113444854829724,-0.07326884900202357,16.971245597033093,1.642363444351197,0.037857304574400036,0.7990096939466561,0.0011374566498744865,0.02,1,1,3,1,35,1,0,0.046101007307030616,,1,0,0.04379595694167175,,1,0,0.025355554018842735,-0.09911716571007495,-1,0,1,0.0034575755480383027,-1,1,1,1,1,100,1,1,1,4,14,5,8,8,-0.0003227070511491934,-0.00018440402922808056,0.0,0.0006223635986445885,NEUTRAL,0.000829818131526048,0.0005071110803770642,0.000829818131526048,0.000530161584030653,0.000829818131526048,0.0006684646059517658,0.0013830302192102896,0.0006684646059517658
2026-08-08T15:15:00+00:00,PAXGUSD,15m,358,0.002305050365337904,0.0023050503653588685,0.0069151510960556405,0.011525251826752413,0.6000000000003638,0,1,0.023626552424396968,0.37058284278009523,0.06676499538306582,0.37359076449502027,0.2561680078439726,0.6892949778693946,0.8450485165222624,1.1175103150953873,0.0004313844295866886,0.0018940301246090677,0.005888805086782898,1,57.67639324842587,7.6763932484258675,0.7610182785174402,0.7126627753965542,0.04835550312088599,-0.0046103797692857995,17.011996695935597,1.683976643343634,0.038816509769809236,0.7630649052179875,0.0012008126124528956,0.05,1,1,5,1,37,1,0,0.046101007307030616,,1,0,0.04379595694167175,,1,0,0.04840605767234756,-0.09911716571007495,-1,2,-1,-0.00922020146141451,-1,1,1,1,1,100,1,1,1,4,15,5,8,8,-0.00018440402922808056,-0.00013830302192111281,0.00011525251826752414,6.915151096055641e-05,NEUTRAL,0.000829818131526048,0.00039185856210954015,0.000829818131526048,0.0006684646059517658,0.000829818131526048,0.0006684646059517658,0.0013830302192102896,0.0006684646059517658
2026-08-08T15:45:00+00:00,PAXGUSD,15m,360,0.006911327666048839,0.020733982998125563,0.006911327666048839,0.03455663833022324,0.20000000000012128,0,1,0.06399490574560023,0.7550576105304572,0.11237585283513601,0.5367902443495041,0.29897553166825647,0.7602176333784882,0.8819850155292248,1.144865869361638,0.00048380947089535806,0.0018659967883312048,0.0058300948386096835,1,65.62914149671735,15.629141496717352,1.090960625298976,0.8287933318145237,0.26216729348445234,0.19901207100451979,19.394987428360828,1.7382247588013868,0.04004480288435937,1.0237497613424429,0.001379963854935165,0.07,1,1,0,1,39,1,0,0.028797198608519363,,1,0,0.06450572488308758,,1,0,-0.006911327666048839,-0.1543529845416596,,,1,0.05759439721701778,-1,1,1,1,1,100,1,1,1,4,15,5,8,8,-0.0009675858732462087,-0.0006911327666044647,-0.0004377174188494105,-0.00016126431220766653,NEUTRAL,2.3037758886899302e-05,0.0010827746676802862,2.3037758886899302e-05,0.0012210012210012629,2.3037758886899302e-05,0.0012210012210012629,0.0008293593199254415,0.0012210012210012629
2026-08-08T16:15:00+00:00,PAXGUSD,15m,362,0.0023057412958349967,0.04611482591653217,0.0,0.04842056721236716,0.04761904761921261,1,0,-0.017207025692787613,0.1164984068063859,0.0251577974016565,0.2859028745424439,0.20557479576698137,0.6240263723893804,0.7816575410133588,1.068603086373514,0.00042364823094444114,0.0018041699836532487,0.005760827452463774,1,48.420465472571806,-1.5795345274281942,0.7013356590559852,0.8104718386510832,-0.10913617959509803,-0.3114911117825234,17.46902712941267,1.927346858354271,0.04443963242689119,0.3796421744457932,0.001264195077652838,0.15,1,1,2,1,41,1,1,0.016140189070803033,-0.06225501498731423,1,0,0.013834447774968037,,1,0,0.07839520405809629,-0.06917223887479824,-1,1,-1,-0.04611482591653217,-1,1,1,1,1,100,1,1,1,4,16,5,8,8,0.00013834447774968038,0.0003689186073323412,0.0004611482591653217,0.001106755821996814,NEUTRAL,0.00041503343324883143,0.0003689186073323412,0.0005303204980401619,0.0003689186073323412,0.0005303204980401619,0.0003689186073323412,0.001683191145953466,0.0003689186073323412
2026-08-08T16:45:00+00:00,PAXGUSD,15m,364,0.027670171555059443,0.004611695259173079,0.0,0.03228186681423253,0.0,0,1,-0.01925215464733302,-0.1898958620022313,0.018359156252478276,0.13942822059834725,0.19277878261711867,0.5354653931763096,0.7615355057980525,1.0149241559247457,0.00037611310899811297,0.001744196263646404,0.005687567231809339,1,47.630751298518,-2.3692487014820003,0.45484370134363417,0.7053922463718395,-0.25054854502820534,-0.28639875196954134,15.849060251524204,1.821538872764602,0.04200191091967815,0.3271507075673991,0.0012270399604094927,0.12,1,1,4,1,43,1,1,0.011529238147964155,-0.06686958125806207,1,0,0.00922339051836713,,1,0,0.08301051466517834,-0.06456373362848603,-1,3,-1,-0.05072864785094581,-1,1,1,1,1,100,1,1,1,4,16,5,8,8,0.0003458771444382955,0.0002997601918465647,0.00048422800221348787,0.001314333148865481,NEUTRAL,0.0005072864785094581,0.00032281866814253495,0.0005764619073971592,0.00032281866814253495,0.000691754288876591,0.00032281866814253495,0.0017293857221914776,0.00032281866814253495
2026-08-08T17:15:00+00:00,PAXGUSD,15m,366,0.02536023054755882,0.00461095100864134,0.006916426512951526,0.03688760806915169,0.875000000000071,1,0,-0.00055983881701773,-0.1985315332940445,0.032710770137803644,0.10986818825676892,0.20114268466469767,0.5047638779060435,0.7623813860649933,0.989901524684683,0.00033270608954821373,0.0016843191452689404,0.005612387014002956,1,50.8518831229632,0.8518831229632013,0.2787222895121886,0.557334027153008,-0.27861173764081937,-0.10884191355204986,13.923179096172001,1.8706125994755738,0.0431265152616847,0.4180237293155252,0.0010545473319524066,0.15,1,1,6,1,45,1,1,0.02766570605188997,-0.050720461095096675,1,0,0.02536023054755882,,1,0,0.06685878962535184,-0.08069164265129683,-1,5,-1,-0.034582132564841495,-1,1,1,1,1,100,1,1,1,4,17,5,8,8,0.00041498559077813993,0.00018443804034586327,0.0002997118155620016,0.0011066282420749698,NEUTRAL,0.00041498559077813993,0.00048414985590786484,0.00041498559077813993,0.00048414985590786484,0.0005302593659942782,0.00048414985590786484,0.0015677233429395232,0.00048414985590786484
2026-08-08T17:45:00+00:00,PAXGUSD,15m,368,0.002305369204865581,0.0023053692048865485,0.0,0.004610738409752129,0.49999999999772626,1,0,0.003514712247502488,0.020703211974250735,0.03453719607736976,0.17862111495742283,0.19772128875439118,0.5242614221497206,0.7517927929314959,0.9901212910326649,0.0003102248382986727,0.0016318409267702145,0.0055407150417710474,1,51.74109794937015,1.7410979493701504,0.24393228424378322,0.44650116320042127,-0.20256887895663805,0.11105226027786902,12.50991356384135,1.7863955577111046,0.04118301306478329,0.44849001817063633,0.001029328267793448,0.11,1,1,8,1,47,1,1,0.3146828964658606,-0.04610738409756323,1,0,0.10028356041218743,,1,0,0.02535906125366816,-0.08529866058048778,,,1,0.005763423012174436,-1,1,1,1,1,100,1,1,1,4,17,5,8,8,0.00018442953639029484,0.00025359061253668163,0.0003227516886830684,0.000414966456878111,NEUTRAL,0.0003688590727805897,9.221476819504258e-05,0.0003688590727805897,9.221476819504258e-05,0.00048412753302449774,9.221476819504258e-05,0.0015215436752196703,9.221476819504258e-05
2026-08-08T18:15:00+00:00,PAXGUSD,15m,370,0.009221476819525225,0.0,0.002305369204865581,0.011526846024390807,0.1999999999989086,0,1,0.001685231162440017,0.09540557714899478,0.03136034244109245,0.19895013341556478,0.18969979143873292,0.5212122535522212,0.7367699109234637,0.9793914320480326,0.00029675111278652425,0.0015833944899764048,0.005470701194847307,1,51.33933271542466,1.3393327154246606,0.25589725115787587,0.38162220453792406,-0.1257249533800482,0.1150376234736607,11.673563157399272,1.7030655574141416,0.03926194889951222,0.4355796887813072,0.0010198445877175413,0.07,1,1,10,1,49,1,1,0.3146828964658606,-0.04610738409756323,1,0,0.10028356041218743,,1,0,0.02535906125366816,,-1,1,1,0.013832215229256388,-1,1,1,1,1,100,1,1,0,3,18,5,8,8,0.00029969799663420293,0.00025359061253668163,0.0012218456785854674,0.0005532886091708845,NEUTRAL,0.0003688590727805897,9.221476819504258e-05,0.0003688590727805897,9.221476819504258e-05,0.0015215436752196703,9.221476819504258e-05,0.0015215436752196703,9.221476819504258e-05
2026-08-08T18:45:00+00:00,PAXGUSD,15m,372,0.016134236850592773,0.0,0.0023048909786650943,0.018439127829257867,0.12500000000042633,0,1,0.016969913920449,0.2445383522690463,0.04748396643342729,0.2557013726755031,0.2018409491861386,0.5377709339336434,0.742205273604864,0.9787450830563102,0.0003051405251297829,0.001543569827527113,0.005403643244187253,1,54.612374827576446,4.612374827576446,0.38571284961108177,0.37935041536843844,0.006362434242643322,0.1401533155125841,12.26122095533872,1.6317248938928428,0.037609479875831894,0.609801307644745,0.0010496945277061543,0.02,1,1,1,1,51,1,1,0.006914672935974321,-0.025353800765211227,1,0,0.017286682339925318,,1,0,0.004609781957309226,,-1,3,1,0.034573364679850636,-1,1,1,1,1,100,1,1,1,4,18,5,8,8,-2.3048909786650943e-05,9.219563914618453e-05,0.0009219563914626837,0.0005531738348775264,NEUTRAL,0.00013829345871927678,0.0002996358272254141,0.00013829345871927678,0.0002996358272254141,0.0013137878578342824,0.0002996358272254141,0.0013137878578342824,0.0002996358272254141
2026-08-08T19:15:00+00:00,PAXGUSD,15m,374,0.011525783176966873,0.0,0.0,0.011525783176966873,0.0,0,1,0.003663613322700385,0.15482617952147848,0.032850871598694584,0.21912302798773453,0.18269593824292377,0.5084494582388288,0.7162039641952082,0.9553051665579915,0.00029187258275994196,0.0014984506664422917,0.005335080259522844,1,51.939749322239265,1.9397493222392654,0.35997463391322526,0.37744726468183426,-0.017472630768609,-0.0020230398480229894,12.363039892812631,1.4957219748361879,0.03447873434997321,0.4955781637642096,0.0010426193486500375,0.01,1,1,3,1,53,1,1,0.32387450727277334,-0.036882506166281415,1,0,0.0057628915884834365,,1,0,0.01613609644774943,,-1,5,1,0.023051566353933746,-1,1,1,1,1,100,1,1,0,3,19,5,8,8,0.00013830939812347668,0.00018441253083130226,0.0012678361494663562,0.0009451142205111579,NEUTRAL,0.00020746409718531988,0.00018441253083151192,0.0003918766280168318,0.00018441253083151192,0.0014291971139438503,0.00018441253083151192,0.0014291971139438503,0.00018441253083151192
2026-08-08T19:45:00+00:00,PAXGUSD,15m,376,0.013830302192090319,0.0023050503653588685,0.0,0.016135352557449186,0.0,0,1,0.005382327447943867,0.14215929888268874,0.033971124105326156,0.20950188012193394,0.17964014700296624,0.49231576710099034,0.7063495552069669,0.938339147568513,0.0002858879665738229,0.0014566902289764006,0.005267094082040007,1,52.31225744209966,2.312257442099657,0.3759757545640241,0.38121426569267924,-0.005238511128655143,-0.015098539150847023,10.986130891224391,1.4524337436087287,0.03347932931352669,0.5251740600640193,0.0010530197286793103,0.01,1,1,5,1,55,1,1,0.3284696770624438,-0.03227070511489837,1,0,0.11409999308484471,,1,0,0.011525251826752413,,-1,7,1,0.0276606043842016,-1,1,1,1,1,100,1,1,0,3,19,5,8,8,0.00016135352557449187,0.00011525251826752414,0.0006223635986445885,0.0008943595417560125,NEUTRAL,0.00018440402922808056,0.00011525251826752414,0.0003457575548025724,0.00011525251826752414,0.0013830302192102896,0.00011525251826752414,0.0013830302192102896,0.00011525251826752414
2026-08-08T20:15:00+00:00,PAXGUSD,15m,378,0.0,0.0,0.0023047847331143126,0.0023047847331143126,1.0,0,0,0.01443464444303013,0.131790265071686,0.042253678184996674,0.20062053601395746,0.18378249215138745,0.476814707711128,0.7036468419280109,0.9217090810325317,0.00027819033741966544,0.0014152881396639078,0.005198643497766235,1,54.80357161426305,4.803571614263049,0.37901804953253304,0.3784376320118116,0.0005804175207214657,-0.019726097651313446,9.83665525490366,1.333476034029964,0.030733752051949018,0.6270886553032988,0.0010610552776712222,0.01,1,1,7,1,57,1,1,0.33995574813312435,-0.020743062597944964,1,0,0.12561076795426887,,1,0,0.0,,-1,9,1,0.01728588549829446,-1,1,1,1,1,100,1,1,1,4,20,5,8,8,0.00023047847331059278,6.914354199321975e-05,-4.609569466207663e-05,0.0009219138932423711,NEUTRAL,0.00023047847331059278,2.3047847331143124e-05,0.00023047847331059278,9.219138932436288e-05,0.0012676316032082602,9.219138932436288e-05,0.0012676316032082602,0.0001382870839864395
2026-08-08T20:45:00+00:00,PAXGUSD,15m,380,0.0023047847330933506,0.0,0.0,0.0023047847330933506,0.0,0,1,0.012014713069830044,0.17092128274543938,0.03909148413150687,0.21202995269868552,0.17662077766423245,0.47182246351167123,0.6897362909708797,0.9103834389734402,0.0002707677106167683,0.001375292935327256,0.005131155133066473,1,54.73422953827782,4.734229538277823,0.3781188316179396,0.37805527808293954,6.355353500003824e-05,0.011750505779192344,8.66746483568678,1.1707012742401333,0.02698214423896315,0.7539586174693158,0.0007216292466678255,0.01,1,1,9,1,59,1,1,0.33995574813312435,-0.020743062597944964,1,0,0.12561076795426887,,1,0,0.0,,-1,11,1,0.01728588549829446,-1,1,1,1,1,100,1,1,1,4,20,5,8,8,2.3047847330933508e-05,0.0009680095879044477,0.00027657416797266944,0.0007836268092559316,NEUTRAL,0.00023047847331059278,9.219138932436288e-05,0.0012676316032082602,9.219138932436288e-05,0.0012676316032082602,0.0001382870839864395,0.0012676316032082602,0.0001382870839864395
2026-08-08T21:15:00+00:00,PAXGUSD,15m,382,0.0,0.002304678497358004,0.0,0.002304678497358004,0.0,0,0,0.013607912406199248,0.1857201430184432,0.040338867075590194,0.21502649612830282,0.1741159454020144,0.4631440020457376,0.6805654066467682,0.8973118132425952,0.0002673095466939095,0.0013377707832642417,0.005064494612447539,1,55.8914690692856,5.891469069285598,0.3967682536012944,0.38388094784690113,0.012887305754393286,0.014480275004881527,7.767844711341952,1.0364720170744388,0.02388734770856047,0.7644167234134771,0.0006886960639859067,0.01,1,1,11,1,61,1,1,0.001152339248679002,-0.016132749481443148,1,0,0.13021433510024513,,1,0,-0.004609356994695048,,-1,13,1,0.021894445724817194,-1,1,1,1,1,100,1,1,1,4,21,5,8,8,2.304678497358004e-05,0.0008296842590459469,0.0006453099792579354,0.0010140585388337489,NEUTRAL,0.0001843742797880115,0.00013828070984106102,0.0012214796035953403,0.00013828070984106102,0.0012214796035953403,0.0001843742797880115,0.0017515556579857949,0.0001843742797880115
2026-08-08T21:45:00+00:00,PAXGUSD,15m,384,0.0,0.0,0.011523658070017748,0.011523658070017748,1.0,0,0,0.007465631004355729,0.22867340505672473,0.034328880498146766,0.2322486033081077,0.16467542447645586,0.462412936383771,0.6646411374267133,0.888399918720097,0.0002686324949379104,0.001303465439783091,0.004999657129502574,1,53.67353127444269,3.673531274442688,0.4334343148793778,0.40605471185206415,0.027379603027313626,0.01696422972586087,7.57637401122012,1.0467539330897457,0.02412486881674493,0.6606276816194784,0.0006744424110241955,0.03,1,1,13,1,63,1,1,0.3422526446795145,-0.001152365807005967,1,0,0.12791260457718023,,1,0,-0.0023047316139909726,,-1,15,1,0.01959021871901759,-1,1,1,1,1,100,1,1,1,4,21,5,8,8,0.0009864251307936701,0.001083223858581836,0.0008297033810413617,0.002470672290211864,NEUTRAL,0.0012445550715620426,2.3047316139909727e-05,0.0012445550715620426,2.3047316139909727e-05,0.0012445550715620426,0.00016133121298020654,0.0029500564659245853,0.00016133121298020654
2026-08-08T22:15:00+00:00,PAXGUSD,15m,386,0.0023047847330933506,0.0,0.0,0.0023047847330933506,0.0,0,1,0.004026180952742739,0.08333582590785227,0.029475541989841324,0.17140672685218306,0.1559626989119401,0.4225379070185227,0.6492134162148154,0.859872903671203,0.00025449361037098585,0.0012648715692209877,0.004932507173028753,1,52.89759775144746,2.8975977514474565,0.37415205892557424,0.39986859374338546,-0.02571653481781122,-0.08703198781114929,6.6442157032128355,0.9097010953681602,0.020966651962942756,0.5859916507355496,0.0004958659976697711,0.01,1,1,15,1,65,1,1,0.33995574813312435,-0.004609569466207664,1,0,0.12561076795426887,,1,0,0.0,,-1,17,-1,-0.006914354199321975,-1,1,1,1,1,100,1,1,1,4,22,5,8,8,0.000898866045911228,0.0005070526412832622,0.0008066746565870747,0.0012445837558771173,NEUTRAL,0.0012676316032082602,0.0,0.0012676316032082602,0.0,0.0012676316032082602,0.0001382870839864395,0.002973172305706563,0.0001382870839864395
2026-08-08T22:45:00+00:00,PAXGUSD,15m,388,0.0,0.0,0.002304625383152354,0.002304625383152354,1.0,0,0,0.008955238376555031,0.10449939490445104,0.03358942712363422,0.17360536377236713,0.15647952429455447,0.41381178577466926,0.6430909972994271,0.846806436926272,0.00024634188747079186,0.0012289009717092025,0.004866114730048726,1,54.99938490936678,4.999384909366782,0.3587610500489973,0.38652777425546947,-0.027766724206472193,-0.0287387865895683,6.110862845514348,0.8114259444756456,0.018700328281801425,0.6908306334034814,0.00041064373141313663,0.01,1,1,17,1,67,1,1,0.003456938074728531,-0.013827752298851243,1,0,0.13251595953077827,,1,0,-0.006913876149436102,,-1,19,0,0.0,-1,1,1,1,1,100,1,1,1,4,22,5,8,8,0.0007835726302688659,-0.00011523126915719849,9.218501532567495e-05,0.0016593302758636163,NEUTRAL,0.0011984051992348223,2.3046253831523538e-05,0.0011984051992348223,0.00016132377682024555,0.0011984051992348223,0.00020741628448308304,0.0029038279827612763,0.00020741628448308304
2026-08-08T23:15:00+00:00,PAXGUSD,15m,390,0.013815335021882655,0.0,0.004605111673953905,0.018420446695836562,1.0,1,0,0.08047647796524017,0.8343861259872938,0.11371728099055262,0.4782262508333588,0.2364066865308454,0.5598283807848929,0.7177714596574896,0.9119928147520113,0.0003324080302531244,0.0012268940554029275,0.004813647731266442,1,72.17176750509756,22.171767505097563,0.8971768079718458,0.5344937411979571,0.36268306677388873,0.38827962051908066,12.398444108625844,1.1211784929407813,0.025815760832161666,1.2054437195795351,0.0012188388925788046,0.09,1,1,0,1,69,1,0,0.054110062169015975,,1,0,0.09555606723462207,,1,0,-0.09670734515311578,,-1,21,1,0.08979967764217445,-1,1,1,1,1,100,1,1,1,4,23,5,8,8,-0.0005295878425052227,-0.000690766751093714,-0.0006677411927238398,0.000690766751093714,NEUTRAL,0.00023025558369790466,0.0005526134008748874,0.00023025558369790466,0.0011052268017499843,0.00023025558369790466,0.0011052268017499843,0.002003223578171729,0.0011052268017499843
2026-08-08T23:45:00+00:00,PAXGUSD,15m,392,0.0023027679270357457,0.0,0.0023027679270566895,0.004605535854092435,0.5000000000022737,0,1,0.058145084986194424,0.9379895498441329,0.09639326670413062,0.5543487997883858,0.2182630815978013,0.5962668326701532,0.69457195662572,0.9236273225169498,0.00038248181717936194,0.001218698148936707,0.004763088750279187,1,68.93526678595556,18.935266785955562,1.1296861631517459,0.7341980412629127,0.3954881218888332,0.16630732089277128,17.587602621862825,1.040710027076453,0.023965136717092363,0.9478311559367549,0.0015235983701204633,0.07,1,1,2,1,71,1,0,0.04490397457745884,,1,0,0.0863537972643117,,1,0,-0.08750518122784004,,-1,23,1,0.0287845990881039,-1,1,1,1,1,100,1,1,1,4,23,5,8,8,-0.0007368857366556274,-0.00018422143416390685,-0.0003684428683278137,0.0002533044719751886,NEUTRAL,0.00032238750978667987,0.0007368857366556274,0.00032238750978667987,0.001013217887901383,0.00032238750978667987,0.001013217887901383,0.002095518813613838,0.001013217887901383
2026-08-09T00:15:00+00:00,PAXGUSD,15m,394,0.020720139976069286,0.00920895110046128,0.0,0.029929091076530568,0.6923076923080153,1,0,0.06861441486305436,0.8104631008936849,0.11116704791002678,0.5281781885014425,0.23226748035124564,0.5810029631411453,0.7034776356114648,0.9093677284954538,0.0004255263304697242,0.0012110043244121886,0.004712101552602192,1,72.21319783213328,22.213197832133275,1.2939975458439221,0.9175111645051213,0.37648638133880086,-0.026842697032188223,21.200220906082855,1.0575509927343008,0.02434733844585829,0.9647009404483439,0.001728433576383102,0.1,1,1,4,1,73,1,0,0.06791601436598046,,1,0,0.10935629431807715,,1,0,-0.11050741320564005,,-1,25,1,0.05180034994014182,-1,1,1,1,1,100,1,1,1,4,0,6,9,8,-0.0011050741320564005,-0.0002532461552629993,-0.0003223132885165636,0.0,NEUTRAL,-9.208951100482219e-05,0.0012432083985635292,-9.208951100482219e-05,0.0012432083985635292,-9.208951100482219e-05,0.0012432083985635292,0.0018648125978449797,0.0012432083985635292
2026-08-09T00:45:00+00:00,PAXGUSD,15m,396,0.00691085003455844,0.0,0.0,0.00691085003455844,0.0,0,1,0.007767586303935479,0.3568643524313302,0.04765230103620521,0.3571533374060891,0.1658821644411333,0.49163905908608285,0.6313207660806726,0.857718160841614,0.00039884714732269725,0.0011822986340492808,0.004654386016395392,1,54.13880253648124,4.1388025364812435,1.0251556741650347,0.9741749918175581,0.05098068234747666,-0.3057854292825558,20.821095393938723,1.1537046825107242,0.026576933483315465,0.5916751819142083,0.0016737835599375842,0.15,1,1,6,1,75,1,1,0.008062658373655007,-0.0230361667818475,1,0,0.04952775858096375,,1,0,-0.050679566920060315,,-1,27,-1,-0.00460723335636531,-1,1,1,1,1,100,1,1,1,4,0,6,9,8,9.21446671273062e-05,0.0002994701681640594,0.00027182676802586754,0.000875374337710247,NEUTRAL,0.000230361667818475,0.0006450126698917719,0.0004146510020732969,0.0006450126698917719,0.0004146510020732969,0.0006450126698917719,0.0024648698456576404,0.0006450126698917719
2026-08-09T01:15:00+00:00,PAXGUSD,15m,398,0.018439127829236904,0.0023048909786650943,0.0046097819573301885,0.02535380076523219,0.18181818181878315,0,1,-0.04050932536701772,-0.26977770696703374,-0.007746100391689775,0.08909079704426404,0.10595959484084717,0.3492554081076378,0.5647583238913264,0.7784633273295185,0.0003276322497532795,0.0011370569523253694,0.004587987290504793,1,43.055243075453426,-6.944756924546574,0.5473450746476374,0.8606415708751927,-0.3132964962275553,-0.4889711231298255,18.60886764296397,1.1861025068588111,0.027338369678209816,0.2529853402413073,0.0016499791319077143,0.17,1,1,8,1,77,1,1,0.3353616373945554,-0.03803070114782732,1,0,0.12100677637947724,,1,0,0.004609781957309226,,-1,29,-1,-0.05992716544506187,-1,1,1,1,1,100,1,1,1,4,1,6,9,8,0.0007145162033834541,0.00020744018807902,0.000968054211035776,0.0016595215046327889,NEUTRAL,0.0009219563914626837,9.219563914639416e-05,0.000968054211035776,9.219563914639416e-05,0.0009795786659291014,9.219563914639416e-05,0.0030194071820401633,9.219563914639416e-05
2026-08-09T01:45:00+00:00,PAXGUSD,15m,400,0.027649769585249267,0.04608294930875576,0.0,0.07373271889400503,0.3749999999999645,1,0,-0.004361216659095832,-0.35326474425073684,0.02367123888293023,0.022878487502566713,0.13328971402081596,0.3047077085075216,0.5837956303680103,0.745372979817148,0.0002803245554202606,0.0010961847513788572,0.004505059163471943,1,50.22065130677962,0.2206513067796223,0.30586997946829797,0.6696772722045704,-0.36380729273627244,-0.22297010519435567,17.917960794909472,1.2977108349956625,0.029901171313264113,0.4380633099169262,0.00161439045040721,0.22,1,1,10,1,79,1,1,0.36751152073732296,-0.04608294930875576,1,0,0.15322580645160452,,1,0,-0.027649769585249267,,-1,31,-1,-0.027649769585249267,-1,1,1,1,1,100,1,1,1,4,1,6,9,8,0.000576036866359447,2.3041474654461706e-05,0.0005069124423962714,0.0014516129032258484,NEUTRAL,0.0006451612903226226,0.00013824884792635112,0.0006451612903226226,0.0003456221198156682,0.000760368663594512,0.0003456221198156682,0.00269585253456217,0.0003456221198156682
2026-08-09T02:15:00+00:00,PAXGUSD,15m,402,0.00921276889770477,0.01842553779538859,0.01151596112211525,0.039154267815208615,0.5294117647059767,1,0,0.03116209021405677,0.2378036900809093,0.060458772691092996,0.24426416619371594,0.1680002569488485,0.40645811017293454,0.609336201719816,0.7835658586145655,0.00029296682477036233,0.001075414842577555,0.004413359447709674,1,57.779492748822385,7.779492748822385,0.45006639824441663,0.5779990297151454,-0.12793263147072875,0.2721172704757596,18.09877183183011,1.40618944446077,0.03238724594547814,0.6613820681863707,0.0015788493006070538,0.25,1,1,12,1,81,1,1,0.0610345939472234,-0.004606384448841911,1,0,0.19461974296374357,,1,0,-0.06909576673269151,,-1,33,1,0.01612234557095716,-1,1,1,1,1,100,1,1,1,4,2,6,9,8,-9.212768897704769e-05,-0.0001842553779538859,0.00036851075590756235,0.0010825003454787918,NEUTRAL,0.00023031922244230502,0.00046063844488461003,0.00023031922244230502,0.0007600534340596485,0.001105532267723106,0.0007600534340596485,0.002280160302178736,0.0007600534340596485
2026-08-09T02:45:00+00:00,PAXGUSD,15m,404,0.018422567645369762,0.004605641911337205,0.0,0.023028209556706966,0.8000000000001819,1,0,0.040287953060155764,0.4459118642153044,0.07137524725419638,0.3326713411961464,0.17722380335088217,0.4452773954399163,0.6093001565617461,0.7906428622245585,0.00031087294194040617,0.0010584855609668577,0.004320763532108639,1,60.47348857774307,10.473488577743069,0.5950240098691211,0.5687239718549445,0.026300038014176574,0.265080376502115,17.208431494744264,1.4563572250707646,0.03353729936835382,0.7258255940689353,0.001561763773903592,0.28,1,1,14,1,83,1,0,0.0771445020149767,,1,0,0.21070811744386037,,1,0,-0.0852043753598116,,-1,35,1,0.032239493379381375,-1,1,1,1,1,100,1,1,1,4,2,6,9,8,-0.0004145077720207673,-6.908462867016278e-05,0.0016396085204375109,0.0015659182498561155,NEUTRAL,6.908462867016278e-05,0.0009211283822682787,6.908462867016278e-05,0.0009211283822682787,0.002118595279216999,0.0009211283822682787,0.002118595279216999,0.0009211283822682787
2026-08-09T03:15:00+00:00,PAXGUSD,15m,406,0.006908781060732375,0.004605854040481268,0.036846832323892034,0.04836146742510567,0.7619047619048032,0,1,0.028813798561725435,0.4824811405478613,0.061464747400775746,0.35699490741990303,0.16573670984604216,0.4532020569622546,0.5888531753358759,0.7827623615130506,0.0003265094883905031,0.0010427196244526644,0.004231164654898338,1,59.172049574759804,9.172049574759804,0.6939392745334771,0.6089587951129123,0.08498047942056486,0.14838074887691277,16.01822877645358,1.4256345461069615,0.032831323172212,0.6542222053632112,0.001457742142990412,0.28,1,1,16,1,85,1,0,0.07254220113765851,,1,0,0.20611196831172002,,1,0,-0.0806024457084955,,-1,37,1,0.02763512424290855,-1,1,1,1,1,100,1,1,1,4,3,6,9,8,-0.0005066439444533584,-2.7635124242887607e-05,0.0004375561338460346,0.001542961103562586,NEUTRAL,0.0,0.0008751122676922787,4.605854040481268e-05,0.0008751122676922787,0.002164751399028081,0.0008751122676922787,0.002164751399028081,0.0008751122676922787
2026-08-09T03:45:00+00:00,PAXGUSD,15m,408,0.0437838460652065,0.0,0.023044129508007837,0.06682797557321433,0.3448275862069398,0,1,-0.03298934098985691,0.014457350878728903,-0.00443668725914349,0.17045163397597207,0.09647738195077762,0.35462092886609753,0.5103312025618748,0.7218745047284756,0.00028552653730713425,0.0010091406920992112,0.004138538206110972,1,44.112019339747526,-5.887980660252474,0.43524593626261776,0.5788547451600917,-0.14360880889747396,-0.21956762250641937,15.756953326910297,1.5159808076128665,0.034934458062285206,0.16653096471271447,0.0013531415159008509,0.35,1,1,18,1,87,1,1,0.35603180089871683,-0.06682797557321433,1,0,0.1417213964742398,,1,0,-0.016130890655601294,,-1,39,-1,-0.03687060721282092,-1,1,1,1,1,100,1,1,1,4,3,6,9,8,0.0003917502016360913,0.0007604562737643005,0.0015670008065445747,0.002281368821292692,NEUTRAL,0.0005069708491761305,4.608825901597375e-05,0.0007719783385183463,4.608825901597375e-05,0.002811383799976914,4.608825901597375e-05,0.002811383799976914,4.608825901597375e-05
2026-08-09T04:15:00+00:00,PAXGUSD,15m,410,0.011520471878528143,0.0023040943756930552,0.018432755005649223,0.03225732125987042,0.5714285714288498,0,1,-0.01687567076779383,-0.2498433023411053,0.00814567960556382,0.046080006371994386,0.1056599167415168,0.28382131104172004,0.5101011541148942,0.6742961954205384,0.0002502135037335765,0.0009751423713595297,0.004044412373733774,1,47.372501017919774,-2.627498982080226,0.26183799784848816,0.4815864743415057,-0.21974847649301754,-0.2429410855791877,16.838940893650783,1.5132691657479003,0.03486714973728486,0.304300912209609,0.001283006636190177,0.35,1,1,20,1,89,1,1,0.3698071473007576,-0.020736849381342275,1,0,0.15552637036012992,,1,0,-0.029953226884177363,-0.039169604387012454,-1,41,-1,-0.026497085320606347,-1,1,1,1,1,100,1,1,1,4,4,6,9,8,0.0004838598188980563,0.0004838598188980563,0.001359415681666237,0.0021197668256491367,NEUTRAL,0.0005529826501692671,9.216377502835088e-05,0.0007373102002257593,9.216377502835088e-05,0.0026727494758184036,9.216377502835088e-05,0.0026727494758184036,9.216377502835088e-05
2026-08-09T04:45:00+00:00,PAXGUSD,15m,412,0.02073255010365437,0.0023036166781931306,0.0023036166781931306,0.025339783460040628,0.9090909090906084,1,0,0.004946560987359841,-0.1242481454537483,0.027437260003263332,0.07690803962668724,0.12178434127491355,0.2901889712366028,0.5166252774146716,0.6648192153452328,0.00022490699015903493,0.0009434708127165022,0.00394840936139758,1,51.94018521979648,1.9401852197964828,0.1790799794252962,0.37224034838607345,-0.19316036896077726,-0.02383576217967953,16.92491880558188,1.4099106582216372,0.032478937070298024,0.5037876614120016,0.0012163850148140102,0.28,1,1,22,1,91,1,1,0.39046302695231094,-0.03225063349457812,1,0,0.17622667588112498,,1,0,-0.050679566920060315,-0.059894033632811886,-1,43,-1,-0.005759041695461875,-1,1,1,1,1,100,1,1,1,4,4,6,9,8,0.0002994701681640594,0.0005528680027642563,0.0006219765031098406,0.0021653996774935813,NEUTRAL,0.0003455425017277125,0.0,0.0012900253397835437,0.0,0.0024648698456576404,0.0,0.0024648698456576404,0.0
2026-08-09T05:15:00+00:00,PAXGUSD,15m,414,0.025332780618107283,0.006908940168582329,0.0,0.03224172078668961,0.7857142857141001,1,0,0.028655004641907265,0.19307578115967772,0.05169896111228868,0.19479276564925385,0.14394501297239315,0.34166264415125625,0.5300624894486665,0.6787472948180948,0.00023043956470381418,0.0009224605186010448,0.003861174764762734,1,57.56735881736187,7.567358817361871,0.2853182209928491,0.3265241398112505,-0.04120591881840141,0.2030182160415791,15.147953982402452,1.3621168430584962,0.03136927923767897,0.7923655519560516,0.0010676743668839488,0.25,1,1,24,1,93,1,0,0.037999170927171394,,1,0,0.2038137349730426,,1,0,-0.07830132191054388,-0.08751324213532731,-1,45,1,0.02187831053382659,-1,1,1,1,1,100,1,1,1,4,5,6,9,8,0.00013817880337164658,0.00170881120169501,0.00032241720786710555,0.0019805628483258175,UP,0.00014969370365265205,0.00011514900280963567,0.002187831053383078,0.00027635760674308375,0.002187831053383078,0.00027635760674308375,0.002187831053383078,0.00027635760674308375
2026-08-09T05:45:00+00:00,PAXGUSD,15m,416,0.001842392530939004,0.0004605981327242782,0.0,0.002302990663663282,0.800000000003638,1,0,0.023040194256577374,0.3547853900190603,0.04728133842821926,0.2634592592876288,0.1378082436321522,0.37085154922806396,0.5160243206039231,0.6827955560311239,0.00024241144171641886,0.0009052690520393291,0.003782160769717709,1,57.43580294842882,7.435802948428822,0.39987409683271835,0.3453819907133257,0.05449210611939265,0.19615102159899556,13.46151340787303,1.2307027881471682,0.02834297030862765,0.7448937300504328,0.0011297377903054025,0.21,1,1,26,1,95,1,0,0.037538747817918855,,1,0,0.2033540756025758,,1,0,-0.07784108443224622,-0.08705304708696218,-1,47,1,0.038690243149760974,-1,1,1,1,1,100,1,1,1,4,5,6,9,8,0.00024642000101324885,0.00046520411406241266,0.0006033835538830474,0.0026507422538907433,NEUTRAL,0.00025793495433167,0.00027175289831381726,0.0021924471118192996,0.00027175289831381726,0.0021924471118192996,0.00027175289831381726,0.0026507422538907433,0.00027175289831381726
2026-08-09T06:15:00+00:00,PAXGUSD,15m,418,0.01151330938564981,0.0011513309385691695,0.002302661877138339,0.01496730220135732,0.9230769230767079,1,0,0.031536612805056104,0.3561848657527662,0.05725201950364549,0.27049820420415926,0.14627094729694434,0.36998466087516135,0.5169070602111396,0.6723496793947561,0.0002571540669858938,0.0008901892779329885,0.003706361129141953,1,60.62607509138643,10.626075091386433,0.5095894126097846,0.3936585007455756,0.11593091186420901,0.09499161437350201,12.715957252640548,1.1367794448819255,0.02617618690434571,0.8314653817157919,0.0010187616624719217,0.15,1,1,0,1,97,1,0,0.051809892235424156,,1,0,0.0656258634982123,,1,0,-0.09210647508519848,-0.10131712259373091,-1,49,1,0.052961223173993315,-1,1,1,1,1,100,1,1,1,4,6,6,9,8,0.001358570507506594,0.0008059316569954867,0.0006907985631389886,0.0019572625955604677,NEUTRAL,0.0020493690706455824,0.00041447913788343507,0.0020493690706455824,0.00041447913788343507,0.0020493690706455824,0.00041447913788343507,0.0025559546836141324,0.00041447913788343507
2026-08-09T06:45:00+00:00,PAXGUSD,15m,420,0.011514900280963566,0.013817880337164658,0.002302980056180146,0.027635760674308375,0.08333333333289122,0,1,0.013317360758953737,0.3354710579069433,0.039581040595758725,0.2691374898813592,0.12697035244216798,0.36542284928509616,0.4907177251944025,0.6610499317503127,0.0002626367983680499,0.0008738931184640924,0.0036374737275223453,1,55.861028996586015,5.861028996586015,0.5396748048387963,0.448972978928054,0.09070182591074227,0.013526697637929519,11.773654739478648,1.075845541759945,0.024776508262169983,0.6497670929325596,0.0008550749461403302,0.12,1,1,2,1,99,1,0,0.037999170927171394,,1,0,0.051817051264336056,,1,0,-0.07830132191054388,-0.08751324213532731,-1,51,1,0.03915066095527194,-1,1,1,1,1,100,1,1,1,4,6,6,9,8,0.0013126986320298047,0.0008751324213532731,0.0009442218230390963,0.00223389065450689,NEUTRAL,0.002187831053383078,0.00027635760674308375,0.002187831053383078,0.00027635760674308375,0.002187831053383078,0.00027635760674308375,0.002694486665745433,0.00027635760674308375
2026-08-09T07:15:00+00:00,PAXGUSD,15m,422,0.002762812543187373,0.07091218860800128,0.013814062715832166,0.08748906386702082,0.1578947368419541,0,1,0.03381230355990072,0.37053299751460145,0.06216125960873185,0.28892708031526126,0.14852215777274586,0.37158183803512657,0.5057583939214231,0.6554207686249356,0.00028348956048831136,0.0008636089816401401,0.003572362361486772,1,62.30384015546459,12.303840155464592,0.6591718151021269,0.51578925691226,0.1433825581898669,0.012826471369639658,12.504396486236555,1.348305594680941,0.031042630075078077,0.8756510177970238,0.0009708721272321206,0.31,1,1,4,1,101,1,0,0.0656167979002499,,1,0,0.07943086061610302,,1,0,-0.10590781415479704,-0.1151171892987061,-1,53,1,0.06676796979324115,-1,1,1,1,1,100,1,1,1,4,7,6,9,8,0.0011051250172676203,6.907031357926553e-05,0.0007137265736520615,0.0015886172123222696,NEUTRAL,0.001910945342358563,-2.3023437859824976e-05,0.001910945342358563,0.00025325781645702775,0.001910945342358563,0.0003453515678961183,0.002417460975272828,0.0003453515678961183
2026-08-09T07:45:00+00:00,PAXGUSD,15m,424,0.020001747279070146,0.024829755242985068,0.031037194053741796,0.075868696575797,0.6727272727273128,1,0,0.14652130411082426,1.4700734968319011,0.1901014937257514,0.761420209744756,0.28024221004494043,0.6091627961432096,0.6332144275264371,0.7669469816528363,0.0004358018961492715,0.0009014071631918907,0.003529722174814966,1,79.93818509962902,29.938185099629024,1.5378005250968272,0.8165154502681522,0.721285074828675,0.597402521081505,17.382884392579353,1.9487941096997063,0.04480377848409071,1.2242673484831588,0.0022566510946817305,0.77,1,1,0,1,103,1,0,0.06023514697835423,,1,0,0.22231827148118852,,1,0,-0.2487573627121383,-0.2579535683577015,-1,55,1,0.18093534607620645,-1,1,1,1,1,100,1,1,1,4,7,6,9,8,-0.0008322566109223084,-0.0013840289496552635,-7.356964516433825e-05,-0.00016553170161997017,NEUTRAL,0.00013334498186046763,0.0012690763790858804,0.00013334498186046763,0.0017748676895913333,0.00013334498186046763,0.0017748676895913333,0.0009839940040738606,0.0017748676895913333
2026-08-09T08:15:00+00:00,PAXGUSD,15m,426,0.0851710326412186,0.013811518806693152,0.0,0.09898255144791175,0.0,0,1,0.010621000606394681,1.1625771708759203,0.05732330682703804,0.6959515754988388,0.14800951634703088,0.5833645754637473,0.49662451899837956,0.7490747281744916,0.00046702306220643353,0.0009068620951999283,0.003486150026513487,1,53.57831546520916,3.578315465209158,1.5340219516447178,1.1033130179033481,0.43070893374136965,-0.05091076486129942,19.304060952797197,2.159929614996147,0.049719847497724484,0.6201930434897845,0.0025144407148420343,0.87,1,1,2,1,105,1,0,0.018990838359187377,,1,0,0.0978315915473505,,1,0,-0.12430366926015461,-0.1335113484646237,-1,57,-1,-0.049491275723966346,-1,1,1,1,1,100,1,1,1,4,8,6,9,8,0.0001381151880669315,0.0001381151880669315,0.0011049215045348239,0.0010128447124903425,NEUTRAL,0.0011509599005570647,0.00011509599005570647,0.0011509599005570647,0.0005294415542562916,0.0013811518806684775,0.0005294415542562916,0.0022328622070806633,0.0005294415542562916
2026-08-09T08:45:00+00:00,PAXGUSD,15m,428,0.04371534408576574,0.004601615166919405,0.02300807583461795,0.07132503508730309,0.3225806451613471,0,1,0.044475210598876984,0.6769395888577492,0.09584455309229085,0.526189840536972,0.18766081112524666,0.5011098874056188,0.5319736488348481,0.7023322986215135,0.0005136934249341387,0.000918162580329558,0.0034431283770960147,1,57.206535724205196,7.206535724205196,1.6521801467897603,1.3079316066617588,0.34424854012800155,-0.37223279667248743,19.368549870167403,2.4220821680325884,0.05572745019976965,0.7371245949939834,0.0026529984335822276,0.95,1,1,4,1,107,1,0,0.06729862181626169,,1,0,0.14610128154983237,,1,0,-0.17256056875963463,-0.18176379909349435,-1,59,0,-0.0011504037917350828,-1,1,1,1,1,100,1,1,1,4,8,6,9,8,-0.0002300807583461795,-0.00011504037917308975,0.0007132503508730308,0.0008052826542116283,NEUTRAL,9.20323033383881e-05,0.0010123553367233154,0.00041414536502316495,0.0010123553367233154,0.0008973149575500164,0.0010123553367233154,0.0017486137634308387,0.0010123553367233154
2026-08-09T09:15:00+00:00,PAXGUSD,15m,430,0.0023009664058988447,0.01150483202945237,0.01840773124710705,0.03221352968245826,0.6428571428570501,1,0,0.03075898573043839,0.49971698770423245,0.08210872994718094,0.46727484248276596,0.17362336897689726,0.47267490565991466,0.5130298169703091,0.6820435090639876,0.0005134974421674255,0.0009151463902971632,0.003394064479934119,1,56.272550134151054,6.272550134151054,1.496606979486387,1.388399833850038,0.10820714563634892,-0.36601866926953086,19.286692874524913,2.2680198285589017,0.05218637433407505,0.6701967947575393,0.0025326074853066574,0.91,1,1,6,1,109,1,0,0.06040036815462494,,1,0,0.13920846755637786,,1,0,,-0.17487344684768438,,,-1,-0.04371836171191064,-1,1,1,1,1,100,1,1,1,4,9,6,9,8,-0.0005062126092958624,6.902899217675607e-05,0.0007593189139438982,0.0008973768982972011,NEUTRAL,0.00016106764841229132,0.000943396226415178,0.0004832029452370832,0.000943396226415178,0.0009664058904739572,0.000943396226415178,0.0018177634606533907,0.000943396226415178
2026-08-09T09:45:00+00:00,PAXGUSD,15m,432,0.027626217280194723,0.004604369546716568,0.03223058682689035,0.06446117365380165,0.4999999999998376,0,1,-0.02033442169436977,0.06076606022998021,0.02600237878209727,0.2846317336998254,0.1154902451742165,0.3793525705768843,0.44973798677921484,0.6292245061767971,0.0004633680047646704,0.0008948786639211922,0.0033424774160499826,1,48.911025803693676,-1.0889741963063244,1.0830853131128606,1.316776201112691,-0.2336908879998303,-0.4473566511164815,17.38629284640451,2.3545681174815667,0.05420650867881223,0.4196692543087576,0.002285121737678622,0.95,-1,1,8,-1,0,1,0,0.07251882036051376,,1,0,0.0863319290006216,,1,0,,-0.12201579298754939,,,-1,-0.096691760480692,-1,1,1,1,1,100,1,1,1,4,9,6,9,8,0.0008057646706724682,0.0006446117365380165,0.0015424637981443974,0.002025922600547962,NEUTRAL,0.0008518083661394246,0.0004143932592030255,0.0010129613002740857,0.0004143932592030255,0.0015654856458779801,0.0004143932592030255,0.0023482284688168655,0.0004143932592030255
2026-08-09T10:15:00+00:00,PAXGUSD,15m,434,0.04374251772722249,0.0,0.006906713325356429,0.05064923105257892,0.1363636363637303,0,1,-0.021903058213555003,-0.12486043595708907,0.020403691268312,0.18931222125411296,0.10796015323319218,0.32704105813263595,0.4375013722591937,0.5970039982912567,0.00042306749481867,0.0008755646196488017,0.003295412190260016,1,48.50354638149635,-1.4964536185036508,0.8071838358309833,1.1659150117587114,-0.3587311759277281,-0.3059275329775921,15.065511472882942,2.4526633257873445,0.05646614158272733,0.3732616388747252,0.0021293042628272607,0.99,-1,1,10,-1,2,1,0,0.07021825214108532,,1,0,0.08403167879179818,,1,0,,-0.11971636430612227,,,-1,-0.0414402799520967,-1,1,1,1,1,100,1,1,1,4,10,6,9,8,0.0006446265770327084,0.001312275531816884,0.001657611198084496,0.002095036375356721,NEUTRAL,0.0010360069988028364,0.0002532461552629993,0.001312275531816884,0.0002532461552629993,0.0017266783313380604,0.0002532461552629993,0.0023713049083707687,0.0002532461552629993
2026-08-09T10:45:00+00:00,PAXGUSD,15m,436,0.02301601914932793,0.009206407659722799,0.004603203829861399,0.03682563063891213,0.7500000000001421,1,0,0.0066674105694646685,-0.14121228430849442,0.045192269092964026,0.15891535534137802,0.13064432734326487,0.3061582424934386,0.4556059415554684,0.5806461232241418,0.0003852485852349936,0.0008545205825030085,0.003249616142122035,1,52.2004096573187,2.2004096573187013,0.6069150804805759,0.9722638642911192,-0.36534878381054336,-0.12063520231873448,13.789694524774445,2.3153066431532827,0.053289142035382125,0.47880575707940515,0.0019926454381250748,0.92,-1,1,12,-1,4,1,0,0.09781808138464371,,1,0,0.11162769287424883,,1,0,,-0.1473025225557113,,,1,0.011508009574684898,-1,1,1,1,1,100,1,1,0,3,10,6,9,8,0.00039127232553853294,0.0009666728042717313,0.002046124102375119,0.0022785858957833816,NEUTRAL,0.0007595286319278636,-4.6032038298614e-05,0.0012428650340636246,-4.6032038298614e-05,0.002046124102375119,-4.6032038298614e-05,0.0029322408396243284,-4.6032038298614e-05
2026-08-09T11:15:00+00:00,PAXGUSD,15m,438,0.03221501219567481,0.020709650697237462,0.004602144599379127,0.05752680749229141,0.07999999999992724,0,1,0.02151719251889806,0.38508472871762933,0.06173523130616804,0.3607672909311077,0.14693341571139984,0.4035188263242162,0.46786760988348775,0.6233863196002858,0.00040218038787269975,0.000851981844052318,0.0032093419417208798,1,54.0719352653898,4.071935265389797,0.7494801188740894,0.8928314998439981,-0.14335138096990874,0.265904425090296,14.985465810722697,2.3473817484330453,0.05401495118121048,0.5513591777422004,0.001888651838034819,0.94,1,1,14,1,1,1,0,0.009204289198779182,,1,0,0.13461272953197026,,1,0,,-0.17027935017719512,,,1,0.034516084495395775,-1,1,1,1,1,100,1,1,1,4,11,6,9,8,0.0005982787979197051,0.0008283860278888706,0.001265589764830411,0.0006903216899074968,NEUTRAL,0.0006212895209167053,4.602144599379127e-05,0.001012471811864245,4.602144599379127e-05,0.001863868562750116,4.602144599379127e-05,0.002701458879837954,4.602144599379127e-05
2026-08-09T11:45:00+00:00,PAXGUSD,15m,440,0.0023008075834492396,0.006902422750389569,0.0023008075834701656,0.011504037917308975,0.2000000000007276,0,1,0.02683070271973268,0.36738228359809,0.0675143965754478,0.35801699998864933,0.1521324110919986,0.4008453922542685,0.46938793370287424,0.6172984394997911,0.00040683693855715126,0.0008461801451655081,0.0031725552261087564,1,55.32812481580993,5.328124815809929,0.7959641269180793,0.8562102434814228,-0.060246116563343555,0.11413196026413741,16.3748578449289,2.1194260994142042,0.04876391642119054,0.5736282593294165,0.001676714441964809,0.86,1,1,16,1,3,1,0,0.020707268251168708,,1,0,0.14610128154983237,,1,0,,-0.18176379909349435,,,1,0.02991049858500752,-1,1,1,1,1,100,1,1,1,4,11,6,9,8,0.0005061776683615531,0.0006902422750385385,0.0012884522467384797,-0.0006212180475346428,NEUTRAL,0.0007362584267077326,-2.3008075834492397e-05,0.0008973149575500164,-2.3008075834492397e-05,0.0017486137634308387,-2.3008075834492397e-05,0.0025861077238110075,0.0009088189954673672
2026-08-09T12:15:00+00:00,PAXGUSD,15m,442,0.0,0.002300701714031147,0.002300701714031147,0.004601403428062294,0.5,0,0,0.025729126151400737,0.37057824122166494,0.06656768371210824,0.36078379176069575,0.15054460372710543,0.4005960625545413,0.4637481808132261,0.6118615395362212,0.000408385575607075,0.0008397692001499718,0.0031320357708612074,1,55.91910259448074,5.919102594480741,0.8142683629785097,0.8406541654819567,-0.02638580250344702,0.05985310639120456,17.655992045104277,1.8616480142909888,0.04283096777386377,0.5640261677756007,0.001505770201583826,0.71,1,1,18,1,5,1,0,0.025307718854258913,,1,0,0.15069596226849608,,1,0,,-0.1863568388358533,,,1,0.034510525710341654,-1,1,1,1,1,100,1,1,1,4,12,6,9,8,0.0006902105142068331,0.0008972736684687993,0.0008742666513286971,-0.0025307718854250547,NEUTRAL,0.0008512596341883857,2.300701714031147e-05,0.0009202806856091108,2.300701714031147e-05,0.0017025192683767713,2.300701714031147e-05,0.0025399746922811373,0.004582997814333388
2026-08-09T12:45:00+00:00,PAXGUSD,15m,444,0.018393764513833993,0.0,0.013795323385380724,0.032189087899214715,1.0,1,0,0.07553081599491472,0.7509722110689836,0.12161706429254865,0.5219691084585065,0.20675100810659883,0.4809522427385673,0.5167243938662482,0.647160923017509,0.00046086248297633924,0.0008513394381405021,0.0030997338575964933,1,63.87140506889809,13.871405068898092,1.1328942684831418,0.9180045133182001,0.2148897551649417,0.25072826466746856,20.751956441619097,1.8444822164041346,0.04240871442310566,1.014539456422803,0.0014533491439842306,0.68,1,1,1,1,7,1,0,0.04713402156669307,,1,0,0.05633090382359961,,1,0,,-0.2506150415009437,,,1,0.09886648426183942,-1,1,1,1,1,100,1,1,1,4,12,6,9,8,2.2992205642161797e-05,0.00034488308463430893,-9.196882256927452e-05,-0.003517807463269993,NEUTRAL,0.00020692985078050172,0.00029889867334977624,0.0004138597015612126,0.00029889867334977624,0.0010576414595450886,0.0005288207297726489,0.0018945577449244204,0.005223829121927725
2026-08-09T13:15:00+00:00,PAXGUSD,15m,446,0.0091975166704906,0.02759255001149271,0.0022993791676331064,0.03908944584961642,0.294117647058855,1,0,0.05717723325788575,0.844219882530524,0.10633868445999863,0.5807179843977792,0.19218771008142763,0.5126182003414215,0.49901557997637447,0.658875045151035,0.0004916145120211289,0.0008584902562142899,0.003068278698949468,1,61.76916007102748,11.769160071027478,1.2656194567161947,1.031457931800046,0.2341615249161486,0.13964988874052175,24.115242793530633,1.8113137478179357,0.04164897097764855,0.8994327083307164,0.0015437233408502277,0.67,1,1,3,1,9,1,0,0.04023913543343297,,1,0,0.049436652103923576,,1,0,,-0.24373419176823094,,,1,0.09197516670498966,-1,1,1,1,1,100,1,1,1,4,13,6,9,8,0.00022993791676247414,0.0010784088296159117,-9.1975166704906e-05,-0.0021384226258910513,NEUTRAL,0.0002989192917912582,0.00011496895838123707,0.0010784088296159117,0.00011496895838123707,0.0011266957921360395,0.0004598758335249483,0.001963669809151521,0.005155208093814687
2026-08-09T13:45:00+00:00,PAXGUSD,15m,448,0.0,0.016094173909061656,0.016094173909040745,0.0321883478181024,0.4999999999996752,0,0,0.05413086782543212,0.7940212643843552,0.10655575127410004,0.5788940557131355,0.1933545948650559,0.5140288761231204,0.49711302506096294,0.6554712886363632,0.0005242488344866792,0.0008679884359095588,0.0030375843019590705,1,62.68650644813405,12.686506448134047,1.3897626863335972,1.153816045387205,0.23594664094639217,0.016294491935154864,27.414240893841672,1.7082246090881157,0.03927494847767774,0.8785029567733161,0.001738413460286869,0.6,1,1,5,1,11,1,0,0.04943210557777248,,1,0,0.05862877638293265,,1,0,,-0.25290844714213456,,,1,0.0770221179932948,-1,1,1,1,1,100,1,1,1,4,13,6,9,8,0.00029889180116801905,0.0004368418632456306,9.196670805181077e-05,-0.00560996919115272,NEUTRAL,0.000321883478181024,0.00020692509311620827,0.0010346254655814596,0.00020692509311620827,0.0010346254655814596,0.0005518002483100281,0.001871522508851871,0.005770910930243127
2026-08-09T14:15:00+00:00,PAXGUSD,15m,450,0.004598441128453271,0.002299220564237091,0.006897661692690362,0.013795323385380724,0.5,0,1,0.04223198089827301,0.6654006268545345,0.0961554737354942,0.5416086364348303,0.18343974324327642,0.4974514472987721,0.4834253048964134,0.6423509278729398,0.0005392349283722119,0.000872842695077822,0.0029998556165313707,1,62.11548520910524,12.115485209105238,1.395426896929166,1.2425513344946242,0.15287556243454192,-0.10061025096777709,29.95879999266333,1.62188754559138,0.03729077197690157,0.7952272137720731,0.0018896362140188381,0.52,1,1,7,1,13,1,0,0.04713402156669307,,1,0,0.05633090382359961,,1,0,,-0.2506150415009437,,,1,0.07472466833745452,-1,1,1,1,1,100,1,1,1,4,14,6,9,8,0.0003908674959188417,0.0005977973466993433,0.00013795323385359812,-0.00436851907203458,NEUTRAL,0.00043685190720337436,0.0,0.0010576414595450886,0.0,0.0010576414595450886,0.0005288207297726489,0.0018945577449244204,0.005748051410571816
2026-08-09T14:45:00+00:00,PAXGUSD,15m,452,0.0091945568223528,0.002298639205598653,0.0,0.011493196027951453,0.7999999999992724,1,0,0.05605256158163177,0.6916318056564705,0.11242647493667306,0.5617846516979625,0.20058830735991237,0.5091623058351615,0.49866187300496867,0.6455639548648833,0.000563739133550413,0.000881618324232393,0.002980735656450563,1,65.89828284366256,15.898282843662557,1.4669748945652827,1.316910941579318,0.15006395298596464,-0.052001641012453526,32.84102754461262,1.5005050775765465,0.034491197995047504,0.8551851761682838,0.0018974755765465312,0.46,1,1,0,1,15,1,0,0.013791835233529202,,1,0,0.0816016917984386,,1,0,,-0.2758367046708349,,,1,0.024135711658681325,-1,1,1,1,1,100,1,1,1,4,14,6,9,8,0.00018389113644726507,-2.298639205577747e-05,0.00048271423317404466,-0.005976461934534756,NEUTRAL,0.0008045237219566017,4.5972784111764e-05,0.0008045237219566017,0.00013791835233529202,0.0008045237219566017,0.0007815373299006152,0.0016412283927915428,0.006413203383596827
2026-08-09T15:15:00+00:00,PAXGUSD,15m,454,0.0045968557506623625,0.006895283626003996,0.0022984278753416334,0.013790567252007993,0.5,1,0,0.05360404647850474,0.76299111528715,0.11234542865698775,0.6027084760617072,0.20150263573396693,0.5319963583233402,0.49771781798541015,0.654454356500537,0.0005874138217848301,0.0008915720707697917,0.0029621518225144325,1,67.2650392117574,17.265039211757397,1.526838683394999,1.3891009576504096,0.1377377257445893,-0.009636749616269258,35.788379702158316,1.3764559087268247,0.03163684629784924,0.8397153734442628,0.0018278857184731827,0.35,1,1,2,1,17,1,0,0.02298427875333272,,1,0,0.09078790107566005,,1,0,,-0.28500505654133823,,,1,0.033327204192328264,-1,1,1,1,1,100,1,1,1,4,15,6,9,8,0.00041371701756003076,-0.0004367012963134471,0.00043670129631323806,-0.009722349912659783,NEUTRAL,0.0007125126413531889,2.2984278753416334e-05,0.0007125126413531889,0.0008734025926266851,0.0007125126413531889,0.0008734025926266851,0.001549140387974575,0.009745334191413199
2026-08-09T15:45:00+00:00,PAXGUSD,15m,456,0.06178666832042704,0.0,0.004593804336087736,0.06638047265651477,1.0,1,0,0.10351351355624124,0.9610426136487149,0.16724217125738447,0.6962256177157542,0.2583795885548034,0.5818009465447176,0.5534686070078357,0.6774959070698969,0.0006372865770114324,0.0009113741729741895,0.0029508901845303236,1,75.80720754582883,25.80720754582883,1.7508282640219477,1.4859044415475342,0.2649238224744135,0.1139014839343071,39.39041569373884,1.4264339213002426,0.03276379166408823,1.1125450048490053,0.0017964264756768092,0.43,1,1,0,1,19,1,0,0.08934949433697434,,1,0,0.1571081082943259,,1,0,,-0.3511963414942259,,,1,0.09968555409317698,-1,1,1,1,1,100,1,1,1,4,15,6,9,8,-0.0008934949433697434,-0.0011691232035352165,0.00023198711897269176,-0.00897859057489147,NEUTRAL,4.823494552897344e-05,0.0008934949433697434,4.823494552897344e-05,0.001536627550422653,0.0008843073346977768,0.001536627550422653,0.0008843073346977768,0.011528151981422565
2026-08-09T16:15:00+00:00,PAXGUSD,15m,458,0.0022981637671584077,0.002298163767137506,0.0,0.004596327534295914,0.5000000000022737,1,0,0.0400179284546242,0.8497423662747678,0.10385107201972103,0.6695262449775328,0.1955828626473595,0.5724934550444232,0.4892835247046815,0.6713933957189511,0.0006383314356509684,0.0009173179062763846,0.00293700662057322,1,61.2987182744624,11.298718274462402,1.641486922157128,1.5506176243937182,0.0908692977634098,-0.031420815351470566,43.396286357259164,1.4498333301006596,0.033319544276438295,0.7561883998806702,0.0017235645268398356,0.46,1,1,0,1,21,1,0,0.034472456507250705,,1,0,-0.02413071955507967,,1,0,,-0.29646312596236857,,,1,0.04481419345942174,-1,1,1,1,1,100,1,1,1,4,16,6,9,8,-0.0005055960287729686,-0.00034472456507250704,-0.0005745409417875117,-0.006480821823363091,NEUTRAL,0.00032174292740092295,0.0007354124054879732,0.00032174292740092295,0.000988210419874562,0.0014340541907015792,0.000988210419874562,0.0014340541907015792,0.010985222806977267
