timestamp,symbol,timeframe,index,f_body_size_pct,f_upper_wick_pct,f_lower_wick_pct,f_range_pct,f_close_position_in_range,f_bullish_candle,f_bearish_candle,f_ema20_distance_pct,f_ema20_slope,f_ema50_distance_pct,f_ema50_slope,f_ema100_distance_pct,f_ema100_slope,f_ema200_distance_pct,f_ema200_slope,f_ema20_vs_50,f_ema50_vs_100,f_ema100_vs_200,f_ema_alignment,f_rsi,f_rsi_distance_from_50,f_macd,f_macd_signal,f_macd_histogram,f_macd_histogram_slope,f_adx,f_atr,f_atr_pct,f_bb_position,f_bb_width,f_atr_percentile,f_structure_bias,f_last_bos_direction,f_last_bos_age,f_last_choch_direction,f_last_choch_age,f_bullish_fvg_present,f_bearish_fvg_present,f_nearest_bullish_fvg_distance_pct,f_nearest_bearish_fvg_distance_pct,f_bullish_ob_present,f_bearish_ob_present,f_nearest_bullish_ob_distance_pct,f_nearest_bearish_ob_distance_pct,f_demand_present,f_supply_present,f_buy_side_liquidity_distance_pct,f_sell_side_liquidity_distance_pct,f_liquidity_sweep_direction,f_liquidity_sweep_age,f_premium_discount_state,f_distance_from_equilibrium_pct,f_htf_1d_bias,f_htf_4h_bias,f_htf_1h_bias,f_htf_30m_bias,f_entry_15m_bias,f_mtf_alignment_score,f_higher_timeframe_bias,f_setup_bias,f_entry_bias,f_market_state_code,f_hour_utc,f_day_of_week,f_day_of_month,f_month,y_return_5,y_return_10,y_return_20,y_return_40,y_direction,y_mfe_5,y_mae_5,y_mfe_10,y_mae_10,y_mfe_20,y_mae_20,y_mfe_40,y_mae_40
2026-08-04T20:00:00+00:00,PAXGUSD,30m,80,0.03728670532709227,0.04587245984319692,0.023794805373205576,0.10695397054349476,0.5711009174311855,1,0,-0.06343775155955733,-0.7908905696108377,0.047888790183778174,0.2974222138418554,,,,,0.001113265417433355,,,,48.139516476095565,-1.8604835239044348,0.6646727617107899,2.233818128570254,-1.569145366859464,0.1170323905054409,18.418457364973893,8.419178056938154,0.20652856006932763,0.2561876057238988,0.005053097913995731,0.5294117647058824,-1,1,11,-1,6,0,0,,,1,0,0.2505813782343688,,1,0,0.18594291209168426,-0.11087888689372263,-1,27,-1,-0.2595350936583146,-1,1,1,1,1,80,-1,1,0,2,20,1,4,8,0.000647611197786316,0.00021832347198097216,0.0013442838499504524,0.02192556396141799,NEUTRAL,0.0015159989402725453,0.0008144201426707495,0.001783383866631338,0.001010665960181697,0.0019820827568612265,0.00363545376939158,0.022146340506118013,0.00363545376939158
2026-08-04T20:30:00+00:00,PAXGUSD,30m,82,0.01988213087352265,0.0783012314648123,0.0,0.09818336233833495,0.20250000000010004,1,0,-0.10068219566702599,-1.2664659764841417,-0.01188984230323154,0.006270947879329469,,,,,0.0008879235336379445,,,,45.923614336788425,-4.076385663211575,-0.19089407885394394,1.4154136451103694,-1.6063077239643133,0.04551074908873365,16.358621242959913,7.810413732768102,0.19171317038416943,0.17298149512678926,0.005303870296396221,0.5,-1,1,13,-1,8,0,0,,,1,0,0.18912570170421591,,1,0,0.24766753149844234,-0.04933713957501867,-1,29,-1,-0.32130505325219355,-1,1,1,1,1,80,-1,1,0,2,20,1,4,8,0.0011021082422477562,-0.0011315632509493415,0.0029430462860915367,0.02179425185505189,NEUTRAL,0.0024005832091722273,0.00017918463626746575,0.0024005832091722273,0.0022115802366710485,0.003794786954376543,0.0030215929759623565,0.023561552377141876,0.0030215929759623565
2026-08-04T21:00:00+00:00,PAXGUSD,30m,84,0.11759805963200938,0.0,0.048999191513340035,0.16659725114534943,1.0,1,0,0.08823850063086491,-0.44520230728085153,0.1700771312647352,0.24379721101786345,,,,,0.0008183863063387028,,,,54.3923722237502,4.3923722237502005,-0.04549541387677891,0.8236223029684561,-0.869117716845235,0.7981924930299916,15.672497342640543,7.525305718560246,0.18436694805008322,0.5418674599436444,0.005513577057215957,0.5,-1,1,15,-1,10,0,0,,,1,0,0.3771712766739233,,1,0,0.05879902981601027,-0.2376460788396947,-1,31,-1,-0.13229781708602031,-1,1,1,1,1,80,-1,1,0,2,21,1,4,8,-0.0013474777666168509,-0.003184947448367102,0.003503442193203857,0.017958203689639168,DOWN,0.000512041551314439,0.0022784624053702445,0.000512041551314439,0.0048999191513340035,0.004458926427713898,0.0048999191513340035,0.02163314305313967,0.0048999191513340035
2026-08-04T21:30:00+00:00,PAXGUSD,30m,86,0.10359039915364486,0.0,0.03330566024797221,0.13689605940161706,1.0,1,0,0.11500708079970855,0.9745622836089751,0.19904216284557544,0.7877189941000324,,,,,0.0008403508204586692,,,,55.71270499779085,5.712704997790851,0.5058449741472941,0.6402744962815792,-0.13442952213428505,1.3636181295881338,16.615611161225694,7.238809522636106,0.17727450776526626,0.6399152729579901,0.005332783052521767,0.4594594594594595,-1,1,17,-1,12,1,0,0.15269175856335368,,1,0,0.41840235686524146,,1,0,0.01738751380593175,-0.27893490457683134,-1,33,-1,-0.0908558820000058,-1,1,1,1,1,80,-1,1,1,2,21,1,4,8,-0.0026007802340701942,-0.0041362691293263375,0.008965589865283534,0.01810015697741345,DOWN,9.795782425878766e-05,0.0026913912215095256,9.795782425878766e-05,0.005311763020431567,0.010067615388194645,0.005311763020431567,0.021210317897629206,0.005311763020431567
2026-08-04T22:00:00+00:00,PAXGUSD,30m,88,0.006132561448265711,0.06255212677231473,0.1030270323308595,0.17171172055143993,0.599999999999974,0,1,-0.04606047385110727,0.27822445438323484,0.028534120647458916,0.506187352877987,,,,,0.0007459459449856619,,,,48.33677068495731,-1.6632293150426918,0.2453235395282718,0.5304586312531603,-0.2851350917248885,0.313826612888334,15.961316860726468,7.099126578191327,0.17414331987909845,0.3573503908377456,0.004383136673515994,0.4473684210526316,-1,1,19,-1,14,0,0,,,1,0,0.2525388804395727,,1,0,0.18397684344797136,-0.11283913064808687,-1,35,-1,-0.2575675808271599,-1,1,1,1,1,80,-1,1,0,2,22,1,4,8,-0.002354903596134011,-0.000760437619584926,0.012093411175979916,0.019231712701761293,NEUTRAL,0.0016925869597213589,0.0036550066231663867,0.0016925869597213589,0.0036550066231663867,0.013099151253495582,0.0036550066231663867,0.022911249570720722,0.0036550066231663867
2026-08-04T22:30:00+00:00,PAXGUSD,30m,90,0.02722316372402267,0.14935951989130714,0.04782447681249306,0.22440716042782283,0.33442622950818746,1,0,-0.018878428511672766,-0.49560311103778076,0.04579093522738703,0.15361623770104416,,,,,0.0006466936373905979,,,,49.360440864391414,-0.6395591356085859,-0.0033035706615009985,0.34717349670392145,-0.35047706736542245,-0.1963486989766356,15.253401662739972,7.052001998542518,0.17295297746713031,0.4565479259165332,0.003081339816438785,0.44871794871794873,-1,1,21,-1,16,0,0,,,1,0,0.27235426410391805,,1,0,0.16407474352591608,-0.13268226643874065,-1,37,-1,-0.01679988031619092,-1,1,1,1,1,80,-1,1,0,2,22,1,4,8,-0.0022833122006371558,0.0011257146080477915,0.010200102516058024,0.018759457596856776,NEUTRAL,0.0010766638625991322,0.003852936054995705,0.0017633742988809207,0.003852936054995705,0.012897893515736742,0.003852936054995705,0.022708042605477534,0.003852936054995705
2026-08-04T23:00:00+00:00,PAXGUSD,30m,92,0.08281319113382539,0.04988450385806752,0.10812404777117243,0.24082174276306534,0.44897959183673564,0,1,-0.1837479195395265,-1.3833395081283015,-0.1424666966887994,-0.26916855566378217,,,,,0.00041281222850727054,,,,40.97710047443021,-9.022899525569791,-1.0049150330955854,-0.0454861574226986,-0.9594288756728868,-0.5767654048413535,14.765979178762539,7.37948131506985,0.18134077050842506,-0.07369109761410073,0.0031550208269416715,0.525,-1,-1,0,-1,18,0,0,,,1,1,0.07605543814812502,-0.27510198063596997,1,1,0.3612326141445869,0.06389148277387106,-1,39,-1,-0.21010468373715355,-1,1,1,1,1,45,-1,1,-1,2,23,1,4,8,0.002015039072099036,0.00407922543863958,0.0151250798643534,0.020224111662652904,UP,0.0020641863665405444,0.0018921708359955455,0.004931930997198532,0.0018921708359955455,0.01604659163513042,0.0018921708359955455,0.0247210891040448,0.0018921708359955455
2026-08-04T23:30:00+00:00,PAXGUSD,30m,94,0.09093813748862827,0.022120087497237227,0.05407132499323662,0.1671295499791021,0.8676470588235107,1,0,-0.16092405784532693,-2.4170194159510174,-0.1458418875336083,-0.8003051526907257,,,,,0.00015082170311718642,,,,41.187267017034245,-8.812732982965755,-1.993300930947953,-0.6910768602813808,-1.3022240706665722,-0.6910143298329786,15.015276295664851,7.671746644116352,0.1885552300271918,0.06918808720115045,0.004022752096868165,0.5487804878048781,-1,-1,0,-1,20,0,0,,,1,1,0.05886401061763037,-0.29235382308846647,1,1,0.37849927495268987,0.0811069874898661,-1,41,-1,-0.22734534372158186,-1,1,1,1,1,45,-1,0,-1,0,23,1,4,8,0.0018924963747635052,0.006709759874161325,0.014697569248162849,0.0196131442475484,UP,0.003096812249612988,0.001007692874874016,0.007668296999041419,0.001007692874874016,0.016245975372969342,0.001007692874874016,0.02489738737188787,0.001007692874874016
2026-08-05T00:00:00+00:00,PAXGUSD,30m,96,0.0418049920078647,0.12295585884667404,0.007377351530804916,0.17213820238534366,0.042857142857168844,0,1,-0.17947951408182086,-2.138195032105159,-0.18612348990865749,-0.8073558906617109,,,,,-6.643975826836613e-05,,,,38.91829213669161,-11.081707863308388,-2.6254429206869645,-1.3339085068517464,-1.291534413835218,-0.011395673067061685,14.064120598202487,7.539414198243187,0.18540302958915988,0.06346273100973221,0.004658768171926873,0.5357142857142857,-1,-1,2,-1,22,0,0,,,1,1,0.00479527849501313,-0.34661256608878044,1,1,0.4328046231402904,0.13525144473134146,-1,43,-1,-0.15000614779294008,-1,1,1,-1,-1,45,-1,0,-1,0,0,2,5,8,0.002950940612320177,0.013156276896594123,0.01600885282183705,0.018148284765769133,UP,0.004672322636173613,0.0,0.014262879626214189,0.0,0.016795770318455718,0.0,0.025451862781261526,0.0
2026-08-05T00:30:00+00:00,PAXGUSD,30m,98,0.11685282926231051,0.07217380630906099,0.012274456855284154,0.20130109242665564,0.06097560975609891,0,1,-0.014672063691875226,-0.4691347088210023,-0.016680017867036136,-0.1981781981844506,,,,,-2.007954175160907e-05,,,,48.67561271905777,-1.3243872809422328,-1.7650337268814837,-1.5222641103593226,-0.2427696165221611,1.037022555924083,13.90756706260973,7.83602550766887,0.1923659140215753,0.4478202075002057,0.004527183159238779,0.5930232558139535,-1,-1,4,-1,24,0,0,,,1,1,0.17662943414753185,-0.1741745427764884,1,1,0.26021848533202185,-0.036823370565852456,1,1,1,0.02209402233951371,-1,1,1,-1,-1,45,-1,1,-1,2,0,2,5,8,0.0053516631889039355,0.012863630784337703,0.018779918988584755,0.01848533202405798,UP,0.006480913219589944,0.0002454891371056831,0.013870136246471093,0.0002454891371056831,0.018779918988584755,0.0002454891371056831,0.023689701730698415,0.0002454891371056831
2026-08-05T01:00:00+00:00,PAXGUSD,30m,100,0.13865752082312235,0.06369426751592135,0.09407153356198299,0.29642332190102666,0.7851239669421547,1,0,0.17029258412686346,0.888077936769605,0.18202318891707953,0.3626198178235427,0.3081740653242163,,,,0.00011730604790216065,0.0012615087640713684,,,57.2176094913081,7.217609491308103,-0.5649404350560872,-1.3034373408173128,0.7384969057612256,1.2491497032693684,14.74456211722509,8.191266891816543,0.20066797873141948,0.8674785602659116,0.004803980672672154,0.625,-1,-1,6,-1,26,0,0,,,1,0,0.3844928956393853,,1,0,0.05144536991670527,-0.2449779519843214,1,3,1,0.23027927486526434,-1,1,1,1,1,60,-1,1,0,2,1,2,5,8,0.0035766780989711817,0.009064184223419891,0.020553650171484476,0.019598236158745713,UP,0.005830475257226894,0.0016413522782949088,0.011758941695247428,0.0016413522782949088,0.0207741303282705,0.0016413522782949088,0.021558059774620286,0.0016413522782949088
2026-08-05T01:30:00+00:00,PAXGUSD,30m,102,0.10279001468428337,0.08492413117963289,0.15907978463044542,0.34679393049436164,0.7551164431898452,1,0,0.23521692486512014,2.072100079759821,0.26514594012656933,0.8995963793131523,0.39341948341368616,0.7586799077166688,,,0.00029929015261449197,0.0012827354328711674,,,59.72928372131984,9.729283721319838,0.648127947879857,-0.7400381567618217,1.3881661046416787,1.2513559322348653,16.85370176075074,8.625531146515268,0.21109963647859198,0.9715449455267717,0.005374475211670383,0.6666666666666666,1,-1,8,1,0,0,0,,,1,0,0.4820117474302425,,1,0,-0.046500244738132426,-0.33284385707292974,1,5,1,0.19579050416054822,-1,1,1,1,1,80,-1,1,0,2,1,2,5,8,0.00839451786588355,0.011000978952520758,0.018795888399412673,0.02143906020558012,UP,0.010768477728830151,-4.894762604009253e-05,0.011918746940773328,-4.894762604009253e-05,0.020558002936857563,-4.894762604009253e-05,0.023005384238864415,-4.894762604009253e-05
2026-08-05T02:00:00+00:00,PAXGUSD,30m,104,0.0244140625,0.04638671874999112,0.12695312499999556,0.19775390624998668,0.6419753086419961,0,1,0.3934017725133021,4.508907321527204,0.4701720917856589,2.017812728462559,0.6119690797596999,1.33361648618029,,,0.0007677031927235678,0.0014179698797404106,,,66.48502150116141,16.485021501161413,3.205747137202252,0.49777643626406065,2.7079707009381915,1.842540069357906,21.405246018248192,8.937830427352386,0.21820875066778286,1.0761066850976133,0.00789618065049263,0.6739130434782609,1,1,1,1,2,1,0,0.14318847656249467,,1,0,0.4614257812500022,,1,0,-0.2905273437500022,-0.5761718749999978,1,7,1,0.439453125,-1,1,1,1,1,80,-1,1,1,2,2,2,5,8,0.006054687500000044,0.0079345703125,0.014404296875,0.022604980468750036,UP,0.00830078125,0.0016357421874999556,0.009472656250000044,0.0016357421874999556,0.01806640625,0.0016357421874999556,0.02291259765625009,0.0016357421874999556
2026-08-05T02:30:00+00:00,PAXGUSD,30m,106,0.5667475728155428,0.1092233009708738,0.003640776699020296,0.6796116504854369,0.8392857142857143,1,0,0.8459513304589201,6.9567245874632135,0.9906221240502755,3.230668343344405,1.155254031400148,1.9761763730075472,,,0.0014467079359135524,0.0016463190734987275,,,77.64588417185942,27.64588417185942,6.641041180948378,2.304633622856845,4.336407558091532,2.0931198869261944,27.347970986163837,10.800986439910986,0.2621598650463831,1.2768521856996473,0.012570998754953483,0.9148936170212766,1,1,0,1,4,1,0,0.8288834951456332,,1,0,1.0412621359223324,,1,0,-0.871359223300973,-1.1553398058252407,1,9,1,1.0194174757281553,-1,1,1,1,1,80,-1,1,1,2,2,2,5,8,0.00012621359223311568,0.0028155339805826128,0.009053398058252471,0.015339805825242674,UP,0.0024271844660194173,0.001019417475728111,0.003592233009708782,0.001019417475728111,0.012135922330097087,0.001019417475728111,0.02087378640776699,0.001019417475728111
2026-08-05T03:00:00+00:00,PAXGUSD,30m,108,0.07028769480597291,0.03877941782399874,0.11149082624397984,0.2205579388739515,0.8241758241757913,1,0,0.8202541188529571,10.579087474090556,1.0502593989289055,5.046841481111187,1.2483934740272418,2.95054451836495,,,0.0023000528007594847,0.0019813407509833626,,,79.58096933993608,29.580969339936075,10.432273674864064,4.932793728749333,5.499479946114731,2.608458757835127,33.709362608278575,10.904932185433465,0.26430432597574993,1.068485158149865,0.017738711992075967,0.9375,1,1,0,1,6,1,0,0.36598075571389166,,1,0,1.182772243631686,,1,0,-1.01311229065173,-1.296686783489652,1,11,1,1.1609588211056894,-1,1,1,1,1,80,-1,1,1,2,3,2,5,8,0.0007028769480599496,0.00584114980973857,0.007053006616738255,0.012482125112096756,UP,0.0021571051164595715,0.0022298165248793764,0.00584114980973857,0.0022298165248793764,0.01068857703773731,0.0022298165248793764,0.019413946048135042,0.0022298165248793764
2026-08-05T03:30:00+00:00,PAXGUSD,30m,110,0.03156105850935134,0.05341102209273654,0.04127215343529542,0.1262442340373833,0.3269230769230534,0,1,0.531686529434221,8.60510335180652,0.8148433651867358,4.637934023893649,1.0396549568441764,2.824633548132624,,,0.0028315683575251484,0.0022481159165744064,,,71.59022989270913,21.590229892709132,11.822214074435578,7.339790261277514,4.482423813158064,-0.5307366642971534,38.500695729275826,10.218538466011482,0.24808299261984665,0.8626432708496728,0.020218766583656605,0.8469387755102041,1,1,2,1,8,1,0,0.19907744598203006,,1,0,1.0172371934935687,,1,0,-0.8472930322893929,-1.1313425588735109,1,13,1,0.43092983733916,-1,1,1,1,1,80,0,1,1,0,3,2,5,8,0.002791939791211459,0.011386258800679689,0.008472930322893818,0.016703083272639033,UP,0.00383588249575144,0.000558387958242336,0.01160475843651376,0.000558387958242336,0.012381646030589949,0.000558387958242336,0.02112163146394756,0.000558387958242336
2026-08-05T04:00:00+00:00,PAXGUSD,30m,112,0.25248429537998235,0.0907781503044094,0.06826516902893084,0.4115276147133226,0.7794117647058824,1,0,0.6925350883945685,7.547170770980301,1.0265603126667144,4.476639596835412,1.2788357910127885,2.8104395064456185,,,0.00334025224272146,0.0025227547834607415,,,76.54001065722343,26.540010657223434,13.130775774892754,9.270365917040428,3.8604098578523267,-1.2851524591023296,42.27063741176455,10.443025514060933,0.2527996105995215,0.9067268539920866,0.0218973777071968,0.85,1,1,0,1,10,1,0,0.48778126096901775,,1,0,0.17913554993404776,,1,0,-1.1341216911364191,-1.4173495200861723,1,15,1,0.7189629504109181,-1,1,1,1,1,80,0,1,1,0,4,2,5,8,0.0006124499207203537,0.0077100908991879265,0.00502305765017732,0.02114525714424052,UP,0.0014645541582445157,0.0016824217189750103,0.009453031385032543,0.0016824217189750103,0.009453031385032543,0.0016824217189750103,0.022476670015371857,0.0016824217189750103
2026-08-05T04:30:00+00:00,PAXGUSD,30m,114,0.03439505873804221,0.018408622986562147,0.10899842557829721,0.16180210730290157,0.6736526946107491,0,1,0.5180371079351631,7.782513941778234,0.8931326099075704,4.814598874280364,1.1722617741011796,3.048473444042429,,,0.0037509550197240738,0.0027912916419360915,,,73.65377707258033,23.653777072580326,13.725976673658806,10.848565508917323,2.877411164741483,-0.984481600457837,45.180479871909945,9.945874040185213,0.24090769141783247,0.808905366875078,0.022054793693204584,0.76,1,1,0,1,12,1,0,0.07508780428728022,,1,0,0.11989826813614454,,1,0,-1.0754511323725346,-1.358847038876103,1,17,1,0.12474264260626466,-1,1,1,1,1,80,0,1,1,0,4,2,5,8,0.005183480683056712,0.006418796172944169,0.004844374470146543,0.024924306648903872,UP,0.008937870897420283,0.001065762383432151,0.010052077025554076,0.001065762383432151,0.010052077025554076,0.001065762383432151,0.024948528521254693,0.001065762383432151
2026-08-05T05:00:00+00:00,PAXGUSD,30m,116,0.026624068157623283,0.009681479330032824,0.09173201665214356,0.12803756413979966,0.9243856332703896,1,0,0.4874583944681804,6.5986111858992444,0.8941030829638246,4.537236407976252,1.1980562672001127,2.975648291840116,,,0.004066446884956441,0.0030395318423628807,,,75.0583885030272,25.058388503027203,13.886890890378709,11.937345579738906,1.9495453106398024,-1.4858418921262864,46.97861201152069,9.378126085669878,0.22698533463234288,0.7897381177507633,0.02072505322012303,0.64,1,1,2,1,14,1,0,0.15006292961566287,,1,0,0.1948397715171142,,1,0,-1.1496756704424544,-1.4328589408461676,1,19,1,0.14159163520186763,-1,1,1,1,1,80,0,1,1,0,5,2,5,8,0.005881498693000114,0.0062203504695517026,0.0021057217542840103,0.02720495691741689,UP,0.00851970181043659,0.0010649627263047113,0.009294220156839877,0.0010649627263047113,0.009294220156839877,0.0010649627263047113,0.028052086358795532,0.0010649627263047113
2026-08-05T05:30:00+00:00,PAXGUSD,30m,118,0.43373493975903615,0.0,0.016867469879513687,0.45060240963854986,1.0,1,0,0.7945053137901783,7.687842716801242,1.2459724193635864,5.14069381605168,1.5796892289133093,3.3417673667604504,,,0.004514671055734083,0.003337168095497226,,,81.95146976898405,31.951469768984055,15.075326197841605,12.879474318073074,2.195851879768531,-0.20972309287800073,49.786277491213,10.07195565550107,0.24269772663858,0.935330771270738,0.020350319117055017,0.79,1,1,0,1,16,1,0,0.5927710843373581,,1,0,0.637349397590379,,1,0,-1.5879518072289176,-1.8698795180722867,1,21,1,0.5843373493975903,-1,1,1,1,1,80,0,1,1,0,5,2,5,8,0.003493975903614458,0.0012048192771084338,-0.0002891566265059803,0.022144578313252925,NEUTRAL,0.004819277108433735,0.0007469879518073166,0.004819277108433735,0.0007469879518073166,0.004819277108433735,0.0027710843373493976,0.024096385542168676,0.0027710843373493976
2026-08-05T06:00:00+00:00,PAXGUSD,30m,120,0.38647111068435286,0.021603975131437286,0.012002208406346769,0.4200772942221369,0.9485714285713974,1,0,0.9934225915825594,10.957712518742483,1.5125686085779717,6.7062844491892974,1.8861129104797696,4.2079111814150565,,,0.005191460169954124,0.003735443019017978,,,85.79884163943099,35.79884163943099,17.488697775566834,14.27082758778122,3.217870187785614,1.6452071142174773,53.66122275662503,11.161533192753472,0.2679260950275684,1.0182475908108424,0.02082123986531094,1.0,1,1,2,1,18,1,0,0.5749057826640058,,1,0,1.0165870520175802,,1,0,-1.9635612952783248,-2.244412971986835,1,23,1,0.9637773350296369,-1,1,1,1,1,80,0,1,1,0,6,2,5,8,-0.0033606183537770954,-0.0028805300175232247,-0.0009361722556949606,0.013490482248733943,DOWN,0.0009841810893205223,0.003816702273218185,0.0009841810893205223,0.003816702273218185,0.0009841810893205223,0.006577210206677942,0.020187714539475352,0.006577210206677942
2026-08-05T06:30:00+00:00,PAXGUSD,30m,122,0.11626789660805577,0.1729605073508172,0.04708369366772452,0.3363120976265975,0.4857142857142987,1,0,0.7671381365242224,10.706880315796298,1.3348040193854869,6.9187962178020825,1.7451726669624623,4.412874962165461,,,0.005676658828612645,0.0041036864757697565,,,76.97653581244117,26.97653581244117,18.39827518378388,15.661598577898571,2.736676605885309,0.3891337148383407,57.13633272833984,11.692342395792561,0.280876871235528,0.9256463877872454,0.01915305559088615,1.0,1,1,4,1,20,1,0,0.5008648025367628,,1,0,0.9428749879888754,,1,0,-1.8905544345152365,-2.1716152589603173,1,25,1,0.8900259440761069,-1,1,1,1,1,80,0,1,1,0,6,2,5,8,0.00016815604881325504,-0.002666474488325253,0.002594407610262367,0.01688767175939276,DOWN,0.0012731815124435912,0.0028586528298262096,0.0012731815124435912,0.0034399923128664886,0.0041318343422695825,0.005837417123090271,0.020947439223599457,0.005837417123090271
2026-08-05T07:00:00+00:00,PAXGUSD,30m,124,0.2955475330926533,0.0,0.045728038507813144,0.34127557160046645,0.13399153737656694,0,1,0.4557811074464356,8.558239895696715,1.0525739414977198,6.298742683176897,1.4950864667000863,4.1948424178199275,,,0.005967928340512843,0.004425125252023665,,,68.2206244024944,18.220624402494394,18.12485046952861,16.654785001212904,1.4700654683157062,-1.3563418862683907,58.738226944508106,11.6317646167803,0.2799462001631841,0.766243715044073,0.01766700963885821,0.99,1,1,6,1,22,1,0,0.31407942238267583,,1,0,0.7569193742479117,,1,0,-1.706377858002409,-1.987966305655834,1,27,1,0.28038507821900444,-1,1,1,1,1,80,0,1,1,0,7,2,5,8,9.626955475322171e-05,-0.0015643802647412755,0.00808423586040918,0.018339350180505372,DOWN,0.0022382671480144843,0.001155234657039755,0.0022382671480144843,0.002791817087846056,0.008387484957882158,0.003971119133574007,0.02286401925391095,0.003971119133574007
2026-08-05T07:30:00+00:00,PAXGUSD,30m,126,0.1298919972097406,0.028864888268823947,0.024054073557356937,0.18281095903592148,0.8421052631579262,1,0,0.4293740224731748,5.380781411216958,1.0270646234504097,5.12136915890369,1.4913428437062044,3.676213169008406,,,0.005976906009772349,0.004642782202557946,,,67.89773989954651,17.897739899546508,16.62140977051331,16.727331160942107,-0.10592139042879722,-2.6086016153704144,57.930147419198875,11.202388878754467,0.2694630861076773,0.7648140884544018,0.015617342242052934,0.95,1,1,8,1,24,1,0,0.3692300291054378,,1,0,0.8118249825608185,,1,0,-1.7607581843985345,-2.042190845019606,1,29,1,0.33555432612512487,-1,1,1,1,1,80,0,1,1,0,7,2,5,8,-0.00107040627330234,-0.004089192504750679,0.0062300050513553595,0.019700286243475244,DOWN,0.0016837851490149856,0.002121569287759031,0.0016837851490149856,0.004161354725422794,0.011714333822432785,0.004522165828783148,0.022298126187669836,0.004522165828783148
2026-08-05T08:00:00+00:00,PAXGUSD,30m,128,0.1925391095066185,0.031287605294829886,0.0,0.22382671480144842,0.0,0,1,0.2887367464981604,5.432340338886206,0.889808431314984,5.169399212044482,1.376502553315519,3.7584320428832143,,,0.006010716848168235,0.004866941220005351,,,63.018352188865556,13.018352188865556,15.560942887635065,16.45968145698046,-0.8987385693453938,-1.2948445986909967,57.875744760355396,11.039814900558724,0.2656995162589344,0.6749595186124902,0.015458707236453267,0.88,1,1,10,1,26,1,0,0.31407942238267583,,1,0,0.7569193742479117,,1,0,-1.706377858002409,-1.987966305655834,1,31,-1,-0.13116726835137948,-1,1,1,1,1,80,0,1,1,0,8,2,5,8,-0.0016847172081829122,-0.00149217809867625,0.005391095066185231,0.02101083032490979,NEUTRAL,0.0010108303249097034,0.0027436823104692266,0.0010108303249097034,0.003971119133574007,0.01227436823104693,0.003971119133574007,0.02286401925391095,0.003971119133574007
2026-08-05T08:30:00+00:00,PAXGUSD,30m,130,0.036110643010183206,0.06499915741834729,0.09388767182646758,0.19499747225499808,0.48148148148141495,0,1,0.2116319104285893,3.3688772388622965,0.7957999764431737,4.323847561751791,1.2967339064208088,3.3840792522587435,,,0.005841680660145844,0.005009339299776351,,,61.88360542305027,11.88360542305027,13.68511692102129,15.618418316254592,-1.9333013952333022,-1.7614411487320911,55.87343621349642,10.601677133645072,0.25522225218818634,0.6175222885442428,0.013608020982733298,0.76,1,1,12,1,28,1,0,0.2876814559811218,,1,0,0.730638676906049,,1,0,-1.680348588073852,-1.9620116035532764,1,33,-1,-0.0890729194251361,-1,1,1,1,1,80,0,1,1,0,8,2,5,8,-0.0006740653361899114,0.0019499747225499807,0.008161005320301536,0.022701557572401884,UP,0.0012759093863598503,0.002816630154794246,0.0024795974866992903,0.003707359349045388,0.012542430005537054,0.003707359349045388,0.024795974866992466,0.003707359349045388
2026-08-05T09:00:00+00:00,PAXGUSD,30m,132,0.02649517065297238,0.1806488908158104,0.0,0.20714406146878278,0.1279069767441307,1,0,0.12756804929035442,2.220101322515802,0.685038015414175,3.7652664343586366,1.1950966451321574,3.1363847418278965,,,0.005574699661238205,0.005100586297179825,,,59.81318483670707,9.813184836707073,11.64524352393164,14.35264031919721,-2.70739679526557,-1.2756456275953951,53.62897025244846,10.40022161013272,0.250505133081213,0.5368635143283376,0.011625650218559458,0.71,1,1,14,1,30,1,0,0.23484355806055351,,1,0,0.6780355035286882,,1,0,-1.6282486692198357,-1.9100609388924952,1,35,-1,-0.14211046077511733,-1,1,1,1,1,80,0,1,1,0,9,2,5,8,-0.0005780764506105057,0.005274947611821795,0.01604162150444405,0.022882192836669316,UP,0.0008767492834261453,0.003179420478358219,0.006816484813449956,0.003179420478358219,0.017366380037093326,0.003179420478358219,0.025339017751764295,0.003179420478358219
2026-08-05T09:30:00+00:00,PAXGUSD,30m,134,0.012052549114137641,0.09400988309026483,0.11088345185007506,0.2169458840544775,0.5666666666667071,1,0,0.04240221327228422,0.8946861166168674,0.5620999053874196,3.0828545593594754,1.075242691217717,2.812744520601882,,,0.005196976921151354,0.005131427858302976,,,56.6546847813197,6.654684781319702,9.366214284505986,12.724780425288468,-3.3585661407824823,-1.0028509478185157,48.95766296796686,10.389068633226668,0.2504295199042224,0.4140192826711349,0.009472473042286138,0.69,-1,1,16,-1,1,1,0,0.15788839339520747,,1,0,0.6014222007954858,,1,0,,-1.8343979751717465,1,37,-1,-0.15788839339518554,-1,1,1,1,1,80,0,1,1,0,9,2,5,8,0.0016391466795227629,0.009663733879715595,0.01998312643124012,0.022369531155839503,UP,0.0016632517777509066,0.002410509822827528,0.009967458117391916,0.002410509822827528,0.020007231529468483,0.002410509822827528,0.026129926479450317,0.002410509822827528
2026-08-05T10:00:00+00:00,PAXGUSD,30m,136,0.2606091346037718,0.0,0.007245851749877591,0.26785498635364935,0.027051397655561582,0,1,-0.14982322968841846,-0.052649233335614554,0.3272531759248771,2.521235600546788,0.8397761719285249,2.538330462349222,,,0.004770764056132956,0.0051252299600364785,,,48.708106326321484,-1.2918936736785156,7.125010658401152,10.952524026845703,-3.827513368444551,-0.6746399335920525,44.00610848098728,10.374247954159793,0.25056754230755723,0.07112304100727325,0.007324249657345479,0.68,-1,1,18,-1,3,1,0,-0.039852184624293796,,1,0,0.4045600560346088,,1,0,,-1.6399777793879693,1,39,-1,-0.3562543777020769,-1,1,1,1,1,80,0,1,1,0,10,2,5,8,0.0064488080573871015,0.010361568002318584,0.025046494215394975,0.023766393739584,UP,0.00787382556819541,0.0004347511049924358,0.015868415332222257,0.0004347511049924358,0.025891843586213513,0.0004347511049924358,0.02816221046784036,0.0004347511049924358
2026-08-05T10:30:00+00:00,PAXGUSD,30m,138,0.01904165059776233,0.024103355187042035,0.11834747396837289,0.16149247975317726,0.8507462686567123,1,0,0.04428074082109203,-0.19321173068965436,0.49014122773915925,2.2673151391436477,1.0018048787703615,2.4087811843428426,,,0.004458604869180672,0.005116636510312023,,,55.03582539207242,5.035825392072418,6.017965444231777,9.264188222165428,-3.246222777933651,0.015289447392868638,38.77830165857019,10.285958695168379,0.24792611586888688,0.28835237714349876,0.006002611726729672,0.65,-1,1,20,-1,5,1,0,0.1651079830312467,,1,0,0.6086097184728333,,1,0,,-1.8414963362900136,1,41,-1,-0.1506459699189908,-1,1,1,1,1,80,0,1,1,0,10,2,5,8,0.007288854608561459,0.006893559583493891,0.022440223679136003,0.02082529888160423,UP,0.008050520632471952,0.0007713073659853012,0.013787119166988,0.0007713073659853012,0.024392595449286496,0.0007713073659853012,0.02605572695719231,0.0007713073659853012
2026-08-05T11:00:00+00:00,PAXGUSD,30m,140,0.16098029793368135,0.052859202306579,0.1033157135992355,0.3171552138394959,0.8333333333333448,1,0,0.30962569748552127,2.343878832700284,0.7498509998530958,3.1561797958802345,1.2673131536721371,2.8569615123769836,,,0.0044022530236757455,0.005174621538190413,,,63.478580137077216,13.478580137077216,6.516659628377056,8.198248536214695,-1.6815889078376394,1.8255315329498139,37.14002790701522,10.461872548384918,0.2513664716094406,0.8354398632950337,0.00563163133094941,0.7,1,1,22,1,0,1,0,0.2787121576165392,,1,0,0.9238346948582588,,1,0,,-2.152811148486302,1,43,1,0.3159538683325237,-1,1,1,1,1,80,0,1,1,0,11,2,5,8,0.007712638154733388,0.006198942815953912,0.014440172993753091,0.019053339740509413,UP,0.010571840461316675,0.0010091302258529117,0.010571840461316675,0.0010091302258529117,0.02114368092263335,0.0010091302258529117,0.02280153772224883,0.0010091302258529117
2026-08-05T11:30:00+00:00,PAXGUSD,30m,142,0.15813686026452853,0.1533448341958893,0.09584052137243626,0.4073222158328541,0.6235294117647273,1,0,0.49389763037540985,5.229796504772821,0.9527926427489446,4.316873390968794,1.4843437340748697,3.4605705110079725,,,0.004588950123735347,0.005315510913259252,,,69.36735325508464,19.367353255084637,8.210780478135348,8.043830103017829,0.1669503751175192,2.7491202110828112,38.75720400396563,11.236512554474714,0.26922830540719556,1.1115903617728446,0.0072216710664486415,0.95,1,1,0,1,2,1,0,0.4073222158328541,,1,0,0.6722014567759318,,1,0,,-2.4247651907226437,1,45,1,0.5930132259919494,-1,1,1,1,1,80,0,1,1,0,11,2,5,8,-0.00023960130343109065,0.010710178263369709,0.014256277554149894,0.01574180563542261,UP,0.0077630822311672495,0.00043128234617600676,0.012027985432240706,0.00043128234617600676,0.01830553958213524,0.00043128234617600676,0.019958788575809676,0.00043128234617600676
2026-08-05T12:00:00+00:00,PAXGUSD,30m,144,0.22800035334086607,0.03008172201146969,0.022441919595844895,0.28052399494818064,0.8927659574467899,1,0,0.7154570722651148,7.805570381457983,1.2153305813135726,5.473630531224444,1.76930548918799,4.083143964159717,,,0.004998735090484579,0.005539749078744174,,,75.35320154014964,25.35320154014964,10.861328063918336,8.813021903003959,2.048306160914377,2.8329302688193643,41.32201987614912,11.171278682174613,0.2667073808172825,1.1780692376537516,0.010973414208156243,0.92,1,1,2,1,4,1,0,0.7637414977355096,,1,0,1.027672796812294,,1,0,,-2.773964508342904,1,47,1,0.9487679624885649,-1,1,1,1,1,80,0,1,1,0,12,2,5,8,-0.00028410515233061946,0.010220623169133166,0.010172874404035647,0.011700834887157783,UP,0.0041565300017427954,0.004008508829940377,0.010244497551682035,0.004008508829940377,0.014661258323206581,0.004008508829940377,0.016308590719072407,0.004008508829940377
2026-08-05T12:30:00+00:00,PAXGUSD,30m,146,0.26295658825779306,0.09083954867087833,0.02868617326448217,0.3824823101931536,0.07499999999998863,0,1,0.4584963534806111,8.552224280513656,0.9945664248802009,5.988276395797584,1.5732642134881472,4.403314772348494,,,0.005360700713995898,0.005786977886079463,,,66.71079692583365,16.710796925833648,12.554495095679158,10.131604225781441,2.422890869897717,1.3944298308675815,44.4188131639106,12.06860253718117,0.2885016862015005,0.8767266813057917,0.014124301463951655,1.0,1,1,4,1,6,1,0,0.6358768406961048,,1,0,0.9001482118951939,,1,0,,-2.648689998087582,1,49,1,0.8211417096959136,-1,1,1,1,1,80,0,1,1,0,12,2,5,8,0.003107668770319373,0.01453432778733988,0.013386880856760375,0.013100019124115554,UP,0.0032271944922547336,0.002725186460126132,0.015371007840887404,0.002725186460126132,0.015968636450564205,0.002725186460126132,0.017618091413272093,0.002725186460126132
2026-08-05T13:00:00+00:00,PAXGUSD,30m,148,0.11251017379230667,0.2178388471298024,0.0,0.33034902092210905,0.34057971014490984,1,0,0.2720890211103156,4.032501055022294,0.7955284915984729,4.2704466075783785,1.3825045227383193,3.5895959301824405,,,0.005234394704881573,0.005869760311398464,,,60.79656424929485,10.796564249294853,11.288340740269632,10.61463922583929,0.6737015144303413,-2.177736906781865,43.50551251183325,12.221397085630652,0.2925598957636485,0.7427349321823743,0.014613772978591049,1.0,1,1,6,1,8,1,0,0.4979173648680824,,1,0,0.7625556566285145,,1,0,,-2.5135251591899164,1,51,1,0.12328242447454485,-1,1,1,1,1,80,0,1,1,0,13,2,5,8,0.011490400727725381,0.01544022597788098,0.015535979317278821,0.01634988270215928,UP,0.012376119117154387,0.00031119835304238824,0.017379231100684726,0.00031119835304238824,0.017379231100684726,0.00031119835304238824,0.01903097620529516,0.00031119835304238824
2026-08-05T13:30:00+00:00,PAXGUSD,30m,150,0.009790343378381357,0.14088542910357793,0.13825875161182394,0.28893452409378323,0.5123966942148841,1,0,0.4262903767437849,5.110505398782152,0.962138347624889,4.696402270201361,1.5637832096145419,3.831352780286579,,,0.005358479708811042,0.006016448619896526,,,65.42043147976,15.420431479759998,11.79926905981938,11.014222824814993,0.785046235004387,-0.4733922507966639,43.39567550333559,12.19140871158963,0.2911172623236456,0.8289244431895306,0.015961019508565866,0.98,1,1,8,1,10,1,0,0.7450212522087927,,1,0,1.009002340130859,,1,0,,-2.755623477721001,1,53,-1,-0.026266774917604808,-1,1,1,1,1,80,0,1,1,0,13,2,5,8,0.010315678876737145,0.00819045799703906,0.014422847318400982,0.019556807870480832,UP,0.01167677539519548,0.0020774631071206404,0.014852667271598409,0.0020774631071206404,0.016500310425521622,0.0020774631071206404,0.0198194756196571,0.0020774631071206404
2026-08-05T14:00:00+00:00,PAXGUSD,30m,152,0.5239077353436304,0.13038427802669322,0.05452433444753056,0.7088163478178543,0.816053511705689,1,0,0.9834560069801144,8.746241380862557,1.5689171369667423,6.2553871014051765,2.1964583000044997,4.657904970061281,,,0.00585461129986628,0.0062754116303775755,,,75.68705595863777,25.68705595863777,14.610205683867207,11.96578842285124,2.644417261015967,1.8311291001175487,45.111300793328276,13.815041184993104,0.3275025765117015,1.0784598173761608,0.019425383038867358,1.0,1,1,0,1,12,1,0,0.5808026930280186,,1,0,0.9553611644501383,,1,0,,-3.458739302562646,1,55,1,0.6969632316336094,-1,1,1,1,1,80,0,1,1,0,14,2,5,8,0.005950264324490779,0.003508522390536515,0.006732569992650981,0.01021738615081892,UP,0.007514875660811183,0.00068748073868633,0.007514875660811183,0.0012564303155299958,0.009150605694236886,0.0012564303155299958,0.01244577199345708,0.0012564303155299958
2026-08-05T14:30:00+00:00,PAXGUSD,30m,154,0.1488868932268108,0.002363284019482058,0.18669943753841628,0.33794961478470914,0.9930069930069677,1,0,1.0682059861942075,13.751911878665851,1.7349212116397266,8.571466524595962,2.4040006110147933,5.9021004422675105,,,0.006667152254455191,0.006690793993750669,,,78.76637511121778,28.766375111217783,18.607206807393595,14.049883226047829,4.557323581345766,3.3954784502167605,48.02174605667326,13.842050817672686,0.32712697494145404,1.0225537786785923,0.02379070772210874,1.0,1,1,2,1,14,1,0,0.5990924989365308,,1,0,1.2619936663988192,,1,0,,-3.757621590962792,1,57,1,1.0043957082762207,-1,1,1,1,1,80,0,1,1,0,14,2,5,8,-0.0025523467410311653,-4.7265680389426226e-05,0.0023396511792788547,0.010587512407241146,NEUTRAL,0.004395708276220722,0.002694143782199659,0.004395708276220722,0.004348442595831082,0.0060263742496573245,0.004348442595831082,0.011556458855225351,0.004348442595831082
2026-08-05T15:00:00+00:00,PAXGUSD,30m,156,0.3039585296889641,0.0824693685202639,0.0353440150801131,0.42177191328934105,0.8044692737430128,1,0,1.1412576904107745,14.12299362403337,1.8823644119198446,9.120296472724476,2.594071613573213,6.285490288664732,,,0.007411067215090702,0.007117072016533688,,,81.25653715854706,31.25653715854706,21.662243970925374,16.50287682562827,5.159367145297104,1.3803115138565225,51.15574443371639,14.235237694829971,0.33542030383670995,1.0027979970703778,0.026295203218549917,1.0,1,1,4,1,16,1,0,0.8942035815268786,,1,0,1.5551366635249764,,1,0,,-4.043355325164937,1,59,1,1.2983034872761632,-1,1,1,1,1,80,0,1,1,0,15,2,5,8,-0.003275212064090395,-0.0011310084825636622,-0.0012488218661640391,0.007327992459943536,NEUTRAL,0.001413760603204524,0.0073044297832233745,0.001413760603204524,0.0073044297832233745,0.003039585296889641,0.0073044297832233745,0.011498586239396839,0.0073044297832233745
2026-08-05T15:30:00+00:00,PAXGUSD,30m,158,0.03536151252976261,0.05422098587897362,0.08251019590277942,0.17209269431151564,0.4794520547945086,0,1,0.8911168765907118,13.633108159356198,1.6914512855638688,9.298589708192594,2.4453359011804094,6.487784562219531,,,0.00800334408973157,0.007538846156165404,,,79.34634712877332,29.346347128773317,23.26781262368877,18.859421525402027,4.408391098286742,-0.24421615473789693,54.22356937931604,13.717628420542159,0.32338405951441945,0.8867544373085101,0.02705027429005084,0.94,1,1,6,1,18,1,0,0.845140149461335,,1,0,1.5064004337678787,,1,0,,-3.995850915863164,1,61,1,1.2494401093849454,-1,1,1,1,1,80,0,1,1,0,15,2,5,8,-0.0026167519272023046,9.429736674616227e-05,-0.0015794808929960203,0.00869893208232173,NEUTRAL,9.429736674616227e-05,0.006812984747400844,0.0011787170843254203,0.006812984747400844,0.003536151252976261,0.006812984747400844,0.011999339918432907,0.006812984747400844
2026-08-05T16:00:00+00:00,PAXGUSD,30m,160,0.03789583382677728,0.05921224035432604,0.17763672106297812,0.27474479524408146,0.7844827586206964,1,0,0.3520565676151938,7.11508400346338,1.1371496782781942,6.8666335599273225,1.9105852377326542,5.35741363535999,,,0.007850931106630005,0.007734355594544599,,,63.44279014077733,13.442790140777333,20.32546157741308,19.605446332302392,0.7200152451106874,-4.297772455697594,51.288672282350724,14.1356081789369,0.33480041161831553,0.6729718608170463,0.02454356122211047,0.97,1,1,8,1,20,1,1,0.38014258307479903,-0.2226380237322573,1,0,1.0445039198503199,,1,0,,-3.54562895241705,1,63,1,0.2652708367873979,-1,1,1,1,1,80,0,1,1,0,16,2,5,8,0.002865872433149251,0.006181757892991509,0.004547500059212197,0.014945169465431764,UP,0.003481679732834328,0.0003079036498425385,0.008242343857322013,0.0003079036498425385,0.008242343857322013,0.0003079036498425385,0.016982070533620667,0.0003079036498425385
2026-08-05T16:30:00+00:00,PAXGUSD,30m,162,0.03779735890955479,0.07961068720322909,0.10394273700124344,0.22135078311402728,0.6403415154749275,1,0,0.506266540868437,5.998061962019165,1.2895282810987678,6.384231902109605,2.081940518152428,5.165827961981449,,,0.007832617402303309,0.007924122370536602,,,67.50566424978038,17.50566424978038,19.15974050316072,19.52556130324727,-0.36582080008654927,-2.629904782577313,49.069309751895325,13.573968276736414,0.3206625942391253,0.7345113311793668,0.02300882138900941,0.9,1,1,10,1,22,1,1,0.1712692825588812,0.03779735890955479,1,0,1.3016465474475056,,1,0,,-3.7962722354775518,,,1,0.03779735890955479,-1,1,1,1,1,80,0,1,1,0,16,2,5,8,0.0016300111029740937,0.0032127755073112973,0.001464647657744872,0.009730457584276203,UP,0.002126101438661973,0.0015827644043374188,0.005622357137794824,0.0015827644043374188,0.005622357137794824,0.0015827644043374188,0.014339373036309043,0.0015827644043374188
2026-08-05T17:00:00+00:00,PAXGUSD,30m,164,0.007090187180945876,0.04490451881264289,0.08035545471732927,0.13235016071091804,0.6607142857142103,1,0,0.3786689220151185,5.764399928092644,1.1498110030593587,6.264260206446124,1.9582417851654166,5.15391430794898,,,0.0077114208104424025,0.00808430782106058,,,65.93365843318537,15.933658433185371,17.56211807451018,18.946926149950695,-1.3848080754405139,-1.431088759306565,47.304584432461375,12.77398285085951,0.3018997648624388,0.6741864504464443,0.02192823235486462,0.88,1,1,12,1,24,1,1,0.12644167139344523,-0.007090187180945876,1,0,1.2573265267536353,,1,0,,-3.753072414445068,,,0,-0.007090187180945876,-1,1,1,1,1,80,0,1,1,0,17,2,5,8,0.0051285687275476975,0.002387029684250417,0.0015125732652676654,0.008011911514464112,UP,0.006073927018339908,0.0011344299489506953,0.006073927018339908,0.0011344299489506953,0.006073927018339908,0.0011344299489506953,0.014794857250898177,0.0011344299489506953
2026-08-05T17:30:00+00:00,PAXGUSD,30m,166,0.11558784676353172,0.04717871296471032,0.09671636157766475,0.2594829213059068,0.8181818181818182,1,0,0.47403525595775653,5.613488376511668,1.2380428752618997,6.153436661159503,2.0615092573940905,5.139507316163872,,,0.007640076193041432,0.008234663821321908,,,69.26005300634279,19.260053006342787,16.71778816164715,18.185352713051188,-1.4675645514040383,-0.537832013658246,46.421834307718605,12.436750519363581,0.2933749414833832,0.718986564263395,0.02087971848671457,0.85,1,1,0,1,26,1,0,0.31491790903942857,,1,0,0.18989431968296336,,1,0,,-3.9347046612568346,,,1,0.3373277976976831,-1,1,1,1,1,80,0,1,1,0,17,2,5,8,0.0025948292130590677,-0.00011794678241177582,-0.00028307227778821907,0.003396867333459272,NEUTRAL,0.004175316097376821,0.0004481977731646623,0.004175316097376821,0.0010615210417059824,0.004175316097376821,0.0016040762408001939,0.012879788639366004,0.0016040762408001939
2026-08-05T18:00:00+00:00,PAXGUSD,30m,168,0.07307356858308851,0.10843174692971864,0.018857695118218464,0.20036301063102563,0.4588235294118289,1,0,0.45224816427302267,6.124873705034588,1.2115077260770402,6.329489205475511,2.050486875188292,5.2691805906997615,,,0.007592595618040174,0.008389791491112518,,,70.56290673041124,20.562906730411243,16.131182142514263,17.48737963790397,-1.3561974953897078,0.22253170080429285,46.31436948547615,11.649034886594121,0.2745924353910407,0.7338858175544066,0.01596320837592001,0.76,1,1,2,1,28,1,0,0.13318247177240047,,1,0,0.2628291257101229,,1,0,,-4.004903000730738,,,1,0.2522216722061103,-1,1,1,1,1,80,0,1,1,0,18,2,5,8,-0.0002357211889776772,-0.0016736204417415938,0.0008014520425240167,0.0030643754567098035,DOWN,0.0034415293590739585,0.0006906630837046628,0.0034415293590739585,0.0018150531551280715,0.0034415293590739585,0.002333639770879133,0.012139641232350375,0.002333639770879133
2026-08-05T18:30:00+00:00,PAXGUSD,30m,170,0.11534296878679313,0.0,0.11063509250976457,0.2259780612965577,0.48958333333329584,0,1,0.4738486182989619,6.9752367517412495,1.2408321731915326,6.68054732116434,2.098636515138074,5.490857658019195,,,0.007669835548925705,0.008578043419465413,,,70.01480722684857,20.014807226848575,16.38474387129645,17.123204909853257,-0.7384610385568067,0.6972337666423627,47.432631915110164,11.724933142012304,0.2759976729441247,0.8122893749268181,0.011638875018054337,0.76,1,1,1,1,30,1,0,0.27187985499741496,,1,0,0.40134645261522955,,1,0,,-4.138223247493049,,,1,0.3907537309919367,-1,1,1,1,1,80,0,1,1,0,18,2,5,8,-0.0031307377242126505,-0.0016242173155688613,0.005060966997787298,0.000378984040299558,DOWN,0.000941575255402288,0.0031778164869827224,0.000941575255402288,0.0037192222588390807,0.005319900193023013,0.0037192222588390807,0.01073395791158617,0.0037192222588390807
2026-08-05T19:00:00+00:00,PAXGUSD,30m,172,0.05180493088750837,0.05415970047331297,0.044740622130116,0.15070525349093736,0.29687499999996003,0,1,0.3520110003477831,5.80013711423635,1.110113984772283,6.221374132301207,1.9815210936424694,5.3061166460393,,,0.007581029844244997,0.008714071088701867,,,67.35791633375766,17.357916333757657,15.586267920074533,16.667637743569287,-1.0813698234947537,-0.36313194984870734,47.99300816062008,10.905171943877892,0.2567916722131983,0.769753398547972,0.008543848154563499,0.6,1,1,3,1,32,1,0,0.2366543433725053,,1,0,0.36616667059128694,,1,0,,-4.104363388042474,,,1,0.1189158640827038,-1,1,1,1,1,80,0,1,1,0,19,2,5,8,-0.0026137942402334646,-0.0017425294934889765,0.003461511291120121,0.0010360986177503817,DOWN,-2.3547695857831802e-05,0.0028492711988130676,-2.3547695857831802e-05,0.0033673205076883658,0.0056749947017685175,0.0033673205076883658,0.011090964749099387,0.0033673205076883658
2026-08-05T19:30:00+00:00,PAXGUSD,30m,174,0.0,0.02357767665574234,0.10138400961969636,0.1249616862754387,0.8113207547169876,0,0,0.1842980514407741,3.3057811751459667,0.9085287275930335,5.133994345118481,1.783918913789833,4.787888368575295,,,0.0072423067615225946,0.008753901861967995,,,62.2765889214495,12.276588921449502,13.482487972930358,15.683676928996285,-2.201188956065927,-1.4602901144247866,45.98181274884227,10.26767376793554,0.24208789210703177,0.5893908190701361,0.008116488815577945,0.41,1,1,5,1,34,1,1,0.10963619644921475,-0.053049772475420275,1,0,0.23931341805579764,,1,0,,-3.982269587154884,,,0,-0.008252186829496954,-1,1,1,1,1,80,0,1,1,0,19,2,5,8,-0.0007544856529837121,-0.0008723740362624238,0.008228609152853991,0.0034187631150826396,NEUTRAL,9.431070662288359e-05,0.002098413222361197,0.0002121990899015953,0.002098413222361197,0.009195293895739514,0.002098413222361197,0.01237828024426473,0.002098413222361197
2026-08-05T20:00:00+00:00,PAXGUSD,30m,176,0.08021327293744866,0.00707764172977993,0.009436855639713727,0.09672777030694232,0.926829268292645,1,0,0.10847058931334914,1.4416938871381717,0.7859380805042872,4.192664522349332,1.657825279949208,4.319624928968551,,,0.006774674911909381,0.008718871994449205,,,58.89503812499197,8.89503812499197,11.043230674176812,14.16966127529448,-3.1264306011176686,-1.3917762988915783,43.20315753994769,9.610392177454651,0.22672970904887468,0.516257205015536,0.007909950829774061,0.32,1,1,7,1,36,1,1,0.303158987425377,-0.11442187463138141,1,0,0.17812065019935786,,1,0,,-3.9233727322056224,,,-1,-0.0695968103427895,-1,1,1,1,1,80,0,1,1,0,20,2,5,8,-9.436855639692269e-05,-0.000165144973694722,0.008587538632127904,0.003255715195696837,NEUTRAL,0.0006157548304906179,0.0014863047632529271,0.0008257248684738246,0.0014863047632529271,0.012763347252695489,0.0014863047632529271,0.012999268643688009,0.0014863047632529271
2026-08-05T20:30:00+00:00,PAXGUSD,30m,178,0.014166981488486111,0.0708349074423876,0.0,0.08500188893087372,0.0,0,1,0.020403728763991612,0.7175770822150298,0.6494620664902067,3.667277015824766,1.514551664416354,4.0455488607794905,,,0.00629058337726215,0.008650895979261474,,,55.7346235779904,5.734623577990398,8.865834056100539,12.426314963508936,-3.5604809074083974,-0.6308488937188432,40.71764113294537,8.815593255050173,0.20815057742373852,0.43259121436933917,0.00780702954091246,0.25,1,1,9,1,38,1,1,0.22076879486209516,-0.19715715904798742,1,0,0.09562712504722758,,1,0,,-3.8439743105402284,,,-1,-0.15229505100112908,-1,1,1,1,1,80,0,1,1,0,20,2,5,8,0.0008500188893087372,0.0024792217604835665,0.010294673214960418,0.0032584057423498732,UP,0.0014426709482434318,0.0006611258027956606,0.0028806195693237197,0.0006611258027956606,0.013600302228938507,0.0006611258027956606,0.0138364185870798,0.0006611258027956606
2026-08-05T21:00:00+00:00,PAXGUSD,30m,180,0.056586423973794486,0.00023577676656256994,0.016504373659015352,0.0733265743993724,0.9967845659163291,1,0,0.14091292433289368,1.0785608314727142,0.7342678439607464,3.5862099634741753,1.592719108948459,3.988140808204662,,,0.005933549196278527,0.008584512649877127,,,60.1880052068497,10.188005206849702,7.810259321722697,10.82419386217413,-3.0139345404514337,0.39896979928235154,37.96437827645258,8.208547245425965,0.1935384727660379,0.5805499849356284,0.0059594802453087,0.22,1,1,11,1,40,1,1,0.3642751043312149,-0.053049772475420275,1,0,0.23931341805579764,,1,0,,-3.982269587154884,,,0,-0.008252186829496954,-1,1,1,1,1,80,0,1,1,0,21,2,5,8,-0.000825218682950982,0.006696060170230739,0.010350600051870803,0.0034423407917382534,UP,0.0002121990899015953,0.001320349892721657,0.006955414613443991,0.001320349892721657,0.01237828024426473,0.001320349892721657,0.01237828024426473,0.001320349892721657
2026-08-05T21:30:00+00:00,PAXGUSD,30m,182,0.02594768004152487,0.007076640011326915,0.00943552001508825,0.042459840067940034,0.8333333333332491,1,0,0.07881819840955438,1.2643094334734997,0.6354660162455736,3.474313772510868,1.4861177774201932,3.9156914088043777,,,0.005566478178360192,0.008506517611746197,,,57.8329878985914,7.832987898591398,6.701529247929102,9.41815855918991,-2.7166293112608084,0.6779205536269881,35.87521286237512,7.411961655494873,0.1748392813788803,0.4703323730997304,0.005445571223596468,0.09,1,1,13,1,42,1,1,0.31726936050762666,-0.10025240016040383,1,0,0.1922487203076108,,1,0,,,,,1,0.057674616092293976,-1,1,1,1,1,80,0,1,1,0,21,2,5,8,-0.00014153280022653829,0.00521312480834087,0.008253721133205901,0.0022409360035854976,UP,0.0006840752010944344,0.0008491968013588007,0.007430472011888755,0.0008491968013588007,0.012855896020569434,0.0008491968013588007,0.012855896020569434,0.0008491968013588007
2026-08-05T22:00:00+00:00,PAXGUSD,30m,184,0.009439305267123754,0.09911270530488525,0.044836700018891486,0.15338871059090048,0.29230769230777626,0,1,0.029266325104480396,0.752870080462344,0.548738871934637,3.085516096808533,1.3893235400789123,3.6997638954708236,,,0.005194725468301566,0.008405846681442754,,,55.8474491406383,5.847449140638297,5.645504168292973,8.149157682923027,-2.503653514630054,0.4038583860460321,33.99416896022742,6.91490571315627,0.1631797647997987,0.3449930927234062,0.004723593224542688,0.02,1,1,15,1,44,1,1,0.2772795922220124,-0.14040966584858924,1,0,0.15220879743252613,,1,0,,,,,1,0.017580706060052867,-1,1,1,1,1,80,0,1,1,0,22,2,5,8,0.003350953369831937,0.009108929582782577,0.006489522371153482,0.005781574476118557,UP,0.0035397394751746267,9.439305267145216e-05,0.010076458372663728,9.439305267145216e-05,0.013262223900320893,9.439305267145216e-05,0.013262223900320893,9.439305267145216e-05
2026-08-05T22:30:00+00:00,PAXGUSD,30m,186,0.0,0.04247286455875842,0.004719207173190612,0.04719207173194903,0.09999999999990905,0,0,0.0320878540415778,0.41085283230586356,0.5153870793830175,2.7603706837517166,1.3438795326057973,3.50973296142638,,,0.0048329922534143975,0.008284924532227796,,,56.25116557691275,6.251165576912747,4.737756232353604,6.988701188322627,-2.2509449559690227,0.3214050344684578,32.66505335659667,6.164893191446005,0.14546704085526202,0.3546911435843046,0.004584331513304578,0.01,1,1,17,1,46,1,1,0.2866918357715818,-0.13095799905616284,1,0,0.161632845681934,,1,0,,,,,-1,-0.022416234072671497,-1,1,1,1,1,80,0,1,1,0,22,2,5,8,0.006937234544596422,0.008754129306276632,0.0036809815950921104,0.006512505899009052,UP,0.007739499764039684,2.3596035866060358e-05,0.012930627654554078,2.3596035866060358e-05,0.013166588013213822,2.3596035866060358e-05,0.013166588013213822,2.3596035866060358e-05
2026-08-05T23:00:00+00:00,PAXGUSD,30m,188,0.16016204630567826,0.040040511576414216,0.0070659726311155385,0.207268530513208,0.8068181818181865,1,0,0.18888620535724565,1.183487239142778,0.6485209331194026,2.899365633097659,1.466290512888599,3.5498963586842365,,,0.004596347277621569,0.008177695797691965,,,63.85357218373303,13.853572183733029,4.65843774656787,6.1097925446805625,-1.4513547981126926,0.9395262243198896,33.04493445094696,5.997280353848811,0.14125539613841795,0.739059576200248,0.00470490793514257,0.02,1,1,0,1,48,1,0,0.46753185575993256,,1,0,0.1589843842004852,,1,0,,,,,1,0.1589843842004852,-1,1,1,1,1,80,0,1,1,0,23,2,5,8,0.004286690062887114,0.007796123136349804,0.002261111241962542,0.006147396189085513,UP,0.006901099936406289,4.710648420750833e-05,0.011093577030878387,4.710648420750833e-05,0.011329109451916142,4.710648420750833e-05,0.011329109451916142,0.0016016204630567826
2026-08-05T23:30:00+00:00,PAXGUSD,30m,190,0.41454903154787964,0.02576293416400131,0.06323629294797804,0.503548258659859,0.9488372093023086,1,0,0.650008469485087,5.110292275126994,1.1299631575106348,4.412063392951495,1.9490723703076807,4.292415862314556,,,0.00479954688025548,0.008191092127970458,,,77.69830719252025,27.698307192520247,7.148721253045551,6.186074897886405,0.962646355159146,3.026926131614717,36.72550991374033,7.177757039798233,0.16810916551041605,1.3858665110818893,0.007384637105956938,0.08,1,1,0,1,50,1,0,0.5000351312738472,,1,0,0.7201911141297984,,1,0,,,,,1,0.7201911141297984,-1,1,1,1,1,80,1,1,1,4,23,2,5,8,0.0035131273859990166,0.0036302316321989835,-0.00465840691383456,-0.0012413050097196952,UP,0.004660748998758823,0.0034428648382789934,0.005644424666838505,0.0034428648382789934,0.005644424666838505,0.005878633159238226,0.005644424666838505,0.007213621565918023
2026-08-06T00:00:00+00:00,PAXGUSD,30m,192,0.124372272023283,0.014079879851700469,0.15018538508470541,0.2886375369596889,0.5203252032519953,0,1,0.36155820292413526,6.96738211183856,0.8600079632961241,5.266883585727555,1.686425835253704,4.735395340314426,,,0.004984497603719888,0.008264178719575799,,,67.36654682454758,17.366546824547584,8.702657289945819,7.034289760059851,1.668367529885968,2.3258844722217518,39.60158017674188,7.658372141458607,0.17971493268546973,0.9344717449584719,0.009684328316414402,0.13,1,1,2,1,52,1,0,0.10677242220864676,,1,0,0.526822171117469,,1,0,,,,,1,0.1912517013188069,-1,1,1,1,1,80,1,1,1,4,0,3,6,8,0.0013141221194913324,0.0030248275214718938,-0.0024170460412069445,0.00032853052987293985,UP,0.007368470455718906,-0.0001407987985170047,0.007603135119913772,-0.0001407987985170047,0.007603135119913772,0.00394236635847357,0.007603135119913772,0.005279954944384475
2026-08-06T00:30:00+00:00,PAXGUSD,30m,194,0.2853000327393438,0.0958795191992976,0.0,0.3811795519386414,0.7484662576686921,1,0,0.6030470339734422,6.041779914679864,1.1214576119335693,4.988461164680302,1.9528035127693588,4.61139199396348,,,0.00518410577960127,0.008313459008357893,,,74.4483672468848,24.4483672468848,10.263498091555448,8.008360456356215,2.255137635199233,0.5306457163914242,42.05637887700173,8.676861693400596,0.20291056763950696,1.0696355997789888,0.01231132011231239,0.24,1,1,0,1,54,1,0,0.45250456012346135,,1,0,0.8711005097984192,,1,0,,,,,1,0.5366914550301628,-1,1,1,1,1,80,1,1,1,4,0,3,6,8,0.00032739348019282207,-0.0025957625929562355,-0.004770590711379177,-0.004069033253823403,DOWN,0.0038819512651420336,0.0028062298302230955,0.004115803750993958,0.0028062298302230955,0.004115803750993958,0.00872269772227683,0.004115803750993958,0.00872269772227683
2026-08-06T01:00:00+00:00,PAXGUSD,30m,196,0.3017473275478851,0.11227807536666233,0.10058244251596879,0.5146078454305162,0.19545454545455374,0,1,0.4533655079028899,8.020141834918832,1.0032784979833247,5.921989717953693,1.8476331914379691,5.104602777455511,,,0.005499129900804348,0.008443546934546445,,,67.66117769326141,17.661177693261408,12.010240432515275,9.406975979083025,2.6032644534322493,0.9621193034460296,44.187744277251944,9.941783807064837,0.23255090657680139,0.8800233692255097,0.015086264060173707,0.34,1,1,2,1,56,1,0,0.42689059905031457,,1,0,0.8455942551051565,,1,0,,,,,1,0.5110991555753166,-1,1,1,1,1,80,1,1,1,4,1,3,6,8,0.001543823536291421,-0.0050291221257982265,-0.005286426048513569,-0.0028771256812706557,DOWN,0.004374166686159345,0.0025496479614513217,0.004374166686159345,0.0056372950340343765,0.004374166686159345,0.008467638183902301,0.004374166686159345,0.008467638183902301
2026-08-06T01:30:00+00:00,PAXGUSD,30m,198,0.27811535944658655,0.19397962045433725,0.0,0.47209497990092375,0.5891089108910949,1,0,0.46535077687433013,5.210592295705283,1.0155464123717024,4.888618728491565,1.8620839397823687,4.609039488466806,,,0.005501956354973723,0.008465375274106663,,,66.15448350757742,16.154483507577424,11.792085298190614,10.208190511616264,1.5838947865743496,-1.4073028509006509,43.569457511352915,10.930415629561072,0.2554551656904055,0.8685954775772099,0.015508403134268376,0.6,1,1,4,1,58,1,0,0.5129942974665751,,1,0,0.9313358885668964,,1,0,,,,,1,0.34004861176031087,-1,1,1,1,1,80,1,1,1,4,1,3,6,8,-0.0025708142469851357,-0.005492194073104609,-0.006964569505468865,-0.005982985883892765,DOWN,0.003505655791343367,0.0032252033280359403,0.003505655791343367,0.00649714873328975,0.003505655791343367,0.009325044404973485,0.003505655791343367,0.009325044404973485
2026-08-06T02:00:00+00:00,PAXGUSD,30m,200,0.19135629608885976,0.20069074955662197,0.05133949407261781,0.4433865397180995,0.5473684210526124,1,0,0.5179047879271567,6.21411296768656,1.0806068362116668,5.320635742832565,1.9333335490081032,4.837231254431572,3.554730750940534,,0.005627020482845099,0.008527267127964365,0.01621397201932431,1,68.40418896398843,18.40418896398843,12.354495734454758,10.899048202247123,1.4554475322076357,-0.16551581135097315,44.00767578905449,11.67061347650933,0.2723469960914153,0.8791251230414259,0.016444096336408344,0.74,1,1,6,1,60,1,0,0.6615793895267305,,1,0,1.0792961822085316,,1,0,,,,,1,0.15635209558479926,-1,1,1,1,1,80,1,1,1,4,2,3,6,8,-0.0068608232987957705,-0.008258657705591203,-0.006837487165126524,-0.008354335853635812,DOWN,0.0010034537477831098,0.00798095771492575,0.0010034537477831098,0.009474470269765578,0.0010034537477831098,0.010804629888920047,0.0010034537477831098,0.010804629888920047
2026-08-06T02:30:00+00:00,PAXGUSD,30m,202,0.16166427640613656,0.0,0.09334883688284562,0.2550131132889822,0.3660550458715518,0,1,0.20115395574304817,5.0214847649313015,0.7579091847055746,4.890975170527781,1.6136619575485986,4.6382985515811015,3.2413348355463176,4.404199257727669,0.005567552289625264,0.00855752772843024,0.01627672877997719,1,59.40122161977506,9.401221619775058,11.588245188891051,11.266657993525229,0.32158719536582225,-0.9863960349499692,43.05181677022946,11.427722844541195,0.2673595578339606,0.6719101769218669,0.015994588778101376,0.67,1,1,8,1,62,1,0,0.4080209812623758,,1,0,0.8268039838195385,,1,0,,,,,-1,-0.11019373977900508,-1,1,1,1,1,80,1,1,1,4,2,3,6,8,-0.003928137772589124,-0.005425462474469351,-0.005963563539207631,-0.0031326840247152925,DOWN,0.00035327504684993724,0.0054488581729363154,0.00035327504684993724,0.0069461828748165425,0.00035327504684993724,0.008279737687428866,0.0007042105238531355,0.008279737687428866
2026-08-06T03:00:00+00:00,PAXGUSD,30m,204,0.0633044946191137,0.06799371644274778,0.018756887294557732,0.15005509835641923,0.12500000000003553,0,1,-0.016818828044926057,1.0302857146034512,0.49985169109839034,3.208316564566303,1.3454784066119785,3.7899778555083685,2.97217062766353,3.9804038218189817,0.005166705191433164,0.00845626715513588,0.016266922210515514,1,52.80322450581442,2.80322450581442,9.052400045659851,10.677670988131922,-1.6252709424720706,-2.7741229122186652,39.270732500612205,11.026965105752343,0.2585394271119632,0.49508947908521367,0.014060427629737266,0.55,1,1,10,1,64,1,1,0.19343040022508262,-0.31417786218376204,1,0,0.6131157534407292,,1,0,,,,,-1,-0.3259009167428579,-1,1,1,1,1,80,1,1,1,4,3,3,6,8,-0.004243745750392807,-0.002180488147991883,-0.000703383273545755,-0.007807554336357924,DOWN,-0.00016412276382751344,0.004806452369229326,-0.00016412276382751344,0.006142880588966431,-0.00016412276382751344,0.006142880588966431,0.002860425312419361,0.009730135284049611
2026-08-06T03:30:00+00:00,PAXGUSD,30m,206,0.0470189956742524,0.03056234718824695,0.03761519653941047,0.11519653940190983,0.32653061224499647,0,1,-0.23957615949349956,-2.1022377710387445,0.2111447377316981,1.7080922997001835,1.0354528696252063,3.0012893796538265,2.6556784177428003,3.5781429110129466,0.004507208972251976,0.00824308131893508,0.016202255481175938,1,45.521652659352576,-4.478347340647424,5.470097385901681,9.077829024056337,-3.6077316381546556,-2.8770545590534997,34.63560282580734,10.793148484041561,0.25374150094135695,0.23195539206938257,0.011780815596798121,0.48,-1,1,12,-1,1,1,1,0.12342486364491252,-0.16456648485988337,1,0,0.3444141433139116,,1,0,,,,,-1,-0.5971412450629969,-1,1,1,1,1,80,1,1,1,4,3,3,6,8,0.00011754748918563099,-0.0002586044762084737,0.0028211397404551437,0.002186383298852565,NEUTRAL,0.0011519653940190982,0.0021158548053413577,0.0017397028399472531,0.003455896182057722,0.003573443671243139,0.003455896182057722,0.005571750987398866,0.007052849351137859
2026-08-06T04:00:00+00:00,PAXGUSD,30m,208,0.051700232651042656,0.023500105750475876,0.03525015862571381,0.11045049702723235,0.3191489361702251,0,1,-0.16778919684673588,-2.4233737762924648,0.22976153144846828,1.270791853740775,1.0318335758922537,2.7261873551587996,2.6407018832213134,3.4274457914170853,0.003975507282952042,0.008020720444437855,0.016088683073290595,1,46.84198703457566,-3.1580129654243407,3.2878296705866887,7.167030527648146,-3.8792008570614573,-1.0875646389137703,30.34171296502576,10.06654129491335,0.2365647849719961,0.17707013811700656,0.009572161215885961,0.28,-1,1,14,-1,3,1,1,0.16332573496580305,-0.12455056047752643,1,0,0.3842267290202891,,1,0,,,,,-1,-0.40185180833312467,-1,1,1,1,1,80,1,1,0,3,4,3,6,8,-0.0023030103635466787,-0.0014805066622800228,0.0038775174488285195,0.000987004441519944,NEUTRAL,0.0005405024322609879,0.002514511315300876,0.0013395060277770821,0.0038540173430781717,0.0048645218903484635,0.0038540173430781717,0.005170023265104693,0.00744953352290081
2026-08-06T04:30:00+00:00,PAXGUSD,30m,210,0.0684736494102269,0.06564999376442625,0.002353046371472002,0.13647668954612516,0.5189655172414007,1,0,-0.23757903859146715,-3.2848479211834274,0.09561066029185866,0.6228340026273145,0.8698207790746202,2.338906211932226,2.4657829451193125,3.218041652085958,0.003331896988833258,0.007742101187827616,0.015959621660446923,1,43.980219220671046,-6.019780779328954,0.7284108210142222,5.010689832466674,-4.282279011452452,-0.5182858828811412,28.44175334211951,9.83033407571608,0.23131231927347526,0.11644391844587981,0.010661478938397233,0.24,-1,-1,1,-1,5,1,1,0.18141987524148223,-0.07976827199334387,1,1,0.2555408359432676,-0.1150639675655951,1,1,,,,,-1,-0.11624049075134181,-1,1,1,1,1,25,1,1,-1,3,4,3,6,8,0.0023036323976836524,0.0014330052402340893,0.0034330946559962055,0.003691929756859624,NEUTRAL,0.0024918761074022686,0.002567173591290143,0.002633058889691445,0.002567173591290143,0.006468524475211781,0.002567173591290143,0.006468524475211781,0.006167334539661781
2026-08-06T05:00:00+00:00,PAXGUSD,30m,212,0.0682176377878581,0.08468396415046373,0.06351297311285849,0.21641457505118034,0.2934782608696211,0,1,-0.17566233459472444,-2.4018823118985893,0.11358486428303867,0.6905130489458315,0.8632453531725374,2.305089675830459,2.4452723484057772,3.1832941626262254,0.002892471988777631,0.007496604888894987,0.0158202699523324,1,45.26949523774239,-4.73050476225761,-0.3294104411306762,3.1843523076888007,-3.513762748819477,0.8293210204539556,25.82505788596261,9.457634993857244,0.22247500632441589,0.1921318062539195,0.011405596263672635,0.22,-1,-1,3,-1,7,1,1,0.21170991037613793,-0.22347157206370113,1,1,0.28580837900779904,-0.08468396415044233,1,1,,,,,-1,-0.010585495518802618,-1,1,1,1,1,25,1,1,-1,3,5,3,6,8,-9.409329350063411e-05,-0.0005410364376279509,0.00275222883488975,0.0009644562583800555,NEUTRAL,0.0023288090141374315,0.0028698454517655965,0.0023288090141374315,0.0028698454517655965,0.0061631107242830835,0.0028698454517655965,0.0061631107242830835,0.00646891392815977
2026-08-06T05:30:00+00:00,PAXGUSD,30m,214,0.2460172000563996,0.04464495512006288,0.1510879270642486,0.44175008224071105,0.8989361702127863,1,0,-0.03237928378443324,-2.1756451578121414,0.2157996092543482,0.541692360829984,0.939284636682847,2.164709725792818,2.5048402046695566,3.094716767756836,0.0024817889303878145,0.007234850274284988,0.015655555679867095,1,49.5610123264815,-0.438987673518497,-1.1228659814887578,1.6145405556550327,-2.737406537143791,1.0541808131482284,23.096188632957638,9.908879152866765,0.23283235003681482,0.33783470062126786,0.012060815321680617,0.28,-1,-1,5,-1,9,1,1,0.3219136237605108,-0.11278725504018473,1,1,0.395930259880642,0.025847079280049902,1,1,,,,,1,0.09986371540015979,-1,1,1,1,1,25,1,1,-1,3,5,3,6,8,-0.0017623008600028197,0.0014803327224024111,0.0007049203440011279,-0.002866676065604544,NEUTRAL,0.0012218619296019122,0.0030781521688050106,0.0015743221016024762,0.0030781521688050106,0.0050519291320080826,0.0030781521688050106,0.0050519291320080826,0.007566145025612063
2026-08-06T06:00:00+00:00,PAXGUSD,30m,216,0.1669606114050644,0.03292181069957992,0.08465608465609321,0.2845385067607375,0.2975206611570459,0,1,-0.10443674556682987,-0.38187732873120694,0.12143553026179099,1.0948109797591314,0.8253546735691097,2.3834251566031526,2.379436380986265,3.1868240568292094,0.002258722758286209,0.007039191433073187,0.015540817074171553,1,47.290546309173344,-2.709453690826656,-0.9498781669408345,0.7292736324547197,-1.6791517993955543,1.8626886715957292,20.538784511915644,9.83265600425757,0.23122059974738557,0.304650463717937,0.011116691638294545,0.27,1,-1,7,1,1,1,1,0.24456202233979155,-0.19047619047619904,1,0,0.31863609641387847,,1,0,,,,,1,0.08935920047031586,-1,1,1,1,1,40,1,1,0,3,6,3,6,8,0.0005408583186361391,0.0030805408583187218,0.002422104644326909,-0.00618459729570845,UP,0.001246325690770178,0.002304526748971236,0.003833039388594987,0.002304526748971236,0.00583186360964143,0.002304526748971236,0.00583186360964143,0.00750617283950619
2026-08-06T06:30:00+00:00,PAXGUSD,30m,218,0.040009413979755666,0.0,0.14827018121911467,0.18827959519887033,0.7875000000000227,0,1,-0.15643874645109843,-1.7615821217050325,0.03464437084856827,0.4027839916961966,0.7137252720530524,1.981075380830589,2.2531058107342927,2.968006224461533,0.001910831172996667,0.00679080901204484,0.015393805386812403,1,44.99367736004651,-5.006322639953488,-1.6390154687114773,-0.06400325525459327,-1.575012213456884,0.2869036799488158,19.21411647450298,9.440912575099677,0.22219139974346144,0.2737344669010255,0.010842872792118338,0.21,1,-1,9,1,3,1,1,0.1623911508590171,-0.10943751470933483,1,0,0.2365262414685851,,1,0,,,,,-1,-0.022358201929861567,-1,1,1,1,1,40,1,1,0,3,6,3,6,8,0.0015768416097904961,0.005365968463167847,0.0009884678747940263,-0.004848199576370996,UP,0.0020710755471876163,0.0012944222169922334,0.0063544363379618735,0.0012944222169922334,0.006660390680160081,0.0012944222169922334,0.006660390680160081,0.007437044010355463
2026-08-06T07:00:00+00:00,PAXGUSD,30m,220,0.18092530369604123,0.011748396343899058,0.056392302450706935,0.24906600249064723,0.9528301886792429,1,0,0.020252172078587205,-1.30868740574806,0.18831822398294815,0.41748726030800754,0.8438636811131295,1.9248426436161026,2.365587066789871,2.9196013587516063,0.0016806605190436096,0.0065554545713018145,0.015217233856767416,1,50.702745823022525,0.702745823022525,-1.5945551414970396,-0.6745272874979511,-0.9200278539990885,0.6780674833812794,17.729255749218208,9.375072577509366,0.2202841367867987,0.48287800846461826,0.008507123412542606,0.22,1,-1,11,1,5,1,1,0.32425573909159694,-0.11043492563266824,1,0,0.3982706360581738,,1,0,,,,,1,0.09516201038556528,-1,1,1,1,1,80,1,1,0,3,7,3,6,8,0.0011748396343899058,0.00199722737846284,-0.0015272915247068776,-0.0044173970253058754,UP,0.0018797434150238494,0.0022556920980284913,0.005028313635188925,0.0022556920980284913,0.005028313635188925,0.0022556920980284913,0.005028313635188925,0.009046265184802275
2026-08-06T07:30:00+00:00,PAXGUSD,30m,222,0.1435699491621035,0.0,0.016475240067779562,0.16004518922988306,0.1029411764705725,0,1,-0.13235428132467386,-0.523891504479252,0.014550905804968284,0.6235243798528245,0.648834622447047,1.971844206458627,2.1574314652745965,2.92390122541201,0.0014690518712964214,0.006342837166420787,0.015085968428275497,1,45.28759355278977,-4.712406447210228,-1.6617889179096892,-0.9836798325576177,-0.6781090853520715,0.8439591896222709,15.818956875330471,8.95401666121977,0.21074224866361727,0.2699652996817744,0.0052123320077516406,0.18,1,-1,13,1,7,1,1,0.1576915835059268,-0.2777254754283605,1,0,0.23183016381096694,,1,0,,,,,-1,-0.07178497458106246,-1,1,1,1,1,80,1,1,0,3,7,3,6,8,0.005319148936170084,0.0032950480135567686,0.0028478629260025074,-0.0028243268687629447,UP,0.005366221050649638,0.0005884014309922802,0.006707776313311994,0.0005884014309922802,0.006707776313311994,0.0005884014309922802,0.006707776313311994,0.007390321973263167
2026-08-06T08:00:00+00:00,PAXGUSD,30m,224,0.14546819642900746,0.00938504493089407,0.07038783698176955,0.22524107834167106,0.9583333333333728,1,0,0.16037721270246366,0.24915003828300541,0.3071057641333408,0.8543183529527596,0.9241784878477649,2.0351970461233577,2.415464997638241,2.9366701920125706,0.0014672855143087716,0.006170727237144242,0.014912865097904758,1,55.370719987053974,5.370719987053974,-0.5247795110299194,-0.9455436794921697,0.4207641684622503,0.9792652633488452,14.587896880498318,9.029738855847661,0.21186126219111845,1.0313647691534304,0.003962217797678107,0.21,1,1,0,1,9,1,1,0.46925224654513026,0.035193918490884775,1,0,0.24870369066892759,,1,0,,,,,1,0.27803195607799824,-1,1,1,1,1,80,1,1,1,4,8,3,6,8,0.003143990051852288,-0.0007742662067995077,-0.007109171535158766,-0.004692522465451303,NEUTRAL,0.0035663170737429474,0.0011965932286901676,0.0035663170737429474,0.0011965932286901676,0.0035663170737429474,0.009033105745993758,0.0035663170737429474,0.010487787710283834
2026-08-06T08:30:00+00:00,PAXGUSD,30m,226,0.1101837959490043,0.0750187546886679,0.01641035258814277,0.20161290322581493,0.6279069767442229,1,0,0.2078375048117586,2.1894402807720326,0.3631527169771487,1.6327636929800065,0.9681841912361261,2.3862921526369973,2.447204968011641,3.0962272288779786,0.0015531521216539006,0.006050314742589775,0.014790207767755146,1,57.6230954113088,7.623095411308803,0.7997100281327221,-0.44397537578446294,1.243685403917185,1.5119049601176415,14.031140072550372,8.857785033868648,0.20765625079399494,1.053812735045135,0.004923555007996607,0.18,1,1,0,1,11,1,1,0.21685108777194295,-0.30241935483870114,1,0,0.33055138784697025,,1,0,,,,,1,0.3176575393848505,-1,1,1,1,1,80,1,1,1,4,8,3,6,8,0.0003047636909225601,-0.0006564141035259241,-0.0006329707426858419,-0.007033008252063015,NEUTRAL,0.002742873218304533,0.0004923105776444964,0.002742873218304533,0.001875468867216804,0.002742873218304533,0.009846211552888222,0.002742873218304533,0.011299699924981414
2026-08-06T09:00:00+00:00,PAXGUSD,30m,228,0.014045601385841185,0.09831920970082442,0.06788707336484939,0.180251884451515,0.4545454545454653,1,0,0.2895034924762289,3.631718687887769,0.46907261492394137,2.2850694451535674,1.0684983103863215,2.68907454053533,2.537621352165032,3.2349915717641125,0.0017956912244771245,0.005994256954623801,0.014691230417787105,1,61.548186105406494,11.548186105406494,2.725882453183658,0.5608406099555658,2.1650418432280922,1.40245403231445,15.257256194900947,8.711559544509216,0.20393182135187074,1.0468519440455089,0.006995497645181556,0.17,1,1,2,1,13,1,1,0.361674235685187,-0.15684254880846055,1,0,0.4752095135540096,,1,0,,,,,1,0.46233437895032536,-1,1,1,1,1,80,1,1,1,4,9,3,6,8,-0.002294114893019379,-0.0043541364296082125,-0.00287934828409574,-0.006929163350344202,DOWN,0.0012875134603679947,0.0026920735989512615,0.0012875134603679947,0.004611639121681684,0.0012875134603679947,0.011283299779952202,0.0012875134603679947,0.012734678589821748
2026-08-06T09:30:00+00:00,PAXGUSD,30m,230,0.26029453146985193,0.01641497045304892,0.011724978895037989,0.2884344808179388,0.040650406504064436,0,1,0.07291770644987597,3.159298064234463,0.2637616573908294,2.207863028763313,0.8566044303354586,2.6371747448083624,2.3190312326990816,3.19880946594094,0.0019084395094095344,0.005928427729446292,0.014624268023636231,1,53.49103480619622,3.491034806196218,3.4603536379790967,1.6362181846057162,1.8241354533733805,-0.03008664635864222,15.826782188296908,8.814558995010547,0.20670103637113185,0.7018322230125684,0.00782580960281195,0.2,1,1,4,1,15,1,1,0.18877216021009458,-0.33064440484007984,1,0,0.30250445549197164,,1,0,,,,,1,0.2896069787074255,-1,1,1,1,1,80,1,1,1,4,9,3,6,8,-9.379983116021861e-05,-0.003517493668511397,0.0002579495356909211,-0.00839508488884703,DOWN,0.0015476972141450999,0.001594597129724996,0.0015476972141450999,0.004080292655473135,0.0015476972141450999,0.00956758277835083,0.0015476972141450999,0.01102148016133571
2026-08-06T10:00:00+00:00,PAXGUSD,30m,232,0.09148916205310209,0.00938350380033184,0.018767007600642347,0.11963967345407628,0.1568627450980637,0,1,0.020699587299222177,0.9544367373891873,0.2052997074769094,1.3554321922565578,0.7853952079256004,2.1871727942225334,2.2362258614392045,2.960829030485911,0.0018460012017768724,0.005800955004486909,0.01450830653513604,1,51.788376008292346,1.7883760082923459,3.10358297856601,2.2224312501748997,0.8811517283911101,-1.5962231168361098,14.829558517848474,8.462043215085648,0.19850903666805028,0.6159933697309101,0.007894670323164819,0.15,1,1,6,1,17,1,1,0.15130899878014023,-0.36830252416251796,1,0,0.26508398235901715,,1,0,,,,,1,0.023458759500797597,-1,1,1,1,1,80,1,1,1,4,10,3,6,8,-0.0012198554940414323,-0.00044571643051528236,-0.0017828657220607027,-0.005677019799192976,NEUTRAL,0.0008210565825279159,0.0019470770385662433,0.0008210565825279159,0.0037768602796284982,0.001055644177535892,0.009195833724312616,0.001055644177535892,0.010650276813362237
2026-08-06T10:30:00+00:00,PAXGUSD,30m,234,0.0727904574058292,0.02348079271156194,0.028176951253870056,0.12444820137126121,0.2264150943396194,0,1,-0.06639900135452333,-0.19693500635457895,0.1001593457392637,0.8431344458322201,0.6636084589779263,1.8944300123685025,2.101200441787767,2.7979602098030227,0.0016655834709378703,0.005634491132386626,0.014375919828098408,1,48.40373740359752,-1.5962625964024824,2.1342217936153247,2.2844922350187655,-0.1502704414034408,-1.6139709752890639,13.208344287175857,7.947527057905409,0.18661423541620664,0.46551279437574905,0.007317346188249571,0.13,1,1,8,1,19,1,1,0.057527942143322484,-0.46257161641776595,1,0,0.17140978679440644,,1,0,,,,,-1,-0.07044237813468582,-1,1,1,1,1,80,1,1,1,4,10,3,6,8,-0.0003756926833850765,-0.006339814032121725,-0.0035690804921573722,-0.006903353057199339,DOWN,0.0017610594533671456,0.002770733539964352,0.0017610594533671456,0.008265239034469761,0.001995867380482765,0.008265239034469761,0.001995867380482765,0.009721048182586772
2026-08-06T11:00:00+00:00,PAXGUSD,30m,236,0.025804635450864553,0.05630102280192703,0.08914328610303514,0.17124894435582672,0.5205479452054914,0,1,0.020084313135136575,0.01838200160091219,0.17793006855801977,0.8548888137038375,0.7265980645927196,1.859279340381363,2.1493605686882127,2.762338117086074,0.001578457554228832,0.005486679960346999,0.014227625040954928,1,51.69503593451177,1.6950359345117718,1.8920778596720993,2.170942132118538,-0.27886427244643874,-0.6773786532253414,11.747453626617713,7.792000371357241,0.18279066274179506,0.5714348486139705,0.0071955203169733984,0.12,1,1,10,1,21,1,1,0.15130899878014023,-0.36830252416251796,1,0,0.26508398235901715,,1,0,,,,,-1,-0.10908323167872161,-1,1,1,1,1,80,1,1,1,4,11,3,6,8,-0.0021535141221732876,2.3458759500669582e-05,-0.008585905977292006,-0.0060758187107067055,NEUTRAL,0.0006568452660223753,0.0037768602796284982,0.001055644177535892,0.009195833724312616,0.001055644177535892,0.009904288261236805,0.001055644177535892,0.010650276813362237
2026-08-06T11:30:00+00:00,PAXGUSD,30m,238,0.09874917709018664,0.06818395560990656,0.02586287971408479,0.19279601241417801,0.13414634146335105,0,1,-0.17720302418064715,-1.1169253909793042,-0.047635283326853205,0.3204106273360594,0.48081274447507116,1.5492203524236174,1.889293247038421,2.5883555301788874,0.0012956774085379394,0.005284480278019244,0.014084805025633496,1,43.64724123060225,-6.352758769397752,0.5056947322636915,1.7017368338213226,-1.196042101557631,-1.0207059624031594,11.310832649177526,8.040551340609062,0.18904710196108956,0.21834479658236022,0.006636508423398789,0.17,-1,1,12,-1,0,1,1,0.26097996802406315,-0.5948462334242496,1,0,0.03996990501269205,,1,0,,,,,-1,-0.20572745227125247,-1,1,1,1,1,80,1,1,0,3,11,3,6,8,-0.002233612338944795,0.0014812376563529065,-0.005830903790087507,-0.004631806639706531,NEUTRAL,0.0025627762625788928,0.00242170600959282,0.003315150945170781,0.006959465813975232,0.003315150945170781,0.008417191761497269,0.003315150945170781,0.008417191761497269
2026-08-06T12:00:00+00:00,PAXGUSD,30m,240,0.18355532545771597,0.028239280839643673,0.025886007436331116,0.23768061373369073,0.10891089108906077,0,1,-0.23420590404957756,-2.1778006035001454,-0.1334759602759756,-0.23679126634579006,0.3728916175058516,1.2174011051947673,1.7640765591597625,2.400343242757117,0.0010072994377360194,0.005063675777818272,0.013911849416539107,1,41.553316344772796,-8.446683655227204,-0.6975751447162111,0.9785655930823539,-1.676140737798565,-0.9953616461673325,12.421450703819712,8.330883553892457,0.1960484669339779,0.07119629458080594,0.006504292676643927,0.22,-1,1,14,-1,2,1,1,0.1717889584411746,-0.6848025603614715,1,0,0.2459170706452633,,1,0,,,,,-1,-0.2953358121146772,-1,1,1,1,1,80,1,1,0,3,12,3,6,8,-0.002094413328940471,0.003788770179319519,-0.002894526286063744,-0.003953499317550542,UP,0.0034593119028570453,0.006071445380524138,0.004212359391914281,0.006071445380524138,0.004212359391914281,0.007530474890572787,0.004212359391914281,0.007530474890572787
2026-08-06T12:30:00+00:00,PAXGUSD,30m,242,0.16545800183058212,0.07510150437702663,0.07627496538290034,0.3168344715905091,0.7629629629629091,1,0,0.044455450343589206,-1.394163305812981,0.13270027776800788,-0.05766083448452264,0.6199320948806405,1.2510840341155927,1.9907131510867533,2.3937663116357726,0.0008824482742441868,0.004872318171126326,0.01370781056206113,1,51.59207902032964,1.592079020329642,-0.7181239172441565,0.3160373479567007,-1.0341612652008572,0.18238295995645326,12.112322452327854,8.757751635754198,0.20553760087667394,0.46354533516409846,0.005992393816849275,0.3,-1,1,16,-1,4,1,1,0.4412213382149141,-0.41305827407356105,1,0,0.5151493815860456,,1,0,,,,,-1,-0.024642681123731875,-1,1,1,1,1,80,1,1,1,4,12,3,6,8,-0.0002581614212958423,-0.00133774554671544,-0.0056560820483934045,-0.006477504752516947,NEUTRAL,0.0015020300875403193,0.008754019103945005,0.0015020300875403193,0.008754019103945005,0.0015020300875403193,0.010209110751249736,0.0015020300875403193,0.010209110751249736
2026-08-06T13:00:00+00:00,PAXGUSD,30m,244,0.28120421570016624,0.13233139562362028,0.1937709721631414,0.6073065834869279,0.3190661478599174,0,1,-0.550496300368019,-3.7105055632628137,-0.5220311027554645,-1.123676917954981,-0.06642550784300746,0.6593113046146755,1.287907802345778,2.073099668501527,0.0002846519761255447,0.00455605594912457,0.013543333101887855,1,34.49182770024143,-15.50817229975857,-3.6273659390426474,-0.8158110913789238,-2.8115548476637233,-1.1956031323619678,14.241327635455894,10.58755115531868,0.25019025368208986,-0.21252480277144695,0.009197558480684365,0.62,-1,-1,0,-1,6,1,1,0.6084881138050218,-0.42889550545868294,1,1,0.015359894134896397,-0.6037619925327327,1,1,,,,,-1,-0.68646911479749,-1,1,1,1,1,25,1,1,-1,3,13,3,6,8,0.005978543409423928,0.0027884115506404323,0.002433952455220044,0.001441466988042784,UP,0.008388865258282528,0.0005435039463113053,0.008388865258282528,0.0005435039463113053,0.008388865258282528,0.0034028073160358584,0.008388865258282528,0.0034028073160358584
2026-08-06T13:30:00+00:00,PAXGUSD,30m,246,0.5165497665908074,0.10321612048137525,0.03940979145652704,0.6591756785287097,0.8434163701067442,1,0,0.19513821537128093,-2.9666496787713186,0.21487628890316737,-1.0529597385657326,0.6477872400273275,0.6176953334506834,1.9734760215340967,2.022128659496957,0.00019738073531886454,0.0043291095112416005,0.013256887815067694,1,53.879265695673375,3.879265695673375,-2.9931764205375657,-1.808942307180481,-1.1842341133570846,0.5316047963216892,15.1216503503744,11.958653802290087,0.2805286026481993,0.6026039596210423,0.009930306575236959,0.8,-1,-1,2,-1,8,1,1,1.333599193037612,-0.3659480635248391,1,0,0.7447981421098314,,1,0,,,,,1,0.4468788852658818,-1,1,1,1,1,25,1,1,-1,3,13,3,6,8,0.00011729104600154825,-0.008609162776513598,-0.006404091111684364,-0.005303901100189935,DOWN,0.000961786577212781,0.002603861221234243,0.000961786577212781,0.009927514133570976,0.000961786577212781,0.01067348518614089,0.000961786577212781,0.01067348518614089
2026-08-06T14:00:00+00:00,PAXGUSD,30m,248,0.009390773564963874,0.157295457213305,0.08216926869350863,0.2488554994717775,0.3301886792452717,0,1,0.09391814114243659,1.7937402856332483,0.12456284480946228,0.8280829172254016,0.5460547781756834,1.5131881151992275,1.8576319506116588,2.4469769818751956,0.0003064470366702568,0.004214919333662212,0.013115771724359751,1,52.01726769458514,2.0172676945851435,-1.5447748732440232,-1.815730011670317,0.2709551384262938,3.0592458882754374,13.820293996811913,11.638839247892973,0.27324425984019185,0.5551854269889164,0.009082993855788115,0.75,-1,-1,4,-1,10,1,1,0.2676370466017053,-0.44606174433618967,1,0,0.6655710764174284,,1,0,,,,,1,0.32985092146963896,-1,1,1,1,1,40,1,1,0,3,14,3,6,8,-0.003098955276440854,-0.0073013264467661374,-0.004061509566850612,-0.0050005869233478535,DOWN,0.0017607700434323277,0.003948820284070832,0.0017607700434323277,0.009883789177133551,0.0017607700434323277,0.009883789177133551,0.0017607700434323277,0.009883789177133551
2026-08-06T14:30:00+00:00,PAXGUSD,30m,250,0.19692884773179314,0.035165865666393153,0.0,0.23209471339818627,0.848484848484843,1,0,0.2088879002644112,1.5114291227064314,0.25209023511154804,0.7694067990232725,0.6628751344532896,1.4541473107601632,1.9581049121639789,2.3981024098220587,0.0004320233484713684,0.004107848993417416,0.012952297777106892,1,55.209936778105615,5.2099367781056145,-0.2810377024306945,-1.4134277572657394,1.132390054835045,1.430496011220682,12.801244232731339,11.299815473948481,0.2649118620079353,0.7562061537555266,0.008251861978462866,0.72,-1,-1,6,-1,12,1,1,0.407924041730152,-0.30477083577540737,1,0,0.8052983237604119,,1,0,,,,,1,0.47005040440743806,-1,1,1,1,1,40,1,1,0,3,14,3,6,8,-0.009096237252373738,-0.006658070566170352,-0.00865080295393263,-0.008768022506153942,DOWN,0.00035165865666393154,0.010531004571562554,0.00035165865666393154,0.011276520923690157,0.00035165865666393154,0.011276520923690157,0.00035165865666393154,0.011276520923690157
2026-08-06T15:00:00+00:00,PAXGUSD,30m,252,0.19270539575107676,0.03525098702763678,0.03290092122578577,0.2608573040044993,0.12612612612609955,0,1,-0.04334294396921772,1.3923490097431568,0.002564512313328602,0.7826780947543739,0.40211852630682166,1.4352022147595562,1.684815309158621,2.3701307772407745,0.00045907456282546317,0.0039955401399349305,0.012826967828517995,1,48.81985926513444,-1.1801407348655601,0.0800783904032869,-0.8421672449325905,0.9222456353358774,0.4454266725526115,11.876629562208057,11.371779668863725,0.2672443050588392,0.47800117103532874,0.007967886798389398,0.73,-1,-1,8,-1,14,1,1,0.16685467193080122,-0.5475653318292955,1,0,0.5651908253431138,,1,0,,,,,-1,-0.1022278623801552,-1,1,1,1,1,40,1,1,0,3,15,3,6,8,-0.007097198721564162,-0.004324121075390026,-0.0039011092310583416,-0.004230118443316413,DOWN,7.05019740553163e-05,0.008883248730964511,7.05019740553163e-05,0.008883248730964511,7.05019740553163e-05,0.008883248730964511,7.05019740553163e-05,0.008883248730964511
2026-08-06T15:30:00+00:00,PAXGUSD,30m,254,0.05891224432085964,0.007069469318486011,0.14068243943821881,0.2066641530775645,0.6807297605473862,0,1,-0.2648247119787899,-2.400367363906298,-0.25235722877180283,-0.7773894250267404,0.1235377156392263,0.614176738246897,1.3874009419853506,1.9370398977634977,0.0001246748320698705,0.0037589494441102912,0.012638632263461243,1,42.637375192071524,-7.362624807928476,-1.6875074798754213,-1.0037408975101934,-0.6837665823652279,-2.0465629963619465,12.069401848416385,11.281993694071222,0.26585902757260865,0.19719007449078504,0.008384080463007298,0.72,-1,-1,1,-1,16,1,1,0.8848619096993375,-0.15317183523423505,1,1,0.29338297671789815,-0.4347723630879399,1,1,,,,,-1,-0.37586011876708025,-1,1,1,1,1,25,1,0,-1,-1,15,3,6,8,-0.0013196342727873416,-0.00035347346592515787,-0.0033462154774249993,0.001508153454613921,NEUTRAL,0.0,0.006174003204826262,0.00016495428409836414,0.006174003204826262,0.0007069469318503157,0.006174003204826262,0.0019323216137241534,0.006174003204826262
2026-08-06T16:00:00+00:00,PAXGUSD,30m,256,0.016563342955842556,0.22478822582935026,0.04259145331503909,0.28394302210023187,0.15000000000001515,0,1,-0.5557253544157883,-6.334994599479614,-0.6144164591154004,-2.5796662858483614,-0.27662056607348295,-0.36110712561821856,0.9618460833323269,1.417923244260237,-0.0005869110469961207,0.0033779589304191748,0.012384666494058099,0,35.03741888480134,-14.96258111519866,-5.3017966828874705,-2.2972217277453244,-3.004574955142146,-3.042046927196964,14.92736364475268,12.11182109335736,0.28658892369876865,-0.025607294596930653,0.01096856914186057,0.89,-1,-1,3,-1,18,1,1,0.47678765794331895,-0.2559036486678245,1,1,-0.11712649661634136,-0.8482797785244514,1,1,,,,,-1,-0.7891249822535698,-1,1,1,1,1,45,1,0,-1,-1,16,3,6,8,0.002484501443377029,0.002224220339785279,0.0025318252803936915,0.0059864653826132656,UP,0.0033836543466944733,0.002082248828735077,0.004282807250011917,0.002082248828735077,0.004827031375704071,0.002082248828735077,0.006932942122947372,0.002082248828735077
2026-08-06T16:30:00+00:00,PAXGUSD,30m,258,0.08040866521614883,0.06148897928295251,0.004729921483299076,0.1466275659824004,0.5806451612902516,1,0,-0.4051574291151995,-6.626605556489267,-0.5158186742748484,-3.015447424960257,-0.21408578523262736,-0.6743075128106284,0.9941005739786565,1.2235285858259886,-0.0011066124515964897,0.0030173288904222105,0.01208186359211284,0,37.232246908464276,-12.767753091535724,-7.235206735864267,-3.9700611055555246,-3.2651456303087425,-1.0957972645103653,17.620171374437124,11.483151861109139,0.2715720334194764,0.14067179088457418,0.012733501279945166,0.81,-1,-1,5,-1,20,1,1,0.528568725759161,-0.20374136789328784,1,1,1.1919402137924426,-0.7958092895658062,1,1,,,,,-1,-0.736685271024514,-1,1,1,1,1,45,1,0,-1,-1,16,3,6,8,0.0032872954308959764,0.0032636458234793736,0.0012061299782424473,0.003216346608646383,UP,0.0034528426828115515,0.00047299214833033775,0.004304228549806246,0.00047299214833033775,0.004304228549806246,0.00047299214833033775,0.006409043609876162,0.0013243780153248167
2026-08-06T17:00:00+00:00,PAXGUSD,30m,260,0.021240943097864957,0.059002619716315395,0.028321257463848563,0.10856482027802891,0.26086956521752885,0,1,-0.1647275703484889,-3.255339242386981,-0.28643755440943325,-1.86447107548247,-0.008403243590853652,-0.17922634379556257,1.1734691862746183,1.4359435540518461,-0.001217099840609443,0.0027803431081857956,0.011818724298654718,0,43.706571961426874,-6.293428038573126,-6.631052412693862,-4.97109621368733,-1.6599561990065315,1.7662556819255233,17.58139757553999,11.005880941466627,0.2597503231329595,0.3322825343949917,0.012863463161094645,0.68,-1,-1,7,-1,22,1,1,0.08614382478583336,-0.30681362252484007,1,1,1.3948219300937046,-0.5888461447688234,1,1,,,,,-1,-0.12390550140426233,-1,1,1,1,1,45,1,0,-1,-1,17,3,6,8,0.0008260366760284156,-0.0020060890703547237,-0.001062047154893677,0.0025489131717446535,DOWN,0.0016992754478298406,0.000896839819688037,0.002242099549219985,0.0023129026928796065,0.002242099549219985,0.0023129026928796065,0.004342592811120727,0.003374949847773284
2026-08-06T17:30:00+00:00,PAXGUSD,30m,262,0.018882175226590397,0.02832326283987486,0.0637273413897238,0.11093277945618904,0.7446808510638586,1,0,-0.14044750058702826,-2.063894481862917,-0.27087850725458046,-1.4554383130462156,-0.014831659949386152,-0.03485907220328954,1.1433968403055068,1.4773347363679932,-0.001304310066675522,0.0025604684730519433,0.01158228500254893,0,43.556209439834404,-6.443790560165596,-6.096334477498203,-5.421000707653165,-0.6753337698450386,1.6688504636756498,17.654189459168926,10.064254485244135,0.2375437708941686,0.3611051211670628,0.012569995159444467,0.57,-1,-1,9,-1,24,1,1,0.07906910876133788,-0.3139161631419982,1,1,1.3878398791540827,-0.5959686555891238,1,1,,,,,1,0.18528134441088473,-1,1,1,1,1,45,1,0,-1,-1,17,3,6,8,7.080815709974081e-05,0.00042484894259823023,-0.000826095166163142,0.004012462235649546,NEUTRAL,0.0017702039274924471,0.0005900679758308157,0.0023130664652568403,0.0022422583081570997,0.0023130664652568403,0.0022422583081570997,0.004413708459214459,0.003304380664652568
2026-08-06T18:00:00+00:00,PAXGUSD,30m,264,0.0047146460479436615,0.0471464604794795,0.07779165979114547,0.12965276631856862,0.6000000000000331,0,1,-0.012958497241223792,-0.7271335781242669,-0.13458374963252448,-0.935835213235805,0.10571527635657722,0.17436979054309631,1.2417733420147292,1.553039105341668,-0.0012162525239130066,0.002402990259891017,0.01136058065658152,0,47.78432506166366,-2.215674938336342,-4.753298742716652,-5.279084083114841,0.5257853403981896,1.6500695464164874,16.45370778070566,9.601321469419688,0.22633416160438669,0.45106484133329605,0.01230063428570767,0.5,1,-1,11,1,1,1,1,0.08722095188705423,-0.188585841917918,1,1,1.5110440583673266,-0.47028594328280376,1,1,,,,,1,0.12258079724666385,-1,1,1,1,1,80,1,0,0,0,18,3,6,8,-0.0024516159449330627,-0.0029938002404471197,-0.000990075670069241,0.004078168831474805,DOWN,0.0010607953607882888,0.0029938002404471197,0.0010607953607882888,0.0034888380754815257,0.0010607953607882888,0.0034888380754815257,0.004573206666509426,0.0045496334362698145
2026-08-06T18:30:00+00:00,PAXGUSD,30m,266,0.12040797053544842,0.023609405987345355,0.030692227783553256,0.17470960430634705,0.17567567567570888,0,1,-0.14641826469370145,-0.9058848564691289,-0.27053451514367577,-0.9834449623140245,-0.04800906542101707,0.10861663730156579,1.0674669950570441,1.4930546672285345,-0.0012411625044997433,0.002225254497226587,0.011154760604780612,0,42.96627550964601,-7.03372449035399,-4.3597017364709245,-4.944422318365125,0.5847205818942003,0.5428394241390908,15.920832309098657,8.9929761649588,0.21231882531303234,0.3459498079535947,0.01177180757796827,0.38,1,-1,13,1,3,1,1,0.0507602228728054,-0.3423363868165077,1,1,1.359901784871101,-0.6244687883652804,1,1,,,,,-1,-0.07555009915950084,-1,1,1,1,1,80,1,0,0,0,18,3,6,8,0.0017234866370760393,0.00030692227783531785,0.0011072811408064027,0.00505241288129182,NEUTRAL,0.002597034658607989,0.0019595806969497074,0.002597034658607989,0.0019595806969497074,0.002597034658607989,0.0019595806969497074,0.006114836150722361,0.0030220039663802485
2026-08-06T19:00:00+00:00,PAXGUSD,30m,268,0.10890575644712393,0.10371976804489524,0.02310122106453169,0.23572674555655088,0.5599999999999454,1,0,0.018045079132480456,-1.0200100525744347,-0.10119739739679273,-1.0334684177296367,0.10575777532408116,0.0389914383094947,1.1983849477469237,1.4301541515533245,-0.0011924247652927318,0.0020695517272087387,0.010926271724228425,0,49.020912107274576,-0.9790878927254241,-3.6350630998877023,-4.564786987484257,0.9297238875965546,0.1757974104918878,15.109632191092226,8.780168223867584,0.20697204808513472,0.5200627434006553,0.010635545748722448,0.32,1,-1,15,1,5,1,1,0.206260902361982,-0.18622412898968804,1,1,1.5133657064730521,-0.46791758992976207,1,1,,,,,1,0.06836075621139118,-1,1,1,1,1,80,1,0,0,0,19,3,6,8,-0.0014615058224505724,-0.0020508226863419497,-0.0009429069822262034,0.004832398283909293,DOWN,0.0006600348875583853,0.003512328508792522,0.0006600348875583853,0.003512328508792522,0.001131488378671487,0.003512328508792522,0.005020979680354576,0.004573098863797001
2026-08-06T19:30:00+00:00,PAXGUSD,30m,270,0.0733103154708285,0.04256727995081545,0.030743035520034566,0.14662063094167851,0.2096774193548742,0,1,-0.25477366930855144,-1.9805524466646602,-0.39336759425360374,-1.4342782279773019,-0.20849348231238973,-0.20655278042704595,0.862459957685578,1.2788380128131394,-0.0013859392494505228,0.00184874111941214,0.010709534399979678,0,39.416495252543704,-10.583504747456296,-4.45581754273735,-4.449754977314308,-0.0060625654230417325,-0.5948800013499609,15.222088806118707,8.948716478742979,0.21162362197282739,0.24519488629319036,0.00887111014859204,0.38,-1,-1,0,-1,1,1,1,0.5332734238282432,-0.15253275315706896,1,1,1.196613536395033,-0.2459442841602335,1,1,,,,,-1,-0.28023459300951525,-1,1,1,1,1,40,1,0,0,0,19,3,6,8,0.001560800264862946,0.0009459395544624698,-0.00011824244430780872,0.00848980750130058,NEUTRAL,0.00387835217329604,-9.459395544616094e-05,0.00387835217329604,-9.459395544616094e-05,0.004351321950527275,0.0012060729319397349,0.009766825899824829,0.0013716123539706242
2026-08-06T20:00:00+00:00,PAXGUSD,30m,272,0.11324493936675487,0.02831123484171018,0.030670504411838384,0.17222667862030344,0.1780821917808424,0,1,-0.023677369207797325,-0.9038082386532551,-0.1483001381977762,-1.0270288448182328,0.024861258812074356,-0.048232898830065096,1.073643338622607,1.329067699942243,-0.0012462276898997887,0.0017316139700985056,0.010487820798105325,0,47.9821344416091,-2.017865558390902,-3.2943636062209407,-4.0883934501431005,0.7940298439221598,0.327839237819318,13.437599550607642,9.325168800548779,0.22000586987563764,0.5902177037867408,0.0059525131163275635,0.5,-1,-1,2,-1,3,1,1,0.07549662624453185,-0.2713160005662247,1,1,1.4297173595055055,-0.55324871419808,1,1,,,,,1,0.0389279479073193,-1,1,1,1,1,40,1,0,0,0,20,3,6,8,-0.0002831123484171018,-0.0012504128721748174,-0.0003302977398198805,0.009555041759071391,NEUTRAL,0.00033029773981966594,0.0022648987873355266,0.00033029773981966594,0.0022648987873355266,0.0019817864389184247,0.003727645920822956,0.010545934978530604,0.003727645920822956
2026-08-06T20:30:00+00:00,PAXGUSD,30m,274,0.156050503617543,0.019624533030688212,0.0,0.17567503664823123,0.0,0,1,-0.21093548157277106,-1.3879246579454048,-0.3438729376597941,-1.1986529244168196,-0.18808594744989215,-0.17003535353615007,0.8399178799872034,1.241321006546059,-0.0013293745608702304,0.0015578699020990195,0.010280038274370955,0,42.051660490473814,-7.9483395095261855,-3.610724536154521,-3.8502316488018278,0.23950711264730673,-0.4119091521153684,12.474768478402225,8.936089424962999,0.21128503865709083,0.25202949496705523,0.005427641565716797,0.38,-1,-1,4,-1,5,1,1,0.5520877665862857,-0.1812313803376572,1,1,1.2153024069607898,-0.7719771125928157,1,1,,,,,-1,-0.15959710597247836,-1,1,1,1,1,45,1,0,-1,-1,20,3,6,8,0.0010166926750839794,0.0020097413344682463,0.00487066723412313,0.013027852650494246,UP,0.0019151652716698265,9.457606279841969e-05,0.002222537475765013,9.457606279841969e-05,0.0052962595167164485,0.0015605050361752152,0.013618953042984907,0.0015605050361752152
2026-08-06T21:00:00+00:00,PAXGUSD,30m,276,0.040123675328655815,0.0,0.009440864783205558,0.04956454011186138,1.0,1,0,-0.024003088190777688,-1.3434031780452642,-0.1519528477165054,-1.199294760293924,-0.00953698582960908,-0.21153970199156902,0.9957352021470691,1.1922020044121382,-0.0012794975952572774,0.0014241586188689635,0.010052721879766783,0,47.91984537487339,-2.0801546251266103,-3.1155959125362642,-3.636238090535965,0.5206421779997008,-0.19249791471808653,12.097978451283462,8.3061179225446,0.1960423404504378,0.5421890933881145,0.0047002070586309305,0.22,-1,-1,6,-1,7,1,1,0.7281266964053994,-0.003894356723096441,1,1,1.3901673393282739,-0.5935943732446022,1,1,,,,,1,0.01770162146852652,-1,1,1,1,1,45,1,0,-1,-1,21,3,6,8,-0.00016521513370620458,0.0008001132903774759,0.003445915645873248,0.011022209634402685,NEUTRAL,0.000141612971748298,0.0017937643088105585,0.0012037102598598892,0.0017937643088105585,0.004390002124194663,0.0033279048360828566,0.012461941513842712,0.0033279048360828566
2026-08-06T21:30:00+00:00,PAXGUSD,30m,278,0.09212235738749584,0.002362111727893322,0.004724223455765161,0.0992086925711543,0.04761904761900637,0,1,-0.09334531264225134,-0.5722642795344655,-0.21798862582781803,-0.8723209225163373,-0.08812108944727062,-0.08162931273545837,0.8971729941431982,1.2304891358307941,-0.0012464331318556671,0.0012986753638054742,0.009852940835904688,0,45.40492490434503,-4.59507509565497,-2.8196084046721808,-3.3380005993244666,0.5183921946522858,0.18306013958853473,11.928727723215177,7.501703718928712,0.17719862333597997,0.28101572053686535,0.003702218113660149,0.11,-1,-1,8,-1,9,1,1,0.6483996693043753,-0.39211054682887364,1,1,1.3109720089760246,-0.6743828983110944,1,1,,,,,-1,-0.0826739104759655,-1,1,1,1,1,45,1,0,-1,-1,21,3,6,8,0.0003070745246250577,0.0011101925121057797,0.0020077949687020195,0.01048777607180811,NEUTRAL,0.0007322546356443519,0.000992086925711543,0.003188850832644384,0.000992086925711543,0.005196645801346404,0.002527459548836617,0.013275067910712134,0.002527459548836617
2026-08-06T22:00:00+00:00,PAXGUSD,30m,280,0.051977507914752585,0.00236261399611242,0.07796626187213962,0.13230638378300463,0.5892857142858042,0,1,-0.09607376121964283,-1.2013319839279575,-0.22187720325185675,-1.1140494175169806,-0.10561788419323315,-0.235589539664943,0.8584961271323241,1.1268384512268312,-0.0012580344203221396,0.0011625931905862362,0.009641140113255573,0,44.70742730311008,-5.29257269688992,-2.8268977899988386,-3.1484738156702274,0.3215760256713889,-0.3529817445223209,12.81820119606786,7.000958818872165,0.16540563291764315,0.26092665968075646,0.003845648747719631,0.08,-1,-1,10,-1,11,1,1,0.6272740159712963,-0.06851580588762547,1,1,1.2899872418844294,-0.6957898218589004,1,1,,,,,-1,-0.015356990974805938,-1,1,1,1,1,45,1,0,-1,-1,22,3,6,8,0.0014884468175587753,-0.0010631762982563908,0.0036147994140715567,0.014270188536596803,NEUTRAL,0.0017247082171713065,0.0,0.0034021641544203646,0.0021499787364741207,0.00541038605112688,0.0023153617162028494,0.014482823796247995,0.0023153617162028494
2026-08-06T22:30:00+00:00,PAXGUSD,30m,282,0.0708666997377932,0.0023622233245802165,0.004724446649181917,0.07795336971155534,0.06060606060601885,0,1,-0.07099937549859779,-0.7888454562307743,-0.192099433618743,-0.9423424265514768,-0.08690212175224835,-0.18186580514156958,0.8568907587483894,1.1271436228571474,-0.0012110005812014518,0.0010519731186649462,0.009437928805006377,0,45.70259930585961,-4.297400694140393,-2.5080122776871576,-2.9221586111915885,0.41414633350443086,-0.02238477544113948,13.31491042959208,6.537561430558092,0.15443180097224604,0.3187076562042219,0.0038996997253536525,0.06,-1,-1,12,-1,13,1,1,0.6437058559516431,-0.05196891314104405,1,1,1.3063094984999923,-0.6791392058205182,1,1,,,,,0,-0.0023622233245802165,-1,1,1,1,1,45,1,0,-1,-1,22,3,6,8,0.003070890321971039,0.0009212670965912257,0.004842557815415869,0.015826896274773815,NEUTRAL,0.0032362459546925134,-2.3622233245802164e-05,0.0032362459546925134,0.0024803344908227625,0.005244135780596655,0.0024803344908227625,0.01748045260198899,0.0024803344908227625
2026-08-06T23:00:00+00:00,PAXGUSD,30m,284,0.08258807428207368,0.02123693338683182,0.014157955591199752,0.11798296326010525,0.8199999999998908,1,0,0.03710028700429438,-0.29427031677823834,-0.074181671767545,-0.7203245544596939,0.022304022786307796,-0.09836944968083117,0.946126955655211,1.1434126533695235,-0.0011128195877183938,0.0009648569455385281,0.009238229328689031,0,50.36655348714831,0.36655348714830893,-1.932558229758797,-2.6309262928080246,0.6983680630492275,0.20725357863910165,13.18571956133474,6.179836131450612,0.1458230758500817,0.6491880996543162,0.003465642131013879,0.05,1,-1,14,1,0,1,1,0.7515514759668791,-0.287878430354674,1,1,1.4134358998560523,-0.5698577125463212,1,1,,,,,1,0.11680313362747845,-1,1,1,1,1,40,1,0,0,0,23,3,6,8,-0.000377545482432208,0.002855187710894633,0.005073267420184525,0.014087165813256738,UP,0.0021472899313340014,0.0011090398546449464,0.0032799263786310547,0.00356308549045505,0.005568795865877054,0.00356308549045505,0.016376035300502738,0.00356308549045505
2026-08-06T23:30:00+00:00,PAXGUSD,30m,286,0.028064118256053237,0.04032743043518336,0.0,0.0683915486912366,0.4103448275861204,1,0,0.07931690076918034,0.7645088790095542,-0.01517383964369259,-0.2386463880266092,0.07620756326547751,0.12289589488045749,0.9824404243637052,1.230565196061434,-0.0009449074041287292,0.0009138140290917008,0.009062328610982277,0,52.79341532969199,2.793415329691989,-1.0550250680353201,-2.1367752846219976,1.0817502165866775,0.6151890061016485,11.759341728665786,5.742307684771192,0.13542252262866908,0.7980874154508986,0.0035088722180627026,0.01,1,1,1,1,2,1,1,0.031601612153867684,-0.23135210091763536,1,1,0.13065144129292958,-0.5131724481108655,1,1,,,,,1,0.17310136806678872,-1,1,1,1,1,65,1,0,1,0,23,3,6,8,-0.0036058854465142627,0.002643687106306417,0.00394076820217486,0.016015414040077412,UP,0.001582438936959509,0.004124717884861597,0.0035870188123925573,0.004124717884861597,0.005002016371521768,0.004124717884861597,0.016251246966598947,0.004124717884861597
2026-08-07T00:00:00+00:00,PAXGUSD,30m,288,0.17696191779529047,0.016516445660889487,0.02595441460996306,0.21943277806614297,0.11827956989242369,0,1,0.008124424468304832,1.2829653181916,-0.06673642768876666,0.06874664450151613,0.0221661214022196,0.26725837327012414,0.9132418540800913,1.2819834244010053,-0.0007486085215707149,0.0008890254909098626,0.008910757326778717,0,49.784648126323084,-0.21535187367691577,-0.18330738315398776,-1.4370395327944112,1.2537321496404235,0.35887833348299214,11.240970263608355,6.0606122383996,0.14299967529610685,0.624774982269898,0.003936153263176622,0.04,1,1,1,1,4,1,1,0.03893162191495532,-0.2807795762352071,1,1,0.08140248218582932,-0.5627388985890323,1,1,,,,,1,0.12387334245668187,-1,1,1,1,1,65,1,0,1,0,0,4,7,8,-0.0004011136803359488,0.0008966070501628479,0.005780755981312822,0.014558067103959186,NEUTRAL,0.0009909867396535837,0.003633618045396545,0.004081921570478076,0.003633618045396545,0.005969515360294508,0.003633618045396545,0.017460242555801992,0.003633618045396545
2026-08-07T00:30:00+00:00,PAXGUSD,30m,290,0.2175918261157451,0.0,0.1087959130578833,0.32638773917362834,0.3333333333333553,0,1,-0.20558904555201618,-1.0269150116391756,-0.2895690646788725,-0.8005995027115205,-0.21192767571430407,-0.1810627079294136,0.661238242608299,1.0361972621894893,-0.0008398001912685635,0.0007764138896456847,0.00873165918322603,0,41.08392638029075,-8.916073619709252,-1.0697553797135697,-1.184149925136114,0.11439454542254435,-1.4308163122473794,11.883665769750701,6.66246667494662,0.15757590111271302,-0.002422722453716009,0.00386412363113566,0.09,-1,1,3,-1,0,1,1,0.5215108441144034,-0.2861805539130923,1,1,1.184929400912948,-0.8029611409380056,1,1,,,,,-1,-0.23769541874599162,-1,1,1,1,1,80,1,-1,0,2,0,4,7,8,0.005037723800288373,0.004682954518577912,0.008609067902840432,0.01856625907618079,UP,0.0056526572219199244,0.0012535181287103383,0.006480452212577667,0.0012535181287103383,0.009886237316998005,0.0012535181287103383,0.019890731061233048,0.0012535181287103383
2026-08-07T01:00:00+00:00,PAXGUSD,30m,292,0.2926460870386018,0.044840932691412864,0.0,0.3374870197300147,0.8671328671328307,1,0,0.032682330808563656,-1.892327254425254,-0.057630115526387034,-1.2010916593662841,0.008751457473285372,-0.41235129893266276,0.8601009945558435,0.8945978510419081,-0.0009031244633495068,0.000663815729996724,0.008513495370825581,0,50.43201241226815,0.43201241226815057,-1.5480421702777676,-1.3707815645834416,-0.177260605694326,-1.074424490904971,12.383878099261581,7.3033513676835415,0.17236267742102193,0.603284286068778,0.004207375662697002,0.14,-1,-1,1,-1,2,1,1,0.7351552912300705,-0.07080147267063155,1,1,1.3971490607004584,-0.15340319078636838,1,1,,,,,-1,-0.0224204663456957,-1,1,1,1,1,60,1,-1,-1,2,1,4,7,8,0.003823279524214061,0.003917681487775031,0.009888605682998335,0.017204757858963596,UP,0.004318889832908568,0.001085622580949555,0.004318889832908568,0.001085622580949555,0.010879826300387134,0.001085622580949555,0.018667988294156605,0.001085622580949555
2026-08-07T01:30:00+00:00,PAXGUSD,30m,294,0.3105882352941134,0.04235294117647487,0.09882352941176042,0.4517647058823486,0.9062499999999897,1,0,0.30058521943647065,1.5557139708680552,0.2369476923766342,0.18815029829329433,0.303915244817108,0.26191009892863804,1.1388725311782337,1.2083901264595625,-0.0006363752705983643,0.0006696755244047381,0.008349572863611255,0,59.583409376685736,9.583409376685736,-0.038442508120169805,-1.0952021864754553,1.0567596783552855,1.6260256304502694,12.039047504355668,8.265644801727122,0.19448576004063817,1.1450951307978812,0.004971110502294549,0.25,1,-1,3,1,0,1,1,0.4200000000000086,-0.002352941176479148,1,1,1.6941176470588233,-0.28352941176471014,1,1,,,,,1,0.3552941176470674,-1,1,1,1,1,80,1,0,0,0,1,4,7,8,-0.0016941176470587807,0.0022117647058822673,0.00811764705882353,0.015011764705882396,UP,0.0012941176470588236,0.002447058823529326,0.0027058823529411765,0.002447058823529326,0.008705882352941176,0.002447058823529326,0.016164705882352897,0.002447058823529326
2026-08-07T02:00:00+00:00,PAXGUSD,30m,296,0.059037986592972325,0.09408444078560509,0.016229566035507466,0.16935199341408488,0.44444444444443043,1,0,0.27910803945702073,3.753316878645819,0.2530805885535368,1.2215874149187584,0.3267520898025167,0.7854701381820632,1.1509969326032559,1.4539010766548017,-0.000260274509034839,0.0007367150124897982,0.008242448428007391,0,60.40871109237061,10.40871109237061,1.8162062321607664,-0.19154880943807784,2.0077550415988443,1.962197207522184,13.277336294404764,8.118846793325913,0.1909642900935179,1.0064597152614694,0.006357677666515667,0.23,1,1,0,1,2,1,1,0.18581677055156148,-0.6350699753028344,1,1,0.4962954251440754,-0.2481477125720377,1,1,,,,,1,0.3904504292602696,-1,1,1,1,1,65,1,0,1,0,2,4,7,8,4.7042220392759755e-05,0.00129366106080207,0.0075502763730448934,0.01258379395507468,NEUTRAL,0.0005880277549100317,0.0027990121133716654,0.002352111019640127,0.0027990121133716654,0.008985064095025242,0.0027990121133716654,0.01580618605198161,0.0027990121133716654
2026-08-07T02:30:00+00:00,PAXGUSD,30m,298,0.26874115983026015,0.01414427157002272,0.0,0.2828854314002829,0.0,0,1,0.022506094727211334,2.6606516852407367,0.017287358331795927,0.9655637767091321,0.09425694374068684,0.6741292838269146,0.9085682676522985,1.3849740485766233,-5.2187363954154067e-05,0.0007696958540889091,0.008143113239116116,0,51.19420377371242,1.1942037737124167,2.371498068044275,0.7764164233441243,1.5950816447001506,-0.011776821850515207,13.37247497487933,8.102985245265698,0.19101803972809284,0.597695030061379,0.007052014202420804,0.24,1,1,2,1,4,1,1,0.2322017916077408,-0.8604431871758603,1,1,0.27345591702028205,-0.472654408297977,1,1,,,,,1,0.06718528995757576,-1,1,1,1,1,65,1,0,1,0,2,4,7,8,0.003983969825553898,0.004879773691654837,0.008462989156058377,0.026237623762376282,UP,0.004125412541254125,0.00056577086280048,0.005068363979255069,0.00056577086280048,0.011244695898161202,0.00056577086280048,0.027345591702027345,0.00056577086280048
2026-08-07T03:00:00+00:00,PAXGUSD,30m,300,0.12005932343038808,0.09887238400152376,0.0,0.21893170743191182,0.5483870967741241,1,0,0.14243931774618385,0.904524395401495,0.14867173535643743,0.3478349203687685,0.22621144927318765,0.36991874431896576,1.0266649402959505,1.217117331197187,6.232417610253603e-05,0.0007753971391675021,0.00800453491022763,1,55.667544199389916,5.667544199389916,2.4236975366620754,1.331505774949397,1.0921917617126784,-1.1845875247159787,12.037933384661082,8.241349522703576,0.19400997016651939,0.7552838561762137,0.007021376788412178,0.3,1,1,4,1,6,1,1,0.3707714400056499,-0.720355940582414,1,1,0.4119682666729443,-0.33310576990985064,1,1,,,,,1,0.20598413333647214,-1,1,1,1,1,65,1,0,1,0,3,4,7,8,0.0025188916876576024,0.003907813272440586,0.010617010758257108,0.02040302267002521,UP,0.00320158195814411,0.0005885260952470633,0.005179029638174157,0.0005885260952470633,0.010828880152545965,0.0005885260952470633,0.0262011817603993,0.0005885260952470633
2026-08-07T03:30:00+00:00,PAXGUSD,30m,302,0.044665945742642946,0.011754196248060556,0.014105035497659839,0.07052517748836334,0.8333333333333334,1,0,0.234230767552387,2.6238850492964048,0.26694398234358313,1.1179360414471375,0.3512589013630152,0.7615109903990742,1.1413790533191075,1.3980263714456669,0.0003271321479119616,0.0008431491901943209,0.007901201519560922,1,59.78553285991237,9.785532859912372,3.3809794313792736,1.9899520203132526,1.391027411066021,0.26286176635761005,11.719834800086078,7.738204435392381,0.18191274708242938,0.8642692150957603,0.007571834278041952,0.17,1,1,6,1,8,1,1,0.508956697541035,-0.5806572946541873,1,1,0.5500963844092469,-0.1939442380929992,1,1,,,,,1,0.14692745310075697,-1,1,1,1,1,65,1,0,1,0,3,4,7,8,0.0008933189148526451,0.005947623301518685,0.010931402510696318,0.02151017913395082,UP,0.001810146222201283,0.0003996426724340162,0.006934975786355728,0.0003996426724340162,0.012576989985424796,0.0003996426724340162,0.024777845690911567,0.0003996426724340162
2026-08-07T04:00:00+00:00,PAXGUSD,30m,304,0.009390994036710246,0.04930271869278218,0.08686669483964451,0.14556040756913693,0.6612903225805765,1,0,0.3001231119306268,3.8290759700585113,0.36790046630702733,1.7483907864343564,0.4635881170123821,1.0976344688642712,1.2462933242699683,1.555323935933302,0.0006777735437640055,0.0009568765070535473,0.007827052072575861,1,63.44836708877132,13.44836708877132,4.723681146190756,2.8803714838956958,1.8433096622950607,0.6005520919056615,13.314438151929133,7.605900763169925,0.1785674217770091,0.9077404066953232,0.008679334565681601,0.17,1,1,1,1,10,1,1,0.10799643142225324,-0.4484199652533306,1,1,0.2676433300464769,-0.06221533549327478,1,1,,,,,1,0.27820819833778127,-1,1,1,1,1,65,1,0,1,0,4,4,7,8,-0.0001643423956425361,0.005892848758041125,0.008968399305066613,0.014532563271822452,UP,0.0009625768887637611,0.0012912616800488334,0.0064797858853360485,0.0012912616800488334,0.011245715358970875,0.0012912616800488334,0.02343053012161342,0.0012912616800488334
2026-08-07T04:30:00+00:00,PAXGUSD,30m,306,0.021141649048617248,0.07751937984496551,0.07282123561194183,0.1714822645055246,0.4246575342466146,0,1,0.19642841016164783,3.367112075262412,0.2863439998997262,1.7202946090847036,0.39076450629475823,1.1101377736840732,1.166671949991251,1.5529066901035549,0.0008991558973807835,0.001044205063950321,0.007759074436964926,1,60.58460798106911,10.584607981069112,5.1470023927786315,3.683233123443303,1.4637692693353284,-0.2545989226993841,14.443303948311138,7.523965453957743,0.1767433745350656,0.773804946081268,0.009289279288301656,0.17,1,1,3,1,12,1,1,0.11980267794222137,-0.5050505050505051,1,1,0.21141649048625794,-0.11862814188396012,1,1,,,,,1,0.15151515151514724,-1,1,1,1,1,65,1,0,1,0,4,4,7,8,0.0033356824054498048,0.006248531829927264,0.01202724923655152,0.017500587268029128,UP,0.0037820061075875882,0.0005872680291284943,0.007681465821000662,0.0005872680291284943,0.012262156448202917,0.0005872680291284943,0.024007517030772803,0.0005872680291284943
2026-08-07T05:00:00+00:00,PAXGUSD,30m,308,0.12198841110094116,0.01876744786168818,0.07037792948131466,0.21113378844394398,0.9111111111110909,1,0,0.28035027615913305,2.991672243017092,0.3919164381533312,1.6809793757829539,0.505736854905102,1.1128575943412216,1.274289823138453,1.5452206092613778,0.0011156616199419814,0.0011382041675177086,0.007685529682333509,1,65.00754858074833,15.007548580748335,5.589955236737296,4.307337402906489,1.2826178338308072,-0.46505945502429213,15.88766494712274,7.415562049586025,0.1739639676633595,0.8491379460232437,0.009918183392672393,0.16,1,1,0,1,14,1,1,0.25336054613273706,-0.37065709526826146,1,1,0.3448518544584376,0.015248551387609643,1,1,,,,,1,0.11729654913552445,-1,1,1,1,1,65,1,0,1,0,5,4,7,8,0.002955873038215301,0.0035658150937199003,0.008726863255682976,0.018673610622375575,UP,0.00490299575386505,0.0012902620404907689,0.00633401365331832,0.0012902620404907689,0.01161235836441692,0.0012902620404907689,0.022638233983156217,0.0012902620404907689
2026-08-07T05:30:00+00:00,PAXGUSD,30m,310,0.12193692109273814,0.126626802673224,0.014069644741478808,0.26263336850744096,0.5178571428571676,1,0,0.27566758795096963,3.252593378070742,0.4057156786247961,1.8863635068264557,0.5288945983423576,1.238850826599446,1.291242740159736,1.6000267653625997,0.0013004809067382642,0.0012317891971756164,0.007623481418173783,1,64.28090089770131,14.280900897701315,5.851330162935483,4.808930993545167,1.0423991693903156,-0.17140011463161642,18.44725125573434,7.605255032551191,0.17833872746045704,0.8479659222118849,0.009174009392580597,0.22,1,1,2,1,16,1,1,0.29546253957088436,-0.32829171063430646,1,0,0.38691523039043263,,1,0,,,,,1,0.15945597373666742,-1,1,1,1,1,100,1,1,1,4,5,4,7,8,0.0056044084886855755,0.006683081252198382,0.00987220072693173,0.01695392191347173,UP,0.005909250791417474,2.3449407902535772e-05,0.006894125923320351,2.3449407902535772e-05,0.011185367569468828,2.3449407902535772e-05,0.022206589283620546,2.3449407902535772e-05
2026-08-07T06:00:00+00:00,PAXGUSD,30m,312,0.1822813208384983,0.09815148045149255,0.01168470005374962,0.2921175013437405,0.6640000000000146,1,0,0.5200968514862615,5.337837209712234,0.6951546574141453,2.8615758477080817,0.8378197151603576,1.759217424909366,1.5976116410326733,1.8550644769966311,0.001750578059278837,0.001426650577462123,0.007597919258723157,1,72.71488153394338,22.714881533943384,7.714505288302462,5.674175003111772,2.0403302851906897,1.0763550920262928,22.872360157058786,8.027490308679392,0.18759763288260128,1.1166551540870093,0.009056527233700365,0.32,1,1,0,1,18,1,0,0.20448225094061834,,1,0,0.4393447220210112,,1,0,,,,,1,0.5001051623004965,-1,1,1,1,1,100,1,1,1,4,6,4,7,8,-0.00014021640064508045,0.004954312822789796,0.007244514033324764,0.01285317005912458,UP,0.002477156411394792,0.001659227407632531,0.0065901708303147425,0.001659227407632531,0.008693416839989674,0.001659227407632531,0.01871888948610676,0.001659227407632531
2026-08-07T06:30:00+00:00,PAXGUSD,30m,314,0.22172949002217296,0.05834986579530867,0.0700198389543704,0.35009919477185203,0.8333333333333334,1,0,0.5468863076428947,6.56680098119341,0.7653278540716233,3.5700283007872713,0.9292141636646729,2.1632281130805495,1.6896582080689246,2.057063150750764,0.0021844154642872873,0.0016388630959304957,0.007604440444042518,1,72.6284601982434,22.628460198243403,9.236072552014775,6.79206282623127,2.4440097257835056,1.0233639727077763,27.730643192252987,8.596662562075622,0.20064564271386676,1.075533087411418,0.010403087326034503,0.5,1,1,0,1,20,1,0,0.3302602404014386,,1,0,0.5648267008986049,,1,0,,,,,1,0.6255105613257133,-1,1,1,1,1,100,1,1,1,4,6,4,7,8,-0.0003734391410900604,0.0030575329676742593,0.006838604271210219,0.009522698097794418,UP,0.0012136772085423778,0.0022172949002217295,0.005321507760532193,0.0022172949002217295,0.007982261640798185,0.0022172949002217295,0.017434939899638187,0.0022172949002217295
2026-08-07T07:00:00+00:00,PAXGUSD,30m,316,0.10972079559248805,0.011672425063031094,0.0256793351386769,0.14707255579419604,0.1746031746032273,0,1,0.42091744785610663,6.967381302065405,0.6830107458327317,3.971410207685949,0.8706040531221494,2.4232721043335914,1.6348502194303802,2.1905338440346895,0.0026209329797662498,0.0018759330728941777,0.007642461663082309,1,68.72162365487736,18.721623654877362,10.539227965839018,8.094274218113586,2.4449537477254317,0.41741218103095257,32.4674314643873,8.472632515259082,0.1977923362419246,0.8964572320576198,0.012453246648046366,0.49,1,1,2,1,22,1,0,0.30931926417032396,,1,0,0.5439350079372745,,1,0,,,,,1,0.6046316182650234,-1,1,1,1,1,100,1,1,1,4,7,4,7,8,0.0007470352040339476,0.005742833131011171,0.004995797926977224,0.009267905500046646,UP,0.0024045195629842355,0.002007657110841433,0.005976281632271793,0.002007657110841433,0.0081940423942477,0.002007657110841433,0.01764870669530289,0.002007657110841433
2026-08-07T07:30:00+00:00,PAXGUSD,30m,318,0.011687977746090372,0.09116622641951766,0.02805114659061264,0.13090535075622067,0.2142857142856679,0,1,0.23473920074516974,4.186450453618818,0.507805860547808,3.028202963727381,0.7092901172070034,2.0038711787647117,1.4738702308886489,1.9835729501173773,0.0027306665980263824,0.002014842566591954,0.007645801136816455,1,62.65069007436455,12.650690074364547,9.843299378936536,8.787602648077703,1.0556967308588323,-1.7081950889449953,33.90946564699003,8.189667832034655,0.19144131073738646,0.7385854555489443,0.012081029122518341,0.42,1,1,4,1,24,1,1,0.1764884639659476,-0.10519179971481335,1,0,0.41141681666238955,,1,0,,,,,1,0.14259332850231105,-1,1,1,1,1,100,1,1,1,4,7,4,7,8,0.004651815142944096,0.005142710208279764,0.01762547044110441,0.011033450992309481,UP,0.006872530914701267,0.0006779027092731566,0.008017952733818038,0.0006779027092731566,0.018724140349236862,0.0006779027092731566,0.01900465181514299,0.0006779027092731566
2026-08-07T08:00:00+00:00,PAXGUSD,30m,320,0.2562310738411367,0.02096436058699362,0.006988120195671603,0.28418355462380196,0.92622950819675,1,0,0.49968117084517344,4.747638579945487,0.8006636520670978,3.337606811191108,1.021590232865218,2.198837508388351,1.7866921020676236,2.0816779881088223,0.003009824812219243,0.0022092658079812012,0.007651018692024057,1,70.89106310580037,20.89106310580037,10.49228315435903,9.293428747863425,1.1988544064956042,-0.5187625825020259,36.079025883167496,8.556397263335967,0.1993104417269035,0.9592110895147664,0.011798939991072408,0.54,1,1,0,1,26,1,0,0.5276030747728777,,1,0,0.2643838807360905,,1,0,,,,,1,0.4938271604938442,-1,1,1,1,1,100,1,1,1,4,8,4,7,8,0.0011646866992778943,0.003167947822035957,0.009683205217796345,0.007127882599580798,UP,0.00333100395993482,0.0016072676450034093,0.004472396925227071,0.0016072676450034093,0.015420451898439278,0.004146284649429346,0.015420451898439278,0.004146284649429346
2026-08-07T08:30:00+00:00,PAXGUSD,30m,322,0.31393158616840683,0.16277934097621097,0.0023254191568114735,0.4790363463014292,0.6601941747572876,1,0,0.5743534252102063,6.310425232109083,0.9063739121332767,4.098652039089757,1.1490581303528957,2.6299192647502423,1.9178267848688664,2.301268038095259,0.0033202048692307037,0.00242684218219619,0.007687686545159706,1,70.69386547786506,20.69386547786506,11.297233767663784,9.87224614763776,1.4249876200260232,0.600537627378749,39.49633429269069,9.359852742366229,0.2176558087195365,1.0005884825411269,0.01231836982016328,0.77,1,1,0,1,28,1,0,0.3499755830988578,,1,0,0.2406808827290992,,1,0,,,,,1,0.4174127386461367,-1,1,1,1,1,100,1,1,1,4,8,4,7,8,0.0016975559844662424,0.002278910773666996,0.010464386205613562,0.00511592214496663,UP,0.0027672487965955017,0.0014650140687859409,0.003720670650884822,0.0014650140687859409,0.013696718833569667,0.0058368020835756484,0.013696718833569667,0.0058368020835756484
2026-08-07T09:00:00+00:00,PAXGUSD,30m,324,0.01163440059568131,0.018615040953073165,0.041883842144456944,0.07213328369321143,0.5806451612904835,0,1,0.4186279070857033,6.607853761432125,0.7790350840709973,4.387875257921223,1.0442424636970202,2.833824008805095,1.8194044227525863,2.4104481467438745,0.0036040717698529396,0.002652073796260231,0.007751619590555659,1,68.10323499412382,18.103234994123824,11.807968251661805,10.546567170014338,1.2614010816474668,0.3711191025761629,43.1837387245934,8.827168946223944,0.20539763929225482,0.856389131722748,0.012987341566212595,0.66,1,1,1,1,30,1,0,0.0799283320923399,,1,0,0.17800632911391556,,1,0,,,,,1,0.1500837676843058,-1,1,1,1,1,100,1,1,1,4,9,4,7,8,0.001721891288160749,0.003769545793000702,0.005514705882352898,0.00812081161578547,UP,0.0033972449739388152,0.0008376768428891389,0.004909717051377386,0.0008376768428891389,0.014333581533879246,0.005212211466865353,0.014333581533879246,0.005212211466865353
2026-08-07T09:30:00+00:00,PAXGUSD,30m,326,0.23907896569333323,0.023211550067313496,0.09052504526251419,0.3528155610231609,0.9342105263157887,1,0,0.5636529658257602,6.201440380674285,0.9534068609116847,4.37166032074947,1.2418173500499947,2.884002461551063,2.0224924210874295,2.4435424137827795,0.0038975389508592445,0.0028841048913831,0.007806750710374348,1,72.92728622072275,22.92728622072275,12.500746052491195,11.140461043971417,1.360285008519778,-0.07559799933905786,47.04297127292424,9.128018121999204,0.21187544965412947,0.9585402405664051,0.013174642609698216,0.73,1,1,0,1,32,1,0,0.32577410519474154,,1,0,0.4236107887284502,,1,0,,,,,1,0.39575692864769935,-1,1,1,1,1,100,1,1,1,4,9,4,7,8,-0.0003713848010768893,-0.0007427696021539897,0.005408291165684087,0.006545657118982364,NEUTRAL,0.0009284620026925399,0.0020658279559908166,0.0024372127570679173,0.0020658279559908166,0.011837890534329883,0.007659811522213454,0.011837890534329883,0.007659811522213454
2026-08-07T10:00:00+00:00,PAXGUSD,30m,328,0.17907393195192278,0.06976906439684644,0.0139538128793566,0.2627968092281258,0.053097345132694214,0,1,0.2888518497744738,6.119092919327159,0.6968626175116996,4.486796013117782,1.00649189188572,3.0026377929289083,1.795301116191729,2.512574518656038,0.004080107677372259,0.003096292743740203,0.00788809224306009,1,64.13991207921245,14.13991207921245,12.357909524326715,11.65702202959201,0.7008874947347046,-0.3144029925738252,49.299554474774936,9.102219707233997,0.21168445096941785,0.7479183186870955,0.012430028425589905,0.71,1,1,2,1,34,1,0,0.13337519477196386,,1,0,0.23140073024951532,,1,0,,,,,-1,-0.01744226609921161,-1,1,1,1,1,100,1,1,1,4,10,4,7,8,0.0037210167678318105,0.012418893462638794,0.009860694434754425,0.007395520826065765,UP,0.004255912928207675,2.3256354798821906e-05,0.013511942138189346,0.0057443196353403145,0.01379101839577669,0.0057443196353403145,0.01379101839577669,0.0057443196353403145
2026-08-07T10:30:00+00:00,PAXGUSD,30m,330,0.032508243161671516,0.06733850369199917,0.013932104212126834,0.11377885106579752,0.40816326530615277,1,0,0.3666388018543951,4.638078330786811,0.7872898898133107,3.9820058544783024,1.1157169349267042,2.8029852963927624,1.9098742824356678,2.4213475783590184,0.004206510879589157,0.0032842704511339355,0.007941573475089635,1,67.61270505064903,17.612705050649026,12.13683748118001,11.846358077511521,0.29047940366848835,-1.0748770440791802,50.081928746889496,8.583036380217054,0.1992995955096144,0.8387275149551756,0.010656909905744279,0.55,1,1,4,1,36,1,0,0.2887428597966005,,1,0,0.38661589188686285,,1,0,,,,,1,0.08127060790414711,-1,1,1,1,1,100,1,1,1,4,10,4,7,8,0.0012771095527794546,0.006494682580225547,0.007012492453443509,0.005456740816421306,UP,0.0028096410161146737,0.00013932104212147954,0.01221381135930884,0.007291134537686468,0.01221381135930884,0.007291134537686468,0.01221381135930884,0.007291134537686468
2026-08-07T11:00:00+00:00,PAXGUSD,30m,332,0.07238811164475999,0.14384817057608448,0.0,0.21623628222084446,0.33476394849791774,1,0,0.37335548334626767,4.85974212565452,0.8041823740406737,4.12825684605923,1.150693731928784,2.924111252813418,1.9509323363814637,2.4901508737548284,0.004308268906944062,0.0034651135788811003,0.0080023860445268,1,69.50479150987161,19.50479150987161,11.888562986906436,11.86613827264227,0.022424714264165146,-0.4444400737453851,51.49684514462284,8.405271164574886,0.1950133677774271,0.8536965264884735,0.010316506914871324,0.52,1,1,6,1,38,1,0,0.0997656666898722,,1,0,0.46750655437227984,,1,0,,,,,1,0.16240922484397113,-1,1,1,1,1,100,1,1,1,4,11,4,7,8,-0.002876963411521901,0.00816686387786822,0.005568316280364724,0.006055543954896511,UP,0.0019953133337972328,0.00809725992436383,0.011391847056912706,0.00809725992436383,0.011391847056912706,0.00809725992436383,0.011391847056912706,0.00809725992436383
2026-08-07T11:30:00+00:00,PAXGUSD,30m,334,0.05099911910612031,0.06258982799387589,0.06258982799387589,0.1761787750938721,0.3552631578947384,0,1,0.3713815611040757,5.465231082453101,0.8190510566133898,4.443577350013584,1.186087753683522,3.1325374364096206,1.9942540439906484,2.604100511164688,0.0044766949550931415,0.0036703669707013205,0.008081662903071263,1,69.81384564427458,19.81384564427458,12.125578392136958,11.970372233893285,0.1552061582436739,0.09851009198483318,53.26835485395922,8.533116463332377,0.1978097376636,0.8493749602303894,0.010572145353829056,0.53,1,1,1,1,40,1,0,0.18545134220408918,,1,0,0.20515554731326105,,1,0,,,,,1,0.24804117019796507,-1,1,1,1,1,100,1,1,1,4,11,4,7,8,0.007928044879224772,0.0017386063331633363,0.002665863044183782,0.004891279150632726,UP,0.010524363670081978,0.008948027261347387,0.010524363670081978,0.008948027261347387,0.010524363670081978,0.008948027261347387,0.010524363670081978,0.008948027261347387
2026-08-07T12:00:00+00:00,PAXGUSD,30m,336,0.16260162601626016,0.09756097560975187,0.004645760743317494,0.26480836236932953,0.017543859649107412,0,1,0.1230893497583389,3.6080463055905057,0.5627074637774949,3.749799776002874,0.9423093154740332,2.832683012866255,1.7567701525871986,2.4637802119423213,0.0043961811401915605,0.0037960185169653832,0.008144608371131653,1,59.66067414025178,9.660674140251778,10.841801496550943,11.717194383182477,-0.8753928866315341,-1.1371225733919097,52.97350720586944,8.569881032159014,0.1990680843707088,0.6092265452981892,0.0102620046143662,0.54,1,1,3,1,42,1,0,0.251684088269455,,1,0,0.0011614401858135285,,1,0,,,,,-1,-0.03135888501743005,-1,1,1,1,1,100,1,1,1,4,12,4,7,8,0.008548199767712004,0.006155632984901278,0.004250871080139415,0.0069918699186992716,UP,0.012590011614401816,0.006922183507549404,0.012590011614401816,0.006922183507549404,0.012590011614401816,0.006922183507549404,0.012590011614401816,0.006922183507549404
2026-08-07T12:30:00+00:00,PAXGUSD,30m,338,1.277192015252805,0.10796407323179696,0.05972480646864343,1.4448808949532455,0.925278219395869,1,0,1.1179278304451932,5.490033370336278,1.5859870844050994,4.470537970852092,1.9861022324125894,3.2249511037252887,2.802993272075897,2.6663389562918383,0.004680592539599062,0.004001151480074899,0.008168910396633079,1,75.81117633335634,25.811176333356343,12.57410966937914,11.515616154033243,1.0584935153458979,1.1958120315575975,49.271714151514814,13.931683134871813,0.3200257996203297,1.3721359343952018,0.012888648055184375,1.0,1,1,0,1,44,1,0,1.905451037144231,,1,0,0.9831621987917254,,1,0,,,,,1,1.0784921783474561,-1,1,1,1,1,100,1,1,1,4,12,4,7,8,-0.0042496496910389816,-0.0025268187352123677,-0.006477844393908028,-0.0033078354351872247,DOWN,0.0013552936852501863,0.006385960076264025,0.0013552936852501863,0.00877495233501018,0.0013552936852501863,0.00877495233501018,0.0013552936852501863,0.00877495233501018
2026-08-07T13:00:00+00:00,PAXGUSD,30m,340,0.3075276209635541,0.0876672887968168,0.059290771633627073,0.45448568139399803,0.1304568527918646,0,1,0.5386650885320173,11.7107529403429,1.0598060967061935,7.192811098813763,1.4952915104062785,4.663217897031245,2.332758600021437,3.4040105197409503,0.005211410081741762,0.004354854137000849,0.008374670896151586,1,63.86947425101474,13.869474251014744,14.78237916476155,12.647379559549158,2.1349996052123927,3.9998060371552224,46.338169746106296,14.560481886700671,0.33591525541635436,0.870479397337266,0.015233993352696646,1.0,1,1,2,1,46,1,0,0.24269996793221765,,1,0,0.55530306351033,,1,0,,,,,1,0.8679061590884423,-1,1,1,1,1,100,1,1,1,4,13,4,7,8,0.0005375389023593868,0.0005144685632024568,-0.0025308162055288864,0.0006298202589877365,NEUTRAL,0.004620988933158458,0.004491795033878642,0.004620988933158458,0.004491795033878642,0.004620988933158458,0.004491795033878642,0.004620988933158458,0.004491795033878642
2026-08-07T13:30:00+00:00,PAXGUSD,30m,342,0.07824546061262848,0.21402434814627716,0.10586150553470311,0.39813131429360876,0.46242774566473505,1,0,0.6489380390511346,8.338280751618186,1.2068788260516143,6.10055342108717,1.6719249400511955,4.203685776767998,2.5237575094780884,3.1964510926027287,0.005579407870004798,0.004650461139995811,0.00851832569426893,1,67.20397852596753,17.20397852596753,16.000806156408544,13.75967700629575,2.241129150112794,-0.15092486673846395,42.60826766848373,15.017456320675592,0.34560229030620654,0.9179124738168566,0.016666628902623982,1.0,1,1,4,1,48,1,0,0.48903412882884956,,1,0,0.8008653027408966,,1,0,,,,,1,0.6466757185925106,-1,1,1,1,1,100,1,1,1,4,13,4,7,8,-0.0039122730306307965,-0.0025774975260626004,-0.005293075276735783,-0.002002163256852189,DOWN,0.0003912273030630378,0.0069500379720617254,0.0003912273030630378,0.0069500379720617254,0.0003912273030630378,0.0069500379720617254,0.0003912273030630378,0.0069500379720617254
2026-08-07T14:00:00+00:00,PAXGUSD,30m,344,0.31240598893851385,0.009256473746317918,0.143475343068054,0.46513780575288577,0.3084577114427854,0,1,0.052610142698762255,4.893105105066752,0.5958117055462933,4.836204830461611,1.0756128738758621,3.6373751885212187,1.9400539634281189,2.931442284057084,0.00543201562847531,0.004798011683295687,0.008644410895522568,1,54.037565715925595,4.037565715925595,13.757898362725427,14.029089745855048,-0.27119138312962043,-2.4792520200031767,37.757210429450744,15.565051623439642,0.36019372928145793,0.5433057335146236,0.016157216764839333,1.0,-1,1,6,-1,0,1,1,-0.06363825700599357,-0.3459607062689426,1,0,0.24992479115081528,,1,0,,,,,-1,-0.433897206859047,-1,1,1,1,1,100,1,1,0,3,14,4,7,8,0.003910860157822793,0.0009256473746326337,0.002591812648971332,0.004905931085552916,NEUTRAL,0.005553884247795802,0.0007405178997060649,0.005553884247795802,0.0007405178997060649,0.005553884247795802,0.0010876356651933026,0.005553884247795802,0.0010876356651933026
2026-08-07T14:30:00+00:00,PAXGUSD,30m,346,0.12928546692832424,0.032321366732070554,0.01846935241833503,0.1800761860787298,0.10256410256412349,0,1,0.22498857296848557,2.9673717526738983,0.7613823110903081,4.018426681253004,1.2548332138770775,3.2663576338291023,2.126753114895627,2.75780911093716,0.0053639373812182254,0.004934509027867694,0.008719199010185495,1,57.09782359926845,7.097823599268452,12.754408695238453,13.69320837299386,-0.9387996777554068,-2.287642019122215,33.359323305005645,15.496906756945393,0.357772290360046,0.6471737552512635,0.01589871055935377,0.98,-1,1,8,-1,2,1,0,0.17199584439570167,,1,0,0.48482050098118434,,1,0,,,,,-1,-0.07734041325176876,-1,1,1,1,1,100,1,1,1,4,14,4,7,8,-0.000600253953595836,-0.0018931086228788684,0.0011312478356226795,0.0016853284081727305,DOWN,0.0031859632921621105,0.000854207549347759,0.0031859632921621105,0.0034399168879140334,0.0031859632921621105,0.0034399168879140334,0.0031859632921621105,0.0034399168879140334
2026-08-07T15:00:00+00:00,PAXGUSD,30m,348,0.3062892936922871,0.02763512424290855,0.01381756212146475,0.34774198005666035,0.9205298013245172,1,0,0.41509513797614833,3.5465333394895424,0.9428280509270337,4.184945198650894,1.447851729191254,3.3810774599714932,2.326422702971443,2.825890413657362,0.005277329129508854,0.005050236782642202,0.008785709737801886,1,60.62033621160605,10.620336211606052,11.948586386082752,13.033606317657505,-1.0850199315747524,-0.6802941178854063,29.66044996591182,14.991720622060033,0.3452483850047217,0.7668539798308118,0.015386626493057196,0.95,-1,1,10,-1,4,1,0,0.42028418119429795,,1,0,0.7323307924371918,,1,0,,,,,1,0.17156806300807909,-1,1,1,1,1,100,1,1,0,3,15,4,7,8,-0.003938005204615149,-0.0039610344748174505,-0.002441102641457376,-0.0009902586187044151,DOWN,0.0006908781060728185,0.00468185063215345,0.0006908781060728185,0.00591852244202377,0.0006908781060728185,0.00591852244202377,0.0006908781060728185,0.00591852244202377
2026-08-07T15:30:00+00:00,PAXGUSD,30m,350,0.02997601918465647,0.07609297177640824,0.05995203836931294,0.16602102933037766,0.3611111111111708,0,1,0.2336282778935506,4.290019355002187,0.7531482959797329,4.448924806596551,1.2703676877482817,3.546862090499417,2.1586196723891535,2.9205140038920945,0.005195200180861823,0.005172193917685489,0.00888251984640872,1,57.76885957282883,7.7688595728288306,11.15352420826639,12.434578995120994,-1.2810547868546038,0.2723335029160854,26.867440493121222,13.94490196493953,0.3215481914070174,0.6441566172254152,0.014564767157720088,0.89,-1,1,12,-1,6,1,0,0.2939955727725512,,1,0,0.6064379265818156,,1,0,,,,,1,0.044964028776974224,-1,1,1,1,1,100,1,1,0,3,15,4,7,8,-0.004242759638443217,-0.0030437188710569583,-0.0015449179118243446,-0.000760929717764292,DOWN,0.0004381110496217571,0.004427227448810141,0.0004381110496217571,0.004657812211769004,0.0004381110496217571,0.004657812211769004,0.001452684006640883,0.004657812211769004
2026-08-07T16:00:00+00:00,PAXGUSD,30m,352,0.11997877298633458,0.06460395468492357,0.06460395468492357,0.2491866823561817,0.7407407407407907,1,0,0.1507084909364469,1.966659834820348,0.6426832713007307,3.4411643447283495,1.1637894633867263,3.0665028280536717,2.0573127427259363,2.68988082146916,0.0049197478036428375,0.005211061920859957,0.008935232793392102,1,55.878120682617,5.878120682617002,9.424108294068901,11.44539110147674,-2.0212828074078395,-0.9062283041164019,23.31627891319052,13.505043020789632,0.3115997097618798,0.5707018876484563,0.013299419198254897,0.86,-1,1,14,-1,8,1,0,0.23188205163702222,,1,0,0.5445190466302199,,1,0,,,,,1,0.08998407973972995,-1,1,1,1,1,100,1,1,0,3,16,4,7,8,-0.0015458803442469549,-0.0027225952331510995,0.0004845296601369267,-0.0009459864793152819,DOWN,0.0005768210239726817,0.004037747167808772,0.0005768210239726817,0.004037747167808772,0.0010613506841096083,0.004037747167808772,0.0020765556863016543,0.004037747167808772
2026-08-07T16:30:00+00:00,PAXGUSD,30m,354,0.002311978359890962,0.10403902619471482,0.11791089635399751,0.22426190090860326,0.5360824742267954,1,0,-0.04272702352239485,0.26749251784622174,0.406749438364166,2.5983220267953584,0.9249986566321329,2.6498180783983116,1.8212750635322694,2.4865218784434546,0.004494764618865608,0.005182492182679668,0.008962764069001367,1,51.3707949881626,1.3707949881626007,7.055525026764371,10.039131275639019,-2.983606248874647,-1.0481374817054654,21.136312749667475,13.307868727109422,0.3076750451323474,0.39406402801602103,0.012572579449227706,0.84,-1,1,16,-1,10,1,0,0.028899729498531892,,1,0,0.3421727972626218,,1,0,,,,,-1,-0.11328693963425762,-1,1,1,1,1,100,1,1,0,3,16,4,7,8,0.000809192425958893,0.001664624419115395,0.002219499225487123,0.0015490255011212674,UP,0.0014103067995282301,0.0020114211730977776,0.0021501398746908147,0.0020114211730977776,0.003236769703835572,0.0020114211730977776,0.004115321480590984,0.0020114211730977776
2026-08-07T17:00:00+00:00,PAXGUSD,30m,356,0.1138019568385278,0.08326972451598211,0.04117225267734705,0.23824393403185695,0.6504854368932321,1,0,-0.06309501509735005,-1.3148190500178316,0.33721333496582806,1.732476426888752,0.8468918098314607,2.2035552383467802,1.7418085703174788,2.263715079038775,0.004003083500631781,0.005096784748656326,0.00894916760486018,1,50.4512220635705,0.45122206357049777,4.737455445158048,8.264089123089615,-3.5266336779315672,-0.8852006234553205,19.876641902543337,12.993009259599349,0.30053452824461285,0.3117973597557019,0.011036364534402966,0.82,-1,1,18,-1,12,1,0,-0.017347859274165565,,1,0,0.2960701316124299,,1,0,,,,,-1,-0.15960030532233582,-1,1,1,1,1,100,1,1,0,3,17,4,7,8,-6.939143709670434e-05,0.003030092753220793,0.0027293965258020914,0.0021280040709642676,UP,0.001989221196770859,0.0011796544306433426,0.0035620937709619125,0.0011796544306433426,0.003700876645155321,0.0011796544306433426,0.0045798348483797515,0.0011796544306433426
2026-08-07T17:30:00+00:00,PAXGUSD,30m,358,0.05317796120319234,0.011560426348523733,0.15953388360964013,0.22427227116135617,0.7113402061856366,0,1,-0.022142071524641004,-0.25725550352854043,0.3475680592833074,1.9411287585398895,0.8522984447262811,2.2905837556163533,1.7468771982135731,2.306244420807161,0.0036971013080794846,0.0050473038544297365,0.00894578753487292,1,51.246420077329276,1.246420077329276,3.8249450784305736,6.751049390784399,-2.926104312353825,0.6474306199122299,18.61416326771884,12.41999267791987,0.2871608212045934,0.27403773252102365,0.0074298770712914715,0.8,-1,1,20,-1,14,1,0,0.024276895331904046,,1,0,0.3375644493769014,,1,0,,,,,-1,-0.13525698827773608,-1,1,1,1,1,100,1,1,0,3,17,4,7,8,-0.00025432937966760624,0.0015259762780050065,0.003190677672192382,0.0025432937966752213,UP,0.0015722179833990593,0.0009710758132761618,0.003144435966798329,0.0009710758132761618,0.003283161082980698,0.0009710758132761618,0.004161753485468544,0.0009710758132761618
2026-08-07T18:00:00+00:00,PAXGUSD,30m,360,0.12027014524932504,0.07169950966785674,0.006938662225927048,0.19890831714310886,0.03488372093025592,0,1,-0.05689481132397629,-0.09856969789962022,0.2843965073237421,1.8500769508855228,0.7834949993837584,2.232272462385481,1.677689333494051,2.2769482267349304,0.003412913186477184,0.004990984920600163,0.008941943341102924,1,50.11341119830953,0.11341119830952806,3.0743089446714293,5.521139144669231,-2.4468301999978017,0.6792244168692383,17.110393862616426,11.81417736004309,0.2732486205949461,0.2540195501916154,0.00681962322301708,0.78,-1,1,22,-1,16,1,0,-0.010407993338880055,,1,0,0.30298825053197254,,1,0,,,,,-1,-0.16999722453511804,-1,1,1,1,1,100,1,1,0,3,18,4,7,8,0.0028217226385419134,0.0015033768156166158,0.0031686557498380556,0.0019196965491718179,UP,0.003492459987047704,0.000624479600333224,0.003492459987047704,0.000624479600333224,0.003885650846516623,0.000624479600333224,0.004510130446849847,0.000624479600333224
2026-08-07T18:30:00+00:00,PAXGUSD,30m,362,0.01619508132243986,0.09948407098073206,0.006940749138194523,0.12261990144136643,0.05660377358493804,0,1,-0.07260377018176249,-0.8806885735639298,0.23423314195126252,1.3737926793819497,0.7237875597618576,1.9752673663215319,1.6153226245715389,2.1464970353936224,0.00306836912133025,0.004895544178105951,0.008915350648096813,1,49.29076305685513,-0.7092369431448731,2.023319034950873,4.343394130588638,-2.3200750956377645,0.15273568882510968,16.297064554969076,10.956612111465773,0.25349032023380547,0.24568467600408112,0.005881691345715817,0.76,-1,1,24,-1,18,1,0,-0.04048770330611017,,1,0,0.27300279943548994,,1,0,,,,,-1,-0.04511486939823284,-1,1,1,1,1,100,1,1,0,3,18,4,7,8,0.0023367188765239465,0.003215880434028095,0.003308423755870759,0.0024061263679058917,UP,0.003794276195543955,-4.627166092122668e-05,0.003794276195543955,-4.627166092122668e-05,0.0041875853133746975,-4.627166092122668e-05,0.004812252735811994,-4.627166092122668e-05
2026-08-07T19:00:00+00:00,PAXGUSD,30m,364,0.15787651471437153,0.04847085978073546,0.012925562608182128,0.2192729371032891,0.7789473684210143,1,0,0.15033382160920913,0.2183025508920764,0.4404320153488489,1.6557770946537858,0.9237756236098649,2.0936962510850208,1.8123099397914118,2.202461055386266,0.002900981937396398,0.004833436082610161,0.008885343161815468,1,56.00567774268234,6.005677742682337,2.1708314695488298,3.4918483974024572,-1.3210169278536275,1.0698880328309808,15.158582499310253,10.443201259376092,0.24104330662149087,0.6507753321330083,0.0056766340671346085,0.75,1,1,26,1,0,1,0,0.19503750721292137,,1,0,0.5077899596076169,,1,0,,,,,1,0.14079630698212034,-1,1,1,1,1,100,1,1,1,4,19,4,7,8,-0.0011771494518177412,0.0005539526832082254,0.002308136180034622,-0.0005308713214080051,NEUTRAL,0.0014310444316214237,0.0012694748990190422,0.001569532602423585,0.0015926139642238053,0.0023542989036352724,0.0015926139642238053,0.0024466243508367833,0.0015926139642238053
2026-08-07T19:30:00+00:00,PAXGUSD,30m,366,0.009224241306165153,0.011530301632690712,0.06918180979614427,0.08993635273500014,0.7692307692306616,0,1,0.19776531921941407,2.522918868189663,0.48974216022862227,2.5233836233237525,0.9734327918832666,2.5191762530030246,1.8631176363023656,2.4152238868919085,0.0029197684100920824,0.004836906316546443,0.008896848444190988,1,58.3322329851809,8.332232985180902,3.21902456189855,3.3184737453288067,-0.09944918343025666,1.9857168214608416,14.732208516001176,9.734188840992703,0.22447626697243575,0.7953333967429933,0.005799793273860425,0.71,1,1,28,1,2,1,0,0.1729545244903607,,1,0,0.5972696245733705,,1,0,,,,,1,0.23060603265381424,-1,1,1,1,1,100,1,1,1,4,19,4,7,8,-0.0011991513697997922,-0.00029978784244979074,0.00055345447836928,-0.0009916059404112335,NEUTRAL,0.0002997878424500005,0.002490545152661026,0.0006687574946961872,0.002490545152661026,0.0015450604187807232,0.002490545152661026,0.0015450604187807232,0.002490545152661026
2026-08-07T20:00:00+00:00,PAXGUSD,30m,368,0.01615993720709694,0.032319874414214876,0.10388531061707874,0.15236512223839055,0.6818181818181442,0,1,0.0718532581511311,1.6661535406274197,0.3518065181626852,2.164799723030228,0.8317159645558028,2.3372656068695505,1.7216935086125686,2.325617711067025,0.002799532600115541,0.004799094463931177,0.008899775440567657,1,54.31887430384246,4.318874303842463,3.1482185781469525,3.2704717937849397,-0.12225321563798719,0.47179620922635923,12.922551293357547,9.448356704733541,0.2181212157982672,0.6357220761080944,0.005174514572364918,0.68,1,1,30,1,4,1,0,0.06463974882840876,,1,0,0.4894152411293446,,1,0,,,,,1,0.0438626867050014,-1,1,1,1,1,100,1,1,1,4,20,4,7,8,0.0011311956044972058,0.001662164969873218,0.0014543943486391444,0.0006002262391209835,UP,0.0011311956044972058,0.0014082230994758305,0.0017545074681996362,0.0014082230994758305,0.0026317612022994544,0.0014082230994758305,0.0026317612022994544,0.0014082230994758305
2026-08-07T20:30:00+00:00,PAXGUSD,30m,370,0.06004480266045503,0.0394910048266792,0.04387889425185645,0.1434147017389907,0.7246376811594161,1,0,0.03396573076599412,0.3693456421015071,0.29311486952149224,1.5690442656650703,0.7651066651905378,2.025383806777427,1.6526202879088896,2.1680202711813763,0.002591491387554981,0.004719917956690456,0.008875136227183519,1,52.81037043249787,2.8103704324978693,2.5409685585591433,3.033974778202267,-0.4930062196431235,-0.42325162910564007,11.450299554936546,8.915368791326348,0.20589290758472892,0.6209137952155135,0.004423942413419826,0.58,1,1,32,1,6,1,0,0.13971963695988965,,1,0,0.45264543544029845,,1,0,,,,,0,0.00692824646084597,-1,1,1,1,1,100,1,1,1,4,20,4,7,8,0.0009006720399066155,0.0016627791505969417,0.0007852012655596028,0.0003926006327798014,UP,0.0021246622479849926,0.0003464123230410383,0.002378697951548295,0.0003464123230410383,0.0030022401330223316,0.0003464123230410383,0.0030022401330223316,0.00041569478764928795
2026-08-07T21:00:00+00:00,PAXGUSD,30m,372,0.09455283427884908,0.006918500069189196,0.0,0.1014713343480383,0.9318181818181348,1,0,0.15285758050331066,1.0973555029449926,0.4043992553105098,1.7746540876059953,0.8714694206342929,2.110517271858953,1.7566436367179452,2.2077268077282497,0.002515416748071991,0.004670701653237832,0.00885174216083652,1,57.58656600217734,7.586566002177342,2.788367542530068,2.8949114787180243,-0.10654393618795632,0.3464379064996108,10.583917288091811,8.291312886398726,0.19121149592728026,0.9103291780595034,0.004614544132177553,0.4,1,1,34,1,8,1,0,0.09789677597896525,,1,0,0.5926848392601776,,1,0,,-0.2467598358009275,,,1,0.09339975093400171,-1,1,1,1,1,100,1,1,1,4,21,4,7,8,-0.00034592500345925005,9.22466675892592e-05,-0.001429823347631525,-0.00020755500207546613,NEUTRAL,0.0007149116738158673,0.0008763433420968087,0.0009685900096858582,0.0008763433420968087,0.001591255015912676,0.001568193349015309,0.001591255015912676,0.0018218716848852996
2026-08-07T21:30:00+00:00,PAXGUSD,30m,374,0.03921659092483628,0.06228517382176794,0.0023068582896826756,0.10380862303628689,0.022222222222100955,0,1,0.09723768400466311,1.8107604003698725,0.34425474886703183,2.0281985637611797,0.8079741816333286,2.2271914303964877,1.6925941865003225,2.264859516171782,0.002470170648623687,0.004637194327662967,0.008846200048669942,1,56.047395420573395,6.047395420573395,3.0606771616940023,2.950717687515932,0.10995947417807006,0.5596687359270849,10.54281294941067,7.516999376537726,0.17340652325400185,0.7707017820911838,0.004987699695666468,0.2,1,1,36,1,10,1,0,0.021915153752100815,,1,0,0.5628734226856361,,1,0,,-0.21684467923134645,,,1,0.06343860296661977,-1,1,1,1,1,100,1,1,1,4,21,4,7,8,0.0009458118987751423,0.0017532123001684848,-0.0006689889040115427,-0.00020761724607248986,UP,0.0009919490645690055,0.000576714572423816,0.0017993494659623481,0.000576714572423816,0.0018916237975502845,0.0012687720593323954,0.0018916237975502845,0.0015225264711987486
2026-08-07T22:00:00+00:00,PAXGUSD,30m,376,0.023067518627021288,0.04382828539133206,0.011533759313510644,0.07842956333186399,0.4411764705882825,1,0,0.08555755460318809,1.1498514842023724,0.3229839368730093,1.730528547323047,0.7811813222699998,2.067454485768394,1.6637738754367668,2.1834138189624355,0.0023742638226982122,0.004581973853969905,0.008825925531667672,1,56.078848453299564,6.078848453299564,2.9580880151625024,2.9557489777790487,0.002339037383453757,-0.11092632363010457,10.218397818461485,6.943229054259555,0.1601630655408077,0.7438132157203802,0.004427859698630067,0.12,1,1,38,1,12,1,0,0.02652764642108707,,1,0,0.5674609582247321,,1,0,,-0.22144817881941276,,,1,0.061128924361598024,-1,1,1,1,1,100,1,1,1,4,22,4,7,8,0.0009919033009617476,0.0008534981891997458,-0.0005997554843026375,4.6135037254000616e-05,NEUTRAL,0.0012225784872319605,0.00034601277940531934,0.001845401490161703,0.00034601277940531934,0.001845401490161703,0.0013148485617403814,0.001845401490161703,0.0015685912666374897
2026-08-07T22:30:00+00:00,PAXGUSD,30m,378,0.09679872778814488,0.0,0.02535204775402647,0.12215077554217137,1.0,1,0,0.15000881407793404,1.3906947523746567,0.38238010112591053,1.7820834456442753,0.8359169196430344,2.0795335177926972,1.7161995754562085,2.18696494256983,0.002323712870479765,0.004535368185171239,0.008802826558131742,1,59.64255561689233,9.64255561689233,3.1225032424881647,2.977111915120674,0.1453913273674905,0.12760520369848072,10.529118126567598,6.504620970254324,0.14991405587255582,0.8748002510727747,0.004570542153008958,0.08,1,1,40,1,14,1,0,0.1140842148931715,,1,0,0.6545437783769996,,1,0,,-0.30883403627646727,,,1,0.0702943142270915,-1,1,1,1,1,100,1,1,1,4,22,4,7,8,0.00018437852912032588,-0.0002074258452602356,-0.0006453248519208262,-0.000783608748761123,NEUTRAL,0.0003457097421005324,0.0011293184908616554,0.0009679872778816585,0.0011293184908616554,0.0009679872778816585,0.002189495033303372,0.0009679872778816585,0.0024430155108436367
2026-08-07T23:00:00+00:00,PAXGUSD,30m,380,0.03919489083069693,0.03227814538998077,0.0069167454407161565,0.07838978166139386,0.08823529411771,0,1,0.08926692111109995,1.7220879945743945,0.31757822811006686,1.8939570753527732,0.7672317712660722,2.1251747875594447,1.6462918605163623,2.2079502658516503,0.0022831130699896693,0.004496535431560053,0.0087906008925029,1,57.28317008804403,7.283170088044031,3.2379273492733773,3.0784164244782923,0.159510924795085,0.21945050279607203,10.840236649221438,5.884596652923345,0.1356741902317881,0.7354069116969205,0.004534573169153737,0.03,1,1,42,1,16,1,0,-0.009222327254274229,,1,0,0.6178959260369395,,1,0,,-0.27205865400134144,,,1,0.0334309362967703,-1,1,1,1,1,100,1,1,1,4,23,4,7,8,0.0009683443616996329,-0.0008761210891568906,-0.0012450141793282792,-2.305581813579042e-05,NEUTRAL,0.0013372374518710215,0.0007608419984783579,0.0013372374518710215,0.0009452885435640522,0.0013372374518710215,0.0018214096327209429,0.0013372374518710215,0.002075023632213589
2026-08-07T23:30:00+00:00,PAXGUSD,30m,382,0.06687266522159378,0.0,0.05995480330213448,0.12682746852372825,0.4727272727273389,0,1,0.05430811681870161,1.2242035511135327,0.275872626188403,1.6730453433001458,0.7205042243847847,2.004022948030979,1.5974951949060852,2.145274584242543,0.002215645093697014,0.004446315981963816,0.008769909705213005,1,55.37651070707759,5.376510707077593,3.144830822037875,3.1323142553883017,0.012516566649573235,-0.23319054598581257,10.101430938057508,5.632636909918598,0.12988601461787108,0.6556396003355264,0.003542973012301661,0.01,1,1,1,1,18,1,0,0.061107780288718015,,1,0,0.6018539869944279,,1,0,,-0.2559608910206236,,,1,0.004611907946334169,-1,1,1,1,1,100,1,1,1,4,23,4,7,8,0.0007379052714107406,-0.001521929622284823,-0.0008993220495320171,0.000599548033021135,DOWN,0.001498870082553152,0.0,0.001498870082553152,0.0016602868606744286,0.001498870082553152,0.0016602868606744286,0.001498870082553152,0.0019139417977217593
2026-08-08T00:00:00+00:00,PAXGUSD,30m,384,0.05987334484744649,0.004605641911337205,0.0253310305123651,0.08981001727114879,0.9487179487179905,1,0,0.1611713793098201,1.504166625742073,0.38216243413570505,1.756394413403541,0.823101779943234,2.0334113237595375,1.697546204777588,2.1572837011599404,0.0022099105482588496,0.004409393458075289,0.008744444248343542,1,61.62658878696572,11.62658878696572,3.446846062694931,3.207560675297223,0.23928538739770788,0.03621063040724559,9.403728952693557,5.340896111103219,0.12299127486708622,0.9919654032914329,0.0032842400071336473,0.01,1,1,0,1,20,1,0,0.19689119170984873,,1,0,0.13241220495106507,,1,0,,-0.39147956246401844,,,1,0.1220495106505511,-1,1,1,1,1,100,1,1,1,4,0,5,8,8,-0.0010823258491651855,-0.0024179620034542313,-0.0028324697754749987,-0.0010823258491651855,DOWN,0.00013816925734032556,0.0012435233160620924,0.00013816925734032556,0.0030166954519286965,0.00013816925734032556,0.0032700057570523473,0.00013816925734032556,0.0032700057570523473
2026-08-08T00:30:00+00:00,PAXGUSD,30m,386,0.06453397252697017,0.0,0.004609569466207664,0.06914354199317783,0.06666666666660603,0,1,0.05687701981700582,1.567809868238328,0.27201301838585334,1.7706662770397088,0.70835981092825,2.0309640607947586,1.5811497550653066,2.153882127909128,0.002151359985688475,0.004363467925423967,0.008727899441370568,1,55.83141454916306,5.831414549163057,3.3108215744996414,3.277210488541,0.033611085958641596,-0.028089206279333645,9.018616251015215,4.991895116206371,0.11505243653098486,0.6883847814253475,0.003550364356844681,0.01,1,1,1,1,22,1,0,0.11178205955564588,,1,0,0.04724808702867571,,1,0,,-0.3065363695030926,,,1,0.036876555729703234,-1,1,1,1,1,100,1,1,1,4,0,5,8,8,-0.001313727297870337,-0.0014520143818567764,-0.0015442057711809298,-0.001014105282566734,NEUTRAL,0.00048400479395211907,0.001751636397160589,0.00048400479395211907,0.002166497649119698,0.00048400479395211907,0.0024200239697612243,0.00048400479395211907,0.0024200239697612243
2026-08-08T01:00:00+00:00,PAXGUSD,30m,388,0.041493775933614155,0.025357307514971283,0.020746887966796593,0.08759797141538203,0.2368421052631075,0,1,0.027896102942558402,0.7174135202585603,0.2325562633461052,1.3955285394740713,0.662185294541718,1.8296126614877721,1.53164117984118,2.049807830185273,0.0020466016040354682,0.004296290311956128,0.00869455885299462,1,54.179100556903926,4.179100556903926,2.922197511223203,3.1928683009369974,-0.2706707897137943,-0.5156589567302592,7.806658031483635,4.748113646116691,0.10945397985515654,0.5951288933795863,0.0034300158893559272,0.01,1,1,3,1,24,1,0,0.0933609958506266,,1,0,0.02881512217611803,,1,0,,-0.2881512217611803,,,-1,-0.012678653757496126,-1,1,1,1,1,100,1,1,1,4,1,5,8,8,-0.001152604887044721,-0.00043798985707691016,-0.0008529276164130516,-0.0007376671277085795,NEUTRAL,0.0002535730751499225,0.0019824804057170043,0.0002535730751499225,0.0019824804057170043,0.0002535730751499225,0.002236053480866717,0.00032272936837243803,0.002236053480866717
2026-08-08T01:30:00+00:00,PAXGUSD,30m,390,0.09922695280951152,0.009230414214829495,0.006922810661132615,0.11538017768547365,0.06000000000003638,0,1,-0.07069544978888001,-0.09889732241936144,0.11530109262671646,1.0034848224831876,0.5351841547937792,1.613707841901487,1.4001079583899043,1.9366807723372403,0.0018599654241559648,0.004198830621670627,0.008649238035961251,1,47.33819753970538,-2.6618024602946235,2.0814502383818763,2.8853446282523536,-0.8038943898704773,-0.7371964291682587,7.9609803325002115,4.54403676629453,0.10485835390087758,0.15723434695391544,0.0025392338573482663,0.02,-1,1,5,-1,0,1,0,-0.01038421599168843,,1,0,0.5307488173531787,,1,0,,-0.1846082842967578,,,-1,-0.11653397946233257,-1,1,1,1,1,100,1,1,1,4,1,5,8,8,9.230414214829495e-05,-0.00036921656859359957,-0.0003922926041305684,0.0008076612437983154,NEUTRAL,0.0003922926041305684,0.0009461174570209677,0.0005999769239645468,0.0009461174570209677,0.0005999769239645468,0.001199953847928884,0.001361486096688505,0.001199953847928884
2026-08-08T02:00:00+00:00,PAXGUSD,30m,392,0.07598152424942178,0.004849884526559732,0.013856812933033808,0.09468822170901532,0.14634146341470988,0,1,-0.13025482821913165,-1.2460361301446028,0.02920773419352076,0.435819707337032,0.43556275132115685,1.3008676167519297,1.2935569400596783,1.772448584572885,0.001594625624126524,0.004063550171276361,0.008579941887385213,1,42.519638362264445,-7.480361637735555,0.9084458626157357,2.2799015836935266,-1.371455721077791,-0.9452554202096928,10.42947715308527,4.476235783182555,0.10337726981945855,-0.08351013312414782,0.0027897216214524084,0.01,-1,-1,0,-1,2,1,1,0.1374133949191644,-0.14896073903001888,1,1,0.4503464203233256,-0.20785219399538107,1,1,,-0.10392609699769054,,,-1,-0.1974595842956162,-1,1,1,1,1,60,1,1,0,3,2,5,8,8,0.0005311778290993492,0.0006235565819861012,0.0012240184757506193,0.0012702078521939955,NEUTRAL,0.0011316397228636574,-0.00013856812933033807,0.0014087759815243335,-0.00013856812933033807,0.0014087759815243335,0.0003926096997690111,0.0021709006928405626,0.0003926096997690111
2026-08-08T02:30:00+00:00,PAXGUSD,30m,394,0.025854108956599512,0.0203139427516184,0.0023084025854192935,0.04847645429363721,0.04761904761921261,0,1,-0.07077281216522452,-1.1678436348793184,0.0686976742757955,0.3403318405680693,0.4621999874606153,1.2183710922245155,1.3123836499600543,1.72148056725473,0.0013947048644102002,0.003935023131848198,0.008501836624994388,1,46.06283714546787,-3.937162854532133,0.30217304288635205,1.6183202652979962,-1.3161472224116442,-0.26583076525412386,11.9564554330788,4.334611466111491,0.10006028315123479,0.1415227542152601,0.003045758775168369,0.01,-1,-1,2,-1,4,1,1,0.183518005540162,-0.10272391505078066,1,1,0.4963065558633426,-0.16158818097876268,1,1,,-0.15004616805170823,,,-1,-0.09810710987996306,-1,1,1,1,1,60,1,1,0,3,2,5,8,8,0.0008771929824561823,-0.0004155124653740032,0.0004616805170821791,0.001131117266851255,NEUTRAL,0.0009464450600185512,0.0,0.0009464450600185512,0.0008541089566019894,0.0009464450600185512,0.0008541089566019894,0.0017082179132039787,0.0008541089566019894
2026-08-08T03:00:00+00:00,PAXGUSD,30m,396,0.03693017888056235,0.004616272360065046,0.002308136180043019,0.043854587420670416,0.05263157894754478,0,1,-0.05126480568617661,-0.6675545401167255,0.07284371102643838,0.4414981734735193,0.4544859662504246,1.2363939883234707,1.2972418653740492,1.72083740362541,0.00124108516712615,0.003816422552239862,0.008427558991236246,1,47.02788418028357,-2.9721158197164286,0.012186518247290223,1.0707217730410779,-1.0585352547937876,0.27164279637669053,12.910711314650213,4.039027233534948,0.09322624889867161,0.20004353602981784,0.003151927838064969,0.01,-1,-1,4,-1,6,1,1,0.19503750721292137,-0.09117137911136337,1,1,0.5077899596076169,-0.15002885170225042,1,1,,-0.16156953260242354,,,-1,-0.08655510675129832,-1,1,1,1,1,60,1,1,0,3,3,5,8,8,0.0002308136180034622,-9.232544720130091e-05,0.0006462781304097362,0.0012002308136179615,NEUTRAL,0.000830929024812548,0.0002308136180034622,0.000830929024812548,0.0009694171956144993,0.000830929024812548,0.0009694171956144993,0.0015926139642238053,0.0009694171956144993
2026-08-08T03:30:00+00:00,PAXGUSD,30m,398,0.08486889140011279,0.0,0.0,0.08486889140011279,1.0,1,0,0.0335840930657802,-0.3110820611846066,0.14712853792558492,0.50512768723911,0.5177716025887441,1.2373000176021378,1.3527420942441124,1.711608178534334,0.0011354444485980474,0.003706430646631592,0.008349704916553681,1,53.162156403817875,3.1621564038178747,0.0210511701170617,0.6648651599540465,-0.6438139898369848,0.4880447243969013,12.87117755858782,3.8535489921806567,0.08887131275064358,0.4827522105398749,0.003208887362352365,0.01,-1,-1,6,-1,8,1,1,0.27789949493785154,-0.008071769562497505,1,1,0.5903922880007464,-0.0668803763750752,1,1,,-0.24445930675031394,,,0,-0.0034593298124959335,-1,1,1,1,1,60,1,1,0,3,3,5,8,8,-0.0016051290330020146,-0.0004151195775005608,-0.00013837319250025685,0.00029980858375020696,NEUTRAL,0.0,0.0017527271050022746,0.0,0.0017988515025022904,0.0001383731925000471,0.0017988515025022904,0.0007610525587507835,0.0017988515025022904
2026-08-08T04:00:00+00:00,PAXGUSD,30m,400,0.09464669082851322,0.0,0.006925367621581118,0.10157205845009434,0.06818181818165846,0,1,-0.05960618427202716,-0.008391437840145954,0.04305493790123638,0.5749371691890701,0.4030503235776672,1.2449149566236883,1.2313191720780459,1.7062447830030578,0.0010266112217326353,0.003599953856764308,0.008282688485003787,1,46.052526817216254,-3.947473182783746,-0.09038216356930207,0.42885590177735106,-0.5192380653466531,0.4603743971644878,12.568251148781437,3.8094376514210744,0.0879391872254917,0.21664166627745257,0.0032638344611134336,0.02,-1,-1,8,-1,10,1,1,0.18121378609846614,-0.1050347422609059,1,1,0.4940095570073095,-0.16390036704449235,1,1,,-0.14774117592741376,,,-1,-0.10041783051317815,-1,1,1,1,1,60,1,1,0,3,4,5,8,8,-0.00025393014612513085,-2.308455873853374e-05,0.0012234816131490068,0.0015466654354903686,NEUTRAL,0.0007387058796372788,0.0008310441145916237,0.0007387058796372788,0.0008310441145916237,0.0013158198481037716,0.0008310441145916237,0.0017313419053994784,0.0008310441145916237
2026-08-08T04:30:00+00:00,PAXGUSD,30m,402,0.018464237080808316,0.03462044452650772,0.0046160592701968315,0.05770074087751287,0.07999999999992724,0,1,-0.03526056880156121,-0.5261435579595855,0.0560857195348793,0.311197286899187,0.40455630801019654,1.0842477688338477,1.2246310879982734,1.6159995953494217,0.0009134628833644051,0.003484705884753172,0.008200747799880769,1,47.534338151026205,-2.465661848973795,-0.23650726076448336,0.2051806932136589,-0.44168795397814226,-0.016888986618013135,12.959276382471659,3.702015117806971,0.08544360601488613,0.30727803560980277,0.003255416149208294,0.01,-1,-1,10,-1,12,1,1,0.1996445634361861,-0.08655111131626932,1,1,0.5123825789923101,-0.14540586701133662,1,1,,-0.16617813372723286,,,-1,-0.08193505204607247,-1,1,1,1,1,60,1,1,0,3,4,5,8,8,-2.30802963508792e-05,0.0006000877051262178,0.0015002192628153347,0.0011540148175502574,NEUTRAL,0.00020772266715917228,0.0010155330394441425,0.0007616497795832119,0.0010155330394441425,0.0015071433517205774,0.0010155330394441425,0.001546379855517303,0.0010155330394441425
2026-08-08T05:00:00+00:00,PAXGUSD,30m,404,0.02540298369589059,0.023093621541730176,0.01847489723338834,0.06697150247100911,0.6551724137930602,1,0,-0.07403219208279503,-0.9828068581027765,-0.0005693731533367932,0.053865700055212073,0.33392226154826216,0.9228146634977747,1.1447249139483024,1.5239751485214583,0.0007346281892945824,0.0033449163470159896,0.008108026524000405,1,44.100656107974004,-5.899343892025996,-0.7853124346647746,-0.12101736707751368,-0.664295067587261,-0.21128218731063458,15.65988104351766,3.677757933211075,0.08493274983167233,0.1934534615014874,0.0030685106271915036,0.01,-1,-1,1,-1,14,1,1,0.14202577248163217,-0.03810447554386739,1,1,0.45494434437208026,-0.09376010345943375,1,1,,-0.10854002124612763,,,-1,-0.13971641032747176,-1,1,1,1,1,60,1,1,0,3,5,5,8,8,0.0005080596739180218,0.0008775576185857887,0.0017551152371715773,0.0018936769664218323,NEUTRAL,0.0010392129693778578,0.00020784259387548757,0.0013394300494203922,0.00020784259387548757,0.002124613181839134,0.00020784259387548757,0.0023324557757148316,0.00020784259387548757
2026-08-08T05:30:00+00:00,PAXGUSD,30m,406,0.027700191593008648,0.004616698598827775,0.002308349299403391,0.03462523949123981,0.8666666666667879,1,0,-0.02208754523834325,-0.6863339586743678,0.04109148724812664,0.09421435825970548,0.36340916395460165,0.9083645247455934,1.164851327458503,1.504533547601568,0.0006317903248646989,0.0032231767670647497,0.008014421635039015,1,47.89630426142603,-2.1036957385739683,-0.8355970232823893,-0.38493205648770545,-0.4506649667946838,0.18983220678274548,15.835393384085341,3.563474952615684,0.08225744910356833,0.3807539804144423,0.0025293109010197266,0.01,-1,-1,3,-1,16,1,1,0.1858221186029912,-0.10041319452458286,1,1,0.4986034486738617,-0.04986034486738197,1,1,,-0.15235105376146357,,,-1,-0.08310057477898394,-1,1,1,1,1,60,1,1,0,3,5,5,8,8,0.0003231689019181543,0.000738671775813074,0.0005309203388655092,0.002054430876480145,NEUTRAL,0.0006001708178480307,0.0003231689019183642,0.0009002562267721511,0.0003231689019183642,0.0016850949885735028,0.0003231689019183642,0.002054430876480145,0.0003231689019183642
2026-08-08T06:00:00+00:00,PAXGUSD,30m,408,0.037376277599609875,0.00461435525920721,0.006460097362911078,0.04845073022172816,0.9047619047620079,1,0,0.026858242372999473,-0.02169287773540418,0.08624532006048667,0.31465154716715915,0.3985108860998144,0.9886364775065886,1.1913452002480274,1.5332103912915045,0.000593870776874872,0.003122655660393277,0.00792834314148213,1,52.27609958249773,2.2760995824977286,-0.5450626256224496,-0.4759365430119711,-0.06912608261047848,0.5358677082356047,14.8522214398012,3.3486085050615446,0.07725834633185392,0.675722972855212,0.0018886674122951803,0.01,1,-1,5,1,0,1,1,0.04498996377730702,-0.04960431903651422,1,1,0.5491082758461616,0.0009228710518414419,1,1,,-0.20303163140530608,,,1,0.07729045059177847,-1,1,1,1,1,60,1,1,0,3,6,5,8,8,9.22871051841442e-05,0.00027686131555264244,0.00011535888148028516,0.0005998661836973569,NEUTRAL,0.0003922201970329276,0.0007152250651778519,0.0005537226311052849,0.0007152250651778519,0.0011766605910987827,0.0007152250651778519,0.0017534549985002085,0.0007152250651778519
2026-08-08T06:30:00+00:00,PAXGUSD,30m,410,0.011542545823906921,0.023085091647813843,0.013851054988696702,0.048478692460417465,0.28571428571440943,0,1,-0.026438127164544002,-0.06809779787363368,0.02586268977390998,0.27038768348575104,0.3273869595576975,0.9398515945531472,1.111722352091113,1.4978457143506603,0.0005230081693845398,0.003015242697837875,0.007843353925334156,1,47.24465493167044,-2.755345068329561,-0.5548400101397419,-0.49989949646372384,-0.0549405136760181,0.23995134981056576,13.838909128132745,3.216402231405121,0.07425094028822016,0.39597416261286794,0.0015686964735890396,0.01,1,-1,7,1,2,1,1,0.17890946027055726,-0.10734567616232596,1,1,0.49171245209843906,-0.05678932545362289,1,1,,-0.1454360773812314,,,1,0.019622327900629167,-1,1,1,1,1,60,1,1,0,3,6,5,8,8,0.0006463825661388295,0.0012465949489818633,0.0012004247656862777,0.001315850223925347,NEUTRAL,0.0009695738492081393,-0.00018468073318255273,0.0013389353155732447,-0.00018468073318255273,0.001754466965233726,-0.00018468073318255273,0.0023315942564290718,-0.00018468073318255273
2026-08-08T07:00:00+00:00,PAXGUSD,30m,412,0.041519618019518416,0.016146518118695777,0.0,0.05766613613821419,0.7200000000000728,1,0,0.04804025404392818,0.15151177997086052,0.0999438903351426,0.3331798646868265,0.3926683769188622,0.9448961354983112,1.1683718277864934,1.489160865672602,0.0005190363629121442,0.0029272448658371956,0.007757034508676311,1,54.502094683946794,4.502094683946794,-0.191953778480638,-0.4278715855962476,0.2359178071156096,0.27682910724660237,12.872561362292876,3.084550903609517,0.07114965293311921,0.8673509755991938,0.0015757179914696934,0.01,1,1,0,1,4,1,1,0.04382626346505537,-0.026526422623570137,1,1,0.04497958618780287,0.023989112633496266,1,1,,-0.22605125366180384,,,1,0.05420616796992973,-1,1,1,1,1,100,1,1,1,4,7,5,8,8,9.22658178210588e-05,0.0008995917237560575,4.61329089105294e-05,0.00027679745346338616,NEUTRAL,0.00016146518118695778,0.0006227942702926714,0.0009065116600925845,0.0006227942702926714,0.0009457246326665869,0.0006227942702926714,0.0015223859940487288,0.0006227942702926714
2026-08-08T07:30:00+00:00,PAXGUSD,30m,414,0.016151361329022104,0.0023073373327264376,0.03230272265804421,0.05076142131979276,0.6363636363635237,0,1,0.013391491691887145,0.4215323187518152,0.06398904484000827,0.4364340081174305,0.34825158379530186,0.9740346068056169,1.1160192997393816,1.49321698575568,0.0005059755314812112,0.002842625389552936,0.007677677159440797,1,51.44784157772301,1.4478415777230111,0.010417180612421362,-0.27935074102237023,0.2897679216347916,0.23757408528049628,11.625675794534276,2.9295362383163446,0.06759428330217684,0.6452456740413582,0.0016254965183538572,0.01,1,1,2,1,6,1,1,0.22958006460544111,-0.05652976465158787,1,1,0.014997692662658888,-0.00599907706507195,1,1,,-0.1961236732810337,,,1,0.00922934933086378,-1,1,1,1,1,100,1,1,1,4,7,5,8,8,0.0007844946931240508,0.0008767881864328985,0.0006691278264881487,0.0008306414397785796,NEUTRAL,0.0008075680664513152,0.00016151361329022105,0.0012459621596676595,0.00016151361329022105,0.0012459621596676595,0.00016151361329022105,0.0018227964928471704,0.00016151361329022105
2026-08-08T08:00:00+00:00,PAXGUSD,30m,416,0.016146518118695777,0.0,0.029986390791875574,0.046132908910571355,1.0,1,0,0.036896901642881785,0.3418892677318581,0.08733998820748545,0.4000300090301607,0.363619635319676,0.934135200597666,1.123144106222808,1.462723344790902,0.0005044308656460367,0.0027627964711219055,0.007595244709031321,1,54.41078469633059,4.4107846963305875,0.23112562628830347,-0.1159960513772243,0.34712167766552776,0.04280622100480991,10.447200929098472,2.721896042221758,0.06278449108993052,0.7904878038037332,0.0017064849018992804,0.01,1,1,4,1,8,1,1,0.25949761262196386,-0.026526422623570137,1,1,0.04497958618780287,0.023989112633496266,1,1,,,,,1,0.023066454455285677,-1,1,1,1,1,100,1,1,1,4,8,5,8,8,0.00034599681682928514,-0.00020759809009769696,0.0005535949069267723,0.0006919936336585703,NEUTRAL,0.0005305284524716125,9.226581782126858e-05,0.0009457246326665869,0.00029986390791875573,0.0009457246326665869,0.00029986390791875573,0.0015223859940487288,0.00029986390791875573
2026-08-08T08:30:00+00:00,PAXGUSD,30m,418,0.004613078076342246,0.02306539038173221,0.006919617114523859,0.03459808557259832,0.20000000000012128,0,1,0.03358093256195792,0.512068085376086,0.0847049429905758,0.46861670575981407,0.3536879749040141,0.9483245859291856,1.1053296815071056,1.459461577116599,0.0005112401042861787,0.0026898303191343837,0.007516417066030915,1,54.74083009385947,4.740830093859472,0.4415792514846544,0.07173853548630117,0.3698407159983532,0.06354363508329713,10.731891105207449,2.5270430159973563,0.05828723367540898,0.7939158790344369,0.0017336365883731716,0.01,1,1,6,1,10,1,1,0.01729904278629916,-0.021912120862641403,1,1,0.04959058932071587,-0.08072886633606273,1,1,,,,,1,0.027678468458074455,-1,1,1,1,1,100,1,1,1,4,8,5,8,8,0.0005074385883980667,-0.0001614577326720835,0.0004382424172528281,0.000876484834505866,NEUTRAL,0.0008995502248874723,4.613078076342247e-05,0.0008995502248874723,0.00034598085572598315,0.0008995502248874723,0.00034598085572598315,0.0014761849844307775,0.00034598085572598315
2026-08-08T09:00:00+00:00,PAXGUSD,30m,420,0.0,0.009222539887497596,0.04150142949368676,0.050723969381184356,0.8181818181816303,0,0,0.05916648214118697,0.7429854395031725,0.11416918540984869,0.5705300694071411,0.37725537418941907,0.9816027121551087,1.121392075557783,1.466175043077783,0.0005500270326866171,0.002630861887795704,0.007441367013683641,1,58.61771626719724,8.617716267197238,0.7930049037286153,0.30879120367993707,0.48421370004867825,0.1031160685929296,12.021480711622603,2.481991171956944,0.057225656459396486,0.9151243627950911,0.0019805466206081596,0.01,1,1,1,1,12,1,1,0.056488056810841514,0.0172922622890344,1,1,0.08876694641703067,-0.04150142949368676,1,1,,,,,1,0.06686341418425797,-1,1,1,1,1,100,1,1,1,4,9,5,8,8,-9.222539887476626e-05,-4.611269943738313e-05,0.0003227888960621013,0.0002997325463433049,NEUTRAL,0.0005072396938116338,0.00020750714746832892,0.0005072396938116338,0.0007378031909987591,0.0005072396938116338,0.0007378031909987591,0.0010836484367794472,0.0007378031909987591
2026-08-08T09:30:00+00:00,PAXGUSD,30m,422,0.05530973451326596,0.0006913716814100604,0.011522861356932153,0.06752396755160817,0.9897610921502554,1,0,0.09090711348285255,0.8916502123829559,0.14997300371178907,0.6462294104767352,0.40765310112349007,1.0039886463900984,1.1444038460850605,1.4678596539915816,0.0005906589022893653,0.0025768009741170103,0.0073675074496157055,1,62.90300541650658,12.90300541650658,1.0989982355322354,0.5554645330107308,0.5435337025215046,0.0795367297956392,14.06674263153681,2.402431163575088,0.05536576243489787,1.0026231964877104,0.002328738383617865,0.02,1,1,3,1,14,1,0,0.10255346607669197,,1,1,0.13481747787609363,0.004609144542768669,1,1,,,,,1,0.11292404129792671,-1,1,1,1,1,100,1,1,1,4,9,5,8,8,-0.0010601032448376323,-0.0008526917404129375,-0.0003456858407079646,-4.6091445427686695e-05,NEUTRAL,4.6091445427686695e-05,0.001198377581120902,4.6091445427686695e-05,0.001198377581120902,4.6091445427686695e-05,0.001198377581120902,0.0006222345132742944,0.001198377581120902
2026-08-08T10:00:00+00:00,PAXGUSD,30m,424,0.002305316058819086,0.013831896352998382,0.006915948176499191,0.02305316058831666,0.3000000000001819,0,1,0.04821903461505282,0.8682216024271838,0.1087798632470362,0.6545931620739793,0.3608305415116387,0.9941273133281356,1.0904923478866904,1.4536697150497275,0.0006056082863198337,0.0025205067826460253,0.0072966180637505165,1,57.99505097175478,7.995050971754779,1.1882292200689335,0.7774500187137321,0.4107792013552014,-0.03238041344646886,16.62091138920426,2.2556676869601406,0.052000269421368914,0.819924271462181,0.0020658312693518136,0.01,1,1,5,1,16,1,0,0.008068606205919216,,1,1,0.10258656461800493,-0.027663792705975795,1,1,,,,,1,0.0806860620591083,-1,1,1,1,1,100,1,1,1,4,10,5,8,8,-0.0001383189635299838,-0.0002074784452949757,0.00013831896352977416,0.00016137212411817465,NEUTRAL,4.610632117659138e-05,0.0008760201023560749,0.00023053160588316657,0.0008760201023560749,0.0005763290147079164,0.0008760201023560749,0.0009451795841208571,0.0008760201023560749
2026-08-08T10:30:00+00:00,PAXGUSD,30m,426,0.05306386120340029,0.002307124400156049,0.009228497600582232,0.06459948320413857,0.14285714285700366,0,1,-0.02948076269688437,0.18963264960530068,0.025997376991483447,0.38442067748565023,0.27051254773109185,0.8432155472928571,0.9923030131694254,1.3684060886034786,0.0005547813968836781,0.0024451517073960836,0.007217904654383336,1,47.31170108123652,-2.688298918763479,0.8682906882304451,0.8509645591631736,0.01732612906727149,-0.4598366123895319,15.980838274276293,2.2311624443687177,0.05147569316096156,0.377705603580987,0.0017918138236887036,0.02,1,1,7,1,18,1,1,0.23878737541526981,-0.06344592100406055,1,1,0.024224806201533604,-0.10612772240680057,1,1,0.11535622000738281,,,,-1,-0.036913990402370894,-1,1,1,1,1,100,1,1,1,4,10,5,8,8,0.0003922111480252694,0.0007613510520487685,0.001522702104097537,0.000992063492063534,NEUTRAL,0.0010151347360650945,6.921373200426181e-05,0.0010151347360650945,6.921373200426181e-05,0.001522702104097537,6.921373200426181e-05,0.001730343300110742,6.921373200426181e-05
2026-08-08T11:00:00+00:00,PAXGUSD,30m,428,0.0,0.0,0.009227646027510973,0.009227646027510973,1.0,0,0,-0.01617929203126989,-0.31098098297570687,0.032688071916491604,0.15586084069218487,0.26883663601679825,0.7084359944137759,0.9816545586235945,1.2898851393474615,0.000488673639477615,0.002361485641003066,0.007128179226067962,1,48.58458006175927,-1.4154199382407313,0.5309471716527696,0.7587276258962083,-0.22778045424343873,-0.5045124869739321,14.102592466379653,1.9988084341750947,0.046110741768365195,0.40801970675488364,0.0016926699987534733,0.01,1,1,9,1,20,1,1,0.2479929869890191,-0.021915659315304467,1,1,0.03345021684967745,-0.09689028328872884,1,1,0.10611792931621883,-0.018455292055000967,,,-1,-0.043831318630608934,-1,1,1,1,1,100,1,1,1,4,11,5,8,8,0.00013841469041234988,0.0005997969917872692,0.0004844514164435393,0.0009689028328872884,NEUTRAL,0.0009227646027498385,0.0001384146904125597,0.0009227646027498385,0.0001384146904125597,0.0016379071698808373,0.0001384146904125597,0.0016379071698808373,0.0001384146904125597
2026-08-08T11:30:00+00:00,PAXGUSD,30m,430,0.0062255014987419085,0.035277841826141236,0.0,0.041503343324883146,0.0,0,1,0.027889341028509193,0.21527407062512793,0.07681129951515152,0.34349168723656476,0.30681176105596064,0.7825292796051144,1.0114046619961952,1.3158075642513722,0.0004892195848664232,0.0023000046154080913,0.0070459290094023455,1,55.059762638334746,5.059762638334746,0.6381760762706108,0.7098409022523323,-0.07166482598172152,0.06950245284270162,15.372771556826914,2.0709113539570616,0.04774985828814991,0.6714871838470682,0.001378495737124217,0.02,1,1,11,1,22,1,0,0.02536315425410108,,1,1,0.08415955729766282,-0.04611482591653217,1,1,0.055337791099830204,-0.06917223887479824,,,1,0.006917223887484019,-1,1,1,1,1,100,1,1,1,4,11,5,8,8,6.917223887484019e-05,0.0003689186073323412,0.00011528706479133042,0.0006456075628314922,NEUTRAL,0.00020751671662431087,0.0006456075628314922,0.0005072630850818119,0.0006456075628314922,0.001129813234954954,0.0006456075628314922,0.001129813234954954,0.0006456075628314922
2026-08-08T12:00:00+00:00,PAXGUSD,30m,432,0.013839234229047717,0.0023065390381606346,0.02998500749625607,0.04613078076346442,0.650000000000091,0,1,-0.006676336344293884,0.12633546370852855,0.0384703917227113,0.29939390275103506,0.26137304685258705,0.7434143191276235,0.9576710146533816,1.2856438046565017,0.00045146728067005186,0.0022290265512987574,0.006962979678007944,1,49.92658296837063,-0.07341703162936852,0.4905491165791318,0.646165212562815,-0.1556160959836832,-0.03173402738990061,14.219951672312758,2.061142953156854,0.04754106684711923,0.38834852502169354,0.0012703104163774726,0.02,1,1,13,1,24,1,1,0.2640987198708296,-0.02537192941991382,1,1,0.04959058932071587,-0.08072886633606273,1,1,0.08995502248874723,-0.03459808557259832,,,-1,-0.020758851343550596,-1,1,1,1,1,100,1,1,1,4,12,5,8,8,0.0003921116364894056,0.0005074385883980667,0.0002306539038173221,0.0007842232729788112,NEUTRAL,0.0006688963210701502,0.0001614577326720835,0.0008534194441240498,0.0001614577326720835,0.0014761849844307775,0.0001614577326720835,0.0014761849844307775,0.0001614577326720835
2026-08-08T12:30:00+00:00,PAXGUSD,30m,434,0.034586916922225555,0.006917383384449306,0.0,0.04150430030667486,0.8333333333332491,1,0,0.02394196974364342,0.041739461222277896,0.06660287819143038,0.24746050000248943,0.28272971001996,0.6990494796364146,0.9703873083909992,1.252384354550486,0.00042660908447786957,0.0021612683182852957,0.006876575983710392,1,54.66552147509209,4.665521475092092,0.4480761657378025,0.5675148576079174,-0.11943869187011491,-0.02035202909572853,13.357824076033992,1.96547530144646,0.0453198206425433,0.6197055598887199,0.0011655267154839911,0.01,1,1,15,1,26,1,0,0.29629458830038635,,1,1,0.0818557033825837,-0.048421683691124165,1,1,0.057644861537042597,-0.06686803938296101,,,1,0.009223177845918426,-1,1,1,1,1,100,1,1,1,4,12,5,8,8,0.00029975327999266343,0.00034586916922225557,0.00016140561230388703,0.0005072747815261426,NEUTRAL,0.00034586916922225557,6.917383384428334e-05,0.0007839701169039051,0.00018446355691836852,0.001152897230740852,0.00034586916922225557,0.001152897230740852,0.00034586916922225557
2026-08-08T13:00:00+00:00,PAXGUSD,30m,436,0.010374161421947532,0.0023053692048865485,0.014984899831699662,0.027664430458533742,0.9166666666663509,1,0,0.035487028177729946,0.40831733673803683,0.07884246604330163,0.3864485430622153,0.28949201729603197,0.7521207675627011,0.9691653681699174,1.2682030846908674,0.0004335543786557168,0.0021064955125273035,0.006796733508738854,1,57.23812829036391,7.23812829036391,0.5860522119810412,0.5621499247657535,0.023902287215287643,0.2190650151647633,13.724613210448462,1.8467618670635164,0.042574679370715275,0.7357270177359929,0.0011249782354777163,0.01,1,1,17,1,28,1,0,0.032275168868306836,,1,1,0.10028356041218743,-0.029969799663420293,1,1,0.039191276482924545,-0.08529866058048778,,,1,0.027664430458533742,-1,1,1,1,1,100,1,1,1,4,13,5,8,8,-2.305369204865581e-05,0.0007607718376098352,0.00013832215229277355,0.0012633423242733414,NEUTRAL,0.0003458053807317242,0.00018442953639029484,0.0007607718376098352,0.00036885907278038,0.0009682550660487858,0.000530234917122019,0.0015215436752196703,0.000530234917122019
2026-08-08T13:30:00+00:00,PAXGUSD,30m,438,0.006686033107390686,0.009222114630897444,0.004841610181215391,0.020749757919503523,0.5555555555552187,1,0,0.023786929444488944,0.36962031419989216,0.06657401569210121,0.37195807454554597,0.27160386597554054,0.7304318834312653,0.9433059529365885,1.2470411711801717,0.00042787086247612276,0.002050298502834393,0.006717020869610481,1,55.78303005334799,5.783030053347993,0.6172732723207446,0.578980388148251,0.038292884172493546,0.08365490275643717,14.275003636210574,1.7428712017027164,0.04018239502242626,0.6424303204426585,0.0011008929193576324,0.01,1,1,19,1,30,1,0,0.02536081523494176,,1,1,0.09337391063769246,-0.036888458523547836,1,1,0.04611057315442431,-0.07838797436251295,,,1,0.020749757919482553,-1,1,1,1,1,100,1,1,1,4,13,5,8,8,0.00020749757919503523,-0.00011527643288606078,0.0004380504449671568,0.0012219301885922863,NEUTRAL,0.0006686033107392783,6.916585973146872e-05,0.001037487895974547,0.0002997187255035903,0.001037487895974547,0.0004611057315442431,0.0015908147738277645,0.0004611057315442431
2026-08-08T14:00:00+00:00,PAXGUSD,30m,440,0.011524454893283546,0.013829345871927677,0.0023048909786650943,0.02765869174387632,0.5000000000003789,1,0,0.042902126084706865,0.4789862435964096,0.08731719992297618,0.4170977843077708,0.2876346956568733,0.7392180070110044,0.9515731823105601,1.241203866732576,0.0004441507383826931,0.002003174957338971,0.006639384866536868,1,60.05743127710124,10.057431277101237,0.7689251624251483,0.634542868526777,0.1343822938983713,0.10535332454087509,15.547974946646507,1.6548226177946763,0.03814185723032029,0.8430232558140478,0.001189809146311904,0.01,1,1,0,1,32,1,0,0.016134236850613735,,1,1,0.05070760153046438,-0.009219563914618452,1,1,0.018439127829236904,-0.10602498501821701,-1,0,1,0.05301249250912947,-1,1,1,1,1,100,1,1,1,4,14,5,8,8,-6.91467293597432e-05,-0.0002535380076523219,-2.3048909786650943e-05,0.0008989074816760328,NEUTRAL,0.00039183146637159866,0.0005762227446641774,0.0007606140229565463,0.0005762227446641774,0.0007606140229565463,0.0007375651131703147,0.0013137878578342824,0.0007375651131703147
2026-08-08T14:30:00+00:00,PAXGUSD,30m,442,0.0,0.0023053692048865485,0.009221476819504257,0.011526846024390807,0.7999999999992724,0,0,0.01834090800671658,0.36170982752537384,0.06155374802640096,0.37295339489446633,0.2565233526712458,0.7042128895900532,0.9126093769700109,1.2136213045832847,0.0004321284001968438,0.0019496960464484483,0.006560860242987652,1,55.44402666850603,5.444026668506027,0.7224726155973258,0.6695067326721424,0.05296588292518334,-0.03490174469054863,15.720038031595683,1.5686990939147614,0.036164305828313655,0.6879244220496344,0.0011104434899584551,0.01,1,1,2,1,34,1,1,0.032275168868306836,-0.004610738409752129,1,1,0.029969799663420293,-0.029969799663420293,1,1,0.039191276482924545,-0.08529866058048778,-1,2,1,0.023053692048781615,-1,1,1,1,1,100,1,1,1,4,14,5,8,8,0.0006916107614634484,-0.0002766443045853374,0.00029969799663420293,0.0006916107614634484,NEUTRAL,0.0009682550660487858,0.00036885907278038,0.0009682550660487858,0.00039191276482924547,0.0009682550660487858,0.000530234917122019,0.0015215436752196703,0.000530234917122019
2026-08-08T15:00:00+00:00,PAXGUSD,30m,444,0.0,0.027659966808056605,0.05301493638205958,0.08067490319011618,0.6571428571426493,0,0,0.028417953259947077,0.34643366833643086,0.07179264947163225,0.3643449062446962,0.2619718704923309,0.6866180306706156,0.9102322089347205,1.1945946209953036,0.0004337469621168516,0.0019017922102069866,0.0064826033844238955,1,58.27747290079405,8.277472900794052,0.7637291220307816,0.7005738995213113,0.06315522250947025,-0.023734351146807664,16.992375798344774,1.7750517697530583,0.040914894194934964,0.8056943636828191,0.0011653762158798607,0.07,1,1,4,1,36,1,0,0.04840494191407809,,1,0,0.04609994468006639,,1,0,0.023049972340033194,-0.10141987829613767,-1,1,1,0.005762493085008299,-1,1,1,1,1,100,1,1,1,4,15,5,8,8,-0.00032269961276038087,-0.00018439977872009784,2.304997234011705e-05,0.00023049972340033194,NEUTRAL,0.0008067490319011618,0.0004148995021204298,0.0008067490319011618,0.0006914991702009958,0.0008067490319011618,0.0006914991702009958,0.0013599483680620842,0.0006914991702009958
2026-08-08T15:30:00+00:00,PAXGUSD,30m,446,0.06219765031098406,0.0,0.0,0.06219765031098406,1.0,1,0,0.07763717352016096,0.5924320958492899,0.1238646113156766,0.46481819296150206,0.3103014439847518,0.7248057365550267,0.9509946419659335,1.203716283904214,0.00046227437795515636,0.0018643683266907523,0.006406931979811817,1,67.44093190294325,17.440931902943248,0.9656064405744473,0.7632515083615694,0.20235493221287792,0.14124148732567354,18.084733012140823,1.7565497402462467,0.04046417277692344,1.1460733041116784,0.0013346713835092595,0.08,1,1,0,1,38,1,0,0.10826998387470002,,1,0,0.07141211702373564,,1,0,-0.01382170006911688,-0.1612531674729325,,,1,0.06450126698915624,-1,1,1,1,1,100,1,1,1,4,15,5,8,8,-0.0009675190048375531,-0.0006219765031098406,-0.0005298318359825344,-0.0005067956692006031,NEUTRAL,0.0002073255010365437,0.0010135913384012062,0.0002073255010365437,0.0012900253397835437,0.0002073255010365437,0.0012900253397835437,0.0007601935038010094,0.0012900253397835437
2026-08-08T16:00:00+00:00,PAXGUSD,30m,448,0.08762018953630894,0.002305794461490092,0.006917383384428335,0.09684336738222736,0.07142857142840128,0,1,-0.021324524539378713,0.5498140285753834,0.023878736771873976,0.46083371061104117,0.20588452508278546,0.7133046783628743,0.8395160200513161,1.1886084146153735,0.0004520326131125269,0.001820057883109115,0.006336314949685304,1,48.028442333482545,-1.9715576665174552,0.873606090442081,0.8377558834792168,0.03585020696286423,-0.012505296185289949,18.396341348916504,1.9140658474572099,0.04413442429978118,0.35915848967171804,0.001260385919409871,0.14,1,1,1,1,40,1,0,0.013834766768898612,,1,0,0.011528972307408519,,1,0,0.08070280615185964,-0.06686803938296101,-1,0,-1,-0.029975327999287312,-1,1,1,1,1,100,1,1,1,4,16,5,8,8,0.0001383476676889861,0.0005533906707557348,0.0004842168369112417,0.0010376075076667668,NEUTRAL,0.0004842168369112417,0.00020752150153326946,0.0005533906707557348,0.00034586916922225557,0.0005533906707557348,0.00034586916922225557,0.0017062879014965865,0.00034586916922225557
2026-08-08T16:30:00+00:00,PAXGUSD,30m,450,0.00922190201728268,0.0,0.011527377521613834,0.020749279538896513,1.0,1,0,-0.005136934685468324,-0.19935858431836095,0.03524309086244904,0.14919713155632053,0.21129823684111898,0.5443289042887045,0.8364510233354652,1.093826435662777,0.0004038002554791737,0.0017605514597866996,0.006251527864943463,1,50.43366786993622,0.4336678699362224,0.5982595584973751,0.7680293825678557,-0.16976982407048058,-0.4319371175782053,16.45442132286286,1.853964939899327,0.04274270754811128,0.46607211831494266,0.0012570627948487992,0.13,1,1,3,1,42,1,1,0.02766570605188997,-0.050720461095096675,1,0,0.02536023054755882,,1,0,0.06685878962535184,-0.08069164265129683,-1,2,-1,-0.034582132564841495,-1,1,1,1,1,100,1,1,1,4,16,5,8,8,4.61095100864134e-05,0.00023054755043227666,0.0005302593659942782,0.00096829971181552,NEUTRAL,0.0002997118155620016,0.00048414985590786484,0.00041498559077813993,0.00048414985590786484,0.0005302593659942782,0.00048414985590786484,0.0015677233429395232,0.00048414985590786484
2026-08-08T17:00:00+00:00,PAXGUSD,30m,452,0.006918021445870677,0.04612014297244321,0.011530035743110803,0.0645682001614247,0.17857142857141697,0,1,-0.023678983393650453,-0.2194295894305469,0.010993070566860252,0.11434921678846877,0.1807695372279597,0.5111427890324194,0.7974055146706133,1.0662067938592372,0.0003467205396051071,0.0016977646666109945,0.006166359774426536,1,46.43954903786411,-3.5604509621358886,0.3133658222914164,0.6269869615102897,-0.31362113921887325,-0.204484959643908,14.850455209169999,1.891428953280531,0.04361648687375835,0.2486877370322422,0.001164993545663069,0.15,1,1,5,1,44,1,1,0.0046120142972611,-0.07379222875590495,1,0,0.00230600714863055,,1,0,0.08993427879625589,-0.057650178715554015,-1,4,-1,-0.057650178715554015,-1,1,1,1,1,100,1,1,1,4,17,5,8,8,0.00027672085783461735,0.0005765017871555402,0.0005534417156692347,0.0013836042891732965,NEUTRAL,0.0005765017871555402,0.00025366078634852157,0.000645682001614247,0.00025366078634852157,0.000760982359045355,0.00025366078634852157,0.0017986855759253273,0.00025366078634852157
2026-08-08T17:30:00+00:00,PAXGUSD,30m,454,0.006916267060129608,0.004610844706746083,0.04380302471414021,0.055330136481015896,0.9166666666667614,1,0,0.0015793491627328728,-0.10343329202805762,0.033641718600464235,0.13692905402149336,0.1980471811442343,0.5069415229190781,0.8062976807063629,1.0530545096307833,0.0003206236943773136,0.001644054625437701,0.006082504995621285,1,51.2840781561598,1.2840781561598007,0.25638080605403957,0.4971433828938137,-0.24076257683977415,0.00978596817161742,13.190374747077142,1.908425985226583,0.043997279261033355,0.43103682927248854,0.0010362485494436943,0.18,1,1,7,1,46,1,1,0.3123847288823354,-0.04841386942086532,1,0,0.09798045001844337,,1,0,0.027665068240497463,-0.08299520472151337,,,1,0.0034581335300543203,-1,1,1,1,1,100,1,1,1,4,17,5,8,8,0.0002305422353375138,0.00020748801180367856,0.00034581335300627074,0.0008760604942823848,NEUTRAL,0.00039192180007373154,6.916267060129608e-05,0.00039192180007373154,6.916267060129608e-05,0.0005071929177424884,6.916267060129608e-05,0.0015446329767613005,6.916267060129608e-05
2026-08-08T18:00:00+00:00,PAXGUSD,30m,456,0.013830302192111281,0.016135352557449186,0.009220201461393546,0.039185856210954016,0.58823529411771,1,0,0.015692668501981533,0.09492195369057299,0.04646562258091961,0.2029860279535569,0.20602178371745278,0.5261968303238973,0.806156356553188,1.0519841497944071,0.00030772954078938075,0.0015955616113653317,0.006001345728357352,1,54.49925221178301,4.499252211783009,0.2792625615857105,0.4130534428435316,-0.13379088125782113,0.14482085636830833,12.07625039099645,1.780224446445345,0.04103507010684703,0.5760445641208319,0.0010306832044420084,0.11,1,1,9,1,48,1,1,0.3284696770624438,-0.03227070511489837,1,0,0.11409999308484471,,1,0,0.011525251826752413,,-1,0,1,0.0276606043842016,-1,1,1,1,1,100,1,1,0,3,18,5,8,8,-4.6101007306967725e-05,9.220201461393545e-05,0.0011248645782910608,0.000553212087684032,NEUTRAL,0.00023050503653504828,0.00016135352557449187,0.00023050503653504828,0.00023050503653504828,0.0013830302192102896,0.00023050503653504828,0.0013830302192102896,0.00023050503653504828
2026-08-08T18:30:00+00:00,PAXGUSD,30m,458,0.032263268269088236,0.0,0.0023045191620642566,0.03456778743115249,1.0,1,0,0.03488482909854958,0.23870028408691724,0.06554526751867928,0.25389060096676985,0.2207549072632132,0.539187837859572,0.8129632583972078,1.048058818248137,0.00030660438420129695,0.0015520963974453392,0.005922083511339946,1,58.28523531215643,8.28523531215643,0.3623102158635447,0.3777598067737548,-0.015449590910210087,0.1871192880330974,11.978274608952512,1.6957037318840105,0.03907781743331898,0.7692061549811888,0.0010446655875976352,0.07,1,1,0,1,50,1,1,0.351439172216717,-0.009218076648298946,1,0,0.03341552785010988,,1,0,-0.011522595810384163,,-1,2,1,0.050699421565686124,-1,1,1,1,1,100,1,1,0,3,18,5,8,8,-0.00023045191620768327,-6.91355748623469e-05,0.0007835365151060392,0.00018436153296618854,NEUTRAL,0.0,0.00046090383241536654,0.0,0.00046090383241536654,0.0011522595810384163,0.00046090383241536654,0.0011522595810384163,0.00046090383241536654
